g Building_01Building_01_mobile
v -8.96730581 -3.81142227 -7.98146593
v -9.12315115 -3.90233205 -8.02928211
v -9.03106072 -3.90410302 -8.11960157
v 9.08005755 -3.90233205 -8.11960157
v 9.01453167 -3.81142227 -7.98146593
v 9.17037701 -3.90410302 -8.02751114
v -8.96730581 -3.81142227 -7.98146593
v -6.86457428 -3.81142227 -6.10837015
v -6.86398395 -3.81142227 6.15441537
v -8.96730581 -3.81142227 8.02692082
v 6.91180014 -3.81142227 6.15441537
v 9.01453167 -3.81142227 8.02692082
v 6.91180014 -3.81142227 -6.10837015
v -6.67862244 -3.90410302 6.07177011
v -6.7713032 -3.9035127 5.97967968
v 6.72584831 -3.90410302 6.07177011
v 6.81852906 -3.90469334 5.97849903
v 6.72466766 -3.90528367 -6.02631522
v 6.81852906 -3.9035127 -5.93422479
v -6.67862244 -3.90410302 -6.02631522
v -6.7713032 -3.90469334 -5.93304414
v -8.96730581 -4.42240686 -7.98146593
v -9.03283169 -4.33149708 -8.11960157
v -9.12315115 -4.32972611 -8.02751114
v -8.96730581 -4.42240686 -7.98146593
v 9.07769626 -4.32972611 -8.11960157
v 9.01453167 -4.42240686 -7.98146593
v 9.17037701 -4.33149708 -8.02928211
v 6.86929686 -4.42240686 -6.07117979
v -6.82266132 -4.42240686 -6.07117979
v 6.86929686 -4.42240686 6.11663468
v -8.96730581 -4.42240686 8.02692082
v 9.01453167 -4.42240686 8.02692082
v -6.82266132 -4.42240686 6.11604436
v -6.82266132 -4.42240686 -6.07117979
v -6.7713032 -4.33031643 -5.93422479
v -6.67803212 -4.32854546 -6.02631522
v 6.86929686 -4.42240686 -6.07117979
v 6.72584831 -4.32972611 -6.02631522
v 6.81852906 -4.32913578 -5.93304414
v 6.86929686 -4.42240686 6.11663468
v 6.81852906 -4.33031643 5.97967968
v 6.72466766 -4.32854546 6.07177011
v -6.67862244 -4.32972611 6.07177011
v -6.7713032 -4.33031643 5.97967968
v -6.82266132 -4.42240686 6.11604436
v -10.4714495 6.32797041 10.5121818
v -10.6025013 6.40825438 10.5623593
v -10.5204464 6.41002535 10.6432336
v -10.4714495 6.32797041 -10.4295366
v -10.521627 6.40825438 -10.5605883
v -10.6025013 6.41002535 -10.4779431
v -10.4714495 6.32797041 -10.4295366
v 10.5186754 6.41002535 -10.5605883
v 10.4702689 6.32797041 -10.4295366
v 10.6013206 6.40825438 -10.4797141
v -5.36928541 6.29373166 5.49266297
v -5.45193066 6.29373166 5.41001771
v -5.49502426 6.37519628 5.53516625
v -5.45193066 6.29373166 -5.32737245
v -5.36928541 6.29373166 -5.41001771
v -5.49443394 6.37519628 -5.45311131
v 5.36810476 6.29373166 -5.41001771
v 5.45075002 6.29373166 -5.32737245
v 5.49384362 6.37519628 -5.45252099
v 5.45075002 6.29373166 5.41001771
v 5.36810476 6.29373166 5.49266297
v 5.49325329 6.37519628 5.53575657
v -12.3610743 8.13672095 -11.9572932
v -12.3811453 8.25124366 -12.0718159
v -12.4956681 8.2394372 -11.9667384
v -12.3610743 8.13672095 11.1621278
v -12.3811453 8.25124366 11.047605
v -12.4956681 8.2394372 11.1520923
v 3.88344171 7.06705516 10.7896338
v 5.31202405 7.06705516 10.7896338
v 5.31202405 6.94308727 10.6656659
v 3.88344171 6.94308727 10.6656659
v 3.88344171 8.61960539 10.6656659
v 5.31202405 8.61960539 10.6656659
v 5.31202405 8.4956375 10.7896338
v 3.88344171 8.4956375 10.7896338
v 3.88344171 8.4956375 -10.7069885
v 5.31202405 8.4956375 -10.7069885
v 5.31202405 8.61960539 -10.5830206
v 3.88344171 8.61960539 -10.5830206
v 3.88344171 6.94308727 -10.5830206
v 5.31202405 6.94308727 -10.5830206
v 5.31202405 7.06705516 -10.7069885
v 3.88344171 7.06705516 -10.7069885
v 5.43599194 8.4956375 -10.5830206
v 5.31202405 8.61960539 10.6656659
v 5.31202405 8.61960539 -10.5830206
v 5.43599194 8.4956375 10.6656659
v 5.31202405 8.4956375 10.7896338
v 5.31202405 7.06705516 10.7896338
v 5.43599194 7.06705516 10.6656659
v 5.31202405 6.94308727 10.6656659
v 5.31202405 6.94308727 -10.5830206
v 5.43599194 7.06705516 -10.5830206
v 5.31202405 8.4956375 -10.7069885
v 5.31202405 8.61960539 -10.5830206
v 5.31202405 7.06705516 -10.7069885
v 5.31202405 6.94308727 -10.5830206
v -5.36456282 7.06705516 10.7896338
v -3.93598048 7.06705516 10.7896338
v -3.93598048 6.94308727 10.6656659
v -5.36456282 6.94308727 10.6656659
v -5.36456282 8.61960539 10.6656659
v -3.93598048 8.61960539 10.6656659
v -3.93598048 8.4956375 10.7896338
v -5.36456282 8.4956375 10.7896338
v -5.36456282 8.4956375 -10.7069885
v -3.93598048 8.4956375 -10.7069885
v -3.93598048 8.61960539 -10.5830206
v -5.36456282 8.61960539 -10.5830206
v -5.36456282 6.94308727 -10.5830206
v -3.93598048 6.94308727 -10.5830206
v -3.93598048 7.06705516 -10.7069885
v -5.36456282 7.06705516 -10.7069885
v -3.81201259 8.4956375 -10.5830206
v -3.93598048 8.61960539 10.6656659
v -3.93598048 8.61960539 -10.5830206
v -3.81201259 8.4956375 10.6656659
v -3.93598048 8.4956375 10.7896338
v -3.93598048 7.06705516 10.7896338
v -3.81201259 7.06705516 10.6656659
v -3.93598048 6.94308727 10.6656659
v -3.93598048 6.94308727 -10.5830206
v -3.81201259 7.06705516 -10.5830206
v -3.93598048 8.4956375 -10.7069885
v -3.93598048 8.61960539 -10.5830206
v -3.93598048 7.06705516 -10.7069885
v -3.93598048 6.94308727 -10.5830206
v 3.88344171 7.06705516 -10.7069885
v 5.31202405 7.06705516 -10.7069885
v 5.31202405 8.4956375 -10.7069885
v 3.88344171 8.4956375 -10.7069885
v 5.31202405 7.06705516 10.7896338
v 3.88344171 7.06705516 10.7896338
v 3.88344171 8.4956375 10.7896338
v 5.31202405 8.4956375 10.7896338
v 3.88344171 6.94308727 -10.5830206
v 3.88344171 6.94308727 10.6656659
v 5.31202405 6.94308727 10.6656659
v 5.31202405 6.94308727 -10.5830206
v 5.31202405 8.61960539 -10.5830206
v 5.31202405 8.61960539 10.6656659
v 3.88344171 8.61960539 10.6656659
v 3.88344171 8.61960539 -10.5830206
v -5.36456282 7.06705516 -10.7069885
v -3.93598048 7.06705516 -10.7069885
v -3.93598048 8.4956375 -10.7069885
v -5.36456282 8.4956375 -10.7069885
v -3.93598048 7.06705516 10.7896338
v -5.36456282 7.06705516 10.7896338
v -5.36456282 8.4956375 10.7896338
v -3.93598048 8.4956375 10.7896338
v -5.36456282 6.94308727 -10.5830206
v -5.36456282 6.94308727 10.6656659
v -3.93598048 6.94308727 10.6656659
v -3.93598048 6.94308727 -10.5830206
v -3.93598048 8.61960539 -10.5830206
v -3.93598048 8.61960539 10.6656659
v -5.36456282 8.61960539 10.6656659
v -5.36456282 8.61960539 -10.5830206
v 7.66505265 12.2583581 13.3734788
v 7.81499476 11.3321409 13.3734788
v -7.7677689 11.3321409 13.3734788
v 7.22171986 13.1485656 13.3734788
v 6.50211578 13.9697053 13.3734788
v 5.53280495 14.688719 13.3734788
v 4.35215839 15.2796327 13.3734788
v 3.00504066 15.7182429 13.3734788
v 1.54340022 15.9880206 13.3734788
v 0.0233177696 16.0795207 13.3734788
v -1.49676468 15.9880206 13.3734788
v -2.95840512 15.7182429 13.3734788
v -4.30552285 15.2796327 13.3734788
v -5.48616942 14.688719 13.3734788
v -6.45488992 13.9697053 13.3734788
v -7.17508432 13.1485656 13.3734788
v -7.61841711 12.2583581 13.3734788
v -7.7677689 11.3321409 -13.3280239
v 7.81499476 11.3321409 -13.3280239
v 7.66505265 12.2583581 -13.3280239
v 7.22171986 13.1485656 -13.3280239
v 6.50211578 13.9697053 -13.3280239
v 5.53280495 14.688719 -13.3280239
v 4.35215839 15.2796327 -13.3280239
v 3.00504066 15.7182429 -13.3280239
v 1.54340022 15.9880206 -13.3280239
v 0.0233177696 16.0795207 -13.3280239
v -1.49676468 15.9880206 -13.3280239
v -2.95840512 15.7182429 -13.3280239
v -4.30552285 15.2796327 -13.3280239
v -5.48616942 14.688719 -13.3280239
v -6.45488992 13.9697053 -13.3280239
v -7.17508432 13.1485656 -13.3280239
v -7.61841711 12.2583581 -13.3280239
v 8.22822106 -14.2040636 -9.210519
v 9.22055449 -14.2040636 -9.210519
v 9.22055449 -9.92362952 -9.210519
v 8.22822106 -9.92362952 -9.210519
v 9.22055449 -14.2040636 -8.01747565
v 8.22822106 -14.2040636 -8.01747565
v 8.22822106 -9.92362952 -8.01747565
v 9.22055449 -9.92362952 -8.01747565
v 5.12016898 -14.2040636 -8.06883377
v 4.12783554 -14.2040636 -8.06883377
v 4.12783554 -9.92362952 -8.06883377
v 5.12016898 -9.92362952 -8.06883377
v 4.12783554 -14.2040636 -9.26187712
v 5.12016898 -14.2040636 -9.26187712
v 5.12016898 -9.92362952 -9.26187712
v 4.12783554 -9.92362952 -9.26187712
v 5.22052394 -14.2040636 -9.16152216
v 5.22052394 -14.2040636 -8.16918873
v 5.22052394 -9.92362952 -8.16918873
v 5.22052394 -9.92362952 -9.16152216
v 5.12016898 -9.92362952 -9.26187712
v 5.12016898 -14.2040636 -9.26187712
v 0.489082839 -14.2040636 -8.06883377
v -0.502660274 -14.2040636 -8.06883377
v -0.502660274 -9.92362952 -8.06883377
v 0.489082839 -9.92362952 -8.06883377
v -0.502660274 -14.2040636 -9.26187712
v 0.489082839 -14.2040636 -9.26187712
v 0.489082839 -9.92362952 -9.26187712
v -0.502660274 -9.92362952 -9.26187712
v 0.589437796 -14.2040636 -9.16152216
v 0.589437796 -14.2040636 -8.16918873
v 0.589437796 -9.92362952 -8.16918873
v 0.589437796 -9.92362952 -9.16152216
v 0.489082839 -9.92362952 -9.26187712
v 0.489082839 -14.2040636 -9.26187712
v -4.1343291 -14.2040636 -8.06883377
v -5.12666254 -14.2040636 -8.06883377
v -5.12666254 -9.92362952 -8.06883377
v -4.1343291 -9.92362952 -8.06883377
v -5.12666254 -14.2040636 -9.26187712
v -4.1343291 -14.2040636 -9.26187712
v -4.1343291 -9.92362952 -9.26187712
v -5.12666254 -9.92362952 -9.26187712
v -4.03397414 -14.2040636 -9.16152216
v -4.03397414 -14.2040636 -8.16918873
v -4.03397414 -9.92362952 -8.16918873
v -4.03397414 -9.92362952 -9.16152216
v -4.1343291 -9.92362952 -9.26187712
v -4.1343291 -14.2040636 -9.26187712
v -9.17332863 -14.2040636 -9.210519
v -8.18158552 -14.2040636 -9.210519
v -8.18158552 -9.92362952 -9.210519
v -9.17332863 -9.92362952 -9.210519
v -8.18158552 -14.2040636 -8.01747565
v -9.17332863 -14.2040636 -8.01747565
v -9.17332863 -9.92362952 -8.01747565
v -8.18158552 -9.92362952 -8.01747565
v 8.22822106 -14.2040636 -5.16916581
v 9.22055449 -14.2040636 -5.16916581
v 9.22055449 -9.92362952 -5.16916581
v 8.22822106 -9.92362952 -5.16916581
v 9.22055449 -14.2040636 -3.97612246
v 8.22822106 -14.2040636 -3.97612246
v 8.22822106 -9.92362952 -3.97612246
v 9.22055449 -9.92362952 -3.97612246
v 8.22822106 -14.2040636 -0.54516355
v 9.22055449 -14.2040636 -0.54516355
v 9.22055449 -9.92362952 -0.54516355
v 8.22822106 -9.92362952 -0.54516355
v 9.22055449 -14.2040636 0.647289478
v 8.22822106 -14.2040636 0.647289478
v 8.22822106 -9.92362952 0.647289478
v 9.22055449 -9.92362952 0.647289478
v 8.22822106 -14.2040636 4.08533227
v 9.22055449 -14.2040636 4.08533227
v 9.22055449 -9.92362952 4.08533227
v 8.22822106 -9.92362952 4.08533227
v 9.22055449 -14.2040636 5.27837562
v 8.22822106 -14.2040636 5.27837562
v 8.22822106 -9.92362952 5.27837562
v 9.22055449 -9.92362952 5.27837562
v 8.22822106 -14.2040636 8.11487899
v 9.22055449 -14.2040636 8.11487899
v 9.22055449 -9.92362952 8.11487899
v 8.22822106 -9.92362952 8.11487899
v 9.22055449 -14.2040636 9.30733202
v 8.22822106 -14.2040636 9.30733202
v 8.22822106 -9.92362952 9.30733202
v 9.22055449 -9.92362952 9.30733202
v 5.12016898 -14.2040636 9.28135779
v 4.12783554 -14.2040636 9.28135779
v 4.12783554 -9.92362952 9.28135779
v 5.12016898 -9.92362952 9.28135779
v 4.12783554 -14.2040636 8.08831444
v 5.12016898 -14.2040636 8.08831444
v 5.12016898 -9.92362952 8.08831444
v 4.12783554 -9.92362952 8.08831444
v 5.22052394 -14.2040636 8.1886694
v 5.22052394 -14.2040636 9.18100283
v 5.22052394 -9.92362952 9.18100283
v 5.22052394 -9.92362952 8.1886694
v 5.12016898 -9.92362952 8.08831444
v 5.12016898 -14.2040636 8.08831444
v 0.489082839 -14.2040636 9.28135779
v -0.502660274 -14.2040636 9.28135779
v -0.502660274 -9.92362952 9.28135779
v 0.489082839 -9.92362952 9.28135779
v -0.502660274 -14.2040636 8.08831444
v 0.489082839 -14.2040636 8.08831444
v 0.489082839 -9.92362952 8.08831444
v -0.502660274 -9.92362952 8.08831444
v 0.589437796 -14.2040636 8.1886694
v 0.589437796 -14.2040636 9.18100283
v 0.589437796 -9.92362952 9.18100283
v 0.589437796 -9.92362952 8.1886694
v 0.489082839 -9.92362952 8.08831444
v 0.489082839 -14.2040636 8.08831444
v -4.1343291 -14.2040636 9.28135779
v -5.12666254 -14.2040636 9.28135779
v -5.12666254 -9.92362952 9.28135779
v -4.1343291 -9.92362952 9.28135779
v -5.12666254 -14.2040636 8.08831444
v -4.1343291 -14.2040636 8.08831444
v -4.1343291 -9.92362952 8.08831444
v -5.12666254 -9.92362952 8.08831444
v -4.03397414 -14.2040636 8.1886694
v -4.03397414 -14.2040636 9.18100283
v -4.03397414 -9.92362952 9.18100283
v -4.03397414 -9.92362952 8.1886694
v -4.1343291 -9.92362952 8.08831444
v -4.1343291 -14.2040636 8.08831444
v -9.17332863 -14.2040636 8.11487899
v -8.18158552 -14.2040636 8.11487899
v -8.18158552 -9.92362952 8.11487899
v -9.17332863 -9.92362952 8.11487899
v -8.18158552 -14.2040636 9.30733202
v -9.17332863 -14.2040636 9.30733202
v -9.17332863 -9.92362952 9.30733202
v -8.18158552 -9.92362952 9.30733202
v -9.17332863 -14.2040636 4.08533227
v -8.18158552 -14.2040636 4.08533227
v -8.18158552 -9.92362952 4.08533227
v -9.17332863 -9.92362952 4.08533227
v -8.18158552 -14.2040636 5.27837562
v -9.17332863 -14.2040636 5.27837562
v -9.17332863 -9.92362952 5.27837562
v -8.18158552 -9.92362952 5.27837562
v -9.17332863 -14.2040636 -0.54516355
v -8.18158552 -14.2040636 -0.54516355
v -8.18158552 -9.92362952 -0.54516355
v -9.17332863 -9.92362952 -0.54516355
v -8.18158552 -14.2040636 0.647289478
v -9.17332863 -14.2040636 0.647289478
v -9.17332863 -9.92362952 0.647289478
v -8.18158552 -9.92362952 0.647289478
v -9.17332863 -14.2040636 -5.16916581
v -8.18158552 -14.2040636 -5.16916581
v -8.18158552 -9.92362952 -5.16916581
v -9.17332863 -9.92362952 -5.16916581
v -8.18158552 -14.2040636 -3.97612246
v -9.17332863 -14.2040636 -3.97612246
v -9.17332863 -9.92362952 -3.97612246
v -8.18158552 -9.92362952 -3.97612246
v 8.1278661 -14.2040636 -8.1178306
v 8.22822106 -9.92362952 -8.01747565
v 8.22822106 -14.2040636 -8.01747565
v 8.1278661 -9.92362952 -8.1178306
v 8.1278661 -9.92362952 -9.11016404
v 8.1278661 -14.2040636 -9.11016404
v 8.22822106 -14.2040636 -9.210519
v 8.22822106 -9.92362952 -9.210519
v 9.32090945 -14.2040636 -9.11016404
v 9.22055449 -9.92362952 -9.210519
v 9.22055449 -14.2040636 -9.210519
v 9.32090945 -9.92362952 -9.11016404
v 9.32090945 -9.92362952 -8.1178306
v 9.32090945 -14.2040636 -8.1178306
v 9.22055449 -14.2040636 -8.01747565
v 9.22055449 -9.92362952 -8.01747565
v 5.12016898 -14.2040636 -8.06883377
v 5.12016898 -9.92362952 -8.06883377
v 5.22052394 -9.92362952 -8.16918873
v 5.22052394 -14.2040636 -8.16918873
v 4.02748059 -14.2040636 -8.16918873
v 4.12783554 -9.92362952 -8.06883377
v 4.12783554 -14.2040636 -8.06883377
v 4.02748059 -9.92362952 -8.16918873
v 4.02748059 -9.92362952 -9.16152216
v 4.02748059 -14.2040636 -9.16152216
v 4.12783554 -14.2040636 -9.26187712
v 4.12783554 -9.92362952 -9.26187712
v 0.489082839 -14.2040636 -8.06883377
v 0.489082839 -9.92362952 -8.06883377
v 0.589437796 -9.92362952 -8.16918873
v 0.589437796 -14.2040636 -8.16918873
v -0.603015232 -14.2040636 -8.16918873
v -0.502660274 -9.92362952 -8.06883377
v -0.502660274 -14.2040636 -8.06883377
v -0.603015232 -9.92362952 -8.16918873
v -0.603015232 -9.92362952 -9.16152216
v -0.603015232 -14.2040636 -9.16152216
v -0.502660274 -14.2040636 -9.26187712
v -0.502660274 -9.92362952 -9.26187712
v -4.1343291 -14.2040636 -8.06883377
v -4.1343291 -9.92362952 -8.06883377
v -4.03397414 -9.92362952 -8.16918873
v -4.03397414 -14.2040636 -8.16918873
v -5.22701749 -14.2040636 -8.16918873
v -5.12666254 -9.92362952 -8.06883377
v -5.12666254 -14.2040636 -8.06883377
v -5.22701749 -9.92362952 -8.16918873
v -5.22701749 -9.92362952 -9.16152216
v -5.22701749 -14.2040636 -9.16152216
v -5.12666254 -14.2040636 -9.26187712
v -5.12666254 -9.92362952 -9.26187712
v -9.27368359 -14.2040636 -8.1178306
v -9.17332863 -9.92362952 -8.01747565
v -9.17332863 -14.2040636 -8.01747565
v -9.27368359 -9.92362952 -8.1178306
v -9.27368359 -9.92362952 -9.11016404
v -9.27368359 -14.2040636 -9.11016404
v -9.17332863 -14.2040636 -9.210519
v -9.17332863 -9.92362952 -9.210519
v -8.08123056 -14.2040636 -9.11016404
v -8.18158552 -9.92362952 -9.210519
v -8.18158552 -14.2040636 -9.210519
v -8.08123056 -9.92362952 -9.11016404
v -8.08123056 -9.92362952 -8.1178306
v -8.08123056 -14.2040636 -8.1178306
v -8.18158552 -14.2040636 -8.01747565
v -8.18158552 -9.92362952 -8.01747565
v 8.1278661 -14.2040636 -4.07706774
v 8.22822106 -9.92362952 -3.97612246
v 8.22822106 -14.2040636 -3.97612246
v 8.1278661 -9.92362952 -4.07706774
v 8.1278661 -9.92362952 -5.06881086
v 8.1278661 -14.2040636 -5.06881086
v 8.22822106 -14.2040636 -5.16916581
v 8.22822106 -9.92362952 -5.16916581
v 9.32090945 -14.2040636 -5.06881086
v 9.22055449 -9.92362952 -5.16916581
v 9.22055449 -14.2040636 -5.16916581
v 9.32090945 -9.92362952 -5.06881086
v 9.32090945 -9.92362952 -4.07706774
v 9.32090945 -14.2040636 -4.07706774
v 9.22055449 -14.2040636 -3.97612246
v 9.22055449 -9.92362952 -3.97612246
v 8.1278661 -14.2040636 0.54693452
v 8.22822106 -9.92362952 0.647289478
v 8.22822106 -14.2040636 0.647289478
v 8.1278661 -9.92362952 0.54693452
v 8.1278661 -9.92362952 -0.444808592
v 8.1278661 -14.2040636 -0.444808592
v 8.22822106 -14.2040636 -0.54516355
v 8.22822106 -9.92362952 -0.54516355
v 9.32090945 -14.2040636 -0.444808592
v 9.22055449 -9.92362952 -0.54516355
v 9.22055449 -14.2040636 -0.54516355
v 9.32090945 -9.92362952 -0.444808592
v 9.32090945 -9.92362952 0.54693452
v 9.32090945 -14.2040636 0.54693452
v 9.22055449 -14.2040636 0.647289478
v 9.22055449 -9.92362952 0.647289478
v 8.1278661 -14.2040636 5.17802066
v 8.22822106 -9.92362952 5.27837562
v 8.22822106 -14.2040636 5.27837562
v 8.1278661 -9.92362952 5.17802066
v 8.1278661 -9.92362952 4.18568723
v 8.1278661 -14.2040636 4.18568723
v 8.22822106 -14.2040636 4.08533227
v 8.22822106 -9.92362952 4.08533227
v 9.32090945 -14.2040636 4.18568723
v 9.22055449 -9.92362952 4.08533227
v 9.22055449 -14.2040636 4.08533227
v 9.32090945 -9.92362952 4.18568723
v 9.32090945 -9.92362952 5.17802066
v 9.32090945 -14.2040636 5.17802066
v 9.22055449 -14.2040636 5.27837562
v 9.22055449 -9.92362952 5.27837562
v 8.1278661 -14.2040636 9.20697706
v 8.22822106 -9.92362952 9.30733202
v 8.22822106 -14.2040636 9.30733202
v 8.1278661 -9.92362952 9.20697706
v 8.1278661 -9.92362952 8.21523394
v 8.1278661 -14.2040636 8.21523394
v 8.22822106 -14.2040636 8.11487899
v 8.22822106 -9.92362952 8.11487899
v 9.32090945 -14.2040636 8.21523394
v 9.22055449 -9.92362952 8.11487899
v 9.22055449 -14.2040636 8.11487899
v 9.32090945 -9.92362952 8.21523394
v 9.32090945 -9.92362952 9.20697706
v 9.32090945 -14.2040636 9.20697706
v 9.22055449 -14.2040636 9.30733202
v 9.22055449 -9.92362952 9.30733202
v 5.12016898 -14.2040636 9.28135779
v 5.12016898 -9.92362952 9.28135779
v 5.22052394 -9.92362952 9.18100283
v 5.22052394 -14.2040636 9.18100283
v 4.02748059 -14.2040636 9.18100283
v 4.12783554 -9.92362952 9.28135779
v 4.12783554 -14.2040636 9.28135779
v 4.02748059 -9.92362952 9.18100283
v 4.02748059 -9.92362952 8.1886694
v 4.02748059 -14.2040636 8.1886694
v 4.12783554 -14.2040636 8.08831444
v 4.12783554 -9.92362952 8.08831444
v 0.489082839 -14.2040636 9.28135779
v 0.489082839 -9.92362952 9.28135779
v 0.589437796 -9.92362952 9.18100283
v 0.589437796 -14.2040636 9.18100283
v -0.603015232 -14.2040636 9.18100283
v -0.502660274 -9.92362952 9.28135779
v -0.502660274 -14.2040636 9.28135779
v -0.603015232 -9.92362952 9.18100283
v -0.603015232 -9.92362952 8.1886694
v -0.603015232 -14.2040636 8.1886694
v -0.502660274 -14.2040636 8.08831444
v -0.502660274 -9.92362952 8.08831444
v -4.1343291 -14.2040636 9.28135779
v -4.1343291 -9.92362952 9.28135779
v -4.03397414 -9.92362952 9.18100283
v -4.03397414 -14.2040636 9.18100283
v -5.22701749 -14.2040636 9.18100283
v -5.12666254 -9.92362952 9.28135779
v -5.12666254 -14.2040636 9.28135779
v -5.22701749 -9.92362952 9.18100283
v -5.22701749 -9.92362952 8.1886694
v -5.22701749 -14.2040636 8.1886694
v -5.12666254 -14.2040636 8.08831444
v -5.12666254 -9.92362952 8.08831444
v -9.27368359 -14.2040636 9.20697706
v -9.17332863 -9.92362952 9.30733202
v -9.17332863 -14.2040636 9.30733202
v -9.27368359 -9.92362952 9.20697706
v -9.27368359 -9.92362952 8.21523394
v -9.27368359 -14.2040636 8.21523394
v -9.17332863 -14.2040636 8.11487899
v -9.17332863 -9.92362952 8.11487899
v -8.08123056 -14.2040636 8.21523394
v -8.18158552 -9.92362952 8.11487899
v -8.18158552 -14.2040636 8.11487899
v -8.08123056 -9.92362952 8.21523394
v -8.08123056 -9.92362952 9.20697706
v -8.08123056 -14.2040636 9.20697706
v -8.18158552 -14.2040636 9.30733202
v -8.18158552 -9.92362952 9.30733202
v -9.27368359 -14.2040636 5.17802066
v -9.17332863 -9.92362952 5.27837562
v -9.17332863 -14.2040636 5.27837562
v -9.27368359 -9.92362952 5.17802066
v -9.27368359 -9.92362952 4.18568723
v -9.27368359 -14.2040636 4.18568723
v -9.17332863 -14.2040636 4.08533227
v -9.17332863 -9.92362952 4.08533227
v -8.08123056 -14.2040636 4.18568723
v -8.18158552 -9.92362952 4.08533227
v -8.18158552 -14.2040636 4.08533227
v -8.08123056 -9.92362952 4.18568723
v -8.08123056 -9.92362952 5.17802066
v -8.08123056 -14.2040636 5.17802066
v -8.18158552 -14.2040636 5.27837562
v -8.18158552 -9.92362952 5.27837562
v -9.27368359 -14.2040636 0.54693452
v -9.17332863 -9.92362952 0.647289478
v -9.17332863 -14.2040636 0.647289478
v -9.27368359 -9.92362952 0.54693452
v -9.27368359 -9.92362952 -0.444808592
v -9.27368359 -14.2040636 -0.444808592
v -9.17332863 -14.2040636 -0.54516355
v -9.17332863 -9.92362952 -0.54516355
v -8.08123056 -14.2040636 -0.444808592
v -8.18158552 -9.92362952 -0.54516355
v -8.18158552 -14.2040636 -0.54516355
v -8.08123056 -9.92362952 -0.444808592
v -8.08123056 -9.92362952 0.54693452
v -8.08123056 -14.2040636 0.54693452
v -8.18158552 -14.2040636 0.647289478
v -8.18158552 -9.92362952 0.647289478
v -9.27368359 -14.2040636 -4.07706774
v -9.17332863 -9.92362952 -3.97612246
v -9.17332863 -14.2040636 -3.97612246
v -9.27368359 -9.92362952 -4.07706774
v -9.27368359 -9.92362952 -5.06881086
v -9.27368359 -14.2040636 -5.06881086
v -9.17332863 -14.2040636 -5.16916581
v -9.17332863 -9.92362952 -5.16916581
v -8.08123056 -14.2040636 -5.06881086
v -8.18158552 -9.92362952 -5.16916581
v -8.18158552 -14.2040636 -5.16916581
v -8.08123056 -9.92362952 -5.06881086
v -8.08123056 -9.92362952 -4.07706774
v -8.08123056 -14.2040636 -4.07706774
v -8.18158552 -14.2040636 -3.97612246
v -8.18158552 -9.92362952 -3.97612246
v -8.89528636 -10.5936464 8.93601867
v 8.89410572 -10.5936464 8.93601867
v 8.89410572 -10.6940014 9.03637363
v -8.89528636 -10.6940014 9.03637363
v -8.89528636 -11.9933029 9.03637363
v 8.89410572 -11.9933029 9.03637363
v 8.89410572 -12.0936579 8.93601867
v -8.89528636 -12.0936579 8.93601867
v -8.89528636 -12.0936579 -8.85337341
v 8.89410572 -12.0936579 -8.85337341
v 8.89410572 -11.9933029 -8.95372837
v -8.89528636 -11.9933029 -8.95372837
v -8.89528636 -10.6940014 -8.95372837
v 8.89410572 -10.6940014 -8.95372837
v 8.89410572 -10.5936464 -8.85337341
v -8.89528636 -10.5936464 -8.85337341
v 8.99446068 -10.6940014 -8.85337341
v 8.89410572 -10.5936464 8.93601867
v 8.89410572 -10.5936464 -8.85337341
v 8.99446068 -10.6940014 8.93601867
v 8.89410572 -10.6940014 9.03637363
v 8.89410572 -11.9933029 9.03637363
v 8.99446068 -11.9933029 8.93601867
v 8.89410572 -12.0936579 8.93601867
v 8.89410572 -12.0936579 -8.85337341
v 8.99446068 -11.9933029 -8.85337341
v 8.89410572 -10.6940014 -8.95372837
v 8.89410572 -10.5936464 -8.85337341
v 8.89410572 -11.9933029 -8.95372837
v 8.89410572 -12.0936579 -8.85337341
v -8.89528636 -10.6940014 -8.95372837
v -8.89528636 -11.9933029 -8.95372837
v 8.89410572 -11.9933029 -8.95372837
v 8.89410572 -10.6940014 -8.95372837
v 8.89410572 -10.6940014 9.03637363
v 8.89410572 -11.9933029 9.03637363
v -8.89528636 -11.9933029 9.03637363
v -8.89528636 -10.6940014 9.03637363
v -8.89528636 -10.5936464 -8.85337341
v 8.89410572 -10.5936464 -8.85337341
v 8.89410572 -10.5936464 8.93601867
v -8.89528636 -10.5936464 8.93601867
v 8.89410572 -12.0936579 -8.85337341
v -8.89528636 -12.0936579 -8.85337341
v -8.89528636 -12.0936579 8.93601867
v 8.89410572 -12.0936579 8.93601867
v 7.86399159 0.642566892 5.64909864
v 7.84982383 0.580582947 5.63493088
v 7.78843021 0.567005512 5.64909864
v 7.78843021 0.642566892 5.68038577
v 7.86399159 1.1626417 5.64909864
v 5.78546332 0.640205599 5.68038577
v 5.77129556 0.565824865 5.64909864
v 5.71167291 0.640205599 5.71108259
v 5.6809761 0.559921632 5.6786148
v 5.78369235 1.16677397 5.68038577
v 5.71108259 1.16618364 5.71108259
v 7.78843021 1.1626417 5.68038577
v 5.76834394 1.24056438 5.65086961
v 5.67979545 1.24587729 5.67979545
v 7.78843021 1.23820308 5.64909864
v 7.84982383 1.22462565 5.63493088
v 7.78843021 0.567005512 5.64909864
v 7.84982383 0.580582947 5.63493088
v 7.86399159 0.567005512 5.57353726
v 7.78843021 0.535718378 5.57353726
v 5.77129556 0.565824865 5.64909864
v 7.78843021 0.535718378 -5.52749204
v 7.86399159 0.567005512 -5.52749204
v 5.7571278 0.535718378 5.57235661
v 7.78843021 0.567005512 -5.60305342
v 7.84982383 0.580582947 -5.58947599
v 5.75358586 0.535718378 -5.53103398
v 5.76834394 0.565234542 -5.60482439
v 5.67684384 0.535718378 -5.54225013
v 5.67979545 0.559331309 -5.63375024
v 5.67802448 0.535718378 5.58593405
v 5.6809761 0.559921632 5.6786148
v 5.58888567 0.535718378 5.67625351
v 5.58888567 0.535718378 -5.6302083
v 5.65145993 0.565234542 -5.72347937
v 5.59951149 0.535718378 5.59892116
v -5.5416598 0.535718378 5.67625351
v 5.59951149 0.535718378 -5.55346627
v -5.55287595 0.535718378 -5.55346627
v -5.55287595 0.535718378 5.59892116
v -5.62961797 0.535718378 5.58770502
v -5.63315991 0.559331309 5.67979545
v -5.7217084 0.565234542 5.65086961
v -5.63138894 0.535718378 -5.53988883
v -5.5416598 0.535718378 -5.6302083
v 5.57766952 0.535718378 -5.70754065
v -5.70695032 0.535718378 5.5770792
v -7.74120435 0.567005512 5.64909864
v -5.70990194 0.535718378 -5.52690172
v -7.74120435 0.535718378 5.57353726
v -7.81676573 0.567005512 5.57353726
v -7.80318829 0.580582947 5.63493088
v -7.81676573 0.567005512 -5.52749204
v -7.74120435 0.535718378 -5.52749204
v -7.74120435 0.567005512 -5.60305342
v -7.80318829 0.580582947 -5.58947599
v -5.72466002 0.565824865 -5.60364375
v -5.63375024 0.559921632 -5.63315991
v -5.60423407 0.565234542 -5.72347937
v -5.53044366 0.535718378 -5.70754065
v -5.6024631 0.567005512 -8.1609242
v -5.52690172 0.535718378 -8.1609242
v -5.52690172 0.567005512 -8.23648558
v -5.58888567 0.580582947 -8.22231782
v 5.57412758 0.567005512 -8.23648558
v 5.57412758 0.535718378 -8.1609242
v 5.64968896 0.567005512 -8.1609242
v 5.63552121 0.580582947 -8.22231782
v 7.86399159 0.567005512 5.57353726
v 7.84982383 0.580582947 5.63493088
v 7.86399159 0.642566892 5.64909864
v 7.89527873 0.642566892 5.57353726
v 7.86399159 0.567005512 -5.52749204
v 7.89527873 1.1626417 5.57353726
v 7.86399159 1.1626417 5.64909864
v 7.89527873 0.642566892 -5.52749204
v 7.86399159 1.23820308 5.57353726
v 7.84982383 1.22462565 5.63493088
v 7.89527873 1.1626417 -5.52749204
v 7.86399159 1.23820308 -5.52749204
v 7.86399159 1.1626417 -5.60305342
v 7.84982383 1.22462565 -5.58947599
v 7.86399159 0.642566892 -5.60305342
v 7.84982383 0.580582947 -5.58947599
v 7.86399159 1.23820308 5.57353726
v 7.84982383 1.22462565 5.63493088
v 7.78843021 1.23820308 5.64909864
v 7.78843021 1.26949022 5.57353726
v 7.86399159 1.23820308 -5.52749204
v 5.75358586 1.26949022 5.5770792
v 5.76834394 1.24056438 5.65086961
v 5.67684384 1.26949022 5.58770502
v 5.67979545 1.24587729 5.67979545
v 5.58888567 1.26949022 5.67625351
v 5.7571278 1.26949022 -5.52690172
v 7.78843021 1.26949022 -5.52749204
v 7.78843021 1.23820308 -5.60305342
v 7.84982383 1.22462565 -5.58947599
v 5.77129556 1.23938373 -5.60364375
v 5.67802448 1.26949022 -5.53988883
v 5.6809761 1.24528696 -5.63315991
v 5.59951149 1.26949022 5.59892116
v 5.58888567 1.26949022 -5.6302083
v 5.65145993 1.23997405 -5.72347937
v -5.55287595 1.26949022 5.59892116
v -5.5416598 1.26949022 5.67625351
v 5.59951149 1.26949022 -5.55346627
v -5.63138894 1.26949022 5.58593405
v -5.63375024 1.24528696 5.6786148
v -5.72466002 1.23938373 5.64909864
v -5.55287595 1.26949022 -5.55346627
v -5.5416598 1.26949022 -5.6302083
v 5.57766952 1.26949022 -5.70754065
v 5.64968896 1.23820308 -8.1609242
v -5.62961797 1.26949022 -5.54225013
v -5.70990194 1.26949022 5.57235661
v -5.53044366 1.26949022 -5.70754065
v 5.57412758 1.26949022 -8.1609242
v 5.57412758 1.23820308 -8.23648558
v 5.63552121 1.22462565 -8.22231782
v -5.52690172 1.23820308 -8.23648558
v -5.52690172 1.26949022 -8.1609242
v -5.6024631 1.23820308 -8.1609242
v -5.58888567 1.22462565 -8.22231782
v -5.60423407 1.23997405 -5.72347937
v -5.63315991 1.24587729 -5.63375024
v -5.7217084 1.24056438 -5.60482439
v -5.70695032 1.26949022 -5.53103398
v -7.74120435 1.23820308 -5.60305342
v -7.74120435 1.26949022 -5.52749204
v -7.81676573 1.23820308 -5.52749204
v -7.80318829 1.22462565 -5.58947599
v -7.81676573 1.23820308 5.57353726
v -7.74120435 1.26949022 5.57353726
v -7.74120435 1.23820308 5.64909864
v -7.80318829 1.22462565 5.63493088
v -7.74120435 0.567005512 5.64909864
v -7.80318829 0.580582947 5.63493088
v -7.81676573 0.642566892 5.64909864
v -7.74120435 0.642566892 5.68038577
v -5.7217084 0.565234542 5.65086961
v -7.74120435 1.1626417 5.68038577
v -7.81676573 1.1626417 5.64909864
v -5.73646649 0.638434629 5.68038577
v -7.74120435 1.23820308 5.64909864
v -7.80318829 1.22462565 5.63493088
v -5.73882778 1.165003 5.68038577
v -5.72466002 1.23938373 5.64909864
v -5.66444705 1.165003 5.71108259
v -5.63375024 1.24528696 5.6786148
v -5.66385672 0.639024952 5.71108259
v -5.63315991 0.559331309 5.67979545
v -7.81676573 0.642566892 5.64909864
v -7.80318829 0.580582947 5.63493088
v -7.81676573 0.567005512 5.57353726
v -7.84805286 0.642566892 5.57353726
v -7.81676573 1.1626417 5.64909864
v -7.84805286 0.642566892 -5.52749204
v -7.81676573 0.567005512 -5.52749204
v -7.81676573 0.642566892 -5.60305342
v -7.80318829 0.580582947 -5.58947599
v -7.84805286 1.1626417 -5.52749204
v -7.81676573 1.1626417 -5.60305342
v -7.84805286 1.1626417 5.57353726
v -7.81676573 1.23820308 -5.52749204
v -7.80318829 1.22462565 -5.58947599
v -7.81676573 1.23820308 5.57353726
v -7.80318829 1.22462565 5.63493088
v -7.74120435 1.23820308 -5.60305342
v -7.80318829 1.22462565 -5.58947599
v -7.81676573 1.1626417 -5.60305342
v -7.74120435 1.1626417 -5.63434056
v -5.7217084 1.24056438 -5.60482439
v -7.74120435 0.642566892 -5.63434056
v -7.81676573 0.642566892 -5.60305342
v -5.73646649 1.16677397 -5.63434056
v -7.74120435 0.567005512 -5.60305342
v -7.80318829 0.580582947 -5.58947599
v -5.73882778 0.640205599 -5.63434056
v -5.72466002 0.565824865 -5.60364375
v -5.66444705 0.640205599 -5.66503737
v -5.63375024 0.559921632 -5.63315991
v -5.66385672 1.16618364 -5.66503737
v -5.63315991 1.24587729 -5.63375024
v 7.78843021 0.567005512 -5.60305342
v 7.84982383 0.580582947 -5.58947599
v 7.86399159 0.642566892 -5.60305342
v 7.78843021 0.642566892 -5.63434056
v 5.76834394 0.565234542 -5.60482439
v 7.78843021 1.1626417 -5.63434056
v 7.86399159 1.1626417 -5.60305342
v 5.78369235 0.638434629 -5.63434056
v 7.78843021 1.23820308 -5.60305342
v 7.84982383 1.22462565 -5.58947599
v 5.78546332 1.165003 -5.63434056
v 5.77129556 1.23938373 -5.60364375
v 5.71167291 1.165003 -5.66503737
v 5.6809761 1.24528696 -5.63315991
v 5.71108259 0.639024952 -5.66503737
v 5.67979545 0.559331309 -5.63375024
v -5.66444705 1.165003 5.71108259
v -5.63375024 1.24528696 5.6786148
v -5.60423407 1.23997405 5.76893427
v -5.63375024 1.165003 5.784873
v -5.66385672 0.639024952 5.71108259
v -5.63375024 1.1626417 8.2063791
v -5.6024631 1.23820308 8.2063791
v -5.6024631 1.1626417 8.28194048
v -5.58888567 1.22462565 8.26836304
v -5.63375024 0.642566892 8.2063791
v -5.6024631 0.642566892 8.28194048
v -5.63375024 0.640205599 5.784873
v -5.6024631 0.567005512 8.2063791
v -5.58888567 0.580582947 8.26836304
v -5.60423407 0.565234542 5.76893427
v -5.63315991 0.559331309 5.67979545
v -5.60423407 1.23997405 5.76893427
v -5.63375024 1.24528696 5.6786148
v -5.5416598 1.26949022 5.67625351
v -5.53044366 1.26949022 5.75299554
v -5.6024631 1.23820308 8.2063791
v 5.57766952 1.26949022 5.75299554
v 5.58888567 1.26949022 5.67625351
v -5.52690172 1.26949022 8.2063791
v 5.65145993 1.23997405 5.76893427
v 5.67979545 1.24587729 5.67979545
v 5.57412758 1.26949022 8.2063791
v 5.64968896 1.23820308 8.2063791
v 5.57412758 1.23820308 8.28194048
v 5.63552121 1.22462565 8.26836304
v -5.52690172 1.23820308 8.28194048
v -5.58888567 1.22462565 8.26836304
v 5.65145993 1.23997405 5.76893427
v 5.67979545 1.24587729 5.67979545
v 5.71108259 1.16618364 5.71108259
v 5.6809761 1.165003 5.784873
v 5.64968896 1.23820308 8.2063791
v 5.6809761 0.640205599 5.784873
v 5.71167291 0.640205599 5.71108259
v 5.6809761 1.1626417 8.2063791
v 5.65145993 0.565234542 5.76893427
v 5.6809761 0.559921632 5.6786148
v 5.6809761 0.642566892 8.2063791
v 5.64968896 0.567005512 8.2063791
v 5.64968896 0.642566892 8.28194048
v 5.63552121 0.580582947 8.26836304
v 5.64968896 1.1626417 8.28194048
v 5.63552121 1.22462565 8.26836304
v 5.71167291 1.165003 -5.66503737
v 5.6809761 1.24528696 -5.63315991
v 5.65145993 1.23997405 -5.72347937
v 5.6809761 1.165003 -5.7394181
v 5.71108259 0.639024952 -5.66503737
v 5.6809761 1.1626417 -8.1609242
v 5.64968896 1.23820308 -8.1609242
v 5.64968896 1.1626417 -8.23648558
v 5.63552121 1.22462565 -8.22231782
v 5.6809761 0.642566892 -8.1609242
v 5.64968896 0.642566892 -8.23648558
v 5.6809761 0.640205599 -5.7394181
v 5.64968896 0.567005512 -8.1609242
v 5.63552121 0.580582947 -8.22231782
v 5.65145993 0.565234542 -5.72347937
v 5.67979545 0.559331309 -5.63375024
v -5.60423407 1.23997405 -5.72347937
v -5.63315991 1.24587729 -5.63375024
v -5.66385672 1.16618364 -5.66503737
v -5.63375024 1.165003 -5.7394181
v -5.6024631 1.23820308 -8.1609242
v -5.63375024 0.640205599 -5.7394181
v -5.66444705 0.640205599 -5.66503737
v -5.63375024 1.1626417 -8.1609242
v -5.60423407 0.565234542 -5.72347937
v -5.63375024 0.559921632 -5.63315991
v -5.63375024 0.642566892 -8.1609242
v -5.6024631 0.567005512 -8.1609242
v -5.6024631 0.642566892 -8.23648558
v -5.58888567 0.580582947 -8.22231782
v -5.6024631 1.1626417 -8.23648558
v -5.58888567 1.22462565 -8.22231782
v -5.5416598 0.535718378 5.67625351
v -5.63315991 0.559331309 5.67979545
v -5.60423407 0.565234542 5.76893427
v -5.53044366 0.535718378 5.75299554
v 5.58888567 0.535718378 5.67625351
v -5.52690172 0.535718378 8.2063791
v -5.6024631 0.567005512 8.2063791
v -5.52690172 0.567005512 8.28194048
v -5.58888567 0.580582947 8.26836304
v 5.57412758 0.535718378 8.2063791
v 5.57412758 0.567005512 8.28194048
v 5.57766952 0.535718378 5.75299554
v 5.64968896 0.567005512 8.2063791
v 5.63552121 0.580582947 8.26836304
v 5.65145993 0.565234542 5.76893427
v 5.6809761 0.559921632 5.6786148
v -5.6024631 1.1626417 8.28194048
v -5.58888567 1.22462565 8.26836304
v -5.52690172 1.23820308 8.28194048
v -5.52690172 1.1626417 8.31322761
v -5.6024631 0.642566892 8.28194048
v 5.57412758 1.1626417 8.31322761
v 5.57412758 1.23820308 8.28194048
v -5.52690172 0.642566892 8.31322761
v 5.64968896 1.1626417 8.28194048
v 5.63552121 1.22462565 8.26836304
v 5.57412758 0.642566892 8.31322761
v 5.64968896 0.642566892 8.28194048
v 5.57412758 0.567005512 8.28194048
v 5.63552121 0.580582947 8.26836304
v -5.52690172 0.567005512 8.28194048
v -5.58888567 0.580582947 8.26836304
v -5.6024631 0.642566892 -8.23648558
v -5.58888567 0.580582947 -8.22231782
v -5.52690172 0.567005512 -8.23648558
v -5.52690172 0.642566892 -8.26777272
v -5.6024631 1.1626417 -8.23648558
v 5.57412758 0.642566892 -8.26777272
v 5.57412758 0.567005512 -8.23648558
v -5.52690172 1.1626417 -8.26777272
v 5.64968896 0.642566892 -8.23648558
v 5.63552121 0.580582947 -8.22231782
v 5.57412758 1.1626417 -8.26777272
v 5.64968896 1.1626417 -8.23648558
v 5.57412758 1.23820308 -8.23648558
v 5.63552121 1.22462565 -8.22231782
v -5.52690172 1.23820308 -8.23648558
v -5.58888567 1.22462565 -8.22231782
v 9.24770936 -6.14556052 8.14203386
v 9.15502861 -6.23824128 -8.09598864
v 9.15502861 -6.23824128 8.14203386
v 9.24770936 -6.14556052 -8.09598864
v 9.24770936 -5.39939189 8.14203386
v 9.24770936 -5.39939189 -8.09598864
v 9.15502861 -5.30671114 8.14203386
v 9.15502861 -5.30671114 -8.09598864
v 9.15502861 -5.39939189 -8.1886694
v 9.15502861 -5.30671114 -8.09598864
v 9.15502861 -6.14556052 -8.1886694
v 9.15502861 -6.23824128 -8.09598864
v 9.15502861 -6.23824128 8.14203386
v -9.10839307 -6.23824128 8.14203386
v -9.10839307 -6.14556052 8.23471461
v 9.15502861 -6.14556052 8.23471461
v 9.15502861 -5.39939189 8.23471461
v -9.10839307 -5.39939189 8.23471461
v -9.10839307 -5.30671114 8.14203386
v 9.15502861 -5.30671114 8.14203386
v -9.20107382 -5.39939189 8.14203386
v -9.10839307 -5.30671114 -8.09598864
v -9.10839307 -5.30671114 8.14203386
v -9.20107382 -5.39939189 -8.09598864
v -9.10839307 -5.39939189 -8.1886694
v -9.10839307 -6.14556052 -8.1886694
v -9.20107382 -6.14556052 -8.09598864
v -9.10839307 -6.23824128 -8.09598864
v -9.10839307 -6.23824128 8.14203386
v -9.20107382 -6.14556052 8.14203386
v -9.10839307 -5.39939189 8.23471461
v -9.10839307 -5.30671114 8.14203386
v -9.10839307 -6.14556052 8.23471461
v -9.10839307 -6.23824128 8.14203386
v -9.10839307 -5.39939189 -8.1886694
v 9.15502861 -5.39939189 -8.1886694
v 9.15502861 -5.30671114 -8.09598864
v -9.10839307 -5.30671114 -8.09598864
v 9.15502861 -5.30671114 8.14203386
v -9.10839307 -5.30671114 8.14203386
v -9.10839307 -6.23824128 -8.09598864
v 9.15502861 -6.14556052 -8.1886694
v -9.10839307 -6.14556052 -8.1886694
v 9.15502861 -6.23824128 -8.09598864
v -9.10839307 -6.23824128 8.14203386
v 9.15502861 -6.23824128 8.14203386
v -9.59245816 -6.0233636 -6.34804141
v -9.68513892 -6.87106783 -6.44072216
v -9.68513892 -6.0233636 -6.44072216
v -9.59245816 -6.87106783 -6.34804141
v -9.68513892 -6.87106783 -6.44072216
v -9.59245816 -6.96374859 -6.44072216
v -9.68513892 -6.87106783 -7.38405876
v -9.59245816 -6.96374859 -7.38405876
v -9.68513892 -6.0233636 -7.38405876
v -9.68513892 -6.0233636 -6.44072216
v -9.68513892 -6.87106783 -7.38405876
v -9.59245816 -6.87106783 -7.47673952
v -9.68513892 -6.0233636 -7.38405876
v -9.59245816 -6.0233636 -7.47673952
v -9.68513892 -6.0233636 -7.38405876
v -9.59245816 -5.93068285 -7.38405876
v -9.68513892 -6.0233636 -6.44072216
v -9.59245816 -5.93068285 -6.44072216
v -9.59245816 -6.0233636 -6.34804141
v -9.59245816 -5.93068285 -6.44072216
v 9.59245816 -6.0233636 -6.34804141
v -9.59245816 -6.0233636 -6.34804141
v 9.59245816 -5.93068285 -6.44072216
v 9.59245816 -5.93068285 -7.38405876
v -9.59245816 -5.93068285 -7.38405876
v -9.59245816 -6.0233636 -7.47673952
v 9.59245816 -6.0233636 -7.47673952
v 9.68513892 -6.0233636 -6.44072216
v 9.68513892 -6.87106783 -6.44072216
v 9.59245816 -6.87106783 -6.34804141
v 9.59245816 -6.0233636 -6.34804141
v 9.68513892 -6.87106783 -6.44072216
v 9.59245816 -6.96374859 -6.44072216
v 9.59245816 -6.96374859 -7.38405876
v 9.68513892 -6.87106783 -7.38405876
v 9.68513892 -6.0233636 -6.44072216
v 9.68513892 -6.0233636 -7.38405876
v 9.68513892 -6.87106783 -7.38405876
v 9.59245816 -6.87106783 -7.47673952
v 9.59245816 -6.0233636 -7.47673952
v 9.68513892 -6.0233636 -7.38405876
v 9.68513892 -6.0233636 -7.38405876
v 9.59245816 -5.93068285 -7.38405876
v 9.59245816 -5.93068285 -6.44072216
v 9.68513892 -6.0233636 -6.44072216
v 9.59245816 -6.0233636 -6.34804141
v 9.59245816 -6.87106783 -7.47673952
v -9.59245816 -6.87106783 -7.47673952
v -9.59245816 -6.96374859 -7.38405876
v 9.59245816 -6.96374859 -7.38405876
v 9.59245816 -6.96374859 -6.44072216
v -9.59245816 -6.96374859 -6.44072216
v -9.59245816 -6.87106783 -6.34804141
v 9.59245816 -6.87106783 -6.34804141
v -6.37165434 -6.0233636 8.72409261
v -6.46433509 -6.87106783 8.81677337
v -6.46433509 -6.0233636 8.81677337
v -6.37165434 -6.87106783 8.72409261
v -6.37165434 -6.0233636 -8.67745707
v -6.37165434 -6.87106783 -8.67745707
v -6.46433509 -6.0233636 -8.77013783
v -6.46433509 -6.87106783 -8.77013783
v -6.46433509 -6.96374859 -8.67745707
v -6.46433509 -6.87106783 -8.77013783
v -6.46433509 -6.96374859 8.72409261
v -6.46433509 -6.87106783 8.81677337
v -6.46433509 -6.0233636 8.81677337
v -7.4076717 -6.0233636 8.81677337
v -7.4076717 -5.93068285 8.72409261
v -6.46433509 -5.93068285 8.72409261
v -7.4076717 -5.93068285 -8.67745707
v -6.46433509 -5.93068285 -8.67745707
v -7.4076717 -6.0233636 -8.77013783
v -6.46433509 -6.0233636 -8.77013783
v -7.50035245 -6.0233636 -8.67745707
v -7.4076717 -6.87106783 -8.77013783
v -7.4076717 -6.0233636 -8.77013783
v -7.50035245 -6.87106783 -8.67745707
v -7.4076717 -6.96374859 -8.67745707
v -7.4076717 -6.96374859 8.72409261
v -7.50035245 -6.87106783 8.72409261
v -7.4076717 -6.87106783 8.81677337
v -7.4076717 -6.0233636 8.81677337
v -7.50035245 -6.0233636 8.72409261
v -7.4076717 -5.93068285 -8.67745707
v -7.4076717 -6.0233636 -8.77013783
v -7.4076717 -5.93068285 8.72409261
v -7.4076717 -6.0233636 8.81677337
v -7.4076717 -6.96374859 -8.67745707
v -6.46433509 -6.87106783 -8.77013783
v -7.4076717 -6.87106783 -8.77013783
v -6.46433509 -6.96374859 -8.67745707
v -7.4076717 -6.96374859 8.72409261
v -6.46433509 -6.96374859 8.72409261
v -7.4076717 -6.87106783 8.81677337
v -6.46433509 -6.87106783 8.81677337
v 9.24770936 -7.14556816 8.14203386
v 9.15502861 -7.23824891 -8.09598864
v 9.15502861 -7.23824891 8.14203386
v 9.24770936 -7.14556816 -8.09598864
v 9.24770936 -6.71522249 8.14203386
v 9.24770936 -6.71522249 -8.09598864
v 9.15502861 -6.62254173 8.14203386
v 9.15502861 -6.62254173 -8.09598864
v 9.15502861 -6.71522249 -8.1886694
v 9.15502861 -6.62254173 -8.09598864
v 9.15502861 -7.14556816 -8.1886694
v 9.15502861 -7.23824891 -8.09598864
v 9.15502861 -7.23824891 8.14203386
v -9.10839307 -7.23824891 8.14203386
v -9.10839307 -7.14556816 8.23471461
v 9.15502861 -7.14556816 8.23471461
v 9.15502861 -6.71522249 8.23471461
v -9.10839307 -6.71522249 8.23471461
v -9.10839307 -6.62254173 8.14203386
v 9.15502861 -6.62254173 8.14203386
v -9.20107382 -6.71522249 8.14203386
v -9.10839307 -6.62254173 -8.09598864
v -9.10839307 -6.62254173 8.14203386
v -9.20107382 -6.71522249 -8.09598864
v -9.10839307 -6.71522249 -8.1886694
v -9.10839307 -7.14556816 -8.1886694
v -9.20107382 -7.14556816 -8.09598864
v -9.10839307 -7.23824891 -8.09598864
v -9.10839307 -7.23824891 8.14203386
v -9.20107382 -7.14556816 8.14203386
v -9.10839307 -6.71522249 8.23471461
v -9.10839307 -6.62254173 8.14203386
v -9.10839307 -7.14556816 8.23471461
v -9.10839307 -7.23824891 8.14203386
v -9.10839307 -6.71522249 -8.1886694
v 9.15502861 -6.71522249 -8.1886694
v 9.15502861 -6.62254173 -8.09598864
v -9.10839307 -6.62254173 -8.09598864
v 9.15502861 -6.62254173 8.14203386
v -9.10839307 -6.62254173 8.14203386
v -9.10839307 -7.23824891 -8.09598864
v 9.15502861 -7.14556816 -8.1886694
v -9.10839307 -7.14556816 -8.1886694
v 9.15502861 -7.23824891 -8.09598864
v -9.10839307 -7.23824891 8.14203386
v 9.15502861 -7.23824891 8.14203386
v -9.59245816 -6.0233636 7.52337506
v -9.68513892 -6.87106783 7.4306943
v -9.68513892 -6.0233636 7.4306943
v -9.59245816 -6.87106783 7.52337506
v -9.68513892 -6.87106783 7.4306943
v -9.59245816 -6.96374859 7.4306943
v -9.68513892 -6.87106783 6.48794802
v -9.59245816 -6.96374859 6.48794802
v -9.68513892 -6.0233636 6.48794802
v -9.68513892 -6.0233636 7.4306943
v -9.68513892 -6.87106783 6.48794802
v -9.59245816 -6.87106783 6.39526727
v -9.68513892 -6.0233636 6.48794802
v -9.59245816 -6.0233636 6.39526727
v -9.68513892 -6.0233636 6.48794802
v -9.59245816 -5.93068285 6.48794802
v -9.68513892 -6.0233636 7.4306943
v -9.59245816 -5.93068285 7.4306943
v -9.59245816 -6.0233636 7.52337506
v -9.59245816 -5.93068285 7.4306943
v 9.59245816 -6.0233636 7.52337506
v -9.59245816 -6.0233636 7.52337506
v 9.59245816 -5.93068285 7.4306943
v 9.59245816 -5.93068285 6.48794802
v -9.59245816 -5.93068285 6.48794802
v -9.59245816 -6.0233636 6.39526727
v 9.59245816 -6.0233636 6.39526727
v 9.68513892 -6.0233636 7.4306943
v 9.68513892 -6.87106783 7.4306943
v 9.59245816 -6.87106783 7.52337506
v 9.59245816 -6.0233636 7.52337506
v 9.68513892 -6.87106783 7.4306943
v 9.59245816 -6.96374859 7.4306943
v 9.59245816 -6.96374859 6.48794802
v 9.68513892 -6.87106783 6.48794802
v 9.68513892 -6.0233636 7.4306943
v 9.68513892 -6.0233636 6.48794802
v 9.68513892 -6.87106783 6.48794802
v 9.59245816 -6.87106783 6.39526727
v 9.59245816 -6.0233636 6.39526727
v 9.68513892 -6.0233636 6.48794802
v 9.68513892 -6.0233636 6.48794802
v 9.59245816 -5.93068285 6.48794802
v 9.59245816 -5.93068285 7.4306943
v 9.68513892 -6.0233636 7.4306943
v 9.59245816 -6.0233636 7.52337506
v 9.59245816 -6.87106783 6.39526727
v -9.59245816 -6.87106783 6.39526727
v -9.59245816 -6.96374859 6.48794802
v 9.59245816 -6.96374859 6.48794802
v 9.59245816 -6.96374859 7.4306943
v -9.59245816 -6.96374859 7.4306943
v -9.59245816 -6.87106783 7.52337506
v 9.59245816 -6.87106783 7.52337506
v 7.50035245 -6.0233636 8.72409261
v 7.4076717 -6.87106783 8.81677337
v 7.4076717 -6.0233636 8.81677337
v 7.50035245 -6.87106783 8.72409261
v 7.50035245 -6.0233636 -8.67745707
v 7.50035245 -6.87106783 -8.67745707
v 7.4076717 -6.0233636 -8.77013783
v 7.4076717 -6.87106783 -8.77013783
v 7.4076717 -6.96374859 -8.67745707
v 7.4076717 -6.87106783 -8.77013783
v 7.4076717 -6.96374859 8.72409261
v 7.4076717 -6.87106783 8.81677337
v 7.4076717 -6.0233636 8.81677337
v 6.46433509 -6.0233636 8.81677337
v 6.46433509 -5.93068285 8.72409261
v 7.4076717 -5.93068285 8.72409261
v 6.46433509 -5.93068285 -8.67745707
v 7.4076717 -5.93068285 -8.67745707
v 6.46433509 -6.0233636 -8.77013783
v 7.4076717 -6.0233636 -8.77013783
v 6.37165434 -6.0233636 -8.67745707
v 6.46433509 -6.87106783 -8.77013783
v 6.46433509 -6.0233636 -8.77013783
v 6.37165434 -6.87106783 -8.67745707
v 6.46433509 -6.96374859 -8.67745707
v 6.46433509 -6.96374859 8.72409261
v 6.37165434 -6.87106783 8.72409261
v 6.46433509 -6.87106783 8.81677337
v 6.46433509 -6.0233636 8.81677337
v 6.37165434 -6.0233636 8.72409261
v 6.46433509 -5.93068285 -8.67745707
v 6.46433509 -6.0233636 -8.77013783
v 6.46433509 -5.93068285 8.72409261
v 6.46433509 -6.0233636 8.81677337
v 6.46433509 -6.96374859 -8.67745707
v 7.4076717 -6.87106783 -8.77013783
v 6.46433509 -6.87106783 -8.77013783
v 7.4076717 -6.96374859 -8.67745707
v 6.46433509 -6.96374859 8.72409261
v 7.4076717 -6.96374859 8.72409261
v 6.46433509 -6.87106783 8.81677337
v 7.4076717 -6.87106783 8.81677337
v 9.15502861 -6.14556052 8.23471461
v -9.10839307 -6.14556052 8.23471461
v -9.10839307 -5.39939189 8.23471461
v 9.15502861 -5.39939189 8.23471461
v -9.10839307 -6.14556052 -8.1886694
v 9.15502861 -6.14556052 -8.1886694
v 9.15502861 -5.39939189 -8.1886694
v -9.10839307 -5.39939189 -8.1886694
v -9.59245816 -6.0233636 -7.47673952
v -9.59245816 -6.87106783 -7.47673952
v 9.59245816 -6.87106783 -7.47673952
v 9.59245816 -6.0233636 -7.47673952
v -9.59245816 -6.87106783 -6.34804141
v -9.59245816 -6.0233636 -6.34804141
v 9.59245816 -6.0233636 -6.34804141
v 9.59245816 -6.87106783 -6.34804141
v -7.4076717 -6.0233636 8.81677337
v -6.46433509 -6.0233636 8.81677337
v -6.46433509 -6.87106783 8.81677337
v -7.4076717 -6.87106783 8.81677337
v -7.4076717 -6.87106783 -8.77013783
v -6.46433509 -6.87106783 -8.77013783
v -6.46433509 -6.0233636 -8.77013783
v -7.4076717 -6.0233636 -8.77013783
v 9.15502861 -7.14556816 8.23471461
v -9.10839307 -7.14556816 8.23471461
v -9.10839307 -6.71522249 8.23471461
v 9.15502861 -6.71522249 8.23471461
v -9.10839307 -7.14556816 -8.1886694
v 9.15502861 -7.14556816 -8.1886694
v 9.15502861 -6.71522249 -8.1886694
v -9.10839307 -6.71522249 -8.1886694
v -9.59245816 -6.0233636 6.39526727
v -9.59245816 -6.87106783 6.39526727
v 9.59245816 -6.87106783 6.39526727
v 9.59245816 -6.0233636 6.39526727
v -9.59245816 -6.87106783 7.52337506
v -9.59245816 -6.0233636 7.52337506
v 9.59245816 -6.0233636 7.52337506
v 9.59245816 -6.87106783 7.52337506
v 6.46433509 -6.0233636 8.81677337
v 7.4076717 -6.0233636 8.81677337
v 7.4076717 -6.87106783 8.81677337
v 6.46433509 -6.87106783 8.81677337
v 6.46433509 -6.87106783 -8.77013783
v 7.4076717 -6.87106783 -8.77013783
v 7.4076717 -6.0233636 -8.77013783
v 6.46433509 -6.0233636 -8.77013783
v 9.24770936 -6.14556052 8.14203386
v 9.15502861 -6.23824128 8.14203386
v 9.15502861 -6.14556052 8.23471461
v 9.24770936 -5.39939189 8.14203386
v 9.15502861 -5.39939189 8.23471461
v 9.15502861 -5.30671114 8.14203386
v -6.37165434 -6.0233636 8.72409261
v -6.46433509 -6.0233636 8.81677337
v -6.46433509 -5.93068285 8.72409261
v -6.37165434 -6.0233636 -8.67745707
v -6.46433509 -5.93068285 -8.67745707
v -6.46433509 -6.0233636 -8.77013783
v 9.24770936 -7.14556816 8.14203386
v 9.15502861 -7.23824891 8.14203386
v 9.15502861 -7.14556816 8.23471461
v 9.24770936 -6.71522249 8.14203386
v 9.15502861 -6.71522249 8.23471461
v 9.15502861 -6.62254173 8.14203386
v 7.50035245 -6.0233636 8.72409261
v 7.4076717 -6.0233636 8.81677337
v 7.4076717 -5.93068285 8.72409261
v 7.50035245 -6.0233636 -8.67745707
v 7.4076717 -5.93068285 -8.67745707
v 7.4076717 -6.0233636 -8.77013783
v -8.71051518 -15.3091488 8.75124748
v -8.71051518 -15.3091488 -8.6680119
v -8.71051518 -10.0428748 -8.6680119
v -8.71051518 -10.0428748 8.75124748
v -8.71051518 -15.3091488 -8.6680119
v 8.70874421 -15.3091488 -8.6680119
v 8.70874421 -10.0428748 -8.6680119
v -8.71051518 -10.0428748 -8.6680119
v 8.70874421 -15.3091488 -8.6680119
v 8.70874421 -15.3091488 8.75124748
v 8.70874421 -10.0428748 8.75124748
v 8.70874421 -10.0428748 -8.6680119
v 8.70874421 -15.3091488 8.75124748
v -8.71051518 -15.3091488 8.75124748
v -8.71051518 -10.0428748 8.75124748
v 8.70874421 -10.0428748 8.75124748
v 9.17037701 -4.32972611 8.07296603
v 9.01453167 -4.42240686 -7.98146593
v 9.01453167 -4.42240686 8.02692082
v 9.17037701 -4.33149708 -8.02928211
v 9.17037701 -3.90233205 8.07532733
v 9.17037701 -3.90410302 -8.02751114
v 9.01453167 -3.81142227 8.02692082
v 9.01453167 -3.81142227 -7.98146593
v 9.08005755 -3.90233205 -8.11960157
v 9.07769626 -4.32972611 -8.11960157
v 9.08005755 -4.33149708 8.16564679
v 9.07769626 -3.90410302 8.16564679
v 9.17037701 -3.90233205 8.07532733
v 9.17037701 -4.32972611 8.07296603
v -9.12315115 -3.90410302 8.07296603
v -8.96730581 -3.81142227 -7.98146593
v -8.96730581 -3.81142227 8.02692082
v -9.12315115 -3.90233205 -8.02928211
v -9.12315115 -4.33149708 8.07532733
v -9.03283169 -3.90233205 8.16564679
v -9.03106072 -4.32972611 8.16564679
v -9.12315115 -4.32972611 -8.02751114
v -8.96730581 -4.42240686 8.02692082
v -8.96730581 -4.42240686 -7.98146593
v -9.03283169 -4.33149708 -8.11960157
v -9.03106072 -3.90410302 -8.11960157
v 6.81852906 -3.9035127 -5.93422479
v 6.72584831 -4.32972611 -6.02631522
v 6.72466766 -3.90528367 -6.02631522
v 6.81852906 -4.32913578 -5.93304414
v 6.81852906 -3.90469334 5.97849903
v 6.91180014 -3.81142227 -6.10837015
v 6.91180014 -3.81142227 6.15441537
v 6.81852906 -4.33031643 5.97967968
v 6.72584831 -3.90410302 6.07177011
v 6.72466766 -4.32854546 6.07177011
v 6.86929686 -4.42240686 6.11663468
v 6.86929686 -4.42240686 -6.07117979
v -6.7713032 -3.90469334 -5.93304414
v -6.86398395 -3.81142227 6.15441537
v -6.86457428 -3.81142227 -6.10837015
v -6.7713032 -3.9035127 5.97967968
v -6.7713032 -4.33031643 5.97967968
v -6.67862244 -4.32972611 6.07177011
v -6.67862244 -3.90410302 6.07177011
v -6.7713032 -4.33031643 -5.93422479
v -6.67862244 -3.90410302 -6.02631522
v -6.67803212 -4.32854546 -6.02631522
v -6.82266132 -4.42240686 -6.07117979
v -6.82266132 -4.42240686 6.11604436
v -6.67803212 -4.32854546 -6.02631522
v 6.86929686 -4.42240686 -6.07117979
v -6.82266132 -4.42240686 -6.07117979
v 6.72584831 -4.32972611 -6.02631522
v 6.72466766 -3.90528367 -6.02631522
v -6.67862244 -3.90410302 -6.02631522
v 6.72466766 -4.32854546 6.07177011
v -6.82266132 -4.42240686 6.11604436
v 6.86929686 -4.42240686 6.11663468
v -6.67862244 -4.32972611 6.07177011
v -6.67862244 -3.90410302 6.07177011
v 6.72584831 -3.90410302 6.07177011
v 9.08005755 -4.33149708 8.16564679
v -9.03106072 -4.32972611 8.16564679
v -9.03283169 -3.90233205 8.16564679
v 9.07769626 -3.90410302 8.16564679
v -9.03283169 -4.33149708 -8.11960157
v 9.07769626 -4.32972611 -8.11960157
v 9.08005755 -3.90233205 -8.11960157
v -9.03106072 -3.90410302 -8.11960157
v 9.01453167 -4.42240686 8.02692082
v 9.08005755 -4.33149708 8.16564679
v 9.17037701 -4.32972611 8.07296603
v -9.03106072 -4.32972611 8.16564679
v -8.96730581 -4.42240686 8.02692082
v -9.12315115 -4.33149708 8.07532733
v 9.01453167 -3.81142227 8.02692082
v 9.17037701 -3.90233205 8.07532733
v 9.07769626 -3.90410302 8.16564679
v -8.96730581 -3.81142227 8.02692082
v -9.03283169 -3.90233205 8.16564679
v -9.12315115 -3.90410302 8.07296603
v -8.77486042 -6.57649652 5.11072381
v -8.74357328 0.261218052 5.19218842
v -8.74180231 -6.57649652 5.18982713
v -8.77486042 0.245869647 5.11485607
v -8.80673787 0.32202135 5.11426575
v -8.77427009 0.353898807 5.19750133
v -8.80673787 0.321431027 4.20339692
v -8.77486042 0.243508354 4.20339692
v -8.77486042 -6.57649652 4.20575822
v -8.74180231 -6.57649652 4.1266549
v -8.74239264 0.258266436 4.12547425
v -8.77308945 0.353308484 4.11957102
v -8.66269899 6.42478343 5.22288523
v -8.74239264 5.59301793 5.19100777
v -8.74180231 6.42478343 5.18982713
v -8.66210867 5.57825985 5.22288523
v -7.91416907 6.42478343 5.22288523
v -8.6756861 5.49561459 5.22288523
v -8.77308945 5.4985662 5.19750133
v -8.77013783 5.40175319 5.22288523
v -7.91062713 5.57471791 5.22288523
v -7.83506575 6.42478343 5.18982713
v -7.83329478 5.59006631 5.19218842
v -7.89882067 5.49384362 5.22288523
v -7.80318829 5.49738556 5.19750133
v -8.68985386 5.41355965 5.22288523
v -8.77013783 4.56172316 5.22288523
v -7.80673023 5.40175319 5.22288523
v -7.70991722 5.46727907 5.1915981
v -7.88760452 5.41355965 5.22288523
v -8.68985386 4.55050701 5.22288523
v -7.88760452 4.55050701 5.22288523
v -8.6780474 4.46963272 5.22288523
v -8.77427009 4.46668111 5.19750133
v -8.74357328 4.37341003 5.19218842
v -7.90177228 4.46786175 5.22288523
v -7.80673023 4.56172316 5.22288523
v -7.72644627 5.39053704 5.22288523
v -8.66683126 4.38934876 5.22288523
v -8.74239264 1.48082595 5.19100777
v -7.91534972 4.38580682 5.22288523
v -8.66210867 1.46547755 5.22288523
v 7.79492377 5.39053704 5.22288523
v 7.77839472 5.46727907 5.1915981
v 7.87579806 5.40175319 5.22288523
v 7.87284644 5.4985662 5.19750133
v 7.79492377 4.57352962 5.22288523
v -7.72644627 4.57352962 5.22288523
v -8.6756861 1.38342261 5.22288523
v -8.77308945 1.38637423 5.19750133
v -8.77013783 1.28956121 5.22288523
v 7.97024978 5.49561459 5.22288523
v 7.90354325 5.59301793 5.19100777
v -8.68985386 1.30077735 5.22288523
v -8.77013783 0.449531179 5.22288523
v -7.70991722 4.49619727 5.1915981
v -7.80436894 4.46550046 5.19750133
v 7.77839472 4.49619727 5.1915981
v -7.83506575 4.37045841 5.19100777
v 7.87579806 4.56172316 5.22288523
v 7.8716658 4.46668111 5.19750133
v -7.91062713 1.46252593 5.22288523
v -7.83329478 1.47787433 5.19218842
v -7.89882067 1.38165164 5.22288523
v -7.80318829 1.38519358 5.19750133
v -7.80673023 1.28956121 5.22288523
v -7.70991722 1.35508709 5.1915981
v -7.88760452 1.30077735 5.22288523
v -8.68985386 0.438315036 5.22288523
v -7.88760452 0.438315036 5.22288523
v -8.6780474 0.357440747 5.22288523
v -8.77427009 0.353898807 5.19750133
v -8.74357328 0.261218052 5.19218842
v -7.90177228 0.355669777 5.22288523
v -7.80673023 0.449531179 5.22288523
v -7.72644627 1.27775474 5.22288523
v -8.66683126 0.277156781 5.22288523
v -8.74180231 -6.57649652 5.18982713
v -8.66269899 -6.57649652 5.22288523
v -7.91416907 -6.57649652 5.22288523
v -7.91534972 0.273614841 5.22288523
v -7.83506575 0.258266436 5.19100777
v -7.83506575 -6.57649652 5.18982713
v -7.80377862 0.353308484 5.19750133
v -7.70991722 0.384005295 5.1915981
v -7.72644627 0.461337644 5.22288523
v 7.77839472 0.384005295 5.1915981
v 7.79492377 0.461337644 5.22288523
v 7.79492377 1.27775474 5.22288523
v 7.77839472 1.35508709 5.1915981
v 7.87579806 1.28956121 5.22288523
v 7.87284644 1.38637423 5.19750133
v 7.87579806 0.449531179 5.22288523
v 7.8716658 0.35448913 5.19750133
v 7.97024978 1.38342261 5.22288523
v 7.90354325 1.48082595 5.19100777
v 7.95608202 1.30077735 5.22288523
v 7.96788849 0.357440747 5.22288523
v 7.90236261 0.261218052 5.19218842
v 7.95608202 0.438315036 5.22288523
v 8.75833136 1.30077735 5.22288523
v 7.97910463 0.277156781 5.22288523
v 7.90413358 -6.57649652 5.18982713
v 7.9832369 -6.57649652 5.22288523
v 8.73176682 -6.57649652 5.22288523
v 8.73058617 0.273614841 5.22288523
v 8.74475393 0.355669777 5.22288523
v 8.81087014 0.258266436 5.19100777
v 8.81087014 -6.57649652 5.18982713
v 8.84215727 0.353308484 5.19750133
v 8.75833136 0.438315036 5.22288523
v 8.83920565 0.449531179 5.22288523
v 8.93601867 0.384005295 5.1915981
v 8.83920565 1.28956121 5.22288523
v 8.91948962 0.461337644 5.22288523
v 9.57356782 0.385776264 5.18982713
v 8.91948962 1.27775474 5.22288523
v 9.57356782 0.464879584 5.22288523
v 9.65267113 0.464879584 5.18982713
v 9.63791305 0.400534346 5.17565937
v 9.65267113 1.2742128 5.18982713
v 9.57356782 1.2742128 5.22288523
v 9.57356782 1.35331612 5.18982713
v 9.63791305 1.33855804 5.17565937
v 8.93601867 1.35508709 5.1915981
v 8.84274759 1.38519358 5.19750133
v 8.74711522 1.38165164 5.22288523
v 8.81264111 1.47787433 5.19218842
v 8.73530876 1.46252593 5.22288523
v 8.81087014 4.37045841 5.19100777
v 7.98382722 1.46547755 5.22288523
v 8.73058617 4.38580682 5.22288523
v 7.97910463 4.38934876 5.22288523
v 7.90236261 4.37341003 5.19218842
v 7.96788849 4.46963272 5.22288523
v 8.74475393 4.46786175 5.22288523
v 8.84215727 4.46550046 5.19750133
v 7.95608202 4.55050701 5.22288523
v 8.83920565 4.56172316 5.22288523
v 8.93601867 4.49619727 5.1915981
v 7.95608202 5.41355965 5.22288523
v 8.75833136 4.55050701 5.22288523
v 8.75833136 5.41355965 5.22288523
v 8.83920565 5.40175319 5.22288523
v 8.91948962 4.57352962 5.22288523
v 9.57356782 4.49796824 5.18982713
v 8.74711522 5.49384362 5.22288523
v 8.91948962 5.39053704 5.22288523
v 9.57356782 4.57707156 5.22288523
v 9.65267113 4.57707156 5.18982713
v 9.63791305 4.51272632 5.17565937
v 9.65267113 5.38640478 5.18982713
v 9.57356782 5.38640478 5.22288523
v 9.57356782 5.4655081 5.18982713
v 9.63791305 5.45075002 5.17565937
v 8.93601867 5.46727907 5.1915981
v 8.84274759 5.49738556 5.19750133
v 8.81264111 5.59006631 5.19218842
v 8.73530876 5.57471791 5.22288523
v 8.81087014 6.42478343 5.18982713
v 8.73176682 6.42478343 5.22288523
v 7.98382722 5.57825985 5.22288523
v 7.9832369 6.42478343 5.22288523
v 7.90413358 6.42478343 5.18982713
v -8.77486042 6.42478343 4.20575822
v -8.74357328 5.59006631 4.12488393
v -8.74180231 6.42478343 4.1266549
v -8.77486042 5.60600504 4.20162595
v -8.80673787 5.52985334 4.20221628
v -8.77427009 5.49738556 4.1189807
v -8.80673787 5.53044366 5.1130851
v -8.77486042 5.60777601 5.1130851
v -8.77486042 6.42478343 5.11072381
v -8.74180231 6.42478343 5.18982713
v -8.74239264 5.59301793 5.19100777
v -8.77308945 5.4985662 5.19750133
v -8.66269899 -6.57649652 4.09418712
v -8.74239264 0.258266436 4.12547425
v -8.74180231 -6.57649652 4.1266549
v -8.66210867 0.273614841 4.09418712
v -7.91062713 0.277156781 4.09418712
v -7.91416907 -6.57649652 4.09418712
v -7.83506575 -6.57649652 4.1266549
v -7.83329478 0.261218052 4.12488393
v -7.89882067 0.357440747 4.09418712
v -7.80318829 0.35448913 4.1189807
v -8.6756861 0.355669777 4.09418712
v -8.77308945 0.353308484 4.11957102
v -7.80673023 0.449531179 4.09418712
v -7.70991722 0.384005295 4.12547425
v -7.88760452 0.438315036 4.09418712
v -8.77013783 0.449531179 4.09418712
v -8.86754117 0.384005295 4.12547425
v -8.68985386 0.438315036 4.09418712
v -7.88760452 1.30077735 4.09418712
v -8.85101212 0.461337644 4.09418712
v -9.57356782 0.385776264 4.1266549
v -7.72644627 0.461337644 4.09418712
v -7.80673023 1.28956121 4.09418712
v 7.79492377 0.461337644 4.09418712
v 7.77839472 0.384005295 4.12547425
v 7.87579806 0.449531179 4.09418712
v 7.87284644 0.353308484 4.11957102
v 7.79492377 1.27775474 4.09418712
v -7.72644627 1.27775474 4.09418712
v 7.97024978 0.355669777 4.09418712
v 7.90354325 0.258266436 4.12547425
v -9.57356782 0.464879584 4.09418712
v -9.65267113 0.464879584 4.1266549
v -9.63791305 0.400534346 4.14141298
v -9.65267113 1.2742128 4.1266549
v -8.85101212 1.27775474 4.09418712
v -9.57356782 1.2742128 4.09418712
v -9.57356782 1.35331612 4.1266549
v -9.63791305 1.33855804 4.14141298
v -8.86754117 1.35508709 4.12547425
v -8.77013783 1.28956121 4.09418712
v -8.77427009 1.38519358 4.1189807
v -8.68985386 1.30077735 4.09418712
v -8.6780474 1.38165164 4.09418712
v -8.74357328 1.47787433 4.12488393
v -7.90177228 1.38342261 4.09418712
v -8.66683126 1.46252593 4.09418712
v -8.74239264 4.37045841 4.12547425
v -7.91534972 1.46547755 4.09418712
v -7.80436894 1.38637423 4.11957102
v -7.70991722 1.35508709 4.12547425
v -7.83506575 1.48082595 4.12547425
v 7.77839472 1.35508709 4.12547425
v -7.91062713 4.38934876 4.09418712
v -7.83329478 4.37341003 4.12488393
v 7.87579806 1.28956121 4.09418712
v 7.8716658 1.38519358 4.1189807
v -8.66210867 4.38580682 4.09418712
v -7.89882067 4.46963272 4.09418712
v -7.80318829 4.46668111 4.1189807
v -8.6756861 4.46786175 4.09418712
v -8.77308945 4.46550046 4.11957102
v -7.80673023 4.56172316 4.09418712
v -7.70991722 4.49619727 4.12547425
v 7.95608202 0.438315036 4.09418712
v -7.88760452 4.55050701 4.09418712
v -8.77013783 4.56172316 4.09418712
v -8.86754117 4.49619727 4.12547425
v -8.68985386 4.55050701 4.09418712
v -7.88760452 5.41355965 4.09418712
v -8.85101212 4.57352962 4.09418712
v -9.57356782 4.49796824 4.1266549
v -7.72644627 4.57352962 4.09418712
v -7.80673023 5.40175319 4.09418712
v 7.79492377 4.57352962 4.09418712
v 7.77839472 4.49619727 4.12547425
v 7.87579806 4.56172316 4.09418712
v 7.87284644 4.46550046 4.11957102
v 7.79492377 5.39053704 4.09418712
v -7.72644627 5.39053704 4.09418712
v 7.97024978 4.46786175 4.09418712
v 7.90354325 4.37045841 4.12547425
v -9.57356782 4.57707156 4.09418712
v -9.65267113 4.57707156 4.1266549
v -9.63791305 4.51272632 4.14141298
v -9.65267113 5.38640478 4.1266549
v -8.85101212 5.39053704 4.09418712
v -9.57356782 5.38640478 4.09418712
v -9.57356782 5.4655081 4.1266549
v -9.63791305 5.45075002 4.14141298
v -8.86754117 5.46727907 4.12547425
v -8.77013783 5.40175319 4.09418712
v -8.77427009 5.49738556 4.1189807
v -8.68985386 5.41355965 4.09418712
v -8.6780474 5.49384362 4.09418712
v -8.74357328 5.59006631 4.12488393
v -7.90177228 5.49561459 4.09418712
v -8.66683126 5.57471791 4.09418712
v -8.74180231 6.42478343 4.1266549
v -8.66269899 6.42478343 4.09418712
v -7.91416907 6.42478343 4.09418712
v -7.91534972 5.57825985 4.09418712
v -7.83506575 5.59301793 4.12547425
v -7.83506575 6.42478343 4.1266549
v -7.80377862 5.4985662 4.11957102
v -7.70991722 5.46727907 4.12547425
v 7.77839472 5.46727907 4.12547425
v 7.87579806 5.40175319 4.09418712
v 7.8716658 5.49738556 4.1189807
v 7.95608202 4.55050701 4.09418712
v 7.96788849 5.49384362 4.09418712
v 7.90236261 5.59006631 4.12488393
v 7.95608202 5.41355965 4.09418712
v 7.97910463 5.57471791 4.09418712
v 7.90413358 6.42478343 4.1266549
v 7.9832369 6.42478343 4.09418712
v 8.73176682 6.42478343 4.09418712
v 8.73058617 5.57825985 4.09418712
v 8.74475393 5.49561459 4.09418712
v 8.81087014 5.59301793 4.12547425
v 8.81087014 6.42478343 4.1266549
v 8.84215727 5.4985662 4.11957102
v 8.75833136 5.41355965 4.09418712
v 8.83920565 5.40175319 4.09418712
v 8.93601867 5.46727907 4.12547425
v 8.75833136 4.55050701 4.09418712
v 8.83920565 4.56172316 4.09418712
v 8.91948962 5.39053704 4.09418712
v 9.57356782 5.4655081 4.1266549
v 8.74711522 4.46963272 4.09418712
v 8.91948962 4.57352962 4.09418712
v 9.57356782 5.38640478 4.09418712
v 9.65267113 5.38640478 4.1266549
v 9.63791305 5.45075002 4.14141298
v 9.65267113 4.57707156 4.1266549
v 9.57356782 4.57707156 4.09418712
v 9.57356782 4.49796824 4.1266549
v 9.63791305 4.51272632 4.14141298
v 8.93601867 4.49619727 4.12547425
v 8.84274759 4.46668111 4.1189807
v 8.81264111 4.37341003 4.12488393
v 8.73530876 4.38934876 4.09418712
v 8.81087014 1.48082595 4.12547425
v 7.98382722 4.38580682 4.09418712
v 7.97910463 1.46252593 4.09418712
v 7.90236261 1.47787433 4.12488393
v 8.73058617 1.46547755 4.09418712
v 7.96788849 1.38165164 4.09418712
v 8.74475393 1.38342261 4.09418712
v 8.84215727 1.38637423 4.11957102
v 7.95608202 1.30077735 4.09418712
v 8.83920565 1.28956121 4.09418712
v 8.93601867 1.35508709 4.12547425
v 8.75833136 1.30077735 4.09418712
v 8.75833136 0.438315036 4.09418712
v 8.83920565 0.449531179 4.09418712
v 8.91948962 1.27775474 4.09418712
v 9.57356782 1.35331612 4.1266549
v 8.74711522 0.357440747 4.09418712
v 8.91948962 0.461337644 4.09418712
v 9.57356782 1.2742128 4.09418712
v 9.65267113 1.2742128 4.1266549
v 9.63791305 1.33855804 4.14141298
v 9.65267113 0.464879584 4.1266549
v 9.57356782 0.464879584 4.09418712
v 9.57356782 0.385776264 4.1266549
v 9.63791305 0.400534346 4.14141298
v 8.93601867 0.384005295 4.12547425
v 8.84274759 0.353898807 4.1189807
v 8.81264111 0.261218052 4.12488393
v 8.73530876 0.277156781 4.09418712
v 8.81087014 -6.57649652 4.1266549
v 8.73176682 -6.57649652 4.09418712
v 7.9832369 -6.57649652 4.09418712
v 7.98382722 0.273614841 4.09418712
v 7.90413358 -6.57649652 4.1266549
v -7.80259797 -6.57649652 4.20575822
v -7.83329478 0.261218052 4.12488393
v -7.83506575 -6.57649652 4.1266549
v -7.80259797 0.245869647 4.20162595
v -7.77072051 0.32202135 4.2028066
v -7.80318829 0.35448913 4.1189807
v -7.77072051 0.321431027 5.1130851
v -7.80259797 0.243508354 5.1130851
v -7.80259797 -6.57649652 5.11072381
v -7.83506575 -6.57649652 5.18982713
v -7.83506575 0.258266436 5.19100777
v -7.80377862 0.353308484 5.19750133
v -7.80259797 6.42478343 5.11072381
v -7.83329478 5.59006631 5.19218842
v -7.83506575 6.42478343 5.18982713
v -7.80259797 5.60600504 5.11485607
v -7.77072051 5.52985334 5.11426575
v -7.80318829 5.49738556 5.19750133
v -7.77072051 5.53044366 4.20339692
v -7.80259797 5.60777601 4.20339692
v -7.80259797 6.42478343 4.20575822
v -7.83506575 6.42478343 4.1266549
v -7.83506575 5.59301793 4.12547425
v -7.80377862 5.4985662 4.11957102
v 7.87107547 -6.57649652 5.11072381
v 7.90236261 0.261218052 5.19218842
v 7.90413358 -6.57649652 5.18982713
v 7.87107547 0.245869647 5.11485607
v 7.83919801 0.32202135 5.11426575
v 7.8716658 0.35448913 5.19750133
v 7.83919801 0.321431027 4.20339692
v 7.87107547 0.243508354 4.20339692
v 7.87107547 -6.57649652 4.20575822
v 7.90413358 -6.57649652 4.1266549
v 7.90354325 0.258266436 4.12547425
v 7.87284644 0.353308484 4.11957102
v 7.87107547 6.42478343 4.20575822
v 7.90236261 5.59006631 4.12488393
v 7.90413358 6.42478343 4.1266549
v 7.87107547 5.60600504 4.20162595
v 7.83919801 5.52985334 4.2028066
v 7.8716658 5.49738556 4.1189807
v 7.83919801 5.53044366 5.1130851
v 7.87107547 5.60777601 5.1130851
v 7.87107547 6.42478343 5.11072381
v 7.90413358 6.42478343 5.18982713
v 7.90354325 5.59301793 5.19100777
v 7.87284644 5.4985662 5.19750133
v 8.84333792 -6.57649652 4.20575822
v 8.81264111 0.261218052 4.12488393
v 8.81087014 -6.57649652 4.1266549
v 8.84333792 0.245869647 4.20162595
v 8.87521537 0.32202135 4.2028066
v 8.84274759 0.353898807 4.1189807
v 8.87521537 0.321431027 5.1130851
v 8.84333792 0.243508354 5.1130851
v 8.84333792 -6.57649652 5.11072381
v 8.81087014 -6.57649652 5.18982713
v 8.81087014 0.258266436 5.19100777
v 8.84215727 0.353308484 5.19750133
v 8.84333792 6.42478343 5.11072381
v 8.81264111 5.59006631 5.19218842
v 8.81087014 6.42478343 5.18982713
v 8.84333792 5.60600504 5.11485607
v 8.87521537 5.52985334 5.11426575
v 8.84274759 5.49738556 5.19750133
v 8.87521537 5.53044366 4.20339692
v 8.84333792 5.60777601 4.20339692
v 8.84333792 6.42478343 4.20575822
v 8.81087014 6.42478343 4.1266549
v 8.81087014 5.59301793 4.12547425
v 8.84215727 5.4985662 4.11957102
v -8.77486042 -6.57649652 -4.13669039
v -8.74357328 0.261218052 -4.0558161
v -8.74180231 -6.57649652 -4.05758707
v -8.77486042 0.245869647 -4.13255813
v -8.80673787 0.32202135 -4.13373878
v -8.77427009 0.353898807 -4.04991287
v -8.80673787 0.321431027 -5.04401728
v -8.77486042 0.243508354 -5.04401728
v -8.77486042 -6.57649652 -5.04224631
v -8.74180231 -6.57649652 -5.1207593
v -8.74239264 0.258266436 -5.12253027
v -8.77308945 0.353308484 -5.12843351
v -8.66269899 6.42478343 -4.02511929
v -8.74239264 5.59301793 -4.05640643
v -8.74180231 6.42478343 -4.05758707
v -8.66210867 5.57825985 -4.02511929
v -7.91416907 6.42478343 -4.02511929
v -8.6756861 5.49561459 -4.02511929
v -8.77308945 5.4985662 -4.05050319
v -8.77013783 5.40175319 -4.02511929
v -7.91062713 5.57471791 -4.02511929
v -7.83506575 6.42478343 -4.05758707
v -7.83329478 5.59006631 -4.0558161
v -7.89882067 5.49384362 -4.02511929
v -7.80318829 5.49738556 -4.04991287
v -8.68985386 5.41355965 -4.02511929
v -8.77013783 4.56172316 -4.02511929
v -7.80673023 5.40175319 -4.02511929
v -7.70991722 5.46727907 -4.05640643
v -7.88760452 5.41355965 -4.02511929
v -8.68985386 4.55050701 -4.02511929
v -7.88760452 4.55050701 -4.02511929
v -8.6780474 4.46963272 -4.02511929
v -8.77427009 4.46668111 -4.04991287
v -8.74357328 4.37341003 -4.0558161
v -7.90177228 4.46786175 -4.02511929
v -7.80673023 4.56172316 -4.02511929
v -7.72644627 5.39053704 -4.02511929
v -8.66683126 4.38934876 -4.02511929
v -8.74239264 1.48082595 -4.05640643
v -7.91534972 4.38580682 -4.02511929
v -8.66210867 1.46547755 -4.02511929
v 7.79492377 5.39053704 -4.02511929
v 7.77839472 5.46727907 -4.05640643
v 7.87579806 5.40175319 -4.02511929
v 7.87284644 5.4985662 -4.05050319
v 7.79492377 4.57352962 -4.02511929
v -7.72644627 4.57352962 -4.02511929
v -8.6756861 1.38342261 -4.02511929
v -8.77308945 1.38637423 -4.05050319
v -8.77013783 1.28956121 -4.02511929
v 7.97024978 5.49561459 -4.02511929
v 7.90354325 5.59301793 -4.05640643
v -8.68985386 1.30077735 -4.02511929
v -8.77013783 0.449531179 -4.02511929
v -7.70991722 4.49619727 -4.05640643
v -7.80436894 4.46550046 -4.05050319
v 7.77839472 4.49619727 -4.05640643
v -7.83506575 4.37045841 -4.05640643
v 7.87579806 4.56172316 -4.02511929
v 7.8716658 4.46668111 -4.05050319
v -7.91062713 1.46252593 -4.02511929
v -7.83329478 1.47787433 -4.0558161
v -7.89882067 1.38165164 -4.02511929
v -7.80318829 1.38519358 -4.05050319
v -7.80673023 1.28956121 -4.02511929
v -7.70991722 1.35508709 -4.05640643
v -7.88760452 1.30077735 -4.02511929
v -8.68985386 0.438315036 -4.02511929
v -7.88760452 0.438315036 -4.02511929
v -8.6780474 0.357440747 -4.02511929
v -8.77427009 0.353898807 -4.04991287
v -8.74357328 0.261218052 -4.0558161
v -7.90177228 0.355669777 -4.02511929
v -7.80673023 0.449531179 -4.02511929
v -7.72644627 1.27775474 -4.02511929
v -8.66683126 0.277156781 -4.02511929
v -8.74180231 -6.57649652 -4.05758707
v -8.66269899 -6.57649652 -4.02511929
v -7.91416907 -6.57649652 -4.02511929
v -7.91534972 0.273614841 -4.02511929
v -7.83506575 0.258266436 -4.05640643
v -7.83506575 -6.57649652 -4.05758707
v -7.80377862 0.353308484 -4.05050319
v -7.70991722 0.384005295 -4.05640643
v -7.72644627 0.461337644 -4.02511929
v 7.77839472 0.384005295 -4.05640643
v 7.79492377 0.461337644 -4.02511929
v 7.79492377 1.27775474 -4.02511929
v 7.77839472 1.35508709 -4.05640643
v 7.87579806 1.28956121 -4.02511929
v 7.87284644 1.38637423 -4.05050319
v 7.87579806 0.449531179 -4.02511929
v 7.8716658 0.35448913 -4.05050319
v 7.97024978 1.38342261 -4.02511929
v 7.90354325 1.48082595 -4.05640643
v 7.95608202 1.30077735 -4.02511929
v 7.96788849 0.357440747 -4.02511929
v 7.90236261 0.261218052 -4.0558161
v 7.95608202 0.438315036 -4.02511929
v 8.75833136 1.30077735 -4.02511929
v 7.97910463 0.277156781 -4.02511929
v 7.90413358 -6.57649652 -4.05758707
v 7.9832369 -6.57649652 -4.02511929
v 8.73176682 -6.57649652 -4.02511929
v 8.73058617 0.273614841 -4.02511929
v 8.74475393 0.355669777 -4.02511929
v 8.81087014 0.258266436 -4.05640643
v 8.81087014 -6.57649652 -4.05758707
v 8.84215727 0.353308484 -4.05050319
v 8.75833136 0.438315036 -4.02511929
v 8.83920565 0.449531179 -4.02511929
v 8.93601867 0.384005295 -4.05640643
v 8.83920565 1.28956121 -4.02511929
v 8.91948962 0.461337644 -4.02511929
v 9.57356782 0.385776264 -4.05758707
v 8.91948962 1.27775474 -4.02511929
v 9.57356782 0.464879584 -4.02511929
v 9.65267113 0.464879584 -4.05758707
v 9.63791305 0.400534346 -4.07234516
v 9.65267113 1.2742128 -4.05758707
v 9.57356782 1.2742128 -4.02511929
v 9.57356782 1.35331612 -4.05758707
v 9.63791305 1.33855804 -4.07234516
v 8.93601867 1.35508709 -4.05640643
v 8.84274759 1.38519358 -4.04991287
v 8.74711522 1.38165164 -4.02511929
v 8.81264111 1.47787433 -4.0558161
v 8.73530876 1.46252593 -4.02511929
v 8.81087014 4.37045841 -4.05640643
v 7.98382722 1.46547755 -4.02511929
v 8.73058617 4.38580682 -4.02511929
v 7.97910463 4.38934876 -4.02511929
v 7.90236261 4.37341003 -4.0558161
v 7.96788849 4.46963272 -4.02511929
v 8.74475393 4.46786175 -4.02511929
v 8.84215727 4.46550046 -4.05050319
v 7.95608202 4.55050701 -4.02511929
v 8.83920565 4.56172316 -4.02511929
v 8.93601867 4.49619727 -4.05640643
v 7.95608202 5.41355965 -4.02511929
v 8.75833136 4.55050701 -4.02511929
v 8.75833136 5.41355965 -4.02511929
v 8.83920565 5.40175319 -4.02511929
v 8.91948962 4.57352962 -4.02511929
v 9.57356782 4.49796824 -4.05758707
v 8.74711522 5.49384362 -4.02511929
v 8.91948962 5.39053704 -4.02511929
v 9.57356782 4.57707156 -4.02511929
v 9.65267113 4.57707156 -4.05758707
v 9.63791305 4.51272632 -4.07234516
v 9.65267113 5.38640478 -4.05758707
v 9.57356782 5.38640478 -4.02511929
v 9.57356782 5.4655081 -4.05758707
v 9.63791305 5.45075002 -4.07234516
v 8.93601867 5.46727907 -4.05640643
v 8.84274759 5.49738556 -4.04991287
v 8.81264111 5.59006631 -4.0558161
v 8.73530876 5.57471791 -4.02511929
v 8.81087014 6.42478343 -4.05758707
v 8.73176682 6.42478343 -4.02511929
v 7.98382722 5.57825985 -4.02511929
v 7.9832369 6.42478343 -4.02511929
v 7.90413358 6.42478343 -4.05758707
v -8.77486042 6.42478343 -5.04224631
v -8.74357328 5.59006631 -5.1231206
v -8.74180231 6.42478343 -5.1207593
v -8.77486042 5.60600504 -5.04637857
v -8.80673787 5.52985334 -5.04519792
v -8.77427009 5.49738556 -5.12843351
v -8.80673787 5.53044366 -4.1343291
v -8.77486042 5.60777601 -4.13491942
v -8.77486042 6.42478343 -4.13669039
v -8.74180231 6.42478343 -4.05758707
v -8.74239264 5.59301793 -4.05640643
v -8.77308945 5.4985662 -4.05050319
v -8.66269899 -6.57649652 -5.15381741
v -8.74239264 0.258266436 -5.12253027
v -8.74180231 -6.57649652 -5.1207593
v -8.66210867 0.273614841 -5.15381741
v -7.91062713 0.277156781 -5.15381741
v -7.91416907 -6.57649652 -5.15381741
v -7.83506575 -6.57649652 -5.1207593
v -7.83329478 0.261218052 -5.1231206
v -7.89882067 0.357440747 -5.15381741
v -7.80318829 0.35448913 -5.12843351
v -8.6756861 0.355669777 -5.15381741
v -8.77308945 0.353308484 -5.12843351
v -7.80673023 0.449531179 -5.15381741
v -7.70991722 0.384005295 -5.12253027
v -7.88760452 0.438315036 -5.15381741
v -8.77013783 0.449531179 -5.15381741
v -8.86754117 0.384005295 -5.12253027
v -8.68985386 0.438315036 -5.15381741
v -7.88760452 1.30077735 -5.15381741
v -8.85101212 0.461337644 -5.15381741
v -9.57356782 0.385776264 -5.1207593
v -7.72644627 0.461337644 -5.15381741
v -7.80673023 1.28956121 -5.15381741
v 7.79492377 0.461337644 -5.15381741
v 7.77839472 0.384005295 -5.12253027
v 7.87579806 0.449531179 -5.15381741
v 7.87284644 0.353308484 -5.12843351
v 7.79492377 1.27775474 -5.15381741
v -7.72644627 1.27775474 -5.15381741
v 7.97024978 0.355669777 -5.15381741
v 7.90354325 0.258266436 -5.12253027
v -9.57356782 0.464879584 -5.15381741
v -9.65267113 0.464879584 -5.1207593
v -9.63791305 0.400534346 -5.10659155
v -9.65267113 1.2742128 -5.1207593
v -8.85101212 1.27775474 -5.15381741
v -9.57356782 1.2742128 -5.15381741
v -9.57356782 1.35331612 -5.1207593
v -9.63791305 1.33855804 -5.10659155
v -8.86754117 1.35508709 -5.12253027
v -8.77013783 1.28956121 -5.15381741
v -8.77427009 1.38519358 -5.12843351
v -8.68985386 1.30077735 -5.15381741
v -8.6780474 1.38165164 -5.15381741
v -8.74357328 1.47787433 -5.1231206
v -7.90177228 1.38342261 -5.15381741
v -8.66683126 1.46252593 -5.15381741
v -8.74239264 4.37045841 -5.12253027
v -7.91534972 1.46547755 -5.15381741
v -7.80436894 1.38637423 -5.12843351
v -7.70991722 1.35508709 -5.12253027
v -7.83506575 1.48082595 -5.12253027
v 7.77839472 1.35508709 -5.12253027
v -7.91062713 4.38934876 -5.15381741
v -7.83329478 4.37341003 -5.1231206
v 7.87579806 1.28956121 -5.15381741
v 7.8716658 1.38519358 -5.12843351
v -8.66210867 4.38580682 -5.15381741
v -7.89882067 4.46963272 -5.15381741
v -7.80318829 4.46668111 -5.12843351
v -8.6756861 4.46786175 -5.15381741
v -8.77308945 4.46550046 -5.12843351
v -7.80673023 4.56172316 -5.15381741
v -7.70991722 4.49619727 -5.12253027
v 7.95608202 0.438315036 -5.15381741
v -7.88760452 4.55050701 -5.15381741
v -8.77013783 4.56172316 -5.15381741
v -8.86754117 4.49619727 -5.12253027
v -8.68985386 4.55050701 -5.15381741
v -7.88760452 5.41355965 -5.15381741
v -8.85101212 4.57352962 -5.15381741
v -9.57356782 4.49796824 -5.1207593
v -7.72644627 4.57352962 -5.15381741
v -7.80673023 5.40175319 -5.15381741
v 7.79492377 4.57352962 -5.15381741
v 7.77839472 4.49619727 -5.12253027
v 7.87579806 4.56172316 -5.15381741
v 7.87284644 4.46550046 -5.12843351
v 7.79492377 5.39053704 -5.15381741
v -7.72644627 5.39053704 -5.15381741
v 7.97024978 4.46786175 -5.15381741
v 7.90354325 4.37045841 -5.12253027
v -9.57356782 4.57707156 -5.15381741
v -9.65267113 4.57707156 -5.1207593
v -9.63791305 4.51272632 -5.10659155
v -9.65267113 5.38640478 -5.1207593
v -8.85101212 5.39053704 -5.15381741
v -9.57356782 5.38640478 -5.15381741
v -9.57356782 5.4655081 -5.1207593
v -9.63791305 5.45075002 -5.10659155
v -8.86754117 5.46727907 -5.12253027
v -8.77013783 5.40175319 -5.15381741
v -8.77427009 5.49738556 -5.12843351
v -8.68985386 5.41355965 -5.15381741
v -8.6780474 5.49384362 -5.15381741
v -8.74357328 5.59006631 -5.1231206
v -7.90177228 5.49561459 -5.15381741
v -8.66683126 5.57471791 -5.15381741
v -8.74180231 6.42478343 -5.1207593
v -8.66269899 6.42478343 -5.15381741
v -7.91416907 6.42478343 -5.15381741
v -7.91534972 5.57825985 -5.15381741
v -7.83506575 5.59301793 -5.12253027
v -7.83506575 6.42478343 -5.1207593
v -7.80377862 5.4985662 -5.12843351
v -7.70991722 5.46727907 -5.12253027
v 7.77839472 5.46727907 -5.12253027
v 7.87579806 5.40175319 -5.15381741
v 7.8716658 5.49738556 -5.12843351
v 7.95608202 4.55050701 -5.15381741
v 7.96788849 5.49384362 -5.15381741
v 7.90236261 5.59006631 -5.1231206
v 7.95608202 5.41355965 -5.15381741
v 8.75833136 4.55050701 -5.15381741
v 7.97910463 5.57471791 -5.15381741
v 7.90413358 6.42478343 -5.1207593
v 7.9832369 6.42478343 -5.15381741
v 8.73058617 5.57825985 -5.15381741
v 8.73176682 6.42478343 -5.15381741
v 8.74475393 5.49561459 -5.15381741
v 8.81087014 5.59301793 -5.12253027
v 8.81087014 6.42478343 -5.1207593
v 8.84215727 5.4985662 -5.12843351
v 8.75833136 5.41355965 -5.15381741
v 8.83920565 5.40175319 -5.15381741
v 8.93601867 5.46727907 -5.12253027
v 8.83920565 4.56172316 -5.15381741
v 8.91948962 5.39053704 -5.15381741
v 9.57356782 5.4655081 -5.1207593
v 8.91948962 4.57352962 -5.15381741
v 9.57356782 5.38640478 -5.15381741
v 9.65267113 5.38640478 -5.1207593
v 9.63791305 5.45075002 -5.10659155
v 9.65267113 4.57707156 -5.1207593
v 9.57356782 4.57707156 -5.15381741
v 9.57356782 4.49796824 -5.1207593
v 9.63791305 4.51272632 -5.10659155
v 8.93601867 4.49619727 -5.12253027
v 8.84274759 4.46668111 -5.12843351
v 8.74711522 4.46963272 -5.15381741
v 8.81264111 4.37341003 -5.1231206
v 8.73530876 4.38934876 -5.15381741
v 8.81087014 1.48082595 -5.12253027
v 7.98382722 4.38580682 -5.15381741
v 8.73058617 1.46547755 -5.15381741
v 7.97910463 1.46252593 -5.15381741
v 7.90236261 1.47787433 -5.1231206
v 7.96788849 1.38165164 -5.15381741
v 8.74475393 1.38342261 -5.15381741
v 8.84215727 1.38637423 -5.12843351
v 7.95608202 1.30077735 -5.15381741
v 8.83920565 1.28956121 -5.15381741
v 8.93601867 1.35508709 -5.12253027
v 8.75833136 0.438315036 -5.15381741
v 8.75833136 1.30077735 -5.15381741
v 8.83920565 0.449531179 -5.15381741
v 8.91948962 1.27775474 -5.15381741
v 9.57356782 1.35331612 -5.1207593
v 8.74711522 0.357440747 -5.15381741
v 8.91948962 0.461337644 -5.15381741
v 9.57356782 1.2742128 -5.15381741
v 9.65267113 1.2742128 -5.1207593
v 9.63791305 1.33855804 -5.10659155
v 9.65267113 0.464879584 -5.1207593
v 9.57356782 0.464879584 -5.15381741
v 9.57356782 0.385776264 -5.1207593
v 9.63791305 0.400534346 -5.10659155
v 8.93601867 0.384005295 -5.12253027
v 8.84274759 0.353898807 -5.12843351
v 8.81264111 0.261218052 -5.1231206
v 8.73530876 0.277156781 -5.15381741
v 8.81087014 -6.57649652 -5.1207593
v 8.73176682 -6.57649652 -5.15381741
v 7.9832369 -6.57649652 -5.15381741
v 7.98382722 0.273614841 -5.15381741
v 7.90413358 -6.57649652 -5.1207593
v -7.80259797 -6.57649652 -5.04224631
v -7.83329478 0.261218052 -5.1231206
v -7.83506575 -6.57649652 -5.1207593
v -7.80259797 0.245869647 -5.04637857
v -7.77072051 0.32202135 -5.04519792
v -7.80318829 0.35448913 -5.12843351
v -7.77072051 0.321431027 -4.13491942
v -7.80259797 0.243508354 -4.13491942
v -7.80259797 -6.57649652 -4.13669039
v -7.83506575 -6.57649652 -4.05758707
v -7.83506575 0.258266436 -4.05640643
v -7.80377862 0.353308484 -4.05050319
v -7.80259797 6.42478343 -4.13669039
v -7.83329478 5.59006631 -4.0558161
v -7.83506575 6.42478343 -4.05758707
v -7.80259797 5.60600504 -4.13255813
v -7.77072051 5.52985334 -4.13373878
v -7.80318829 5.49738556 -4.04991287
v -7.77072051 5.53044366 -5.04401728
v -7.80259797 5.60777601 -5.04401728
v -7.80259797 6.42478343 -5.04224631
v -7.83506575 6.42478343 -5.1207593
v -7.83506575 5.59301793 -5.12253027
v -7.80377862 5.4985662 -5.12843351
v 7.87107547 -6.57649652 -4.13669039
v 7.90236261 0.261218052 -4.0558161
v 7.90413358 -6.57649652 -4.05758707
v 7.87107547 0.245869647 -4.13255813
v 7.83919801 0.32202135 -4.13373878
v 7.8716658 0.35448913 -4.05050319
v 7.83919801 0.321431027 -5.04401728
v 7.87107547 0.243508354 -5.04401728
v 7.87107547 -6.57649652 -5.04224631
v 7.90413358 -6.57649652 -5.1207593
v 7.90354325 0.258266436 -5.12253027
v 7.87284644 0.353308484 -5.12843351
v 7.87107547 6.42478343 -5.04224631
v 7.90236261 5.59006631 -5.1231206
v 7.90413358 6.42478343 -5.1207593
v 7.87107547 5.60600504 -5.04637857
v 7.83919801 5.52985334 -5.04519792
v 7.8716658 5.49738556 -5.12843351
v 7.83919801 5.53044366 -4.13491942
v 7.87107547 5.60777601 -4.13491942
v 7.87107547 6.42478343 -4.13669039
v 7.90413358 6.42478343 -4.05758707
v 7.90354325 5.59301793 -4.05640643
v 7.87284644 5.4985662 -4.05050319
v 8.84333792 -6.57649652 -5.04224631
v 8.81264111 0.261218052 -5.1231206
v 8.81087014 -6.57649652 -5.1207593
v 8.84333792 0.245869647 -5.04637857
v 8.87521537 0.32202135 -5.04519792
v 8.84274759 0.353898807 -5.12843351
v 8.87521537 0.321431027 -4.13491942
v 8.84333792 0.243508354 -4.13491942
v 8.84333792 -6.57649652 -4.13669039
v 8.81087014 -6.57649652 -4.05758707
v 8.81087014 0.258266436 -4.05640643
v 8.84215727 0.353308484 -4.05050319
v 8.84333792 6.42478343 -4.13669039
v 8.81264111 5.59006631 -4.0558161
v 8.81087014 6.42478343 -4.05758707
v 8.84333792 5.60600504 -4.13255813
v 8.84333792 6.42478343 -5.04224631
v 8.87521537 5.52985334 -4.13373878
v 8.84274759 5.49738556 -4.04991287
v 8.87521537 5.53044366 -5.04401728
v 8.84333792 5.60777601 -5.04401728
v 8.81087014 6.42478343 -5.1207593
v 8.81087014 5.59301793 -5.12253027
v 8.84215727 5.4985662 -5.12843351
v -8.77013783 0.449531179 5.22288523
v -8.77427009 0.353898807 5.19750133
v -8.86754117 0.384005295 5.1915981
v -8.85101212 0.461337644 5.22288523
v -8.77013783 1.28956121 5.22288523
v -9.57356782 0.464879584 5.22288523
v -9.57356782 0.385776264 5.18982713
v -9.65267113 0.464879584 5.18982713
v -9.63791305 0.400534346 5.17565937
v -9.57356782 1.2742128 5.22288523
v -9.65267113 1.2742128 5.18982713
v -8.85101212 1.27775474 5.22288523
v -9.57356782 1.35331612 5.18982713
v -9.63791305 1.33855804 5.17565937
v -8.86754117 1.35508709 5.1915981
v -8.77308945 1.38637423 5.19750133
v -8.86754117 0.384005295 5.1915981
v -8.77427009 0.353898807 5.19750133
v -8.80673787 0.32202135 5.11426575
v -8.88407022 0.353308484 5.1130851
v -9.57356782 0.385776264 5.18982713
v -8.88407022 0.353308484 4.20339692
v -8.80673787 0.321431027 4.20339692
v -9.57356782 0.353308484 5.11072381
v -8.86754117 0.384005295 4.12547425
v -8.77308945 0.353308484 4.11957102
v -9.57356782 0.353308484 4.20575822
v -9.57356782 0.385776264 4.1266549
v -9.65267113 0.385776264 4.20575822
v -9.63791305 0.400534346 4.14141298
v -9.65267113 0.385776264 5.11072381
v -9.63791305 0.400534346 5.17565937
v -8.86754117 5.46727907 4.12547425
v -8.77427009 5.49738556 4.1189807
v -8.80673787 5.52985334 4.20221628
v -8.88407022 5.4985662 4.20339692
v -9.57356782 5.4655081 4.1266549
v -8.88407022 5.4985662 5.1130851
v -8.80673787 5.53044366 5.1130851
v -9.57356782 5.4985662 4.20575822
v -8.86754117 5.46727907 5.1915981
v -8.77308945 5.4985662 5.19750133
v -9.57356782 5.4985662 5.11072381
v -9.57356782 5.4655081 5.18982713
v -9.65267113 5.4655081 5.11072381
v -9.63791305 5.45075002 5.17565937
v -9.65267113 5.4655081 4.20575822
v -9.63791305 5.45075002 4.14141298
v -7.77072051 5.53044366 4.20339692
v -7.80377862 5.4985662 4.11957102
v -7.70991722 5.46727907 4.12547425
v -7.69279784 5.4985662 4.20339692
v -7.77072051 5.52985334 5.11426575
v 7.76186566 5.4985662 4.20339692
v 7.77839472 5.46727907 4.12547425
v 7.83919801 5.52985334 4.2028066
v 7.8716658 5.49738556 4.1189807
v 7.76186566 5.4985662 5.1130851
v 7.83919801 5.53044366 5.1130851
v -7.69279784 5.4985662 5.1130851
v 7.77839472 5.46727907 5.1915981
v 7.87284644 5.4985662 5.19750133
v -7.70991722 5.46727907 5.1915981
v -7.80318829 5.49738556 5.19750133
v 7.77839472 0.384005295 5.1915981
v 7.8716658 0.35448913 5.19750133
v 7.83919801 0.32202135 5.11426575
v 7.76186566 0.353308484 5.1130851
v -7.70991722 0.384005295 5.1915981
v 7.76186566 0.353308484 4.20339692
v 7.83919801 0.321431027 4.20339692
v -7.69279784 0.353308484 5.1130851
v 7.77839472 0.384005295 4.12547425
v 7.87284644 0.353308484 4.11957102
v -7.69279784 0.353308484 4.20339692
v -7.70991722 0.384005295 4.12547425
v -7.77072051 0.32202135 4.2028066
v -7.80318829 0.35448913 4.1189807
v -7.77072051 0.321431027 5.1130851
v -7.80377862 0.353308484 5.19750133
v 8.87521537 5.53044366 4.20339692
v 8.84215727 5.4985662 4.11957102
v 8.93601867 5.46727907 4.12547425
v 8.95313805 5.4985662 4.20339692
v 8.87521537 5.52985334 5.11426575
v 9.57356782 5.4985662 4.20575822
v 9.57356782 5.4655081 4.1266549
v 9.65267113 5.4655081 4.20575822
v 9.63791305 5.45075002 4.14141298
v 9.57356782 5.4985662 5.11072381
v 9.65267113 5.4655081 5.11072381
v 8.95313805 5.4985662 5.1130851
v 9.57356782 5.4655081 5.18982713
v 9.63791305 5.45075002 5.17565937
v 8.93601867 5.46727907 5.1915981
v 8.84274759 5.49738556 5.19750133
v -8.77013783 0.449531179 -4.02511929
v -8.77427009 0.353898807 -4.04991287
v -8.86754117 0.384005295 -4.05640643
v -8.85101212 0.461337644 -4.02511929
v -8.77013783 1.28956121 -4.02511929
v -9.57356782 0.464879584 -4.02511929
v -9.57356782 0.385776264 -4.05758707
v -9.65267113 0.464879584 -4.05758707
v -9.63791305 0.400534346 -4.07234516
v -9.57356782 1.2742128 -4.02511929
v -9.65267113 1.2742128 -4.05758707
v -8.85101212 1.27775474 -4.02511929
v -9.57356782 1.35331612 -4.05758707
v -9.63791305 1.33855804 -4.07234516
v -8.86754117 1.35508709 -4.05640643
v -8.77308945 1.38637423 -4.05050319
v -8.86754117 0.384005295 -4.05640643
v -8.77427009 0.353898807 -4.04991287
v -8.80673787 0.32202135 -4.13373878
v -8.88407022 0.353308484 -4.13491942
v -9.57356782 0.385776264 -4.05758707
v -8.88407022 0.353308484 -5.04401728
v -8.80673787 0.321431027 -5.04401728
v -9.57356782 0.353308484 -4.13669039
v -8.86754117 0.384005295 -5.12253027
v -8.77308945 0.353308484 -5.12843351
v -9.57356782 0.353308484 -5.04224631
v -9.57356782 0.385776264 -5.1207593
v -9.65267113 0.385776264 -5.04165598
v -9.63791305 0.400534346 -5.10659155
v -9.65267113 0.385776264 -4.13669039
v -9.63791305 0.400534346 -4.07234516
v -8.86754117 5.46727907 -5.12253027
v -8.77427009 5.49738556 -5.12843351
v -8.80673787 5.52985334 -5.04519792
v -8.88407022 5.4985662 -5.04401728
v -9.57356782 5.4655081 -5.1207593
v -8.88407022 5.4985662 -4.13491942
v -8.80673787 5.53044366 -4.1343291
v -9.57356782 5.4985662 -5.04224631
v -8.86754117 5.46727907 -4.05640643
v -8.77308945 5.4985662 -4.05050319
v -9.57356782 5.4985662 -4.13669039
v -9.57356782 5.4655081 -4.05758707
v -9.65267113 5.4655081 -4.13669039
v -9.63791305 5.45075002 -4.07234516
v -9.65267113 5.4655081 -5.04165598
v -9.63791305 5.45075002 -5.10659155
v -7.77072051 5.53044366 -5.04401728
v -7.80377862 5.4985662 -5.12843351
v -7.70991722 5.46727907 -5.12253027
v -7.69279784 5.4985662 -5.04401728
v -7.77072051 5.52985334 -4.13373878
v 7.76186566 5.4985662 -5.04401728
v 7.77839472 5.46727907 -5.12253027
v 7.83919801 5.52985334 -5.04519792
v 7.8716658 5.49738556 -5.12843351
v 7.76186566 5.4985662 -4.13491942
v 7.83919801 5.53044366 -4.13491942
v -7.69279784 5.4985662 -4.13491942
v 7.77839472 5.46727907 -4.05640643
v 7.87284644 5.4985662 -4.05050319
v -7.70991722 5.46727907 -4.05640643
v -7.80318829 5.49738556 -4.04991287
v 7.77839472 0.384005295 -4.05640643
v 7.8716658 0.35448913 -4.05050319
v 7.83919801 0.32202135 -4.13373878
v 7.76186566 0.353308484 -4.13491942
v -7.70991722 0.384005295 -4.05640643
v 7.76186566 0.353308484 -5.04401728
v 7.83919801 0.321431027 -5.04401728
v -7.69279784 0.353308484 -4.13491942
v 7.77839472 0.384005295 -5.12253027
v 7.87284644 0.353308484 -5.12843351
v -7.69279784 0.353308484 -5.04401728
v -7.70991722 0.384005295 -5.12253027
v -7.77072051 0.32202135 -5.04519792
v -7.80318829 0.35448913 -5.12843351
v -7.77072051 0.321431027 -4.13491942
v -7.80377862 0.353308484 -4.05050319
v 8.87521537 5.53044366 -5.04401728
v 8.84215727 5.4985662 -5.12843351
v 8.93601867 5.46727907 -5.12253027
v 8.95313805 5.4985662 -5.04401728
v 8.87521537 5.52985334 -4.13373878
v 9.57356782 5.4985662 -5.04224631
v 9.57356782 5.4655081 -5.1207593
v 9.65267113 5.4655081 -5.04165598
v 9.63791305 5.45075002 -5.10659155
v 9.57356782 5.4985662 -4.13669039
v 9.65267113 5.4655081 -4.13669039
v 8.95313805 5.4985662 -4.13491942
v 9.57356782 5.4655081 -4.05758707
v 9.63791305 5.45075002 -4.07234516
v 8.93601867 5.46727907 -4.05640643
v 8.84274759 5.49738556 -4.04991287
v 8.87521537 0.321431027 5.1130851
v 8.84215727 0.353308484 5.19750133
v 8.93601867 0.384005295 5.1915981
v 8.95313805 0.353308484 5.1130851
v 8.87521537 0.32202135 4.2028066
v 9.57356782 0.353308484 5.11072381
v 9.57356782 0.385776264 5.18982713
v 9.65267113 0.385776264 5.11072381
v 9.63791305 0.400534346 5.17565937
v 9.57356782 0.353308484 4.20575822
v 9.65267113 0.385776264 4.20575822
v 8.95313805 0.353308484 4.20339692
v 9.57356782 0.385776264 4.1266549
v 9.63791305 0.400534346 4.14141298
v 8.93601867 0.384005295 4.12547425
v 8.84274759 0.353898807 4.1189807
v 7.83919801 1.41825168 5.1130851
v 7.87284644 1.38637423 5.19750133
v 7.77839472 1.35508709 5.1915981
v 7.76186566 1.3857839 5.1130851
v 7.83919801 1.41766136 4.2028066
v -7.69279784 1.3857839 5.1130851
v -7.70991722 1.35508709 5.1915981
v -7.77072051 1.41766136 5.11426575
v -7.80318829 1.38519358 5.19750133
v -7.69279784 1.3857839 4.20339692
v -7.77072051 1.41825168 4.20398725
v 7.76186566 1.3857839 4.20339692
v -7.70991722 1.35508709 4.12547425
v -7.80436894 1.38637423 4.11957102
v 7.77839472 1.35508709 4.12547425
v 7.8716658 1.38519358 4.1189807
v 7.90354325 1.48082595 5.19100777
v 7.87284644 1.38637423 5.19750133
v 7.83919801 1.41825168 5.1130851
v 7.87107547 1.49558403 5.1130851
v 7.90236261 4.37341003 5.19218842
v 7.87107547 1.49381306 4.20162595
v 7.83919801 1.41766136 4.2028066
v 7.90236261 1.47787433 4.12488393
v 7.8716658 1.38519358 4.1189807
v 7.87107547 4.35570033 4.20339692
v 7.90354325 4.37045841 4.12547425
v 7.87107547 4.35806162 5.11485607
v 7.83919801 4.433623 4.20398725
v 7.87284644 4.46550046 4.11957102
v 7.83919801 4.43421333 5.11426575
v 7.8716658 4.46668111 5.19750133
v 8.87521537 4.433623 5.1130851
v 8.84215727 4.46550046 5.19750133
v 8.93601867 4.49619727 5.1915981
v 8.95313805 4.46550046 5.1130851
v 8.87521537 4.43421333 4.2028066
v 9.57356782 4.46550046 5.11072381
v 9.57356782 4.49796824 5.18982713
v 9.65267113 4.49796824 5.11072381
v 9.63791305 4.51272632 5.17565937
v 9.57356782 4.46550046 4.20575822
v 9.65267113 4.49796824 4.20575822
v 8.95313805 4.46550046 4.20339692
v 9.57356782 4.49796824 4.1266549
v 9.63791305 4.51272632 4.14141298
v 8.93601867 4.49619727 4.12547425
v 8.84274759 4.46668111 4.1189807
v 8.81087014 4.37045841 5.19100777
v 8.84215727 4.46550046 5.19750133
v 8.87521537 4.433623 5.1130851
v 8.84333792 4.35570033 5.1130851
v 8.81264111 1.47787433 5.19218842
v 8.84333792 4.35806162 4.20162595
v 8.87521537 4.43421333 4.2028066
v 8.81264111 4.37341003 4.12488393
v 8.84274759 4.46668111 4.1189807
v 8.84333792 1.49558403 4.20339692
v 8.81087014 1.48082595 4.12547425
v 8.84333792 1.49381306 5.11485607
v 8.87521537 1.41825168 4.20339692
v 8.84215727 1.38637423 4.11957102
v 8.87521537 1.41766136 5.11426575
v 8.84274759 1.38519358 5.19750133
v 8.93601867 1.35508709 5.1915981
v 8.84274759 1.38519358 5.19750133
v 8.87521537 1.41766136 5.11426575
v 8.95313805 1.3857839 5.1130851
v 9.57356782 1.35331612 5.18982713
v 8.95313805 1.3857839 4.20339692
v 8.87521537 1.41825168 4.20339692
v 9.57356782 1.3857839 5.11072381
v 8.93601867 1.35508709 4.12547425
v 8.84215727 1.38637423 4.11957102
v 9.57356782 1.3857839 4.20575822
v 9.57356782 1.35331612 4.1266549
v 9.65267113 1.35331612 4.20575822
v 9.63791305 1.33855804 4.14141298
v 9.65267113 1.35331612 5.11072381
v 9.63791305 1.33855804 5.17565937
v 7.83919801 4.433623 4.20398725
v 7.87284644 4.46550046 4.11957102
v 7.77839472 4.49619727 4.12547425
v 7.76186566 4.46550046 4.20339692
v 7.83919801 4.43421333 5.11426575
v -7.69279784 4.46550046 4.20339692
v -7.70991722 4.49619727 4.12547425
v -7.77072051 4.43421333 4.2028066
v -7.80318829 4.46668111 4.1189807
v -7.69279784 4.46550046 5.1130851
v -7.77072051 4.433623 5.1130851
v 7.76186566 4.46550046 5.1130851
v -7.70991722 4.49619727 5.1915981
v -7.80436894 4.46550046 5.19750133
v 7.77839472 4.49619727 5.1915981
v 7.8716658 4.46668111 5.19750133
v -8.80673787 1.41825168 5.1130851
v -8.77308945 1.38637423 5.19750133
v -8.86754117 1.35508709 5.1915981
v -8.88407022 1.3857839 5.1130851
v -8.80673787 1.41766136 4.2028066
v -9.57356782 1.3857839 5.11072381
v -9.57356782 1.35331612 5.18982713
v -9.65267113 1.35331612 5.11072381
v -9.63791305 1.33855804 5.17565937
v -9.57356782 1.3857839 4.20575822
v -9.65267113 1.35331612 4.20575822
v -8.88407022 1.3857839 4.20339692
v -9.57356782 1.35331612 4.1266549
v -9.63791305 1.33855804 4.14141298
v -8.86754117 1.35508709 4.12547425
v -8.77427009 1.38519358 4.1189807
v -8.74239264 1.48082595 5.19100777
v -8.77308945 1.38637423 5.19750133
v -8.80673787 1.41825168 5.1130851
v -8.77486042 1.49558403 5.1130851
v -8.74357328 4.37341003 5.19218842
v -8.77486042 1.49381306 4.20162595
v -8.80673787 1.41766136 4.2028066
v -8.74357328 1.47787433 4.12488393
v -8.77427009 1.38519358 4.1189807
v -8.77486042 4.35570033 4.20339692
v -8.74239264 4.37045841 4.12547425
v -8.77486042 4.35806162 5.11485607
v -8.80673787 4.433623 4.20339692
v -8.77308945 4.46550046 4.11957102
v -8.80673787 4.43421333 5.11426575
v -8.77427009 4.46668111 5.19750133
v -7.83506575 4.37045841 5.19100777
v -7.80436894 4.46550046 5.19750133
v -7.77072051 4.433623 5.1130851
v -7.80259797 4.35570033 5.1130851
v -7.83329478 1.47787433 5.19218842
v -7.80259797 4.35806162 4.20162595
v -7.77072051 4.43421333 4.2028066
v -7.83329478 4.37341003 4.12488393
v -7.80318829 4.46668111 4.1189807
v -7.80259797 1.49558403 4.20339692
v -7.83506575 1.48082595 4.12547425
v -7.80259797 1.49381306 5.11485607
v -7.77072051 1.41825168 4.20398725
v -7.80436894 1.38637423 4.11957102
v -7.77072051 1.41766136 5.11426575
v -7.80318829 1.38519358 5.19750133
v -8.80673787 4.433623 4.20339692
v -8.77308945 4.46550046 4.11957102
v -8.86754117 4.49619727 4.12547425
v -8.88407022 4.46550046 4.20339692
v -8.80673787 4.43421333 5.11426575
v -9.57356782 4.46550046 4.20575822
v -9.57356782 4.49796824 4.1266549
v -9.65267113 4.49796824 4.20575822
v -9.63791305 4.51272632 4.14141298
v -9.57356782 4.46550046 5.11072381
v -9.65267113 4.49796824 5.11072381
v -8.88407022 4.46550046 5.1130851
v -9.57356782 4.49796824 5.18982713
v -9.63791305 4.51272632 5.17565937
v -8.86754117 4.49619727 5.1915981
v -8.77427009 4.46668111 5.19750133
v -8.77013783 4.56172316 5.22288523
v -8.77427009 4.46668111 5.19750133
v -8.86754117 4.49619727 5.1915981
v -8.85101212 4.57352962 5.22288523
v -8.77013783 5.40175319 5.22288523
v -9.57356782 4.57707156 5.22288523
v -9.57356782 4.49796824 5.18982713
v -9.65267113 4.57707156 5.18982713
v -9.63791305 4.51272632 5.17565937
v -9.57356782 5.38640478 5.22288523
v -9.65267113 5.38640478 5.18982713
v -8.85101212 5.39053704 5.22288523
v -9.57356782 5.4655081 5.18982713
v -9.63791305 5.45075002 5.17565937
v -8.86754117 5.46727907 5.1915981
v -8.77308945 5.4985662 5.19750133
v -8.80673787 1.41825168 -4.13491942
v -8.77308945 1.38637423 -4.05050319
v -8.86754117 1.35508709 -4.05640643
v -8.88407022 1.3857839 -4.13491942
v -8.80673787 1.41766136 -5.04519792
v -9.57356782 1.3857839 -4.13669039
v -9.57356782 1.35331612 -4.05758707
v -9.65267113 1.35331612 -4.13669039
v -9.63791305 1.33855804 -4.07234516
v -9.57356782 1.3857839 -5.04224631
v -9.65267113 1.35331612 -5.04165598
v -8.88407022 1.3857839 -5.04401728
v -9.57356782 1.35331612 -5.1207593
v -9.63791305 1.33855804 -5.10659155
v -8.86754117 1.35508709 -5.12253027
v -8.77427009 1.38519358 -5.12843351
v -8.74239264 1.48082595 -4.05640643
v -8.77308945 1.38637423 -4.05050319
v -8.80673787 1.41825168 -4.13491942
v -8.77486042 1.49558403 -4.13491942
v -8.74357328 4.37341003 -4.0558161
v -8.77486042 1.49381306 -5.04637857
v -8.80673787 1.41766136 -5.04519792
v -8.74357328 1.47787433 -5.1231206
v -8.77427009 1.38519358 -5.12843351
v -8.77486042 4.35570033 -5.04401728
v -8.74239264 4.37045841 -5.12253027
v -8.77486042 4.35806162 -4.13255813
v -8.80673787 4.433623 -5.04401728
v -8.77308945 4.46550046 -5.12843351
v -8.80673787 4.43421333 -4.13373878
v -8.77427009 4.46668111 -4.04991287
v -7.77072051 4.433623 -4.13491942
v -7.80436894 4.46550046 -4.05050319
v -7.70991722 4.49619727 -4.05640643
v -7.69279784 4.46550046 -4.13491942
v -7.77072051 4.43421333 -5.04519792
v 7.76186566 4.46550046 -4.13491942
v 7.77839472 4.49619727 -4.05640643
v 7.83919801 4.43421333 -4.13373878
v 7.8716658 4.46668111 -4.05050319
v 7.76186566 4.46550046 -5.04401728
v 7.83919801 4.433623 -5.04401728
v -7.69279784 4.46550046 -5.04401728
v 7.77839472 4.49619727 -5.12253027
v 7.87284644 4.46550046 -5.12843351
v -7.70991722 4.49619727 -5.12253027
v -7.80318829 4.46668111 -5.12843351
v -7.83506575 4.37045841 -4.05640643
v -7.80436894 4.46550046 -4.05050319
v -7.77072051 4.433623 -4.13491942
v -7.80259797 4.35570033 -4.13491942
v -7.83329478 1.47787433 -4.0558161
v -7.80259797 4.35806162 -5.04637857
v -7.77072051 4.43421333 -5.04519792
v -7.83329478 4.37341003 -5.1231206
v -7.80318829 4.46668111 -5.12843351
v -7.80259797 1.49558403 -5.04401728
v -7.83506575 1.48082595 -5.12253027
v -7.80259797 1.49381306 -4.13255813
v -7.77072051 1.41825168 -5.04401728
v -7.80436894 1.38637423 -5.12843351
v -7.77072051 1.41766136 -4.13373878
v -7.80318829 1.38519358 -4.05050319
v -7.70991722 1.35508709 -4.05640643
v -7.80318829 1.38519358 -4.05050319
v -7.77072051 1.41766136 -4.13373878
v -7.69279784 1.3857839 -4.13491942
v 7.77839472 1.35508709 -4.05640643
v -7.69279784 1.3857839 -5.04401728
v -7.77072051 1.41825168 -5.04401728
v 7.76186566 1.3857839 -4.13491942
v -7.70991722 1.35508709 -5.12253027
v -7.80436894 1.38637423 -5.12843351
v 7.76186566 1.3857839 -5.04401728
v 7.77839472 1.35508709 -5.12253027
v 7.83919801 1.41766136 -5.04519792
v 7.8716658 1.38519358 -5.12843351
v 7.83919801 1.41825168 -4.13491942
v 7.87284644 1.38637423 -4.05050319
v -8.80673787 4.433623 -5.04401728
v -8.77308945 4.46550046 -5.12843351
v -8.86754117 4.49619727 -5.12253027
v -8.88407022 4.46550046 -5.04401728
v -8.80673787 4.43421333 -4.13373878
v -9.57356782 4.46550046 -5.04224631
v -9.57356782 4.49796824 -5.1207593
v -9.65267113 4.49796824 -5.04165598
v -9.63791305 4.51272632 -5.10659155
v -9.57356782 4.46550046 -4.13669039
v -9.65267113 4.49796824 -4.13669039
v -8.88407022 4.46550046 -4.13491942
v -9.57356782 4.49796824 -4.05758707
v -9.63791305 4.51272632 -4.07234516
v -8.86754117 4.49619727 -4.05640643
v -8.77427009 4.46668111 -4.04991287
v -8.77013783 4.56172316 -4.02511929
v -8.77427009 4.46668111 -4.04991287
v -8.86754117 4.49619727 -4.05640643
v -8.85101212 4.57352962 -4.02511929
v -8.77013783 5.40175319 -4.02511929
v -9.57356782 4.57707156 -4.02511929
v -9.57356782 4.49796824 -4.05758707
v -9.65267113 4.57707156 -4.05758707
v -9.63791305 4.51272632 -4.07234516
v -9.57356782 5.38640478 -4.02511929
v -9.65267113 5.38640478 -4.05758707
v -8.85101212 5.39053704 -4.02511929
v -9.57356782 5.4655081 -4.05758707
v -9.63791305 5.45075002 -4.07234516
v -8.86754117 5.46727907 -4.05640643
v -8.77308945 5.4985662 -4.05050319
v 7.90354325 1.48082595 -4.05640643
v 7.87284644 1.38637423 -4.05050319
v 7.83919801 1.41825168 -4.13491942
v 7.87107547 1.49558403 -4.13491942
v 7.90236261 4.37341003 -4.0558161
v 7.87107547 1.49381306 -5.04637857
v 7.83919801 1.41766136 -5.04519792
v 7.90236261 1.47787433 -5.1231206
v 7.8716658 1.38519358 -5.12843351
v 7.87107547 4.35570033 -5.04401728
v 7.90354325 4.37045841 -5.12253027
v 7.87107547 4.35806162 -4.13255813
v 7.83919801 4.433623 -5.04401728
v 7.87284644 4.46550046 -5.12843351
v 7.83919801 4.43421333 -4.13373878
v 7.8716658 4.46668111 -4.05050319
v 8.93601867 0.384005295 -5.12253027
v 8.84274759 0.353898807 -5.12843351
v 8.87521537 0.32202135 -5.04519792
v 8.95313805 0.353308484 -5.04401728
v 9.57356782 0.385776264 -5.1207593
v 8.95313805 0.353308484 -4.13491942
v 8.87521537 0.321431027 -4.13491942
v 9.57356782 0.353308484 -5.04224631
v 8.93601867 0.384005295 -4.05640643
v 8.84215727 0.353308484 -4.05050319
v 9.57356782 0.353308484 -4.13669039
v 9.57356782 0.385776264 -4.05758707
v 9.65267113 0.385776264 -4.13669039
v 9.63791305 0.400534346 -4.07234516
v 9.65267113 0.385776264 -5.04165598
v 9.63791305 0.400534346 -5.10659155
v 8.87521537 4.433623 -4.13491942
v 8.84215727 4.46550046 -4.05050319
v 8.93601867 4.49619727 -4.05640643
v 8.95313805 4.46550046 -4.13491942
v 8.87521537 4.43421333 -5.04519792
v 9.57356782 4.46550046 -4.13669039
v 9.57356782 4.49796824 -4.05758707
v 9.65267113 4.49796824 -4.13669039
v 9.63791305 4.51272632 -4.07234516
v 9.57356782 4.46550046 -5.04224631
v 9.65267113 4.49796824 -5.04165598
v 8.95313805 4.46550046 -5.04401728
v 9.57356782 4.49796824 -5.1207593
v 9.63791305 4.51272632 -5.10659155
v 8.93601867 4.49619727 -5.12253027
v 8.84274759 4.46668111 -5.12843351
v 8.81087014 4.37045841 -4.05640643
v 8.84215727 4.46550046 -4.05050319
v 8.87521537 4.433623 -4.13491942
v 8.84333792 4.35570033 -4.13491942
v 8.81264111 1.47787433 -4.0558161
v 8.84333792 4.35806162 -5.04637857
v 8.87521537 4.43421333 -5.04519792
v 8.84333792 1.49381306 -4.13255813
v 8.81264111 4.37341003 -5.1231206
v 8.84274759 4.46668111 -5.12843351
v 8.84333792 1.49558403 -5.04401728
v 8.81087014 1.48082595 -5.12253027
v 8.87521537 1.41825168 -5.04401728
v 8.84215727 1.38637423 -5.12843351
v 8.87521537 1.41766136 -4.13373878
v 8.84274759 1.38519358 -4.04991287
v 8.93601867 1.35508709 -4.05640643
v 8.84274759 1.38519358 -4.04991287
v 8.87521537 1.41766136 -4.13373878
v 8.95313805 1.3857839 -4.13491942
v 9.57356782 1.35331612 -4.05758707
v 8.95313805 1.3857839 -5.04401728
v 8.87521537 1.41825168 -5.04401728
v 9.57356782 1.3857839 -4.13669039
v 8.93601867 1.35508709 -5.12253027
v 8.84215727 1.38637423 -5.12843351
v 9.57356782 1.3857839 -5.04224631
v 9.57356782 1.35331612 -5.1207593
v 9.65267113 1.35331612 -5.04165598
v 9.63791305 1.33855804 -5.10659155
v 9.65267113 1.35331612 -4.13669039
v 9.63791305 1.33855804 -4.07234516
v -9.65267113 0.464879584 5.18982713
v -9.63791305 0.400534346 5.17565937
v -9.65267113 0.385776264 5.11072381
v -9.68513892 0.464879584 5.11072381
v -9.65267113 1.2742128 5.18982713
v -9.68513892 0.464879584 4.20575822
v -9.65267113 0.385776264 4.20575822
v -9.65267113 0.464879584 4.1266549
v -9.63791305 0.400534346 4.14141298
v -9.68513892 1.2742128 4.20575822
v -9.65267113 1.2742128 4.1266549
v -9.68513892 1.2742128 5.11072381
v -9.65267113 1.35331612 4.20575822
v -9.63791305 1.33855804 4.14141298
v -9.65267113 1.35331612 5.11072381
v -9.63791305 1.33855804 5.17565937
v -9.65267113 4.57707156 5.18982713
v -9.63791305 4.51272632 5.17565937
v -9.65267113 4.49796824 5.11072381
v -9.68513892 4.57707156 5.11072381
v -9.65267113 5.38640478 5.18982713
v -9.68513892 4.57707156 4.20575822
v -9.65267113 4.49796824 4.20575822
v -9.65267113 4.57707156 4.1266549
v -9.63791305 4.51272632 4.14141298
v -9.68513892 5.38640478 4.20575822
v -9.65267113 5.38640478 4.1266549
v -9.68513892 5.38640478 5.11072381
v -9.65267113 5.4655081 4.20575822
v -9.63791305 5.45075002 4.14141298
v -9.65267113 5.4655081 5.11072381
v -9.63791305 5.45075002 5.17565937
v -9.65267113 4.57707156 -4.05758707
v -9.63791305 4.51272632 -4.07234516
v -9.65267113 4.49796824 -4.13669039
v -9.68513892 4.57707156 -4.13669039
v -9.65267113 5.38640478 -4.05758707
v -9.68513892 4.57707156 -5.04224631
v -9.65267113 4.49796824 -5.04165598
v -9.65267113 4.57707156 -5.1207593
v -9.63791305 4.51272632 -5.10659155
v -9.68513892 5.38640478 -5.04224631
v -9.65267113 5.38640478 -5.1207593
v -9.68513892 5.38640478 -4.13669039
v -9.65267113 5.4655081 -5.04165598
v -9.63791305 5.45075002 -5.10659155
v -9.65267113 5.4655081 -4.13669039
v -9.63791305 5.45075002 -4.07234516
v -9.65267113 0.464879584 -4.05758707
v -9.63791305 0.400534346 -4.07234516
v -9.65267113 0.385776264 -4.13669039
v -9.68513892 0.464879584 -4.13669039
v -9.65267113 1.2742128 -4.05758707
v -9.68513892 0.464879584 -5.04224631
v -9.65267113 0.385776264 -5.04165598
v -9.65267113 0.464879584 -5.1207593
v -9.63791305 0.400534346 -5.10659155
v -9.68513892 1.2742128 -5.04224631
v -9.65267113 1.2742128 -5.1207593
v -9.68513892 1.2742128 -4.13669039
v -9.65267113 1.35331612 -5.04165598
v -9.63791305 1.33855804 -5.10659155
v -9.65267113 1.35331612 -4.13669039
v -9.63791305 1.33855804 -4.07234516
v 9.65267113 5.4655081 4.20575822
v 9.63791305 5.45075002 4.14141298
v 9.65267113 5.38640478 4.1266549
v 9.68513892 5.38640478 4.20575822
v 9.65267113 5.4655081 5.11072381
v 9.68513892 4.57707156 4.20575822
v 9.65267113 4.57707156 4.1266549
v 9.68513892 5.38640478 5.11072381
v 9.65267113 4.49796824 4.20575822
v 9.63791305 4.51272632 4.14141298
v 9.68513892 4.57707156 5.11072381
v 9.65267113 4.49796824 5.11072381
v 9.65267113 4.57707156 5.18982713
v 9.63791305 4.51272632 5.17565937
v 9.65267113 5.38640478 5.18982713
v 9.63791305 5.45075002 5.17565937
v 9.65267113 1.35331612 4.20575822
v 9.63791305 1.33855804 4.14141298
v 9.65267113 1.2742128 4.1266549
v 9.68513892 1.2742128 4.20575822
v 9.65267113 1.35331612 5.11072381
v 9.68513892 0.464879584 4.20575822
v 9.65267113 0.464879584 4.1266549
v 9.68513892 1.2742128 5.11072381
v 9.65267113 0.385776264 4.20575822
v 9.63791305 0.400534346 4.14141298
v 9.68513892 0.464879584 5.11072381
v 9.65267113 0.385776264 5.11072381
v 9.65267113 0.464879584 5.18982713
v 9.63791305 0.400534346 5.17565937
v 9.65267113 1.2742128 5.18982713
v 9.63791305 1.33855804 5.17565937
v 9.65267113 0.464879584 -5.1207593
v 9.63791305 0.400534346 -5.10659155
v 9.65267113 0.385776264 -5.04165598
v 9.68513892 0.464879584 -5.04224631
v 9.65267113 1.2742128 -5.1207593
v 9.68513892 0.464879584 -4.13669039
v 9.65267113 0.385776264 -4.13669039
v 9.68513892 1.2742128 -5.04224631
v 9.65267113 0.464879584 -4.05758707
v 9.63791305 0.400534346 -4.07234516
v 9.68513892 1.2742128 -4.13669039
v 9.65267113 1.2742128 -4.05758707
v 9.65267113 1.35331612 -4.13669039
v 9.63791305 1.33855804 -4.07234516
v 9.65267113 1.35331612 -5.04165598
v 9.63791305 1.33855804 -5.10659155
v 9.65267113 4.49796824 -4.13669039
v 9.63791305 4.51272632 -4.07234516
v 9.65267113 4.57707156 -4.05758707
v 9.68513892 4.57707156 -4.13669039
v 9.65267113 4.49796824 -5.04165598
v 9.68513892 5.38640478 -4.13669039
v 9.65267113 5.38640478 -4.05758707
v 9.65267113 5.4655081 -4.13669039
v 9.63791305 5.45075002 -4.07234516
v 9.68513892 5.38640478 -5.04224631
v 9.65267113 5.4655081 -5.04165598
v 9.68513892 4.57707156 -5.04224631
v 9.65267113 5.38640478 -5.1207593
v 9.63791305 5.45075002 -5.10659155
v 9.65267113 4.57707156 -5.1207593
v 9.63791305 4.51272632 -5.10659155
v 5.08297861 -6.68865794 4.88462999
v 5.86692793 -6.68865794 4.88462999
v 5.86692793 6.53635453 4.88462999
v 5.08297861 6.53635453 4.88462999
v 5.86692793 -6.68865794 6.01332811
v 5.08297861 -6.68865794 6.01332811
v 5.08297861 6.53635453 6.01332811
v 5.86692793 6.53635453 6.01332811
v 5.08297861 -6.68865794 -6.01864101
v 5.86692793 -6.68865794 -6.01864101
v 5.86692793 6.53635453 -6.01864101
v 5.08297861 6.53635453 -6.01864101
v 5.86692793 -6.68865794 -4.8899429
v 5.08297861 -6.68865794 -4.8899429
v 5.08297861 6.53635453 -4.8899429
v 5.86692793 6.53635453 -4.8899429
v -5.87755375 -6.68865794 -6.01864101
v -5.09419476 -6.68865794 -6.01864101
v -5.09419476 6.53635453 -6.01864101
v -5.87755375 6.53635453 -6.01864101
v -5.09419476 -6.68865794 -4.8899429
v -5.87755375 -6.68865794 -4.8899429
v -5.87755375 6.53635453 -4.8899429
v -5.09419476 6.53635453 -4.8899429
v -5.87755375 -6.68865794 4.88462999
v -5.09419476 -6.68865794 4.88462999
v -5.09419476 6.53635453 4.88462999
v -5.87755375 6.53635453 4.88462999
v -5.09419476 -6.68865794 6.01332811
v -5.87755375 -6.68865794 6.01332811
v -5.87755375 6.53635453 6.01332811
v -5.09419476 6.53635453 6.01332811
v 4.98911721 -6.68865794 5.91887638
v 5.08297861 6.53635453 6.01332811
v 5.08297861 -6.68865794 6.01332811
v 4.98911721 6.53635453 5.91887638
v 4.98911721 6.53635453 4.97908172
v 4.98911721 -6.68865794 4.97908172
v 5.08297861 -6.68865794 4.88462999
v 5.08297861 6.53635453 4.88462999
v 5.96078933 -6.68865794 4.97908172
v 5.86692793 6.53635453 4.88462999
v 5.86692793 -6.68865794 4.88462999
v 5.96078933 6.53635453 4.97908172
v 5.96078933 6.53635453 5.91887638
v 5.96078933 -6.68865794 5.91887638
v 5.86692793 -6.68865794 6.01332811
v 5.86692793 6.53635453 6.01332811
v 4.98911721 -6.68865794 -4.98439463
v 5.08297861 6.53635453 -4.8899429
v 5.08297861 -6.68865794 -4.8899429
v 4.98911721 6.53635453 -4.98439463
v 4.98911721 6.53635453 -5.92418929
v 4.98911721 -6.68865794 -5.92418929
v 5.08297861 -6.68865794 -6.01864101
v 5.08297861 6.53635453 -6.01864101
v 5.96078933 -6.68865794 -5.92418929
v 5.86692793 6.53635453 -6.01864101
v 5.86692793 -6.68865794 -6.01864101
v 5.96078933 6.53635453 -5.92418929
v 5.96078933 6.53635453 -4.98439463
v 5.96078933 -6.68865794 -4.98439463
v 5.86692793 -6.68865794 -4.8899429
v 5.86692793 6.53635453 -4.8899429
v -5.97200548 -6.68865794 -4.98439463
v -5.87755375 6.53635453 -4.8899429
v -5.87755375 -6.68865794 -4.8899429
v -5.97200548 6.53635453 -4.98439463
v -5.97200548 6.53635453 -5.92418929
v -5.97200548 -6.68865794 -5.92418929
v -5.87755375 -6.68865794 -6.01864101
v -5.87755375 6.53635453 -6.01864101
v -4.99974303 -6.68865794 -5.92418929
v -5.09419476 6.53635453 -6.01864101
v -5.09419476 -6.68865794 -6.01864101
v -4.99974303 6.53635453 -5.92418929
v -4.99974303 6.53635453 -4.98439463
v -4.99974303 -6.68865794 -4.98439463
v -5.09419476 -6.68865794 -4.8899429
v -5.09419476 6.53635453 -4.8899429
v -5.97200548 -6.68865794 5.91887638
v -5.87755375 6.53635453 6.01332811
v -5.87755375 -6.68865794 6.01332811
v -5.97200548 6.53635453 5.91887638
v -5.97200548 6.53635453 4.97908172
v -5.97200548 -6.68865794 4.97908172
v -5.87755375 -6.68865794 4.88462999
v -5.87755375 6.53635453 4.88462999
v -4.99974303 -6.68865794 4.97908172
v -5.09419476 6.53635453 4.88462999
v -5.09419476 -6.68865794 4.88462999
v -4.99974303 6.53635453 4.97908172
v -4.99974303 6.53635453 5.91887638
v -4.99974303 -6.68865794 5.91887638
v -5.09419476 -6.68865794 6.01332811
v -5.09419476 6.53635453 6.01332811
v -14.4744317 8.47674716 7.77957536
v -14.4543607 8.45667617 7.86871418
v -14.4744317 8.36812767 7.88819485
v -14.5192963 8.36812767 7.77957536
v -14.4744317 8.47674716 7.0629229
v -14.5192963 7.12726814 7.77957536
v -14.4744317 7.12726814 7.88819485
v -14.5192963 8.36812767 7.0629229
v -14.4744317 7.01864865 7.77957536
v -14.4543607 7.03871965 7.86871418
v -14.5192963 7.12726814 7.0629229
v -14.4744317 7.01864865 7.0629229
v -14.4744317 7.12726814 6.95430342
v -14.4543607 7.03871965 6.97378408
v -14.4744317 8.36812767 6.95430342
v -14.4543607 8.45667617 6.97378408
v -14.4744317 8.36812767 7.88819485
v -14.4543607 8.45667617 7.86871418
v -14.3658122 8.47674716 7.88819485
v -14.3658122 8.36812767 7.93364974
v -14.4744317 7.12726814 7.88819485
v 14.3658122 8.36812767 7.93364974
v 14.3658122 8.47674716 7.88819485
v -14.3658122 7.12726814 7.93364974
v 14.4744317 8.36812767 7.88819485
v 14.4543607 8.45667617 7.86871418
v 14.3658122 7.12726814 7.93364974
v 14.4744317 7.12726814 7.88819485
v 14.3658122 7.01864865 7.88819485
v 14.4543607 7.03871965 7.86871418
v -14.3658122 7.01864865 7.88819485
v -14.4543607 7.03871965 7.86871418
v -14.3658122 8.47674716 7.88819485
v -14.4543607 8.45667617 7.86871418
v -14.4744317 8.47674716 7.77957536
v -14.3658122 8.52220205 7.77957536
v 14.3658122 8.47674716 7.88819485
v -14.3658122 8.52220205 7.0629229
v -14.4744317 8.47674716 7.0629229
v -14.3658122 8.47674716 6.95430342
v -14.4543607 8.45667617 6.97378408
v 14.3658122 8.52220205 7.0629229
v 14.3658122 8.47674716 6.95430342
v 14.3658122 8.52220205 7.77957536
v 14.4744317 8.47674716 7.0629229
v 14.4543607 8.45667617 6.97378408
v 14.4744317 8.47674716 7.77957536
v 14.4543607 8.45667617 7.86871418
v 14.4744317 8.36812767 7.88819485
v 14.4543607 8.45667617 7.86871418
v 14.4744317 8.47674716 7.77957536
v 14.5192963 8.36812767 7.77957536
v 14.4744317 7.12726814 7.88819485
v 14.5192963 8.36812767 7.0629229
v 14.4744317 8.47674716 7.0629229
v 14.4744317 8.36812767 6.95430342
v 14.4543607 8.45667617 6.97378408
v 14.5192963 7.12726814 7.0629229
v 14.4744317 7.12726814 6.95430342
v 14.5192963 7.12726814 7.77957536
v 14.4744317 7.01864865 7.0629229
v 14.4543607 7.03871965 6.97378408
v 14.4744317 7.01864865 7.77957536
v 14.4543607 7.03871965 7.86871418
v 14.4744317 8.36812767 6.95430342
v 14.4543607 8.45667617 6.97378408
v 14.3658122 8.47674716 6.95430342
v 14.3658122 8.36812767 6.90884852
v 14.4744317 7.12726814 6.95430342
v -14.3658122 8.36812767 6.90884852
v -14.3658122 8.47674716 6.95430342
v 14.3658122 7.12726814 6.90884852
v -14.4744317 8.36812767 6.95430342
v -14.4543607 8.45667617 6.97378408
v -14.3658122 7.12726814 6.90884852
v -14.4744317 7.12726814 6.95430342
v -14.3658122 7.01864865 6.95430342
v -14.4543607 7.03871965 6.97378408
v 14.3658122 7.01864865 6.95430342
v 14.4543607 7.03871965 6.97378408
v 14.4744317 7.01864865 7.0629229
v 14.4543607 7.03871965 6.97378408
v 14.3658122 7.01864865 6.95430342
v 14.3658122 6.97378408 7.0629229
v 14.4744317 7.01864865 7.77957536
v -14.3658122 6.97378408 7.0629229
v -14.3658122 7.01864865 6.95430342
v 14.3658122 6.97378408 7.77957536
v -14.4744317 7.01864865 7.0629229
v -14.4543607 7.03871965 6.97378408
v -14.3658122 6.97378408 7.77957536
v -14.4744317 7.01864865 7.77957536
v -14.3658122 7.01864865 7.88819485
v -14.4543607 7.03871965 7.86871418
v 14.3658122 7.01864865 7.88819485
v 14.4543607 7.03871965 7.86871418
v -14.4744317 8.47674716 9.62964853
v -14.4543607 8.45667617 9.71819702
v -14.4744317 8.36812767 9.73826801
v -14.5192963 8.36812767 9.62964853
v -14.4744317 8.47674716 8.91240574
v -14.5192963 7.12726814 9.62964853
v -14.4744317 7.12726814 9.73826801
v -14.5192963 8.36812767 8.91240574
v -14.4744317 7.01864865 9.62964853
v -14.4543607 7.03871965 9.71819702
v -14.5192963 7.12726814 8.91240574
v -14.4744317 7.01864865 8.91240574
v -14.4744317 7.12726814 8.80378626
v -14.4543607 7.03871965 8.82385725
v -14.4744317 8.36812767 8.80378626
v -14.4543607 8.45667617 8.82385725
v -14.4744317 8.36812767 9.73826801
v -14.4543607 8.45667617 9.71819702
v -14.3658122 8.47674716 9.73826801
v -14.3658122 8.36812767 9.78313258
v -14.4744317 7.12726814 9.73826801
v 14.3658122 8.36812767 9.78313258
v 14.3658122 8.47674716 9.73826801
v -14.3658122 7.12726814 9.78313258
v 14.4744317 8.36812767 9.73826801
v 14.4543607 8.45667617 9.71819702
v 14.3658122 7.12726814 9.78313258
v 14.4744317 7.12726814 9.73826801
v 14.3658122 7.01864865 9.73826801
v 14.4543607 7.03871965 9.71819702
v -14.3658122 7.01864865 9.73826801
v -14.4543607 7.03871965 9.71819702
v -14.3658122 8.47674716 9.73826801
v -14.4543607 8.45667617 9.71819702
v -14.4744317 8.47674716 9.62964853
v -14.3658122 8.52220205 9.62964853
v 14.3658122 8.47674716 9.73826801
v -14.3658122 8.52220205 8.91240574
v -14.4744317 8.47674716 8.91240574
v -14.3658122 8.47674716 8.80378626
v -14.4543607 8.45667617 8.82385725
v 14.3658122 8.52220205 8.91240574
v 14.3658122 8.47674716 8.80378626
v 14.3658122 8.52220205 9.62964853
v 14.4744317 8.47674716 8.91240574
v 14.4543607 8.45667617 8.82385725
v 14.4744317 8.47674716 9.62964853
v 14.4543607 8.45667617 9.71819702
v 14.4744317 8.36812767 9.73826801
v 14.4543607 8.45667617 9.71819702
v 14.4744317 8.47674716 9.62964853
v 14.5192963 8.36812767 9.62964853
v 14.4744317 7.12726814 9.73826801
v 14.5192963 8.36812767 8.91240574
v 14.4744317 8.47674716 8.91240574
v 14.4744317 8.36812767 8.80378626
v 14.4543607 8.45667617 8.82385725
v 14.5192963 7.12726814 8.91240574
v 14.4744317 7.12726814 8.80378626
v 14.5192963 7.12726814 9.62964853
v 14.4744317 7.01864865 8.91240574
v 14.4543607 7.03871965 8.82385725
v 14.4744317 7.01864865 9.62964853
v 14.4543607 7.03871965 9.71819702
v 14.4744317 8.36812767 8.80378626
v 14.4543607 8.45667617 8.82385725
v 14.3658122 8.47674716 8.80378626
v 14.3658122 8.36812767 8.75892169
v 14.4744317 7.12726814 8.80378626
v -14.3658122 8.36812767 8.75892169
v -14.3658122 8.47674716 8.80378626
v 14.3658122 7.12726814 8.75892169
v -14.4744317 8.36812767 8.80378626
v -14.4543607 8.45667617 8.82385725
v -14.3658122 7.12726814 8.75892169
v -14.4744317 7.12726814 8.80378626
v -14.3658122 7.01864865 8.80378626
v -14.4543607 7.03871965 8.82385725
v 14.3658122 7.01864865 8.80378626
v 14.4543607 7.03871965 8.82385725
v 14.4744317 7.01864865 8.91240574
v 14.4543607 7.03871965 8.82385725
v 14.3658122 7.01864865 8.80378626
v 14.3658122 6.97378408 8.91240574
v 14.4744317 7.01864865 9.62964853
v -14.3658122 6.97378408 8.91240574
v -14.3658122 7.01864865 8.80378626
v 14.3658122 6.97378408 9.62964853
v -14.4744317 7.01864865 8.91240574
v -14.4543607 7.03871965 8.82385725
v -14.3658122 6.97378408 9.62964853
v -14.4744317 7.01864865 9.62964853
v -14.3658122 7.01864865 9.73826801
v -14.4543607 7.03871965 9.71819702
v 14.3658122 7.01864865 9.73826801
v 14.4543607 7.03871965 9.71819702
v -14.4744317 8.47674716 5.93009252
v -14.4543607 8.45667617 6.01864101
v -14.4744317 8.36812767 6.03871201
v -14.5192963 8.36812767 5.93009252
v -14.4744317 8.47674716 5.21344006
v -14.5192963 7.12726814 5.93009252
v -14.4744317 7.12726814 6.03871201
v -14.5192963 8.36812767 5.21344006
v -14.4744317 7.01864865 5.93009252
v -14.4543607 7.03871965 6.01864101
v -14.5192963 7.12726814 5.21344006
v -14.4744317 7.01864865 5.21344006
v -14.4744317 7.12726814 5.10482058
v -14.4543607 7.03871965 5.12430124
v -14.4744317 8.36812767 5.10482058
v -14.4543607 8.45667617 5.12430124
v -14.4744317 8.36812767 6.03871201
v -14.4543607 8.45667617 6.01864101
v -14.3658122 8.47674716 6.03871201
v -14.3658122 8.36812767 6.0841669
v -14.4744317 7.12726814 6.03871201
v 14.3658122 8.36812767 6.0841669
v 14.3658122 8.47674716 6.03871201
v -14.3658122 7.12726814 6.0841669
v 14.4744317 8.36812767 6.03871201
v 14.4543607 8.45667617 6.01864101
v 14.3658122 7.12726814 6.0841669
v 14.4744317 7.12726814 6.03871201
v 14.3658122 7.01864865 6.03871201
v 14.4543607 7.03871965 6.01864101
v -14.3658122 7.01864865 6.03871201
v -14.4543607 7.03871965 6.01864101
v -14.3658122 8.47674716 6.03871201
v -14.4543607 8.45667617 6.01864101
v -14.4744317 8.47674716 5.93009252
v -14.3658122 8.52220205 5.93009252
v 14.3658122 8.47674716 6.03871201
v -14.3658122 8.52220205 5.21344006
v -14.4744317 8.47674716 5.21344006
v -14.3658122 8.47674716 5.10482058
v -14.4543607 8.45667617 5.12430124
v 14.3658122 8.52220205 5.21344006
v 14.3658122 8.47674716 5.10482058
v 14.3658122 8.52220205 5.93009252
v 14.4744317 8.47674716 5.21344006
v 14.4543607 8.45667617 5.12430124
v 14.4744317 8.47674716 5.93009252
v 14.4543607 8.45667617 6.01864101
v 14.4744317 8.36812767 6.03871201
v 14.4543607 8.45667617 6.01864101
v 14.4744317 8.47674716 5.93009252
v 14.5192963 8.36812767 5.93009252
v 14.4744317 7.12726814 6.03871201
v 14.5192963 8.36812767 5.21344006
v 14.4744317 8.47674716 5.21344006
v 14.4744317 8.36812767 5.10482058
v 14.4543607 8.45667617 5.12430124
v 14.5192963 7.12726814 5.21344006
v 14.4744317 7.12726814 5.10482058
v 14.5192963 7.12726814 5.93009252
v 14.4744317 7.01864865 5.21344006
v 14.4543607 7.03871965 5.12430124
v 14.4744317 7.01864865 5.93009252
v 14.4543607 7.03871965 6.01864101
v 14.4744317 8.36812767 5.10482058
v 14.4543607 8.45667617 5.12430124
v 14.3658122 8.47674716 5.10482058
v 14.3658122 8.36812767 5.05936568
v 14.4744317 7.12726814 5.10482058
v -14.3658122 8.36812767 5.05936568
v -14.3658122 8.47674716 5.10482058
v 14.3658122 7.12726814 5.05936568
v -14.4744317 8.36812767 5.10482058
v -14.4543607 8.45667617 5.12430124
v -14.3658122 7.12726814 5.05936568
v -14.4744317 7.12726814 5.10482058
v -14.3658122 7.01864865 5.10482058
v -14.4543607 7.03871965 5.12430124
v 14.3658122 7.01864865 5.10482058
v 14.4543607 7.03871965 5.12430124
v 14.4744317 7.01864865 5.21344006
v 14.4543607 7.03871965 5.12430124
v 14.3658122 7.01864865 5.10482058
v 14.3658122 6.97378408 5.21344006
v 14.4744317 7.01864865 5.93009252
v -14.3658122 6.97378408 5.21344006
v -14.3658122 7.01864865 5.10482058
v 14.3658122 6.97378408 5.93009252
v -14.4744317 7.01864865 5.21344006
v -14.4543607 7.03871965 5.12430124
v -14.3658122 6.97378408 5.93009252
v -14.4744317 7.01864865 5.93009252
v -14.3658122 7.01864865 6.03871201
v -14.4543607 7.03871965 6.01864101
v 14.3658122 7.01864865 6.03871201
v 14.4543607 7.03871965 6.01864101
v -14.4744317 8.47674716 4.06526128
v -14.4543607 8.45667617 4.15380977
v -14.4744317 8.36812767 4.17388076
v -14.5192963 8.36812767 4.06526128
v -14.4744317 8.47674716 3.34801849
v -14.5192963 7.12726814 4.06526128
v -14.4744317 7.12726814 4.17388076
v -14.5192963 8.36812767 3.34801849
v -14.4744317 7.01864865 4.06526128
v -14.4543607 7.03871965 4.15380977
v -14.5192963 7.12726814 3.34801849
v -14.4744317 7.01864865 3.34801849
v -14.4744317 7.12726814 3.23939901
v -14.4543607 7.03871965 3.25947
v -14.4744317 8.36812767 3.23939901
v -14.4543607 8.45667617 3.25947
v -14.4744317 8.36812767 4.17388076
v -14.4543607 8.45667617 4.15380977
v -14.3658122 8.47674716 4.17388076
v -14.3658122 8.36812767 4.21874533
v -14.4744317 7.12726814 4.17388076
v 14.3658122 8.36812767 4.21874533
v 14.3658122 8.47674716 4.17388076
v -14.3658122 7.12726814 4.21874533
v 14.4744317 8.36812767 4.17388076
v 14.4543607 8.45667617 4.15380977
v 14.3658122 7.12726814 4.21874533
v 14.4744317 7.12726814 4.17388076
v 14.3658122 7.01864865 4.17388076
v 14.4543607 7.03871965 4.15380977
v -14.3658122 7.01864865 4.17388076
v -14.4543607 7.03871965 4.15380977
v -14.3658122 8.47674716 4.17388076
v -14.4543607 8.45667617 4.15380977
v -14.4744317 8.47674716 4.06526128
v -14.3658122 8.52220205 4.06526128
v 14.3658122 8.47674716 4.17388076
v -14.3658122 8.52220205 3.34801849
v -14.4744317 8.47674716 3.34801849
v -14.3658122 8.47674716 3.23939901
v -14.4543607 8.45667617 3.25947
v 14.3658122 8.52220205 3.34801849
v 14.3658122 8.47674716 3.23939901
v 14.3658122 8.52220205 4.06526128
v 14.4744317 8.47674716 3.34801849
v 14.4543607 8.45667617 3.25947
v 14.4744317 8.47674716 4.06526128
v 14.4543607 8.45667617 4.15380977
v 14.4744317 8.36812767 4.17388076
v 14.4543607 8.45667617 4.15380977
v 14.4744317 8.47674716 4.06526128
v 14.5192963 8.36812767 4.06526128
v 14.4744317 7.12726814 4.17388076
v 14.5192963 8.36812767 3.34801849
v 14.4744317 8.47674716 3.34801849
v 14.4744317 8.36812767 3.23939901
v 14.4543607 8.45667617 3.25947
v 14.5192963 7.12726814 3.34801849
v 14.4744317 7.12726814 3.23939901
v 14.5192963 7.12726814 4.06526128
v 14.4744317 7.01864865 3.34801849
v 14.4543607 7.03871965 3.25947
v 14.4744317 7.01864865 4.06526128
v 14.4543607 7.03871965 4.15380977
v 14.4744317 8.36812767 3.23939901
v 14.4543607 8.45667617 3.25947
v 14.3658122 8.47674716 3.23939901
v 14.3658122 8.36812767 3.19453444
v 14.4744317 7.12726814 3.23939901
v -14.3658122 8.36812767 3.19453444
v -14.3658122 8.47674716 3.23939901
v 14.3658122 7.12726814 3.19453444
v -14.4744317 8.36812767 3.23939901
v -14.4543607 8.45667617 3.25947
v -14.3658122 7.12726814 3.19453444
v -14.4744317 7.12726814 3.23939901
v -14.3658122 7.01864865 3.23939901
v -14.4543607 7.03871965 3.25947
v 14.3658122 7.01864865 3.23939901
v 14.4543607 7.03871965 3.25947
v 14.4744317 7.01864865 3.34801849
v 14.4543607 7.03871965 3.25947
v 14.3658122 7.01864865 3.23939901
v 14.3658122 6.97378408 3.34801849
v 14.4744317 7.01864865 4.06526128
v -14.3658122 6.97378408 3.34801849
v -14.3658122 7.01864865 3.23939901
v 14.3658122 6.97378408 4.06526128
v -14.4744317 7.01864865 3.34801849
v -14.4543607 7.03871965 3.25947
v -14.3658122 6.97378408 4.06526128
v -14.4744317 7.01864865 4.06526128
v -14.3658122 7.01864865 4.17388076
v -14.4543607 7.03871965 4.15380977
v 14.3658122 7.01864865 4.17388076
v 14.4543607 7.03871965 4.15380977
v -14.4744317 8.47674716 2.23112684
v -14.4543607 8.45667617 2.31967533
v -14.4744317 8.36812767 2.33974633
v -14.5192963 8.36812767 2.23112684
v -14.4744317 8.47674716 1.51388405
v -14.5192963 7.12726814 2.23112684
v -14.4744317 7.12726814 2.33974633
v -14.5192963 8.36812767 1.51388405
v -14.4744317 7.01864865 2.23112684
v -14.4543607 7.03871965 2.31967533
v -14.5192963 7.12726814 1.51388405
v -14.4744317 7.01864865 1.51388405
v -14.4744317 7.12726814 1.40526457
v -14.4543607 7.03871965 1.42533556
v -14.4744317 8.36812767 1.40526457
v -14.4543607 8.45667617 1.42533556
v -14.4744317 8.36812767 2.33974633
v -14.4543607 8.45667617 2.31967533
v -14.3658122 8.47674716 2.33974633
v -14.3658122 8.36812767 2.38461089
v -14.4744317 7.12726814 2.33974633
v 14.3658122 8.36812767 2.38461089
v 14.3658122 8.47674716 2.33974633
v -14.3658122 7.12726814 2.38461089
v 14.4744317 8.36812767 2.33974633
v 14.4543607 8.45667617 2.31967533
v 14.3658122 7.12726814 2.38461089
v 14.4744317 7.12726814 2.33974633
v 14.3658122 7.01864865 2.33974633
v 14.4543607 7.03871965 2.31967533
v -14.3658122 7.01864865 2.33974633
v -14.4543607 7.03871965 2.31967533
v -14.3658122 8.47674716 2.33974633
v -14.4543607 8.45667617 2.31967533
v -14.4744317 8.47674716 2.23112684
v -14.3658122 8.52220205 2.23112684
v 14.3658122 8.47674716 2.33974633
v -14.3658122 8.52220205 1.51388405
v -14.4744317 8.47674716 1.51388405
v -14.3658122 8.47674716 1.40526457
v -14.4543607 8.45667617 1.42533556
v 14.3658122 8.52220205 1.51388405
v 14.3658122 8.47674716 1.40526457
v 14.3658122 8.52220205 2.23112684
v 14.4744317 8.47674716 1.51388405
v 14.4543607 8.45667617 1.42533556
v 14.4744317 8.47674716 2.23112684
v 14.4543607 8.45667617 2.31967533
v 14.4744317 8.36812767 2.33974633
v 14.4543607 8.45667617 2.31967533
v 14.4744317 8.47674716 2.23112684
v 14.5192963 8.36812767 2.23112684
v 14.4744317 7.12726814 2.33974633
v 14.5192963 8.36812767 1.51388405
v 14.4744317 8.47674716 1.51388405
v 14.4744317 8.36812767 1.40526457
v 14.4543607 8.45667617 1.42533556
v 14.5192963 7.12726814 1.51388405
v 14.4744317 7.12726814 1.40526457
v 14.5192963 7.12726814 2.23112684
v 14.4744317 7.01864865 1.51388405
v 14.4543607 7.03871965 1.42533556
v 14.4744317 7.01864865 2.23112684
v 14.4543607 7.03871965 2.31967533
v 14.4744317 8.36812767 1.40526457
v 14.4543607 8.45667617 1.42533556
v 14.3658122 8.47674716 1.40526457
v 14.3658122 8.36812767 1.3604
v 14.4744317 7.12726814 1.40526457
v -14.3658122 8.36812767 1.3604
v -14.3658122 8.47674716 1.40526457
v 14.3658122 7.12726814 1.3604
v -14.4744317 8.36812767 1.40526457
v -14.4543607 8.45667617 1.42533556
v -14.3658122 7.12726814 1.3604
v -14.4744317 7.12726814 1.40526457
v -14.3658122 7.01864865 1.40526457
v -14.4543607 7.03871965 1.42533556
v 14.3658122 7.01864865 1.40526457
v 14.4543607 7.03871965 1.42533556
v 14.4744317 7.01864865 1.51388405
v 14.4543607 7.03871965 1.42533556
v 14.3658122 7.01864865 1.40526457
v 14.3658122 6.97378408 1.51388405
v 14.4744317 7.01864865 2.23112684
v -14.3658122 6.97378408 1.51388405
v -14.3658122 7.01864865 1.40526457
v 14.3658122 6.97378408 2.23112684
v -14.4744317 7.01864865 1.51388405
v -14.4543607 7.03871965 1.42533556
v -14.3658122 6.97378408 2.23112684
v -14.4744317 7.01864865 2.23112684
v -14.3658122 7.01864865 2.33974633
v -14.4543607 7.03871965 2.31967533
v 14.3658122 7.01864865 2.33974633
v 14.4543607 7.03871965 2.31967533
v -14.4744317 8.47674716 0.381644001
v -14.4543607 8.45667617 0.470192494
v -14.4744317 8.36812767 0.490263485
v -14.5192963 8.36812767 0.381644001
v -14.4744317 8.47674716 -0.335598785
v -14.5192963 7.12726814 0.381644001
v -14.4744317 7.12726814 0.490263485
v -14.5192963 8.36812767 -0.335598785
v -14.4744317 7.01864865 0.381644001
v -14.4543607 7.03871965 0.470192494
v -14.5192963 7.12726814 -0.335598785
v -14.4744317 7.01864865 -0.335598785
v -14.4744317 7.12726814 -0.444218269
v -14.4543607 7.03871965 -0.424147278
v -14.4744317 8.36812767 -0.444218269
v -14.4543607 8.45667617 -0.424147278
v -14.4744317 8.36812767 0.490263485
v -14.4543607 8.45667617 0.470192494
v -14.3658122 8.47674716 0.490263485
v -14.3658122 8.36812767 0.535128055
v -14.4744317 7.12726814 0.490263485
v 14.3658122 8.36812767 0.535128055
v 14.3658122 8.47674716 0.490263485
v -14.3658122 7.12726814 0.535128055
v 14.4744317 8.36812767 0.490263485
v 14.4543607 8.45667617 0.470192494
v 14.3658122 7.12726814 0.535128055
v 14.4744317 7.12726814 0.490263485
v 14.3658122 7.01864865 0.490263485
v 14.4543607 7.03871965 0.470192494
v -14.3658122 7.01864865 0.490263485
v -14.4543607 7.03871965 0.470192494
v -14.3658122 8.47674716 0.490263485
v -14.4543607 8.45667617 0.470192494
v -14.4744317 8.47674716 0.381644001
v -14.3658122 8.52220205 0.381644001
v 14.3658122 8.47674716 0.490263485
v -14.3658122 8.52220205 -0.335598785
v -14.4744317 8.47674716 -0.335598785
v -14.3658122 8.47674716 -0.444218269
v -14.4543607 8.45667617 -0.424147278
v 14.3658122 8.52220205 -0.335598785
v 14.3658122 8.47674716 -0.444218269
v 14.3658122 8.52220205 0.381644001
v 14.4744317 8.47674716 -0.335598785
v 14.4543607 8.45667617 -0.424147278
v 14.4744317 8.47674716 0.381644001
v 14.4543607 8.45667617 0.470192494
v 14.4744317 8.36812767 0.490263485
v 14.4543607 8.45667617 0.470192494
v 14.4744317 8.47674716 0.381644001
v 14.5192963 8.36812767 0.381644001
v 14.4744317 7.12726814 0.490263485
v 14.5192963 8.36812767 -0.335598785
v 14.4744317 8.47674716 -0.335598785
v 14.4744317 8.36812767 -0.444218269
v 14.4543607 8.45667617 -0.424147278
v 14.5192963 7.12726814 -0.335598785
v 14.4744317 7.12726814 -0.444218269
v 14.5192963 7.12726814 0.381644001
v 14.4744317 7.01864865 -0.335598785
v 14.4543607 7.03871965 -0.424147278
v 14.4744317 7.01864865 0.381644001
v 14.4543607 7.03871965 0.470192494
v 14.4744317 8.36812767 -0.444218269
v 14.4543607 8.45667617 -0.424147278
v 14.3658122 8.47674716 -0.444218269
v 14.3658122 8.36812767 -0.489082839
v 14.4744317 7.12726814 -0.444218269
v -14.3658122 8.36812767 -0.489082839
v -14.3658122 8.47674716 -0.444218269
v 14.3658122 7.12726814 -0.489082839
v -14.4744317 8.36812767 -0.444218269
v -14.4543607 8.45667617 -0.424147278
v -14.3658122 7.12726814 -0.489082839
v -14.4744317 7.12726814 -0.444218269
v -14.3658122 7.01864865 -0.444218269
v -14.4543607 7.03871965 -0.424147278
v 14.3658122 7.01864865 -0.444218269
v 14.4543607 7.03871965 -0.424147278
v 14.4744317 7.01864865 -0.335598785
v 14.4543607 7.03871965 -0.424147278
v 14.3658122 7.01864865 -0.444218269
v 14.3658122 6.97378408 -0.335598785
v 14.4744317 7.01864865 0.381644001
v -14.3658122 6.97378408 -0.335598785
v -14.3658122 7.01864865 -0.444218269
v 14.3658122 6.97378408 0.381644001
v -14.4744317 7.01864865 -0.335598785
v -14.4543607 7.03871965 -0.424147278
v -14.3658122 6.97378408 0.381644001
v -14.4744317 7.01864865 0.381644001
v -14.3658122 7.01864865 0.490263485
v -14.4543607 7.03871965 0.470192494
v 14.3658122 7.01864865 0.490263485
v 14.4543607 7.03871965 0.470192494
v -14.4744317 8.47674716 -1.46783884
v -14.4543607 8.45667617 -1.37929035
v -14.4744317 8.36812767 -1.35921936
v -14.5192963 8.36812767 -1.46783884
v -14.4744317 8.47674716 -2.18508163
v -14.5192963 7.12726814 -1.46783884
v -14.4744317 7.12726814 -1.35921936
v -14.5192963 8.36812767 -2.18508163
v -14.4744317 7.01864865 -1.46783884
v -14.4543607 7.03871965 -1.37929035
v -14.5192963 7.12726814 -2.18508163
v -14.4744317 7.01864865 -2.18508163
v -14.4744317 7.12726814 -2.29370111
v -14.4543607 7.03871965 -2.27363012
v -14.4744317 8.36812767 -2.29370111
v -14.4543607 8.45667617 -2.27363012
v -14.4744317 8.36812767 -1.35921936
v -14.4543607 8.45667617 -1.37929035
v -14.3658122 8.47674716 -1.35921936
v -14.3658122 8.36812767 -1.31435479
v -14.4744317 7.12726814 -1.35921936
v 14.3658122 8.36812767 -1.31435479
v 14.3658122 8.47674716 -1.35921936
v -14.3658122 7.12726814 -1.31435479
v 14.4744317 8.36812767 -1.35921936
v 14.4543607 8.45667617 -1.37929035
v 14.3658122 7.12726814 -1.31435479
v 14.4744317 7.12726814 -1.35921936
v 14.3658122 7.01864865 -1.35921936
v 14.4543607 7.03871965 -1.37929035
v -14.3658122 7.01864865 -1.35921936
v -14.4543607 7.03871965 -1.37929035
v -14.3658122 8.47674716 -1.35921936
v -14.4543607 8.45667617 -1.37929035
v -14.4744317 8.47674716 -1.46783884
v -14.3658122 8.52220205 -1.46783884
v 14.3658122 8.47674716 -1.35921936
v -14.3658122 8.52220205 -2.18508163
v -14.4744317 8.47674716 -2.18508163
v -14.3658122 8.47674716 -2.29370111
v -14.4543607 8.45667617 -2.27363012
v 14.3658122 8.52220205 -2.18508163
v 14.3658122 8.47674716 -2.29370111
v 14.3658122 8.52220205 -1.46783884
v 14.4744317 8.47674716 -2.18508163
v 14.4543607 8.45667617 -2.27363012
v 14.4744317 8.47674716 -1.46783884
v 14.4543607 8.45667617 -1.37929035
v 14.4744317 8.36812767 -1.35921936
v 14.4543607 8.45667617 -1.37929035
v 14.4744317 8.47674716 -1.46783884
v 14.5192963 8.36812767 -1.46783884
v 14.4744317 7.12726814 -1.35921936
v 14.5192963 8.36812767 -2.18508163
v 14.4744317 8.47674716 -2.18508163
v 14.4744317 8.36812767 -2.29370111
v 14.4543607 8.45667617 -2.27363012
v 14.5192963 7.12726814 -2.18508163
v 14.4744317 7.12726814 -2.29370111
v 14.5192963 7.12726814 -1.46783884
v 14.4744317 7.01864865 -2.18508163
v 14.4543607 7.03871965 -2.27363012
v 14.4744317 7.01864865 -1.46783884
v 14.4543607 7.03871965 -1.37929035
v 14.4744317 8.36812767 -2.29370111
v 14.4543607 8.45667617 -2.27363012
v 14.3658122 8.47674716 -2.29370111
v 14.3658122 8.36812767 -2.33856568
v 14.4744317 7.12726814 -2.29370111
v -14.3658122 8.36812767 -2.33856568
v -14.3658122 8.47674716 -2.29370111
v 14.3658122 7.12726814 -2.33856568
v -14.4744317 8.36812767 -2.29370111
v -14.4543607 8.45667617 -2.27363012
v -14.3658122 7.12726814 -2.33856568
v -14.4744317 7.12726814 -2.29370111
v -14.3658122 7.01864865 -2.29370111
v -14.4543607 7.03871965 -2.27363012
v 14.3658122 7.01864865 -2.29370111
v 14.4543607 7.03871965 -2.27363012
v 14.4744317 7.01864865 -2.18508163
v 14.4543607 7.03871965 -2.27363012
v 14.3658122 7.01864865 -2.29370111
v 14.3658122 6.97378408 -2.18508163
v 14.4744317 7.01864865 -1.46783884
v -14.3658122 6.97378408 -2.18508163
v -14.3658122 7.01864865 -2.29370111
v 14.3658122 6.97378408 -1.46783884
v -14.4744317 7.01864865 -2.18508163
v -14.4543607 7.03871965 -2.27363012
v -14.3658122 6.97378408 -1.46783884
v -14.4744317 7.01864865 -1.46783884
v -14.3658122 7.01864865 -1.35921936
v -14.4543607 7.03871965 -1.37929035
v 14.3658122 7.01864865 -1.35921936
v 14.4543607 7.03871965 -1.37929035
v -14.4744317 8.47674716 -3.33326041
v -14.4543607 8.45667617 -3.24412159
v -14.4744317 8.36812767 -3.22464092
v -14.5192963 8.36812767 -3.33326041
v -14.4744317 8.47674716 -4.04991287
v -14.5192963 7.12726814 -3.33326041
v -14.4744317 7.12726814 -3.22464092
v -14.5192963 8.36812767 -4.04991287
v -14.4744317 7.01864865 -3.33326041
v -14.4543607 7.03871965 -3.24412159
v -14.5192963 7.12726814 -4.04991287
v -14.4744317 7.01864865 -4.04991287
v -14.4744317 7.12726814 -4.15853236
v -14.4543607 7.03871965 -4.13846136
v -14.4744317 8.36812767 -4.15853236
v -14.4543607 8.45667617 -4.13846136
v -14.4744317 8.36812767 -3.22464092
v -14.4543607 8.45667617 -3.24412159
v -14.3658122 8.47674716 -3.22464092
v -14.3658122 8.36812767 -3.17918603
v -14.4744317 7.12726814 -3.22464092
v 14.3658122 8.36812767 -3.17918603
v 14.3658122 8.47674716 -3.22464092
v -14.3658122 7.12726814 -3.17918603
v 14.4744317 8.36812767 -3.22464092
v 14.4543607 8.45667617 -3.24412159
v 14.3658122 7.12726814 -3.17918603
v 14.4744317 7.12726814 -3.22464092
v 14.3658122 7.01864865 -3.22464092
v 14.4543607 7.03871965 -3.24412159
v -14.3658122 7.01864865 -3.22464092
v -14.4543607 7.03871965 -3.24412159
v -14.3658122 8.47674716 -3.22464092
v -14.4543607 8.45667617 -3.24412159
v -14.4744317 8.47674716 -3.33326041
v -14.3658122 8.52220205 -3.33326041
v 14.3658122 8.47674716 -3.22464092
v -14.3658122 8.52220205 -4.04991287
v -14.4744317 8.47674716 -4.04991287
v -14.3658122 8.47674716 -4.15853236
v -14.4543607 8.45667617 -4.13846136
v 14.3658122 8.52220205 -4.04991287
v 14.3658122 8.47674716 -4.15853236
v 14.3658122 8.52220205 -3.33326041
v 14.4744317 8.47674716 -4.04991287
v 14.4543607 8.45667617 -4.13846136
v 14.4744317 8.47674716 -3.33326041
v 14.4543607 8.45667617 -3.24412159
v 14.4744317 8.36812767 -3.22464092
v 14.4543607 8.45667617 -3.24412159
v 14.4744317 8.47674716 -3.33326041
v 14.5192963 8.36812767 -3.33326041
v 14.4744317 7.12726814 -3.22464092
v 14.5192963 8.36812767 -4.04991287
v 14.4744317 8.47674716 -4.04991287
v 14.4744317 8.36812767 -4.15853236
v 14.4543607 8.45667617 -4.13846136
v 14.5192963 7.12726814 -4.04991287
v 14.4744317 7.12726814 -4.15853236
v 14.5192963 7.12726814 -3.33326041
v 14.4744317 7.01864865 -4.04991287
v 14.4543607 7.03871965 -4.13846136
v 14.4744317 7.01864865 -3.33326041
v 14.4543607 7.03871965 -3.24412159
v 14.4744317 8.36812767 -4.15853236
v 14.4543607 8.45667617 -4.13846136
v 14.3658122 8.47674716 -4.15853236
v 14.3658122 8.36812767 -4.20398725
v 14.4744317 7.12726814 -4.15853236
v -14.3658122 8.36812767 -4.20398725
v -14.3658122 8.47674716 -4.15853236
v 14.3658122 7.12726814 -4.20398725
v -14.4744317 8.36812767 -4.15853236
v -14.4543607 8.45667617 -4.13846136
v -14.3658122 7.12726814 -4.20398725
v -14.4744317 7.12726814 -4.15853236
v -14.3658122 7.01864865 -4.15853236
v -14.4543607 7.03871965 -4.13846136
v 14.3658122 7.01864865 -4.15853236
v 14.4543607 7.03871965 -4.13846136
v 14.4744317 7.01864865 -4.04991287
v 14.4543607 7.03871965 -4.13846136
v 14.3658122 7.01864865 -4.15853236
v 14.3658122 6.97378408 -4.04991287
v 14.4744317 7.01864865 -3.33326041
v -14.3658122 6.97378408 -4.04991287
v -14.3658122 7.01864865 -4.15853236
v 14.3658122 6.97378408 -3.33326041
v -14.4744317 7.01864865 -4.04991287
v -14.4543607 7.03871965 -4.13846136
v -14.3658122 6.97378408 -3.33326041
v -14.4744317 7.01864865 -3.33326041
v -14.3658122 7.01864865 -3.22464092
v -14.4543607 7.03871965 -3.24412159
v 14.3658122 7.01864865 -3.22464092
v 14.4543607 7.03871965 -3.24412159
v -14.4744317 8.47674716 -5.16680452
v -14.4543607 8.45667617 -5.07825603
v -14.4744317 8.36812767 -5.05818504
v -14.5192963 8.36812767 -5.16680452
v -14.4744317 8.47674716 -5.88404731
v -14.5192963 7.12726814 -5.16680452
v -14.4744317 7.12726814 -5.05818504
v -14.5192963 8.36812767 -5.88404731
v -14.4744317 7.01864865 -5.16680452
v -14.4543607 7.03871965 -5.07825603
v -14.5192963 7.12726814 -5.88404731
v -14.4744317 7.01864865 -5.88404731
v -14.4744317 7.12726814 -5.99266679
v -14.4543607 7.03871965 -5.9725958
v -14.4744317 8.36812767 -5.99266679
v -14.4543607 8.45667617 -5.9725958
v -14.4744317 8.36812767 -5.05818504
v -14.4543607 8.45667617 -5.07825603
v -14.3658122 8.47674716 -5.05818504
v -14.3658122 8.36812767 -5.01332047
v -14.4744317 7.12726814 -5.05818504
v 14.3658122 8.36812767 -5.01332047
v 14.3658122 8.47674716 -5.05818504
v -14.3658122 7.12726814 -5.01332047
v 14.4744317 8.36812767 -5.05818504
v 14.4543607 8.45667617 -5.07825603
v 14.3658122 7.12726814 -5.01332047
v 14.4744317 7.12726814 -5.05818504
v 14.3658122 7.01864865 -5.05818504
v 14.4543607 7.03871965 -5.07825603
v -14.3658122 7.01864865 -5.05818504
v -14.4543607 7.03871965 -5.07825603
v -14.3658122 8.47674716 -5.05818504
v -14.4543607 8.45667617 -5.07825603
v -14.4744317 8.47674716 -5.16680452
v -14.3658122 8.52220205 -5.16680452
v 14.3658122 8.47674716 -5.05818504
v -14.3658122 8.52220205 -5.88404731
v -14.4744317 8.47674716 -5.88404731
v -14.3658122 8.47674716 -5.99266679
v -14.4543607 8.45667617 -5.9725958
v 14.3658122 8.52220205 -5.88404731
v 14.3658122 8.47674716 -5.99266679
v 14.3658122 8.52220205 -5.16680452
v 14.4744317 8.47674716 -5.88404731
v 14.4543607 8.45667617 -5.9725958
v 14.4744317 8.47674716 -5.16680452
v 14.4543607 8.45667617 -5.07825603
v 14.4744317 8.36812767 -5.05818504
v 14.4543607 8.45667617 -5.07825603
v 14.4744317 8.47674716 -5.16680452
v 14.5192963 8.36812767 -5.16680452
v 14.4744317 7.12726814 -5.05818504
v 14.5192963 8.36812767 -5.88404731
v 14.4744317 8.47674716 -5.88404731
v 14.4744317 8.36812767 -5.99266679
v 14.4543607 8.45667617 -5.9725958
v 14.5192963 7.12726814 -5.88404731
v 14.4744317 7.12726814 -5.99266679
v 14.5192963 7.12726814 -5.16680452
v 14.4744317 7.01864865 -5.88404731
v 14.4543607 7.03871965 -5.9725958
v 14.4744317 7.01864865 -5.16680452
v 14.4543607 7.03871965 -5.07825603
v 14.4744317 8.36812767 -5.99266679
v 14.4543607 8.45667617 -5.9725958
v 14.3658122 8.47674716 -5.99266679
v 14.3658122 8.36812767 -6.03753136
v 14.4744317 7.12726814 -5.99266679
v -14.3658122 8.36812767 -6.03753136
v -14.3658122 8.47674716 -5.99266679
v 14.3658122 7.12726814 -6.03753136
v -14.4744317 8.36812767 -5.99266679
v -14.4543607 8.45667617 -5.9725958
v -14.3658122 7.12726814 -6.03753136
v -14.4744317 7.12726814 -5.99266679
v -14.3658122 7.01864865 -5.99266679
v -14.4543607 7.03871965 -5.9725958
v 14.3658122 7.01864865 -5.99266679
v 14.4543607 7.03871965 -5.9725958
v 14.4744317 7.01864865 -5.88404731
v 14.4543607 7.03871965 -5.9725958
v 14.3658122 7.01864865 -5.99266679
v 14.3658122 6.97378408 -5.88404731
v 14.4744317 7.01864865 -5.16680452
v -14.3658122 6.97378408 -5.88404731
v -14.3658122 7.01864865 -5.99266679
v 14.3658122 6.97378408 -5.16680452
v -14.4744317 7.01864865 -5.88404731
v -14.4543607 7.03871965 -5.9725958
v -14.3658122 6.97378408 -5.16680452
v -14.4744317 7.01864865 -5.16680452
v -14.3658122 7.01864865 -5.05818504
v -14.4543607 7.03871965 -5.07825603
v 14.3658122 7.01864865 -5.05818504
v 14.4543607 7.03871965 -5.07825603
v -14.4744317 8.47674716 -7.01687768
v -14.4543607 8.45667617 -6.92773887
v -14.4744317 8.36812767 -6.9082582
v -14.5192963 8.36812767 -7.01687768
v -14.4744317 8.47674716 -7.73353015
v -14.5192963 7.12726814 -7.01687768
v -14.4744317 7.12726814 -6.9082582
v -14.5192963 8.36812767 -7.73353015
v -14.4744317 7.01864865 -7.01687768
v -14.4543607 7.03871965 -6.92773887
v -14.5192963 7.12726814 -7.73353015
v -14.4744317 7.01864865 -7.73353015
v -14.4744317 7.12726814 -7.84214963
v -14.4543607 7.03871965 -7.82207864
v -14.4744317 8.36812767 -7.84214963
v -14.4543607 8.45667617 -7.82207864
v -14.4744317 8.36812767 -6.9082582
v -14.4543607 8.45667617 -6.92773887
v -14.3658122 8.47674716 -6.9082582
v -14.3658122 8.36812767 -6.86280331
v -14.4744317 7.12726814 -6.9082582
v 14.3658122 8.36812767 -6.86280331
v 14.3658122 8.47674716 -6.9082582
v -14.3658122 7.12726814 -6.86280331
v 14.4744317 8.36812767 -6.9082582
v 14.4543607 8.45667617 -6.92773887
v 14.3658122 7.12726814 -6.86280331
v 14.4744317 7.12726814 -6.9082582
v 14.3658122 7.01864865 -6.9082582
v 14.4543607 7.03871965 -6.92773887
v -14.3658122 7.01864865 -6.9082582
v -14.4543607 7.03871965 -6.92773887
v -14.3658122 8.47674716 -6.9082582
v -14.4543607 8.45667617 -6.92773887
v -14.4744317 8.47674716 -7.01687768
v -14.3658122 8.52220205 -7.01687768
v 14.3658122 8.47674716 -6.9082582
v -14.3658122 8.52220205 -7.73353015
v -14.4744317 8.47674716 -7.73353015
v -14.3658122 8.47674716 -7.84214963
v -14.4543607 8.45667617 -7.82207864
v 14.3658122 8.52220205 -7.73353015
v 14.3658122 8.47674716 -7.84214963
v 14.3658122 8.52220205 -7.01687768
v 14.4744317 8.47674716 -7.73353015
v 14.4543607 8.45667617 -7.82207864
v 14.4744317 8.47674716 -7.01687768
v 14.4543607 8.45667617 -6.92773887
v 14.4744317 8.36812767 -6.9082582
v 14.4543607 8.45667617 -6.92773887
v 14.4744317 8.47674716 -7.01687768
v 14.5192963 8.36812767 -7.01687768
v 14.4744317 7.12726814 -6.9082582
v 14.5192963 8.36812767 -7.73353015
v 14.4744317 8.47674716 -7.73353015
v 14.4744317 8.36812767 -7.84214963
v 14.4543607 8.45667617 -7.82207864
v 14.5192963 7.12726814 -7.73353015
v 14.4744317 7.12726814 -7.84214963
v 14.5192963 7.12726814 -7.01687768
v 14.4744317 7.01864865 -7.73353015
v 14.4543607 7.03871965 -7.82207864
v 14.4744317 7.01864865 -7.01687768
v 14.4543607 7.03871965 -6.92773887
v 14.4744317 8.36812767 -7.84214963
v 14.4543607 8.45667617 -7.82207864
v 14.3658122 8.47674716 -7.84214963
v 14.3658122 8.36812767 -7.88760452
v 14.4744317 7.12726814 -7.84214963
v -14.3658122 8.36812767 -7.88760452
v -14.3658122 8.47674716 -7.84214963
v 14.3658122 7.12726814 -7.88760452
v -14.4744317 8.36812767 -7.84214963
v -14.4543607 8.45667617 -7.82207864
v -14.3658122 7.12726814 -7.88760452
v -14.4744317 7.12726814 -7.84214963
v -14.3658122 7.01864865 -7.84214963
v -14.4543607 7.03871965 -7.82207864
v 14.3658122 7.01864865 -7.84214963
v 14.4543607 7.03871965 -7.82207864
v 14.4744317 7.01864865 -7.73353015
v 14.4543607 7.03871965 -7.82207864
v 14.3658122 7.01864865 -7.84214963
v 14.3658122 6.97378408 -7.73353015
v 14.4744317 7.01864865 -7.01687768
v -14.3658122 6.97378408 -7.73353015
v -14.3658122 7.01864865 -7.84214963
v 14.3658122 6.97378408 -7.01687768
v -14.4744317 7.01864865 -7.73353015
v -14.4543607 7.03871965 -7.82207864
v -14.3658122 6.97378408 -7.01687768
v -14.4744317 7.01864865 -7.01687768
v -14.3658122 7.01864865 -6.9082582
v -14.4543607 7.03871965 -6.92773887
v 14.3658122 7.01864865 -6.9082582
v 14.4543607 7.03871965 -6.92773887
v -14.4744317 8.47674716 -8.86636052
v -14.4543607 8.45667617 -8.77722171
v -14.4744317 8.36812767 -8.75774104
v -14.5192963 8.36812767 -8.86636052
v -14.4744317 8.47674716 -9.58301299
v -14.5192963 7.12726814 -8.86636052
v -14.4744317 7.12726814 -8.75774104
v -14.5192963 8.36812767 -9.58301299
v -14.4744317 7.01864865 -8.86636052
v -14.4543607 7.03871965 -8.77722171
v -14.5192963 7.12726814 -9.58301299
v -14.4744317 7.01864865 -9.58301299
v -14.4744317 7.12726814 -9.69163247
v -14.4543607 7.03871965 -9.6721518
v -14.4744317 8.36812767 -9.69163247
v -14.4543607 8.45667617 -9.6721518
v -14.4744317 8.36812767 -8.75774104
v -14.4543607 8.45667617 -8.77722171
v -14.3658122 8.47674716 -8.75774104
v -14.3658122 8.36812767 -8.71228615
v -14.4744317 7.12726814 -8.75774104
v 14.3658122 8.36812767 -8.71228615
v 14.3658122 8.47674716 -8.75774104
v -14.3658122 7.12726814 -8.71228615
v 14.4744317 8.36812767 -8.75774104
v 14.4543607 8.45667617 -8.77722171
v 14.3658122 7.12726814 -8.71228615
v 14.4744317 7.12726814 -8.75774104
v 14.3658122 7.01864865 -8.75774104
v 14.4543607 7.03871965 -8.77722171
v -14.3658122 7.01864865 -8.75774104
v -14.4543607 7.03871965 -8.77722171
v -14.3658122 8.47674716 -8.75774104
v -14.4543607 8.45667617 -8.77722171
v -14.4744317 8.47674716 -8.86636052
v -14.3658122 8.52220205 -8.86636052
v 14.3658122 8.47674716 -8.75774104
v -14.3658122 8.52220205 -9.58301299
v -14.4744317 8.47674716 -9.58301299
v -14.3658122 8.47674716 -9.69163247
v -14.4543607 8.45667617 -9.6721518
v 14.3658122 8.52220205 -9.58301299
v 14.3658122 8.47674716 -9.69163247
v 14.3658122 8.52220205 -8.86636052
v 14.4744317 8.47674716 -9.58301299
v 14.4543607 8.45667617 -9.6721518
v 14.4744317 8.47674716 -8.86636052
v 14.4543607 8.45667617 -8.77722171
v 14.4744317 8.36812767 -8.75774104
v 14.4543607 8.45667617 -8.77722171
v 14.4744317 8.47674716 -8.86636052
v 14.5192963 8.36812767 -8.86636052
v 14.4744317 7.12726814 -8.75774104
v 14.5192963 8.36812767 -9.58301299
v 14.4744317 8.47674716 -9.58301299
v 14.4744317 8.36812767 -9.69163247
v 14.4543607 8.45667617 -9.6721518
v 14.5192963 7.12726814 -9.58301299
v 14.4744317 7.12726814 -9.69163247
v 14.5192963 7.12726814 -8.86636052
v 14.4744317 7.01864865 -9.58301299
v 14.4543607 7.03871965 -9.6721518
v 14.4744317 7.01864865 -8.86636052
v 14.4543607 7.03871965 -8.77722171
v 14.4744317 8.36812767 -9.69163247
v 14.4543607 8.45667617 -9.6721518
v 14.3658122 8.47674716 -9.69163247
v 14.3658122 8.36812767 -9.73708736
v 14.4744317 7.12726814 -9.69163247
v -14.3658122 8.36812767 -9.73708736
v -14.3658122 8.47674716 -9.69163247
v 14.3658122 7.12726814 -9.73708736
v -14.4744317 8.36812767 -9.69163247
v -14.4543607 8.45667617 -9.6721518
v -14.3658122 7.12726814 -9.73708736
v -14.4744317 7.12726814 -9.69163247
v -14.3658122 7.01864865 -9.69163247
v -14.4543607 7.03871965 -9.6721518
v 14.3658122 7.01864865 -9.69163247
v 14.4543607 7.03871965 -9.6721518
v 14.4744317 7.01864865 -9.58301299
v 14.4543607 7.03871965 -9.6721518
v 14.3658122 7.01864865 -9.69163247
v 14.3658122 6.97378408 -9.58301299
v 14.4744317 7.01864865 -8.86636052
v -14.3658122 6.97378408 -9.58301299
v -14.3658122 7.01864865 -9.69163247
v 14.3658122 6.97378408 -8.86636052
v -14.4744317 7.01864865 -9.58301299
v -14.4543607 7.03871965 -9.6721518
v -14.3658122 6.97378408 -8.86636052
v -14.4744317 7.01864865 -8.86636052
v -14.3658122 7.01864865 -8.75774104
v -14.4543607 7.03871965 -8.77722171
v 14.3658122 7.01864865 -8.75774104
v 14.4543607 7.03871965 -8.77722171
v -11.6715768 12.7412425 14.5187059
v -11.6715768 12.7412425 -14.5187059
v -11.8173866 12.8823298 -14.5429092
v -11.8173866 12.8823298 14.5429092
v -11.8173866 14.0381828 14.8976935
v -11.8173866 14.0381828 -14.8976935
v -11.6745284 14.1881249 -14.9313419
v -11.6745284 14.1881249 14.9313419
v -11.6715768 12.8628491 -14.6851771
v -11.6715768 12.7412425 -14.5187059
v -11.6762993 14.0269666 -15.0511775
v -11.6745284 14.1881249 -14.9313419
v -11.6703961 12.8640298 14.6851771
v -11.3758248 12.8628491 14.6851771
v -11.3758248 12.7412425 14.5187059
v -11.6715768 12.7412425 14.5187059
v -11.6745284 14.1881249 14.9313419
v -11.3728732 14.1881249 14.9313419
v -11.3711022 14.0269666 15.0511775
v -11.6745284 14.0251957 15.0505872
v -11.2300149 12.8823298 14.5429092
v -11.3770054 12.7412425 -14.5181156
v -11.3758248 12.7412425 14.5187059
v -11.2300149 12.8823298 -14.5429092
v -11.3770054 12.8640298 -14.6851771
v -11.3711022 14.0269666 -15.0511775
v -11.2300149 14.0381828 -14.8976935
v -11.3711022 14.1881249 -14.9331129
v -11.3728732 14.1881249 14.9313419
v -11.2300149 14.0381828 14.8976935
v -11.3758248 12.8628491 14.6851771
v -11.3758248 12.7412425 14.5187059
v -11.3711022 14.0269666 15.0511775
v -11.3728732 14.1881249 14.9313419
v -11.3711022 14.1881249 -14.9331129
v -11.6762993 14.0269666 -15.0511775
v -11.3711022 14.0269666 -15.0511775
v -11.6745284 14.1881249 -14.9313419
v -11.6745284 14.1881249 14.9313419
v -11.3728732 14.1881249 14.9313419
v -11.3770054 12.8640298 -14.6851771
v -11.6715768 12.8628491 -14.6851771
v -11.6715768 12.7412425 -14.5187059
v -11.3770054 12.7412425 -14.5181156
v -11.3758248 12.7412425 14.5187059
v -11.6715768 12.7412425 14.5187059
v -7.45194594 13.322711 14.5187059
v -7.45194594 13.322711 -14.5187059
v -7.59775579 13.4643886 -14.5429092
v -7.59775579 13.4643886 14.5429092
v -7.59775579 14.6196512 14.8976935
v -7.59775579 14.6196512 -14.8976935
v -7.45489756 14.7695933 -14.9313419
v -7.45489756 14.7695933 14.9313419
v -7.45194594 13.4449079 -14.6851771
v -7.45194594 13.322711 -14.5187059
v -7.45666853 14.6084351 -15.0511775
v -7.45489756 14.7695933 -14.9313419
v -7.4507653 13.4454982 14.6851771
v -7.15560365 13.4449079 14.6851771
v -7.15560365 13.322711 14.5187059
v -7.45194594 13.322711 14.5187059
v -7.45489756 14.7695933 14.9313419
v -7.15265204 14.7695933 14.9313419
v -7.15088107 14.6084351 15.0511775
v -7.45489756 14.6066641 15.0505872
v -7.0097938 13.4643886 14.5429092
v -7.1567843 13.322711 -14.5181156
v -7.15560365 13.322711 14.5187059
v -7.0097938 13.4643886 -14.5429092
v -7.1567843 13.4454982 -14.6851771
v -7.15088107 14.6084351 -15.0511775
v -7.0097938 14.6196512 -14.8976935
v -7.15088107 14.7695933 -14.9331129
v -7.15265204 14.7695933 14.9313419
v -7.0097938 14.6196512 14.8976935
v -7.15560365 13.4449079 14.6851771
v -7.15560365 13.322711 14.5187059
v -7.15088107 14.6084351 15.0511775
v -7.15265204 14.7695933 14.9313419
v -7.15088107 14.7695933 -14.9331129
v -7.45666853 14.6084351 -15.0511775
v -7.15088107 14.6084351 -15.0511775
v -7.45489756 14.7695933 -14.9313419
v -7.45489756 14.7695933 14.9313419
v -7.15265204 14.7695933 14.9313419
v -7.1567843 13.4454982 -14.6851771
v -7.45194594 13.4449079 -14.6851771
v -7.45194594 13.322711 -14.5187059
v -7.1567843 13.322711 -14.5181156
v -7.15560365 13.322711 14.5187059
v -7.45194594 13.322711 14.5187059
v -4.73704917 15.1078486 14.5187059
v -4.73704917 15.1078486 -14.5187059
v -4.88285902 15.2489358 -14.5429092
v -4.88285902 15.2489358 14.5429092
v -4.88285902 16.4047888 14.8976935
v -4.88285902 16.4047888 -14.8976935
v -4.74000079 16.5547309 -14.9313419
v -4.74000079 16.5547309 14.9313419
v -4.73704917 15.2294552 -14.6851771
v -4.73704917 15.1078486 -14.5187059
v -4.74177176 16.3935727 -15.0511775
v -4.74000079 16.5547309 -14.9313419
v -4.73586852 15.2306358 14.6851771
v -4.44129721 15.2294552 14.6851771
v -4.44129721 15.1078486 14.5187059
v -4.73704917 15.1078486 14.5187059
v -4.74000079 16.5547309 14.9313419
v -4.43834559 16.5547309 14.9313419
v -4.43657462 16.3935727 15.0511775
v -4.74000079 16.3918017 15.0505872
v -4.29548736 15.2489358 14.5429092
v -4.44188753 15.1078486 -14.5181156
v -4.44129721 15.1078486 14.5187059
v -4.29548736 15.2489358 -14.5429092
v -4.44188753 15.2306358 -14.6851771
v -4.43657462 16.3935727 -15.0511775
v -4.29548736 16.4047888 -14.8976935
v -4.43657462 16.5547309 -14.9331129
v -4.43834559 16.5547309 14.9313419
v -4.29548736 16.4047888 14.8976935
v -4.44129721 15.2294552 14.6851771
v -4.44129721 15.1078486 14.5187059
v -4.43657462 16.3935727 15.0511775
v -4.43834559 16.5547309 14.9313419
v -4.43657462 16.5547309 -14.9331129
v -4.74177176 16.3935727 -15.0511775
v -4.43657462 16.3935727 -15.0511775
v -4.74000079 16.5547309 -14.9313419
v -4.74000079 16.5547309 14.9313419
v -4.43834559 16.5547309 14.9313419
v -4.44188753 15.2306358 -14.6851771
v -4.73704917 15.2294552 -14.6851771
v -4.73704917 15.1078486 -14.5187059
v -4.44188753 15.1078486 -14.5181156
v -4.44129721 15.1078486 14.5187059
v -4.73704917 15.1078486 14.5187059
v -0.812579997 15.5092684 14.7613288
v 0.859215536 15.5092684 14.7613288
v 0.84918004 15.3681811 14.6125673
v -0.801954178 15.3681811 14.6125673
v -1.10006743 19.3434181 14.8138676
v 1.14670297 19.3434181 14.8138676
v 1.13489651 19.1946567 14.9549548
v -1.08826097 19.1946567 14.9549548
v -1.08826097 19.1946567 -14.9089096
v 1.13961909 19.1993792 -14.9095
v 1.144932 19.3434181 -14.7666417
v -1.10006743 19.3434181 -14.7684127
v -0.801954178 15.3681811 -14.5671125
v 0.85095101 15.3681811 -14.5688834
v 0.859215536 15.5092684 -14.7152836
v -0.812579997 15.5092684 -14.7152836
v 1.2842483 19.193476 -14.7583772
v 1.14670297 19.3434181 14.8138676
v 1.144932 19.3434181 -14.7666417
v 1.2842483 19.1993792 14.8103256
v 1.13489651 19.1946567 14.9549548
v 0.859215536 15.5092684 14.7613288
v 1.00089312 15.5074974 14.6214222
v 0.84918004 15.3681811 14.6125673
v 0.85095101 15.3681811 -14.5688834
v 1.00089312 15.5074974 -14.5759673
v 1.13961909 19.1993792 -14.9095
v 1.144932 19.3434181 -14.7666417
v 0.859215536 15.5092684 -14.7152836
v 0.85095101 15.3681811 -14.5688834
v 4.56998768 15.1078486 14.5187059
v 4.56998768 15.1078486 -14.5187059
v 4.42417783 15.2489358 -14.5429092
v 4.42417783 15.2489358 14.5429092
v 4.42417783 16.4047888 14.8976935
v 4.42417783 16.4047888 -14.8976935
v 4.56703607 16.5547309 -14.9313419
v 4.56703607 16.5547309 14.9313419
v 4.56998768 15.2294552 -14.6851771
v 4.56998768 15.1078486 -14.5187059
v 4.5652651 16.3935727 -15.0511775
v 4.56703607 16.5547309 -14.9313419
v 4.57116833 15.2306358 14.6851771
v 4.86632997 15.2294552 14.6851771
v 4.86632997 15.1078486 14.5187059
v 4.56998768 15.1078486 14.5187059
v 4.56703607 16.5547309 14.9313419
v 4.86928159 16.5547309 14.9313419
v 4.87105256 16.3935727 15.0511775
v 4.56703607 16.3918017 15.0505872
v 5.01213982 15.2489358 14.5429092
v 4.86514932 15.1078486 -14.5181156
v 4.86632997 15.1078486 14.5187059
v 5.01213982 15.2489358 -14.5429092
v 4.86514932 15.2306358 -14.6851771
v 4.87105256 16.3935727 -15.0511775
v 5.01213982 16.4047888 -14.8976935
v 4.87105256 16.5547309 -14.9331129
v 4.86928159 16.5547309 14.9313419
v 5.01213982 16.4047888 14.8976935
v 4.86632997 15.2294552 14.6851771
v 4.86632997 15.1078486 14.5187059
v 4.87105256 16.3935727 15.0511775
v 4.86928159 16.5547309 14.9313419
v 4.87105256 16.5547309 -14.9331129
v 4.5652651 16.3935727 -15.0511775
v 4.87105256 16.3935727 -15.0511775
v 4.56703607 16.5547309 -14.9313419
v 4.56703607 16.5547309 14.9313419
v 4.86928159 16.5547309 14.9313419
v 4.86514932 15.2306358 -14.6851771
v 4.56998768 15.2294552 -14.6851771
v 4.56998768 15.1078486 -14.5187059
v 4.86514932 15.1078486 -14.5181156
v 4.86632997 15.1078486 14.5187059
v 4.56998768 15.1078486 14.5187059
v 7.80673023 13.322711 14.5187059
v 7.80673023 13.322711 -14.5187059
v 7.66092038 13.4643886 -14.5429092
v 7.66092038 13.4643886 14.5429092
v 7.66092038 14.6196512 14.8976935
v 7.66092038 14.6196512 -14.8976935
v 7.80377862 14.7695933 -14.9313419
v 7.80377862 14.7695933 14.9313419
v 7.80673023 13.4449079 -14.6851771
v 7.80673023 13.322711 -14.5187059
v 7.80200765 14.6084351 -15.0511775
v 7.80377862 14.7695933 -14.9313419
v 7.80791088 13.4454982 14.6851771
v 8.10307252 13.4449079 14.6851771
v 8.10307252 13.322711 14.5187059
v 7.80673023 13.322711 14.5187059
v 7.80377862 14.7695933 14.9313419
v 8.10602414 14.7695933 14.9313419
v 8.10779511 14.6084351 15.0511775
v 7.80377862 14.6066641 15.0505872
v 8.24888237 13.4643886 14.5429092
v 8.10189187 13.322711 -14.5181156
v 8.10307252 13.322711 14.5187059
v 8.24888237 13.4643886 -14.5429092
v 8.10189187 13.4454982 -14.6851771
v 8.10779511 14.6084351 -15.0511775
v 8.24888237 14.6196512 -14.8976935
v 8.10779511 14.7695933 -14.9331129
v 8.10602414 14.7695933 14.9313419
v 8.24888237 14.6196512 14.8976935
v 8.10307252 13.4449079 14.6851771
v 8.10307252 13.322711 14.5187059
v 8.10779511 14.6084351 15.0511775
v 8.10602414 14.7695933 14.9313419
v 8.10779511 14.7695933 -14.9331129
v 7.80200765 14.6084351 -15.0511775
v 8.10779511 14.6084351 -15.0511775
v 7.80377862 14.7695933 -14.9313419
v 7.80377862 14.7695933 14.9313419
v 8.10602414 14.7695933 14.9313419
v 8.10189187 13.4454982 -14.6851771
v 7.80673023 13.4449079 -14.6851771
v 7.80673023 13.322711 -14.5187059
v 8.10189187 13.322711 -14.5181156
v 8.10307252 13.322711 14.5187059
v 7.80673023 13.322711 14.5187059
v 11.4348571 12.7412425 14.5187059
v 11.4348571 12.7412425 -14.5187059
v 11.2890473 12.8823298 -14.5429092
v 11.2890473 12.8823298 14.5429092
v 11.2890473 14.0381828 14.8976935
v 11.2890473 14.0381828 -14.8976935
v 11.4319055 14.1881249 -14.9313419
v 11.4319055 14.1881249 14.9313419
v 11.4348571 12.8628491 -14.6851771
v 11.4348571 12.7412425 -14.5187059
v 11.4301345 14.0269666 -15.0511775
v 11.4319055 14.1881249 -14.9313419
v 11.4360378 12.8640298 14.6851771
v 11.7311994 12.8628491 14.6851771
v 11.7311994 12.7412425 14.5187059
v 11.4348571 12.7412425 14.5187059
v 11.4319055 14.1881249 14.9313419
v 11.734151 14.1881249 14.9313419
v 11.735922 14.0269666 15.0511775
v 11.4319055 14.0251957 15.0505872
v 11.8770093 12.8823298 14.5429092
v 11.7300188 12.7412425 -14.5181156
v 11.7311994 12.7412425 14.5187059
v 11.8770093 12.8823298 -14.5429092
v 11.7300188 12.8640298 -14.6851771
v 11.735922 14.0269666 -15.0511775
v 11.8770093 14.0381828 -14.8976935
v 11.735922 14.1881249 -14.9331129
v 11.734151 14.1881249 14.9313419
v 11.8770093 14.0381828 14.8976935
v 11.7311994 12.8628491 14.6851771
v 11.7311994 12.7412425 14.5187059
v 11.735922 14.0269666 15.0511775
v 11.734151 14.1881249 14.9313419
v 11.735922 14.1881249 -14.9331129
v 11.4301345 14.0269666 -15.0511775
v 11.735922 14.0269666 -15.0511775
v 11.4319055 14.1881249 -14.9313419
v 11.4319055 14.1881249 14.9313419
v 11.734151 14.1881249 14.9313419
v 11.7300188 12.8640298 -14.6851771
v 11.4348571 12.8628491 -14.6851771
v 11.4348571 12.7412425 -14.5187059
v 11.7300188 12.7412425 -14.5181156
v 11.7311994 12.7412425 14.5187059
v 11.4348571 12.7412425 14.5187059
v -11.6703961 12.8640298 14.6851771
v -11.6745284 14.0251957 15.0505872
v -11.3711022 14.0269666 15.0511775
v -11.3758248 12.8628491 14.6851771
v -11.3770054 12.8640298 -14.6851771
v -11.3711022 14.0269666 -15.0511775
v -11.6762993 14.0269666 -15.0511775
v -11.6715768 12.8628491 -14.6851771
v -7.4507653 13.4454982 14.6851771
v -7.45489756 14.6066641 15.0505872
v -7.15088107 14.6084351 15.0511775
v -7.15560365 13.4449079 14.6851771
v -7.1567843 13.4454982 -14.6851771
v -7.15088107 14.6084351 -15.0511775
v -7.45666853 14.6084351 -15.0511775
v -7.45194594 13.4449079 -14.6851771
v -4.73586852 15.2306358 14.6851771
v -4.74000079 16.3918017 15.0505872
v -4.43657462 16.3935727 15.0511775
v -4.44129721 15.2294552 14.6851771
v -4.44188753 15.2306358 -14.6851771
v -4.43657462 16.3935727 -15.0511775
v -4.74177176 16.3935727 -15.0511775
v -4.73704917 15.2294552 -14.6851771
v -0.812579997 15.5092684 -14.7152836
v 0.859215536 15.5092684 -14.7152836
v 1.13961909 19.1993792 -14.9095
v -1.08826097 19.1946567 -14.9089096
v 0.859215536 15.5092684 14.7613288
v -0.812579997 15.5092684 14.7613288
v -1.08826097 19.1946567 14.9549548
v 1.13489651 19.1946567 14.9549548
v -0.801954178 15.3681811 -14.5671125
v -0.801954178 15.3681811 14.6125673
v 0.84918004 15.3681811 14.6125673
v 0.85095101 15.3681811 -14.5688834
v 1.144932 19.3434181 -14.7666417
v 1.14670297 19.3434181 14.8138676
v -1.10006743 19.3434181 14.8138676
v -1.10006743 19.3434181 -14.7684127
v 4.57116833 15.2306358 14.6851771
v 4.56703607 16.3918017 15.0505872
v 4.87105256 16.3935727 15.0511775
v 4.86632997 15.2294552 14.6851771
v 4.86514932 15.2306358 -14.6851771
v 4.87105256 16.3935727 -15.0511775
v 4.5652651 16.3935727 -15.0511775
v 4.56998768 15.2294552 -14.6851771
v 7.80791088 13.4454982 14.6851771
v 7.80377862 14.6066641 15.0505872
v 8.10779511 14.6084351 15.0511775
v 8.10307252 13.4449079 14.6851771
v 8.10189187 13.4454982 -14.6851771
v 8.10779511 14.6084351 -15.0511775
v 7.80200765 14.6084351 -15.0511775
v 7.80673023 13.4449079 -14.6851771
v 11.4360378 12.8640298 14.6851771
v 11.4319055 14.0251957 15.0505872
v 11.735922 14.0269666 15.0511775
v 11.7311994 12.8628491 14.6851771
v 11.7300188 12.8640298 -14.6851771
v 11.735922 14.0269666 -15.0511775
v 11.4301345 14.0269666 -15.0511775
v 11.4348571 12.8628491 -14.6851771
v -11.6715768 12.7412425 14.5187059
v -11.8173866 12.8823298 14.5429092
v -11.6703961 12.8640298 14.6851771
v -11.6745284 14.0251957 15.0505872
v -11.8173866 14.0381828 14.8976935
v -11.6745284 14.1881249 14.9313419
v -7.45194594 13.322711 14.5187059
v -7.59775579 13.4643886 14.5429092
v -7.4507653 13.4454982 14.6851771
v -7.45489756 14.6066641 15.0505872
v -7.59775579 14.6196512 14.8976935
v -7.45489756 14.7695933 14.9313419
v -4.73704917 15.1078486 14.5187059
v -4.88285902 15.2489358 14.5429092
v -4.73586852 15.2306358 14.6851771
v -4.74000079 16.3918017 15.0505872
v -4.88285902 16.4047888 14.8976935
v -4.74000079 16.5547309 14.9313419
v 4.56998768 15.1078486 14.5187059
v 4.42417783 15.2489358 14.5429092
v 4.57116833 15.2306358 14.6851771
v 4.56703607 16.3918017 15.0505872
v 4.42417783 16.4047888 14.8976935
v 4.56703607 16.5547309 14.9313419
v 7.80673023 13.322711 14.5187059
v 7.66092038 13.4643886 14.5429092
v 7.80791088 13.4454982 14.6851771
v 7.80377862 14.6066641 15.0505872
v 7.66092038 14.6196512 14.8976935
v 7.80377862 14.7695933 14.9313419
v 11.4348571 12.7412425 14.5187059
v 11.2890473 12.8823298 14.5429092
v 11.4360378 12.8640298 14.6851771
v 11.4319055 14.0251957 15.0505872
v 11.2890473 14.0381828 14.8976935
v 11.4319055 14.1881249 14.9313419
v -10.5186754 6.9413163 10.5594077
v 10.5174947 6.9413163 10.5594077
v 10.5174947 6.8574904 10.6432336
v -10.5186754 6.8574904 10.6432336
v -10.5186754 6.8574904 10.6432336
v -10.5204464 6.41002535 10.6432336
v -10.6025013 6.40825438 10.5623593
v -10.6025013 6.8574904 10.5594077
v -10.5186754 6.9413163 10.5594077
v -10.5186754 6.9413163 -10.4767624
v -10.6025013 6.8574904 -10.4767624
v -10.5186754 6.8574904 -10.5605883
v -10.521627 6.40825438 -10.5605883
v -10.6025013 6.41002535 -10.4779431
v -10.4714495 6.32797041 10.5121818
v -10.4714495 6.32797041 -10.4295366
v -10.5204464 6.41002535 10.6432336
v 10.4702689 6.32797041 10.5121818
v -10.4714495 6.32797041 10.5121818
v 10.5204464 6.40825438 10.6432336
v 10.4702689 6.32797041 10.5121818
v 10.6013206 6.41002535 10.5611787
v 5.49325329 6.37519628 5.53575657
v 10.4702689 6.32797041 -10.4295366
v 5.49384362 6.37519628 -5.45252099
v -5.49502426 6.37519628 5.53516625
v -10.4714495 6.32797041 -10.4295366
v -10.4714495 6.32797041 10.5121818
v -5.49443394 6.37519628 -5.45311131
v -10.5186754 6.8574904 -10.5605883
v 10.5174947 6.8574904 -10.5605883
v 10.5174947 6.9413163 -10.4767624
v -10.5186754 6.9413163 -10.4767624
v 10.6013206 6.8574904 -10.4767624
v 10.5174947 6.9413163 10.5594077
v 10.5174947 6.9413163 -10.4767624
v 10.6013206 6.8574904 10.5594077
v 10.5174947 6.8574904 10.6432336
v 10.5204464 6.40825438 10.6432336
v 10.6013206 6.41002535 10.5611787
v 10.6013206 6.40825438 -10.4797141
v 10.4702689 6.32797041 -10.4295366
v 10.4702689 6.32797041 10.5121818
v 10.5174947 6.8574904 -10.5605883
v 10.5186754 6.41002535 -10.5605883
v 10.5174947 6.9413163 -10.4767624
v 5.30612081 -3.29725069 5.43658226
v 5.11957866 -3.10952788 5.07471409
v 5.39407898 -3.29725069 5.34803377
v 5.03221081 -3.10952788 5.16149161
v -5.30730146 -3.29725069 5.43658226
v -5.03339146 -3.11011821 5.16208193
v -5.39584995 -3.29725069 5.34803377
v -5.1207593 -3.10952788 5.07471409
v 5.36810476 -3.40114759 5.49266297
v -5.30730146 -3.29725069 5.43658226
v 5.30612081 -3.29725069 5.43658226
v -5.37046605 -3.40055726 5.49266297
v -5.36810476 -6.19750897 5.49266297
v 5.36633379 -6.19750897 5.49266297
v 5.39407898 -3.29725069 -5.26538851
v 5.11957866 -3.10952788 -4.99147851
v 5.03221081 -3.11011821 -5.07943667
v 5.30612081 -3.29725069 -5.35334668
v -5.03398178 -3.10952788 -5.07884635
v -5.30730146 -3.29725069 -5.35334668
v -5.1207593 -3.10952788 -4.99147851
v -5.39584995 -3.29725069 -5.26538851
v 5.30612081 -3.29725069 -5.35334668
v -5.30730146 -3.29725069 -5.35334668
v -5.36928541 -3.40114759 -5.41001771
v 5.36928541 -3.40055726 -5.41001771
v 5.36633379 -6.19750897 -5.41001771
v -5.36810476 -6.19750897 -5.41001771
v 5.36633379 -6.28133488 5.40883707
v -5.36810476 -6.19750897 5.49266297
v 5.36633379 -6.19750897 5.49266297
v -5.36810476 -6.28133488 5.40883707
v -5.36810476 -6.28133488 -5.32560148
v 5.36633379 -6.28133488 -5.32560148
v 5.36633379 -6.19750897 -5.41001771
v -5.36810476 -6.19750897 -5.41001771
v -5.49502426 6.37519628 5.53516625
v 5.49325329 6.37519628 5.53575657
v 5.36810476 6.29373166 5.49266297
v -5.36928541 6.29373166 5.49266297
v -5.36928541 4.15262912 5.49266297
v 5.36928541 4.15144848 5.49266297
v 5.30612081 4.0481419 5.43658226
v -5.30730146 4.0481419 5.43658226
v -5.45193066 6.29373166 5.41001771
v -5.49443394 6.37519628 -5.45311131
v -5.49502426 6.37519628 5.53516625
v -5.45193066 6.29373166 -5.32737245
v -5.45193066 4.15262912 -5.32737245
v -5.45193066 4.15144848 5.41119836
v -5.36928541 6.29373166 5.49266297
v -5.36928541 4.15262912 5.49266297
v -5.30730146 4.0481419 5.43658226
v -5.39584995 4.0481419 5.34803377
v -5.37046605 4.15144848 -5.41001771
v -5.36928541 6.29373166 -5.41001771
v -5.39584995 4.0481419 -5.26538851
v -5.30730146 4.0481419 -5.35334668
v -5.1207593 3.86100942 -4.99147851
v -5.1207593 3.86100942 5.07471409
v -5.06526892 3.75770285 5.02335596
v -5.03398178 3.86100942 5.16149161
v -4.9838043 3.75829317 5.10600122
v -5.06526892 -3.00622131 5.02335596
v -4.98262366 -3.00622131 5.10600122
v -5.06526892 3.75770285 -4.9407107
v -5.1207593 -3.10952788 5.07471409
v -5.03339146 -3.11011821 5.16208193
v -5.06526892 -3.00622131 -4.9407107
v -4.98262366 3.75770285 -5.02335596
v -5.03339146 3.86159974 -5.07943667
v -4.9838043 -3.00681163 -5.02335596
v -5.03398178 -3.10952788 -5.07884635
v -5.1207593 -3.10952788 -4.99147851
v -5.39584995 -3.29725069 -5.26538851
v -5.39584995 -3.29725069 5.34803377
v -5.45193066 -3.40114759 5.41001771
v -5.45193066 -3.40055726 -5.3285531
v -5.30730146 -3.29725069 -5.35334668
v -5.36928541 -3.40114759 -5.41001771
v -5.36810476 -6.19750897 -5.41001771
v -5.45193066 -6.19750897 -5.32560148
v -5.36810476 -6.28133488 -5.32560148
v -5.36810476 -6.28133488 5.40883707
v -5.45193066 -6.19750897 5.40883707
v -5.36810476 -6.19750897 5.49266297
v -5.37046605 -3.40055726 5.49266297
v -5.30730146 -3.29725069 5.43658226
v -5.36928541 6.29373166 -5.41001771
v 5.49384362 6.37519628 -5.45252099
v -5.49443394 6.37519628 -5.45311131
v 5.36810476 6.29373166 -5.41001771
v 5.36810476 4.15262912 -5.41001771
v -5.37046605 4.15144848 -5.41001771
v -5.30730146 4.0481419 -5.35334668
v 5.30612081 4.0481419 -5.35334668
v 5.45075002 6.29373166 -5.32737245
v 5.49325329 6.37519628 5.53575657
v 5.49384362 6.37519628 -5.45252099
v 5.45075002 6.29373166 5.41001771
v 5.45075002 4.15262912 5.41001771
v 5.45075002 4.15144848 -5.3285531
v 5.36810476 6.29373166 -5.41001771
v 5.36810476 4.15262912 -5.41001771
v 5.30612081 4.0481419 -5.35334668
v 5.39407898 4.0481419 -5.26538851
v 5.36928541 4.15144848 5.49266297
v 5.36810476 6.29373166 5.49266297
v 5.39407898 4.0481419 5.34803377
v 5.30612081 4.0481419 5.43658226
v 5.11957866 3.86100942 5.07471409
v 5.11957866 3.86100942 -4.99147851
v 5.06408827 3.75770285 -4.9407107
v 5.03221081 3.86100942 -5.07884635
v 4.98262366 3.75829317 -5.02335596
v 5.06408827 -3.00622131 -4.9407107
v 4.98144301 -3.00622131 -5.02335596
v 5.06408827 3.75770285 5.02335596
v 5.11957866 -3.10952788 -4.99147851
v 5.03221081 -3.11011821 -5.07943667
v 5.06408827 -3.00622131 5.02335596
v 4.98144301 3.75770285 5.10600122
v 5.03221081 3.86159974 5.16208193
v 4.98262366 -3.00681163 5.10600122
v 5.03221081 -3.10952788 5.16149161
v 5.11957866 -3.10952788 5.07471409
v 5.39407898 -3.29725069 5.34803377
v 5.39407898 -3.29725069 -5.26538851
v 5.45075002 -3.40114759 -5.32737245
v 5.45075002 -3.40055726 5.41119836
v 5.30612081 -3.29725069 5.43658226
v 5.36810476 -3.40114759 5.49266297
v 5.36633379 -6.19750897 5.49266297
v 5.45075002 -6.19750897 5.40883707
v 5.36633379 -6.28133488 5.40883707
v 5.36633379 -6.28133488 -5.32560148
v 5.45075002 -6.19750897 -5.32560148
v 5.36633379 -6.19750897 -5.41001771
v 5.36928541 -3.40055726 -5.41001771
v 5.30612081 -3.29725069 -5.35334668
v 5.30612081 4.0481419 -5.35334668
v 5.11957866 3.86100942 -4.99147851
v 5.39407898 4.0481419 -5.26538851
v 5.03221081 3.86100942 -5.07884635
v -5.30730146 4.0481419 -5.35334668
v -5.03339146 3.86159974 -5.07943667
v -5.39584995 4.0481419 -5.26538851
v -5.1207593 3.86100942 -4.99147851
v -5.30730146 4.0481419 5.43658226
v -5.1207593 3.86100942 5.07471409
v -5.39584995 4.0481419 5.34803377
v -5.03398178 3.86100942 5.16149161
v 5.30612081 4.0481419 5.43658226
v 5.03221081 3.86159974 5.16208193
v 5.39407898 4.0481419 5.34803377
v 5.11957866 3.86100942 5.07471409
v -4.98262366 3.75770285 -5.02335596
v 4.98262366 3.75829317 -5.02335596
v 5.03221081 3.86100942 -5.07884635
v -5.03339146 3.86159974 -5.07943667
v 4.98144301 -3.00622131 -5.02335596
v -4.9838043 -3.00681163 -5.02335596
v -5.03398178 -3.10952788 -5.07884635
v 5.03221081 -3.11011821 -5.07943667
v 4.98144301 3.75770285 5.10600122
v -4.9838043 3.75829317 5.10600122
v -5.03398178 3.86100942 5.16149161
v 5.03221081 3.86159974 5.16208193
v -4.98262366 -3.00622131 5.10600122
v 4.98262366 -3.00681163 5.10600122
v 5.03221081 -3.10952788 5.16149161
v -5.03339146 -3.11011821 5.16208193
v -10.521627 6.40825438 -10.5605883
v 10.5186754 6.41002535 -10.5605883
v 10.5174947 6.8574904 -10.5605883
v -10.5186754 6.8574904 -10.5605883
v 10.5204464 6.40825438 10.6432336
v -10.5204464 6.41002535 10.6432336
v -10.5186754 6.8574904 10.6432336
v 10.5174947 6.8574904 10.6432336
v 10.5174947 6.9413163 -10.4767624
v 10.5174947 6.9413163 10.5594077
v -10.5186754 6.9413163 10.5594077
v -10.5186754 6.9413163 -10.4767624
v -9.17805122 3.1555731 7.69043655
v -7.7323495 3.11366015 7.73353015
v -9.17805122 3.11306982 7.73353015
v -7.72113336 3.1555731 7.69043655
v -7.72113336 3.1555731 7.13789396
v -9.17805122 3.1555731 7.13730363
v -9.17805122 3.11306982 7.09421003
v -7.73175918 3.11425047 7.09421003
v -7.65796877 3.1555731 7.12726814
v -7.65796877 3.1555731 7.70106237
v -7.64734295 3.1555731 7.06410355
v -7.69043655 3.11366015 7.05229708
v -7.64734295 3.1555731 7.76422696
v -7.69043655 3.11425047 7.77485278
v -7.08417454 3.1555731 7.12726814
v -7.08417454 3.1555731 7.70106237
v -7.09480036 3.1555731 7.76422696
v -7.09421003 3.1555731 9.21169964
v -7.64734295 3.1555731 9.21169964
v -7.09421003 3.11306982 9.25420292
v -7.64734295 3.11306982 9.25420292
v -7.09302939 3.1555731 7.06528419
v -7.64911392 3.1555731 -7.03281641
v -7.0097938 3.11425047 7.73353015
v -7.05111643 3.11366015 7.7754431
v -7.02219059 3.1555731 7.69220752
v 7.07354872 3.11366015 7.73353015
v -7.02041962 3.1555731 7.13789396
v -7.00920348 3.11366015 7.09421003
v -7.05111643 3.11425047 7.0528874
v -7.09480036 3.1555731 -7.03163577
v 7.08535518 3.1555731 7.13789396
v 7.07472937 3.11425047 7.09421003
v 7.08535518 3.1555731 7.69043655
v 7.14851978 3.1555731 7.12726814
v 7.14851978 3.1555731 7.70106237
v 7.15914559 3.1555731 7.06410355
v 7.11605199 3.11366015 7.05229708
v 7.722314 3.1555731 7.12726814
v 7.15737462 3.1555731 7.76304631
v 7.11605199 3.11425047 7.77485278
v 7.71345916 3.1555731 7.06528419
v 7.15737462 3.1555731 -7.03281641
v 7.71168819 3.1555731 7.76422696
v 7.71227851 3.1555731 9.21169964
v 7.15855527 3.1555731 9.21169964
v 7.71227851 3.11306982 9.25420292
v 7.15855527 3.11306982 9.25420292
v 7.722314 3.1555731 7.70106237
v 7.79610442 3.11425047 7.73353015
v 7.75478179 3.11366015 7.7754431
v 7.7854786 3.1555731 7.69043655
v 9.22999967 3.11306982 7.73353015
v 9.22999967 3.1555731 7.69043655
v 9.22999967 3.1555731 7.13730363
v 7.7854786 3.1555731 7.13789396
v 7.79728506 3.11366015 7.09421003
v 9.22999967 3.11306982 7.09421003
v 7.75478179 3.11425047 7.0528874
v 7.71168819 3.1555731 -7.03163577
v 7.14851978 3.1555731 -7.09480036
v 7.07354872 3.11366015 -7.06233258
v 7.11605199 3.11425047 -7.02100995
v 7.722314 3.1555731 -7.09480036
v 7.79610442 3.11425047 -7.06233258
v 7.75478179 3.11366015 -7.02041962
v 7.7854786 3.1555731 -7.10542618
v 9.22999967 3.11306982 -7.06233258
v 9.22999967 3.1555731 -7.10483585
v 9.22999967 3.1555731 -7.65855909
v 7.7854786 3.1555731 -7.65796877
v 7.79728506 3.11366015 -7.70106237
v 9.22999967 3.11306982 -7.70106237
v 7.722314 3.1555731 -7.66859459
v 7.14851978 3.1555731 -7.66859459
v 7.08535518 3.1555731 -7.10542618
v 7.71345916 3.1555731 -7.73057853
v 7.75478179 3.11425047 -7.742385
v -7.02219059 3.1555731 -7.10365521
v -7.0097938 3.11425047 -7.06233258
v 7.15914559 3.1555731 -7.73175918
v 7.15855527 3.1555731 -9.19635124
v 7.71227851 3.1555731 -9.19635124
v 7.15855527 3.11306982 -9.23944484
v 7.71227851 3.11306982 -9.23944484
v 7.08653583 3.1555731 -7.65973974
v 7.07354872 3.11366015 -7.70106237
v 7.11605199 3.11366015 -7.74356564
v -7.00920348 3.11366015 -7.70106237
v -7.02041962 3.1555731 -7.65796877
v -7.08417454 3.1555731 -7.09480036
v -7.08417454 3.1555731 -7.66859459
v -7.05111643 3.11366015 -7.02041962
v -7.65796877 3.1555731 -7.09480036
v -7.09480036 3.1555731 -7.73175918
v -7.05111643 3.11425047 -7.742385
v -7.7323495 3.11366015 -7.06233258
v -7.69043655 3.11366015 -7.02041962
v -7.64734295 3.1555731 -7.73175918
v -7.65796877 3.1555731 -7.66859459
v -7.64734295 3.1555731 -9.19635124
v -7.09421003 3.1555731 -9.19635124
v -7.64734295 3.11306982 -9.23944484
v -7.09421003 3.11306982 -9.23944484
v -7.72113336 3.1555731 -7.10542618
v -7.73175918 3.11425047 -7.70106237
v -7.69043655 3.11366015 -7.74356564
v -7.71995271 3.1555731 -7.65973974
v -9.17805122 3.11306982 -7.70106237
v -9.17805122 3.1555731 -7.65855909
v -9.17805122 3.1555731 -7.10483585
v -9.17805122 3.11306982 -7.06233258
v 9.22999967 2.72463711 7.69043655
v 7.79728506 2.76655006 7.73353015
v 9.22999967 2.7677307 7.73353015
v 7.7854786 2.72463711 7.69043655
v 7.7854786 2.72463711 7.13789396
v 9.22999967 2.72463711 7.13730363
v 9.22999967 2.7677307 7.09421003
v 7.79610442 2.76595973 7.09421003
v 7.722314 2.72463711 7.12726814
v 7.722314 2.72463711 7.70106237
v 7.71168819 2.72463711 7.06410355
v 7.75478179 2.76655006 7.05229708
v 7.14851978 2.72463711 7.12726814
v 7.71345916 2.72463711 7.76304631
v 7.75478179 2.76595973 7.77485278
v 7.15737462 2.72463711 7.06528419
v 7.71345916 2.72463711 -7.03281641
v 7.15914559 2.72463711 7.76422696
v 7.15855527 2.72463711 9.21169964
v 7.71227851 2.72463711 9.21169964
v 7.15855527 2.7677307 9.25420292
v 7.71227851 2.7677307 9.25420292
v 7.14851978 2.72463711 7.70106237
v 7.07472937 2.76595973 7.73353015
v 7.11605199 2.76655006 7.7754431
v 7.08535518 2.72463711 7.69043655
v -7.00920348 2.76655006 7.73353015
v 7.08535518 2.72463711 7.13789396
v 7.07354872 2.76655006 7.09421003
v 7.11605199 2.76595973 7.0528874
v -7.02041962 2.72463711 7.13789396
v -7.0097938 2.76595973 7.09421003
v -7.02041962 2.72463711 7.69043655
v -7.08417454 2.72463711 7.12726814
v -7.08417454 2.72463711 7.70106237
v -7.09480036 2.72463711 7.06410355
v -7.05111643 2.76655006 7.05229708
v -7.09480036 2.72463711 7.76422696
v -7.05111643 2.76595973 7.77485278
v -7.65796877 2.72463711 7.12726814
v -7.65796877 2.72463711 7.70106237
v -7.64734295 2.72463711 7.76422696
v -7.64734295 2.72463711 9.21169964
v -7.09421003 2.72463711 9.21169964
v -7.64734295 2.7677307 9.25420292
v -7.09421003 2.7677307 9.25420292
v -7.64911392 2.72463711 7.06528419
v -7.09480036 2.72463711 -7.03163577
v -7.73175918 2.76595973 7.73353015
v -7.69043655 2.76655006 7.7754431
v -7.71995271 2.72463711 7.69220752
v -9.17805122 2.7677307 7.73353015
v -9.17805122 2.72463711 7.69043655
v -7.72113336 2.72463711 7.13789396
v -9.17805122 2.72463711 7.13730363
v -7.7323495 2.76655006 7.09421003
v -9.17805122 2.7677307 7.09421003
v -7.69043655 2.76595973 7.0528874
v -7.64734295 2.72463711 -7.03163577
v -7.08417454 2.72463711 -7.09480036
v -7.00920348 2.76655006 -7.06233258
v -7.05111643 2.76595973 -7.02100995
v -7.65796877 2.72463711 -7.09480036
v -7.73175918 2.76595973 -7.06233258
v -7.69043655 2.76655006 -7.02041962
v -7.71995271 2.72463711 -7.10365521
v -9.17805122 2.7677307 -7.06233258
v -9.17805122 2.72463711 -7.10483585
v -7.72113336 2.72463711 -7.65796877
v -9.17805122 2.72463711 -7.65855909
v -7.65796877 2.72463711 -7.66859459
v -7.7323495 2.76655006 -7.70106237
v -9.17805122 2.7677307 -7.70106237
v -7.64734295 2.72463711 -7.73175918
v -7.69043655 2.76595973 -7.742385
v -7.09480036 2.72463711 -7.73175918
v -7.64734295 2.72463711 -9.19635124
v -7.08417454 2.72463711 -7.66859459
v -7.09421003 2.72463711 -9.19635124
v -7.09421003 2.7677307 -9.23944484
v -7.64734295 2.7677307 -9.23944484
v -7.02041962 2.72463711 -7.10542618
v -7.0097938 2.76595973 -7.70106237
v -7.05111643 2.76655006 -7.74356564
v -7.02219059 2.72463711 -7.65973974
v 7.07354872 2.76655006 -7.70106237
v 7.08535518 2.72463711 -7.10542618
v 7.07472937 2.76595973 -7.06233258
v 7.08535518 2.72463711 -7.65796877
v 7.14851978 2.72463711 -7.09480036
v 7.14851978 2.72463711 -7.66859459
v 7.15914559 2.72463711 -7.03163577
v 7.11605199 2.76655006 -7.02041962
v 7.15737462 2.72463711 -7.73057853
v 7.11605199 2.76595973 -7.742385
v 7.722314 2.72463711 -7.09480036
v 7.722314 2.72463711 -7.66859459
v 7.71168819 2.72463711 -7.73175918
v 7.71227851 2.72463711 -9.19635124
v 7.15855527 2.72463711 -9.19635124
v 7.71227851 2.7677307 -9.23944484
v 7.15855527 2.7677307 -9.23944484
v 7.79728506 2.76655006 -7.06233258
v 7.75478179 2.76595973 -7.02100995
v 7.7854786 2.72463711 -7.10542618
v 7.79610442 2.76595973 -7.70106237
v 7.75478179 2.76655006 -7.74356564
v 7.7854786 2.72463711 -7.65796877
v 9.22999967 2.7677307 -7.70106237
v 9.22999967 2.72463711 -7.65855909
v 9.22999967 2.72463711 -7.10483585
v 9.22999967 2.7677307 -7.06233258
v -8.70992485 2.4253432 7.69043655
v -7.7323495 2.38343025 7.73353015
v -8.70992485 2.3822496 7.73353015
v -7.72113336 2.4253432 7.69043655
v -7.72113336 2.4253432 7.13789396
v -8.70992485 2.4253432 7.13730363
v -8.70992485 2.3822496 7.09421003
v -7.73175918 2.38402057 7.09421003
v -7.65796877 2.4253432 7.12726814
v -7.65796877 2.4253432 7.70106237
v -7.64734295 2.4253432 7.06410355
v -7.69043655 2.38343025 7.05229708
v -7.64734295 2.4253432 7.76422696
v -7.69043655 2.38402057 7.77485278
v -7.08417454 2.4253432 7.12726814
v -7.08417454 2.4253432 7.70106237
v -7.09480036 2.4253432 7.76422696
v -7.09421003 2.4253432 8.74357328
v -7.64734295 2.4253432 8.74357328
v -7.09421003 2.3822496 8.78607656
v -7.64734295 2.3822496 8.78607656
v -7.09302939 2.4253432 7.06528419
v -7.64734295 2.4253432 -7.03163577
v -7.0097938 2.38402057 7.73353015
v -7.05111643 2.38343025 7.7754431
v -7.02219059 2.4253432 7.69220752
v 7.07354872 2.38343025 7.73353015
v -7.02041962 2.4253432 7.13789396
v -7.00920348 2.38343025 7.09421003
v -7.05111643 2.38402057 7.0528874
v -7.09480036 2.4253432 -7.03163577
v 7.08535518 2.4253432 7.13789396
v 7.07472937 2.38402057 7.09421003
v 7.08535518 2.4253432 7.69043655
v 7.14851978 2.4253432 7.12726814
v 7.14851978 2.4253432 7.70106237
v 7.15914559 2.4253432 7.06410355
v 7.11605199 2.38343025 7.05229708
v 7.722314 2.4253432 7.12726814
v 7.15737462 2.4253432 7.76304631
v 7.11605199 2.38402057 7.77485278
v 7.71345916 2.4253432 7.06528419
v 7.15737462 2.4253432 -7.03281641
v 7.71168819 2.4253432 7.76422696
v 7.71227851 2.4253432 8.74357328
v 7.15855527 2.4253432 8.74357328
v 7.71227851 2.3822496 8.78607656
v 7.15855527 2.3822496 8.78607656
v 7.722314 2.4253432 7.70106237
v 7.79610442 2.38402057 7.73353015
v 7.75478179 2.38343025 7.7754431
v 7.7854786 2.4253432 7.69043655
v 8.76128298 2.3822496 7.73353015
v 8.76128298 2.4253432 7.69043655
v 8.76128298 2.4253432 7.13730363
v 7.7854786 2.4253432 7.13789396
v 7.79728506 2.38343025 7.09421003
v 8.76128298 2.3822496 7.09421003
v 7.75478179 2.38402057 7.0528874
v 7.71168819 2.4253432 -7.03163577
v 7.14851978 2.4253432 -7.09480036
v 7.07354872 2.38343025 -7.06233258
v 7.11605199 2.38402057 -7.02100995
v 7.722314 2.4253432 -7.09480036
v 7.79610442 2.38402057 -7.06233258
v 7.75478179 2.38343025 -7.02041962
v 7.7854786 2.4253432 -7.10542618
v 8.76128298 2.3822496 -7.06233258
v 8.76128298 2.4253432 -7.10483585
v 8.76128298 2.4253432 -7.65855909
v 7.7854786 2.4253432 -7.65796877
v 7.79728506 2.38343025 -7.70106237
v 8.76128298 2.3822496 -7.70106237
v 7.722314 2.4253432 -7.66859459
v 7.14851978 2.4253432 -7.66859459
v 7.08535518 2.4253432 -7.10542618
v 7.71345916 2.4253432 -7.73057853
v 7.75478179 2.38402057 -7.742385
v -7.02219059 2.4253432 -7.10365521
v -7.0097938 2.38402057 -7.06233258
v 7.15914559 2.4253432 -7.73175918
v 7.15855527 2.4253432 -8.72822488
v 7.71227851 2.4253432 -8.72822488
v 7.15855527 2.3822496 -8.77131848
v 7.71227851 2.3822496 -8.77131848
v 7.08535518 2.4253432 -7.65796877
v 7.07472937 2.38402057 -7.70106237
v 7.11605199 2.38343025 -7.74356564
v -7.00920348 2.38343025 -7.70106237
v -7.02041962 2.4253432 -7.65796877
v -7.08417454 2.4253432 -7.09480036
v -7.08417454 2.4253432 -7.66859459
v -7.05111643 2.38343025 -7.02041962
v -7.65796877 2.4253432 -7.09480036
v -7.09480036 2.4253432 -7.73175918
v -7.05111643 2.38402057 -7.742385
v -7.7323495 2.38343025 -7.06233258
v -7.69043655 2.38402057 -7.02100995
v -7.64734295 2.4253432 -7.73175918
v -7.65796877 2.4253432 -7.66859459
v -7.64734295 2.4253432 -8.72822488
v -7.09421003 2.4253432 -8.72822488
v -7.64734295 2.3822496 -8.77131848
v -7.09421003 2.3822496 -8.77131848
v -7.72113336 2.4253432 -7.10542618
v -7.73175918 2.38402057 -7.70106237
v -7.69043655 2.38343025 -7.74356564
v -7.71995271 2.4253432 -7.65973974
v -8.70992485 2.3822496 -7.70106237
v -8.70992485 2.4253432 -7.65855909
v -8.70992485 2.4253432 -7.10483585
v -8.70992485 2.3822496 -7.06233258
v 8.76128298 1.99440721 7.69043655
v 7.79728506 2.03632016 7.73353015
v 8.76128298 2.03691048 7.73353015
v 7.7854786 1.99440721 7.69043655
v 7.7854786 1.99440721 7.13789396
v 8.76128298 1.99440721 7.13730363
v 8.76128298 2.03691048 7.09421003
v 7.79610442 2.03572984 7.09421003
v 7.722314 1.99440721 7.12726814
v 7.722314 1.99440721 7.70106237
v 7.71168819 1.99440721 7.06410355
v 7.75478179 2.03632016 7.05229708
v 7.14851978 1.99440721 7.12726814
v 7.71345916 1.99440721 7.76304631
v 7.75478179 2.03572984 7.77485278
v 7.15737462 1.99440721 7.06528419
v 7.71345916 1.99440721 -7.03281641
v 7.15914559 1.99440721 7.76422696
v 7.15855527 1.99440721 8.74357328
v 7.71227851 1.99440721 8.74357328
v 7.15855527 2.03691048 8.78607656
v 7.71227851 2.03691048 8.78607656
v 7.14851978 1.99440721 7.70106237
v 7.07472937 2.03572984 7.73353015
v 7.11605199 2.03632016 7.7754431
v 7.08535518 1.99440721 7.69043655
v -7.00920348 2.03632016 7.73353015
v 7.08535518 1.99440721 7.13789396
v 7.07354872 2.03632016 7.09421003
v 7.11605199 2.03572984 7.0528874
v -7.02041962 1.99440721 7.13789396
v -7.0097938 2.03572984 7.09421003
v -7.02041962 1.99440721 7.69043655
v -7.08417454 1.99440721 7.12726814
v -7.08417454 1.99440721 7.70106237
v -7.09480036 1.99440721 7.06410355
v -7.05111643 2.03632016 7.05229708
v -7.09480036 1.99440721 7.76422696
v -7.05111643 2.03572984 7.77485278
v -7.65796877 1.99440721 7.12726814
v -7.65796877 1.99440721 7.70106237
v -7.64734295 1.99440721 7.76422696
v -7.64734295 1.99440721 8.74357328
v -7.09421003 1.99440721 8.74357328
v -7.64734295 2.03691048 8.78607656
v -7.09421003 2.03691048 8.78607656
v -7.64911392 1.99440721 7.06528419
v -7.09480036 1.99440721 -7.03163577
v -7.73175918 2.03572984 7.73353015
v -7.69043655 2.03632016 7.7754431
v -7.71995271 1.99440721 7.69220752
v -8.70992485 2.03691048 7.73353015
v -8.70992485 1.99440721 7.69043655
v -7.72113336 1.99440721 7.13789396
v -8.70992485 1.99440721 7.13730363
v -7.7323495 2.03632016 7.09421003
v -8.70992485 2.03691048 7.09421003
v -7.69043655 2.03572984 7.0528874
v -7.64734295 1.99440721 -7.03163577
v -7.08417454 1.99440721 -7.09480036
v -7.00920348 2.03632016 -7.06233258
v -7.05111643 2.03572984 -7.02100995
v -7.65796877 1.99440721 -7.09480036
v -7.73175918 2.03572984 -7.06233258
v -7.69043655 2.03632016 -7.02041962
v -7.71995271 1.99440721 -7.10365521
v -8.70992485 2.03691048 -7.06233258
v -8.70992485 1.99440721 -7.10483585
v -7.72113336 1.99440721 -7.65796877
v -8.70992485 1.99440721 -7.65855909
v -7.7323495 2.03632016 -7.70106237
v -8.70992485 2.03691048 -7.70106237
v -7.65796877 1.99440721 -7.66859459
v -7.08417454 1.99440721 -7.66859459
v -7.02041962 1.99440721 -7.10542618
v -7.64734295 1.99440721 -7.73175918
v -7.69043655 2.03572984 -7.742385
v 7.08535518 1.99440721 -7.10542618
v 7.07472937 2.03572984 -7.06233258
v -7.09480036 1.99440721 -7.73175918
v -7.09421003 1.99440721 -8.72822488
v -7.64734295 1.99440721 -8.72822488
v -7.09421003 2.03691048 -8.77131848
v -7.64734295 2.03691048 -8.77131848
v -7.02219059 1.99440721 -7.65973974
v -7.0097938 2.03572984 -7.70106237
v -7.05111643 2.03632016 -7.74356564
v 7.07354872 2.03632016 -7.70106237
v 7.08535518 1.99440721 -7.65796877
v 7.14851978 1.99440721 -7.09480036
v 7.14851978 1.99440721 -7.66859459
v 7.15914559 1.99440721 -7.03163577
v 7.11605199 2.03632016 -7.02041962
v 7.15737462 1.99440721 -7.73057853
v 7.11605199 2.03572984 -7.742385
v 7.71168819 1.99440721 -7.73175918
v 7.15855527 1.99440721 -8.72822488
v 7.722314 1.99440721 -7.66859459
v 7.71227851 1.99440721 -8.72822488
v 7.71227851 2.03691048 -8.77131848
v 7.15855527 2.03691048 -8.77131848
v 7.722314 1.99440721 -7.09480036
v 7.79610442 2.03572984 -7.70106237
v 7.75478179 2.03632016 -7.74356564
v 7.7854786 1.99440721 -7.65796877
v 8.76128298 2.03691048 -7.70106237
v 8.76128298 1.99440721 -7.65855909
v 8.76128298 1.99440721 -7.10483585
v 7.7854786 1.99440721 -7.10542618
v 7.79728506 2.03632016 -7.06233258
v 8.76128298 2.03691048 -7.06233258
v 7.75478179 2.03572984 -7.02100995
v -7.64734295 2.4253432 -8.72822488
v -7.64734295 2.4253432 -7.73175918
v -7.69043655 2.38343025 -7.74356564
v -7.69043655 2.3822496 -8.72822488
v -7.64734295 2.3822496 -8.77131848
v -7.64734295 2.03691048 -8.77131848
v -7.69043655 2.03572984 -7.742385
v -7.73175918 2.38402057 -7.70106237
v -7.7323495 2.03632016 -7.70106237
v -7.69043655 2.03691048 -8.72822488
v -7.64734295 1.99440721 -8.72822488
v -7.64734295 1.99440721 -7.73175918
v -7.09421003 2.4253432 8.74357328
v -7.09480036 2.4253432 7.76422696
v -7.05111643 2.38343025 7.7754431
v -7.05111643 2.3822496 8.74357328
v -7.09421003 2.3822496 8.78607656
v -7.09421003 2.03691048 8.78607656
v -7.05111643 2.03691048 8.74357328
v -7.09421003 1.99440721 8.74357328
v -7.09480036 1.99440721 7.76422696
v -7.05111643 2.03572984 7.77485278
v -7.0097938 2.38402057 7.73353015
v -7.00920348 2.03632016 7.73353015
v -7.64734295 1.99440721 8.74357328
v -7.64734295 1.99440721 7.76422696
v -7.69043655 2.03632016 7.7754431
v -7.69043655 2.03691048 8.74357328
v -7.64734295 2.03691048 8.78607656
v -7.64734295 2.3822496 8.78607656
v -7.69043655 2.3822496 8.74357328
v -7.64734295 2.4253432 8.74357328
v -7.64734295 2.4253432 7.76422696
v -7.69043655 2.38402057 7.77485278
v -7.73175918 2.03572984 7.73353015
v -7.7323495 2.38343025 7.73353015
v -7.09421003 1.99440721 -8.72822488
v -7.09480036 1.99440721 -7.73175918
v -7.05111643 2.03632016 -7.74356564
v -7.05111643 2.03691048 -8.72822488
v -7.09421003 2.03691048 -8.77131848
v -7.09421003 2.3822496 -8.77131848
v -7.05111643 2.3822496 -8.72822488
v -7.09421003 2.4253432 -8.72822488
v -7.09480036 2.4253432 -7.73175918
v -7.05111643 2.38402057 -7.742385
v -7.0097938 2.03572984 -7.70106237
v -7.00920348 2.38343025 -7.70106237
v 7.15855527 3.1555731 -9.19635124
v 7.15914559 3.1555731 -7.73175918
v 7.11605199 3.11366015 -7.74356564
v 7.11605199 3.11306982 -9.19635124
v 7.15855527 3.11306982 -9.23944484
v 7.15855527 2.7677307 -9.23944484
v 7.11605199 2.76595973 -7.742385
v 7.07354872 3.11366015 -7.70106237
v 7.07354872 2.76655006 -7.70106237
v 7.11605199 2.7677307 -9.19635124
v 7.15855527 2.72463711 -9.19635124
v 7.15737462 2.72463711 -7.73057853
v 7.71227851 3.1555731 9.21169964
v 7.71168819 3.1555731 7.76422696
v 7.75478179 3.11366015 7.7754431
v 7.75478179 3.11306982 9.21169964
v 7.71227851 3.11306982 9.25420292
v 7.71227851 2.7677307 9.25420292
v 7.75478179 2.7677307 9.21169964
v 7.71227851 2.72463711 9.21169964
v 7.71345916 2.72463711 7.76304631
v 7.75478179 2.76595973 7.77485278
v 7.79610442 3.11425047 7.73353015
v 7.79728506 2.76655006 7.73353015
v 7.15855527 2.72463711 9.21169964
v 7.15914559 2.72463711 7.76422696
v 7.11605199 2.76655006 7.7754431
v 7.11605199 2.7677307 9.21169964
v 7.15855527 2.7677307 9.25420292
v 7.15855527 3.11306982 9.25420292
v 7.11605199 3.11306982 9.21169964
v 7.15855527 3.1555731 9.21169964
v 7.15737462 3.1555731 7.76304631
v 7.11605199 3.11425047 7.77485278
v 7.07472937 2.76595973 7.73353015
v 7.07354872 3.11366015 7.73353015
v 7.71227851 2.72463711 -9.19635124
v 7.71168819 2.72463711 -7.73175918
v 7.75478179 2.76655006 -7.74356564
v 7.75478179 2.7677307 -9.19635124
v 7.71227851 2.7677307 -9.23944484
v 7.71227851 3.11306982 -9.23944484
v 7.75478179 3.11306982 -9.19635124
v 7.71227851 3.1555731 -9.19635124
v 7.71345916 3.1555731 -7.73057853
v 7.75478179 3.11425047 -7.742385
v 7.79610442 2.76595973 -7.70106237
v 7.79728506 3.11366015 -7.70106237
v 7.15855527 2.4253432 -8.72822488
v 7.15914559 2.4253432 -7.73175918
v 7.11605199 2.38343025 -7.74356564
v 7.11605199 2.3822496 -8.72822488
v 7.15855527 2.3822496 -8.77131848
v 7.15855527 2.03691048 -8.77131848
v 7.11605199 2.03572984 -7.742385
v 7.07472937 2.38402057 -7.70106237
v 7.07354872 2.03632016 -7.70106237
v 7.11605199 2.03691048 -8.72822488
v 7.15855527 1.99440721 -8.72822488
v 7.15737462 1.99440721 -7.73057853
v 7.71227851 2.4253432 8.74357328
v 7.71168819 2.4253432 7.76422696
v 7.75478179 2.38343025 7.7754431
v 7.75478179 2.3822496 8.74357328
v 7.71227851 2.3822496 8.78607656
v 7.71227851 2.03691048 8.78607656
v 7.75478179 2.03691048 8.74357328
v 7.71227851 1.99440721 8.74357328
v 7.71345916 1.99440721 7.76304631
v 7.75478179 2.03572984 7.77485278
v 7.79610442 2.38402057 7.73353015
v 7.79728506 2.03632016 7.73353015
v 7.15855527 1.99440721 8.74357328
v 7.15914559 1.99440721 7.76422696
v 7.11605199 2.03632016 7.7754431
v 7.11605199 2.03691048 8.74357328
v 7.15855527 2.03691048 8.78607656
v 7.15855527 2.3822496 8.78607656
v 7.11605199 2.3822496 8.74357328
v 7.15855527 2.4253432 8.74357328
v 7.15737462 2.4253432 7.76304631
v 7.11605199 2.38402057 7.77485278
v 7.07472937 2.03572984 7.73353015
v 7.07354872 2.38343025 7.73353015
v 7.71227851 1.99440721 -8.72822488
v 7.71168819 1.99440721 -7.73175918
v 7.75478179 2.03632016 -7.74356564
v 7.75478179 2.03691048 -8.72822488
v 7.71227851 2.03691048 -8.77131848
v 7.71227851 2.3822496 -8.77131848
v 7.75478179 2.38402057 -7.742385
v 7.79610442 2.03572984 -7.70106237
v 7.79728506 2.38343025 -7.70106237
v 7.75478179 2.3822496 -8.72822488
v 7.71227851 2.4253432 -8.72822488
v 7.71345916 2.4253432 -7.73057853
v -7.64734295 3.1555731 -9.19635124
v -7.64734295 3.1555731 -7.73175918
v -7.69043655 3.11366015 -7.74356564
v -7.69043655 3.11306982 -9.19635124
v -7.64734295 3.11306982 -9.23944484
v -7.64734295 2.7677307 -9.23944484
v -7.69043655 2.76595973 -7.742385
v -7.73175918 3.11425047 -7.70106237
v -7.7323495 2.76655006 -7.70106237
v -7.69043655 2.7677307 -9.19635124
v -7.64734295 2.72463711 -9.19635124
v -7.64734295 2.72463711 -7.73175918
v -7.09421003 3.1555731 9.21169964
v -7.09480036 3.1555731 7.76422696
v -7.05111643 3.11366015 7.7754431
v -7.05111643 3.11306982 9.21169964
v -7.09421003 3.11306982 9.25420292
v -7.09421003 2.7677307 9.25420292
v -7.05111643 2.7677307 9.21169964
v -7.09421003 2.72463711 9.21169964
v -7.09480036 2.72463711 7.76422696
v -7.05111643 2.76595973 7.77485278
v -7.0097938 3.11425047 7.73353015
v -7.00920348 2.76655006 7.73353015
v -7.64734295 2.72463711 9.21169964
v -7.64734295 2.72463711 7.76422696
v -7.69043655 2.76655006 7.7754431
v -7.69043655 2.7677307 9.21169964
v -7.64734295 2.7677307 9.25420292
v -7.64734295 3.11306982 9.25420292
v -7.69043655 3.11306982 9.21169964
v -7.64734295 3.1555731 9.21169964
v -7.64734295 3.1555731 7.76422696
v -7.69043655 3.11425047 7.77485278
v -7.73175918 2.76595973 7.73353015
v -7.7323495 3.11366015 7.73353015
v -7.09421003 2.72463711 -9.19635124
v -7.09480036 2.72463711 -7.73175918
v -7.05111643 2.76655006 -7.74356564
v -7.05111643 2.7677307 -9.19635124
v -7.09421003 2.7677307 -9.23944484
v -7.09421003 3.11306982 -9.23944484
v -7.05111643 3.11425047 -7.742385
v -7.0097938 2.76595973 -7.70106237
v -7.00920348 3.11366015 -7.70106237
v -7.05111643 3.11306982 -9.19635124
v -7.09421003 3.1555731 -9.19635124
v -7.09480036 3.1555731 -7.73175918
v 7.11605199 3.11366015 7.05229708
v 7.15737462 3.1555731 -7.03281641
v 7.15914559 3.1555731 7.06410355
v 7.11605199 3.11425047 -7.02100995
v 7.11605199 2.76655006 -7.02041962
v 7.07472937 2.76595973 -7.06233258
v 7.07354872 3.11366015 -7.06233258
v 7.11605199 2.76595973 7.0528874
v 7.07472937 3.11425047 7.09421003
v 7.07354872 2.76655006 7.09421003
v 7.15737462 2.72463711 7.06528419
v 7.15914559 2.72463711 -7.03163577
v 7.75478179 3.11425047 7.0528874
v 7.79610442 2.76595973 7.09421003
v 7.79728506 3.11366015 7.09421003
v 7.75478179 2.76655006 7.05229708
v 7.75478179 3.11366015 -7.02041962
v 7.71345916 3.1555731 7.06528419
v 7.71168819 3.1555731 -7.03163577
v 7.75478179 2.76595973 -7.02100995
v 7.79610442 3.11425047 -7.06233258
v 7.79728506 2.76655006 -7.06233258
v 7.71345916 2.72463711 -7.03281641
v 7.71168819 2.72463711 7.06410355
v 7.75478179 2.38343025 -7.02041962
v 7.71345916 2.4253432 7.06528419
v 7.71168819 2.4253432 -7.03163577
v 7.75478179 2.38402057 7.0528874
v 7.75478179 2.03632016 7.05229708
v 7.79610442 2.03572984 7.09421003
v 7.79728506 2.38343025 7.09421003
v 7.75478179 2.03572984 -7.02100995
v 7.79610442 2.38402057 -7.06233258
v 7.79728506 2.03632016 -7.06233258
v 7.71345916 1.99440721 -7.03281641
v 7.71168819 1.99440721 7.06410355
v 7.11605199 2.38402057 -7.02100995
v 7.07472937 2.03572984 -7.06233258
v 7.07354872 2.38343025 -7.06233258
v 7.11605199 2.03632016 -7.02041962
v 7.11605199 2.38343025 7.05229708
v 7.15737462 2.4253432 -7.03281641
v 7.15914559 2.4253432 7.06410355
v 7.11605199 2.03572984 7.0528874
v 7.07472937 2.38402057 7.09421003
v 7.07354872 2.03632016 7.09421003
v 7.15737462 1.99440721 7.06528419
v 7.15914559 1.99440721 -7.03163577
v -7.05111643 3.11366015 -7.02041962
v -7.09302939 3.1555731 7.06528419
v -7.09480036 3.1555731 -7.03163577
v -7.05111643 3.11425047 7.0528874
v -7.05111643 2.76655006 7.05229708
v -7.0097938 2.76595973 7.09421003
v -7.00920348 3.11366015 7.09421003
v -7.05111643 2.76595973 -7.02100995
v -7.0097938 3.11425047 -7.06233258
v -7.00920348 2.76655006 -7.06233258
v -7.09480036 2.72463711 -7.03163577
v -7.09480036 2.72463711 7.06410355
v -7.64911392 3.1555731 -7.03281641
v -7.64734295 3.1555731 7.06410355
v -7.69043655 3.11366015 7.05229708
v -7.69043655 3.11366015 -7.02041962
v -7.69043655 2.76655006 -7.02041962
v -7.73175918 2.76595973 -7.06233258
v -7.7323495 3.11366015 -7.06233258
v -7.69043655 2.76595973 7.0528874
v -7.73175918 3.11425047 7.09421003
v -7.7323495 2.76655006 7.09421003
v -7.64911392 2.72463711 7.06528419
v -7.64734295 2.72463711 -7.03163577
v -7.05111643 2.38343025 -7.02041962
v -7.09302939 2.4253432 7.06528419
v -7.09480036 2.4253432 -7.03163577
v -7.05111643 2.38402057 7.0528874
v -7.05111643 2.03632016 7.05229708
v -7.0097938 2.03572984 7.09421003
v -7.00920348 2.38343025 7.09421003
v -7.05111643 2.03572984 -7.02100995
v -7.0097938 2.38402057 -7.06233258
v -7.00920348 2.03632016 -7.06233258
v -7.09480036 1.99440721 -7.03163577
v -7.09480036 1.99440721 7.06410355
v -7.69043655 2.38402057 -7.02100995
v -7.73175918 2.03572984 -7.06233258
v -7.7323495 2.38343025 -7.06233258
v -7.69043655 2.03632016 -7.02041962
v -7.69043655 2.38343025 7.05229708
v -7.64734295 2.4253432 -7.03163577
v -7.64734295 2.4253432 7.06410355
v -7.69043655 2.03572984 7.0528874
v -7.73175918 2.38402057 7.09421003
v -7.7323495 2.03632016 7.09421003
v -7.64911392 1.99440721 7.06528419
v -7.64734295 1.99440721 -7.03163577
v -7.64734295 2.3822496 8.78607656
v -7.09421003 2.3822496 8.78607656
v -7.09421003 2.03691048 8.78607656
v -7.64734295 2.03691048 8.78607656
v -7.64734295 2.03691048 -8.77131848
v -7.09421003 2.03691048 -8.77131848
v -7.09421003 2.3822496 -8.77131848
v -7.64734295 2.3822496 -8.77131848
v 7.15855527 3.11306982 9.25420292
v 7.71227851 3.11306982 9.25420292
v 7.71227851 2.7677307 9.25420292
v 7.15855527 2.7677307 9.25420292
v 7.15855527 2.7677307 -9.23944484
v 7.71227851 2.7677307 -9.23944484
v 7.71227851 3.11306982 -9.23944484
v 7.15855527 3.11306982 -9.23944484
v 7.15855527 2.3822496 8.78607656
v 7.71227851 2.3822496 8.78607656
v 7.71227851 2.03691048 8.78607656
v 7.15855527 2.03691048 8.78607656
v 7.15855527 2.03691048 -8.77131848
v 7.71227851 2.03691048 -8.77131848
v 7.71227851 2.3822496 -8.77131848
v 7.15855527 2.3822496 -8.77131848
v -7.64734295 3.11306982 9.25420292
v -7.09421003 3.11306982 9.25420292
v -7.09421003 2.7677307 9.25420292
v -7.64734295 2.7677307 9.25420292
v -7.64734295 2.7677307 -9.23944484
v -7.09421003 2.7677307 -9.23944484
v -7.09421003 3.11306982 -9.23944484
v -7.64734295 3.11306982 -9.23944484
v 7.07354872 3.11366015 -7.06233258
v 7.07472937 2.76595973 -7.06233258
v -7.00920348 2.76655006 -7.06233258
v -7.0097938 3.11425047 -7.06233258
v -7.00920348 3.11366015 -7.70106237
v -7.0097938 2.76595973 -7.70106237
v 7.07354872 2.76655006 -7.70106237
v 7.07354872 3.11366015 -7.70106237
v 9.22999967 2.7677307 -7.70106237
v 9.22999967 3.11306982 -7.70106237
v 7.79728506 3.11366015 -7.70106237
v 7.79610442 2.76595973 -7.70106237
v 9.22999967 3.11306982 -7.06233258
v 9.22999967 2.7677307 -7.06233258
v 7.79728506 2.76655006 -7.06233258
v 7.79610442 3.11425047 -7.06233258
v -7.00920348 2.38343025 -7.70106237
v -7.0097938 2.03572984 -7.70106237
v 7.07354872 2.03632016 -7.70106237
v 7.07472937 2.38402057 -7.70106237
v 7.07354872 2.38343025 -7.06233258
v 7.07472937 2.03572984 -7.06233258
v -7.00920348 2.03632016 -7.06233258
v -7.0097938 2.38402057 -7.06233258
v 8.76128298 2.3822496 -7.06233258
v 8.76128298 2.03691048 -7.06233258
v 7.79728506 2.03632016 -7.06233258
v 7.79610442 2.38402057 -7.06233258
v 8.76128298 2.03691048 -7.70106237
v 8.76128298 2.3822496 -7.70106237
v 7.79728506 2.38343025 -7.70106237
v 7.79610442 2.03572984 -7.70106237
v -7.73175918 2.76595973 -7.06233258
v -9.17805122 2.7677307 -7.06233258
v -9.17805122 3.11306982 -7.06233258
v -7.7323495 3.11366015 -7.06233258
v -7.73175918 3.11425047 -7.70106237
v -9.17805122 3.11306982 -7.70106237
v -9.17805122 2.7677307 -7.70106237
v -7.7323495 2.76655006 -7.70106237
v -7.73175918 2.03572984 -7.06233258
v -8.70992485 2.03691048 -7.06233258
v -8.70992485 2.3822496 -7.06233258
v -7.7323495 2.38343025 -7.06233258
v -7.73175918 2.38402057 -7.70106237
v -8.70992485 2.3822496 -7.70106237
v -8.70992485 2.03691048 -7.70106237
v -7.7323495 2.03632016 -7.70106237
v -7.00920348 3.11366015 7.09421003
v -7.0097938 2.76595973 7.09421003
v 7.07354872 2.76655006 7.09421003
v 7.07472937 3.11425047 7.09421003
v 7.07354872 3.11366015 7.73353015
v 7.07472937 2.76595973 7.73353015
v -7.00920348 2.76655006 7.73353015
v -7.0097938 3.11425047 7.73353015
v 9.22999967 3.11306982 7.73353015
v 9.22999967 2.7677307 7.73353015
v 7.79728506 2.76655006 7.73353015
v 7.79610442 3.11425047 7.73353015
v 9.22999967 2.7677307 7.09421003
v 9.22999967 3.11306982 7.09421003
v 7.79728506 3.11366015 7.09421003
v 7.79610442 2.76595973 7.09421003
v -7.00920348 2.38343025 7.09421003
v -7.0097938 2.03572984 7.09421003
v 7.07354872 2.03632016 7.09421003
v 7.07472937 2.38402057 7.09421003
v 7.07354872 2.38343025 7.73353015
v 7.07472937 2.03572984 7.73353015
v -7.00920348 2.03632016 7.73353015
v -7.0097938 2.38402057 7.73353015
v 8.76128298 2.3822496 7.73353015
v 8.76128298 2.03691048 7.73353015
v 7.79728506 2.03632016 7.73353015
v 7.79610442 2.38402057 7.73353015
v 8.76128298 2.03691048 7.09421003
v 8.76128298 2.3822496 7.09421003
v 7.79728506 2.38343025 7.09421003
v 7.79610442 2.03572984 7.09421003
v -7.73175918 2.76595973 7.73353015
v -9.17805122 2.7677307 7.73353015
v -9.17805122 3.11306982 7.73353015
v -7.7323495 3.11366015 7.73353015
v -7.73175918 3.11425047 7.09421003
v -9.17805122 3.11306982 7.09421003
v -9.17805122 2.7677307 7.09421003
v -7.7323495 2.76655006 7.09421003
v -7.73175918 2.03572984 7.73353015
v -8.70992485 2.03691048 7.73353015
v -8.70992485 2.3822496 7.73353015
v -7.7323495 2.38343025 7.73353015
v -7.73175918 2.38402057 7.09421003
v -8.70992485 2.3822496 7.09421003
v -8.70992485 2.03691048 7.09421003
v -7.7323495 2.03632016 7.09421003
v -5.0345721 -7.47673952 -7.47673952
v -4.13196781 -7.47673952 -7.47673952
v -4.13196781 0.817892906 -7.47673952
v -5.0345721 0.817892906 -7.47673952
v -4.13196781 -7.47673952 -6.34804141
v -5.0345721 -7.47673952 -6.34804141
v -5.0345721 0.817892906 -6.34804141
v -4.13196781 0.817892906 -6.34804141
v 4.19926466 -7.47673952 -7.47673952
v 5.10186896 -7.47673952 -7.47673952
v 5.10186896 0.817892906 -7.47673952
v 4.19926466 0.817892906 -7.47673952
v 5.10186896 -7.47673952 -6.34804141
v 4.19926466 -7.47673952 -6.34804141
v 4.19926466 0.817892906 -6.34804141
v 5.10186896 0.817892906 -6.34804141
v -5.0345721 -7.47673952 6.38405113
v -4.13196781 -7.47673952 6.38405113
v -4.13196781 0.817892906 6.38405113
v -5.0345721 0.817892906 6.38405113
v -4.13196781 -7.47673952 7.51274924
v -5.0345721 -7.47673952 7.51274924
v -5.0345721 0.817892906 7.51274924
v -4.13196781 0.817892906 7.51274924
v 4.19926466 -7.47673952 6.38405113
v 5.10186896 -7.47673952 6.38405113
v 5.10186896 0.817892906 6.38405113
v 4.19926466 0.817892906 6.38405113
v 5.10186896 -7.47673952 7.51274924
v 4.19926466 -7.47673952 7.51274924
v 4.19926466 0.817892906 7.51274924
v 5.10186896 0.817892906 7.51274924
v 7.89527873 0.0209564765 8.38111479
v 7.82975284 -0.0439790845 -8.33506957
v 7.82975284 -0.0439790845 8.38111479
v 7.89527873 0.0209564765 -8.33506957
v 7.89527873 0.330876199 8.38111479
v 7.89527873 0.330876199 -8.33506957
v 7.82975284 0.396402083 8.38111479
v 7.82975284 0.396402083 -8.33506957
v 7.82975284 0.330876199 -8.40059546
v 7.82975284 0.396402083 -8.33506957
v 7.82975284 0.0209564765 -8.40059546
v 7.82975284 -0.0439790845 -8.33506957
v 7.82975284 -0.0439790845 8.38111479
v -7.7831173 -0.0439790845 8.38111479
v -7.7831173 0.0209564765 8.44605035
v 7.82975284 0.0209564765 8.44605035
v 7.82975284 0.330876199 8.44605035
v -7.7831173 0.330876199 8.44605035
v -7.7831173 0.396402083 8.38111479
v 7.82975284 0.396402083 8.38111479
v -7.84805286 0.330876199 8.38111479
v -7.7831173 0.396402083 -8.33506957
v -7.7831173 0.396402083 8.38111479
v -7.84805286 0.330876199 -8.33506957
v -7.7831173 0.330876199 -8.40059546
v -7.7831173 0.0209564765 -8.40059546
v -7.84805286 0.0209564765 -8.33506957
v -7.7831173 -0.0439790845 -8.33506957
v -7.7831173 -0.0439790845 8.38111479
v -7.84805286 0.0209564765 8.38111479
v -7.7831173 0.330876199 8.44605035
v -7.7831173 0.396402083 8.38111479
v -7.7831173 0.0209564765 8.44605035
v -7.7831173 -0.0439790845 8.38111479
v -7.7831173 0.330876199 -8.40059546
v 7.82975284 0.330876199 -8.40059546
v 7.82975284 0.396402083 -8.33506957
v -7.7831173 0.396402083 -8.33506957
v 7.82975284 0.396402083 8.38111479
v -7.7831173 0.396402083 8.38111479
v -7.7831173 -0.0439790845 -8.33506957
v 7.82975284 0.0209564765 -8.40059546
v -7.7831173 0.0209564765 -8.40059546
v 7.82975284 -0.0439790845 -8.33506957
v -7.7831173 -0.0439790845 8.38111479
v 7.82975284 -0.0439790845 8.38111479
v -5.09950767 -7.47673952 -6.41297697
v -5.0345721 0.817892906 -6.34804141
v -5.0345721 -7.47673952 -6.34804141
v -5.09950767 0.817892906 -6.41297697
v -5.09950767 0.817892906 -7.41121364
v -5.09950767 -7.47673952 -7.41121364
v -5.0345721 -7.47673952 -7.47673952
v -5.0345721 0.817892906 -7.47673952
v -4.06703225 -7.47673952 -7.41121364
v -4.13196781 0.817892906 -7.47673952
v -4.13196781 -7.47673952 -7.47673952
v -4.06703225 0.817892906 -7.41121364
v -4.06703225 0.817892906 -6.41297697
v -4.06703225 -7.47673952 -6.41297697
v -4.13196781 -7.47673952 -6.34804141
v -4.13196781 0.817892906 -6.34804141
v 4.1343291 -7.47673952 -6.41297697
v 4.19926466 0.817892906 -6.34804141
v 4.19926466 -7.47673952 -6.34804141
v 4.1343291 0.817892906 -6.41297697
v 4.1343291 0.817892906 -7.41121364
v 4.1343291 -7.47673952 -7.41121364
v 4.19926466 -7.47673952 -7.47673952
v 4.19926466 0.817892906 -7.47673952
v 5.16680452 -7.47673952 -7.41121364
v 5.10186896 0.817892906 -7.47673952
v 5.10186896 -7.47673952 -7.47673952
v 5.16680452 0.817892906 -7.41121364
v 5.16680452 0.817892906 -6.41297697
v 5.16680452 -7.47673952 -6.41297697
v 5.10186896 -7.47673952 -6.34804141
v 5.10186896 0.817892906 -6.34804141
v -5.09950767 -7.47673952 7.44781368
v -5.0345721 0.817892906 7.51274924
v -5.0345721 -7.47673952 7.51274924
v -5.09950767 0.817892906 7.44781368
v -5.09950767 0.817892906 6.44957701
v -5.09950767 -7.47673952 6.44957701
v -5.0345721 -7.47673952 6.38405113
v -5.0345721 0.817892906 6.38405113
v -4.06703225 -7.47673952 6.44957701
v -4.13196781 0.817892906 6.38405113
v -4.13196781 -7.47673952 6.38405113
v -4.06703225 0.817892906 6.44957701
v -4.06703225 0.817892906 7.44781368
v -4.06703225 -7.47673952 7.44781368
v -4.13196781 -7.47673952 7.51274924
v -4.13196781 0.817892906 7.51274924
v 4.1343291 -7.47673952 7.44781368
v 4.19926466 0.817892906 7.51274924
v 4.19926466 -7.47673952 7.51274924
v 4.1343291 0.817892906 7.44781368
v 4.1343291 0.817892906 6.44957701
v 4.1343291 -7.47673952 6.44957701
v 4.19926466 -7.47673952 6.38405113
v 4.19926466 0.817892906 6.38405113
v 5.16680452 -7.47673952 6.44957701
v 5.10186896 0.817892906 6.38405113
v 5.10186896 -7.47673952 6.38405113
v 5.16680452 0.817892906 6.44957701
v 5.16680452 0.817892906 7.44781368
v 5.16680452 -7.47673952 7.44781368
v 5.10186896 -7.47673952 7.51274924
v 5.10186896 0.817892906 7.51274924
v 7.82975284 0.0209564765 8.44605035
v -7.7831173 0.0209564765 8.44605035
v -7.7831173 0.330876199 8.44605035
v 7.82975284 0.330876199 8.44605035
v -7.7831173 0.0209564765 -8.40059546
v 7.82975284 0.0209564765 -8.40059546
v 7.82975284 0.330876199 -8.40059546
v -7.7831173 0.330876199 -8.40059546
v 7.89527873 0.0209564765 8.38111479
v 7.82975284 -0.0439790845 8.38111479
v 7.82975284 0.0209564765 8.44605035
v 7.89527873 0.330876199 8.38111479
v 7.82975284 0.330876199 8.44605035
v 7.82975284 0.396402083 8.38111479
v -12.6497424 11.206402 14.3575477
v -12.5830359 11.1030954 14.3303928
v -12.6025166 11.0700373 14.2076056
v -12.7081844 11.18456 14.2076056
v -13.9968602 13.8894213 14.36168
v -12.7075941 11.1827891 -14.2099669
v -12.6031069 11.0700373 -14.2099669
v -14.0700602 13.88706 14.2235443
v -12.6497424 11.2052214 -14.3587283
v -12.5830359 11.1030954 -14.3315735
v -14.0665183 13.8793858 -14.2176411
v -13.9939085 13.8852891 -14.3604993
v -14.0558925 14.044086 -14.2182314
v -14.0139795 14.0157505 -14.3345251
v -14.0600248 14.0470376 14.2241346
v -14.0175215 14.0181118 14.3368864
v -12.6025166 11.0700373 14.2076056
v -12.5830359 11.1030954 14.3303928
v -12.460839 11.091289 14.3575477
v -12.4525745 11.0298954 14.2076056
v -12.6031069 11.0700373 -14.2099669
v -9.94901342 11.069447 14.2117378
v -9.9560973 11.12966 14.358138
v -8.11074672 11.4566991 14.2117378
v -8.13022739 11.5145508 14.358138
v -5.35984023 12.7430135 14.2117378
v -5.38817575 12.7967329 14.358138
v -4.21225177 13.4472692 14.2117378
v -4.24767117 13.4968563 14.358138
v -2.37693669 14.9449194 14.2117378
v -2.41058512 14.9962775 14.358138
v -1.26417731 15.5257975 14.2117378
v -1.28483862 15.5836491 14.358138
v 0.0233177696 15.727688 14.2117378
v 0.0233177696 15.7884913 14.358138
v -1.26417731 15.5257975 -14.2117378
v -2.37693669 14.9449194 -14.2117378
v -4.21225177 13.4472692 -14.2117378
v -5.35984023 12.7430135 -14.2117378
v 1.31140317 15.5257975 14.2117378
v 1.33206448 15.5836491 14.358138
v 0.0233177696 15.727688 -14.2117378
v 2.42416255 14.9449194 14.2117378
v 2.45781098 14.9962775 14.358138
v -8.11074672 11.4566991 -14.2117378
v 1.31140317 15.5257975 -14.2117378
v 4.25947764 13.4472692 14.2117378
v 4.29430671 13.4968563 14.358138
v -9.94901342 11.069447 -14.2117378
v 2.42416255 14.9449194 -14.2117378
v 5.40647577 12.7430135 14.2117378
v 5.43540161 12.7967329 14.358138
v -12.4543454 11.0298954 -14.2099669
v -12.4614293 11.091289 -14.3587283
v -12.5830359 11.1030954 -14.3315735
v -9.9560973 11.12966 -14.358138
v -8.13022739 11.5145508 -14.358138
v -5.38817575 12.7967329 -14.358138
v -4.24767117 13.4968563 -14.358138
v -2.41058512 14.9962775 -14.358138
v -1.28483862 15.5836491 -14.358138
v 0.0233177696 15.7884913 -14.358138
v 1.33206448 15.5836491 -14.358138
v 2.45781098 14.9962775 -14.358138
v 4.29430671 13.4968563 -14.358138
v 4.25947764 13.4472692 -14.2117378
v 5.43540161 12.7967329 -14.358138
v 5.40647577 12.7430135 -14.2117378
v 8.17745325 11.5145508 -14.358138
v 8.15797259 11.4566991 14.2117378
v 8.17745325 11.5145508 14.358138
v 8.15797259 11.4566991 -14.2117378
v 10.0027328 11.12966 -14.358138
v 9.99623928 11.069447 14.2117378
v 10.0027328 11.12966 14.358138
v 9.99623928 11.069447 -14.2117378
v 12.5074745 11.091289 -14.3575477
v 12.4998003 11.0298954 14.2076056
v 12.5074745 11.091289 14.3575477
v 12.4998003 11.0298954 -14.2076056
v 12.6497424 11.0700373 14.2076056
v 12.6296714 11.1030954 14.3303928
v 12.6497424 11.0700373 -14.2087862
v 12.6296714 11.1030954 -14.3309831
v -12.460839 11.091289 14.3575477
v -12.5830359 11.1030954 14.3303928
v -12.6497424 11.206402 14.3575477
v -12.5062939 11.2294246 14.4189413
v -9.9560973 11.12966 14.358138
v -13.8191729 13.8841084 14.4189413
v -13.9968602 13.8894213 14.36168
v -9.97203603 11.2760602 14.4189413
v -8.13022739 11.5145508 14.358138
v -13.8900116 14.0470376 14.36168
v -14.0175215 14.0181118 14.3368864
v -9.90355853 13.5718274 14.4189413
v -9.90651015 13.7188179 14.358138
v -8.17686293 11.6538671 14.4189413
v -5.38817575 12.7967329 14.358138
v -8.38701802 13.7684051 14.4189413
v -8.42243742 13.9112633 14.358138
v -6.45666089 14.498635 14.4189413
v -6.51687386 14.632048 14.358138
v -5.4578339 12.9254234 14.4189413
v -4.24767117 13.4968563 14.358138
v -4.33267772 13.6161016 14.4189413
v -2.41058512 14.9962775 14.358138
v -5.53457592 14.9838807 14.4189413
v -5.61722118 15.1054873 14.358138
v -2.49145941 15.1190647 14.4189413
v -1.28483862 15.5836491 14.358138
v -2.89465021 17.2170737 14.4189413
v -2.98496967 17.332777 14.358138
v -1.33383545 15.7229654 14.4189413
v 0.0233177696 15.7884913 14.358138
v -1.712823 18.0689102 14.4189413
v -1.77657792 18.2029135 14.358138
v 0.0233177696 18.4396332 14.4189413
v 0.0233177696 18.5866237 14.358138
v 0.0233177696 15.9360721 14.4189413
v 1.33206448 15.5836491 14.358138
v 1.76004886 18.0689102 14.4189413
v 1.82321345 18.2029135 14.358138
v 1.38106132 15.7229654 14.4189413
v 2.45781098 14.9962775 14.358138
v 2.94187607 17.2170737 14.4189413
v 3.03219553 17.332777 14.358138
v 2.53868527 15.1190647 14.4189413
v 4.29430671 13.4968563 14.358138
v 5.58180179 14.9838807 14.4189413
v 5.66385672 15.1054873 14.358138
v 4.37931326 13.6161016 14.4189413
v 5.43540161 12.7967329 14.358138
v 6.50388675 14.498635 14.4189413
v 6.56409973 14.632048 14.358138
v 5.50505976 12.9254234 14.4189413
v 8.17745325 11.5145508 14.358138
v 8.22408879 11.6538671 14.4189413
v 10.0027328 11.12966 14.358138
v 8.43365356 13.7684051 14.4189413
v 8.46966328 13.9112633 14.358138
v 9.95019407 13.5718274 14.4189413
v 9.95373601 13.7188179 14.358138
v 10.0192619 11.2760602 14.4189413
v 12.5074745 11.091289 14.3575477
v 13.8663987 13.8841084 14.4189413
v 13.9372375 14.0470376 14.36168
v 12.5535197 11.2294246 14.4189413
v 14.0434957 13.8894213 14.36168
v 14.0647473 14.0181118 14.3368864
v 12.6969683 11.206402 14.3575477
v 12.6296714 11.1030954 14.3303928
v -13.8900116 14.0470376 14.36168
v -14.0175215 14.0181118 14.3368864
v -14.0600248 14.0470376 14.2241346
v -13.9159859 14.1161055 14.2235443
v -9.90651015 13.7188179 14.358138
v -13.907131 14.1155151 -14.2176411
v -14.0558925 14.044086 -14.2182314
v -9.90828112 13.7802115 14.2117378
v -8.42243742 13.9112633 14.358138
v -13.8852891 14.045857 -14.3604993
v -14.0139795 14.0157505 -14.3345251
v -9.90828112 13.7802115 -14.2117378
v -9.90651015 13.7188179 -14.358138
v -8.4371955 13.9702956 14.2117378
v -6.51687386 14.632048 14.358138
v -8.4371955 13.9702956 -14.2117378
v -8.42243742 13.9112633 -14.358138
v -6.54166744 14.6875384 14.2117378
v -5.61722118 15.1054873 14.358138
v -6.54166744 14.6875384 -14.2117378
v -6.51687386 14.632048 -14.358138
v -5.65145993 15.1562551 14.2117378
v -2.98496967 17.332777 14.358138
v -5.65145993 15.1562551 -14.2117378
v -5.61722118 15.1054873 -14.358138
v -3.02216004 17.3805932 14.2117378
v -1.77657792 18.2029135 14.358138
v -3.02216004 17.3805932 -14.2117378
v -2.98496967 17.332777 -14.358138
v -1.80255214 18.2589943 14.2117378
v 0.0233177696 18.5866237 14.358138
v -1.80255214 18.2589943 -14.2117378
v -1.77657792 18.2029135 -14.358138
v 0.0233177696 18.6480173 -14.2117378
v 0.0233177696 18.5866237 -14.358138
v 0.0233177696 18.6480173 14.2117378
v 1.82321345 18.2029135 14.358138
v 1.849778 18.2589943 -14.2117378
v 1.82321345 18.2029135 -14.358138
v 1.849778 18.2589943 14.2117378
v 3.03219553 17.332777 14.358138
v 3.0693859 17.3805932 -14.2117378
v 3.03219553 17.332777 -14.358138
v 3.0693859 17.3805932 14.2117378
v 5.66385672 15.1054873 14.358138
v 5.69809547 15.1562551 -14.2117378
v 5.66385672 15.1054873 -14.358138
v 5.69809547 15.1562551 14.2117378
v 6.56409973 14.632048 14.358138
v 6.5888933 14.6875384 -14.2117378
v 6.56409973 14.632048 -14.358138
v 6.5888933 14.6875384 14.2117378
v 8.46966328 13.9112633 14.358138
v 8.48442136 13.9702956 -14.2117378
v 8.46966328 13.9112633 -14.358138
v 8.48442136 13.9702956 14.2117378
v 9.95373601 13.7188179 14.358138
v 9.95491665 13.7802115 -14.2117378
v 9.95373601 13.7188179 -14.358138
v 9.95491665 13.7802115 14.2117378
v 13.9372375 14.0470376 14.36168
v 13.9543569 14.1155151 -14.2176411
v 13.9325149 14.045857 -14.3604993
v 13.9626214 14.1161055 14.2235443
v 14.104299 14.0464473 -14.221183
v 14.062386 14.0175215 -14.3357057
v 14.1072506 14.0470376 14.2241346
v 14.0647473 14.0181118 14.3368864
v -12.6497424 11.2052214 -14.3587283
v -12.5830359 11.1030954 -14.3315735
v -12.4614293 11.091289 -14.3587283
v -12.5062939 11.2294246 -14.4189413
v -13.9939085 13.8852891 -14.3604993
v -9.97203603 11.2760602 -14.4189413
v -9.9560973 11.12966 -14.358138
v -8.17686293 11.6538671 -14.4189413
v -8.13022739 11.5145508 -14.358138
v -9.90355853 13.5718274 -14.4189413
v -13.8191729 13.8841084 -14.4189413
v -13.8852891 14.045857 -14.3604993
v -14.0139795 14.0157505 -14.3345251
v -9.90651015 13.7188179 -14.358138
v -8.42243742 13.9112633 -14.358138
v -8.38701802 13.7684051 -14.4189413
v -6.51687386 14.632048 -14.358138
v -6.45666089 14.498635 -14.4189413
v -5.61722118 15.1054873 -14.358138
v -5.4578339 12.9254234 -14.4189413
v -5.38817575 12.7967329 -14.358138
v -4.33267772 13.6161016 -14.4189413
v -4.24767117 13.4968563 -14.358138
v -5.53457592 14.9838807 -14.4189413
v -2.98496967 17.332777 -14.358138
v -2.49145941 15.1190647 -14.4189413
v -2.41058512 14.9962775 -14.358138
v -2.89465021 17.2170737 -14.4189413
v -1.77657792 18.2029135 -14.358138
v -1.33383545 15.7229654 -14.4189413
v -1.28483862 15.5836491 -14.358138
v -1.712823 18.0689102 -14.4189413
v 0.0233177696 18.5866237 -14.358138
v 0.0233177696 15.9360721 -14.4189413
v 0.0233177696 15.7884913 -14.358138
v 0.0233177696 18.4396332 -14.4189413
v 1.82321345 18.2029135 -14.358138
v 1.38106132 15.7229654 -14.4189413
v 1.33206448 15.5836491 -14.358138
v 1.76004886 18.0689102 -14.4189413
v 3.03219553 17.332777 -14.358138
v 2.94187607 17.2170737 -14.4189413
v 5.66385672 15.1054873 -14.358138
v 2.53868527 15.1190647 -14.4189413
v 2.45781098 14.9962775 -14.358138
v 5.58180179 14.9838807 -14.4189413
v 6.56409973 14.632048 -14.358138
v 4.37931326 13.6161016 -14.4189413
v 4.29430671 13.4968563 -14.358138
v 6.50388675 14.498635 -14.4189413
v 8.46966328 13.9112633 -14.358138
v 5.50505976 12.9254234 -14.4189413
v 5.43540161 12.7967329 -14.358138
v 8.22408879 11.6538671 -14.4189413
v 8.17745325 11.5145508 -14.358138
v 8.43365356 13.7684051 -14.4189413
v 9.95373601 13.7188179 -14.358138
v 9.95019407 13.5718274 -14.4189413
v 13.9325149 14.045857 -14.3604993
v 10.0192619 11.2760602 -14.4189413
v 10.0027328 11.12966 -14.358138
v 12.5535197 11.2294246 -14.4189413
v 12.5074745 11.091289 -14.3575477
v 13.8663987 13.8841084 -14.4189413
v 12.696378 11.2052214 -14.3587283
v 12.6296714 11.1030954 -14.3309831
v 14.0434957 13.8894213 -14.36168
v 14.062386 14.0175215 -14.3357057
v 12.6497424 11.0700373 14.2076056
v 12.6296714 11.1030954 14.3303928
v 12.6969683 11.206402 14.3575477
v 12.7554103 11.18456 14.2076056
v 12.6497424 11.0700373 -14.2087862
v 14.1172861 13.88706 14.2235443
v 14.0434957 13.8894213 14.36168
v 12.7542297 11.1827891 -14.2099669
v 14.1072506 14.0470376 14.2241346
v 14.0647473 14.0181118 14.3368864
v 14.1172861 13.88706 -14.2235443
v 14.104299 14.0464473 -14.221183
v 14.0434957 13.8894213 -14.36168
v 14.062386 14.0175215 -14.3357057
v 12.696378 11.2052214 -14.3587283
v 12.6296714 11.1030954 -14.3309831
v -12.3835066 -19.3434181 12.203458
v -12.1627257 -14.1651023 12.4242389
v -12.1627257 -19.3434181 12.4242389
v -12.3835066 -14.1651023 12.203458
v -12.1627257 -13.9449117 12.203458
v -12.1627257 -13.9449117 -12.1208128
v -12.3835066 -14.1651023 -12.1208128
v -12.3835066 -19.3434181 -12.1208128
v -12.1627257 -14.1651023 -12.3410034
v -12.1627257 -19.3434181 -12.3410034
v -12.1627257 -13.9449117 12.203458
v 12.1615451 -13.9449117 12.203458
v 12.1615451 -14.1651023 12.4242389
v -12.1627257 -14.1651023 12.4242389
v -12.1627257 -14.1651023 -12.3410034
v 12.1615451 -14.1651023 -12.3410034
v 12.1615451 -13.9449117 -12.1208128
v -12.1627257 -13.9449117 -12.1208128
v 12.3817357 -14.1651023 -12.1208128
v 12.1615451 -13.9449117 12.203458
v 12.1615451 -13.9449117 -12.1208128
v 12.3817357 -14.1651023 12.203458
v 12.1615451 -14.1651023 12.4242389
v 12.1615451 -19.3434181 12.4242389
v 12.3817357 -19.3434181 12.203458
v 12.3817357 -19.3434181 -12.1208128
v 12.1615451 -14.1651023 -12.3410034
v 12.1615451 -19.3434181 -12.3410034
v 12.1615451 -13.9449117 -12.1208128
v -12.1627257 -19.3434181 -12.3410034
v 12.1615451 -19.3434181 -12.3410034
v 12.1615451 -14.1651023 -12.3410034
v -12.1627257 -14.1651023 -12.3410034
v 12.1615451 -19.3434181 12.4242389
v -12.1627257 -19.3434181 12.4242389
v -12.1627257 -14.1651023 12.4242389
v 12.1615451 -14.1651023 12.4242389
v 12.1615451 -13.9449117 -12.1208128
v 12.1615451 -13.9449117 12.203458
v -12.1627257 -13.9449117 12.203458
v -12.1627257 -13.9449117 -12.1208128
v -4.91296551 1.44717752 9.61193883
v -4.9938398 0.515057063 9.69281312
v -4.9938398 1.44717752 9.69281312
v -4.91296551 0.515057063 9.61193883
v -4.91296551 1.44717752 -9.59718075
v -4.91296551 0.515057063 -9.59718075
v -4.9938398 1.44717752 -9.67805504
v -4.9938398 0.515057063 -9.67805504
v -4.9938398 0.434182773 -9.59718075
v -4.9938398 0.515057063 -9.67805504
v -4.9938398 0.434182773 9.61193883
v -4.9938398 0.515057063 9.69281312
v -4.9938398 1.44717752 9.69281312
v -5.96078933 1.44717752 9.69281312
v -5.96078933 1.52805181 9.61193883
v -4.9938398 1.52805181 9.61193883
v -5.96078933 1.52805181 -9.59718075
v -4.9938398 1.52805181 -9.59718075
v -5.96078933 1.44717752 -9.67805504
v -4.9938398 1.44717752 -9.67805504
v -6.04166362 1.44717752 -9.59718075
v -5.96078933 0.515057063 -9.67805504
v -5.96078933 1.44717752 -9.67805504
v -6.04166362 0.515057063 -9.59718075
v -5.96078933 0.434182773 -9.59718075
v -5.96078933 0.434182773 9.61193883
v -6.04166362 0.515057063 9.61193883
v -5.96078933 0.515057063 9.69281312
v -5.96078933 1.44717752 9.69281312
v -6.04166362 1.44717752 9.61193883
v -5.96078933 1.52805181 -9.59718075
v -5.96078933 1.44717752 -9.67805504
v -5.96078933 1.52805181 9.61193883
v -5.96078933 1.44717752 9.69281312
v -5.96078933 0.434182773 -9.59718075
v -4.9938398 0.515057063 -9.67805504
v -5.96078933 0.515057063 -9.67805504
v -4.9938398 0.434182773 -9.59718075
v -5.96078933 0.434182773 9.61193883
v -4.9938398 0.434182773 9.61193883
v -5.96078933 0.515057063 9.69281312
v -4.9938398 0.515057063 9.69281312
v 6.04166362 1.44717752 9.61193883
v 5.96078933 0.515057063 9.69281312
v 5.96078933 1.44717752 9.69281312
v 6.04166362 0.515057063 9.61193883
v 6.04166362 1.44717752 -9.59718075
v 6.04166362 0.515057063 -9.59718075
v 5.96078933 1.44717752 -9.67805504
v 5.96078933 0.515057063 -9.67805504
v 5.96078933 0.434182773 -9.59718075
v 5.96078933 0.515057063 -9.67805504
v 5.96078933 0.434182773 9.61193883
v 5.96078933 0.515057063 9.69281312
v 5.96078933 1.44717752 9.69281312
v 4.9938398 1.44717752 9.69281312
v 4.9938398 1.52805181 9.61193883
v 5.96078933 1.52805181 9.61193883
v 4.9938398 1.52805181 -9.59718075
v 5.96078933 1.52805181 -9.59718075
v 4.9938398 1.44717752 -9.67805504
v 5.96078933 1.44717752 -9.67805504
v 4.91296551 1.44717752 -9.59718075
v 4.9938398 0.515057063 -9.67805504
v 4.9938398 1.44717752 -9.67805504
v 4.91296551 0.515057063 -9.59718075
v 4.9938398 0.434182773 -9.59718075
v 4.9938398 0.434182773 9.61193883
v 4.91296551 0.515057063 9.61193883
v 4.9938398 0.515057063 9.69281312
v 4.9938398 1.44717752 9.69281312
v 4.91296551 1.44717752 9.61193883
v 4.9938398 1.52805181 -9.59718075
v 4.9938398 1.44717752 -9.67805504
v 4.9938398 1.52805181 9.61193883
v 4.9938398 1.44717752 9.69281312
v 4.9938398 0.434182773 -9.59718075
v 5.96078933 0.515057063 -9.67805504
v 4.9938398 0.515057063 -9.67805504
v 5.96078933 0.434182773 -9.59718075
v 4.9938398 0.434182773 9.61193883
v 5.96078933 0.434182773 9.61193883
v 4.9938398 0.515057063 9.69281312
v 5.96078933 0.515057063 9.69281312
v -5.96078933 1.44717752 9.69281312
v -4.9938398 1.44717752 9.69281312
v -4.9938398 0.515057063 9.69281312
v -5.96078933 0.515057063 9.69281312
v -5.96078933 0.515057063 -9.67805504
v -4.9938398 0.515057063 -9.67805504
v -4.9938398 1.44717752 -9.67805504
v -5.96078933 1.44717752 -9.67805504
v 4.9938398 1.44717752 9.69281312
v 5.96078933 1.44717752 9.69281312
v 5.96078933 0.515057063 9.69281312
v 4.9938398 0.515057063 9.69281312
v 4.9938398 0.515057063 -9.67805504
v 5.96078933 0.515057063 -9.67805504
v 5.96078933 1.44717752 -9.67805504
v 4.9938398 1.44717752 -9.67805504
v -4.91296551 1.44717752 9.61193883
v -4.9938398 1.44717752 9.69281312
v -4.9938398 1.52805181 9.61193883
v -4.91296551 1.44717752 -9.59718075
v -4.9938398 1.52805181 -9.59718075
v -4.9938398 1.44717752 -9.67805504
v 6.04166362 1.44717752 9.61193883
v 5.96078933 1.44717752 9.69281312
v 5.96078933 1.52805181 9.61193883
v 6.04166362 1.44717752 -9.59718075
v 5.96078933 1.52805181 -9.59718075
v 5.96078933 1.44717752 -9.67805504
v 11.7672091 10.1036781 13.6928437
v 11.9082964 10.1237491 13.6603759
v 11.9336803 10.0877394 13.518108
v 11.7601252 10.0328393 13.5186983
v -11.7199833 10.1036781 13.6928437
v 11.7601252 10.0328393 -13.4732434
v 11.9336803 10.0877394 -13.4726531
v -11.7128994 10.0328393 13.5186983
v 11.7672091 10.1036781 -13.6467985
v 11.9082964 10.1237491 -13.614921
v -11.7146704 10.0328393 -13.4750144
v -11.7211639 10.1036781 -13.6473888
v -11.8870448 10.0877394 -13.4738337
v -11.8616609 10.1237491 -13.6155113
v -11.8864544 10.0877394 13.518108
v -11.8616609 10.1237491 13.6603759
v 11.9336803 10.0877394 13.518108
v 11.9082964 10.1237491 13.6603759
v 11.9761836 10.2500783 13.6928437
v 12.0446611 10.231188 13.5186983
v 11.9336803 10.0877394 -13.4726531
v 12.4413583 11.3038054 13.5299144
v 12.3652066 11.3132505 13.6957953
v 12.0446611 10.231188 -13.4732434
v 12.4177454 11.4885765 13.5305048
v 12.3752421 11.4596507 13.6656888
v 12.4413583 11.3038054 -13.4844596
v 12.4177454 11.4885765 -13.4850499
v 12.3652066 11.3132505 -13.6503404
v 12.3752421 11.4596507 -13.6196436
v 11.9761836 10.2500783 -13.6467985
v 11.9082964 10.1237491 -13.614921
v 11.9761836 10.2500783 13.6928437
v 11.9082964 10.1237491 13.6603759
v 11.7672091 10.1036781 13.6928437
v 11.8079414 10.2683783 13.7642728
v 12.3652066 11.3132505 13.6957953
v -11.7607156 10.2683783 13.7642728
v -11.7199833 10.1036781 13.6928437
v -11.9289577 10.2500783 13.6928437
v -11.8616609 10.1237491 13.6603759
v -12.1332096 11.323286 13.7642728
v -12.3179808 11.3132505 13.6957953
v 12.1804354 11.323286 13.7642728
v -12.186929 11.500383 13.6957953
v -12.3280162 11.4596507 13.6656888
v 12.2341548 11.500383 13.6957953
v 12.3752421 11.4596507 13.6656888
v 12.4177454 11.4885765 13.5305048
v 12.3752421 11.4596507 13.6656888
v 12.2341548 11.500383 13.6957953
v 12.2524549 11.5753541 13.5299144
v 12.4177454 11.4885765 -13.4850499
v -12.205229 11.5753541 13.5299144
v -12.186929 11.500383 13.6957953
v -12.3705195 11.4885765 13.5305048
v -12.3280162 11.4596507 13.6656888
v -12.2005064 11.5753541 -13.4809176
v -12.3687486 11.4873959 -13.4809176
v 12.2524549 11.5753541 -13.4844596
v -12.1845677 11.500383 -13.6491597
v -12.3268356 11.4584701 -13.6184629
v 12.2341548 11.500383 -13.6497501
v 12.3752421 11.4596507 -13.6196436
v -12.3705195 11.4885765 13.5305048
v -12.3280162 11.4596507 13.6656888
v -12.3179808 11.3132505 13.6957953
v -12.3947228 11.3038054 13.5299144
v -12.3687486 11.4873959 -13.4809176
v -11.9980255 10.231188 13.5186983
v -11.9289577 10.2500783 13.6928437
v -12.3929518 11.2990828 -13.4809176
v -11.8864544 10.0877394 13.518108
v -11.8616609 10.1237491 13.6603759
v -11.9980255 10.231188 -13.4732434
v -11.8870448 10.0877394 -13.4738337
v -11.9289577 10.2500783 -13.6467985
v -11.8616609 10.1237491 -13.6155113
v -12.3168001 11.3114796 -13.6491597
v -12.3268356 11.4584701 -13.6184629
v -12.1845677 11.500383 -13.6491597
v -12.3268356 11.4584701 -13.6184629
v -12.3168001 11.3114796 -13.6491597
v -12.1332096 11.323286 -13.7182276
v 12.2341548 11.500383 -13.6497501
v -11.7607156 10.2683783 -13.7182276
v -11.9289577 10.2500783 -13.6467985
v 12.1804354 11.323286 -13.7182276
v -11.7211639 10.1036781 -13.6473888
v -11.8616609 10.1237491 -13.6155113
v 11.8079414 10.2683783 -13.7182276
v 11.7672091 10.1036781 -13.6467985
v 11.9761836 10.2500783 -13.6467985
v 11.9082964 10.1237491 -13.614921
v 12.3652066 11.3132505 -13.6503404
v 12.3752421 11.4596507 -13.6196436
v -11.9502093 8.58536664 13.7843438
v -11.9502093 8.58536664 -13.7825728
v -12.0653224 8.69752807 -13.8008728
v -12.0653224 8.69752807 13.8026438
v -12.0653224 9.91418435 14.1591991
v -12.0653224 9.91418435 -14.1574281
v -11.9519803 10.032249 -14.1822217
v -11.9519803 10.032249 14.1839926
v -11.9502093 8.68276998 -13.9136246
v -11.9502093 8.58536664 -13.7825728
v -11.9537513 9.90591982 -14.277854
v -11.9519803 10.032249 -14.1822217
v -11.9490287 8.68395063 13.9153955
v -11.1219858 8.68276998 13.9153955
v -11.1219858 8.58536664 13.7843438
v -11.9502093 8.58536664 13.7843438
v -11.9519803 10.032249 14.1839926
v -11.1202148 10.032249 14.1839926
v -11.1184438 9.90591982 14.279625
v -11.9519803 9.90414885 14.279625
v -11.0068727 8.69752807 13.8026438
v -11.1231664 8.58536664 -13.7819825
v -11.1219858 8.58536664 13.7843438
v -11.0068727 8.69752807 -13.8008728
v -11.1231664 8.68395063 -13.9136246
v -11.1184438 9.90591982 -14.277854
v -11.0068727 9.91418435 -14.1574281
v -11.1184438 10.032249 -14.1834023
v -11.1202148 10.032249 14.1839926
v -11.0068727 9.91418435 14.1591991
v -11.1219858 8.68276998 13.9153955
v -11.1219858 8.58536664 13.7843438
v -11.1184438 9.90591982 14.279625
v -11.1202148 10.032249 14.1839926
v -11.1184438 10.032249 -14.1834023
v -11.9537513 9.90591982 -14.277854
v -11.1184438 9.90591982 -14.277854
v -11.9519803 10.032249 -14.1822217
v -11.9519803 10.032249 14.1839926
v -11.1202148 10.032249 14.1839926
v -11.1231664 8.68395063 -13.9136246
v -11.9502093 8.68276998 -13.9136246
v -11.9502093 8.58536664 -13.7825728
v -11.1231664 8.58536664 -13.7819825
v -11.1219858 8.58536664 13.7843438
v -11.9502093 8.58536664 13.7843438
v -12.3610743 8.13672095 -11.9572932
v 12.4077099 8.13672095 -11.9572932
v 12.4277809 8.25124366 -12.0718159
v -12.3811453 8.25124366 -12.0718159
v -12.4956681 8.2394372 -11.9667384
v -12.3610743 8.13672095 -11.127889
v -12.3610743 8.13672095 -11.9572932
v -12.497439 8.24888237 -11.127889
v -12.3811453 8.25124366 -11.0133663
v -12.7654458 10.2424041 -11.0133663
v -12.8835105 10.2359105 -11.126118
v -12.7807942 10.3592881 -11.1267084
v -12.7807942 10.3592881 -11.9578835
v -12.8835105 10.2353202 -11.9578835
v -12.3811453 8.25124366 -12.0718159
v -12.7654458 10.2424041 -12.0718159
v -12.7654458 10.2424041 -12.0718159
v 12.8120813 10.2424041 -12.0718159
v 12.8274297 10.3592881 -11.9578835
v -12.7807942 10.3592881 -11.9578835
v -12.7807942 10.3592881 -11.1267084
v 12.8280201 10.3592881 -11.126118
v 12.8120813 10.2424041 -11.0133663
v -12.7654458 10.2424041 -11.0133663
v -12.3811453 8.25124366 -11.0133663
v 12.4277809 8.25124366 -11.0133663
v 12.4171551 8.13672095 -11.1184438
v -12.3610743 8.13672095 -11.127889
v 12.5417133 8.2394372 -11.1184438
v 12.4077099 8.13672095 -11.9572932
v 12.4171551 8.13672095 -11.1184438
v 12.5434842 8.24888237 -11.9572932
v 12.4277809 8.25124366 -12.0718159
v 12.8120813 10.2424041 -12.0718159
v 12.9295557 10.2359105 -11.9590642
v 12.8274297 10.3592881 -11.9578835
v 12.8280201 10.3592881 -11.126118
v 12.9295557 10.2359105 -11.126118
v 12.4277809 8.25124366 -11.0133663
v 12.4171551 8.13672095 -11.1184438
v 12.8120813 10.2424041 -11.0133663
v 12.8280201 10.3592881 -11.126118
v 11.1692116 8.58536664 13.7843438
v 11.1692116 8.58536664 -13.7825728
v 11.0540986 8.69752807 -13.8008728
v 11.0540986 8.69752807 13.8026438
v 11.0540986 9.91418435 14.1591991
v 11.0540986 9.91418435 -14.1574281
v 11.1668504 10.032249 -14.1822217
v 11.1668504 10.032249 14.1839926
v 11.1692116 8.68276998 -13.9136246
v 11.1692116 8.58536664 -13.7825728
v 11.1656697 9.90591982 -14.277854
v 11.1668504 10.032249 -14.1822217
v 11.169802 8.68395063 13.9153955
v 11.9968449 8.68276998 13.9153955
v 11.9968449 8.58536664 13.7843438
v 11.1692116 8.58536664 13.7843438
v 11.1668504 10.032249 14.1839926
v 11.9992062 10.032249 14.1839926
v 12.0003868 9.90591982 14.279625
v 11.1668504 9.90414885 14.279625
v 12.1125482 8.69752807 13.8026438
v 11.9962546 8.58536664 -13.7819825
v 11.9968449 8.58536664 13.7843438
v 12.1125482 8.69752807 -13.8008728
v 11.9962546 8.68395063 -13.9136246
v 12.0003868 9.90591982 -14.277854
v 12.1125482 9.91418435 -14.1574281
v 12.0003868 10.032249 -14.1834023
v 11.9992062 10.032249 14.1839926
v 12.1125482 9.91418435 14.1591991
v 11.9968449 8.68276998 13.9153955
v 11.9968449 8.58536664 13.7843438
v 12.0003868 9.90591982 14.279625
v 11.9992062 10.032249 14.1839926
v 12.0003868 10.032249 -14.1834023
v 11.1656697 9.90591982 -14.277854
v 12.0003868 9.90591982 -14.277854
v 11.1668504 10.032249 -14.1822217
v 11.1668504 10.032249 14.1839926
v 11.9992062 10.032249 14.1839926
v 11.9962546 8.68395063 -13.9136246
v 11.1692116 8.68276998 -13.9136246
v 11.1692116 8.58536664 -13.7825728
v 11.9962546 8.58536664 -13.7819825
v 11.9968449 8.58536664 13.7843438
v 11.1692116 8.58536664 13.7843438
v -12.3610743 8.13672095 11.1621278
v 12.4077099 8.13672095 11.1621278
v 12.4277809 8.25124366 11.047605
v -12.3811453 8.25124366 11.047605
v -12.4956681 8.2394372 11.1520923
v -12.3610743 8.13672095 11.991532
v -12.3610743 8.13672095 11.1621278
v -12.497439 8.24888237 11.991532
v -12.3811453 8.25124366 12.1060547
v -12.7654458 10.2424041 12.1060547
v -12.8835105 10.2359105 11.9933029
v -12.7807942 10.3592881 11.9921223
v -12.7807942 10.3592881 11.1609471
v -12.8835105 10.2353202 11.1609471
v -12.3811453 8.25124366 11.047605
v -12.7654458 10.2424041 11.047605
v -12.7654458 10.2424041 11.047605
v 12.8120813 10.2424041 11.047605
v 12.8274297 10.3592881 11.1609471
v -12.7807942 10.3592881 11.1609471
v -12.7807942 10.3592881 11.9921223
v 12.8280201 10.3592881 11.9933029
v 12.8120813 10.2424041 12.1060547
v -12.7654458 10.2424041 12.1060547
v -12.3811453 8.25124366 12.1060547
v 12.4277809 8.25124366 12.1060547
v 12.4171551 8.13672095 12.0009771
v -12.3610743 8.13672095 11.991532
v 12.5417133 8.2394372 12.0009771
v 12.4077099 8.13672095 11.1621278
v 12.4171551 8.13672095 12.0009771
v 12.5434842 8.24888237 11.1621278
v 12.4277809 8.25124366 11.047605
v 12.8120813 10.2424041 11.047605
v 12.9295557 10.2359105 11.1603568
v 12.8274297 10.3592881 11.1609471
v 12.8280201 10.3592881 11.9933029
v 12.9295557 10.2359105 11.9933029
v 12.4277809 8.25124366 12.1060547
v 12.4171551 8.13672095 12.0009771
v 12.8120813 10.2424041 12.1060547
v 12.8280201 10.3592881 11.9933029
v -11.9490287 8.68395063 13.9153955
v -11.9519803 9.90414885 14.279625
v -11.1184438 9.90591982 14.279625
v -11.1219858 8.68276998 13.9153955
v -11.1231664 8.68395063 -13.9136246
v -11.1184438 9.90591982 -14.277854
v -11.9537513 9.90591982 -14.277854
v -11.9502093 8.68276998 -13.9136246
v -12.3811453 8.25124366 -11.0133663
v -12.7654458 10.2424041 -11.0133663
v 12.8120813 10.2424041 -11.0133663
v 12.4277809 8.25124366 -11.0133663
v 12.4277809 8.25124366 -12.0718159
v 12.8120813 10.2424041 -12.0718159
v -12.7654458 10.2424041 -12.0718159
v -12.3811453 8.25124366 -12.0718159
v -12.3610743 8.13672095 -11.127889
v 12.4171551 8.13672095 -11.1184438
v 12.4077099 8.13672095 -11.9572932
v -12.3610743 8.13672095 -11.9572932
v 12.8280201 10.3592881 -11.126118
v -12.7807942 10.3592881 -11.1267084
v -12.7807942 10.3592881 -11.9578835
v 12.8274297 10.3592881 -11.9578835
v 11.169802 8.68395063 13.9153955
v 11.1668504 9.90414885 14.279625
v 12.0003868 9.90591982 14.279625
v 11.9968449 8.68276998 13.9153955
v 11.9962546 8.68395063 -13.9136246
v 12.0003868 9.90591982 -14.277854
v 11.1656697 9.90591982 -14.277854
v 11.1692116 8.68276998 -13.9136246
v -12.3811453 8.25124366 12.1060547
v -12.7654458 10.2424041 12.1060547
v 12.8120813 10.2424041 12.1060547
v 12.4277809 8.25124366 12.1060547
v 12.4277809 8.25124366 11.047605
v 12.8120813 10.2424041 11.047605
v -12.7654458 10.2424041 11.047605
v -12.3811453 8.25124366 11.047605
v -12.3610743 8.13672095 11.991532
v 12.4171551 8.13672095 12.0009771
v 12.4077099 8.13672095 11.1621278
v -12.3610743 8.13672095 11.1621278
v 12.8280201 10.3592881 11.9933029
v -12.7807942 10.3592881 11.9921223
v -12.7807942 10.3592881 11.1609471
v 12.8274297 10.3592881 11.1609471
v -11.9502093 8.58536664 13.7843438
v -12.0653224 8.69752807 13.8026438
v -11.9490287 8.68395063 13.9153955
v -11.9519803 9.90414885 14.279625
v -12.0653224 9.91418435 14.1591991
v -11.9519803 10.032249 14.1839926
v 11.1692116 8.58536664 13.7843438
v 11.0540986 8.69752807 13.8026438
v 11.169802 8.68395063 13.9153955
v 11.1668504 9.90414885 14.279625
v 11.0540986 9.91418435 14.1591991
v 11.1668504 10.032249 14.1839926
v -9.63732273 -10.2152492 9.76778417
v 9.63614208 -10.2152492 9.76778417
v 9.63614208 -10.304388 9.67805504
v -9.63732273 -10.304388 9.67805504
v -9.66860986 -8.83153145 9.61607109
v -6.08593787 -6.1857025 6.03753136
v -5.99679905 -6.1857025 6.12667018
v -9.57533878 -8.83153145 9.70934217
v -9.57533878 -8.83153145 9.70934217
v 9.57415814 -8.83153145 9.70934217
v 9.63732273 -8.9442832 9.76778417
v -9.64027435 -8.94310255 9.76778417
v 9.63614208 -10.2152492 9.76778417
v -9.63732273 -10.2152492 9.76778417
v -9.57533878 -8.83153145 -9.62669691
v -6.08593787 -6.1857025 -5.95429578
v -9.66860986 -8.83153145 -9.53342583
v -5.99679905 -6.1857025 -6.04402492
v 9.57415814 -8.83153145 -9.62669691
v 5.99502808 -6.1857025 -6.04402492
v 9.66742922 -8.83153145 -9.53342583
v 6.08475722 -6.1857025 -5.95429578
v -9.6390937 -8.9442832 -9.68513892
v 9.57415814 -8.83153145 -9.62669691
v -9.57533878 -8.83153145 -9.62669691
v 9.6390937 -8.94310255 -9.68513892
v -9.63732273 -10.2152492 -9.68513892
v 9.63614208 -10.2152492 -9.68513892
v -9.63732273 -10.304388 -9.59540978
v 9.63614208 -10.304388 -9.59540978
v 9.63614208 -10.2152492 -9.68513892
v -9.63732273 -10.2152492 -9.68513892
v 9.57415814 -8.83153145 9.70934217
v 6.08475722 -6.1857025 6.03753136
v 9.66742922 -8.83153145 9.61607109
v 5.99502808 -6.1857025 6.12667018
v -9.57533878 -8.83153145 9.70934217
v -5.99679905 -6.1857025 6.12667018
v -9.63732273 -10.304388 -9.59540978
v -9.63732273 -10.304388 9.67805504
v 9.63614208 -10.304388 9.67805504
v 9.63614208 -10.304388 -9.59540978
v 9.66742922 -8.83153145 9.61607109
v 6.08475722 -6.1857025 6.03753136
v 6.08475722 -6.1857025 -5.95429578
v 9.66742922 -8.83153145 -9.53342583
v 9.72587122 -8.9442832 -9.59659042
v 9.72587122 -8.94310255 9.68100665
v 9.57415814 -8.83153145 9.70934217
v 9.63732273 -8.9442832 9.76778417
v 9.63614208 -10.2152492 9.76778417
v 9.6390937 -8.94310255 -9.68513892
v 9.57415814 -8.83153145 -9.62669691
v 9.72587122 -10.2152492 -9.59540978
v 9.63614208 -10.2152492 -9.68513892
v 9.63614208 -10.304388 -9.59540978
v 9.72587122 -10.2152492 9.67805504
v 9.63614208 -10.304388 9.67805504
v 9.63614208 -10.304388 -9.59540978
v -9.66860986 -8.83153145 -9.53342583
v -6.08593787 -6.1857025 -5.95429578
v -6.08593787 -6.1857025 6.03753136
v -9.66860986 -8.83153145 9.61607109
v -9.72705187 -8.9442832 9.67982601
v -9.72705187 -8.94310255 -9.59836139
v -9.57533878 -8.83153145 -9.62669691
v -9.6390937 -8.9442832 -9.68513892
v -9.63732273 -10.2152492 -9.68513892
v -9.64027435 -8.94310255 9.76778417
v -9.57533878 -8.83153145 9.70934217
v -9.72705187 -10.2152492 9.67805504
v -9.63732273 -10.2152492 9.76778417
v -9.63732273 -10.304388 9.67805504
v -9.72705187 -10.2152492 -9.59540978
v -9.63732273 -10.304388 -9.59540978
v 8.80437658 2.03691048 -7.10483585
v 8.76128298 1.99440721 -7.65855909
v 8.76128298 1.99440721 -7.10483585
v 8.76128298 2.03691048 -7.06233258
v 8.80437658 2.03691048 -7.65855909
v 8.76128298 2.03691048 -7.70106237
v 8.76128298 2.3822496 -7.70106237
v 8.80437658 2.3822496 -7.10483585
v 8.76128298 2.3822496 -7.06233258
v 8.76128298 2.4253432 -7.10483585
v 8.80437658 2.3822496 -7.65855909
v 8.76128298 2.4253432 -7.65855909
v -8.75301845 2.3822496 -7.65855909
v -8.70992485 2.03691048 -7.70106237
v -8.70992485 2.3822496 -7.70106237
v -8.70992485 2.4253432 -7.65855909
v -8.75301845 2.03691048 -7.65855909
v -8.70992485 1.99440721 -7.65855909
v -8.70992485 1.99440721 -7.10483585
v -8.75301845 2.03691048 -7.10483585
v -8.70992485 2.03691048 -7.06233258
v -8.70992485 2.3822496 -7.06233258
v -8.75301845 2.3822496 -7.10483585
v -8.70992485 2.4253432 -7.10483585
v 9.27250294 2.7677307 -7.10483585
v 9.22999967 2.72463711 -7.65855909
v 9.22999967 2.72463711 -7.10483585
v 9.22999967 2.7677307 -7.06233258
v 9.27250294 2.7677307 -7.65855909
v 9.22999967 2.7677307 -7.70106237
v 9.22999967 3.11306982 -7.70106237
v 9.27250294 3.11306982 -7.10483585
v 9.22999967 3.11306982 -7.06233258
v 9.22999967 3.1555731 -7.10483585
v 9.27250294 3.11306982 -7.65855909
v 9.22999967 3.1555731 -7.65855909
v -9.22114482 3.11306982 -7.65855909
v -9.17805122 2.7677307 -7.70106237
v -9.17805122 3.11306982 -7.70106237
v -9.17805122 3.1555731 -7.65855909
v -9.22114482 2.7677307 -7.65855909
v -9.17805122 2.72463711 -7.65855909
v -9.17805122 2.72463711 -7.10483585
v -9.22114482 2.7677307 -7.10483585
v -9.17805122 2.7677307 -7.06233258
v -9.17805122 3.11306982 -7.06233258
v -9.22114482 3.11306982 -7.10483585
v -9.17805122 3.1555731 -7.10483585
v 8.80437658 2.03691048 7.69043655
v 8.76128298 1.99440721 7.13730363
v 8.76128298 1.99440721 7.69043655
v 8.76128298 2.03691048 7.73353015
v 8.80437658 2.03691048 7.13730363
v 8.76128298 2.03691048 7.09421003
v 8.76128298 2.3822496 7.09421003
v 8.80437658 2.3822496 7.69043655
v 8.76128298 2.3822496 7.73353015
v 8.76128298 2.4253432 7.69043655
v 8.80437658 2.3822496 7.13730363
v 8.76128298 2.4253432 7.13730363
v -8.75301845 2.3822496 7.13730363
v -8.70992485 2.03691048 7.09421003
v -8.70992485 2.3822496 7.09421003
v -8.70992485 2.4253432 7.13730363
v -8.75301845 2.03691048 7.13730363
v -8.70992485 1.99440721 7.13730363
v -8.70992485 1.99440721 7.69043655
v -8.75301845 2.03691048 7.69043655
v -8.70992485 2.03691048 7.73353015
v -8.70992485 2.3822496 7.73353015
v -8.75301845 2.3822496 7.69043655
v -8.70992485 2.4253432 7.69043655
v 9.27250294 2.7677307 7.69043655
v 9.22999967 2.72463711 7.13730363
v 9.22999967 2.72463711 7.69043655
v 9.22999967 2.7677307 7.73353015
v 9.27250294 2.7677307 7.13730363
v 9.22999967 2.7677307 7.09421003
v 9.22999967 3.11306982 7.09421003
v 9.27250294 3.11306982 7.69043655
v 9.22999967 3.11306982 7.73353015
v 9.22999967 3.1555731 7.69043655
v 9.27250294 3.11306982 7.13730363
v 9.22999967 3.1555731 7.13730363
v -9.22114482 3.11306982 7.13730363
v -9.17805122 2.7677307 7.09421003
v -9.17805122 3.11306982 7.09421003
v -9.17805122 3.1555731 7.13730363
v -9.22114482 2.7677307 7.13730363
v -9.17805122 2.72463711 7.13730363
v -9.17805122 2.72463711 7.69043655
v -9.22114482 2.7677307 7.69043655
v -9.17805122 2.7677307 7.73353015
v -9.17805122 3.11306982 7.73353015
v -9.22114482 3.11306982 7.69043655
v -9.17805122 3.1555731 7.69043655
v -1.23761276 19.1993792 -14.7648708
v -0.812579997 15.5092684 -14.7152836
v -1.08826097 19.1946567 -14.9089096
v -1.10006743 19.3434181 -14.7684127
v -0.953667261 15.5074974 -14.5759673
v -0.801954178 15.3681811 -14.5671125
v -0.801954178 15.3681811 14.6125673
v -0.954257584 15.51222 14.6166996
v -0.812579997 15.5092684 14.7613288
v -1.08826097 19.1946567 14.9549548
v -1.23702244 19.193476 14.8038321
v -1.10006743 19.3434181 14.8138676
v -8.99564132 -10.6940014 8.93601867
v -8.89528636 -10.5936464 -8.85337341
v -8.89528636 -10.5936464 8.93601867
v -8.89528636 -10.6940014 9.03637363
v -8.99564132 -10.6940014 -8.85337341
v -8.89528636 -10.6940014 -8.95372837
v -8.89528636 -11.9933029 -8.95372837
v -8.99564132 -11.9933029 -8.85337341
v -8.89528636 -12.0936579 -8.85337341
v -8.89528636 -12.0936579 8.93601867
v -8.99564132 -11.9933029 8.93601867
v -8.89528636 -11.9933029 9.03637363
v -5.48853071 8.4956375 -10.5830206
v -5.36456282 7.06705516 -10.7069885
v -5.36456282 8.4956375 -10.7069885
v -5.36456282 8.61960539 -10.5830206
v -5.48853071 7.06705516 -10.5830206
v -5.36456282 6.94308727 -10.5830206
v -5.36456282 6.94308727 10.6656659
v -5.48853071 7.06705516 10.6656659
v -5.36456282 7.06705516 10.7896338
v -5.36456282 8.4956375 10.7896338
v -5.48853071 8.4956375 10.6656659
v -5.36456282 8.61960539 10.6656659
v 3.75947382 8.4956375 -10.5830206
v 3.88344171 7.06705516 -10.7069885
v 3.88344171 8.4956375 -10.7069885
v 3.88344171 8.61960539 -10.5830206
v 3.75947382 7.06705516 -10.5830206
v 3.88344171 6.94308727 -10.5830206
v 3.88344171 6.94308727 10.6656659
v 3.75947382 7.06705516 10.6656659
v 3.88344171 7.06705516 10.7896338
v 3.88344171 8.4956375 10.7896338
v 3.75947382 8.4956375 10.6656659
v 3.88344171 8.61960539 10.6656659
vt 0.313537407 0.718594507
vt 0.313537407 0.719568202
vt 0.313537407 0.718594507
vt 0.313537407 0.612461757
vt 0.313537407 0.612461757
vt 0.313537407 0.611488062
vt 0.313537407 0.718594507
vt 0.301853068 0.705936473
vt 0.230773336 0.705936473
vt 0.220062692 0.718594507
vt 0.230773336 0.626093487
vt 0.220062692 0.612461757
vt 0.301853068 0.626093487
vt 0.230773336 0.704962778
vt 0.231747031 0.705936473
vt 0.230773336 0.627067182
vt 0.231747031 0.626093487
vt 0.301853068 0.627067182
vt 0.300879373 0.626093487
vt 0.301853068 0.704962778
vt 0.300879373 0.705936473
vt 0.116851027 0.718594507
vt 0.116851027 0.718594507
vt 0.116851027 0.719568202
vt 0.116851027 0.718594507
vt 0.116851027 0.612461757
vt 0.116851027 0.612461757
vt 0.116851027 0.611488062
vt 0.129509061 0.626093487
vt 0.129509061 0.705936473
vt 0.200588793 0.626093487
vt 0.211299437 0.718594507
vt 0.211299437 0.612461757
vt 0.200588793 0.705936473
vt 0.172351639 0.993176483
vt 0.173325334 0.993176483
vt 0.173325334 0.992202788
vt 0.187930759 0.989281704
vt 0.187930759 0.990255398
vt 0.187930759 0.989281704
vt 0.181114894 0.992202788
vt 0.180141199 0.993176483
vt 0.181114894 0.993176483
vt 0.195720318 0.989281704
vt 0.194746623 0.989281704
vt 0.195720318 0.990255398
vt 0.727357762 0.471275989
vt 0.726384067 0.471275989
vt 0.727357762 0.472249684
vt 0.727357762 0.347616731
vt 0.727357762 0.347616731
vt 0.726384067 0.347616731
vt 0.727357762 0.347616731
vt 0.850043325 0.347616731
vt 0.849069631 0.347616731
vt 0.850043325 0.347616731
vt 0.202536183 0.989281704
vt 0.202536183 0.989281704
vt 0.203509878 0.990255398
vt 0.210325742 0.990255398
vt 0.210325742 0.989281704
vt 0.209352047 0.989281704
vt 0.217141607 0.990255398
vt 0.218115302 0.989281704
vt 0.217141607 0.989281704
vt 0.224931167 0.989281704
vt 0.224931167 0.989281704
vt 0.224931167 0.990255398
vt 0.102245603 0.491723583
vt 0.101271908 0.491723583
vt 0.102245603 0.492697278
vt 0.114903637 0.491723583
vt 0.114903637 0.491723583
vt 0.114903637 0.492697278
vt 0.45959165 0.472249684
vt 0.468354905 0.472249684
vt 0.468354905 0.472249684
vt 0.45959165 0.472249684
vt 0.490749888 0.346643036
vt 0.499513143 0.346643036
vt 0.499513143 0.346643036
vt 0.490749888 0.346643036
vt 0.490749888 0.472249684
vt 0.499513143 0.472249684
vt 0.499513143 0.472249684
vt 0.490749888 0.472249684
vt 0.45959165 0.346643036
vt 0.468354905 0.346643036
vt 0.468354905 0.346643036
vt 0.45959165 0.346643036
vt 0.515092262 0.346643036
vt 0.516065957 0.472249684
vt 0.516065957 0.346643036
vt 0.515092262 0.472249684
vt 0.515092262 0.472249684
vt 0.506329008 0.472249684
vt 0.506329008 0.472249684
vt 0.506329008 0.472249684
vt 0.506329008 0.346643036
vt 0.506329008 0.346643036
vt 0.515092262 0.346643036
vt 0.516065957 0.346643036
vt 0.506329008 0.346643036
vt 0.506329008 0.346643036
vt 0.522881822 0.473223379
vt 0.530671381 0.473223379
vt 0.530671381 0.473223379
vt 0.522881822 0.473223379
vt 0.55404006 0.347616731
vt 0.56182962 0.347616731
vt 0.56182962 0.346643036
vt 0.55404006 0.346643036
vt 0.55404006 0.473223379
vt 0.56182962 0.473223379
vt 0.56182962 0.473223379
vt 0.55404006 0.473223379
vt 0.522881822 0.347616731
vt 0.530671381 0.347616731
vt 0.530671381 0.346643036
vt 0.522881822 0.346643036
vt 0.577408739 0.347616731
vt 0.578382434 0.473223379
vt 0.578382434 0.347616731
vt 0.577408739 0.473223379
vt 0.577408739 0.473223379
vt 0.569619179 0.473223379
vt 0.569619179 0.473223379
vt 0.568645485 0.473223379
vt 0.568645485 0.347616731
vt 0.569619179 0.347616731
vt 0.577408739 0.346643036
vt 0.578382434 0.347616731
vt 0.569619179 0.346643036
vt 0.568645485 0.347616731
vt 0.794542713 0.977597364
vt 0.794542713 0.96883411
vt 0.786753154 0.96883411
vt 0.786753154 0.977597364
vt 0.772147729 0.963965635
vt 0.772147729 0.971755194
vt 0.780910984 0.971755194
vt 0.780910984 0.963965635
vt 0.45959165 0.346643036
vt 0.45959165 0.472249684
vt 0.468354905 0.472249684
vt 0.468354905 0.346643036
vt 0.499513143 0.472249684
vt 0.499513143 0.346643036
vt 0.490749888 0.346643036
vt 0.490749888 0.472249684
vt 0.76630556 0.972728889
vt 0.76630556 0.963965635
vt 0.758516 0.963965635
vt 0.758516 0.972728889
vt 0.743910576 0.963965635
vt 0.743910576 0.972728889
vt 0.75267383 0.972728889
vt 0.75267383 0.963965635
vt 0.522881822 0.347616731
vt 0.522881822 0.473223379
vt 0.530671381 0.473223379
vt 0.530671381 0.347616731
vt 0.56182962 0.473223379
vt 0.56182962 0.347616731
vt 0.55404006 0.347616731
vt 0.55404006 0.473223379
vt 0.297958288 0.825700952
vt 0.293089813 0.825700952
vt 0.293089813 0.917228277
vt 0.303800458 0.828622037
vt 0.307695238 0.832516816
vt 0.312563712 0.838358986
vt 0.315484797 0.845174851
vt 0.318405882 0.85296441
vt 0.320353272 0.861727665
vt 0.320353272 0.870490919
vt 0.320353272 0.880227869
vt 0.318405882 0.888991124
vt 0.315484797 0.896780683
vt 0.312563712 0.903596548
vt 0.307695238 0.909438718
vt 0.303800458 0.913333497
vt 0.297958288 0.916254582
vt 0.35540629 0.920149362
vt 0.35540629 0.828622037
vt 0.350537815 0.829595732
vt 0.344695646 0.831543121
vt 0.339827171 0.836411596
vt 0.335932391 0.842253766
vt 0.332037611 0.849069631
vt 0.330090221 0.85685919
vt 0.328142832 0.86464875
vt 0.328142832 0.875359394
vt 0.328142832 0.884122649
vt 0.330090221 0.891912208
vt 0.332037611 0.899701768
vt 0.335932391 0.907491328
vt 0.339827171 0.912359802
vt 0.344695646 0.917228277
vt 0.350537815 0.919175667
vt 0.385590834 0.940596956
vt 0.391433003 0.940596956
vt 0.391433003 0.916254582
vt 0.385590834 0.916254582
vt 0.366116935 0.924044142
vt 0.360274765 0.924044142
vt 0.360274765 0.949360211
vt 0.366116935 0.949360211
vt 0.354432595 0.924044142
vt 0.348590426 0.924044142
vt 0.348590426 0.949360211
vt 0.354432595 0.949360211
vt 0.324248052 0.949360211
vt 0.330090221 0.949360211
vt 0.330090221 0.924044142
vt 0.324248052 0.924044142
vt 0.318405882 0.921123057
vt 0.312563712 0.921123057
vt 0.312563712 0.946439126
vt 0.318405882 0.946439126
vt 0.318405882 0.946439126
vt 0.318405882 0.921123057
vt 0.305747848 0.921123057
vt 0.299905678 0.921123057
vt 0.299905678 0.946439126
vt 0.305747848 0.946439126
vt 0.275563304 0.946439126
vt 0.281405474 0.946439126
vt 0.281405474 0.921123057
vt 0.275563304 0.921123057
vt 0.268747439 0.921123057
vt 0.263878965 0.921123057
vt 0.263878965 0.946439126
vt 0.268747439 0.946439126
vt 0.269721134 0.946439126
vt 0.269721134 0.921123057
vt 0.2570631 0.921123057
vt 0.25122093 0.921123057
vt 0.25122093 0.946439126
vt 0.2570631 0.946439126
vt 0.226878557 0.946439126
vt 0.232720726 0.946439126
vt 0.232720726 0.921123057
vt 0.226878557 0.921123057
vt 0.220062692 0.921123057
vt 0.214220522 0.921123057
vt 0.214220522 0.946439126
vt 0.220062692 0.946439126
vt 0.221036387 0.946439126
vt 0.221036387 0.921123057
vt 0.189878148 0.946439126
vt 0.195720318 0.946439126
vt 0.195720318 0.921123057
vt 0.189878148 0.921123057
vt 0.171377944 0.925017837
vt 0.165535775 0.925017837
vt 0.165535775 0.950333905
vt 0.171377944 0.950333905
vt 0.141193401 0.9513076
vt 0.147035571 0.9513076
vt 0.147035571 0.925991532
vt 0.141193401 0.925991532
vt 0.121719502 0.925017837
vt 0.115877332 0.925017837
vt 0.115877332 0.950333905
vt 0.121719502 0.950333905
vt 0.0915349583 0.950333905
vt 0.097377128 0.950333905
vt 0.097377128 0.925991532
vt 0.0915349583 0.925991532
vt 0.0730347543 0.925991532
vt 0.0671925845 0.925991532
vt 0.0671925845 0.950333905
vt 0.0730347543 0.950333905
vt 0.0428502108 0.950333905
vt 0.0486923805 0.950333905
vt 0.0486923805 0.925991532
vt 0.0428502108 0.925991532
vt 0.0243500067 0.925991532
vt 0.018507837 0.925991532
vt 0.018507837 0.950333905
vt 0.0243500067 0.950333905
vt 0.0019550228 0.979544754
vt 0.00779719251 0.979544754
vt 0.00779719251 0.954228685
vt 0.0019550228 0.954228685
vt 0.0340869562 0.954228685
vt 0.0282447865 0.954228685
vt 0.0282447865 0.979544754
vt 0.0340869562 0.979544754
vt 0.0467449906 0.954228685
vt 0.0409028209 0.954228685
vt 0.0409028209 0.979544754
vt 0.0467449906 0.979544754
vt 0.0662188896 0.979544754
vt 0.0720610593 0.979544754
vt 0.0720610593 0.954228685
vt 0.0662188896 0.954228685
vt 0.0856927886 0.954228685
vt 0.0798506189 0.954228685
vt 0.0798506189 0.979544754
vt 0.0856927886 0.979544754
vt 0.0866664836 0.979544754
vt 0.0866664836 0.954228685
vt 0.098350823 0.954228685
vt 0.0925086533 0.954228685
vt 0.0925086533 0.979544754
vt 0.098350823 0.979544754
vt 0.118798417 0.979544754
vt 0.123666892 0.979544754
vt 0.123666892 0.954228685
vt 0.118798417 0.954228685
vt 0.138272316 0.954228685
vt 0.132430146 0.954228685
vt 0.132430146 0.979544754
vt 0.138272316 0.979544754
vt 0.139246011 0.979544754
vt 0.139246011 0.954228685
vt 0.15093035 0.954228685
vt 0.145088181 0.954228685
vt 0.145088181 0.979544754
vt 0.15093035 0.979544754
vt 0.171377944 0.978571059
vt 0.177220114 0.978571059
vt 0.177220114 0.954228685
vt 0.171377944 0.954228685
vt 0.189878148 0.950333905
vt 0.184035979 0.950333905
vt 0.184035979 0.975649974
vt 0.189878148 0.975649974
vt 0.190851843 0.975649974
vt 0.190851843 0.950333905
vt 0.209352047 0.975649974
vt 0.215194217 0.975649974
vt 0.215194217 0.950333905
vt 0.209352047 0.950333905
vt 0.241483981 0.950333905
vt 0.235641811 0.950333905
vt 0.235641811 0.975649974
vt 0.241483981 0.975649974
vt 0.26095788 0.975649974
vt 0.26680005 0.975649974
vt 0.26680005 0.950333905
vt 0.26095788 0.950333905
vt 0.293089813 0.950333905
vt 0.287247644 0.950333905
vt 0.287247644 0.974676279
vt 0.293089813 0.974676279
vt 0.312563712 0.974676279
vt 0.318405882 0.974676279
vt 0.318405882 0.949360211
vt 0.312563712 0.949360211
vt 0.344695646 0.95325499
vt 0.338853476 0.95325499
vt 0.338853476 0.977597364
vt 0.344695646 0.977597364
vt 0.36514324 0.977597364
vt 0.370985409 0.977597364
vt 0.370985409 0.95325499
vt 0.36514324 0.95325499
vt 0.397275173 0.944491736
vt 0.391433003 0.944491736
vt 0.391433003 0.969807805
vt 0.397275173 0.969807805
vt 0.404091038 0.916254582
vt 0.404091038 0.940596956
vt 0.404091038 0.916254582
vt 0.404091038 0.940596956
vt 0.398248868 0.940596956
vt 0.398248868 0.916254582
vt 0.397275173 0.916254582
vt 0.397275173 0.940596956
vt 0.378774969 0.916254582
vt 0.379748664 0.940596956
vt 0.379748664 0.916254582
vt 0.378774969 0.940596956
vt 0.372932799 0.940596956
vt 0.372932799 0.916254582
vt 0.371959104 0.916254582
vt 0.371959104 0.940596956
vt 0.311590017 0.921123057
vt 0.311590017 0.946439126
vt 0.312563712 0.946439126
vt 0.312563712 0.921123057
vt 0.342748256 0.924044142
vt 0.342748256 0.949360211
vt 0.342748256 0.924044142
vt 0.342748256 0.949360211
vt 0.336906086 0.949360211
vt 0.336906086 0.924044142
vt 0.335932391 0.924044142
vt 0.335932391 0.949360211
vt 0.26290527 0.921123057
vt 0.26290527 0.946439126
vt 0.263878965 0.946439126
vt 0.263878965 0.921123057
vt 0.293089813 0.921123057
vt 0.294063508 0.946439126
vt 0.294063508 0.921123057
vt 0.293089813 0.946439126
vt 0.288221339 0.946439126
vt 0.288221339 0.921123057
vt 0.287247644 0.921123057
vt 0.287247644 0.946439126
vt 0.214220522 0.921123057
vt 0.214220522 0.946439126
vt 0.214220522 0.946439126
vt 0.214220522 0.921123057
vt 0.244405066 0.921123057
vt 0.245378761 0.946439126
vt 0.245378761 0.921123057
vt 0.244405066 0.946439126
vt 0.238562896 0.946439126
vt 0.238562896 0.921123057
vt 0.238562896 0.921123057
vt 0.238562896 0.946439126
vt 0.207404658 0.921123057
vt 0.208378353 0.946439126
vt 0.208378353 0.921123057
vt 0.207404658 0.946439126
vt 0.201562488 0.946439126
vt 0.201562488 0.921123057
vt 0.201562488 0.921123057
vt 0.201562488 0.946439126
vt 0.183062284 0.921123057
vt 0.184035979 0.946439126
vt 0.184035979 0.921123057
vt 0.183062284 0.946439126
vt 0.177220114 0.946439126
vt 0.177220114 0.921123057
vt 0.177220114 0.921123057
vt 0.177220114 0.946439126
vt 0.15871991 0.925017837
vt 0.159693605 0.950333905
vt 0.159693605 0.925017837
vt 0.15871991 0.950333905
vt 0.15287774 0.950333905
vt 0.15287774 0.925017837
vt 0.15287774 0.925017837
vt 0.15287774 0.950333905
vt 0.134377536 0.925991532
vt 0.135351231 0.9513076
vt 0.135351231 0.925991532
vt 0.134377536 0.9513076
vt 0.128535366 0.9513076
vt 0.128535366 0.925991532
vt 0.128535366 0.925991532
vt 0.128535366 0.9513076
vt 0.109061467 0.925017837
vt 0.110035162 0.950333905
vt 0.110035162 0.925017837
vt 0.109061467 0.950333905
vt 0.103219298 0.950333905
vt 0.103219298 0.925017837
vt 0.103219298 0.925017837
vt 0.103219298 0.950333905
vt 0.0847190937 0.925991532
vt 0.0856927886 0.950333905
vt 0.0856927886 0.925991532
vt 0.0847190937 0.950333905
vt 0.078876924 0.950333905
vt 0.078876924 0.925991532
vt 0.078876924 0.925991532
vt 0.078876924 0.950333905
vt 0.0603767199 0.925991532
vt 0.0613504148 0.950333905
vt 0.0613504148 0.925991532
vt 0.0603767199 0.950333905
vt 0.0545345502 0.950333905
vt 0.0545345502 0.925991532
vt 0.0545345502 0.925991532
vt 0.0545345502 0.950333905
vt 0.0360343461 0.925991532
vt 0.0370080411 0.950333905
vt 0.0370080411 0.925991532
vt 0.0360343461 0.950333905
vt 0.0301921764 0.950333905
vt 0.0301921764 0.925991532
vt 0.0301921764 0.925991532
vt 0.0301921764 0.950333905
vt 0.0116919723 0.925991532
vt 0.0126656673 0.950333905
vt 0.0126656673 0.925991532
vt 0.0116919723 0.950333905
vt 0.00584980261 0.950333905
vt 0.00584980261 0.925991532
vt 0.00487610766 0.925991532
vt 0.00487610766 0.950333905
vt 0.0214289218 0.954228685
vt 0.0224026168 0.979544754
vt 0.0224026168 0.954228685
vt 0.0214289218 0.979544754
vt 0.0155867521 0.979544754
vt 0.0155867521 0.954228685
vt 0.0146130572 0.954228685
vt 0.0146130572 0.979544754
vt 0.0798506189 0.954228685
vt 0.0798506189 0.979544754
vt 0.0798506189 0.979544754
vt 0.0798506189 0.954228685
vt 0.0603767199 0.954228685
vt 0.0603767199 0.979544754
vt 0.0603767199 0.954228685
vt 0.0603767199 0.979544754
vt 0.0545345502 0.979544754
vt 0.0545345502 0.954228685
vt 0.0535608552 0.954228685
vt 0.0535608552 0.979544754
vt 0.132430146 0.954228685
vt 0.132430146 0.979544754
vt 0.132430146 0.979544754
vt 0.132430146 0.954228685
vt 0.111982552 0.954228685
vt 0.111982552 0.978571059
vt 0.111982552 0.954228685
vt 0.111982552 0.978571059
vt 0.106140383 0.978571059
vt 0.106140383 0.954228685
vt 0.105166688 0.954228685
vt 0.105166688 0.978571059
vt 0.184035979 0.950333905
vt 0.184035979 0.975649974
vt 0.184035979 0.975649974
vt 0.184035979 0.950333905
vt 0.16456208 0.954228685
vt 0.16456208 0.978571059
vt 0.16456208 0.954228685
vt 0.16456208 0.978571059
vt 0.15871991 0.978571059
vt 0.15871991 0.954228685
vt 0.157746215 0.954228685
vt 0.157746215 0.978571059
vt 0.203509878 0.950333905
vt 0.203509878 0.975649974
vt 0.203509878 0.950333905
vt 0.203509878 0.975649974
vt 0.197667708 0.975649974
vt 0.197667708 0.950333905
vt 0.196694013 0.950333905
vt 0.196694013 0.975649974
vt 0.228825946 0.950333905
vt 0.229799641 0.975649974
vt 0.229799641 0.950333905
vt 0.228825946 0.975649974
vt 0.222983777 0.975649974
vt 0.222983777 0.950333905
vt 0.222983777 0.950333905
vt 0.222983777 0.975649974
vt 0.25511571 0.950333905
vt 0.25511571 0.975649974
vt 0.25511571 0.950333905
vt 0.25511571 0.975649974
vt 0.24927354 0.975649974
vt 0.24927354 0.950333905
vt 0.248299846 0.950333905
vt 0.248299846 0.975649974
vt 0.280431779 0.950333905
vt 0.281405474 0.974676279
vt 0.281405474 0.950333905
vt 0.280431779 0.974676279
vt 0.274589609 0.974676279
vt 0.274589609 0.950333905
vt 0.274589609 0.950333905
vt 0.274589609 0.974676279
vt 0.306721543 0.949360211
vt 0.306721543 0.974676279
vt 0.306721543 0.949360211
vt 0.306721543 0.974676279
vt 0.300879373 0.974676279
vt 0.300879373 0.949360211
vt 0.299905678 0.949360211
vt 0.299905678 0.974676279
vt 0.332037611 0.95325499
vt 0.333011306 0.977597364
vt 0.333011306 0.95325499
vt 0.332037611 0.977597364
vt 0.326195442 0.977597364
vt 0.326195442 0.95325499
vt 0.326195442 0.95325499
vt 0.326195442 0.977597364
vt 0.358327375 0.95325499
vt 0.358327375 0.977597364
vt 0.358327375 0.95325499
vt 0.358327375 0.977597364
vt 0.352485205 0.977597364
vt 0.352485205 0.95325499
vt 0.35151151 0.95325499
vt 0.35151151 0.977597364
vt 0.384617139 0.944491736
vt 0.385590834 0.969807805
vt 0.385590834 0.944491736
vt 0.384617139 0.969807805
vt 0.378774969 0.969807805
vt 0.378774969 0.944491736
vt 0.378774969 0.944491736
vt 0.378774969 0.969807805
vt 0.794542713 0.593961553
vt 0.899701768 0.593961553
vt 0.899701768 0.592987858
vt 0.794542713 0.592987858
vt 0.844201156 0.808174443
vt 0.948386516 0.808174443
vt 0.948386516 0.807200748
vt 0.844201156 0.807200748
vt 0.844201156 0.703015388
vt 0.948386516 0.703015388
vt 0.948386516 0.703015388
vt 0.844201156 0.703015388
vt 0.794542713 0.699120608
vt 0.899701768 0.699120608
vt 0.899701768 0.698146913
vt 0.794542713 0.698146913
vt 0.837385291 0.703015388
vt 0.838358986 0.807200748
vt 0.838358986 0.703015388
vt 0.837385291 0.807200748
vt 0.837385291 0.808174443
vt 0.829595732 0.808174443
vt 0.829595732 0.807200748
vt 0.829595732 0.807200748
vt 0.829595732 0.703015388
vt 0.829595732 0.703015388
vt 0.837385291 0.703015388
vt 0.838358986 0.703015388
vt 0.829595732 0.703015388
vt 0.829595732 0.703015388
vt 0.815964002 0.806227053
vt 0.823753562 0.806227053
vt 0.823753562 0.703015388
vt 0.815964002 0.703015388
vt 0.810121832 0.703015388
vt 0.802332273 0.703015388
vt 0.802332273 0.806227053
vt 0.810121832 0.806227053
vt 0.794542713 0.698146913
vt 0.899701768 0.698146913
vt 0.899701768 0.593961553
vt 0.794542713 0.593961553
vt 0.948386516 0.703015388
vt 0.844201156 0.703015388
vt 0.844201156 0.807200748
vt 0.948386516 0.807200748
vt 0.645567386 0.945465431
vt 0.645567386 0.945465431
vt 0.645567386 0.946439126
vt 0.645567386 0.946439126
vt 0.648488471 0.945465431
vt 0.645567386 0.958123465
vt 0.645567386 0.958123465
vt 0.645567386 0.958123465
vt 0.645567386 0.958123465
vt 0.648488471 0.958123465
vt 0.648488471 0.958123465
vt 0.648488471 0.946439126
vt 0.649462165 0.958123465
vt 0.649462165 0.958123465
vt 0.649462165 0.946439126
vt 0.649462165 0.945465431
vt 0.129509061 0.805253358
vt 0.129509061 0.805253358
vt 0.129509061 0.805253358
vt 0.129509061 0.805253358
vt 0.116851027 0.805253358
vt 0.129509061 0.740015796
vt 0.129509061 0.740015796
vt 0.116851027 0.805253358
vt 0.129509061 0.740015796
vt 0.129509061 0.740015796
vt 0.116851027 0.740015796
vt 0.116851027 0.740015796
vt 0.115877332 0.740015796
vt 0.115877332 0.739042101
vt 0.115877332 0.805253358
vt 0.115877332 0.805253358
vt 0.115877332 0.805253358
vt 0.115877332 0.739042101
vt 0.115877332 0.739042101
vt 0.115877332 0.805253358
vt 0.0506397704 0.805253358
vt 0.115877332 0.740015796
vt 0.0506397704 0.740015796
vt 0.0506397704 0.805253358
vt 0.0496660754 0.805253358
vt 0.0496660754 0.805253358
vt 0.0496660754 0.805253358
vt 0.0496660754 0.740015796
vt 0.0506397704 0.739042101
vt 0.115877332 0.739042101
vt 0.0496660754 0.805253358
vt 0.037981736 0.805253358
vt 0.0496660754 0.740015796
vt 0.037981736 0.805253358
vt 0.0370080411 0.805253358
vt 0.0370080411 0.805253358
vt 0.0370080411 0.740015796
vt 0.037981736 0.740015796
vt 0.037981736 0.740015796
vt 0.0370080411 0.740015796
vt 0.0496660754 0.740015796
vt 0.0496660754 0.739042101
vt 0.0506397704 0.739042101
vt 0.0506397704 0.739042101
vt 0.0506397704 0.724436677
vt 0.0506397704 0.724436677
vt 0.0506397704 0.724436677
vt 0.0506397704 0.724436677
vt 0.115877332 0.724436677
vt 0.115877332 0.724436677
vt 0.115877332 0.724436677
vt 0.115877332 0.724436677
vt 0.886070039 0.877306784
vt 0.886070039 0.878280479
vt 0.887043734 0.878280479
vt 0.887043734 0.877306784
vt 0.886070039 0.812069222
vt 0.889964818 0.877306784
vt 0.889964818 0.878280479
vt 0.887043734 0.812069222
vt 0.889964818 0.877306784
vt 0.889964818 0.878280479
vt 0.889964818 0.812069222
vt 0.889964818 0.812069222
vt 0.889964818 0.811095527
vt 0.889964818 0.812069222
vt 0.887043734 0.811095527
vt 0.886070039 0.812069222
vt 0.0934823482 0.840306376
vt 0.0934823482 0.840306376
vt 0.0925086533 0.840306376
vt 0.0925086533 0.840306376
vt 0.0934823482 0.906517633
vt 0.0808243139 0.840306376
vt 0.0808243139 0.840306376
vt 0.0808243139 0.840306376
vt 0.0808243139 0.839332681
vt 0.0798506189 0.839332681
vt 0.0808243139 0.906517633
vt 0.0925086533 0.906517633
vt 0.0925086533 0.906517633
vt 0.0934823482 0.906517633
vt 0.0808243139 0.906517633
vt 0.0808243139 0.906517633
vt 0.0808243139 0.906517633
vt 0.0798506189 0.840306376
vt 0.0798506189 0.906517633
vt 0.0808243139 0.907491328
vt 0.0155867521 0.840306376
vt 0.0155867521 0.839332681
vt 0.0798506189 0.906517633
vt 0.0146130572 0.840306376
vt 0.0146130572 0.839332681
vt 0.0136393622 0.840306376
vt 0.0155867521 0.906517633
vt 0.0155867521 0.906517633
vt 0.0798506189 0.907491328
vt 0.0808243139 0.921123057
vt 0.0146130572 0.906517633
vt 0.0146130572 0.840306376
vt 0.0155867521 0.907491328
vt 0.0798506189 0.921123057
vt 0.0798506189 0.922096752
vt 0.0808243139 0.922096752
vt 0.0155867521 0.922096752
vt 0.0155867521 0.921123057
vt 0.0146130572 0.921123057
vt 0.0146130572 0.922096752
vt 0.0146130572 0.907491328
vt 0.0146130572 0.906517633
vt 0.0136393622 0.906517633
vt 0.0146130572 0.906517633
vt 0.0019550228 0.906517633
vt 0.0019550228 0.906517633
vt 0.0019550228 0.906517633
vt 0.0019550228 0.906517633
vt 0.0019550228 0.840306376
vt 0.0019550228 0.840306376
vt 0.0019550228 0.840306376
vt 0.0019550228 0.840306376
vt 0.65627803 0.958123465
vt 0.65627803 0.958123465
vt 0.657251725 0.958123465
vt 0.657251725 0.958123465
vt 0.65627803 0.946439126
vt 0.66017281 0.958123465
vt 0.66017281 0.958123465
vt 0.657251725 0.946439126
vt 0.66017281 0.958123465
vt 0.66017281 0.958123465
vt 0.66017281 0.946439126
vt 0.66017281 0.946439126
vt 0.66017281 0.945465431
vt 0.66017281 0.945465431
vt 0.657251725 0.945465431
vt 0.65627803 0.945465431
vt 0.897754378 0.811095527
vt 0.897754378 0.812069222
vt 0.896780683 0.812069222
vt 0.897754378 0.812069222
vt 0.900675463 0.811095527
vt 0.897754378 0.877306784
vt 0.896780683 0.877306784
vt 0.897754378 0.878280479
vt 0.897754378 0.878280479
vt 0.900675463 0.877306784
vt 0.900675463 0.878280479
vt 0.900675463 0.812069222
vt 0.900675463 0.877306784
vt 0.900675463 0.878280479
vt 0.900675463 0.812069222
vt 0.900675463 0.812069222
vt 0.666988675 0.958123465
vt 0.66796237 0.958123465
vt 0.66796237 0.958123465
vt 0.66796237 0.958123465
vt 0.666988675 0.946439126
vt 0.670883454 0.958123465
vt 0.670883454 0.958123465
vt 0.66796237 0.946439126
vt 0.671857149 0.958123465
vt 0.670883454 0.958123465
vt 0.670883454 0.946439126
vt 0.671857149 0.946439126
vt 0.670883454 0.945465431
vt 0.671857149 0.945465431
vt 0.66796237 0.945465431
vt 0.666988675 0.945465431
vt 0.682567794 0.946439126
vt 0.682567794 0.945465431
vt 0.681594099 0.945465431
vt 0.681594099 0.946439126
vt 0.682567794 0.958123465
vt 0.678673014 0.946439126
vt 0.678673014 0.945465431
vt 0.681594099 0.958123465
vt 0.678673014 0.946439126
vt 0.678673014 0.945465431
vt 0.678673014 0.958123465
vt 0.678673014 0.958123465
vt 0.678673014 0.958123465
vt 0.678673014 0.958123465
vt 0.681594099 0.958123465
vt 0.682567794 0.958123465
vt 0.55209267 0.977597364
vt 0.55209267 0.978571059
vt 0.55209267 0.977597364
vt 0.55209267 0.977597364
vt 0.549171586 0.977597364
vt 0.55209267 0.96299194
vt 0.55209267 0.96299194
vt 0.55209267 0.96299194
vt 0.55209267 0.96299194
vt 0.549171586 0.96299194
vt 0.549171586 0.96299194
vt 0.549171586 0.977597364
vt 0.548197891 0.96299194
vt 0.548197891 0.96299194
vt 0.548197891 0.977597364
vt 0.548197891 0.978571059
vt 0.0146130572 0.839332681
vt 0.0146130572 0.839332681
vt 0.0155867521 0.839332681
vt 0.0155867521 0.839332681
vt 0.0146130572 0.824727257
vt 0.0798506189 0.839332681
vt 0.0798506189 0.839332681
vt 0.0155867521 0.824727257
vt 0.0808243139 0.839332681
vt 0.0808243139 0.839332681
vt 0.0798506189 0.824727257
vt 0.0808243139 0.824727257
vt 0.0798506189 0.824727257
vt 0.0808243139 0.824727257
vt 0.0155867521 0.824727257
vt 0.0146130572 0.824727257
vt 0.56377701 0.963965635
vt 0.56377701 0.96299194
vt 0.562803315 0.96299194
vt 0.562803315 0.963965635
vt 0.56377701 0.977597364
vt 0.55988223 0.963965635
vt 0.55988223 0.96299194
vt 0.562803315 0.977597364
vt 0.55988223 0.963965635
vt 0.55988223 0.96299194
vt 0.55988223 0.977597364
vt 0.55988223 0.977597364
vt 0.55988223 0.978571059
vt 0.55988223 0.978571059
vt 0.562803315 0.978571059
vt 0.56377701 0.978571059
vt 0.574487654 0.977597364
vt 0.574487654 0.978571059
vt 0.574487654 0.977597364
vt 0.574487654 0.977597364
vt 0.570592874 0.977597364
vt 0.574487654 0.96299194
vt 0.574487654 0.96299194
vt 0.574487654 0.96299194
vt 0.574487654 0.96299194
vt 0.570592874 0.96299194
vt 0.570592874 0.96299194
vt 0.570592874 0.977597364
vt 0.570592874 0.96299194
vt 0.570592874 0.96299194
vt 0.570592874 0.977597364
vt 0.570592874 0.978571059
vt 0.585198299 0.963965635
vt 0.585198299 0.96299194
vt 0.585198299 0.96299194
vt 0.585198299 0.963965635
vt 0.585198299 0.977597364
vt 0.582277214 0.963965635
vt 0.582277214 0.96299194
vt 0.585198299 0.977597364
vt 0.581303519 0.963965635
vt 0.581303519 0.96299194
vt 0.582277214 0.977597364
vt 0.581303519 0.977597364
vt 0.582277214 0.978571059
vt 0.581303519 0.978571059
vt 0.585198299 0.978571059
vt 0.585198299 0.978571059
vt 0.0506397704 0.805253358
vt 0.0496660754 0.805253358
vt 0.0506397704 0.806227053
vt 0.0506397704 0.806227053
vt 0.115877332 0.805253358
vt 0.0506397704 0.819858782
vt 0.0506397704 0.819858782
vt 0.0506397704 0.820832477
vt 0.0506397704 0.820832477
vt 0.115877332 0.819858782
vt 0.115877332 0.820832477
vt 0.115877332 0.806227053
vt 0.115877332 0.819858782
vt 0.115877332 0.820832477
vt 0.115877332 0.806227053
vt 0.115877332 0.805253358
vt 0.911386107 0.878280479
vt 0.912359802 0.878280479
vt 0.912359802 0.877306784
vt 0.911386107 0.877306784
vt 0.908465023 0.878280479
vt 0.911386107 0.812069222
vt 0.912359802 0.812069222
vt 0.908465023 0.877306784
vt 0.911386107 0.811095527
vt 0.912359802 0.812069222
vt 0.908465023 0.812069222
vt 0.908465023 0.811095527
vt 0.908465023 0.812069222
vt 0.908465023 0.812069222
vt 0.908465023 0.877306784
vt 0.908465023 0.878280479
vt 0.923070447 0.878280479
vt 0.923070447 0.878280479
vt 0.923070447 0.877306784
vt 0.923070447 0.877306784
vt 0.920149362 0.878280479
vt 0.923070447 0.812069222
vt 0.923070447 0.812069222
vt 0.920149362 0.877306784
vt 0.923070447 0.811095527
vt 0.923070447 0.812069222
vt 0.920149362 0.812069222
vt 0.920149362 0.811095527
vt 0.919175667 0.812069222
vt 0.919175667 0.812069222
vt 0.919175667 0.877306784
vt 0.919175667 0.878280479
vt 0.100298213 0.921123057
vt 0.100298213 0.824727257
vt 0.100298213 0.921123057
vt 0.100298213 0.824727257
vt 0.105166688 0.921123057
vt 0.105166688 0.824727257
vt 0.105166688 0.921123057
vt 0.105166688 0.824727257
vt 0.105166688 0.824727257
vt 0.105166688 0.824727257
vt 0.100298213 0.824727257
vt 0.100298213 0.824727257
vt 0.416749072 0.611488062
vt 0.416749072 0.719568202
vt 0.417722767 0.719568202
vt 0.417722767 0.611488062
vt 0.424538632 0.611488062
vt 0.424538632 0.718594507
vt 0.425512327 0.718594507
vt 0.425512327 0.611488062
vt 0.117824722 0.824727257
vt 0.117824722 0.921123057
vt 0.117824722 0.824727257
vt 0.117824722 0.921123057
vt 0.117824722 0.921123057
vt 0.112956247 0.921123057
vt 0.112956247 0.921123057
vt 0.112956247 0.921123057
vt 0.112956247 0.824727257
vt 0.112956247 0.824727257
vt 0.117824722 0.824727257
vt 0.117824722 0.824727257
vt 0.112956247 0.824727257
vt 0.112956247 0.824727257
vt 0.520934432 0.718594507
vt 0.520934432 0.611488062
vt 0.519960737 0.611488062
vt 0.519960737 0.718594507
vt 0.425512327 0.611488062
vt 0.425512327 0.718594507
vt 0.321326967 0.719568202
vt 0.320353272 0.611488062
vt 0.320353272 0.719568202
vt 0.321326967 0.611488062
vt 0.416749072 0.719568202
vt 0.416749072 0.611488062
vt 0.602724808 0.979544754
vt 0.597856333 0.980518449
vt 0.602724808 0.980518449
vt 0.597856333 0.979544754
vt 0.597856333 0.980518449
vt 0.597856333 0.980518449
vt 0.597856333 0.985386924
vt 0.597856333 0.985386924
vt 0.602724808 0.985386924
vt 0.602724808 0.980518449
vt 0.597856333 0.985386924
vt 0.597856333 0.986360619
vt 0.602724808 0.985386924
vt 0.602724808 0.986360619
vt 0.602724808 0.985386924
vt 0.603698503 0.985386924
vt 0.602724808 0.980518449
vt 0.603698503 0.980518449
vt 0.602724808 0.979544754
vt 0.258036795 0.607593283
vt 0.258036795 0.495618363
vt 0.258036795 0.607593283
vt 0.258036795 0.495618363
vt 0.263878965 0.495618363
vt 0.263878965 0.607593283
vt 0.263878965 0.607593283
vt 0.263878965 0.495618363
vt 0.591040468 0.988308009
vt 0.586171994 0.988308009
vt 0.586171994 0.988308009
vt 0.591040468 0.988308009
vt 0.586171994 0.988308009
vt 0.586171994 0.988308009
vt 0.586171994 0.982465839
vt 0.586171994 0.982465839
vt 0.591040468 0.988308009
vt 0.591040468 0.982465839
vt 0.586171994 0.982465839
vt 0.586171994 0.982465839
vt 0.591040468 0.982465839
vt 0.591040468 0.982465839
vt 0.591040468 0.982465839
vt 0.592014163 0.982465839
vt 0.592014163 0.988308009
vt 0.591040468 0.988308009
vt 0.591040468 0.988308009
vt 0.245378761 0.495618363
vt 0.245378761 0.607593283
vt 0.245378761 0.607593283
vt 0.245378761 0.495618363
vt 0.25122093 0.495618363
vt 0.25122093 0.607593283
vt 0.252194625 0.607593283
vt 0.252194625 0.495618363
vt 0.796490103 0.805253358
vt 0.791621628 0.806227053
vt 0.796490103 0.806227053
vt 0.791621628 0.805253358
vt 0.796490103 0.703989083
vt 0.791621628 0.703989083
vt 0.796490103 0.703015388
vt 0.791621628 0.703015388
vt 0.790647933 0.703989083
vt 0.791621628 0.703015388
vt 0.790647933 0.805253358
vt 0.791621628 0.806227053
vt 0.784805764 0.703015388
vt 0.779937289 0.703015388
vt 0.779937289 0.703989083
vt 0.784805764 0.703989083
vt 0.779937289 0.805253358
vt 0.784805764 0.805253358
vt 0.779937289 0.806227053
vt 0.784805764 0.806227053
vt 0.773121424 0.806227053
vt 0.76825295 0.806227053
vt 0.773121424 0.806227053
vt 0.76825295 0.806227053
vt 0.767279255 0.806227053
vt 0.767279255 0.703989083
vt 0.76825295 0.703989083
vt 0.76825295 0.703989083
vt 0.773121424 0.703989083
vt 0.773121424 0.703989083
vt 0.774095119 0.806227053
vt 0.773121424 0.806227053
vt 0.774095119 0.703989083
vt 0.773121424 0.703989083
vt 0.75656861 0.703989083
vt 0.761437085 0.703989083
vt 0.75656861 0.703989083
vt 0.761437085 0.703989083
vt 0.75656861 0.806227053
vt 0.761437085 0.806227053
vt 0.75656861 0.806227053
vt 0.761437085 0.806227053
vt 0.127561672 0.921123057
vt 0.125614282 0.825700952
vt 0.125614282 0.921123057
vt 0.127561672 0.825700952
vt 0.129509061 0.921123057
vt 0.129509061 0.825700952
vt 0.130482756 0.921123057
vt 0.130482756 0.825700952
vt 0.129509061 0.825700952
vt 0.130482756 0.825700952
vt 0.127561672 0.825700952
vt 0.125614282 0.825700952
vt 0.623172402 0.593961553
vt 0.623172402 0.701067998
vt 0.625119792 0.701067998
vt 0.625119792 0.593961553
vt 0.631935656 0.592987858
vt 0.631935656 0.700094303
vt 0.632909351 0.700094303
vt 0.632909351 0.592987858
vt 0.141193401 0.825700952
vt 0.141193401 0.921123057
vt 0.141193401 0.825700952
vt 0.141193401 0.921123057
vt 0.141193401 0.922096752
vt 0.138272316 0.922096752
vt 0.138272316 0.921123057
vt 0.137298621 0.921123057
vt 0.137298621 0.825700952
vt 0.138272316 0.825700952
vt 0.141193401 0.825700952
vt 0.141193401 0.825700952
vt 0.138272316 0.825700952
vt 0.137298621 0.825700952
vt 0.728331457 0.700094303
vt 0.728331457 0.592987858
vt 0.727357762 0.592987858
vt 0.727357762 0.700094303
vt 0.632909351 0.592987858
vt 0.632909351 0.700094303
vt 0.528723992 0.701067998
vt 0.527750297 0.593961553
vt 0.527750297 0.701067998
vt 0.528723992 0.593961553
vt 0.623172402 0.701067998
vt 0.623172402 0.593961553
vt 0.579356129 0.982465839
vt 0.574487654 0.982465839
vt 0.579356129 0.982465839
vt 0.574487654 0.982465839
vt 0.574487654 0.982465839
vt 0.573513959 0.982465839
vt 0.574487654 0.988308009
vt 0.573513959 0.988308009
vt 0.579356129 0.988308009
vt 0.579356129 0.982465839
vt 0.574487654 0.988308009
vt 0.574487654 0.988308009
vt 0.579356129 0.988308009
vt 0.579356129 0.988308009
vt 0.579356129 0.988308009
vt 0.580329824 0.988308009
vt 0.579356129 0.982465839
vt 0.580329824 0.982465839
vt 0.579356129 0.982465839
vt 0.233694421 0.607593283
vt 0.232720726 0.495618363
vt 0.232720726 0.607593283
vt 0.233694421 0.495618363
vt 0.238562896 0.495618363
vt 0.238562896 0.607593283
vt 0.239536591 0.607593283
vt 0.239536591 0.495618363
vt 0.56767179 0.988308009
vt 0.562803315 0.988308009
vt 0.562803315 0.988308009
vt 0.56767179 0.988308009
vt 0.562803315 0.988308009
vt 0.56182962 0.988308009
vt 0.56182962 0.982465839
vt 0.562803315 0.982465839
vt 0.56767179 0.988308009
vt 0.56767179 0.982465839
vt 0.562803315 0.982465839
vt 0.562803315 0.982465839
vt 0.56767179 0.982465839
vt 0.56767179 0.982465839
vt 0.56767179 0.982465839
vt 0.568645485 0.982465839
vt 0.568645485 0.988308009
vt 0.56767179 0.988308009
vt 0.56767179 0.988308009
vt 0.220062692 0.495618363
vt 0.220062692 0.607593283
vt 0.221036387 0.607593283
vt 0.221036387 0.495618363
vt 0.226878557 0.495618363
vt 0.226878557 0.607593283
vt 0.226878557 0.607593283
vt 0.226878557 0.495618363
vt 0.749752745 0.806227053
vt 0.744884271 0.806227053
vt 0.749752745 0.806227053
vt 0.744884271 0.806227053
vt 0.749752745 0.703989083
vt 0.744884271 0.703989083
vt 0.749752745 0.703989083
vt 0.744884271 0.703989083
vt 0.744884271 0.703989083
vt 0.744884271 0.703989083
vt 0.744884271 0.806227053
vt 0.744884271 0.806227053
vt 0.739042101 0.703989083
vt 0.733199931 0.703989083
vt 0.733199931 0.703989083
vt 0.739042101 0.703989083
vt 0.733199931 0.806227053
vt 0.739042101 0.806227053
vt 0.733199931 0.806227053
vt 0.739042101 0.806227053
vt 0.726384067 0.806227053
vt 0.721515592 0.806227053
vt 0.726384067 0.806227053
vt 0.721515592 0.806227053
vt 0.721515592 0.806227053
vt 0.721515592 0.703989083
vt 0.721515592 0.703989083
vt 0.721515592 0.703989083
vt 0.726384067 0.703989083
vt 0.726384067 0.703989083
vt 0.727357762 0.806227053
vt 0.726384067 0.806227053
vt 0.727357762 0.703989083
vt 0.726384067 0.703989083
vt 0.709831252 0.703989083
vt 0.715673422 0.703989083
vt 0.709831252 0.703989083
vt 0.715673422 0.703989083
vt 0.709831252 0.806227053
vt 0.715673422 0.806227053
vt 0.709831252 0.806227053
vt 0.715673422 0.806227053
vt 0.736121016 0.592987858
vt 0.736121016 0.700094303
vt 0.740015796 0.700094303
vt 0.740015796 0.592987858
vt 0.75072644 0.700094303
vt 0.75072644 0.592987858
vt 0.746831661 0.592987858
vt 0.746831661 0.700094303
vt 0.209352047 0.607593283
vt 0.214220522 0.607593283
vt 0.214220522 0.495618363
vt 0.209352047 0.495618363
vt 0.198641403 0.607593283
vt 0.203509878 0.607593283
vt 0.203509878 0.495618363
vt 0.198641403 0.495618363
vt 0.0272710915 0.988308009
vt 0.0272710915 0.983439534
vt 0.0214289218 0.983439534
vt 0.0214289218 0.988308009
vt 0.0155867521 0.988308009
vt 0.0155867521 0.983439534
vt 0.0107182774 0.983439534
vt 0.0107182774 0.988308009
vt 0.757542305 0.592987858
vt 0.757542305 0.700094303
vt 0.76046339 0.700094303
vt 0.76046339 0.592987858
vt 0.769226645 0.700094303
vt 0.769226645 0.592987858
vt 0.767279255 0.592987858
vt 0.767279255 0.700094303
vt 0.187930759 0.607593283
vt 0.192799233 0.607593283
vt 0.192799233 0.495618363
vt 0.187930759 0.495618363
vt 0.177220114 0.607593283
vt 0.182088589 0.607593283
vt 0.182088589 0.495618363
vt 0.177220114 0.495618363
vt 0.00682349756 0.998044958
vt 0.00682349756 0.992202788
vt 0.0019550228 0.992202788
vt 0.0019550228 0.998044958
vt 0.018507837 0.998044958
vt 0.018507837 0.992202788
vt 0.0126656673 0.992202788
vt 0.0126656673 0.998044958
vt 0.100298213 0.921123057
vt 0.100298213 0.921123057
vt 0.100298213 0.921123057
vt 0.105166688 0.921123057
vt 0.105166688 0.921123057
vt 0.105166688 0.921123057
vt 0.796490103 0.805253358
vt 0.796490103 0.806227053
vt 0.796490103 0.805253358
vt 0.796490103 0.703989083
vt 0.796490103 0.703989083
vt 0.796490103 0.703015388
vt 0.127561672 0.921123057
vt 0.125614282 0.921123057
vt 0.127561672 0.922096752
vt 0.129509061 0.921123057
vt 0.129509061 0.922096752
vt 0.130482756 0.921123057
vt 0.749752745 0.806227053
vt 0.749752745 0.806227053
vt 0.75072644 0.806227053
vt 0.749752745 0.703989083
vt 0.75072644 0.703989083
vt 0.749752745 0.703989083
vt 0.456670565 0.722489287
vt 0.456670565 0.824727257
vt 0.487828804 0.824727257
vt 0.487828804 0.722489287
vt 0.450828395 0.824727257
vt 0.450828395 0.723462982
vt 0.420643852 0.723462982
vt 0.420643852 0.824727257
vt 0.383643444 0.723462982
vt 0.383643444 0.824727257
vt 0.414801682 0.824727257
vt 0.414801682 0.723462982
vt 0.346643036 0.723462982
vt 0.346643036 0.824727257
vt 0.377801274 0.824727257
vt 0.377801274 0.723462982
vt 0.14898296 0.921123057
vt 0.14898296 0.825700952
vt 0.14898296 0.920149362
vt 0.14898296 0.825700952
vt 0.151904045 0.921123057
vt 0.151904045 0.825700952
vt 0.151904045 0.920149362
vt 0.151904045 0.825700952
vt 0.151904045 0.825700952
vt 0.14898296 0.825700952
vt 0.14898296 0.921123057
vt 0.151904045 0.921123057
vt 0.151904045 0.921123057
vt 0.14898296 0.921123057
vt 0.16261469 0.825700952
vt 0.163588385 0.920149362
vt 0.163588385 0.825700952
vt 0.16261469 0.921123057
vt 0.1606673 0.825700952
vt 0.16261469 0.825700952
vt 0.1606673 0.825700952
vt 0.1606673 0.921123057
vt 0.159693605 0.825700952
vt 0.159693605 0.920149362
vt 0.1606673 0.921123057
vt 0.16261469 0.921123057
vt 0.865622445 0.883148954
vt 0.863675055 0.883148954
vt 0.865622445 0.883148954
vt 0.863675055 0.883148954
vt 0.865622445 0.813042917
vt 0.86659614 0.884122649
vt 0.86659614 0.811095527
vt 0.863675055 0.813042917
vt 0.865622445 0.812069222
vt 0.863675055 0.812069222
vt 0.86270136 0.812069222
vt 0.86270136 0.884122649
vt 0.878280479 0.813042917
vt 0.878280479 0.884122649
vt 0.878280479 0.811095527
vt 0.878280479 0.883148954
vt 0.875359394 0.883148954
vt 0.875359394 0.883148954
vt 0.878280479 0.883148954
vt 0.875359394 0.813042917
vt 0.878280479 0.812069222
vt 0.875359394 0.812069222
vt 0.875359394 0.812069222
vt 0.875359394 0.884122649
vt 0.512171177 0.908465023
vt 0.511197482 0.828622037
vt 0.511197482 0.909438718
vt 0.512171177 0.829595732
vt 0.514118567 0.829595732
vt 0.514118567 0.908465023
vt 0.522881822 0.829595732
vt 0.523855517 0.909438718
vt 0.523855517 0.828622037
vt 0.522881822 0.908465023
vt 0.520934432 0.908465023
vt 0.520934432 0.829595732
vt 0.776042509 0.592987858
vt 0.776042509 0.700094303
vt 0.778963594 0.700094303
vt 0.778963594 0.592987858
vt 0.787726849 0.700094303
vt 0.787726849 0.592987858
vt 0.785779459 0.592987858
vt 0.785779459 0.700094303
vt 0.211299437 0.612461757
vt 0.212273132 0.612461757
vt 0.212273132 0.611488062
vt 0.212273132 0.718594507
vt 0.211299437 0.718594507
vt 0.212273132 0.719568202
vt 0.220062692 0.612461757
vt 0.219088997 0.611488062
vt 0.219088997 0.612461757
vt 0.220062692 0.718594507
vt 0.219088997 0.718594507
vt 0.219088997 0.719568202
vt 0.500486838 0.916254582
vt 0.501460533 0.956176075
vt 0.501460533 0.916254582
vt 0.500486838 0.95520238
vt 0.500486838 0.956176075
vt 0.501460533 0.956176075
vt 0.495618363 0.956176075
vt 0.495618363 0.95520238
vt 0.495618363 0.916254582
vt 0.494644668 0.916254582
vt 0.494644668 0.956176075
vt 0.494644668 0.956176075
vt 0.619277622 0.584224604
vt 0.615382842 0.585198299
vt 0.619277622 0.585198299
vt 0.614409147 0.584224604
vt 0.619277622 0.580329824
vt 0.614409147 0.584224604
vt 0.614409147 0.585198299
vt 0.613435452 0.585198299
vt 0.614409147 0.580329824
vt 0.619277622 0.579356129
vt 0.614409147 0.579356129
vt 0.614409147 0.579356129
vt 0.614409147 0.579356129
vt 0.613435452 0.584224604
vt 0.608566978 0.585198299
vt 0.613435452 0.579356129
vt 0.614409147 0.578382434
vt 0.613435452 0.579356129
vt 0.608566978 0.584224604
vt 0.608566978 0.579356129
vt 0.608566978 0.584224604
vt 0.608566978 0.585198299
vt 0.607593283 0.585198299
vt 0.608566978 0.579356129
vt 0.608566978 0.579356129
vt 0.613435452 0.578382434
vt 0.607593283 0.584224604
vt 0.591040468 0.585198299
vt 0.607593283 0.580329824
vt 0.591040468 0.584224604
vt 0.613435452 0.487828804
vt 0.614409147 0.487828804
vt 0.613435452 0.487828804
vt 0.614409147 0.487828804
vt 0.608566978 0.487828804
vt 0.608566978 0.578382434
vt 0.590066773 0.584224604
vt 0.590066773 0.585198299
vt 0.590066773 0.585198299
vt 0.614409147 0.486855109
vt 0.615382842 0.487828804
vt 0.590066773 0.584224604
vt 0.585198299 0.585198299
vt 0.608566978 0.578382434
vt 0.608566978 0.579356129
vt 0.608566978 0.487828804
vt 0.607593283 0.579356129
vt 0.608566978 0.487828804
vt 0.608566978 0.487828804
vt 0.591040468 0.580329824
vt 0.591040468 0.579356129
vt 0.590066773 0.579356129
vt 0.590066773 0.579356129
vt 0.590066773 0.579356129
vt 0.590066773 0.578382434
vt 0.590066773 0.579356129
vt 0.585198299 0.584224604
vt 0.585198299 0.579356129
vt 0.584224604 0.584224604
vt 0.584224604 0.585198299
vt 0.584224604 0.585198299
vt 0.584224604 0.579356129
vt 0.585198299 0.579356129
vt 0.590066773 0.578382434
vt 0.584224604 0.584224604
vt 0.544303111 0.585198299
vt 0.544303111 0.584224604
vt 0.544303111 0.580329824
vt 0.584224604 0.580329824
vt 0.584224604 0.579356129
vt 0.544303111 0.579356129
vt 0.584224604 0.579356129
vt 0.584224604 0.578382434
vt 0.585198299 0.578382434
vt 0.584224604 0.487828804
vt 0.585198299 0.487828804
vt 0.590066773 0.487828804
vt 0.590066773 0.487828804
vt 0.590066773 0.487828804
vt 0.590066773 0.487828804
vt 0.585198299 0.487828804
vt 0.584224604 0.487828804
vt 0.590066773 0.486855109
vt 0.591040468 0.487828804
vt 0.590066773 0.486855109
vt 0.584224604 0.486855109
vt 0.584224604 0.487828804
vt 0.585198299 0.486855109
vt 0.590066773 0.482960329
vt 0.584224604 0.486855109
vt 0.544303111 0.487828804
vt 0.544303111 0.486855109
vt 0.544303111 0.482960329
vt 0.584224604 0.482960329
vt 0.584224604 0.482960329
vt 0.584224604 0.481986634
vt 0.544303111 0.481986634
vt 0.584224604 0.481986634
vt 0.585198299 0.482960329
vt 0.585198299 0.481986634
vt 0.584224604 0.481986634
vt 0.590066773 0.481986634
vt 0.585198299 0.481986634
vt 0.584224604 0.478091854
vt 0.590066773 0.481986634
vt 0.585198299 0.478091854
vt 0.585198299 0.477118159
vt 0.584224604 0.477118159
vt 0.590066773 0.477118159
vt 0.590066773 0.478091854
vt 0.590066773 0.478091854
vt 0.590066773 0.477118159
vt 0.590066773 0.481986634
vt 0.590066773 0.481986634
vt 0.590066773 0.482960329
vt 0.591040468 0.481986634
vt 0.591040468 0.482960329
vt 0.607593283 0.481986634
vt 0.591040468 0.486855109
vt 0.607593283 0.482960329
vt 0.607593283 0.486855109
vt 0.607593283 0.487828804
vt 0.608566978 0.486855109
vt 0.608566978 0.482960329
vt 0.608566978 0.481986634
vt 0.608566978 0.486855109
vt 0.608566978 0.481986634
vt 0.608566978 0.481986634
vt 0.613435452 0.486855109
vt 0.608566978 0.482960329
vt 0.613435452 0.482960329
vt 0.613435452 0.481986634
vt 0.608566978 0.481986634
vt 0.608566978 0.478091854
vt 0.614409147 0.482960329
vt 0.613435452 0.481986634
vt 0.608566978 0.478091854
vt 0.608566978 0.477118159
vt 0.608566978 0.477118159
vt 0.613435452 0.477118159
vt 0.613435452 0.478091854
vt 0.614409147 0.478091854
vt 0.614409147 0.477118159
vt 0.614409147 0.481986634
vt 0.614409147 0.481986634
vt 0.614409147 0.481986634
vt 0.614409147 0.482960329
vt 0.619277622 0.481986634
vt 0.619277622 0.482960329
vt 0.614409147 0.486855109
vt 0.619277622 0.486855109
vt 0.619277622 0.487828804
vt 0.545276806 0.990255398
vt 0.540408331 0.991229093
vt 0.545276806 0.991229093
vt 0.540408331 0.990255398
vt 0.540408331 0.990255398
vt 0.540408331 0.991229093
vt 0.540408331 0.985386924
vt 0.540408331 0.985386924
vt 0.545276806 0.985386924
vt 0.545276806 0.984413229
vt 0.540408331 0.984413229
vt 0.540408331 0.984413229
vt 0.538460941 0.584224604
vt 0.498539448 0.585198299
vt 0.538460941 0.585198299
vt 0.498539448 0.584224604
vt 0.498539448 0.580329824
vt 0.538460941 0.580329824
vt 0.538460941 0.579356129
vt 0.498539448 0.579356129
vt 0.497565753 0.579356129
vt 0.497565753 0.579356129
vt 0.497565753 0.584224604
vt 0.497565753 0.585198299
vt 0.496592058 0.579356129
vt 0.497565753 0.578382434
vt 0.497565753 0.579356129
vt 0.496592058 0.585198299
vt 0.497565753 0.585198299
vt 0.497565753 0.584224604
vt 0.491723583 0.579356129
vt 0.496592058 0.585198299
vt 0.497565753 0.590066773
vt 0.496592058 0.578382434
vt 0.491723583 0.579356129
vt 0.496592058 0.487828804
vt 0.497565753 0.487828804
vt 0.496592058 0.487828804
vt 0.497565753 0.487828804
vt 0.492697278 0.487828804
vt 0.492697278 0.578382434
vt 0.497565753 0.486855109
vt 0.498539448 0.487828804
vt 0.496592058 0.590066773
vt 0.496592058 0.590066773
vt 0.497565753 0.590066773
vt 0.492697278 0.590066773
vt 0.492697278 0.585198299
vt 0.492697278 0.590066773
vt 0.491723583 0.590066773
vt 0.491723583 0.590066773
vt 0.491723583 0.585198299
vt 0.491723583 0.585198299
vt 0.491723583 0.585198299
vt 0.491723583 0.584224604
vt 0.491723583 0.584224604
vt 0.490749888 0.585198299
vt 0.491723583 0.579356129
vt 0.490749888 0.584224604
vt 0.474197074 0.585198299
vt 0.490749888 0.580329824
vt 0.491723583 0.579356129
vt 0.491723583 0.578382434
vt 0.490749888 0.579356129
vt 0.491723583 0.487828804
vt 0.474197074 0.580329824
vt 0.474197074 0.579356129
vt 0.491723583 0.487828804
vt 0.491723583 0.487828804
vt 0.474197074 0.584224604
vt 0.473223379 0.579356129
vt 0.473223379 0.579356129
vt 0.473223379 0.584224604
vt 0.473223379 0.585198299
vt 0.473223379 0.579356129
vt 0.473223379 0.578382434
vt 0.497565753 0.486855109
vt 0.473223379 0.579356129
vt 0.473223379 0.585198299
vt 0.473223379 0.585198299
vt 0.473223379 0.584224604
vt 0.468354905 0.579356129
vt 0.473223379 0.585198299
vt 0.473223379 0.590066773
vt 0.473223379 0.578382434
vt 0.468354905 0.579356129
vt 0.473223379 0.487828804
vt 0.473223379 0.487828804
vt 0.473223379 0.487828804
vt 0.473223379 0.487828804
vt 0.468354905 0.487828804
vt 0.468354905 0.578382434
vt 0.473223379 0.486855109
vt 0.474197074 0.487828804
vt 0.473223379 0.590066773
vt 0.473223379 0.590066773
vt 0.473223379 0.590066773
vt 0.468354905 0.590066773
vt 0.468354905 0.585198299
vt 0.468354905 0.590066773
vt 0.46738121 0.590066773
vt 0.46738121 0.590066773
vt 0.46738121 0.585198299
vt 0.468354905 0.585198299
vt 0.46738121 0.585198299
vt 0.468354905 0.584224604
vt 0.46738121 0.584224604
vt 0.46738121 0.585198299
vt 0.46738121 0.579356129
vt 0.46738121 0.584224604
vt 0.462512735 0.585198299
vt 0.462512735 0.584224604
vt 0.462512735 0.580329824
vt 0.46738121 0.580329824
vt 0.46738121 0.579356129
vt 0.462512735 0.579356129
vt 0.46738121 0.579356129
vt 0.46738121 0.578382434
vt 0.46738121 0.487828804
vt 0.468354905 0.487828804
vt 0.46738121 0.487828804
vt 0.473223379 0.486855109
vt 0.46738121 0.486855109
vt 0.46738121 0.487828804
vt 0.468354905 0.486855109
vt 0.46738121 0.486855109
vt 0.462512735 0.487828804
vt 0.462512735 0.486855109
vt 0.462512735 0.482960329
vt 0.46738121 0.482960329
vt 0.46738121 0.482960329
vt 0.46738121 0.481986634
vt 0.462512735 0.481986634
vt 0.46738121 0.481986634
vt 0.468354905 0.482960329
vt 0.468354905 0.481986634
vt 0.46738121 0.481986634
vt 0.473223379 0.482960329
vt 0.473223379 0.481986634
vt 0.468354905 0.481986634
vt 0.46738121 0.478091854
vt 0.473223379 0.482960329
vt 0.473223379 0.481986634
vt 0.468354905 0.478091854
vt 0.468354905 0.477118159
vt 0.46738121 0.477118159
vt 0.473223379 0.477118159
vt 0.473223379 0.478091854
vt 0.473223379 0.478091854
vt 0.473223379 0.477118159
vt 0.473223379 0.481986634
vt 0.473223379 0.481986634
vt 0.474197074 0.481986634
vt 0.474197074 0.482960329
vt 0.490749888 0.481986634
vt 0.474197074 0.486855109
vt 0.490749888 0.486855109
vt 0.490749888 0.487828804
vt 0.490749888 0.482960329
vt 0.491723583 0.486855109
vt 0.491723583 0.482960329
vt 0.491723583 0.481986634
vt 0.491723583 0.486855109
vt 0.491723583 0.481986634
vt 0.491723583 0.481986634
vt 0.491723583 0.482960329
vt 0.497565753 0.482960329
vt 0.496592058 0.481986634
vt 0.492697278 0.481986634
vt 0.491723583 0.478091854
vt 0.497565753 0.482960329
vt 0.496592058 0.481986634
vt 0.492697278 0.478091854
vt 0.492697278 0.477118159
vt 0.491723583 0.477118159
vt 0.496592058 0.477118159
vt 0.496592058 0.478091854
vt 0.497565753 0.478091854
vt 0.497565753 0.477118159
vt 0.497565753 0.481986634
vt 0.497565753 0.481986634
vt 0.498539448 0.481986634
vt 0.498539448 0.482960329
vt 0.538460941 0.481986634
vt 0.538460941 0.482960329
vt 0.538460941 0.486855109
vt 0.498539448 0.486855109
vt 0.538460941 0.487828804
vt 0.488802499 0.915280887
vt 0.488802499 0.95520238
vt 0.488802499 0.915280887
vt 0.488802499 0.95520238
vt 0.488802499 0.95520238
vt 0.488802499 0.95520238
vt 0.482960329 0.95520238
vt 0.482960329 0.95520238
vt 0.482960329 0.915280887
vt 0.482960329 0.915280887
vt 0.482960329 0.95520238
vt 0.482960329 0.95520238
vt 0.522881822 0.995123873
vt 0.518013347 0.996097568
vt 0.522881822 0.996097568
vt 0.518013347 0.996097568
vt 0.518013347 0.996097568
vt 0.518013347 0.996097568
vt 0.518013347 0.990255398
vt 0.518013347 0.990255398
vt 0.522881822 0.990255398
vt 0.522881822 0.990255398
vt 0.518013347 0.990255398
vt 0.518013347 0.990255398
vt 0.476144464 0.915280887
vt 0.477118159 0.95520238
vt 0.477118159 0.915280887
vt 0.476144464 0.95520238
vt 0.476144464 0.95520238
vt 0.477118159 0.95520238
vt 0.471275989 0.95520238
vt 0.471275989 0.95520238
vt 0.471275989 0.915280887
vt 0.470302294 0.915280887
vt 0.470302294 0.95520238
vt 0.470302294 0.95520238
vt 0.512171177 0.995123873
vt 0.507302703 0.996097568
vt 0.512171177 0.996097568
vt 0.507302703 0.996097568
vt 0.506329008 0.996097568
vt 0.506329008 0.996097568
vt 0.506329008 0.990255398
vt 0.507302703 0.990255398
vt 0.512171177 0.990255398
vt 0.512171177 0.990255398
vt 0.507302703 0.990255398
vt 0.506329008 0.990255398
vt 0.464460125 0.915280887
vt 0.464460125 0.95520238
vt 0.464460125 0.915280887
vt 0.464460125 0.95520238
vt 0.464460125 0.95520238
vt 0.464460125 0.95520238
vt 0.458617955 0.95520238
vt 0.458617955 0.95520238
vt 0.458617955 0.915280887
vt 0.458617955 0.915280887
vt 0.458617955 0.95520238
vt 0.458617955 0.95520238
vt 0.500486838 0.995123873
vt 0.495618363 0.996097568
vt 0.500486838 0.996097568
vt 0.495618363 0.996097568
vt 0.495618363 0.996097568
vt 0.495618363 0.996097568
vt 0.495618363 0.990255398
vt 0.495618363 0.990255398
vt 0.500486838 0.990255398
vt 0.500486838 0.990255398
vt 0.495618363 0.990255398
vt 0.495618363 0.990255398
vt 0.45180209 0.915280887
vt 0.452775785 0.95520238
vt 0.452775785 0.915280887
vt 0.45180209 0.95520238
vt 0.45180209 0.95520238
vt 0.452775785 0.956176075
vt 0.446933616 0.95520238
vt 0.446933616 0.95520238
vt 0.446933616 0.915280887
vt 0.445959921 0.915280887
vt 0.445959921 0.95520238
vt 0.445959921 0.956176075
vt 0.456670565 0.601751113
vt 0.45180209 0.601751113
vt 0.456670565 0.601751113
vt 0.45180209 0.601751113
vt 0.456670565 0.596882638
vt 0.450828395 0.601751113
vt 0.450828395 0.602724808
vt 0.450828395 0.602724808
vt 0.45180209 0.596882638
vt 0.456670565 0.596882638
vt 0.45180209 0.596882638
vt 0.450828395 0.596882638
vt 0.450828395 0.596882638
vt 0.450828395 0.601751113
vt 0.445959921 0.602724808
vt 0.450828395 0.596882638
vt 0.450828395 0.595908943
vt 0.450828395 0.596882638
vt 0.444986226 0.601751113
vt 0.444986226 0.596882638
vt 0.444986226 0.601751113
vt 0.444986226 0.602724808
vt 0.444012531 0.601751113
vt 0.444986226 0.596882638
vt 0.445959921 0.596882638
vt 0.4498547 0.595908943
vt 0.444012531 0.601751113
vt 0.427459717 0.601751113
vt 0.444012531 0.596882638
vt 0.427459717 0.601751113
vt 0.4498547 0.505355313
vt 0.450828395 0.505355313
vt 0.450828395 0.505355313
vt 0.450828395 0.505355313
vt 0.445959921 0.505355313
vt 0.445959921 0.595908943
vt 0.426486022 0.601751113
vt 0.426486022 0.602724808
vt 0.426486022 0.602724808
vt 0.450828395 0.504381618
vt 0.45180209 0.505355313
vt 0.426486022 0.601751113
vt 0.421617547 0.602724808
vt 0.444986226 0.595908943
vt 0.444986226 0.596882638
vt 0.444986226 0.505355313
vt 0.444012531 0.596882638
vt 0.445959921 0.505355313
vt 0.444986226 0.505355313
vt 0.427459717 0.596882638
vt 0.427459717 0.596882638
vt 0.426486022 0.596882638
vt 0.426486022 0.596882638
vt 0.426486022 0.596882638
vt 0.426486022 0.595908943
vt 0.426486022 0.596882638
vt 0.421617547 0.601751113
vt 0.421617547 0.596882638
vt 0.420643852 0.601751113
vt 0.420643852 0.602724808
vt 0.420643852 0.601751113
vt 0.420643852 0.596882638
vt 0.421617547 0.596882638
vt 0.426486022 0.595908943
vt 0.420643852 0.601751113
vt 0.380722359 0.601751113
vt 0.380722359 0.601751113
vt 0.380722359 0.596882638
vt 0.420643852 0.596882638
vt 0.420643852 0.596882638
vt 0.380722359 0.596882638
vt 0.420643852 0.596882638
vt 0.420643852 0.595908943
vt 0.421617547 0.595908943
vt 0.420643852 0.505355313
vt 0.421617547 0.505355313
vt 0.426486022 0.505355313
vt 0.426486022 0.505355313
vt 0.426486022 0.505355313
vt 0.426486022 0.505355313
vt 0.421617547 0.505355313
vt 0.420643852 0.505355313
vt 0.426486022 0.504381618
vt 0.427459717 0.505355313
vt 0.426486022 0.504381618
vt 0.420643852 0.504381618
vt 0.420643852 0.505355313
vt 0.421617547 0.504381618
vt 0.426486022 0.500486838
vt 0.420643852 0.504381618
vt 0.380722359 0.505355313
vt 0.380722359 0.504381618
vt 0.380722359 0.500486838
vt 0.420643852 0.500486838
vt 0.420643852 0.500486838
vt 0.420643852 0.499513143
vt 0.380722359 0.499513143
vt 0.420643852 0.499513143
vt 0.421617547 0.500486838
vt 0.421617547 0.499513143
vt 0.420643852 0.498539448
vt 0.426486022 0.499513143
vt 0.421617547 0.499513143
vt 0.420643852 0.495618363
vt 0.426486022 0.499513143
vt 0.421617547 0.495618363
vt 0.421617547 0.494644668
vt 0.421617547 0.494644668
vt 0.426486022 0.494644668
vt 0.426486022 0.495618363
vt 0.426486022 0.495618363
vt 0.426486022 0.494644668
vt 0.426486022 0.498539448
vt 0.426486022 0.499513143
vt 0.426486022 0.500486838
vt 0.427459717 0.499513143
vt 0.427459717 0.500486838
vt 0.444012531 0.499513143
vt 0.427459717 0.504381618
vt 0.444012531 0.500486838
vt 0.444012531 0.504381618
vt 0.444012531 0.505355313
vt 0.444986226 0.504381618
vt 0.444986226 0.500486838
vt 0.444986226 0.499513143
vt 0.444986226 0.504381618
vt 0.445959921 0.499513143
vt 0.444986226 0.498539448
vt 0.450828395 0.504381618
vt 0.444986226 0.500486838
vt 0.450828395 0.500486838
vt 0.450828395 0.499513143
vt 0.445959921 0.499513143
vt 0.444986226 0.495618363
vt 0.450828395 0.500486838
vt 0.4498547 0.499513143
vt 0.445959921 0.495618363
vt 0.445959921 0.494644668
vt 0.444986226 0.494644668
vt 0.4498547 0.494644668
vt 0.4498547 0.495618363
vt 0.450828395 0.495618363
vt 0.450828395 0.494644668
vt 0.450828395 0.498539448
vt 0.450828395 0.499513143
vt 0.45180209 0.499513143
vt 0.45180209 0.500486838
vt 0.456670565 0.499513143
vt 0.456670565 0.500486838
vt 0.45180209 0.504381618
vt 0.456670565 0.504381618
vt 0.456670565 0.505355313
vt 0.468354905 0.986360619
vt 0.46348643 0.987334314
vt 0.468354905 0.987334314
vt 0.46348643 0.987334314
vt 0.462512735 0.987334314
vt 0.462512735 0.987334314
vt 0.462512735 0.981492144
vt 0.46348643 0.981492144
vt 0.468354905 0.981492144
vt 0.468354905 0.981492144
vt 0.46348643 0.981492144
vt 0.462512735 0.981492144
vt 0.373906494 0.601751113
vt 0.333985001 0.602724808
vt 0.373906494 0.602724808
vt 0.333985001 0.601751113
vt 0.333985001 0.597856333
vt 0.373906494 0.597856333
vt 0.373906494 0.596882638
vt 0.333985001 0.596882638
vt 0.333011306 0.597856333
vt 0.333011306 0.596882638
vt 0.333011306 0.601751113
vt 0.333011306 0.602724808
vt 0.333011306 0.596882638
vt 0.333011306 0.596882638
vt 0.333011306 0.597856333
vt 0.333011306 0.602724808
vt 0.333011306 0.603698503
vt 0.333011306 0.601751113
vt 0.328142832 0.597856333
vt 0.333011306 0.602724808
vt 0.333011306 0.607593283
vt 0.333011306 0.596882638
vt 0.328142832 0.596882638
vt 0.333011306 0.506329008
vt 0.333011306 0.506329008
vt 0.333011306 0.505355313
vt 0.333011306 0.505355313
vt 0.328142832 0.506329008
vt 0.328142832 0.596882638
vt 0.333011306 0.505355313
vt 0.333985001 0.505355313
vt 0.333011306 0.607593283
vt 0.333011306 0.607593283
vt 0.333011306 0.607593283
vt 0.328142832 0.607593283
vt 0.328142832 0.602724808
vt 0.328142832 0.607593283
vt 0.327169137 0.607593283
vt 0.327169137 0.607593283
vt 0.327169137 0.603698503
vt 0.328142832 0.602724808
vt 0.327169137 0.602724808
vt 0.328142832 0.601751113
vt 0.327169137 0.601751113
vt 0.326195442 0.602724808
vt 0.327169137 0.597856333
vt 0.327169137 0.601751113
vt 0.309642627 0.602724808
vt 0.327169137 0.597856333
vt 0.327169137 0.596882638
vt 0.327169137 0.596882638
vt 0.326195442 0.596882638
vt 0.327169137 0.506329008
vt 0.309642627 0.597856333
vt 0.309642627 0.596882638
vt 0.328142832 0.505355313
vt 0.327169137 0.505355313
vt 0.309642627 0.601751113
vt 0.309642627 0.597856333
vt 0.309642627 0.596882638
vt 0.309642627 0.601751113
vt 0.309642627 0.602724808
vt 0.308668932 0.596882638
vt 0.308668932 0.596882638
vt 0.333011306 0.505355313
vt 0.308668932 0.597856333
vt 0.308668932 0.602724808
vt 0.308668932 0.603698503
vt 0.308668932 0.601751113
vt 0.303800458 0.597856333
vt 0.308668932 0.602724808
vt 0.308668932 0.607593283
vt 0.308668932 0.596882638
vt 0.303800458 0.596882638
vt 0.308668932 0.506329008
vt 0.308668932 0.506329008
vt 0.308668932 0.505355313
vt 0.309642627 0.505355313
vt 0.303800458 0.506329008
vt 0.303800458 0.596882638
vt 0.309642627 0.505355313
vt 0.309642627 0.505355313
vt 0.308668932 0.607593283
vt 0.308668932 0.607593283
vt 0.308668932 0.607593283
vt 0.303800458 0.607593283
vt 0.303800458 0.602724808
vt 0.303800458 0.607593283
vt 0.303800458 0.607593283
vt 0.303800458 0.607593283
vt 0.303800458 0.603698503
vt 0.303800458 0.602724808
vt 0.302826763 0.602724808
vt 0.303800458 0.601751113
vt 0.302826763 0.601751113
vt 0.302826763 0.602724808
vt 0.302826763 0.597856333
vt 0.302826763 0.601751113
vt 0.297958288 0.602724808
vt 0.297958288 0.601751113
vt 0.297958288 0.597856333
vt 0.302826763 0.597856333
vt 0.302826763 0.596882638
vt 0.297958288 0.596882638
vt 0.302826763 0.596882638
vt 0.303800458 0.596882638
vt 0.303800458 0.506329008
vt 0.303800458 0.505355313
vt 0.302826763 0.505355313
vt 0.308668932 0.505355313
vt 0.302826763 0.505355313
vt 0.302826763 0.505355313
vt 0.303800458 0.505355313
vt 0.308668932 0.500486838
vt 0.302826763 0.505355313
vt 0.297958288 0.505355313
vt 0.297958288 0.505355313
vt 0.302826763 0.500486838
vt 0.297958288 0.500486838
vt 0.302826763 0.500486838
vt 0.302826763 0.500486838
vt 0.297958288 0.500486838
vt 0.302826763 0.499513143
vt 0.303800458 0.500486838
vt 0.303800458 0.499513143
vt 0.303800458 0.499513143
vt 0.308668932 0.499513143
vt 0.303800458 0.499513143
vt 0.303800458 0.495618363
vt 0.308668932 0.499513143
vt 0.303800458 0.495618363
vt 0.303800458 0.495618363
vt 0.303800458 0.495618363
vt 0.308668932 0.495618363
vt 0.308668932 0.495618363
vt 0.308668932 0.495618363
vt 0.308668932 0.495618363
vt 0.308668932 0.499513143
vt 0.309642627 0.499513143
vt 0.309642627 0.500486838
vt 0.309642627 0.500486838
vt 0.309642627 0.500486838
vt 0.326195442 0.500486838
vt 0.309642627 0.505355313
vt 0.327169137 0.500486838
vt 0.327169137 0.505355313
vt 0.326195442 0.505355313
vt 0.327169137 0.505355313
vt 0.327169137 0.500486838
vt 0.327169137 0.499513143
vt 0.328142832 0.505355313
vt 0.328142832 0.499513143
vt 0.327169137 0.499513143
vt 0.333011306 0.500486838
vt 0.328142832 0.500486838
vt 0.333011306 0.499513143
vt 0.328142832 0.499513143
vt 0.327169137 0.495618363
vt 0.333011306 0.500486838
vt 0.333011306 0.499513143
vt 0.328142832 0.495618363
vt 0.328142832 0.495618363
vt 0.327169137 0.495618363
vt 0.333011306 0.495618363
vt 0.333011306 0.495618363
vt 0.333011306 0.495618363
vt 0.333011306 0.495618363
vt 0.333011306 0.499513143
vt 0.333011306 0.499513143
vt 0.333985001 0.500486838
vt 0.333985001 0.500486838
vt 0.373906494 0.500486838
vt 0.373906494 0.500486838
vt 0.373906494 0.505355313
vt 0.333985001 0.505355313
vt 0.373906494 0.505355313
vt 0.440117751 0.916254582
vt 0.440117751 0.956176075
vt 0.440117751 0.916254582
vt 0.440117751 0.95520238
vt 0.440117751 0.956176075
vt 0.440117751 0.956176075
vt 0.434275581 0.956176075
vt 0.434275581 0.95520238
vt 0.434275581 0.916254582
vt 0.434275581 0.916254582
vt 0.434275581 0.956176075
vt 0.434275581 0.956176075
vt 0.445959921 0.991229093
vt 0.441091446 0.991229093
vt 0.445959921 0.991229093
vt 0.441091446 0.991229093
vt 0.441091446 0.991229093
vt 0.440117751 0.991229093
vt 0.441091446 0.985386924
vt 0.441091446 0.985386924
vt 0.445959921 0.985386924
vt 0.445959921 0.985386924
vt 0.441091446 0.985386924
vt 0.440117751 0.985386924
vt 0.427459717 0.916254582
vt 0.428433412 0.956176075
vt 0.428433412 0.916254582
vt 0.427459717 0.95520238
vt 0.427459717 0.956176075
vt 0.428433412 0.956176075
vt 0.422591242 0.956176075
vt 0.422591242 0.95520238
vt 0.422591242 0.916254582
vt 0.422591242 0.916254582
vt 0.422591242 0.956176075
vt 0.422591242 0.956176075
vt 0.434275581 0.991229093
vt 0.429407106 0.991229093
vt 0.434275581 0.991229093
vt 0.430380801 0.991229093
vt 0.429407106 0.991229093
vt 0.429407106 0.991229093
vt 0.429407106 0.985386924
vt 0.430380801 0.985386924
vt 0.434275581 0.985386924
vt 0.434275581 0.985386924
vt 0.429407106 0.985386924
vt 0.429407106 0.985386924
vt 0.415775377 0.916254582
vt 0.416749072 0.956176075
vt 0.416749072 0.916254582
vt 0.415775377 0.95520238
vt 0.415775377 0.956176075
vt 0.416749072 0.956176075
vt 0.410906902 0.956176075
vt 0.410906902 0.95520238
vt 0.410906902 0.916254582
vt 0.409933207 0.916254582
vt 0.409933207 0.956176075
vt 0.409933207 0.956176075
vt 0.423564937 0.991229093
vt 0.418696462 0.991229093
vt 0.423564937 0.991229093
vt 0.418696462 0.991229093
vt 0.423564937 0.986360619
vt 0.418696462 0.991229093
vt 0.417722767 0.991229093
vt 0.418696462 0.986360619
vt 0.418696462 0.986360619
vt 0.423564937 0.985386924
vt 0.418696462 0.985386924
vt 0.417722767 0.985386924
vt 0.585198299 0.585198299
vt 0.584224604 0.585198299
vt 0.584224604 0.585198299
vt 0.585198299 0.585198299
vt 0.590066773 0.585198299
vt 0.585198299 0.590066773
vt 0.584224604 0.590066773
vt 0.585198299 0.590066773
vt 0.584224604 0.590066773
vt 0.590066773 0.590066773
vt 0.590066773 0.590066773
vt 0.590066773 0.585198299
vt 0.590066773 0.590066773
vt 0.590066773 0.590066773
vt 0.590066773 0.585198299
vt 0.590066773 0.585198299
vt 0.55598745 0.988308009
vt 0.55598745 0.988308009
vt 0.55598745 0.987334314
vt 0.55598745 0.987334314
vt 0.55209267 0.988308009
vt 0.55598745 0.982465839
vt 0.55598745 0.982465839
vt 0.55209267 0.987334314
vt 0.55598745 0.982465839
vt 0.55598745 0.982465839
vt 0.55209267 0.982465839
vt 0.55209267 0.982465839
vt 0.551118975 0.982465839
vt 0.551118975 0.982465839
vt 0.551118975 0.987334314
vt 0.551118975 0.988308009
vt 0.533592466 0.994150178
vt 0.534566161 0.994150178
vt 0.533592466 0.993176483
vt 0.533592466 0.993176483
vt 0.529697686 0.994150178
vt 0.533592466 0.988308009
vt 0.533592466 0.988308009
vt 0.529697686 0.993176483
vt 0.533592466 0.987334314
vt 0.534566161 0.987334314
vt 0.529697686 0.988308009
vt 0.529697686 0.987334314
vt 0.528723992 0.988308009
vt 0.528723992 0.987334314
vt 0.528723992 0.993176483
vt 0.528723992 0.994150178
vt 0.177220114 0.917228277
vt 0.177220114 0.918201972
vt 0.177220114 0.917228277
vt 0.177220114 0.917228277
vt 0.171377944 0.917228277
vt 0.177220114 0.825700952
vt 0.177220114 0.825700952
vt 0.177220114 0.825700952
vt 0.177220114 0.825700952
vt 0.171377944 0.825700952
vt 0.171377944 0.825700952
vt 0.171377944 0.917228277
vt 0.171377944 0.825700952
vt 0.171377944 0.825700952
vt 0.171377944 0.917228277
vt 0.171377944 0.918201972
vt 0.189878148 0.825700952
vt 0.189878148 0.825700952
vt 0.189878148 0.825700952
vt 0.189878148 0.825700952
vt 0.189878148 0.917228277
vt 0.184035979 0.825700952
vt 0.184035979 0.825700952
vt 0.189878148 0.917228277
vt 0.184035979 0.825700952
vt 0.184035979 0.825700952
vt 0.184035979 0.917228277
vt 0.184035979 0.917228277
vt 0.184035979 0.917228277
vt 0.184035979 0.918201972
vt 0.189878148 0.917228277
vt 0.189878148 0.918201972
vt 0.484907719 0.986360619
vt 0.484907719 0.987334314
vt 0.484907719 0.987334314
vt 0.485881414 0.986360619
vt 0.484907719 0.981492144
vt 0.488802499 0.986360619
vt 0.488802499 0.987334314
vt 0.489776193 0.986360619
vt 0.489776193 0.987334314
vt 0.488802499 0.981492144
vt 0.489776193 0.981492144
vt 0.485881414 0.981492144
vt 0.488802499 0.981492144
vt 0.489776193 0.981492144
vt 0.484907719 0.981492144
vt 0.484907719 0.981492144
vt 0.421617547 0.602724808
vt 0.420643852 0.602724808
vt 0.420643852 0.602724808
vt 0.421617547 0.602724808
vt 0.426486022 0.602724808
vt 0.421617547 0.606619588
vt 0.420643852 0.606619588
vt 0.421617547 0.607593283
vt 0.421617547 0.607593283
vt 0.426486022 0.606619588
vt 0.426486022 0.607593283
vt 0.426486022 0.602724808
vt 0.426486022 0.606619588
vt 0.426486022 0.607593283
vt 0.426486022 0.602724808
vt 0.426486022 0.602724808
vt 0.478091854 0.987334314
vt 0.479065549 0.987334314
vt 0.479065549 0.987334314
vt 0.478091854 0.986360619
vt 0.474197074 0.987334314
vt 0.478091854 0.981492144
vt 0.479065549 0.981492144
vt 0.474197074 0.986360619
vt 0.478091854 0.981492144
vt 0.479065549 0.981492144
vt 0.474197074 0.981492144
vt 0.474197074 0.981492144
vt 0.474197074 0.981492144
vt 0.474197074 0.981492144
vt 0.474197074 0.986360619
vt 0.474197074 0.987334314
vt 0.456670565 0.987334314
vt 0.456670565 0.987334314
vt 0.456670565 0.987334314
vt 0.456670565 0.987334314
vt 0.45180209 0.987334314
vt 0.456670565 0.981492144
vt 0.456670565 0.981492144
vt 0.45180209 0.987334314
vt 0.456670565 0.981492144
vt 0.456670565 0.981492144
vt 0.45180209 0.981492144
vt 0.45180209 0.981492144
vt 0.45180209 0.981492144
vt 0.45180209 0.981492144
vt 0.45180209 0.987334314
vt 0.45180209 0.987334314
vt 0.202536183 0.917228277
vt 0.203509878 0.918201972
vt 0.203509878 0.917228277
vt 0.202536183 0.917228277
vt 0.197667708 0.917228277
vt 0.202536183 0.825700952
vt 0.203509878 0.825700952
vt 0.202536183 0.825700952
vt 0.203509878 0.825700952
vt 0.197667708 0.825700952
vt 0.197667708 0.825700952
vt 0.197667708 0.917228277
vt 0.196694013 0.825700952
vt 0.196694013 0.825700952
vt 0.196694013 0.917228277
vt 0.196694013 0.918201972
vt 0.216167912 0.825700952
vt 0.216167912 0.825700952
vt 0.215194217 0.825700952
vt 0.215194217 0.825700952
vt 0.216167912 0.917228277
vt 0.210325742 0.825700952
vt 0.210325742 0.825700952
vt 0.215194217 0.917228277
vt 0.209352047 0.825700952
vt 0.209352047 0.825700952
vt 0.210325742 0.917228277
vt 0.209352047 0.917228277
vt 0.210325742 0.917228277
vt 0.209352047 0.918201972
vt 0.215194217 0.917228277
vt 0.216167912 0.918201972
vt 0.407985818 0.991229093
vt 0.407985818 0.991229093
vt 0.407985818 0.991229093
vt 0.407985818 0.991229093
vt 0.407985818 0.986360619
vt 0.411880597 0.991229093
vt 0.411880597 0.991229093
vt 0.411880597 0.991229093
vt 0.411880597 0.991229093
vt 0.411880597 0.986360619
vt 0.411880597 0.986360619
vt 0.407985818 0.986360619
vt 0.411880597 0.985386924
vt 0.411880597 0.985386924
vt 0.407985818 0.985386924
vt 0.407985818 0.985386924
vt 0.397275173 0.991229093
vt 0.397275173 0.991229093
vt 0.397275173 0.991229093
vt 0.397275173 0.991229093
vt 0.397275173 0.986360619
vt 0.401169953 0.991229093
vt 0.401169953 0.991229093
vt 0.402143648 0.991229093
vt 0.401169953 0.991229093
vt 0.401169953 0.986360619
vt 0.402143648 0.986360619
vt 0.397275173 0.986360619
vt 0.401169953 0.985386924
vt 0.401169953 0.985386924
vt 0.397275173 0.985386924
vt 0.397275173 0.985386924
vt 0.222983777 0.825700952
vt 0.222983777 0.825700952
vt 0.222983777 0.825700952
vt 0.222983777 0.825700952
vt 0.228825946 0.825700952
vt 0.222983777 0.917228277
vt 0.222983777 0.917228277
vt 0.222983777 0.917228277
vt 0.222983777 0.918201972
vt 0.228825946 0.917228277
vt 0.228825946 0.917228277
vt 0.228825946 0.825700952
vt 0.228825946 0.917228277
vt 0.228825946 0.918201972
vt 0.228825946 0.825700952
vt 0.228825946 0.825700952
vt 0.450828395 0.960070855
vt 0.45180209 0.960070855
vt 0.450828395 0.960070855
vt 0.450828395 0.960070855
vt 0.450828395 0.976623669
vt 0.445959921 0.960070855
vt 0.445959921 0.960070855
vt 0.444986226 0.960070855
vt 0.444986226 0.960070855
vt 0.445959921 0.976623669
vt 0.444986226 0.976623669
vt 0.450828395 0.976623669
vt 0.445959921 0.977597364
vt 0.444986226 0.977597364
vt 0.450828395 0.977597364
vt 0.45180209 0.977597364
vt 0.386564529 0.979544754
vt 0.386564529 0.979544754
vt 0.386564529 0.979544754
vt 0.387538224 0.979544754
vt 0.386564529 0.973702584
vt 0.390459308 0.979544754
vt 0.390459308 0.979544754
vt 0.391433003 0.979544754
vt 0.391433003 0.979544754
vt 0.390459308 0.973702584
vt 0.391433003 0.973702584
vt 0.387538224 0.973702584
vt 0.390459308 0.973702584
vt 0.391433003 0.973702584
vt 0.386564529 0.973702584
vt 0.386564529 0.973702584
vt 0.496592058 0.985386924
vt 0.496592058 0.986360619
vt 0.497565753 0.985386924
vt 0.497565753 0.985386924
vt 0.496592058 0.96883411
vt 0.502434228 0.985386924
vt 0.502434228 0.985386924
vt 0.503407923 0.985386924
vt 0.503407923 0.986360619
vt 0.502434228 0.96883411
vt 0.503407923 0.96883411
vt 0.497565753 0.96883411
vt 0.502434228 0.967860415
vt 0.503407923 0.967860415
vt 0.497565753 0.967860415
vt 0.496592058 0.967860415
vt 0.376827579 0.981492144
vt 0.374880189 0.981492144
vt 0.374880189 0.982465839
vt 0.376827579 0.982465839
vt 0.379748664 0.981492144
vt 0.376827579 0.987334314
vt 0.374880189 0.987334314
vt 0.379748664 0.982465839
vt 0.376827579 0.988308009
vt 0.374880189 0.988308009
vt 0.379748664 0.987334314
vt 0.379748664 0.988308009
vt 0.380722359 0.987334314
vt 0.380722359 0.988308009
vt 0.380722359 0.982465839
vt 0.380722359 0.981492144
vt 0.235641811 0.825700952
vt 0.235641811 0.825700952
vt 0.235641811 0.825700952
vt 0.235641811 0.825700952
vt 0.241483981 0.825700952
vt 0.235641811 0.917228277
vt 0.235641811 0.917228277
vt 0.235641811 0.917228277
vt 0.235641811 0.918201972
vt 0.241483981 0.917228277
vt 0.241483981 0.917228277
vt 0.241483981 0.825700952
vt 0.241483981 0.917228277
vt 0.241483981 0.918201972
vt 0.241483981 0.825700952
vt 0.241483981 0.825700952
vt 0.369038019 0.982465839
vt 0.369038019 0.981492144
vt 0.369038019 0.981492144
vt 0.368064325 0.982465839
vt 0.369038019 0.987334314
vt 0.364169545 0.982465839
vt 0.364169545 0.981492144
vt 0.364169545 0.982465839
vt 0.364169545 0.981492144
vt 0.364169545 0.987334314
vt 0.364169545 0.987334314
vt 0.368064325 0.987334314
vt 0.364169545 0.988308009
vt 0.364169545 0.988308009
vt 0.369038019 0.988308009
vt 0.369038019 0.988308009
vt 0.516065957 0.96883411
vt 0.516065957 0.967860415
vt 0.515092262 0.967860415
vt 0.515092262 0.96883411
vt 0.516065957 0.985386924
vt 0.510223787 0.96883411
vt 0.510223787 0.967860415
vt 0.509250092 0.96883411
vt 0.509250092 0.967860415
vt 0.510223787 0.985386924
vt 0.509250092 0.985386924
vt 0.515092262 0.985386924
vt 0.510223787 0.985386924
vt 0.509250092 0.986360619
vt 0.515092262 0.985386924
vt 0.516065957 0.986360619
vt 0.45764426 0.976623669
vt 0.45764426 0.977597364
vt 0.458617955 0.976623669
vt 0.458617955 0.976623669
vt 0.45764426 0.960070855
vt 0.46348643 0.976623669
vt 0.46348643 0.976623669
vt 0.464460125 0.976623669
vt 0.464460125 0.977597364
vt 0.46348643 0.960070855
vt 0.464460125 0.960070855
vt 0.458617955 0.960070855
vt 0.46348643 0.95909716
vt 0.464460125 0.95909716
vt 0.458617955 0.95909716
vt 0.45764426 0.95909716
vt 0.358327375 0.982465839
vt 0.358327375 0.981492144
vt 0.35735368 0.981492144
vt 0.35735368 0.982465839
vt 0.358327375 0.987334314
vt 0.3534589 0.982465839
vt 0.3534589 0.981492144
vt 0.3534589 0.982465839
vt 0.3534589 0.981492144
vt 0.3534589 0.987334314
vt 0.3534589 0.987334314
vt 0.35735368 0.987334314
vt 0.3534589 0.988308009
vt 0.3534589 0.988308009
vt 0.35735368 0.988308009
vt 0.358327375 0.988308009
vt 0.608566978 0.585198299
vt 0.608566978 0.585198299
vt 0.608566978 0.585198299
vt 0.608566978 0.585198299
vt 0.613435452 0.585198299
vt 0.608566978 0.590066773
vt 0.608566978 0.590066773
vt 0.608566978 0.590066773
vt 0.608566978 0.590066773
vt 0.613435452 0.590066773
vt 0.613435452 0.590066773
vt 0.613435452 0.585198299
vt 0.614409147 0.590066773
vt 0.614409147 0.590066773
vt 0.614409147 0.585198299
vt 0.614409147 0.585198299
vt 0.346643036 0.982465839
vt 0.347616731 0.981492144
vt 0.346643036 0.981492144
vt 0.346643036 0.982465839
vt 0.346643036 0.987334314
vt 0.342748256 0.982465839
vt 0.342748256 0.981492144
vt 0.341774561 0.982465839
vt 0.341774561 0.981492144
vt 0.342748256 0.987334314
vt 0.341774561 0.987334314
vt 0.346643036 0.987334314
vt 0.342748256 0.988308009
vt 0.341774561 0.988308009
vt 0.346643036 0.988308009
vt 0.347616731 0.988308009
vt 0.528723992 0.965913025
vt 0.528723992 0.965913025
vt 0.528723992 0.965913025
vt 0.528723992 0.965913025
vt 0.528723992 0.983439534
vt 0.522881822 0.965913025
vt 0.522881822 0.965913025
vt 0.522881822 0.965913025
vt 0.522881822 0.965913025
vt 0.522881822 0.983439534
vt 0.522881822 0.983439534
vt 0.528723992 0.983439534
vt 0.522881822 0.983439534
vt 0.522881822 0.983439534
vt 0.528723992 0.983439534
vt 0.528723992 0.983439534
vt 0.254142015 0.917228277
vt 0.25511571 0.918201972
vt 0.25511571 0.917228277
vt 0.254142015 0.917228277
vt 0.24927354 0.917228277
vt 0.254142015 0.825700952
vt 0.25511571 0.825700952
vt 0.254142015 0.825700952
vt 0.25511571 0.825700952
vt 0.24927354 0.825700952
vt 0.24927354 0.825700952
vt 0.24927354 0.917228277
vt 0.248299846 0.825700952
vt 0.248299846 0.825700952
vt 0.248299846 0.917228277
vt 0.248299846 0.918201972
vt 0.471275989 0.976623669
vt 0.471275989 0.977597364
vt 0.471275989 0.976623669
vt 0.471275989 0.976623669
vt 0.471275989 0.960070855
vt 0.477118159 0.976623669
vt 0.477118159 0.976623669
vt 0.477118159 0.976623669
vt 0.477118159 0.977597364
vt 0.477118159 0.960070855
vt 0.477118159 0.960070855
vt 0.471275989 0.960070855
vt 0.477118159 0.95909716
vt 0.477118159 0.95909716
vt 0.471275989 0.95909716
vt 0.471275989 0.95909716
vt 0.26095788 0.917228277
vt 0.26095788 0.918201972
vt 0.261931575 0.917228277
vt 0.261931575 0.917228277
vt 0.26095788 0.825700952
vt 0.26680005 0.917228277
vt 0.26680005 0.917228277
vt 0.261931575 0.825700952
vt 0.267773745 0.917228277
vt 0.267773745 0.918201972
vt 0.26680005 0.825700952
vt 0.267773745 0.825700952
vt 0.26680005 0.825700952
vt 0.267773745 0.825700952
vt 0.261931575 0.825700952
vt 0.26095788 0.825700952
vt 0.335932391 0.982465839
vt 0.335932391 0.981492144
vt 0.335932391 0.981492144
vt 0.335932391 0.982465839
vt 0.335932391 0.987334314
vt 0.332037611 0.982465839
vt 0.332037611 0.981492144
vt 0.331063916 0.982465839
vt 0.331063916 0.981492144
vt 0.332037611 0.987334314
vt 0.331063916 0.987334314
vt 0.335932391 0.987334314
vt 0.332037611 0.988308009
vt 0.331063916 0.988308009
vt 0.335932391 0.988308009
vt 0.335932391 0.988308009
vt 0.445959921 0.602724808
vt 0.444986226 0.602724808
vt 0.444986226 0.602724808
vt 0.445959921 0.602724808
vt 0.450828395 0.602724808
vt 0.445959921 0.606619588
vt 0.444986226 0.606619588
vt 0.445959921 0.607593283
vt 0.444986226 0.607593283
vt 0.4498547 0.606619588
vt 0.4498547 0.607593283
vt 0.4498547 0.602724808
vt 0.450828395 0.606619588
vt 0.450828395 0.607593283
vt 0.450828395 0.602724808
vt 0.450828395 0.602724808
vt 0.489776193 0.960070855
vt 0.489776193 0.95909716
vt 0.489776193 0.95909716
vt 0.489776193 0.960070855
vt 0.489776193 0.976623669
vt 0.483934024 0.960070855
vt 0.483934024 0.95909716
vt 0.483934024 0.960070855
vt 0.483934024 0.95909716
vt 0.483934024 0.976623669
vt 0.483934024 0.976623669
vt 0.489776193 0.976623669
vt 0.483934024 0.976623669
vt 0.483934024 0.977597364
vt 0.489776193 0.976623669
vt 0.489776193 0.977597364
vt 0.321326967 0.981492144
vt 0.320353272 0.981492144
vt 0.320353272 0.982465839
vt 0.321326967 0.982465839
vt 0.325221747 0.981492144
vt 0.321326967 0.987334314
vt 0.320353272 0.987334314
vt 0.325221747 0.982465839
vt 0.321326967 0.988308009
vt 0.320353272 0.988308009
vt 0.325221747 0.987334314
vt 0.325221747 0.988308009
vt 0.325221747 0.987334314
vt 0.325221747 0.988308009
vt 0.325221747 0.982465839
vt 0.325221747 0.981492144
vt 0.310616322 0.984413229
vt 0.309642627 0.984413229
vt 0.310616322 0.984413229
vt 0.310616322 0.984413229
vt 0.310616322 0.978571059
vt 0.314511102 0.984413229
vt 0.314511102 0.984413229
vt 0.314511102 0.984413229
vt 0.314511102 0.984413229
vt 0.314511102 0.978571059
vt 0.314511102 0.978571059
vt 0.310616322 0.978571059
vt 0.314511102 0.978571059
vt 0.314511102 0.978571059
vt 0.310616322 0.978571059
vt 0.309642627 0.978571059
vt 0.535539856 0.980518449
vt 0.535539856 0.981492144
vt 0.535539856 0.980518449
vt 0.535539856 0.980518449
vt 0.535539856 0.963965635
vt 0.541382026 0.980518449
vt 0.541382026 0.980518449
vt 0.535539856 0.963965635
vt 0.541382026 0.980518449
vt 0.541382026 0.981492144
vt 0.541382026 0.963965635
vt 0.541382026 0.963965635
vt 0.541382026 0.96299194
vt 0.541382026 0.96299194
vt 0.535539856 0.96299194
vt 0.535539856 0.96299194
vt 0.299905678 0.978571059
vt 0.299905678 0.978571059
vt 0.299905678 0.978571059
vt 0.299905678 0.978571059
vt 0.303800458 0.978571059
vt 0.299905678 0.984413229
vt 0.299905678 0.984413229
vt 0.303800458 0.978571059
vt 0.299905678 0.984413229
vt 0.299905678 0.984413229
vt 0.303800458 0.984413229
vt 0.303800458 0.984413229
vt 0.303800458 0.984413229
vt 0.303800458 0.984413229
vt 0.303800458 0.978571059
vt 0.303800458 0.978571059
vt 0.25511571 0.979544754
vt 0.25511571 0.979544754
vt 0.25511571 0.979544754
vt 0.25511571 0.979544754
vt 0.259984185 0.979544754
vt 0.25511571 0.984413229
vt 0.25511571 0.984413229
vt 0.25511571 0.985386924
vt 0.25511571 0.985386924
vt 0.259984185 0.984413229
vt 0.259984185 0.985386924
vt 0.259984185 0.979544754
vt 0.259984185 0.984413229
vt 0.259984185 0.985386924
vt 0.259984185 0.979544754
vt 0.259984185 0.979544754
vt 0.243431371 0.979544754
vt 0.243431371 0.979544754
vt 0.243431371 0.979544754
vt 0.243431371 0.979544754
vt 0.248299846 0.979544754
vt 0.243431371 0.984413229
vt 0.243431371 0.984413229
vt 0.243431371 0.985386924
vt 0.243431371 0.985386924
vt 0.248299846 0.984413229
vt 0.248299846 0.985386924
vt 0.248299846 0.979544754
vt 0.24927354 0.984413229
vt 0.24927354 0.985386924
vt 0.24927354 0.979544754
vt 0.24927354 0.979544754
vt 0.232720726 0.979544754
vt 0.231747031 0.979544754
vt 0.231747031 0.979544754
vt 0.232720726 0.979544754
vt 0.236615506 0.979544754
vt 0.232720726 0.984413229
vt 0.231747031 0.984413229
vt 0.232720726 0.985386924
vt 0.231747031 0.985386924
vt 0.236615506 0.984413229
vt 0.236615506 0.985386924
vt 0.236615506 0.979544754
vt 0.237589201 0.984413229
vt 0.237589201 0.985386924
vt 0.237589201 0.979544754
vt 0.237589201 0.979544754
vt 0.221036387 0.979544754
vt 0.220062692 0.979544754
vt 0.220062692 0.979544754
vt 0.221036387 0.979544754
vt 0.225904862 0.979544754
vt 0.221036387 0.984413229
vt 0.220062692 0.984413229
vt 0.221036387 0.985386924
vt 0.220062692 0.985386924
vt 0.225904862 0.984413229
vt 0.225904862 0.985386924
vt 0.225904862 0.979544754
vt 0.225904862 0.984413229
vt 0.225904862 0.985386924
vt 0.225904862 0.979544754
vt 0.225904862 0.979544754
vt 0.214220522 0.979544754
vt 0.214220522 0.979544754
vt 0.214220522 0.979544754
vt 0.214220522 0.979544754
vt 0.214220522 0.984413229
vt 0.209352047 0.979544754
vt 0.209352047 0.979544754
vt 0.214220522 0.984413229
vt 0.209352047 0.979544754
vt 0.209352047 0.979544754
vt 0.209352047 0.984413229
vt 0.209352047 0.984413229
vt 0.209352047 0.985386924
vt 0.209352047 0.985386924
vt 0.214220522 0.985386924
vt 0.214220522 0.985386924
vt 0.203509878 0.979544754
vt 0.203509878 0.979544754
vt 0.202536183 0.979544754
vt 0.202536183 0.979544754
vt 0.203509878 0.984413229
vt 0.197667708 0.979544754
vt 0.197667708 0.979544754
vt 0.202536183 0.984413229
vt 0.197667708 0.979544754
vt 0.197667708 0.979544754
vt 0.197667708 0.984413229
vt 0.197667708 0.984413229
vt 0.197667708 0.985386924
vt 0.197667708 0.985386924
vt 0.202536183 0.985386924
vt 0.203509878 0.985386924
vt 0.186957064 0.979544754
vt 0.185983369 0.979544754
vt 0.185983369 0.979544754
vt 0.186957064 0.979544754
vt 0.190851843 0.979544754
vt 0.186957064 0.984413229
vt 0.185983369 0.984413229
vt 0.190851843 0.979544754
vt 0.186957064 0.985386924
vt 0.185983369 0.985386924
vt 0.190851843 0.984413229
vt 0.190851843 0.985386924
vt 0.191825538 0.984413229
vt 0.191825538 0.985386924
vt 0.191825538 0.979544754
vt 0.191825538 0.979544754
vt 0.174299029 0.988308009
vt 0.174299029 0.988308009
vt 0.175272724 0.989281704
vt 0.175272724 0.988308009
vt 0.174299029 0.983439534
vt 0.180141199 0.988308009
vt 0.180141199 0.989281704
vt 0.180141199 0.988308009
vt 0.180141199 0.988308009
vt 0.180141199 0.983439534
vt 0.180141199 0.983439534
vt 0.175272724 0.983439534
vt 0.180141199 0.982465839
vt 0.180141199 0.982465839
vt 0.175272724 0.982465839
vt 0.174299029 0.982465839
vt 0.542355721 0.907491328
vt 0.547224196 0.907491328
vt 0.547224196 0.828622037
vt 0.542355721 0.828622037
vt 0.571566569 0.828622037
vt 0.566698095 0.828622037
vt 0.566698095 0.907491328
vt 0.571566569 0.907491328
vt 0.591040468 0.907491328
vt 0.594935248 0.907491328
vt 0.594935248 0.828622037
vt 0.591040468 0.828622037
vt 0.619277622 0.811095527
vt 0.614409147 0.811095527
vt 0.614409147 0.889964818
vt 0.619277622 0.889964818
vt 0.639725216 0.889964818
vt 0.644593691 0.889964818
vt 0.644593691 0.811095527
vt 0.639725216 0.811095527
vt 0.66796237 0.811095527
vt 0.66406759 0.811095527
vt 0.66406759 0.889964818
vt 0.66796237 0.889964818
vt 0.687436269 0.889964818
vt 0.692304743 0.889964818
vt 0.692304743 0.811095527
vt 0.687436269 0.811095527
vt 0.716647117 0.810121832
vt 0.711778642 0.810121832
vt 0.711778642 0.888017429
vt 0.716647117 0.888017429
vt 0.535539856 0.828622037
vt 0.536513551 0.907491328
vt 0.536513551 0.828622037
vt 0.535539856 0.907491328
vt 0.530671381 0.907491328
vt 0.530671381 0.828622037
vt 0.529697686 0.828622037
vt 0.529697686 0.907491328
vt 0.55988223 0.828622037
vt 0.560855925 0.907491328
vt 0.560855925 0.828622037
vt 0.55988223 0.907491328
vt 0.55404006 0.907491328
vt 0.55404006 0.828622037
vt 0.55404006 0.828622037
vt 0.55404006 0.907491328
vt 0.584224604 0.828622037
vt 0.584224604 0.907491328
vt 0.584224604 0.828622037
vt 0.584224604 0.907491328
vt 0.578382434 0.907491328
vt 0.578382434 0.828622037
vt 0.577408739 0.828622037
vt 0.577408739 0.907491328
vt 0.607593283 0.811095527
vt 0.608566978 0.889964818
vt 0.608566978 0.811095527
vt 0.607593283 0.889964818
vt 0.602724808 0.889964818
vt 0.602724808 0.811095527
vt 0.601751113 0.811095527
vt 0.601751113 0.889964818
vt 0.632909351 0.811095527
vt 0.633883046 0.889964818
vt 0.633883046 0.811095527
vt 0.632909351 0.889964818
vt 0.627067182 0.889964818
vt 0.627067182 0.811095527
vt 0.627067182 0.811095527
vt 0.627067182 0.889964818
vt 0.657251725 0.811095527
vt 0.657251725 0.889964818
vt 0.657251725 0.811095527
vt 0.657251725 0.889964818
vt 0.651409555 0.889964818
vt 0.651409555 0.811095527
vt 0.65043586 0.811095527
vt 0.65043586 0.889964818
vt 0.680620404 0.811095527
vt 0.681594099 0.889964818
vt 0.681594099 0.811095527
vt 0.680620404 0.889964818
vt 0.675751929 0.889964818
vt 0.675751929 0.811095527
vt 0.674778234 0.811095527
vt 0.674778234 0.889964818
vt 0.704962778 0.811095527
vt 0.704962778 0.889964818
vt 0.704962778 0.811095527
vt 0.704962778 0.889964818
vt 0.699120608 0.889964818
vt 0.699120608 0.811095527
vt 0.699120608 0.811095527
vt 0.699120608 0.889964818
vt 0.76825295 0.960070855
vt 0.76825295 0.960070855
vt 0.769226645 0.95909716
vt 0.76825295 0.95909716
vt 0.76435817 0.960070855
vt 0.76825295 0.952281295
vt 0.769226645 0.952281295
vt 0.76435817 0.95909716
vt 0.76825295 0.9513076
vt 0.76825295 0.9513076
vt 0.76435817 0.952281295
vt 0.76435817 0.9513076
vt 0.763384475 0.952281295
vt 0.763384475 0.9513076
vt 0.763384475 0.95909716
vt 0.763384475 0.960070855
vt 0.395327783 0.172351639
vt 0.396301478 0.171377944
vt 0.396301478 0.171377944
vt 0.395327783 0.171377944
vt 0.388511919 0.172351639
vt 0.395327783 0.00292871775
vt 0.396301478 0.00292871775
vt 0.388511919 0.171377944
vt 0.395327783 0.0019550228
vt 0.396301478 0.0019550228
vt 0.388511919 0.00292871775
vt 0.388511919 0.0019550228
vt 0.387538224 0.00292871775
vt 0.387538224 0.0019550228
vt 0.387538224 0.171377944
vt 0.387538224 0.171377944
vt 0.402143648 0.171377944
vt 0.403117343 0.171377944
vt 0.403117343 0.172351639
vt 0.403117343 0.171377944
vt 0.402143648 0.00292871775
vt 0.407012123 0.171377944
vt 0.407012123 0.172351639
vt 0.407985818 0.171377944
vt 0.407985818 0.171377944
vt 0.407012123 0.00292871775
vt 0.407985818 0.00292871775
vt 0.403117343 0.00292871775
vt 0.407012123 0.0019550228
vt 0.407985818 0.0019550228
vt 0.403117343 0.0019550228
vt 0.403117343 0.0019550228
vt 0.776042509 0.95909716
vt 0.776042509 0.960070855
vt 0.777016204 0.960070855
vt 0.777016204 0.95909716
vt 0.776042509 0.952281295
vt 0.780910984 0.95909716
vt 0.780910984 0.960070855
vt 0.781884679 0.95909716
vt 0.781884679 0.960070855
vt 0.780910984 0.952281295
vt 0.781884679 0.952281295
vt 0.777016204 0.952281295
vt 0.780910984 0.9513076
vt 0.781884679 0.9513076
vt 0.777016204 0.9513076
vt 0.776042509 0.9513076
vt 0.415775377 0.0019550228
vt 0.415775377 0.0019550228
vt 0.415775377 0.00292871775
vt 0.415775377 0.00292871775
vt 0.423564937 0.0019550228
vt 0.415775377 0.171377944
vt 0.415775377 0.171377944
vt 0.423564937 0.00292871775
vt 0.415775377 0.172351639
vt 0.415775377 0.171377944
vt 0.423564937 0.171377944
vt 0.423564937 0.172351639
vt 0.423564937 0.171377944
vt 0.423564937 0.171377944
vt 0.423564937 0.00292871775
vt 0.423564937 0.0019550228
vt 0.431354496 0.0019550228
vt 0.430380801 0.0019550228
vt 0.430380801 0.00292871775
vt 0.431354496 0.00292871775
vt 0.435249276 0.0019550228
vt 0.431354496 0.171377944
vt 0.430380801 0.171377944
vt 0.435249276 0.00292871775
vt 0.431354496 0.172351639
vt 0.430380801 0.171377944
vt 0.435249276 0.171377944
vt 0.435249276 0.172351639
vt 0.435249276 0.171377944
vt 0.435249276 0.171377944
vt 0.435249276 0.00292871775
vt 0.435249276 0.0019550228
vt 0.793569018 0.96493933
vt 0.794542713 0.96493933
vt 0.794542713 0.96493933
vt 0.793569018 0.96493933
vt 0.789674239 0.96493933
vt 0.793569018 0.95714977
vt 0.794542713 0.95714977
vt 0.789674239 0.96493933
vt 0.793569018 0.956176075
vt 0.794542713 0.95714977
vt 0.789674239 0.95714977
vt 0.789674239 0.956176075
vt 0.789674239 0.95714977
vt 0.789674239 0.95714977
vt 0.789674239 0.96493933
vt 0.789674239 0.96493933
vt 0.450828395 0.172351639
vt 0.45180209 0.171377944
vt 0.45180209 0.171377944
vt 0.450828395 0.171377944
vt 0.444012531 0.172351639
vt 0.450828395 0.00292871775
vt 0.45180209 0.00292871775
vt 0.444012531 0.171377944
vt 0.450828395 0.0019550228
vt 0.45180209 0.0019550228
vt 0.444012531 0.00292871775
vt 0.444012531 0.0019550228
vt 0.443038836 0.00292871775
vt 0.443038836 0.0019550228
vt 0.443038836 0.171377944
vt 0.443038836 0.171377944
vt 0.45764426 0.171377944
vt 0.45764426 0.171377944
vt 0.458617955 0.172351639
vt 0.458617955 0.171377944
vt 0.45764426 0.00292871775
vt 0.462512735 0.171377944
vt 0.462512735 0.172351639
vt 0.46348643 0.171377944
vt 0.46348643 0.171377944
vt 0.462512735 0.00292871775
vt 0.46348643 0.00292871775
vt 0.458617955 0.00292871775
vt 0.462512735 0.0019550228
vt 0.46348643 0.0019550228
vt 0.458617955 0.0019550228
vt 0.45764426 0.0019550228
vt 0.802332273 0.96493933
vt 0.802332273 0.96493933
vt 0.802332273 0.96493933
vt 0.802332273 0.96493933
vt 0.802332273 0.95714977
vt 0.807200748 0.96493933
vt 0.807200748 0.96493933
vt 0.807200748 0.96493933
vt 0.807200748 0.96493933
vt 0.807200748 0.95714977
vt 0.807200748 0.95714977
vt 0.802332273 0.95714977
vt 0.807200748 0.956176075
vt 0.807200748 0.95714977
vt 0.802332273 0.956176075
vt 0.802332273 0.95714977
vt 0.471275989 0.0019550228
vt 0.471275989 0.0019550228
vt 0.471275989 0.00292871775
vt 0.471275989 0.00292871775
vt 0.479065549 0.0019550228
vt 0.471275989 0.171377944
vt 0.471275989 0.171377944
vt 0.479065549 0.00292871775
vt 0.471275989 0.172351639
vt 0.471275989 0.171377944
vt 0.479065549 0.171377944
vt 0.479065549 0.172351639
vt 0.479065549 0.171377944
vt 0.479065549 0.171377944
vt 0.479065549 0.00292871775
vt 0.479065549 0.0019550228
vt 0.485881414 0.0019550228
vt 0.485881414 0.0019550228
vt 0.485881414 0.00292871775
vt 0.485881414 0.00292871775
vt 0.490749888 0.0019550228
vt 0.485881414 0.171377944
vt 0.485881414 0.171377944
vt 0.490749888 0.00292871775
vt 0.485881414 0.172351639
vt 0.485881414 0.171377944
vt 0.490749888 0.171377944
vt 0.490749888 0.172351639
vt 0.490749888 0.171377944
vt 0.490749888 0.171377944
vt 0.490749888 0.00292871775
vt 0.490749888 0.0019550228
vt 0.819858782 0.96493933
vt 0.820832477 0.96493933
vt 0.820832477 0.96493933
vt 0.819858782 0.96493933
vt 0.815964002 0.96493933
vt 0.819858782 0.95714977
vt 0.820832477 0.95714977
vt 0.815964002 0.96493933
vt 0.819858782 0.956176075
vt 0.820832477 0.95714977
vt 0.815964002 0.95714977
vt 0.815964002 0.956176075
vt 0.814990307 0.95714977
vt 0.814990307 0.95714977
vt 0.814990307 0.96493933
vt 0.814990307 0.96493933
vt 0.506329008 0.172351639
vt 0.507302703 0.171377944
vt 0.507302703 0.171377944
vt 0.506329008 0.171377944
vt 0.499513143 0.172351639
vt 0.506329008 0.00292871775
vt 0.507302703 0.00292871775
vt 0.499513143 0.171377944
vt 0.506329008 0.0019550228
vt 0.507302703 0.0019550228
vt 0.499513143 0.00292871775
vt 0.499513143 0.0019550228
vt 0.498539448 0.00292871775
vt 0.498539448 0.0019550228
vt 0.498539448 0.171377944
vt 0.498539448 0.171377944
vt 0.513144872 0.171377944
vt 0.513144872 0.171377944
vt 0.514118567 0.172351639
vt 0.514118567 0.171377944
vt 0.513144872 0.00292871775
vt 0.518013347 0.171377944
vt 0.518013347 0.172351639
vt 0.518987042 0.171377944
vt 0.518987042 0.171377944
vt 0.518013347 0.00292871775
vt 0.518987042 0.00292871775
vt 0.514118567 0.00292871775
vt 0.518013347 0.0019550228
vt 0.518987042 0.0019550228
vt 0.514118567 0.0019550228
vt 0.513144872 0.0019550228
vt 0.827648342 0.96493933
vt 0.827648342 0.96493933
vt 0.828622037 0.965913025
vt 0.828622037 0.96493933
vt 0.827648342 0.95714977
vt 0.832516816 0.96493933
vt 0.832516816 0.965913025
vt 0.833490511 0.96493933
vt 0.833490511 0.96493933
vt 0.832516816 0.95714977
vt 0.833490511 0.95714977
vt 0.828622037 0.95714977
vt 0.832516816 0.95714977
vt 0.833490511 0.95714977
vt 0.828622037 0.95714977
vt 0.827648342 0.95714977
vt 0.526776602 0.0019550228
vt 0.526776602 0.0019550228
vt 0.525802907 0.00292871775
vt 0.526776602 0.00292871775
vt 0.534566161 0.0019550228
vt 0.526776602 0.171377944
vt 0.525802907 0.171377944
vt 0.534566161 0.00292871775
vt 0.526776602 0.172351639
vt 0.526776602 0.171377944
vt 0.534566161 0.171377944
vt 0.534566161 0.172351639
vt 0.534566161 0.171377944
vt 0.534566161 0.171377944
vt 0.534566161 0.00292871775
vt 0.534566161 0.0019550228
vt 0.541382026 0.0019550228
vt 0.541382026 0.0019550228
vt 0.541382026 0.00292871775
vt 0.541382026 0.00292871775
vt 0.546250501 0.0019550228
vt 0.541382026 0.171377944
vt 0.541382026 0.171377944
vt 0.546250501 0.00292871775
vt 0.541382026 0.172351639
vt 0.541382026 0.171377944
vt 0.546250501 0.171377944
vt 0.546250501 0.172351639
vt 0.546250501 0.171377944
vt 0.546250501 0.171377944
vt 0.546250501 0.00292871775
vt 0.546250501 0.0019550228
vt 0.846148546 0.965913025
vt 0.846148546 0.96493933
vt 0.846148546 0.96493933
vt 0.846148546 0.96493933
vt 0.841280071 0.965913025
vt 0.846148546 0.95714977
vt 0.846148546 0.95714977
vt 0.841280071 0.96493933
vt 0.846148546 0.95714977
vt 0.846148546 0.95714977
vt 0.841280071 0.95714977
vt 0.841280071 0.95714977
vt 0.841280071 0.95714977
vt 0.841280071 0.95714977
vt 0.841280071 0.96493933
vt 0.841280071 0.96493933
vt 0.56182962 0.172351639
vt 0.56182962 0.171377944
vt 0.562803315 0.171377944
vt 0.56182962 0.171377944
vt 0.555013755 0.172351639
vt 0.56182962 0.00292871775
vt 0.562803315 0.00292871775
vt 0.555013755 0.171377944
vt 0.56182962 0.0019550228
vt 0.56182962 0.0019550228
vt 0.555013755 0.00292871775
vt 0.555013755 0.0019550228
vt 0.55404006 0.00292871775
vt 0.55404006 0.0019550228
vt 0.55404006 0.171377944
vt 0.55404006 0.171377944
vt 0.568645485 0.171377944
vt 0.568645485 0.171377944
vt 0.569619179 0.172351639
vt 0.569619179 0.171377944
vt 0.568645485 0.00292871775
vt 0.573513959 0.171377944
vt 0.573513959 0.172351639
vt 0.574487654 0.171377944
vt 0.573513959 0.171377944
vt 0.573513959 0.00292871775
vt 0.574487654 0.00292871775
vt 0.569619179 0.00292871775
vt 0.573513959 0.0019550228
vt 0.573513959 0.0019550228
vt 0.569619179 0.0019550228
vt 0.568645485 0.0019550228
vt 0.853938105 0.96493933
vt 0.853938105 0.96493933
vt 0.8549118 0.965913025
vt 0.8549118 0.96493933
vt 0.853938105 0.95714977
vt 0.85880658 0.96493933
vt 0.85880658 0.965913025
vt 0.85880658 0.96493933
vt 0.85880658 0.96493933
vt 0.85880658 0.95714977
vt 0.85880658 0.95714977
vt 0.8549118 0.95714977
vt 0.85880658 0.95714977
vt 0.85880658 0.95714977
vt 0.8549118 0.95714977
vt 0.853938105 0.95714977
vt 0.582277214 0.0019550228
vt 0.581303519 0.0019550228
vt 0.581303519 0.00292871775
vt 0.582277214 0.00292871775
vt 0.589093079 0.0019550228
vt 0.582277214 0.171377944
vt 0.581303519 0.171377944
vt 0.589093079 0.00292871775
vt 0.582277214 0.172351639
vt 0.581303519 0.171377944
vt 0.589093079 0.171377944
vt 0.589093079 0.172351639
vt 0.590066773 0.171377944
vt 0.590066773 0.171377944
vt 0.590066773 0.00292871775
vt 0.590066773 0.0019550228
vt 0.596882638 0.0019550228
vt 0.596882638 0.0019550228
vt 0.595908943 0.00292871775
vt 0.596882638 0.00292871775
vt 0.600777418 0.0019550228
vt 0.596882638 0.171377944
vt 0.595908943 0.171377944
vt 0.600777418 0.00292871775
vt 0.596882638 0.172351639
vt 0.596882638 0.171377944
vt 0.600777418 0.171377944
vt 0.600777418 0.172351639
vt 0.601751113 0.171377944
vt 0.601751113 0.171377944
vt 0.601751113 0.00292871775
vt 0.601751113 0.0019550228
vt 0.871464614 0.963965635
vt 0.872438309 0.963965635
vt 0.872438309 0.96299194
vt 0.871464614 0.96299194
vt 0.867569835 0.963965635
vt 0.871464614 0.956176075
vt 0.872438309 0.956176075
vt 0.867569835 0.96299194
vt 0.871464614 0.95520238
vt 0.872438309 0.95520238
vt 0.867569835 0.956176075
vt 0.867569835 0.95520238
vt 0.86659614 0.956176075
vt 0.86659614 0.95520238
vt 0.86659614 0.96299194
vt 0.86659614 0.963965635
vt 0.617330232 0.172351639
vt 0.617330232 0.171377944
vt 0.617330232 0.171377944
vt 0.617330232 0.171377944
vt 0.609540672 0.172351639
vt 0.617330232 0.00292871775
vt 0.617330232 0.00292871775
vt 0.609540672 0.171377944
vt 0.617330232 0.0019550228
vt 0.617330232 0.0019550228
vt 0.609540672 0.00292871775
vt 0.609540672 0.0019550228
vt 0.609540672 0.00292871775
vt 0.609540672 0.0019550228
vt 0.609540672 0.171377944
vt 0.609540672 0.171377944
vt 0.625119792 0.171377944
vt 0.625119792 0.171377944
vt 0.626093487 0.172351639
vt 0.626093487 0.171377944
vt 0.625119792 0.00292871775
vt 0.629988266 0.171377944
vt 0.629988266 0.172351639
vt 0.629988266 0.171377944
vt 0.629988266 0.171377944
vt 0.629988266 0.00292871775
vt 0.629988266 0.00292871775
vt 0.626093487 0.00292871775
vt 0.629988266 0.0019550228
vt 0.629988266 0.0019550228
vt 0.626093487 0.0019550228
vt 0.625119792 0.0019550228
vt 0.880227869 0.96299194
vt 0.881201564 0.963965635
vt 0.881201564 0.963965635
vt 0.881201564 0.96299194
vt 0.880227869 0.956176075
vt 0.885096344 0.96299194
vt 0.885096344 0.963965635
vt 0.886070039 0.96299194
vt 0.886070039 0.963965635
vt 0.885096344 0.956176075
vt 0.886070039 0.956176075
vt 0.881201564 0.956176075
vt 0.885096344 0.95520238
vt 0.886070039 0.95520238
vt 0.881201564 0.95520238
vt 0.881201564 0.95520238
vt 0.638751521 0.0019550228
vt 0.637777826 0.0019550228
vt 0.637777826 0.00292871775
vt 0.638751521 0.00292871775
vt 0.645567386 0.0019550228
vt 0.638751521 0.171377944
vt 0.637777826 0.171377944
vt 0.645567386 0.00292871775
vt 0.638751521 0.172351639
vt 0.637777826 0.171377944
vt 0.645567386 0.171377944
vt 0.645567386 0.172351639
vt 0.646541081 0.171377944
vt 0.646541081 0.171377944
vt 0.646541081 0.00292871775
vt 0.646541081 0.0019550228
vt 0.653356945 0.0019550228
vt 0.65238325 0.0019550228
vt 0.65238325 0.00292871775
vt 0.653356945 0.00292871775
vt 0.657251725 0.0019550228
vt 0.653356945 0.171377944
vt 0.65238325 0.171377944
vt 0.657251725 0.00292871775
vt 0.653356945 0.172351639
vt 0.65238325 0.171377944
vt 0.657251725 0.171377944
vt 0.657251725 0.172351639
vt 0.65822542 0.171377944
vt 0.65822542 0.171377944
vt 0.65822542 0.00292871775
vt 0.65822542 0.0019550228
vt 0.898728073 0.963965635
vt 0.898728073 0.963965635
vt 0.898728073 0.96299194
vt 0.898728073 0.96299194
vt 0.893859598 0.963965635
vt 0.898728073 0.956176075
vt 0.898728073 0.956176075
vt 0.893859598 0.96299194
vt 0.898728073 0.95520238
vt 0.898728073 0.95520238
vt 0.893859598 0.956176075
vt 0.893859598 0.95520238
vt 0.893859598 0.956176075
vt 0.893859598 0.95520238
vt 0.893859598 0.96299194
vt 0.893859598 0.963965635
vt 0.673804539 0.172351639
vt 0.673804539 0.171377944
vt 0.673804539 0.171377944
vt 0.673804539 0.171377944
vt 0.66601498 0.172351639
vt 0.673804539 0.00292871775
vt 0.673804539 0.00292871775
vt 0.66601498 0.171377944
vt 0.673804539 0.0019550228
vt 0.673804539 0.0019550228
vt 0.66601498 0.00292871775
vt 0.66601498 0.0019550228
vt 0.66601498 0.00292871775
vt 0.66601498 0.0019550228
vt 0.66601498 0.171377944
vt 0.66601498 0.171377944
vt 0.680620404 0.171377944
vt 0.680620404 0.171377944
vt 0.680620404 0.172351639
vt 0.680620404 0.171377944
vt 0.680620404 0.00292871775
vt 0.685488879 0.171377944
vt 0.685488879 0.172351639
vt 0.685488879 0.171377944
vt 0.685488879 0.171377944
vt 0.685488879 0.00292871775
vt 0.685488879 0.00292871775
vt 0.680620404 0.00292871775
vt 0.685488879 0.0019550228
vt 0.685488879 0.0019550228
vt 0.680620404 0.0019550228
vt 0.680620404 0.0019550228
vt 0.906517633 0.96299194
vt 0.906517633 0.963965635
vt 0.907491328 0.963965635
vt 0.907491328 0.96299194
vt 0.906517633 0.956176075
vt 0.911386107 0.96299194
vt 0.911386107 0.963965635
vt 0.912359802 0.96299194
vt 0.911386107 0.963965635
vt 0.911386107 0.956176075
vt 0.912359802 0.956176075
vt 0.907491328 0.956176075
vt 0.911386107 0.95520238
vt 0.911386107 0.95520238
vt 0.907491328 0.95520238
vt 0.906517633 0.95520238
vt 0.694252133 0.0019550228
vt 0.693278438 0.0019550228
vt 0.693278438 0.00292871775
vt 0.694252133 0.00292871775
vt 0.701067998 0.0019550228
vt 0.694252133 0.171377944
vt 0.693278438 0.171377944
vt 0.701067998 0.00292871775
vt 0.694252133 0.172351639
vt 0.693278438 0.171377944
vt 0.701067998 0.171377944
vt 0.701067998 0.172351639
vt 0.702041693 0.171377944
vt 0.702041693 0.171377944
vt 0.702041693 0.00292871775
vt 0.702041693 0.0019550228
vt 0.708857558 0.0019550228
vt 0.707883863 0.0019550228
vt 0.707883863 0.00292871775
vt 0.708857558 0.00292871775
vt 0.712752337 0.0019550228
vt 0.708857558 0.171377944
vt 0.707883863 0.171377944
vt 0.712752337 0.00292871775
vt 0.708857558 0.172351639
vt 0.707883863 0.171377944
vt 0.712752337 0.171377944
vt 0.712752337 0.172351639
vt 0.713726032 0.171377944
vt 0.713726032 0.171377944
vt 0.713726032 0.00292871775
vt 0.713726032 0.0019550228
vt 0.924044142 0.963965635
vt 0.925017837 0.963965635
vt 0.925017837 0.96299194
vt 0.924044142 0.96299194
vt 0.920149362 0.963965635
vt 0.924044142 0.956176075
vt 0.925017837 0.956176075
vt 0.920149362 0.96299194
vt 0.924044142 0.95520238
vt 0.925017837 0.95520238
vt 0.920149362 0.956176075
vt 0.920149362 0.95520238
vt 0.919175667 0.956176075
vt 0.919175667 0.95520238
vt 0.919175667 0.96299194
vt 0.919175667 0.963965635
vt 0.728331457 0.172351639
vt 0.729305152 0.171377944
vt 0.729305152 0.171377944
vt 0.728331457 0.171377944
vt 0.721515592 0.172351639
vt 0.728331457 0.00292871775
vt 0.729305152 0.00292871775
vt 0.721515592 0.171377944
vt 0.728331457 0.0019550228
vt 0.729305152 0.0019550228
vt 0.721515592 0.00292871775
vt 0.721515592 0.0019550228
vt 0.720541897 0.00292871775
vt 0.721515592 0.0019550228
vt 0.720541897 0.171377944
vt 0.721515592 0.171377944
vt 0.736121016 0.171377944
vt 0.736121016 0.171377944
vt 0.736121016 0.172351639
vt 0.736121016 0.171377944
vt 0.736121016 0.00292871775
vt 0.740989491 0.171377944
vt 0.740989491 0.172351639
vt 0.740989491 0.171377944
vt 0.740989491 0.171377944
vt 0.740989491 0.00292871775
vt 0.740989491 0.00292871775
vt 0.736121016 0.00292871775
vt 0.740989491 0.0019550228
vt 0.740989491 0.0019550228
vt 0.736121016 0.0019550228
vt 0.736121016 0.0019550228
vt 0.931833701 0.96299194
vt 0.932807396 0.963965635
vt 0.932807396 0.963965635
vt 0.932807396 0.96299194
vt 0.931833701 0.956176075
vt 0.936702176 0.96299194
vt 0.936702176 0.963965635
vt 0.937675871 0.96299194
vt 0.937675871 0.963965635
vt 0.936702176 0.956176075
vt 0.937675871 0.956176075
vt 0.932807396 0.956176075
vt 0.936702176 0.95520238
vt 0.937675871 0.95520238
vt 0.932807396 0.95520238
vt 0.932807396 0.95520238
vt 0.748779051 0.0019550228
vt 0.748779051 0.0019550228
vt 0.748779051 0.00292871775
vt 0.748779051 0.00292871775
vt 0.75656861 0.0019550228
vt 0.748779051 0.171377944
vt 0.748779051 0.171377944
vt 0.75656861 0.00292871775
vt 0.748779051 0.172351639
vt 0.748779051 0.171377944
vt 0.75656861 0.171377944
vt 0.75656861 0.172351639
vt 0.757542305 0.171377944
vt 0.75656861 0.171377944
vt 0.757542305 0.00292871775
vt 0.75656861 0.0019550228
vt 0.76435817 0.0019550228
vt 0.763384475 0.0019550228
vt 0.763384475 0.00292871775
vt 0.76435817 0.00292871775
vt 0.76825295 0.0019550228
vt 0.76435817 0.171377944
vt 0.763384475 0.171377944
vt 0.76825295 0.00292871775
vt 0.76435817 0.172351639
vt 0.763384475 0.171377944
vt 0.76825295 0.171377944
vt 0.76825295 0.172351639
vt 0.769226645 0.171377944
vt 0.76825295 0.171377944
vt 0.769226645 0.00292871775
vt 0.76825295 0.0019550228
vt 0.948386516 0.95714977
vt 0.948386516 0.95714977
vt 0.948386516 0.956176075
vt 0.948386516 0.956176075
vt 0.943518041 0.95714977
vt 0.948386516 0.949360211
vt 0.948386516 0.949360211
vt 0.943518041 0.956176075
vt 0.948386516 0.948386516
vt 0.948386516 0.948386516
vt 0.943518041 0.949360211
vt 0.943518041 0.948386516
vt 0.943518041 0.949360211
vt 0.943518041 0.948386516
vt 0.943518041 0.956176075
vt 0.943518041 0.95714977
vt 0.783832069 0.172351639
vt 0.784805764 0.171377944
vt 0.784805764 0.171377944
vt 0.783832069 0.171377944
vt 0.777016204 0.172351639
vt 0.783832069 0.00292871775
vt 0.784805764 0.00292871775
vt 0.777016204 0.171377944
vt 0.783832069 0.0019550228
vt 0.784805764 0.0019550228
vt 0.777016204 0.00292871775
vt 0.777016204 0.0019550228
vt 0.776042509 0.00292871775
vt 0.776042509 0.0019550228
vt 0.776042509 0.171377944
vt 0.776042509 0.171377944
vt 0.790647933 0.171377944
vt 0.791621628 0.171377944
vt 0.791621628 0.172351639
vt 0.791621628 0.171377944
vt 0.790647933 0.00292871775
vt 0.795516408 0.171377944
vt 0.795516408 0.172351639
vt 0.796490103 0.171377944
vt 0.796490103 0.171377944
vt 0.795516408 0.00292871775
vt 0.796490103 0.00292871775
vt 0.791621628 0.00292871775
vt 0.795516408 0.0019550228
vt 0.796490103 0.0019550228
vt 0.791621628 0.0019550228
vt 0.791621628 0.0019550228
vt 0.931833701 0.975649974
vt 0.931833701 0.975649974
vt 0.932807396 0.975649974
vt 0.932807396 0.975649974
vt 0.931833701 0.967860415
vt 0.936702176 0.975649974
vt 0.936702176 0.975649974
vt 0.937675871 0.975649974
vt 0.937675871 0.975649974
vt 0.936702176 0.967860415
vt 0.937675871 0.967860415
vt 0.932807396 0.967860415
vt 0.936702176 0.967860415
vt 0.937675871 0.967860415
vt 0.932807396 0.967860415
vt 0.931833701 0.967860415
vt 0.804279663 0.0019550228
vt 0.804279663 0.0019550228
vt 0.804279663 0.00292871775
vt 0.804279663 0.00292871775
vt 0.812069222 0.0019550228
vt 0.804279663 0.171377944
vt 0.804279663 0.171377944
vt 0.812069222 0.00292871775
vt 0.804279663 0.172351639
vt 0.804279663 0.171377944
vt 0.812069222 0.171377944
vt 0.812069222 0.172351639
vt 0.812069222 0.171377944
vt 0.812069222 0.171377944
vt 0.812069222 0.00292871775
vt 0.812069222 0.0019550228
vt 0.818885087 0.0019550228
vt 0.818885087 0.0019550228
vt 0.818885087 0.00292871775
vt 0.818885087 0.00292871775
vt 0.823753562 0.0019550228
vt 0.818885087 0.171377944
vt 0.818885087 0.171377944
vt 0.823753562 0.00292871775
vt 0.818885087 0.172351639
vt 0.818885087 0.171377944
vt 0.823753562 0.171377944
vt 0.823753562 0.172351639
vt 0.823753562 0.171377944
vt 0.823753562 0.171377944
vt 0.823753562 0.00292871775
vt 0.823753562 0.0019550228
vt 0.925991532 0.975649974
vt 0.925991532 0.975649974
vt 0.925991532 0.975649974
vt 0.925991532 0.975649974
vt 0.921123057 0.975649974
vt 0.925991532 0.967860415
vt 0.925991532 0.967860415
vt 0.921123057 0.975649974
vt 0.925991532 0.967860415
vt 0.925991532 0.967860415
vt 0.921123057 0.967860415
vt 0.921123057 0.967860415
vt 0.921123057 0.967860415
vt 0.921123057 0.967860415
vt 0.921123057 0.975649974
vt 0.921123057 0.975649974
vt 0.839332681 0.172351639
vt 0.840306376 0.171377944
vt 0.840306376 0.171377944
vt 0.839332681 0.171377944
vt 0.832516816 0.172351639
vt 0.839332681 0.00292871775
vt 0.840306376 0.00292871775
vt 0.832516816 0.171377944
vt 0.839332681 0.0019550228
vt 0.840306376 0.0019550228
vt 0.832516816 0.00292871775
vt 0.832516816 0.0019550228
vt 0.831543121 0.00292871775
vt 0.831543121 0.0019550228
vt 0.831543121 0.171377944
vt 0.831543121 0.171377944
vt 0.846148546 0.171377944
vt 0.846148546 0.171377944
vt 0.847122241 0.172351639
vt 0.847122241 0.171377944
vt 0.846148546 0.00292871775
vt 0.85101702 0.171377944
vt 0.85101702 0.172351639
vt 0.851990715 0.171377944
vt 0.851990715 0.171377944
vt 0.85101702 0.00292871775
vt 0.851990715 0.00292871775
vt 0.847122241 0.00292871775
vt 0.85101702 0.0019550228
vt 0.851990715 0.0019550228
vt 0.847122241 0.0019550228
vt 0.846148546 0.0019550228
vt 0.909438718 0.975649974
vt 0.909438718 0.975649974
vt 0.910412412 0.975649974
vt 0.910412412 0.975649974
vt 0.909438718 0.967860415
vt 0.914307192 0.975649974
vt 0.914307192 0.975649974
vt 0.915280887 0.975649974
vt 0.915280887 0.975649974
vt 0.914307192 0.967860415
vt 0.915280887 0.967860415
vt 0.910412412 0.967860415
vt 0.914307192 0.967860415
vt 0.915280887 0.967860415
vt 0.910412412 0.967860415
vt 0.909438718 0.967860415
vt 0.859780275 0.0019550228
vt 0.859780275 0.0019550228
vt 0.859780275 0.00292871775
vt 0.859780275 0.00292871775
vt 0.867569835 0.0019550228
vt 0.859780275 0.171377944
vt 0.859780275 0.171377944
vt 0.867569835 0.00292871775
vt 0.859780275 0.172351639
vt 0.859780275 0.171377944
vt 0.867569835 0.171377944
vt 0.867569835 0.172351639
vt 0.867569835 0.171377944
vt 0.867569835 0.171377944
vt 0.867569835 0.00292871775
vt 0.867569835 0.0019550228
vt 0.875359394 0.0019550228
vt 0.875359394 0.0019550228
vt 0.875359394 0.00292871775
vt 0.875359394 0.00292871775
vt 0.880227869 0.0019550228
vt 0.875359394 0.171377944
vt 0.875359394 0.171377944
vt 0.880227869 0.00292871775
vt 0.875359394 0.172351639
vt 0.875359394 0.171377944
vt 0.880227869 0.171377944
vt 0.880227869 0.172351639
vt 0.880227869 0.171377944
vt 0.880227869 0.171377944
vt 0.880227869 0.00292871775
vt 0.880227869 0.0019550228
vt 0.902622853 0.975649974
vt 0.903596548 0.975649974
vt 0.903596548 0.975649974
vt 0.902622853 0.975649974
vt 0.898728073 0.975649974
vt 0.902622853 0.967860415
vt 0.903596548 0.967860415
vt 0.898728073 0.975649974
vt 0.902622853 0.967860415
vt 0.903596548 0.967860415
vt 0.898728073 0.967860415
vt 0.898728073 0.967860415
vt 0.898728073 0.967860415
vt 0.898728073 0.967860415
vt 0.898728073 0.975649974
vt 0.898728073 0.975649974
vt 0.895806988 0.172351639
vt 0.896780683 0.171377944
vt 0.896780683 0.171377944
vt 0.895806988 0.171377944
vt 0.888991124 0.172351639
vt 0.895806988 0.00292871775
vt 0.896780683 0.00292871775
vt 0.888991124 0.171377944
vt 0.895806988 0.0019550228
vt 0.896780683 0.0019550228
vt 0.888991124 0.00292871775
vt 0.888991124 0.0019550228
vt 0.888017429 0.00292871775
vt 0.888017429 0.0019550228
vt 0.888017429 0.171377944
vt 0.888017429 0.171377944
vt 0.902622853 0.171377944
vt 0.902622853 0.171377944
vt 0.903596548 0.172351639
vt 0.903596548 0.171377944
vt 0.902622853 0.00292871775
vt 0.907491328 0.171377944
vt 0.907491328 0.172351639
vt 0.908465023 0.171377944
vt 0.908465023 0.171377944
vt 0.907491328 0.00292871775
vt 0.908465023 0.00292871775
vt 0.903596548 0.00292871775
vt 0.907491328 0.0019550228
vt 0.908465023 0.0019550228
vt 0.903596548 0.0019550228
vt 0.902622853 0.0019550228
vt 0.887043734 0.975649974
vt 0.887043734 0.975649974
vt 0.888017429 0.975649974
vt 0.888017429 0.975649974
vt 0.887043734 0.967860415
vt 0.891912208 0.975649974
vt 0.891912208 0.975649974
vt 0.892885903 0.975649974
vt 0.891912208 0.975649974
vt 0.891912208 0.967860415
vt 0.892885903 0.967860415
vt 0.888017429 0.967860415
vt 0.891912208 0.967860415
vt 0.891912208 0.967860415
vt 0.888017429 0.967860415
vt 0.887043734 0.967860415
vt 0.916254582 0.0019550228
vt 0.916254582 0.0019550228
vt 0.915280887 0.00292871775
vt 0.916254582 0.00292871775
vt 0.923070447 0.0019550228
vt 0.916254582 0.171377944
vt 0.915280887 0.171377944
vt 0.923070447 0.00292871775
vt 0.916254582 0.172351639
vt 0.916254582 0.171377944
vt 0.923070447 0.171377944
vt 0.923070447 0.172351639
vt 0.924044142 0.171377944
vt 0.924044142 0.171377944
vt 0.924044142 0.00292871775
vt 0.924044142 0.0019550228
vt 0.930860006 0.0019550228
vt 0.930860006 0.0019550228
vt 0.930860006 0.00292871775
vt 0.930860006 0.00292871775
vt 0.934754786 0.0019550228
vt 0.930860006 0.171377944
vt 0.930860006 0.171377944
vt 0.934754786 0.00292871775
vt 0.930860006 0.172351639
vt 0.930860006 0.171377944
vt 0.934754786 0.171377944
vt 0.934754786 0.172351639
vt 0.935728481 0.171377944
vt 0.935728481 0.171377944
vt 0.935728481 0.00292871775
vt 0.935728481 0.0019550228
vt 0.880227869 0.975649974
vt 0.881201564 0.975649974
vt 0.881201564 0.975649974
vt 0.880227869 0.975649974
vt 0.876333089 0.975649974
vt 0.880227869 0.967860415
vt 0.881201564 0.967860415
vt 0.876333089 0.975649974
vt 0.880227869 0.967860415
vt 0.881201564 0.967860415
vt 0.876333089 0.967860415
vt 0.876333089 0.967860415
vt 0.875359394 0.967860415
vt 0.876333089 0.967860415
vt 0.875359394 0.975649974
vt 0.876333089 0.975649974
vt 0.948386516 0.344695646
vt 0.948386516 0.344695646
vt 0.948386516 0.343721951
vt 0.948386516 0.343721951
vt 0.940596956 0.344695646
vt 0.948386516 0.176246419
vt 0.948386516 0.176246419
vt 0.940596956 0.343721951
vt 0.948386516 0.175272724
vt 0.948386516 0.176246419
vt 0.940596956 0.176246419
vt 0.940596956 0.175272724
vt 0.940596956 0.176246419
vt 0.940596956 0.176246419
vt 0.940596956 0.343721951
vt 0.940596956 0.344695646
vt 0.928912617 0.343721951
vt 0.928912617 0.344695646
vt 0.929886312 0.344695646
vt 0.929886312 0.343721951
vt 0.928912617 0.176246419
vt 0.933781091 0.343721951
vt 0.933781091 0.344695646
vt 0.934754786 0.343721951
vt 0.934754786 0.344695646
vt 0.933781091 0.176246419
vt 0.934754786 0.176246419
vt 0.929886312 0.176246419
vt 0.933781091 0.175272724
vt 0.934754786 0.176246419
vt 0.929886312 0.175272724
vt 0.928912617 0.176246419
vt 0.863675055 0.977597364
vt 0.863675055 0.977597364
vt 0.863675055 0.977597364
vt 0.863675055 0.977597364
vt 0.863675055 0.969807805
vt 0.86854353 0.977597364
vt 0.86854353 0.977597364
vt 0.86854353 0.977597364
vt 0.86854353 0.977597364
vt 0.86854353 0.969807805
vt 0.86854353 0.969807805
vt 0.863675055 0.969807805
vt 0.86854353 0.96883411
vt 0.86854353 0.969807805
vt 0.863675055 0.96883411
vt 0.863675055 0.969807805
vt 0.915280887 0.175272724
vt 0.915280887 0.176246419
vt 0.914307192 0.176246419
vt 0.915280887 0.176246419
vt 0.922096752 0.175272724
vt 0.915280887 0.343721951
vt 0.914307192 0.343721951
vt 0.922096752 0.176246419
vt 0.915280887 0.344695646
vt 0.915280887 0.344695646
vt 0.922096752 0.343721951
vt 0.922096752 0.344695646
vt 0.923070447 0.343721951
vt 0.923070447 0.344695646
vt 0.923070447 0.176246419
vt 0.923070447 0.176246419
vt 0.903596548 0.175272724
vt 0.903596548 0.176246419
vt 0.903596548 0.176246419
vt 0.903596548 0.176246419
vt 0.908465023 0.175272724
vt 0.903596548 0.343721951
vt 0.903596548 0.343721951
vt 0.908465023 0.176246419
vt 0.903596548 0.344695646
vt 0.903596548 0.344695646
vt 0.908465023 0.343721951
vt 0.908465023 0.344695646
vt 0.908465023 0.343721951
vt 0.908465023 0.344695646
vt 0.908465023 0.176246419
vt 0.908465023 0.176246419
vt 0.147035571 0.00487610766
vt 0.147035571 0.175272724
vt 0.148009266 0.175272724
vt 0.148009266 0.00487610766
vt 0.15482513 0.00292871775
vt 0.15482513 0.178193809
vt 0.155798825 0.178193809
vt 0.155798825 0.00292871775
vt 0.148009266 0.176246419
vt 0.147035571 0.175272724
vt 0.15482513 0.178193809
vt 0.155798825 0.178193809
vt 0.331063916 0.174299029
vt 0.333011306 0.174299029
vt 0.333011306 0.173325334
vt 0.331063916 0.173325334
vt 0.0019550228 0.00292871775
vt 0.00390241271 0.00292871775
vt 0.00390241271 0.0019550228
vt 0.0019550228 0.0019550228
vt 0.0116919723 0.175272724
vt 0.0116919723 0.00487610766
vt 0.0116919723 0.175272724
vt 0.0116919723 0.00487610766
vt 0.0116919723 0.00390241271
vt 0.018507837 0.0019550228
vt 0.018507837 0.00292871775
vt 0.0194815319 0.00292871775
vt 0.0194815319 0.178193809
vt 0.018507837 0.178193809
vt 0.0116919723 0.176246419
vt 0.0116919723 0.175272724
vt 0.018507837 0.178193809
vt 0.0194815319 0.178193809
vt 0.00390241271 0.178193809
vt 0.0019550228 0.178193809
vt 0.00390241271 0.178193809
vt 0.0019550228 0.178193809
vt 0.0019550228 0.00292871775
vt 0.00390241271 0.00292871775
vt 0.333011306 0.0019550228
vt 0.331063916 0.0019550228
vt 0.331063916 0.00292871775
vt 0.333011306 0.00292871775
vt 0.333011306 0.173325334
vt 0.331063916 0.173325334
vt 0.161640995 0.00487610766
vt 0.161640995 0.175272724
vt 0.16261469 0.175272724
vt 0.16261469 0.00487610766
vt 0.169430554 0.00292871775
vt 0.169430554 0.178193809
vt 0.170404249 0.178193809
vt 0.170404249 0.00292871775
vt 0.16261469 0.176246419
vt 0.161640995 0.175272724
vt 0.169430554 0.178193809
vt 0.170404249 0.178193809
vt 0.340800866 0.174299029
vt 0.342748256 0.174299029
vt 0.342748256 0.173325334
vt 0.340800866 0.173325334
vt 0.0262973966 0.00292871775
vt 0.0282447865 0.00292871775
vt 0.0282447865 0.0019550228
vt 0.0262973966 0.0019550228
vt 0.0360343461 0.175272724
vt 0.0350606512 0.00487610766
vt 0.0350606512 0.175272724
vt 0.0360343461 0.00487610766
vt 0.0360343461 0.00390241271
vt 0.0428502108 0.0019550228
vt 0.0428502108 0.00292871775
vt 0.0438239057 0.00292871775
vt 0.0438239057 0.178193809
vt 0.0428502108 0.178193809
vt 0.0360343461 0.176246419
vt 0.0350606512 0.175272724
vt 0.0428502108 0.178193809
vt 0.0438239057 0.178193809
vt 0.0282447865 0.178193809
vt 0.0262973966 0.178193809
vt 0.0282447865 0.178193809
vt 0.0262973966 0.178193809
vt 0.0262973966 0.00292871775
vt 0.0282447865 0.00292871775
vt 0.342748256 0.0019550228
vt 0.340800866 0.0019550228
vt 0.340800866 0.00292871775
vt 0.342748256 0.00292871775
vt 0.342748256 0.173325334
vt 0.340800866 0.173325334
vt 0.176246419 0.00487610766
vt 0.176246419 0.175272724
vt 0.177220114 0.175272724
vt 0.177220114 0.00487610766
vt 0.184035979 0.00292871775
vt 0.184035979 0.178193809
vt 0.185009674 0.178193809
vt 0.185009674 0.00292871775
vt 0.177220114 0.176246419
vt 0.176246419 0.175272724
vt 0.184035979 0.178193809
vt 0.185009674 0.178193809
vt 0.34956412 0.174299029
vt 0.35151151 0.174299029
vt 0.35151151 0.173325334
vt 0.34956412 0.173325334
vt 0.0496660754 0.00292871775
vt 0.0516134653 0.00292871775
vt 0.0516134653 0.0019550228
vt 0.0496660754 0.0019550228
vt 0.0603767199 0.175272724
vt 0.0594030249 0.00487610766
vt 0.0594030249 0.175272724
vt 0.0603767199 0.00487610766
vt 0.0603767199 0.00390241271
vt 0.0671925845 0.0019550228
vt 0.0671925845 0.00292871775
vt 0.0681662795 0.00292871775
vt 0.0681662795 0.178193809
vt 0.0671925845 0.178193809
vt 0.0603767199 0.176246419
vt 0.0594030249 0.175272724
vt 0.0671925845 0.178193809
vt 0.0681662795 0.178193809
vt 0.0516134653 0.178193809
vt 0.0496660754 0.178193809
vt 0.0516134653 0.178193809
vt 0.0496660754 0.178193809
vt 0.0496660754 0.00292871775
vt 0.0516134653 0.00292871775
vt 0.35151151 0.0019550228
vt 0.34956412 0.0019550228
vt 0.34956412 0.00292871775
vt 0.35151151 0.00292871775
vt 0.35151151 0.173325334
vt 0.34956412 0.173325334
vt 0.314511102 0.175272724
vt 0.324248052 0.175272724
vt 0.324248052 0.174299029
vt 0.314511102 0.174299029
vt 0.235641811 0.00292871775
vt 0.248299846 0.00292871775
vt 0.248299846 0.0019550228
vt 0.235641811 0.0019550228
vt 0.235641811 0.177220114
vt 0.248299846 0.177220114
vt 0.248299846 0.176246419
vt 0.235641811 0.176246419
vt 0.314511102 0.00292871775
vt 0.324248052 0.00292871775
vt 0.324248052 0.0019550228
vt 0.314511102 0.0019550228
vt 0.278484389 0.00292871775
vt 0.279458084 0.176246419
vt 0.279458084 0.00292871775
vt 0.278484389 0.176246419
vt 0.278484389 0.177220114
vt 0.2570631 0.176246419
vt 0.2570631 0.175272724
vt 0.256089405 0.175272724
vt 0.256089405 0.00390241271
vt 0.2570631 0.00390241271
vt 0.278484389 0.0019550228
vt 0.279458084 0.00292871775
vt 0.2570631 0.00292871775
vt 0.256089405 0.00390241271
vt 0.190851843 0.00487610766
vt 0.190851843 0.175272724
vt 0.191825538 0.175272724
vt 0.191825538 0.00487610766
vt 0.198641403 0.00292871775
vt 0.198641403 0.178193809
vt 0.199615098 0.178193809
vt 0.199615098 0.00292871775
vt 0.191825538 0.176246419
vt 0.190851843 0.175272724
vt 0.198641403 0.178193809
vt 0.199615098 0.178193809
vt 0.35930107 0.174299029
vt 0.36124846 0.174299029
vt 0.36124846 0.173325334
vt 0.35930107 0.173325334
vt 0.0740084492 0.00292871775
vt 0.0759558391 0.00292871775
vt 0.0759558391 0.0019550228
vt 0.0740084492 0.0019550228
vt 0.0837453987 0.175272724
vt 0.0837453987 0.00487610766
vt 0.0837453987 0.175272724
vt 0.0837453987 0.00487610766
vt 0.0837453987 0.00390241271
vt 0.0905612634 0.0019550228
vt 0.0905612634 0.00292871775
vt 0.0915349583 0.00292871775
vt 0.0915349583 0.178193809
vt 0.0905612634 0.178193809
vt 0.0837453987 0.176246419
vt 0.0837453987 0.175272724
vt 0.0905612634 0.178193809
vt 0.0915349583 0.178193809
vt 0.0759558391 0.178193809
vt 0.0740084492 0.178193809
vt 0.0759558391 0.178193809
vt 0.0740084492 0.178193809
vt 0.0740084492 0.00292871775
vt 0.0759558391 0.00292871775
vt 0.36124846 0.0019550228
vt 0.35930107 0.0019550228
vt 0.35930107 0.00292871775
vt 0.36124846 0.00292871775
vt 0.36124846 0.173325334
vt 0.35930107 0.173325334
vt 0.206430963 0.00487610766
vt 0.206430963 0.175272724
vt 0.206430963 0.175272724
vt 0.206430963 0.00487610766
vt 0.213246827 0.00292871775
vt 0.213246827 0.178193809
vt 0.214220522 0.178193809
vt 0.214220522 0.00292871775
vt 0.206430963 0.176246419
vt 0.206430963 0.175272724
vt 0.213246827 0.178193809
vt 0.214220522 0.178193809
vt 0.368064325 0.174299029
vt 0.370011714 0.174299029
vt 0.370011714 0.173325334
vt 0.368064325 0.173325334
vt 0.098350823 0.00292871775
vt 0.0993245179 0.00292871775
vt 0.100298213 0.0019550228
vt 0.098350823 0.0019550228
vt 0.108087773 0.175272724
vt 0.107114078 0.00487610766
vt 0.107114078 0.175272724
vt 0.108087773 0.00487610766
vt 0.108087773 0.00390241271
vt 0.114903637 0.0019550228
vt 0.114903637 0.00292871775
vt 0.115877332 0.00292871775
vt 0.115877332 0.178193809
vt 0.114903637 0.178193809
vt 0.108087773 0.176246419
vt 0.107114078 0.175272724
vt 0.114903637 0.178193809
vt 0.115877332 0.178193809
vt 0.100298213 0.178193809
vt 0.098350823 0.178193809
vt 0.100298213 0.178193809
vt 0.098350823 0.178193809
vt 0.098350823 0.00292871775
vt 0.0993245179 0.00292871775
vt 0.370011714 0.0019550228
vt 0.368064325 0.0019550228
vt 0.368064325 0.00292871775
vt 0.370011714 0.00292871775
vt 0.370011714 0.173325334
vt 0.368064325 0.173325334
vt 0.221036387 0.00487610766
vt 0.221036387 0.175272724
vt 0.222010082 0.175272724
vt 0.222010082 0.00487610766
vt 0.228825946 0.00292871775
vt 0.228825946 0.178193809
vt 0.228825946 0.178193809
vt 0.228825946 0.00292871775
vt 0.221036387 0.176246419
vt 0.221036387 0.175272724
vt 0.227852252 0.178193809
vt 0.228825946 0.178193809
vt 0.378774969 0.174299029
vt 0.380722359 0.174299029
vt 0.380722359 0.173325334
vt 0.378774969 0.173325334
vt 0.121719502 0.00292871775
vt 0.123666892 0.00292871775
vt 0.123666892 0.0019550228
vt 0.121719502 0.0019550228
vt 0.133403841 0.175272724
vt 0.132430146 0.00487610766
vt 0.132430146 0.175272724
vt 0.133403841 0.00487610766
vt 0.133403841 0.00390241271
vt 0.139246011 0.0019550228
vt 0.140219706 0.00292871775
vt 0.140219706 0.00292871775
vt 0.140219706 0.178193809
vt 0.140219706 0.178193809
vt 0.133403841 0.176246419
vt 0.132430146 0.175272724
vt 0.139246011 0.178193809
vt 0.140219706 0.178193809
vt 0.123666892 0.178193809
vt 0.121719502 0.178193809
vt 0.123666892 0.178193809
vt 0.121719502 0.178193809
vt 0.121719502 0.00292871775
vt 0.123666892 0.00292871775
vt 0.380722359 0.0019550228
vt 0.378774969 0.0019550228
vt 0.378774969 0.00292871775
vt 0.380722359 0.00292871775
vt 0.380722359 0.173325334
vt 0.378774969 0.173325334
vt 0.694252133 0.96883411
vt 0.694252133 0.975649974
vt 0.695225828 0.975649974
vt 0.695225828 0.96883411
vt 0.688409964 0.975649974
vt 0.688409964 0.96883411
vt 0.686462574 0.96883411
vt 0.686462574 0.975649974
vt 0.678673014 0.962018245
vt 0.678673014 0.96883411
vt 0.680620404 0.96883411
vt 0.680620404 0.962018245
vt 0.672830844 0.96883411
vt 0.672830844 0.962018245
vt 0.670883454 0.962018245
vt 0.670883454 0.96883411
vt 0.66406759 0.962018245
vt 0.66406759 0.96883411
vt 0.665041285 0.96883411
vt 0.665041285 0.962018245
vt 0.65822542 0.96883411
vt 0.65822542 0.962018245
vt 0.65627803 0.962018245
vt 0.65627803 0.96883411
vt 0.406038428 0.981492144
vt 0.415775377 0.981492144
vt 0.417722767 0.960070855
vt 0.404091038 0.960070855
vt 0.436222971 0.960070855
vt 0.426486022 0.960070855
vt 0.424538632 0.981492144
vt 0.438170361 0.981492144
vt 0.314511102 0.00292871775
vt 0.314511102 0.174299029
vt 0.324248052 0.174299029
vt 0.324248052 0.00292871775
vt 0.248299846 0.176246419
vt 0.248299846 0.00292871775
vt 0.235641811 0.00292871775
vt 0.235641811 0.176246419
vt 0.648488471 0.962018245
vt 0.648488471 0.96883411
vt 0.65043586 0.96883411
vt 0.65043586 0.962018245
vt 0.642646301 0.96883411
vt 0.642646301 0.962018245
vt 0.640698911 0.962018245
vt 0.640698911 0.96883411
vt 0.632909351 0.962018245
vt 0.632909351 0.96883411
vt 0.634856741 0.96883411
vt 0.634856741 0.962018245
vt 0.627067182 0.96883411
vt 0.627067182 0.962018245
vt 0.626093487 0.962018245
vt 0.626093487 0.96883411
vt 0.617330232 0.962018245
vt 0.617330232 0.96883411
vt 0.619277622 0.96883411
vt 0.619277622 0.962018245
vt 0.611488062 0.96883411
vt 0.611488062 0.962018245
vt 0.609540672 0.962018245
vt 0.609540672 0.96883411
vt 0.147035571 0.00487610766
vt 0.148009266 0.00487610766
vt 0.148009266 0.00390241271
vt 0.15482513 0.0019550228
vt 0.15482513 0.00292871775
vt 0.155798825 0.00292871775
vt 0.161640995 0.00487610766
vt 0.16261469 0.00487610766
vt 0.16261469 0.00390241271
vt 0.169430554 0.0019550228
vt 0.169430554 0.00292871775
vt 0.170404249 0.00292871775
vt 0.176246419 0.00487610766
vt 0.177220114 0.00487610766
vt 0.177220114 0.00390241271
vt 0.184035979 0.0019550228
vt 0.184035979 0.00292871775
vt 0.185009674 0.00292871775
vt 0.190851843 0.00487610766
vt 0.191825538 0.00487610766
vt 0.191825538 0.00390241271
vt 0.198641403 0.0019550228
vt 0.198641403 0.00292871775
vt 0.199615098 0.00292871775
vt 0.206430963 0.00487610766
vt 0.206430963 0.00487610766
vt 0.206430963 0.00390241271
vt 0.213246827 0.0019550228
vt 0.213246827 0.00292871775
vt 0.214220522 0.00292871775
vt 0.221036387 0.00487610766
vt 0.222010082 0.00487610766
vt 0.221036387 0.00390241271
vt 0.227852252 0.0019550228
vt 0.228825946 0.00292871775
vt 0.228825946 0.00292871775
vt 0.585198299 0.347616731
vt 0.708857558 0.347616731
vt 0.708857558 0.347616731
vt 0.585198299 0.347616731
vt 0.718594507 0.347616731
vt 0.715673422 0.347616731
vt 0.715673422 0.347616731
vt 0.718594507 0.347616731
vt 0.718594507 0.347616731
vt 0.718594507 0.471275989
vt 0.718594507 0.471275989
vt 0.718594507 0.472249684
vt 0.715673422 0.472249684
vt 0.715673422 0.471275989
vt 0.715673422 0.347616731
vt 0.715673422 0.471275989
vt 0.727357762 0.472249684
vt 0.849069631 0.471275989
vt 0.727357762 0.471275989
vt 0.850043325 0.472249684
vt 0.849069631 0.471275989
vt 0.850043325 0.471275989
vt 0.820832477 0.442065141
vt 0.849069631 0.347616731
vt 0.820832477 0.377801274
vt 0.75656861 0.442065141
vt 0.727357762 0.347616731
vt 0.727357762 0.471275989
vt 0.75656861 0.377801274
vt 0.585198299 0.472249684
vt 0.708857558 0.472249684
vt 0.708857558 0.471275989
vt 0.585198299 0.471275989
vt 0.86075397 0.347616731
vt 0.86075397 0.471275989
vt 0.86075397 0.347616731
vt 0.86075397 0.471275989
vt 0.86075397 0.472249684
vt 0.857832885 0.472249684
vt 0.857832885 0.471275989
vt 0.857832885 0.347616731
vt 0.857832885 0.347616731
vt 0.857832885 0.471275989
vt 0.86075397 0.347616731
vt 0.857832885 0.347616731
vt 0.86075397 0.347616731
vt 0.857832885 0.890938513
vt 0.859780275 0.891912208
vt 0.85880658 0.889964818
vt 0.859780275 0.891912208
vt 0.857832885 0.952281295
vt 0.859780275 0.9513076
vt 0.85880658 0.95325499
vt 0.859780275 0.9513076
vt 0.827648342 0.889964818
vt 0.828622037 0.952281295
vt 0.828622037 0.890938513
vt 0.827648342 0.95325499
vt 0.811095527 0.95325499
vt 0.811095527 0.889964818
vt 0.851990715 0.889964818
vt 0.850043325 0.891912208
vt 0.850043325 0.891912208
vt 0.851990715 0.890938513
vt 0.850043325 0.9513076
vt 0.851990715 0.952281295
vt 0.850043325 0.9513076
vt 0.851990715 0.95325499
vt 0.788700544 0.890938513
vt 0.788700544 0.952281295
vt 0.789674239 0.95325499
vt 0.789674239 0.889964818
vt 0.805253358 0.889964818
vt 0.805253358 0.95325499
vt 0.928912617 0.9513076
vt 0.865622445 0.9513076
vt 0.928912617 0.9513076
vt 0.865622445 0.9513076
vt 0.865622445 0.888017429
vt 0.928912617 0.888017429
vt 0.928912617 0.888017429
vt 0.865622445 0.888017429
vt 0.943518041 0.876333089
vt 0.943518041 0.811095527
vt 0.943518041 0.812069222
vt 0.943518041 0.876333089
vt 0.930860006 0.876333089
vt 0.930860006 0.812069222
vt 0.930860006 0.813042917
vt 0.930860006 0.875359394
vt 0.855885495 0.886070039
vt 0.792595323 0.886070039
vt 0.85685919 0.886070039
vt 0.793569018 0.886070039
vt 0.793569018 0.872438309
vt 0.855885495 0.872438309
vt 0.85685919 0.886070039
vt 0.85685919 0.872438309
vt 0.85685919 0.871464614
vt 0.855885495 0.871464614
vt 0.793569018 0.872438309
vt 0.793569018 0.886070039
vt 0.793569018 0.871464614
vt 0.793569018 0.871464614
vt 0.795516408 0.870490919
vt 0.853938105 0.870490919
vt 0.853938105 0.870490919
vt 0.8549118 0.870490919
vt 0.8549118 0.870490919
vt 0.853938105 0.830569426
vt 0.8549118 0.830569426
vt 0.795516408 0.870490919
vt 0.853938105 0.829595732
vt 0.8549118 0.829595732
vt 0.795516408 0.830569426
vt 0.795516408 0.870490919
vt 0.795516408 0.870490919
vt 0.795516408 0.830569426
vt 0.795516408 0.829595732
vt 0.795516408 0.829595732
vt 0.793569018 0.828622037
vt 0.855885495 0.828622037
vt 0.855885495 0.828622037
vt 0.793569018 0.828622037
vt 0.793569018 0.828622037
vt 0.793569018 0.828622037
vt 0.793569018 0.812069222
vt 0.793569018 0.812069222
vt 0.793569018 0.811095527
vt 0.855885495 0.811095527
vt 0.855885495 0.812069222
vt 0.85685919 0.812069222
vt 0.85685919 0.828622037
vt 0.85685919 0.828622037
vt 0.935728481 0.943518041
vt 0.934754786 0.880227869
vt 0.934754786 0.944491736
vt 0.935728481 0.881201564
vt 0.948386516 0.881201564
vt 0.948386516 0.943518041
vt 0.948386516 0.943518041
vt 0.948386516 0.881201564
vt 0.785779459 0.885096344
vt 0.722489287 0.885096344
vt 0.786753154 0.885096344
vt 0.723462982 0.885096344
vt 0.723462982 0.871464614
vt 0.785779459 0.871464614
vt 0.786753154 0.885096344
vt 0.786753154 0.871464614
vt 0.786753154 0.870490919
vt 0.785779459 0.870490919
vt 0.723462982 0.871464614
vt 0.723462982 0.885096344
vt 0.723462982 0.870490919
vt 0.723462982 0.870490919
vt 0.725410372 0.869517225
vt 0.783832069 0.869517225
vt 0.783832069 0.86854353
vt 0.784805764 0.869517225
vt 0.784805764 0.86854353
vt 0.783832069 0.829595732
vt 0.784805764 0.829595732
vt 0.725410372 0.86854353
vt 0.783832069 0.828622037
vt 0.784805764 0.828622037
vt 0.725410372 0.829595732
vt 0.725410372 0.86854353
vt 0.725410372 0.869517225
vt 0.725410372 0.829595732
vt 0.725410372 0.828622037
vt 0.725410372 0.828622037
vt 0.723462982 0.827648342
vt 0.785779459 0.827648342
vt 0.785779459 0.826674647
vt 0.723462982 0.826674647
vt 0.723462982 0.827648342
vt 0.723462982 0.826674647
vt 0.723462982 0.811095527
vt 0.723462982 0.811095527
vt 0.723462982 0.810121832
vt 0.785779459 0.810121832
vt 0.785779459 0.811095527
vt 0.786753154 0.811095527
vt 0.786753154 0.826674647
vt 0.786753154 0.827648342
vt 0.842253766 0.890938513
vt 0.844201156 0.891912208
vt 0.842253766 0.889964818
vt 0.843227461 0.891912208
vt 0.842253766 0.952281295
vt 0.843227461 0.9513076
vt 0.842253766 0.95325499
vt 0.844201156 0.9513076
vt 0.836411596 0.952281295
vt 0.834464206 0.9513076
vt 0.835437901 0.95325499
vt 0.834464206 0.9513076
vt 0.836411596 0.890938513
vt 0.834464206 0.891912208
vt 0.835437901 0.889964818
vt 0.834464206 0.891912208
vt 0.742936881 0.947412821
vt 0.742936881 0.888991124
vt 0.741963186 0.888991124
vt 0.741963186 0.947412821
vt 0.781884679 0.888991124
vt 0.781884679 0.947412821
vt 0.782858374 0.947412821
vt 0.782858374 0.888991124
vt 0.736121016 0.893859598
vt 0.736121016 0.952281295
vt 0.736121016 0.952281295
vt 0.736121016 0.893859598
vt 0.696199523 0.952281295
vt 0.696199523 0.893859598
vt 0.695225828 0.893859598
vt 0.695225828 0.952281295
vt 0.871464614 0.471275989
vt 0.871464614 0.347616731
vt 0.86854353 0.347616731
vt 0.86854353 0.471275989
vt 0.878280479 0.347616731
vt 0.878280479 0.471275989
vt 0.881201564 0.471275989
vt 0.881201564 0.347616731
vt 0.708857558 0.471275989
vt 0.708857558 0.347616731
vt 0.585198299 0.347616731
vt 0.585198299 0.471275989
vt 0.0632978047 0.509250092
vt 0.0720610593 0.508276398
vt 0.0632978047 0.508276398
vt 0.0720610593 0.509250092
vt 0.0720610593 0.512171177
vt 0.0632978047 0.512171177
vt 0.0632978047 0.512171177
vt 0.0720610593 0.512171177
vt 0.0720610593 0.512171177
vt 0.0720610593 0.509250092
vt 0.0720610593 0.513144872
vt 0.0720610593 0.513144872
vt 0.0720610593 0.508276398
vt 0.0720610593 0.508276398
vt 0.0749821442 0.512171177
vt 0.0749821442 0.509250092
vt 0.0749821442 0.508276398
vt 0.0749821442 0.500486838
vt 0.0720610593 0.500486838
vt 0.0749821442 0.499513143
vt 0.0720610593 0.499513143
vt 0.0749821442 0.513144872
vt 0.0720610593 0.594935248
vt 0.0759558391 0.508276398
vt 0.0759558391 0.508276398
vt 0.0759558391 0.509250092
vt 0.15871991 0.508276398
vt 0.0759558391 0.512171177
vt 0.0759558391 0.512171177
vt 0.0759558391 0.513144872
vt 0.0749821442 0.594935248
vt 0.15871991 0.512171177
vt 0.15871991 0.512171177
vt 0.15871991 0.509250092
vt 0.159693605 0.512171177
vt 0.159693605 0.509250092
vt 0.159693605 0.513144872
vt 0.159693605 0.513144872
vt 0.16261469 0.512171177
vt 0.159693605 0.508276398
vt 0.159693605 0.508276398
vt 0.16261469 0.513144872
vt 0.159693605 0.594935248
vt 0.16261469 0.508276398
vt 0.16261469 0.500486838
vt 0.159693605 0.500486838
vt 0.16261469 0.499513143
vt 0.159693605 0.499513143
vt 0.16261469 0.509250092
vt 0.163588385 0.508276398
vt 0.16261469 0.508276398
vt 0.163588385 0.509250092
vt 0.171377944 0.508276398
vt 0.171377944 0.509250092
vt 0.171377944 0.512171177
vt 0.163588385 0.512171177
vt 0.163588385 0.512171177
vt 0.171377944 0.512171177
vt 0.16261469 0.513144872
vt 0.16261469 0.594935248
vt 0.159693605 0.594935248
vt 0.15871991 0.594935248
vt 0.159693605 0.594935248
vt 0.16261469 0.594935248
vt 0.163588385 0.594935248
vt 0.16261469 0.594935248
vt 0.163588385 0.594935248
vt 0.171377944 0.594935248
vt 0.171377944 0.594935248
vt 0.171377944 0.598830028
vt 0.163588385 0.598830028
vt 0.163588385 0.598830028
vt 0.171377944 0.598830028
vt 0.16261469 0.598830028
vt 0.159693605 0.598830028
vt 0.15871991 0.594935248
vt 0.16261469 0.598830028
vt 0.16261469 0.598830028
vt 0.0759558391 0.594935248
vt 0.0759558391 0.594935248
vt 0.159693605 0.598830028
vt 0.159693605 0.607593283
vt 0.16261469 0.607593283
vt 0.159693605 0.607593283
vt 0.16261469 0.607593283
vt 0.15871991 0.598830028
vt 0.15871991 0.598830028
vt 0.159693605 0.598830028
vt 0.0759558391 0.598830028
vt 0.0759558391 0.598830028
vt 0.0749821442 0.594935248
vt 0.0749821442 0.598830028
vt 0.0759558391 0.594935248
vt 0.0720610593 0.594935248
vt 0.0749821442 0.598830028
vt 0.0759558391 0.598830028
vt 0.0720610593 0.594935248
vt 0.0720610593 0.594935248
vt 0.0720610593 0.598830028
vt 0.0720610593 0.598830028
vt 0.0720610593 0.607593283
vt 0.0749821442 0.607593283
vt 0.0720610593 0.607593283
vt 0.0749821442 0.607593283
vt 0.0720610593 0.594935248
vt 0.0720610593 0.598830028
vt 0.0720610593 0.598830028
vt 0.0720610593 0.598830028
vt 0.0632978047 0.598830028
vt 0.0632978047 0.598830028
vt 0.0632978047 0.594935248
vt 0.0632978047 0.594935248
vt 0.109061467 0.711778642
vt 0.101271908 0.711778642
vt 0.109061467 0.711778642
vt 0.101271908 0.711778642
vt 0.101271908 0.707883863
vt 0.109061467 0.707883863
vt 0.109061467 0.707883863
vt 0.101271908 0.707883863
vt 0.100298213 0.707883863
vt 0.100298213 0.711778642
vt 0.100298213 0.707883863
vt 0.100298213 0.707883863
vt 0.097377128 0.707883863
vt 0.100298213 0.711778642
vt 0.100298213 0.711778642
vt 0.097377128 0.707883863
vt 0.100298213 0.625119792
vt 0.097377128 0.711778642
vt 0.097377128 0.720541897
vt 0.100298213 0.720541897
vt 0.097377128 0.720541897
vt 0.100298213 0.720541897
vt 0.097377128 0.711778642
vt 0.0964034331 0.711778642
vt 0.097377128 0.711778642
vt 0.0964034331 0.711778642
vt 0.0146130572 0.711778642
vt 0.0964034331 0.707883863
vt 0.0964034331 0.707883863
vt 0.097377128 0.707883863
vt 0.0146130572 0.707883863
vt 0.0146130572 0.707883863
vt 0.0146130572 0.711778642
vt 0.0136393622 0.707883863
vt 0.0136393622 0.711778642
vt 0.0136393622 0.707883863
vt 0.0146130572 0.707883863
vt 0.0136393622 0.711778642
vt 0.0146130572 0.711778642
vt 0.0107182774 0.707883863
vt 0.0107182774 0.711778642
vt 0.0107182774 0.711778642
vt 0.0107182774 0.720541897
vt 0.0136393622 0.720541897
vt 0.0107182774 0.720541897
vt 0.0136393622 0.720541897
vt 0.0107182774 0.707883863
vt 0.0136393622 0.625119792
vt 0.0107182774 0.711778642
vt 0.0107182774 0.711778642
vt 0.0107182774 0.711778642
vt 0.0019550228 0.711778642
vt 0.0019550228 0.711778642
vt 0.0107182774 0.707883863
vt 0.0019550228 0.707883863
vt 0.0107182774 0.707883863
vt 0.0019550228 0.707883863
vt 0.0107182774 0.707883863
vt 0.0107182774 0.625119792
vt 0.0136393622 0.625119792
vt 0.0146130572 0.625119792
vt 0.0146130572 0.625119792
vt 0.0107182774 0.625119792
vt 0.0107182774 0.625119792
vt 0.0107182774 0.625119792
vt 0.0107182774 0.625119792
vt 0.0019550228 0.625119792
vt 0.0019550228 0.625119792
vt 0.0107182774 0.621225012
vt 0.0019550228 0.621225012
vt 0.0107182774 0.621225012
vt 0.0107182774 0.620251317
vt 0.0019550228 0.620251317
vt 0.0107182774 0.620251317
vt 0.0107182774 0.620251317
vt 0.0136393622 0.620251317
vt 0.0107182774 0.611488062
vt 0.0136393622 0.621225012
vt 0.0136393622 0.611488062
vt 0.0136393622 0.611488062
vt 0.0107182774 0.611488062
vt 0.0146130572 0.625119792
vt 0.0146130572 0.620251317
vt 0.0146130572 0.620251317
vt 0.0146130572 0.621225012
vt 0.0964034331 0.620251317
vt 0.0964034331 0.625119792
vt 0.0964034331 0.625119792
vt 0.0964034331 0.621225012
vt 0.097377128 0.625119792
vt 0.097377128 0.621225012
vt 0.097377128 0.625119792
vt 0.097377128 0.625119792
vt 0.097377128 0.620251317
vt 0.097377128 0.620251317
vt 0.100298213 0.625119792
vt 0.100298213 0.621225012
vt 0.100298213 0.620251317
vt 0.100298213 0.611488062
vt 0.097377128 0.611488062
vt 0.100298213 0.611488062
vt 0.097377128 0.611488062
vt 0.101271908 0.625119792
vt 0.100298213 0.625119792
vt 0.101271908 0.625119792
vt 0.101271908 0.620251317
vt 0.100298213 0.620251317
vt 0.101271908 0.621225012
vt 0.109061467 0.620251317
vt 0.109061467 0.621225012
vt 0.109061467 0.625119792
vt 0.109061467 0.625119792
vt 0.600777418 0.711778642
vt 0.606619588 0.711778642
vt 0.600777418 0.711778642
vt 0.606619588 0.711778642
vt 0.606619588 0.714699727
vt 0.600777418 0.714699727
vt 0.600777418 0.714699727
vt 0.606619588 0.714699727
vt 0.607593283 0.714699727
vt 0.607593283 0.711778642
vt 0.607593283 0.715673422
vt 0.607593283 0.715673422
vt 0.607593283 0.710804947
vt 0.607593283 0.710804947
vt 0.610514367 0.714699727
vt 0.610514367 0.711778642
vt 0.610514367 0.710804947
vt 0.610514367 0.704962778
vt 0.607593283 0.704962778
vt 0.610514367 0.704962778
vt 0.607593283 0.704962778
vt 0.610514367 0.715673422
vt 0.607593283 0.797463798
vt 0.611488062 0.711778642
vt 0.610514367 0.710804947
vt 0.611488062 0.711778642
vt 0.694252133 0.711778642
vt 0.611488062 0.714699727
vt 0.611488062 0.714699727
vt 0.610514367 0.715673422
vt 0.610514367 0.797463798
vt 0.694252133 0.714699727
vt 0.694252133 0.714699727
vt 0.694252133 0.711778642
vt 0.695225828 0.714699727
vt 0.695225828 0.711778642
vt 0.695225828 0.715673422
vt 0.694252133 0.715673422
vt 0.698146913 0.714699727
vt 0.695225828 0.710804947
vt 0.694252133 0.710804947
vt 0.698146913 0.715673422
vt 0.695225828 0.797463798
vt 0.698146913 0.710804947
vt 0.698146913 0.704962778
vt 0.695225828 0.704962778
vt 0.698146913 0.704962778
vt 0.695225828 0.704962778
vt 0.698146913 0.711778642
vt 0.698146913 0.711778642
vt 0.698146913 0.710804947
vt 0.698146913 0.711778642
vt 0.703989083 0.711778642
vt 0.703989083 0.711778642
vt 0.703989083 0.714699727
vt 0.698146913 0.714699727
vt 0.698146913 0.714699727
vt 0.703989083 0.714699727
vt 0.698146913 0.715673422
vt 0.698146913 0.797463798
vt 0.695225828 0.797463798
vt 0.694252133 0.797463798
vt 0.694252133 0.797463798
vt 0.698146913 0.797463798
vt 0.698146913 0.797463798
vt 0.698146913 0.797463798
vt 0.698146913 0.797463798
vt 0.703989083 0.797463798
vt 0.703989083 0.797463798
vt 0.703989083 0.801358578
vt 0.698146913 0.801358578
vt 0.698146913 0.801358578
vt 0.703989083 0.801358578
vt 0.698146913 0.801358578
vt 0.695225828 0.801358578
vt 0.694252133 0.797463798
vt 0.698146913 0.801358578
vt 0.698146913 0.801358578
vt 0.611488062 0.797463798
vt 0.611488062 0.797463798
vt 0.695225828 0.801358578
vt 0.695225828 0.807200748
vt 0.698146913 0.807200748
vt 0.695225828 0.807200748
vt 0.698146913 0.807200748
vt 0.694252133 0.801358578
vt 0.694252133 0.801358578
vt 0.694252133 0.801358578
vt 0.611488062 0.801358578
vt 0.611488062 0.801358578
vt 0.610514367 0.797463798
vt 0.610514367 0.801358578
vt 0.610514367 0.797463798
vt 0.607593283 0.797463798
vt 0.610514367 0.801358578
vt 0.610514367 0.801358578
vt 0.606619588 0.797463798
vt 0.607593283 0.797463798
vt 0.607593283 0.801358578
vt 0.607593283 0.801358578
vt 0.607593283 0.807200748
vt 0.610514367 0.807200748
vt 0.607593283 0.807200748
vt 0.610514367 0.807200748
vt 0.606619588 0.797463798
vt 0.606619588 0.801358578
vt 0.607593283 0.801358578
vt 0.606619588 0.801358578
vt 0.600777418 0.801358578
vt 0.600777418 0.801358578
vt 0.600777418 0.797463798
vt 0.600777418 0.797463798
vt 0.595908943 0.818885087
vt 0.590066773 0.818885087
vt 0.595908943 0.818885087
vt 0.590066773 0.818885087
vt 0.590066773 0.815964002
vt 0.595908943 0.815964002
vt 0.595908943 0.814990307
vt 0.590066773 0.814990307
vt 0.589093079 0.814990307
vt 0.589093079 0.818885087
vt 0.589093079 0.814990307
vt 0.589093079 0.814990307
vt 0.586171994 0.814990307
vt 0.589093079 0.818885087
vt 0.589093079 0.818885087
vt 0.586171994 0.814990307
vt 0.589093079 0.733199931
vt 0.586171994 0.818885087
vt 0.586171994 0.824727257
vt 0.589093079 0.824727257
vt 0.586171994 0.824727257
vt 0.589093079 0.824727257
vt 0.586171994 0.818885087
vt 0.585198299 0.818885087
vt 0.586171994 0.818885087
vt 0.585198299 0.818885087
vt 0.503407923 0.818885087
vt 0.585198299 0.815964002
vt 0.585198299 0.814990307
vt 0.586171994 0.814990307
vt 0.503407923 0.815964002
vt 0.503407923 0.814990307
vt 0.503407923 0.818885087
vt 0.503407923 0.814990307
vt 0.503407923 0.818885087
vt 0.502434228 0.814990307
vt 0.503407923 0.814990307
vt 0.502434228 0.818885087
vt 0.503407923 0.818885087
vt 0.499513143 0.814990307
vt 0.499513143 0.818885087
vt 0.499513143 0.818885087
vt 0.499513143 0.824727257
vt 0.502434228 0.824727257
vt 0.499513143 0.824727257
vt 0.502434228 0.824727257
vt 0.499513143 0.814990307
vt 0.502434228 0.733199931
vt 0.499513143 0.818885087
vt 0.499513143 0.818885087
vt 0.499513143 0.818885087
vt 0.493670973 0.818885087
vt 0.493670973 0.818885087
vt 0.499513143 0.815964002
vt 0.493670973 0.815964002
vt 0.499513143 0.814990307
vt 0.493670973 0.814990307
vt 0.499513143 0.814990307
vt 0.499513143 0.733199931
vt 0.503407923 0.732226236
vt 0.503407923 0.732226236
vt 0.503407923 0.733199931
vt 0.499513143 0.732226236
vt 0.499513143 0.732226236
vt 0.499513143 0.733199931
vt 0.499513143 0.732226236
vt 0.493670973 0.732226236
vt 0.493670973 0.732226236
vt 0.499513143 0.729305152
vt 0.493670973 0.729305152
vt 0.499513143 0.729305152
vt 0.493670973 0.729305152
vt 0.499513143 0.729305152
vt 0.503407923 0.729305152
vt 0.503407923 0.732226236
vt 0.499513143 0.728331457
vt 0.499513143 0.728331457
vt 0.585198299 0.732226236
vt 0.585198299 0.732226236
vt 0.502434228 0.728331457
vt 0.502434228 0.722489287
vt 0.499513143 0.722489287
vt 0.502434228 0.722489287
vt 0.499513143 0.722489287
vt 0.503407923 0.729305152
vt 0.503407923 0.729305152
vt 0.503407923 0.728331457
vt 0.585198299 0.729305152
vt 0.585198299 0.729305152
vt 0.586171994 0.732226236
vt 0.586171994 0.729305152
vt 0.586171994 0.733199931
vt 0.586171994 0.733199931
vt 0.586171994 0.728331457
vt 0.586171994 0.728331457
vt 0.589093079 0.728331457
vt 0.586171994 0.722489287
vt 0.589093079 0.729305152
vt 0.589093079 0.722489287
vt 0.589093079 0.722489287
vt 0.586171994 0.722489287
vt 0.589093079 0.732226236
vt 0.590066773 0.729305152
vt 0.589093079 0.728331457
vt 0.590066773 0.729305152
vt 0.595908943 0.729305152
vt 0.595908943 0.729305152
vt 0.595908943 0.732226236
vt 0.590066773 0.732226236
vt 0.590066773 0.732226236
vt 0.595908943 0.732226236
vt 0.589093079 0.733199931
vt 0.285300254 0.984413229
vt 0.285300254 0.978571059
vt 0.285300254 0.978571059
vt 0.285300254 0.984413229
vt 0.285300254 0.985386924
vt 0.283352864 0.985386924
vt 0.283352864 0.978571059
vt 0.285300254 0.978571059
vt 0.283352864 0.978571059
vt 0.283352864 0.984413229
vt 0.283352864 0.984413229
vt 0.283352864 0.978571059
vt 0.168456859 0.988308009
vt 0.168456859 0.982465839
vt 0.168456859 0.982465839
vt 0.168456859 0.988308009
vt 0.168456859 0.988308009
vt 0.16650947 0.988308009
vt 0.16650947 0.988308009
vt 0.16650947 0.988308009
vt 0.16650947 0.982465839
vt 0.16650947 0.982465839
vt 0.168456859 0.982465839
vt 0.16650947 0.982465839
vt 0.157746215 0.982465839
vt 0.157746215 0.988308009
vt 0.157746215 0.988308009
vt 0.157746215 0.982465839
vt 0.157746215 0.982465839
vt 0.1606673 0.982465839
vt 0.1606673 0.982465839
vt 0.1606673 0.982465839
vt 0.1606673 0.988308009
vt 0.1606673 0.988308009
vt 0.157746215 0.988308009
vt 0.1606673 0.988308009
vt 0.291142423 0.978571059
vt 0.291142423 0.984413229
vt 0.291142423 0.984413229
vt 0.291142423 0.978571059
vt 0.291142423 0.978571059
vt 0.293089813 0.978571059
vt 0.293089813 0.978571059
vt 0.294063508 0.978571059
vt 0.294063508 0.984413229
vt 0.293089813 0.984413229
vt 0.291142423 0.985386924
vt 0.293089813 0.985386924
vt 0.701067998 0.96493933
vt 0.701067998 0.956176075
vt 0.701067998 0.956176075
vt 0.701067998 0.96493933
vt 0.701067998 0.96493933
vt 0.699120608 0.96493933
vt 0.699120608 0.956176075
vt 0.701067998 0.956176075
vt 0.699120608 0.956176075
vt 0.699120608 0.96493933
vt 0.699120608 0.96493933
vt 0.699120608 0.956176075
vt 0.729305152 0.96493933
vt 0.729305152 0.956176075
vt 0.728331457 0.956176075
vt 0.728331457 0.96493933
vt 0.728331457 0.96493933
vt 0.726384067 0.96493933
vt 0.726384067 0.96493933
vt 0.726384067 0.96493933
vt 0.726384067 0.956176075
vt 0.726384067 0.956176075
vt 0.728331457 0.956176075
vt 0.726384067 0.956176075
vt 0.736121016 0.956176075
vt 0.736121016 0.96493933
vt 0.736121016 0.96493933
vt 0.736121016 0.956176075
vt 0.736121016 0.956176075
vt 0.738068406 0.956176075
vt 0.738068406 0.956176075
vt 0.738068406 0.956176075
vt 0.738068406 0.96493933
vt 0.738068406 0.96493933
vt 0.736121016 0.96493933
vt 0.738068406 0.96493933
vt 0.689383659 0.956176075
vt 0.689383659 0.96493933
vt 0.689383659 0.96493933
vt 0.689383659 0.956176075
vt 0.689383659 0.956176075
vt 0.692304743 0.956176075
vt 0.692304743 0.956176075
vt 0.692304743 0.956176075
vt 0.692304743 0.96493933
vt 0.692304743 0.96493933
vt 0.689383659 0.96493933
vt 0.692304743 0.96493933
vt 0.268747439 0.985386924
vt 0.268747439 0.979544754
vt 0.268747439 0.979544754
vt 0.268747439 0.985386924
vt 0.268747439 0.985386924
vt 0.26680005 0.985386924
vt 0.26680005 0.979544754
vt 0.268747439 0.979544754
vt 0.26680005 0.979544754
vt 0.26680005 0.985386924
vt 0.265826355 0.985386924
vt 0.265826355 0.979544754
vt 0.151904045 0.989281704
vt 0.151904045 0.983439534
vt 0.151904045 0.983439534
vt 0.151904045 0.989281704
vt 0.151904045 0.989281704
vt 0.149956655 0.989281704
vt 0.149956655 0.989281704
vt 0.149956655 0.989281704
vt 0.149956655 0.983439534
vt 0.149956655 0.983439534
vt 0.151904045 0.983439534
vt 0.149956655 0.983439534
vt 0.141193401 0.983439534
vt 0.141193401 0.989281704
vt 0.141193401 0.989281704
vt 0.141193401 0.983439534
vt 0.141193401 0.983439534
vt 0.143140791 0.983439534
vt 0.143140791 0.983439534
vt 0.144114486 0.983439534
vt 0.144114486 0.989281704
vt 0.143140791 0.989281704
vt 0.141193401 0.989281704
vt 0.143140791 0.989281704
vt 0.274589609 0.978571059
vt 0.274589609 0.984413229
vt 0.274589609 0.984413229
vt 0.274589609 0.978571059
vt 0.274589609 0.978571059
vt 0.276536999 0.978571059
vt 0.276536999 0.984413229
vt 0.274589609 0.985386924
vt 0.276536999 0.985386924
vt 0.276536999 0.978571059
vt 0.277510694 0.978571059
vt 0.277510694 0.984413229
vt 0.719568202 0.96493933
vt 0.719568202 0.956176075
vt 0.719568202 0.956176075
vt 0.719568202 0.96493933
vt 0.719568202 0.96493933
vt 0.717620812 0.96493933
vt 0.717620812 0.956176075
vt 0.719568202 0.956176075
vt 0.717620812 0.956176075
vt 0.717620812 0.96493933
vt 0.717620812 0.96493933
vt 0.717620812 0.956176075
vt 0.747805356 0.960070855
vt 0.747805356 0.9513076
vt 0.746831661 0.9513076
vt 0.746831661 0.960070855
vt 0.746831661 0.960070855
vt 0.744884271 0.960070855
vt 0.744884271 0.960070855
vt 0.744884271 0.960070855
vt 0.744884271 0.9513076
vt 0.744884271 0.9513076
vt 0.746831661 0.9513076
vt 0.744884271 0.9513076
vt 0.75462122 0.9513076
vt 0.75462122 0.960070855
vt 0.75462122 0.960070855
vt 0.75462122 0.9513076
vt 0.75462122 0.9513076
vt 0.75656861 0.9513076
vt 0.75656861 0.9513076
vt 0.75656861 0.9513076
vt 0.75656861 0.960070855
vt 0.75656861 0.960070855
vt 0.75462122 0.960070855
vt 0.75656861 0.960070855
vt 0.707883863 0.956176075
vt 0.707883863 0.96493933
vt 0.707883863 0.96493933
vt 0.707883863 0.956176075
vt 0.707883863 0.956176075
vt 0.709831252 0.956176075
vt 0.709831252 0.96493933
vt 0.707883863 0.96493933
vt 0.709831252 0.96493933
vt 0.709831252 0.956176075
vt 0.710804947 0.956176075
vt 0.710804947 0.96493933
vt 0.36514324 0.828622037
vt 0.36514324 0.912359802
vt 0.36514324 0.828622037
vt 0.36514324 0.911386107
vt 0.36319585 0.911386107
vt 0.36319585 0.912359802
vt 0.36514324 0.912359802
vt 0.36319585 0.828622037
vt 0.36514324 0.828622037
vt 0.36319585 0.828622037
vt 0.36319585 0.828622037
vt 0.36319585 0.912359802
vt 0.373906494 0.911386107
vt 0.371959104 0.912359802
vt 0.373906494 0.912359802
vt 0.371959104 0.911386107
vt 0.373906494 0.828622037
vt 0.374880189 0.912359802
vt 0.374880189 0.828622037
vt 0.371959104 0.828622037
vt 0.373906494 0.828622037
vt 0.371959104 0.828622037
vt 0.371959104 0.828622037
vt 0.371959104 0.912359802
vt 0.384617139 0.828622037
vt 0.384617139 0.912359802
vt 0.384617139 0.828622037
vt 0.384617139 0.911386107
vt 0.382669749 0.911386107
vt 0.382669749 0.912359802
vt 0.384617139 0.912359802
vt 0.382669749 0.828622037
vt 0.384617139 0.828622037
vt 0.382669749 0.828622037
vt 0.382669749 0.828622037
vt 0.382669749 0.912359802
vt 0.393380393 0.911386107
vt 0.391433003 0.912359802
vt 0.393380393 0.912359802
vt 0.391433003 0.911386107
vt 0.393380393 0.828622037
vt 0.394354088 0.912359802
vt 0.394354088 0.828622037
vt 0.391433003 0.828622037
vt 0.393380393 0.828622037
vt 0.391433003 0.828622037
vt 0.391433003 0.828622037
vt 0.391433003 0.912359802
vt 0.403117343 0.828622037
vt 0.403117343 0.912359802
vt 0.403117343 0.828622037
vt 0.403117343 0.911386107
vt 0.401169953 0.911386107
vt 0.401169953 0.912359802
vt 0.403117343 0.912359802
vt 0.401169953 0.828622037
vt 0.403117343 0.828622037
vt 0.401169953 0.828622037
vt 0.401169953 0.828622037
vt 0.401169953 0.912359802
vt 0.412854292 0.912359802
vt 0.412854292 0.828622037
vt 0.411880597 0.828622037
vt 0.411880597 0.911386107
vt 0.409933207 0.911386107
vt 0.409933207 0.912359802
vt 0.411880597 0.912359802
vt 0.409933207 0.828622037
vt 0.411880597 0.828622037
vt 0.409933207 0.828622037
vt 0.409933207 0.828622037
vt 0.409933207 0.912359802
vt 0.421617547 0.828622037
vt 0.421617547 0.912359802
vt 0.421617547 0.828622037
vt 0.421617547 0.911386107
vt 0.419670157 0.911386107
vt 0.419670157 0.912359802
vt 0.421617547 0.912359802
vt 0.419670157 0.828622037
vt 0.421617547 0.828622037
vt 0.419670157 0.828622037
vt 0.419670157 0.828622037
vt 0.419670157 0.912359802
vt 0.430380801 0.911386107
vt 0.428433412 0.912359802
vt 0.430380801 0.912359802
vt 0.428433412 0.911386107
vt 0.430380801 0.828622037
vt 0.431354496 0.912359802
vt 0.431354496 0.828622037
vt 0.428433412 0.828622037
vt 0.430380801 0.828622037
vt 0.428433412 0.828622037
vt 0.428433412 0.828622037
vt 0.428433412 0.912359802
vt 0.100298213 0.996097568
vt 0.100298213 0.992202788
vt 0.098350823 0.992202788
vt 0.098350823 0.996097568
vt 0.109061467 0.995123873
vt 0.109061467 0.992202788
vt 0.107114078 0.992202788
vt 0.107114078 0.995123873
vt 0.118798417 0.996097568
vt 0.118798417 0.993176483
vt 0.116851027 0.993176483
vt 0.116851027 0.996097568
vt 0.128535366 0.996097568
vt 0.128535366 0.993176483
vt 0.125614282 0.993176483
vt 0.125614282 0.996097568
vt 0.138272316 0.997071263
vt 0.138272316 0.993176483
vt 0.136324926 0.993176483
vt 0.136324926 0.997071263
vt 0.147035571 0.997071263
vt 0.147035571 0.993176483
vt 0.145088181 0.993176483
vt 0.145088181 0.997071263
vt 0.15677252 0.997071263
vt 0.15677252 0.993176483
vt 0.15482513 0.993176483
vt 0.15482513 0.997071263
vt 0.165535775 0.996097568
vt 0.165535775 0.992202788
vt 0.163588385 0.992202788
vt 0.163588385 0.996097568
vt 0.440117751 0.828622037
vt 0.437196666 0.828622037
vt 0.437196666 0.911386107
vt 0.440117751 0.911386107
vt 0.502434228 0.912359802
vt 0.504381618 0.912359802
vt 0.504381618 0.828622037
vt 0.502434228 0.828622037
vt 0.826674647 0.96883411
vt 0.824727257 0.96883411
vt 0.824727257 0.977597364
vt 0.826674647 0.977597364
vt 0.818885087 0.96883411
vt 0.816937697 0.96883411
vt 0.816937697 0.977597364
vt 0.818885087 0.977597364
vt 0.446933616 0.911386107
vt 0.448881006 0.911386107
vt 0.448881006 0.828622037
vt 0.446933616 0.828622037
vt 0.45764426 0.827648342
vt 0.45569687 0.827648342
vt 0.45569687 0.911386107
vt 0.458617955 0.911386107
vt 0.05842933 0.983439534
vt 0.0564819401 0.983439534
vt 0.0564819401 0.989281704
vt 0.05842933 0.989281704
vt 0.0506397704 0.983439534
vt 0.0486923805 0.983439534
vt 0.0486923805 0.989281704
vt 0.0506397704 0.989281704
vt 0.855885495 0.96883411
vt 0.855885495 0.977597364
vt 0.857832885 0.977597364
vt 0.857832885 0.96883411
vt 0.848095936 0.96883411
vt 0.848095936 0.977597364
vt 0.850043325 0.977597364
vt 0.850043325 0.96883411
vt 0.133403841 0.983439534
vt 0.133403841 0.989281704
vt 0.135351231 0.989281704
vt 0.135351231 0.983439534
vt 0.124640587 0.983439534
vt 0.124640587 0.989281704
vt 0.127561672 0.989281704
vt 0.127561672 0.983439534
vt 0.46543382 0.911386107
vt 0.46738121 0.911386107
vt 0.46738121 0.827648342
vt 0.46543382 0.827648342
vt 0.476144464 0.827648342
vt 0.474197074 0.827648342
vt 0.474197074 0.911386107
vt 0.476144464 0.911386107
vt 0.811095527 0.96883411
vt 0.808174443 0.96883411
vt 0.808174443 0.977597364
vt 0.811095527 0.977597364
vt 0.803305968 0.96883411
vt 0.800384883 0.96883411
vt 0.800384883 0.977597364
vt 0.803305968 0.977597364
vt 0.483934024 0.911386107
vt 0.485881414 0.911386107
vt 0.485881414 0.827648342
vt 0.483934024 0.827648342
vt 0.494644668 0.828622037
vt 0.492697278 0.828622037
vt 0.492697278 0.912359802
vt 0.494644668 0.912359802
vt 0.0428502108 0.983439534
vt 0.0409028209 0.983439534
vt 0.0409028209 0.989281704
vt 0.0428502108 0.989281704
vt 0.0350606512 0.983439534
vt 0.0321395663 0.983439534
vt 0.0321395663 0.989281704
vt 0.0350606512 0.989281704
vt 0.840306376 0.96883411
vt 0.840306376 0.977597364
vt 0.842253766 0.977597364
vt 0.842253766 0.96883411
vt 0.832516816 0.96883411
vt 0.832516816 0.977597364
vt 0.834464206 0.977597364
vt 0.834464206 0.96883411
vt 0.116851027 0.983439534
vt 0.116851027 0.989281704
vt 0.118798417 0.989281704
vt 0.118798417 0.983439534
vt 0.109061467 0.982465839
vt 0.109061467 0.988308009
vt 0.111008857 0.988308009
vt 0.111008857 0.982465839
vt 0.671857149 0.941570651
vt 0.677699319 0.941570651
vt 0.677699319 0.893859598
vt 0.671857149 0.893859598
vt 0.65433064 0.893859598
vt 0.648488471 0.893859598
vt 0.648488471 0.941570651
vt 0.65433064 0.941570651
vt 0.625119792 0.941570651
vt 0.629988266 0.941570651
vt 0.629988266 0.893859598
vt 0.625119792 0.893859598
vt 0.605645893 0.893859598
vt 0.600777418 0.893859598
vt 0.600777418 0.941570651
vt 0.605645893 0.941570651
vt 0.577408739 0.95909716
vt 0.582277214 0.95909716
vt 0.582277214 0.910412412
vt 0.577408739 0.910412412
vt 0.558908535 0.910412412
vt 0.55404006 0.910412412
vt 0.55404006 0.95909716
vt 0.558908535 0.95909716
vt 0.530671381 0.95909716
vt 0.535539856 0.95909716
vt 0.535539856 0.910412412
vt 0.530671381 0.910412412
vt 0.512171177 0.916254582
vt 0.507302703 0.916254582
vt 0.507302703 0.963965635
vt 0.512171177 0.963965635
vt 0.337879781 0.820832477
vt 0.337879781 0.723462982
vt 0.337879781 0.820832477
vt 0.337879781 0.723462982
vt 0.339827171 0.820832477
vt 0.339827171 0.723462982
vt 0.340800866 0.820832477
vt 0.340800866 0.723462982
vt 0.339827171 0.723462982
vt 0.340800866 0.723462982
vt 0.337879781 0.723462982
vt 0.337879781 0.723462982
vt 0.332037611 0.820832477
vt 0.240510286 0.820832477
vt 0.240510286 0.821806172
vt 0.332037611 0.821806172
vt 0.234668116 0.723462982
vt 0.144114486 0.723462982
vt 0.144114486 0.723462982
vt 0.234668116 0.723462982
vt 0.138272316 0.723462982
vt 0.138272316 0.820832477
vt 0.138272316 0.723462982
vt 0.138272316 0.820832477
vt 0.138272316 0.821806172
vt 0.136324926 0.821806172
vt 0.136324926 0.820832477
vt 0.135351231 0.820832477
vt 0.135351231 0.723462982
vt 0.136324926 0.723462982
vt 0.138272316 0.723462982
vt 0.138272316 0.723462982
vt 0.136324926 0.723462982
vt 0.135351231 0.723462982
vt 0.144114486 0.821806172
vt 0.234668116 0.821806172
vt 0.234668116 0.820832477
vt 0.144114486 0.820832477
vt 0.234668116 0.723462982
vt 0.144114486 0.723462982
vt 0.240510286 0.723462982
vt 0.332037611 0.723462982
vt 0.240510286 0.723462982
vt 0.332037611 0.723462982
vt 0.240510286 0.820832477
vt 0.332037611 0.820832477
vt 0.689383659 0.893859598
vt 0.689383659 0.941570651
vt 0.689383659 0.893859598
vt 0.689383659 0.941570651
vt 0.683541489 0.941570651
vt 0.683541489 0.893859598
vt 0.683541489 0.893859598
vt 0.683541489 0.941570651
vt 0.66601498 0.893859598
vt 0.66601498 0.941570651
vt 0.66601498 0.893859598
vt 0.66601498 0.941570651
vt 0.66017281 0.941570651
vt 0.66017281 0.893859598
vt 0.66017281 0.893859598
vt 0.66017281 0.941570651
vt 0.642646301 0.893859598
vt 0.642646301 0.941570651
vt 0.642646301 0.893859598
vt 0.642646301 0.941570651
vt 0.636804131 0.941570651
vt 0.636804131 0.893859598
vt 0.635830436 0.893859598
vt 0.635830436 0.941570651
vt 0.618303927 0.893859598
vt 0.618303927 0.941570651
vt 0.618303927 0.893859598
vt 0.618303927 0.941570651
vt 0.612461757 0.941570651
vt 0.612461757 0.893859598
vt 0.611488062 0.893859598
vt 0.611488062 0.941570651
vt 0.594935248 0.910412412
vt 0.594935248 0.95909716
vt 0.594935248 0.910412412
vt 0.594935248 0.95909716
vt 0.589093079 0.95909716
vt 0.589093079 0.910412412
vt 0.588119384 0.910412412
vt 0.588119384 0.95909716
vt 0.570592874 0.910412412
vt 0.571566569 0.95909716
vt 0.571566569 0.910412412
vt 0.570592874 0.95909716
vt 0.564750705 0.95909716
vt 0.564750705 0.910412412
vt 0.564750705 0.910412412
vt 0.564750705 0.95909716
vt 0.547224196 0.910412412
vt 0.548197891 0.95909716
vt 0.548197891 0.910412412
vt 0.547224196 0.95909716
vt 0.541382026 0.95909716
vt 0.541382026 0.910412412
vt 0.541382026 0.910412412
vt 0.541382026 0.95909716
vt 0.523855517 0.913333497
vt 0.524829212 0.962018245
vt 0.524829212 0.913333497
vt 0.523855517 0.962018245
vt 0.518013347 0.962018245
vt 0.518013347 0.913333497
vt 0.518013347 0.913333497
vt 0.518013347 0.962018245
vt 0.274589609 0.825700952
vt 0.274589609 0.917228277
vt 0.276536999 0.917228277
vt 0.276536999 0.825700952
vt 0.285300254 0.917228277
vt 0.285300254 0.825700952
vt 0.283352864 0.825700952
vt 0.283352864 0.917228277
vt 0.337879781 0.820832477
vt 0.337879781 0.820832477
vt 0.337879781 0.821806172
vt 0.339827171 0.820832477
vt 0.339827171 0.821806172
vt 0.340800866 0.820832477
vt 0.85685919 0.175272724
vt 0.855885495 0.176246419
vt 0.855885495 0.176246419
vt 0.85685919 0.176246419
vt 0.872438309 0.175272724
vt 0.85685919 0.342748256
vt 0.855885495 0.342748256
vt 0.872438309 0.176246419
vt 0.85685919 0.343721951
vt 0.855885495 0.342748256
vt 0.872438309 0.342748256
vt 0.872438309 0.343721951
vt 0.874385699 0.342748256
vt 0.874385699 0.342748256
vt 0.874385699 0.176246419
vt 0.874385699 0.176246419
vt 0.531645076 0.342748256
vt 0.531645076 0.342748256
vt 0.532618771 0.343721951
vt 0.532618771 0.342748256
vt 0.531645076 0.176246419
vt 0.547224196 0.342748256
vt 0.547224196 0.343721951
vt 0.55793484 0.342748256
vt 0.55793484 0.343721951
vt 0.573513959 0.342748256
vt 0.573513959 0.343721951
vt 0.580329824 0.342748256
vt 0.580329824 0.343721951
vt 0.591040468 0.342748256
vt 0.591040468 0.343721951
vt 0.597856333 0.342748256
vt 0.597856333 0.343721951
vt 0.605645893 0.342748256
vt 0.605645893 0.343721951
vt 0.597856333 0.176246419
vt 0.591040468 0.176246419
vt 0.580329824 0.176246419
vt 0.573513959 0.176246419
vt 0.612461757 0.342748256
vt 0.613435452 0.343721951
vt 0.605645893 0.176246419
vt 0.619277622 0.342748256
vt 0.619277622 0.343721951
vt 0.55793484 0.176246419
vt 0.612461757 0.176246419
vt 0.630961961 0.342748256
vt 0.630961961 0.343721951
vt 0.547224196 0.176246419
vt 0.619277622 0.176246419
vt 0.637777826 0.342748256
vt 0.637777826 0.343721951
vt 0.532618771 0.176246419
vt 0.532618771 0.175272724
vt 0.531645076 0.176246419
vt 0.547224196 0.175272724
vt 0.55793484 0.175272724
vt 0.573513959 0.175272724
vt 0.580329824 0.175272724
vt 0.591040468 0.175272724
vt 0.597856333 0.175272724
vt 0.605645893 0.175272724
vt 0.613435452 0.175272724
vt 0.619277622 0.175272724
vt 0.630961961 0.175272724
vt 0.630961961 0.176246419
vt 0.637777826 0.175272724
vt 0.637777826 0.176246419
vt 0.65433064 0.175272724
vt 0.653356945 0.342748256
vt 0.65433064 0.343721951
vt 0.653356945 0.176246419
vt 0.665041285 0.175272724
vt 0.665041285 0.342748256
vt 0.665041285 0.343721951
vt 0.665041285 0.176246419
vt 0.679646709 0.175272724
vt 0.679646709 0.342748256
vt 0.679646709 0.343721951
vt 0.679646709 0.176246419
vt 0.679646709 0.342748256
vt 0.679646709 0.342748256
vt 0.679646709 0.176246419
vt 0.679646709 0.176246419
vt 0.404091038 0.330090221
vt 0.404091038 0.331063916
vt 0.404091038 0.332037611
vt 0.404091038 0.331063916
vt 0.404091038 0.315484797
vt 0.419670157 0.338853476
vt 0.419670157 0.339827171
vt 0.405064733 0.316458492
vt 0.406038428 0.305747848
vt 0.420643852 0.338853476
vt 0.420643852 0.339827171
vt 0.417722767 0.315484797
vt 0.418696462 0.315484797
vt 0.407012123 0.305747848
vt 0.413827987 0.289195033
vt 0.419670157 0.306721543
vt 0.420643852 0.306721543
vt 0.423564937 0.295037203
vt 0.424538632 0.296010898
vt 0.414801682 0.289195033
vt 0.417722767 0.282379169
vt 0.418696462 0.283352864
vt 0.426486022 0.271668524
vt 0.426486022 0.290168728
vt 0.427459717 0.290168728
vt 0.427459717 0.272642219
vt 0.430380801 0.26485266
vt 0.439144056 0.274589609
vt 0.440117751 0.275563304
vt 0.430380801 0.265826355
vt 0.431354496 0.258036795
vt 0.444012531 0.267773745
vt 0.444986226 0.267773745
vt 0.446933616 0.258036795
vt 0.447907311 0.258036795
vt 0.432328191 0.258036795
vt 0.430380801 0.250247235
vt 0.444012531 0.247326151
vt 0.444986226 0.247326151
vt 0.430380801 0.24927354
vt 0.426486022 0.243431371
vt 0.439144056 0.240510286
vt 0.440117751 0.240510286
vt 0.427459717 0.243431371
vt 0.417722767 0.232720726
vt 0.426486022 0.224931167
vt 0.427459717 0.224931167
vt 0.418696462 0.232720726
vt 0.413827987 0.225904862
vt 0.423564937 0.220062692
vt 0.424538632 0.219088997
vt 0.414801682 0.225904862
vt 0.406038428 0.210325742
vt 0.407012123 0.209352047
vt 0.404091038 0.199615098
vt 0.419670157 0.208378353
vt 0.420643852 0.208378353
vt 0.417722767 0.199615098
vt 0.418696462 0.199615098
vt 0.405064733 0.199615098
vt 0.404091038 0.185009674
vt 0.419670157 0.177220114
vt 0.420643852 0.176246419
vt 0.404091038 0.185009674
vt 0.419670157 0.176246419
vt 0.420643852 0.175272724
vt 0.404091038 0.184035979
vt 0.404091038 0.184035979
vt 0.686462574 0.175272724
vt 0.686462574 0.176246419
vt 0.685488879 0.176246419
vt 0.686462574 0.176246419
vt 0.709831252 0.175272724
vt 0.686462574 0.342748256
vt 0.685488879 0.342748256
vt 0.709831252 0.176246419
vt 0.718594507 0.175272724
vt 0.686462574 0.343721951
vt 0.686462574 0.342748256
vt 0.709831252 0.342748256
vt 0.709831252 0.343721951
vt 0.718594507 0.176246419
vt 0.730278846 0.175272724
vt 0.718594507 0.342748256
vt 0.718594507 0.343721951
vt 0.729305152 0.176246419
vt 0.735147321 0.175272724
vt 0.729305152 0.342748256
vt 0.730278846 0.343721951
vt 0.735147321 0.176246419
vt 0.75072644 0.175272724
vt 0.735147321 0.342748256
vt 0.735147321 0.343721951
vt 0.75072644 0.176246419
vt 0.757542305 0.175272724
vt 0.75072644 0.342748256
vt 0.75072644 0.343721951
vt 0.757542305 0.176246419
vt 0.76825295 0.175272724
vt 0.757542305 0.342748256
vt 0.757542305 0.343721951
vt 0.76825295 0.342748256
vt 0.76825295 0.343721951
vt 0.76825295 0.176246419
vt 0.778963594 0.175272724
vt 0.778963594 0.342748256
vt 0.778963594 0.343721951
vt 0.778963594 0.176246419
vt 0.785779459 0.175272724
vt 0.785779459 0.342748256
vt 0.785779459 0.343721951
vt 0.785779459 0.176246419
vt 0.801358578 0.175272724
vt 0.801358578 0.342748256
vt 0.801358578 0.343721951
vt 0.801358578 0.176246419
vt 0.806227053 0.175272724
vt 0.806227053 0.342748256
vt 0.806227053 0.343721951
vt 0.806227053 0.176246419
vt 0.816937697 0.175272724
vt 0.817911392 0.342748256
vt 0.816937697 0.343721951
vt 0.817911392 0.176246419
vt 0.825700952 0.175272724
vt 0.825700952 0.342748256
vt 0.825700952 0.343721951
vt 0.825700952 0.176246419
vt 0.849069631 0.175272724
vt 0.849069631 0.342748256
vt 0.849069631 0.343721951
vt 0.849069631 0.176246419
vt 0.850043325 0.342748256
vt 0.850043325 0.342748256
vt 0.850043325 0.176246419
vt 0.850043325 0.176246419
vt 0.397275173 0.333985001
vt 0.398248868 0.333985001
vt 0.398248868 0.333011306
vt 0.397275173 0.333011306
vt 0.381696054 0.341774561
vt 0.397275173 0.318405882
vt 0.397275173 0.318405882
vt 0.394354088 0.307695238
vt 0.395327783 0.307695238
vt 0.383643444 0.318405882
vt 0.381696054 0.340800866
vt 0.380722359 0.341774561
vt 0.380722359 0.341774561
vt 0.382669749 0.318405882
vt 0.381696054 0.309642627
vt 0.382669749 0.309642627
vt 0.376827579 0.297958288
vt 0.377801274 0.297958288
vt 0.373906494 0.293089813
vt 0.387538224 0.292116118
vt 0.387538224 0.292116118
vt 0.383643444 0.285300254
vt 0.383643444 0.285300254
vt 0.373906494 0.292116118
vt 0.360274765 0.277510694
vt 0.373906494 0.274589609
vt 0.373906494 0.274589609
vt 0.36124846 0.277510694
vt 0.35540629 0.270694829
vt 0.370011714 0.267773745
vt 0.370985409 0.267773745
vt 0.356379985 0.270694829
vt 0.3534589 0.259984185
vt 0.369038019 0.259984185
vt 0.370011714 0.259984185
vt 0.354432595 0.259984185
vt 0.35540629 0.24927354
vt 0.370011714 0.252194625
vt 0.370985409 0.252194625
vt 0.356379985 0.250247235
vt 0.360274765 0.242457676
vt 0.36124846 0.243431371
vt 0.373906494 0.226878557
vt 0.373906494 0.245378761
vt 0.373906494 0.246352456
vt 0.373906494 0.227852252
vt 0.376827579 0.222010082
vt 0.383643444 0.234668116
vt 0.383643444 0.235641811
vt 0.377801274 0.222010082
vt 0.381696054 0.211299437
vt 0.387538224 0.227852252
vt 0.387538224 0.228825946
vt 0.394354088 0.212273132
vt 0.395327783 0.212273132
vt 0.382669749 0.211299437
vt 0.382669749 0.202536183
vt 0.383643444 0.202536183
vt 0.380722359 0.179167504
vt 0.397275173 0.201562488
vt 0.397275173 0.201562488
vt 0.397275173 0.186957064
vt 0.398248868 0.186957064
vt 0.381696054 0.179167504
vt 0.397275173 0.185983369
vt 0.398248868 0.186957064
vt 0.381696054 0.178193809
vt 0.380722359 0.178193809
vt 0.880227869 0.342748256
vt 0.880227869 0.342748256
vt 0.881201564 0.343721951
vt 0.881201564 0.342748256
vt 0.880227869 0.176246419
vt 0.896780683 0.342748256
vt 0.896780683 0.343721951
vt 0.881201564 0.176246419
vt 0.897754378 0.342748256
vt 0.897754378 0.343721951
vt 0.896780683 0.176246419
vt 0.897754378 0.176246419
vt 0.896780683 0.175272724
vt 0.897754378 0.176246419
vt 0.881201564 0.175272724
vt 0.880227869 0.176246419
vt 0.128535366 0.347616731
vt 0.15871991 0.345669341
vt 0.128535366 0.345669341
vt 0.15871991 0.347616731
vt 0.159693605 0.347616731
vt 0.159693605 0.489776193
vt 0.15871991 0.489776193
vt 0.128535366 0.489776193
vt 0.15871991 0.491723583
vt 0.128535366 0.491723583
vt 0.167483165 0.347616731
vt 0.309642627 0.347616731
vt 0.309642627 0.345669341
vt 0.167483165 0.345669341
vt 0.167483165 0.491723583
vt 0.309642627 0.491723583
vt 0.309642627 0.489776193
vt 0.167483165 0.489776193
vt 0.346643036 0.347616731
vt 0.348590426 0.489776193
vt 0.348590426 0.347616731
vt 0.346643036 0.489776193
vt 0.346643036 0.491723583
vt 0.316458492 0.491723583
vt 0.316458492 0.489776193
vt 0.316458492 0.347616731
vt 0.346643036 0.345669341
vt 0.316458492 0.345669341
vt 0.348590426 0.347616731
vt 0.415775377 0.488802499
vt 0.415775377 0.345669341
vt 0.385590834 0.345669341
vt 0.385590834 0.488802499
vt 0.422591242 0.346643036
vt 0.422591242 0.488802499
vt 0.452775785 0.488802499
vt 0.452775785 0.346643036
vt 0.309642627 0.489776193
vt 0.309642627 0.347616731
vt 0.167483165 0.347616731
vt 0.167483165 0.489776193
vt 0.769226645 0.588119384
vt 0.76435817 0.589093079
vt 0.769226645 0.589093079
vt 0.76435817 0.588119384
vt 0.769226645 0.476144464
vt 0.76435817 0.476144464
vt 0.769226645 0.476144464
vt 0.76435817 0.476144464
vt 0.763384475 0.476144464
vt 0.76435817 0.476144464
vt 0.763384475 0.588119384
vt 0.76435817 0.589093079
vt 0.757542305 0.476144464
vt 0.751700135 0.476144464
vt 0.751700135 0.476144464
vt 0.757542305 0.476144464
vt 0.751700135 0.588119384
vt 0.757542305 0.588119384
vt 0.751700135 0.589093079
vt 0.757542305 0.589093079
vt 0.745857966 0.588119384
vt 0.740015796 0.589093079
vt 0.745857966 0.589093079
vt 0.740015796 0.588119384
vt 0.740015796 0.588119384
vt 0.740015796 0.476144464
vt 0.740015796 0.476144464
vt 0.740015796 0.476144464
vt 0.745857966 0.476144464
vt 0.745857966 0.476144464
vt 0.745857966 0.588119384
vt 0.745857966 0.589093079
vt 0.745857966 0.476144464
vt 0.745857966 0.476144464
vt 0.728331457 0.476144464
vt 0.734173626 0.476144464
vt 0.728331457 0.476144464
vt 0.734173626 0.476144464
vt 0.728331457 0.588119384
vt 0.734173626 0.588119384
vt 0.728331457 0.589093079
vt 0.734173626 0.589093079
vt 0.722489287 0.588119384
vt 0.716647117 0.589093079
vt 0.722489287 0.589093079
vt 0.716647117 0.588119384
vt 0.722489287 0.476144464
vt 0.716647117 0.476144464
vt 0.722489287 0.476144464
vt 0.716647117 0.476144464
vt 0.715673422 0.476144464
vt 0.716647117 0.476144464
vt 0.715673422 0.588119384
vt 0.716647117 0.589093079
vt 0.709831252 0.476144464
vt 0.704962778 0.476144464
vt 0.704962778 0.476144464
vt 0.709831252 0.476144464
vt 0.704962778 0.588119384
vt 0.709831252 0.588119384
vt 0.704962778 0.589093079
vt 0.709831252 0.589093079
vt 0.698146913 0.588119384
vt 0.693278438 0.589093079
vt 0.698146913 0.589093079
vt 0.693278438 0.588119384
vt 0.692304743 0.588119384
vt 0.692304743 0.476144464
vt 0.693278438 0.476144464
vt 0.693278438 0.476144464
vt 0.698146913 0.476144464
vt 0.698146913 0.476144464
vt 0.699120608 0.588119384
vt 0.698146913 0.589093079
vt 0.699120608 0.476144464
vt 0.698146913 0.476144464
vt 0.680620404 0.476144464
vt 0.686462574 0.476144464
vt 0.680620404 0.476144464
vt 0.686462574 0.476144464
vt 0.680620404 0.588119384
vt 0.686462574 0.588119384
vt 0.680620404 0.589093079
vt 0.686462574 0.589093079
vt 0.103219298 0.989281704
vt 0.103219298 0.983439534
vt 0.097377128 0.983439534
vt 0.097377128 0.989281704
vt 0.0915349583 0.989281704
vt 0.0915349583 0.983439534
vt 0.0866664836 0.983439534
vt 0.0866664836 0.989281704
vt 0.0808243139 0.989281704
vt 0.0808243139 0.983439534
vt 0.0749821442 0.983439534
vt 0.0749821442 0.989281704
vt 0.0691399745 0.989281704
vt 0.0691399745 0.983439534
vt 0.0642714997 0.983439534
vt 0.0642714997 0.989281704
vt 0.769226645 0.588119384
vt 0.769226645 0.589093079
vt 0.770200339 0.588119384
vt 0.769226645 0.476144464
vt 0.770200339 0.476144464
vt 0.769226645 0.476144464
vt 0.722489287 0.588119384
vt 0.722489287 0.589093079
vt 0.722489287 0.588119384
vt 0.722489287 0.476144464
vt 0.722489287 0.476144464
vt 0.722489287 0.476144464
vt 0.147035571 0.341774561
vt 0.147035571 0.341774561
vt 0.148009266 0.340800866
vt 0.147035571 0.340800866
vt 0.00877088746 0.341774561
vt 0.147035571 0.183062284
vt 0.148009266 0.183062284
vt 0.00877088746 0.340800866
vt 0.147035571 0.182088589
vt 0.147035571 0.183062284
vt 0.00877088746 0.183062284
vt 0.00877088746 0.182088589
vt 0.00779719251 0.183062284
vt 0.00779719251 0.183062284
vt 0.00779719251 0.340800866
vt 0.00779719251 0.341774561
vt 0.318405882 0.336906086
vt 0.318405882 0.337879781
vt 0.318405882 0.338853476
vt 0.318405882 0.336906086
vt 0.318405882 0.180141199
vt 0.325221747 0.337879781
vt 0.325221747 0.338853476
vt 0.318405882 0.180141199
vt 0.326195442 0.337879781
vt 0.326195442 0.337879781
vt 0.325221747 0.180141199
vt 0.326195442 0.180141199
vt 0.325221747 0.179167504
vt 0.326195442 0.179167504
vt 0.318405882 0.179167504
vt 0.318405882 0.179167504
vt 0.356379985 0.348590426
vt 0.35540629 0.348590426
vt 0.35540629 0.34956412
vt 0.356379985 0.34956412
vt 0.362222155 0.345669341
vt 0.356379985 0.487828804
vt 0.35540629 0.487828804
vt 0.356379985 0.488802499
vt 0.35540629 0.487828804
vt 0.362222155 0.489776193
vt 0.362222155 0.490749888
vt 0.362222155 0.346643036
vt 0.36319585 0.489776193
vt 0.36319585 0.490749888
vt 0.36319585 0.346643036
vt 0.36319585 0.345669341
vt 0.312563712 0.183062284
vt 0.311590017 0.183062284
vt 0.310616322 0.182088589
vt 0.311590017 0.183062284
vt 0.312563712 0.340800866
vt 0.168456859 0.183062284
vt 0.168456859 0.182088589
vt 0.167483165 0.183062284
vt 0.167483165 0.183062284
vt 0.168456859 0.340800866
vt 0.167483165 0.340800866
vt 0.311590017 0.340800866
vt 0.168456859 0.341774561
vt 0.167483165 0.341774561
vt 0.310616322 0.341774561
vt 0.311590017 0.341774561
vt 0.161640995 0.183062284
vt 0.161640995 0.183062284
vt 0.1606673 0.182088589
vt 0.1606673 0.183062284
vt 0.161640995 0.340800866
vt 0.153851435 0.183062284
vt 0.15482513 0.182088589
vt 0.1606673 0.340800866
vt 0.153851435 0.183062284
vt 0.153851435 0.183062284
vt 0.153851435 0.340800866
vt 0.153851435 0.340800866
vt 0.15482513 0.341774561
vt 0.153851435 0.341774561
vt 0.1606673 0.341774561
vt 0.161640995 0.341774561
vt 0.370011714 0.489776193
vt 0.370011714 0.490749888
vt 0.370985409 0.490749888
vt 0.370985409 0.489776193
vt 0.370011714 0.346643036
vt 0.378774969 0.487828804
vt 0.378774969 0.488802499
vt 0.370985409 0.346643036
vt 0.379748664 0.487828804
vt 0.378774969 0.487828804
vt 0.378774969 0.34956412
vt 0.379748664 0.34956412
vt 0.378774969 0.348590426
vt 0.378774969 0.348590426
vt 0.370985409 0.345669341
vt 0.370011714 0.345669341
vt 0.46738121 0.178193809
vt 0.46738121 0.339827171
vt 0.468354905 0.339827171
vt 0.468354905 0.178193809
vt 0.475170769 0.176246419
vt 0.475170769 0.341774561
vt 0.476144464 0.341774561
vt 0.476144464 0.176246419
vt 0.468354905 0.339827171
vt 0.46738121 0.339827171
vt 0.475170769 0.342748256
vt 0.476144464 0.341774561
vt 0.342748256 0.340800866
vt 0.347616731 0.340800866
vt 0.347616731 0.339827171
vt 0.342748256 0.339827171
vt 0.520934432 0.176246419
vt 0.525802907 0.176246419
vt 0.525802907 0.175272724
vt 0.520934432 0.175272724
vt 0.507302703 0.339827171
vt 0.506329008 0.178193809
vt 0.506329008 0.339827171
vt 0.507302703 0.178193809
vt 0.507302703 0.178193809
vt 0.514118567 0.175272724
vt 0.514118567 0.176246419
vt 0.515092262 0.176246419
vt 0.515092262 0.341774561
vt 0.514118567 0.341774561
vt 0.507302703 0.339827171
vt 0.506329008 0.339827171
vt 0.514118567 0.342748256
vt 0.515092262 0.341774561
vt 0.525802907 0.341774561
vt 0.520934432 0.342748256
vt 0.525802907 0.342748256
vt 0.520934432 0.341774561
vt 0.520934432 0.176246419
vt 0.525802907 0.176246419
vt 0.347616731 0.178193809
vt 0.342748256 0.178193809
vt 0.342748256 0.179167504
vt 0.347616731 0.179167504
vt 0.347616731 0.339827171
vt 0.342748256 0.339827171
vt 0.102245603 0.491723583
vt 0.102245603 0.345669341
vt 0.101271908 0.345669341
vt 0.101271908 0.491723583
vt 0.592987858 0.963965635
vt 0.597856333 0.96299194
vt 0.592987858 0.96299194
vt 0.597856333 0.963965635
vt 0.598830028 0.963965635
vt 0.598830028 0.975649974
vt 0.597856333 0.975649974
vt 0.597856333 0.975649974
vt 0.592987858 0.975649974
vt 0.592987858 0.975649974
vt 0.592987858 0.963965635
vt 0.592987858 0.975649974
vt 0.00779719251 0.496592058
vt 0.00779719251 0.345669341
vt 0.00779719251 0.345669341
vt 0.00779719251 0.496592058
vt 0.00292871775 0.496592058
vt 0.00292871775 0.345669341
vt 0.0019550228 0.345669341
vt 0.0019550228 0.496592058
vt 0.108087773 0.491723583
vt 0.108087773 0.345669341
vt 0.107114078 0.345669341
vt 0.107114078 0.491723583
vt 0.606619588 0.946439126
vt 0.611488062 0.945465431
vt 0.606619588 0.945465431
vt 0.611488062 0.946439126
vt 0.611488062 0.946439126
vt 0.611488062 0.958123465
vt 0.611488062 0.958123465
vt 0.611488062 0.958123465
vt 0.606619588 0.958123465
vt 0.606619588 0.958123465
vt 0.605645893 0.946439126
vt 0.606619588 0.945465431
vt 0.605645893 0.958123465
vt 0.606619588 0.958123465
vt 0.45374948 0.178193809
vt 0.45374948 0.339827171
vt 0.45374948 0.339827171
vt 0.45374948 0.178193809
vt 0.460565345 0.176246419
vt 0.460565345 0.341774561
vt 0.46153904 0.341774561
vt 0.46153904 0.176246419
vt 0.45374948 0.339827171
vt 0.45374948 0.339827171
vt 0.460565345 0.342748256
vt 0.46153904 0.341774561
vt 0.332037611 0.340800866
vt 0.336906086 0.340800866
vt 0.336906086 0.339827171
vt 0.332037611 0.339827171
vt 0.495618363 0.176246419
vt 0.500486838 0.176246419
vt 0.500486838 0.175272724
vt 0.495618363 0.175272724
vt 0.481986634 0.339827171
vt 0.481986634 0.178193809
vt 0.481986634 0.339827171
vt 0.481986634 0.178193809
vt 0.481986634 0.178193809
vt 0.489776193 0.175272724
vt 0.489776193 0.176246419
vt 0.489776193 0.176246419
vt 0.489776193 0.341774561
vt 0.489776193 0.341774561
vt 0.481986634 0.339827171
vt 0.481986634 0.339827171
vt 0.489776193 0.342748256
vt 0.489776193 0.341774561
vt 0.500486838 0.341774561
vt 0.495618363 0.342748256
vt 0.500486838 0.342748256
vt 0.495618363 0.341774561
vt 0.495618363 0.176246419
vt 0.500486838 0.176246419
vt 0.336906086 0.178193809
vt 0.332037611 0.178193809
vt 0.332037611 0.179167504
vt 0.336906086 0.179167504
vt 0.336906086 0.339827171
vt 0.332037611 0.339827171
vt 0.114903637 0.491723583
vt 0.114903637 0.345669341
vt 0.114903637 0.345669341
vt 0.114903637 0.491723583
vt 0.619277622 0.946439126
vt 0.625119792 0.945465431
vt 0.619277622 0.945465431
vt 0.625119792 0.946439126
vt 0.626093487 0.946439126
vt 0.626093487 0.958123465
vt 0.625119792 0.958123465
vt 0.625119792 0.958123465
vt 0.619277622 0.958123465
vt 0.619277622 0.958123465
vt 0.618303927 0.946439126
vt 0.618303927 0.958123465
vt 0.0214289218 0.496592058
vt 0.0214289218 0.345669341
vt 0.0204552269 0.345669341
vt 0.0204552269 0.496592058
vt 0.0155867521 0.496592058
vt 0.0155867521 0.345669341
vt 0.0146130572 0.345669341
vt 0.0146130572 0.496592058
vt 0.120745807 0.491723583
vt 0.120745807 0.345669341
vt 0.119772112 0.345669341
vt 0.119772112 0.491723583
vt 0.632909351 0.946439126
vt 0.637777826 0.945465431
vt 0.632909351 0.945465431
vt 0.637777826 0.946439126
vt 0.638751521 0.946439126
vt 0.638751521 0.958123465
vt 0.637777826 0.958123465
vt 0.637777826 0.958123465
vt 0.632909351 0.958123465
vt 0.632909351 0.958123465
vt 0.631935656 0.946439126
vt 0.632909351 0.945465431
vt 0.631935656 0.958123465
vt 0.632909351 0.958123465
vt 0.733199931 0.96883411
vt 0.733199931 0.975649974
vt 0.738068406 0.975649974
vt 0.738068406 0.96883411
vt 0.727357762 0.975649974
vt 0.727357762 0.96883411
vt 0.722489287 0.96883411
vt 0.722489287 0.975649974
vt 0.0282447865 0.493670973
vt 0.0399291259 0.495618363
vt 0.0399291259 0.345669341
vt 0.0282447865 0.347616731
vt 0.05842933 0.347616731
vt 0.0467449906 0.345669341
vt 0.0467449906 0.495618363
vt 0.05842933 0.493670973
vt 0.107114078 0.491723583
vt 0.107114078 0.345669341
vt 0.102245603 0.345669341
vt 0.102245603 0.491723583
vt 0.00292871775 0.345669341
vt 0.00292871775 0.496592058
vt 0.00779719251 0.496592058
vt 0.00779719251 0.345669341
vt 0.711778642 0.96883411
vt 0.711778642 0.975649974
vt 0.716647117 0.975649974
vt 0.716647117 0.96883411
vt 0.705936473 0.975649974
vt 0.705936473 0.96883411
vt 0.701067998 0.96883411
vt 0.701067998 0.975649974
vt 0.0652451946 0.493670973
vt 0.0759558391 0.495618363
vt 0.0759558391 0.345669341
vt 0.0652451946 0.347616731
vt 0.0944560432 0.347616731
vt 0.0837453987 0.345669341
vt 0.0837453987 0.495618363
vt 0.0944560432 0.493670973
vt 0.119772112 0.491723583
vt 0.119772112 0.345669341
vt 0.114903637 0.345669341
vt 0.114903637 0.491723583
vt 0.0155867521 0.345669341
vt 0.0155867521 0.496592058
vt 0.0204552269 0.496592058
vt 0.0204552269 0.345669341
vt 0.46738121 0.178193809
vt 0.468354905 0.178193809
vt 0.468354905 0.178193809
vt 0.475170769 0.175272724
vt 0.475170769 0.176246419
vt 0.476144464 0.176246419
vt 0.45374948 0.178193809
vt 0.45374948 0.178193809
vt 0.45374948 0.178193809
vt 0.460565345 0.175272724
vt 0.460565345 0.176246419
vt 0.46153904 0.176246419
vt 0.835437901 0.589093079
vt 0.948386516 0.589093079
vt 0.948386516 0.589093079
vt 0.835437901 0.589093079
vt 0.65433064 0.588119384
vt 0.674778234 0.56767179
vt 0.674778234 0.566698095
vt 0.653356945 0.588119384
vt 0.292116118 0.607593283
vt 0.292116118 0.495618363
vt 0.291142423 0.495618363
vt 0.291142423 0.607593283
vt 0.284326559 0.495618363
vt 0.284326559 0.607593283
vt 0.647514776 0.588119384
vt 0.626093487 0.56767179
vt 0.647514776 0.588119384
vt 0.627067182 0.566698095
vt 0.647514776 0.476144464
vt 0.627067182 0.497565753
vt 0.647514776 0.476144464
vt 0.626093487 0.496592058
vt 0.270694829 0.607593283
vt 0.269721134 0.495618363
vt 0.269721134 0.607593283
vt 0.270694829 0.495618363
vt 0.278484389 0.607593283
vt 0.278484389 0.495618363
vt 0.835437901 0.476144464
vt 0.948386516 0.476144464
vt 0.948386516 0.476144464
vt 0.835437901 0.476144464
vt 0.653356945 0.476144464
vt 0.674778234 0.496592058
vt 0.65433064 0.476144464
vt 0.674778234 0.497565753
vt 0.653356945 0.588119384
vt 0.674778234 0.566698095
vt 0.835437901 0.476144464
vt 0.835437901 0.589093079
vt 0.948386516 0.589093079
vt 0.948386516 0.476144464
vt 0.783832069 0.588119384
vt 0.799411188 0.56767179
vt 0.799411188 0.497565753
vt 0.783832069 0.476144464
vt 0.783832069 0.476144464
vt 0.783832069 0.589093079
vt 0.783832069 0.589093079
vt 0.783832069 0.589093079
vt 0.776042509 0.589093079
vt 0.783832069 0.476144464
vt 0.783832069 0.476144464
vt 0.776042509 0.476144464
vt 0.776042509 0.476144464
vt 0.776042509 0.476144464
vt 0.776042509 0.589093079
vt 0.776042509 0.589093079
vt 0.776042509 0.476144464
vt 0.814016612 0.588119384
vt 0.829595732 0.56767179
vt 0.829595732 0.497565753
vt 0.814016612 0.476144464
vt 0.813042917 0.476144464
vt 0.813042917 0.589093079
vt 0.814016612 0.589093079
vt 0.813042917 0.589093079
vt 0.806227053 0.589093079
vt 0.813042917 0.476144464
vt 0.814016612 0.476144464
vt 0.806227053 0.476144464
vt 0.806227053 0.476144464
vt 0.805253358 0.476144464
vt 0.806227053 0.589093079
vt 0.805253358 0.589093079
vt 0.0886138735 0.996097568
vt 0.0886138735 0.993176483
vt 0.0886138735 0.996097568
vt 0.0886138735 0.996097568
vt 0.0886138735 0.993176483
vt 0.0886138735 0.992202788
vt 0.0915349583 0.992202788
vt 0.0915349583 0.996097568
vt 0.0915349583 0.996097568
vt 0.0915349583 0.996097568
vt 0.0915349583 0.993176483
vt 0.0915349583 0.993176483
vt 0.0817980088 0.996097568
vt 0.0798506189 0.996097568
vt 0.0817980088 0.996097568
vt 0.0817980088 0.996097568
vt 0.0798506189 0.996097568
vt 0.0798506189 0.996097568
vt 0.0798506189 0.993176483
vt 0.0798506189 0.993176483
vt 0.0798506189 0.992202788
vt 0.0817980088 0.992202788
vt 0.0817980088 0.993176483
vt 0.0817980088 0.993176483
vt 0.0710873644 0.996097568
vt 0.0701136694 0.993176483
vt 0.0701136694 0.996097568
vt 0.0710873644 0.996097568
vt 0.0710873644 0.993176483
vt 0.0710873644 0.992202788
vt 0.0730347543 0.992202788
vt 0.0730347543 0.996097568
vt 0.0730347543 0.996097568
vt 0.0730347543 0.996097568
vt 0.0730347543 0.993176483
vt 0.0730347543 0.993176483
vt 0.0632978047 0.996097568
vt 0.0613504148 0.996097568
vt 0.0632978047 0.996097568
vt 0.0632978047 0.996097568
vt 0.0613504148 0.996097568
vt 0.0613504148 0.996097568
vt 0.0613504148 0.993176483
vt 0.0613504148 0.993176483
vt 0.0613504148 0.992202788
vt 0.0632978047 0.992202788
vt 0.0632978047 0.993176483
vt 0.0632978047 0.993176483
vt 0.0525871603 0.996097568
vt 0.0516134653 0.993176483
vt 0.0516134653 0.996097568
vt 0.0525871603 0.996097568
vt 0.0525871603 0.993176483
vt 0.0525871603 0.992202788
vt 0.0545345502 0.992202788
vt 0.0545345502 0.996097568
vt 0.0545345502 0.996097568
vt 0.0545345502 0.996097568
vt 0.0545345502 0.993176483
vt 0.0545345502 0.993176483
vt 0.0447976007 0.996097568
vt 0.0428502108 0.996097568
vt 0.0447976007 0.996097568
vt 0.0447976007 0.996097568
vt 0.0428502108 0.996097568
vt 0.0428502108 0.996097568
vt 0.0428502108 0.993176483
vt 0.0428502108 0.993176483
vt 0.0428502108 0.992202788
vt 0.0447976007 0.992202788
vt 0.0447976007 0.993176483
vt 0.0447976007 0.993176483
vt 0.0340869562 0.996097568
vt 0.0331132612 0.993176483
vt 0.0331132612 0.996097568
vt 0.0340869562 0.996097568
vt 0.0340869562 0.993176483
vt 0.0340869562 0.992202788
vt 0.0360343461 0.992202788
vt 0.0360343461 0.996097568
vt 0.0360343461 0.996097568
vt 0.0360343461 0.996097568
vt 0.0360343461 0.993176483
vt 0.0360343461 0.993176483
vt 0.0262973966 0.996097568
vt 0.0243500067 0.996097568
vt 0.0262973966 0.996097568
vt 0.0262973966 0.996097568
vt 0.0243500067 0.996097568
vt 0.0243500067 0.996097568
vt 0.0243500067 0.993176483
vt 0.0243500067 0.993176483
vt 0.0243500067 0.992202788
vt 0.0262973966 0.992202788
vt 0.0262973966 0.993176483
vt 0.0262973966 0.993176483
vt 0.307695238 0.176246419
vt 0.286273949 0.176246419
vt 0.307695238 0.177220114
vt 0.308668932 0.176246419
vt 0.286273949 0.175272724
vt 0.285300254 0.175272724
vt 0.285300254 0.00390241271
vt 0.286273949 0.00390241271
vt 0.286273949 0.00292871775
vt 0.307695238 0.0019550228
vt 0.307695238 0.00292871775
vt 0.308668932 0.00292871775
vt 0.914307192 0.593961553
vt 0.915280887 0.698146913
vt 0.915280887 0.593961553
vt 0.914307192 0.592987858
vt 0.914307192 0.698146913
vt 0.914307192 0.699120608
vt 0.907491328 0.699120608
vt 0.907491328 0.698146913
vt 0.906517633 0.698146913
vt 0.906517633 0.593961553
vt 0.907491328 0.593961553
vt 0.907491328 0.592987858
vt 0.546250501 0.473223379
vt 0.538460941 0.473223379
vt 0.546250501 0.473223379
vt 0.547224196 0.473223379
vt 0.538460941 0.473223379
vt 0.537487246 0.473223379
vt 0.537487246 0.347616731
vt 0.538460941 0.347616731
vt 0.538460941 0.346643036
vt 0.546250501 0.346643036
vt 0.546250501 0.347616731
vt 0.547224196 0.347616731
vt 0.483934024 0.472249684
vt 0.475170769 0.472249684
vt 0.483934024 0.472249684
vt 0.483934024 0.472249684
vt 0.475170769 0.472249684
vt 0.474197074 0.472249684
vt 0.474197074 0.346643036
vt 0.475170769 0.346643036
vt 0.475170769 0.346643036
vt 0.483934024 0.346643036
vt 0.483934024 0.346643036
vt 0.483934024 0.346643036
g Building_01Building_01_mobile_0
f 3/3/3 2/2/2 1/1/1
f 5/5/5 4/4/4 3/3/3
f 6/6/6 4/4/4 5/5/5
f 7/7/7 5/5/5 3/3/3
f 5/5/5 7/7/7 8/8/8
f 8/8/8 7/7/7 9/9/9
f 7/7/7 10/10/10 9/9/9
f 9/9/9 10/10/10 11/11/11
f 10/10/10 12/12/12 11/11/11
f 12/12/12 5/5/5 13/13/13
f 13/13/13 5/5/5 8/8/8
f 11/11/11 12/12/12 13/13/13
f 14/14/14 9/9/9 11/11/11
f 9/9/9 14/14/14 15/15/15
f 16/16/16 14/14/14 11/11/11
f 17/17/17 16/16/16 11/11/11
f 13/13/13 8/8/8 18/18/18
f 18/18/18 19/19/19 13/13/13
f 8/8/8 20/20/20 18/18/18
f 21/21/21 20/20/20 8/8/8
f 24/24/24 23/23/23 22/22/22
f 23/23/23 26/26/26 25/25/25
f 26/26/26 27/27/27 25/25/25
f 26/26/26 28/28/28 27/27/27
f 25/25/25 27/27/27 29/29/29
f 30/30/30 25/25/25 29/29/29
f 29/29/29 27/27/27 31/31/31
f 32/32/32 25/25/25 30/30/30
f 27/27/27 33/33/33 31/31/31
f 34/34/34 32/32/32 30/30/30
f 31/31/31 33/33/33 34/34/34
f 33/33/33 32/32/32 34/34/34
f 37/37/37 36/36/36 35/35/35
f 40/40/40 39/39/39 38/38/38
f 43/43/43 42/42/42 41/41/41
f 46/46/46 45/45/45 44/44/44
f 49/49/49 48/48/48 47/47/47
f 52/52/52 51/51/51 50/50/50
f 51/51/51 54/54/54 53/53/53
f 54/54/54 55/55/55 53/53/53
f 54/54/54 56/56/56 55/55/55
f 59/59/59 58/58/58 57/57/57
f 62/62/62 61/61/61 60/60/60
f 65/65/65 64/64/64 63/63/63
f 68/68/68 67/67/67 66/66/66
f 71/71/71 70/70/70 69/69/69
f 74/74/74 73/73/73 72/72/72
f 77/77/77 76/76/76 75/75/75
f 78/78/78 77/77/77 75/75/75
f 81/81/81 80/80/80 79/79/79
f 82/82/82 81/81/81 79/79/79
f 85/85/85 84/84/84 83/83/83
f 86/86/86 85/85/85 83/83/83
f 89/89/89 88/88/88 87/87/87
f 90/90/90 89/89/89 87/87/87
f 93/93/93 92/92/92 91/91/91
f 92/92/92 94/94/94 91/91/91
f 94/94/94 92/92/92 95/95/95
f 95/95/95 96/96/96 94/94/94
f 96/96/96 97/97/97 94/94/94
f 97/97/97 96/96/96 98/98/98
f 97/97/97 98/98/98 99/99/99
f 100/100/100 97/97/97 99/99/99
f 94/94/94 97/97/97 100/100/100
f 91/91/91 94/94/94 100/100/100
f 91/91/91 100/100/100 101/101/101
f 101/101/101 102/102/102 91/91/91
f 100/100/100 103/103/103 101/101/101
f 103/103/103 100/100/100 104/104/104
f 107/107/107 106/106/106 105/105/105
f 108/108/108 107/107/107 105/105/105
f 111/111/111 110/110/110 109/109/109
f 112/112/112 111/111/111 109/109/109
f 115/115/115 114/114/114 113/113/113
f 116/116/116 115/115/115 113/113/113
f 119/119/119 118/118/118 117/117/117
f 120/120/120 119/119/119 117/117/117
f 123/123/123 122/122/122 121/121/121
f 122/122/122 124/124/124 121/121/121
f 124/124/124 122/122/122 125/125/125
f 125/125/125 126/126/126 124/124/124
f 126/126/126 127/127/127 124/124/124
f 127/127/127 126/126/126 128/128/128
f 127/127/127 128/128/128 129/129/129
f 130/130/130 127/127/127 129/129/129
f 124/124/124 127/127/127 130/130/130
f 121/121/121 124/124/124 130/130/130
f 121/121/121 130/130/130 131/131/131
f 131/131/131 132/132/132 121/121/121
f 130/130/130 133/133/133 131/131/131
f 133/133/133 130/130/130 134/134/134
f 137/137/137 136/136/136 135/135/135
f 138/138/138 137/137/137 135/135/135
f 141/141/141 140/140/140 139/139/139
f 142/142/142 141/141/141 139/139/139
f 145/145/145 144/144/144 143/143/143
f 146/146/146 145/145/145 143/143/143
f 149/149/149 148/148/148 147/147/147
f 150/150/150 149/149/149 147/147/147
f 153/153/153 152/152/152 151/151/151
f 154/154/154 153/153/153 151/151/151
f 157/157/157 156/156/156 155/155/155
f 158/158/158 157/157/157 155/155/155
f 161/161/161 160/160/160 159/159/159
f 162/162/162 161/161/161 159/159/159
f 165/165/165 164/164/164 163/163/163
f 166/166/166 165/165/165 163/163/163
f 169/169/169 168/168/168 167/167/167
f 167/167/167 170/170/170 169/169/169
f 170/170/170 171/171/171 169/169/169
f 171/171/171 172/172/172 169/169/169
f 172/172/172 173/173/173 169/169/169
f 173/173/173 174/174/174 169/169/169
f 174/174/174 175/175/175 169/169/169
f 175/175/175 176/176/176 169/169/169
f 176/176/176 177/177/177 169/169/169
f 177/177/177 178/178/178 169/169/169
f 178/178/178 179/179/179 169/169/169
f 179/179/179 180/180/180 169/169/169
f 180/180/180 181/181/181 169/169/169
f 181/181/181 182/182/182 169/169/169
f 182/182/182 183/183/183 169/169/169
f 186/186/186 185/185/185 184/184/184
f 184/184/184 187/187/187 186/186/186
f 184/184/184 188/188/188 187/187/187
f 184/184/184 189/189/189 188/188/188
f 184/184/184 190/190/190 189/189/189
f 184/184/184 191/191/191 190/190/190
f 184/184/184 192/192/192 191/191/191
f 184/184/184 193/193/193 192/192/192
f 184/184/184 194/194/194 193/193/193
f 184/184/184 195/195/195 194/194/194
f 184/184/184 196/196/196 195/195/195
f 184/184/184 197/197/197 196/196/196
f 184/184/184 198/198/198 197/197/197
f 184/184/184 199/199/199 198/198/198
f 184/184/184 200/200/200 199/199/199
f 203/203/203 202/202/202 201/201/201
f 204/204/204 203/203/203 201/201/201
f 207/207/207 206/206/206 205/205/205
f 208/208/208 207/207/207 205/205/205
f 211/211/211 210/210/210 209/209/209
f 212/212/212 211/211/211 209/209/209
f 215/215/215 214/214/214 213/213/213
f 216/216/216 215/215/215 213/213/213
f 219/219/219 218/218/218 217/217/217
f 220/220/220 219/219/219 217/217/217
f 221/221/221 220/220/220 217/217/217
f 222/222/222 221/221/221 217/217/217
f 225/225/225 224/224/224 223/223/223
f 226/226/226 225/225/225 223/223/223
f 229/229/229 228/228/228 227/227/227
f 230/230/230 229/229/229 227/227/227
f 233/233/233 232/232/232 231/231/231
f 234/234/234 233/233/233 231/231/231
f 235/235/235 234/234/234 231/231/231
f 236/236/236 235/235/235 231/231/231
f 239/239/239 238/238/238 237/237/237
f 240/240/240 239/239/239 237/237/237
f 243/243/243 242/242/242 241/241/241
f 244/244/244 243/243/243 241/241/241
f 247/247/247 246/246/246 245/245/245
f 248/248/248 247/247/247 245/245/245
f 249/249/249 248/248/248 245/245/245
f 250/250/250 249/249/249 245/245/245
f 253/253/253 252/252/252 251/251/251
f 254/254/254 253/253/253 251/251/251
f 257/257/257 256/256/256 255/255/255
f 258/258/258 257/257/257 255/255/255
f 261/261/261 260/260/260 259/259/259
f 262/262/262 261/261/261 259/259/259
f 265/265/265 264/264/264 263/263/263
f 266/266/266 265/265/265 263/263/263
f 269/269/269 268/268/268 267/267/267
f 270/270/270 269/269/269 267/267/267
f 273/273/273 272/272/272 271/271/271
f 274/274/274 273/273/273 271/271/271
f 277/277/277 276/276/276 275/275/275
f 278/278/278 277/277/277 275/275/275
f 281/281/281 280/280/280 279/279/279
f 282/282/282 281/281/281 279/279/279
f 285/285/285 284/284/284 283/283/283
f 286/286/286 285/285/285 283/283/283
f 289/289/289 288/288/288 287/287/287
f 290/290/290 289/289/289 287/287/287
f 293/293/293 292/292/292 291/291/291
f 294/294/294 293/293/293 291/291/291
f 297/297/297 296/296/296 295/295/295
f 298/298/298 297/297/297 295/295/295
f 301/301/301 300/300/300 299/299/299
f 302/302/302 301/301/301 299/299/299
f 303/303/303 302/302/302 299/299/299
f 304/304/304 303/303/303 299/299/299
f 307/307/307 306/306/306 305/305/305
f 308/308/308 307/307/307 305/305/305
f 311/311/311 310/310/310 309/309/309
f 312/312/312 311/311/311 309/309/309
f 315/315/315 314/314/314 313/313/313
f 316/316/316 315/315/315 313/313/313
f 317/317/317 316/316/316 313/313/313
f 318/318/318 317/317/317 313/313/313
f 321/321/321 320/320/320 319/319/319
f 322/322/322 321/321/321 319/319/319
f 325/325/325 324/324/324 323/323/323
f 326/326/326 325/325/325 323/323/323
f 329/329/329 328/328/328 327/327/327
f 330/330/330 329/329/329 327/327/327
f 331/331/331 330/330/330 327/327/327
f 332/332/332 331/331/331 327/327/327
f 335/335/335 334/334/334 333/333/333
f 336/336/336 335/335/335 333/333/333
f 339/339/339 338/338/338 337/337/337
f 340/340/340 339/339/339 337/337/337
f 343/343/343 342/342/342 341/341/341
f 344/344/344 343/343/343 341/341/341
f 347/347/347 346/346/346 345/345/345
f 348/348/348 347/347/347 345/345/345
f 351/351/351 350/350/350 349/349/349
f 352/352/352 351/351/351 349/349/349
f 355/355/355 354/354/354 353/353/353
f 356/356/356 355/355/355 353/353/353
f 359/359/359 358/358/358 357/357/357
f 360/360/360 359/359/359 357/357/357
f 363/363/363 362/362/362 361/361/361
f 364/364/364 363/363/363 361/361/361
f 367/367/367 366/366/366 365/365/365
f 366/366/366 368/368/368 365/365/365
f 368/368/368 369/369/369 365/365/365
f 369/369/369 370/370/370 365/365/365
f 370/370/370 369/369/369 371/371/371
f 369/369/369 372/372/372 371/371/371
f 375/375/375 374/374/374 373/373/373
f 374/374/374 376/376/376 373/373/373
f 376/376/376 377/377/377 373/373/373
f 377/377/377 378/378/378 373/373/373
f 378/378/378 377/377/377 379/379/379
f 377/377/377 380/380/380 379/379/379
f 383/383/383 382/382/382 381/381/381
f 384/384/384 383/383/383 381/381/381
f 387/387/387 386/386/386 385/385/385
f 386/386/386 388/388/388 385/385/385
f 388/388/388 389/389/389 385/385/385
f 389/389/389 390/390/390 385/385/385
f 390/390/390 389/389/389 391/391/391
f 389/389/389 392/392/392 391/391/391
f 395/395/395 394/394/394 393/393/393
f 396/396/396 395/395/395 393/393/393
f 399/399/399 398/398/398 397/397/397
f 398/398/398 400/400/400 397/397/397
f 400/400/400 401/401/401 397/397/397
f 401/401/401 402/402/402 397/397/397
f 402/402/402 401/401/401 403/403/403
f 401/401/401 404/404/404 403/403/403
f 407/407/407 406/406/406 405/405/405
f 408/408/408 407/407/407 405/405/405
f 411/411/411 410/410/410 409/409/409
f 410/410/410 412/412/412 409/409/409
f 412/412/412 413/413/413 409/409/409
f 413/413/413 414/414/414 409/409/409
f 414/414/414 413/413/413 415/415/415
f 413/413/413 416/416/416 415/415/415
f 419/419/419 418/418/418 417/417/417
f 418/418/418 420/420/420 417/417/417
f 420/420/420 421/421/421 417/417/417
f 421/421/421 422/422/422 417/417/417
f 422/422/422 421/421/421 423/423/423
f 421/421/421 424/424/424 423/423/423
f 427/427/427 426/426/426 425/425/425
f 426/426/426 428/428/428 425/425/425
f 428/428/428 429/429/429 425/425/425
f 429/429/429 430/430/430 425/425/425
f 430/430/430 429/429/429 431/431/431
f 429/429/429 432/432/432 431/431/431
f 435/435/435 434/434/434 433/433/433
f 434/434/434 436/436/436 433/433/433
f 436/436/436 437/437/437 433/433/433
f 437/437/437 438/438/438 433/433/433
f 438/438/438 437/437/437 439/439/439
f 437/437/437 440/440/440 439/439/439
f 443/443/443 442/442/442 441/441/441
f 442/442/442 444/444/444 441/441/441
f 444/444/444 445/445/445 441/441/441
f 445/445/445 446/446/446 441/441/441
f 446/446/446 445/445/445 447/447/447
f 445/445/445 448/448/448 447/447/447
f 451/451/451 450/450/450 449/449/449
f 450/450/450 452/452/452 449/449/449
f 452/452/452 453/453/453 449/449/449
f 453/453/453 454/454/454 449/449/449
f 454/454/454 453/453/453 455/455/455
f 453/453/453 456/456/456 455/455/455
f 459/459/459 458/458/458 457/457/457
f 458/458/458 460/460/460 457/457/457
f 460/460/460 461/461/461 457/457/457
f 461/461/461 462/462/462 457/457/457
f 462/462/462 461/461/461 463/463/463
f 461/461/461 464/464/464 463/463/463
f 467/467/467 466/466/466 465/465/465
f 466/466/466 468/468/468 465/465/465
f 468/468/468 469/469/469 465/465/465
f 469/469/469 470/470/470 465/465/465
f 470/470/470 469/469/469 471/471/471
f 469/469/469 472/472/472 471/471/471
f 475/475/475 474/474/474 473/473/473
f 474/474/474 476/476/476 473/473/473
f 476/476/476 477/477/477 473/473/473
f 477/477/477 478/478/478 473/473/473
f 478/478/478 477/477/477 479/479/479
f 477/477/477 480/480/480 479/479/479
f 483/483/483 482/482/482 481/481/481
f 482/482/482 484/484/484 481/481/481
f 484/484/484 485/485/485 481/481/481
f 485/485/485 486/486/486 481/481/481
f 486/486/486 485/485/485 487/487/487
f 485/485/485 488/488/488 487/487/487
f 491/491/491 490/490/490 489/489/489
f 490/490/490 492/492/492 489/489/489
f 492/492/492 493/493/493 489/489/489
f 493/493/493 494/494/494 489/489/489
f 494/494/494 493/493/493 495/495/495
f 493/493/493 496/496/496 495/495/495
f 499/499/499 498/498/498 497/497/497
f 500/500/500 499/499/499 497/497/497
f 503/503/503 502/502/502 501/501/501
f 502/502/502 504/504/504 501/501/501
f 504/504/504 505/505/505 501/501/501
f 505/505/505 506/506/506 501/501/501
f 506/506/506 505/505/505 507/507/507
f 505/505/505 508/508/508 507/507/507
f 511/511/511 510/510/510 509/509/509
f 512/512/512 511/511/511 509/509/509
f 515/515/515 514/514/514 513/513/513
f 514/514/514 516/516/516 513/513/513
f 516/516/516 517/517/517 513/513/513
f 517/517/517 518/518/518 513/513/513
f 518/518/518 517/517/517 519/519/519
f 517/517/517 520/520/520 519/519/519
f 523/523/523 522/522/522 521/521/521
f 524/524/524 523/523/523 521/521/521
f 527/527/527 526/526/526 525/525/525
f 526/526/526 528/528/528 525/525/525
f 528/528/528 529/529/529 525/525/525
f 529/529/529 530/530/530 525/525/525
f 530/530/530 529/529/529 531/531/531
f 529/529/529 532/532/532 531/531/531
f 535/535/535 534/534/534 533/533/533
f 534/534/534 536/536/536 533/533/533
f 536/536/536 537/537/537 533/533/533
f 537/537/537 538/538/538 533/533/533
f 538/538/538 537/537/537 539/539/539
f 537/537/537 540/540/540 539/539/539
f 543/543/543 542/542/542 541/541/541
f 542/542/542 544/544/544 541/541/541
f 544/544/544 545/545/545 541/541/541
f 545/545/545 546/546/546 541/541/541
f 546/546/546 545/545/545 547/547/547
f 545/545/545 548/548/548 547/547/547
f 551/551/551 550/550/550 549/549/549
f 550/550/550 552/552/552 549/549/549
f 552/552/552 553/553/553 549/549/549
f 553/553/553 554/554/554 549/549/549
f 554/554/554 553/553/553 555/555/555
f 553/553/553 556/556/556 555/555/555
f 559/559/559 558/558/558 557/557/557
f 558/558/558 560/560/560 557/557/557
f 560/560/560 561/561/561 557/557/557
f 561/561/561 562/562/562 557/557/557
f 562/562/562 561/561/561 563/563/563
f 561/561/561 564/564/564 563/563/563
f 567/567/567 566/566/566 565/565/565
f 566/566/566 568/568/568 565/565/565
f 568/568/568 569/569/569 565/565/565
f 569/569/569 570/570/570 565/565/565
f 570/570/570 569/569/569 571/571/571
f 569/569/569 572/572/572 571/571/571
f 575/575/575 574/574/574 573/573/573
f 574/574/574 576/576/576 573/573/573
f 576/576/576 577/577/577 573/573/573
f 577/577/577 578/578/578 573/573/573
f 578/578/578 577/577/577 579/579/579
f 577/577/577 580/580/580 579/579/579
f 583/583/583 582/582/582 581/581/581
f 582/582/582 584/584/584 581/581/581
f 584/584/584 585/585/585 581/581/581
f 585/585/585 586/586/586 581/581/581
f 586/586/586 585/585/585 587/587/587
f 585/585/585 588/588/588 587/587/587
f 591/591/591 590/590/590 589/589/589
f 590/590/590 592/592/592 589/589/589
f 592/592/592 593/593/593 589/589/589
f 593/593/593 594/594/594 589/589/589
f 594/594/594 593/593/593 595/595/595
f 593/593/593 596/596/596 595/595/595
f 599/599/599 598/598/598 597/597/597
f 600/600/600 599/599/599 597/597/597
f 603/603/603 602/602/602 601/601/601
f 604/604/604 603/603/603 601/601/601
f 607/607/607 606/606/606 605/605/605
f 608/608/608 607/607/607 605/605/605
f 611/611/611 610/610/610 609/609/609
f 612/612/612 611/611/611 609/609/609
f 615/615/615 614/614/614 613/613/613
f 614/614/614 616/616/616 613/613/613
f 616/616/616 614/614/614 617/617/617
f 616/616/616 617/617/617 618/618/618
f 619/619/619 616/616/616 618/618/618
f 616/616/616 619/619/619 613/613/613
f 619/619/619 618/618/618 620/620/620
f 619/619/619 620/620/620 621/621/621
f 622/622/622 619/619/619 621/621/621
f 619/619/619 622/622/622 613/613/613
f 623/623/623 613/613/613 622/622/622
f 623/623/623 624/624/624 613/613/613
f 625/625/625 623/623/623 622/622/622
f 625/625/625 622/622/622 626/626/626
f 629/629/629 628/628/628 627/627/627
f 630/630/630 629/629/629 627/627/627
f 633/633/633 632/632/632 631/631/631
f 634/634/634 633/633/633 631/631/631
f 637/637/637 636/636/636 635/635/635
f 638/638/638 637/637/637 635/635/635
f 641/641/641 640/640/640 639/639/639
f 642/642/642 641/641/641 639/639/639
f 645/645/645 644/644/644 643/643/643
f 646/646/646 645/645/645 643/643/643
f 643/643/643 647/647/647 646/646/646
f 646/646/646 648/648/648 645/645/645
f 648/648/648 649/649/649 645/645/645
f 648/648/648 650/650/650 649/649/649
f 650/650/650 651/651/651 649/649/649
f 650/650/650 648/648/648 652/652/652
f 652/652/652 648/648/648 646/646/646
f 653/653/653 650/650/650 652/652/652
f 647/647/647 654/654/654 646/646/646
f 654/654/654 652/652/652 646/646/646
f 652/652/652 655/655/655 653/653/653
f 655/655/655 652/652/652 654/654/654
f 655/655/655 656/656/656 653/653/653
f 657/657/657 655/655/655 654/654/654
f 654/654/654 647/647/647 657/657/657
f 647/647/647 658/658/658 657/657/657
f 661/661/661 660/660/660 659/659/659
f 662/662/662 661/661/661 659/659/659
f 659/659/659 663/663/663 662/662/662
f 662/662/662 664/664/664 661/661/661
f 664/664/664 665/665/665 661/661/661
f 663/663/663 666/666/666 662/662/662
f 664/664/664 662/662/662 666/666/666
f 664/664/664 667/667/667 665/665/665
f 667/667/667 668/668/668 665/665/665
f 664/664/664 669/669/669 667/667/667
f 669/669/669 664/664/664 666/666/666
f 669/669/669 670/670/670 667/667/667
f 669/669/669 671/671/671 670/670/670
f 671/671/671 669/669/669 666/666/666
f 671/671/671 672/672/672 670/670/670
f 666/666/666 663/663/663 673/673/673
f 673/673/673 671/671/671 666/666/666
f 663/663/663 674/674/674 673/673/673
f 673/673/673 674/674/674 675/675/675
f 676/676/676 672/672/672 671/671/671
f 677/677/677 672/672/672 676/676/676
f 678/678/678 673/673/673 675/675/675
f 678/678/678 675/675/675 679/679/679
f 680/680/680 671/671/671 673/673/673
f 680/680/680 676/676/676 671/671/671
f 678/678/678 680/680/680 673/673/673
f 681/681/681 680/680/680 678/678/678
f 676/676/676 680/680/680 681/681/681
f 682/682/682 678/678/678 679/679/679
f 682/682/682 681/681/681 678/678/678
f 682/682/682 679/679/679 683/683/683
f 679/679/679 684/684/684 683/683/683
f 683/683/683 684/684/684 685/685/685
f 686/686/686 681/681/681 682/682/682
f 683/683/683 686/686/686 682/682/682
f 687/687/687 676/676/676 681/681/681
f 681/681/681 686/686/686 687/687/687
f 688/688/688 677/677/677 676/676/676
f 688/688/688 676/676/676 687/687/687
f 689/689/689 683/683/683 685/685/685
f 689/689/689 685/685/685 690/690/690
f 689/689/689 691/691/691 683/683/683
f 691/691/691 686/686/686 683/683/683
f 692/692/692 689/689/689 690/690/690
f 691/691/691 689/689/689 692/692/692
f 692/692/692 690/690/690 693/693/693
f 690/690/690 694/694/694 693/693/693
f 693/693/693 695/695/695 692/692/692
f 696/696/696 691/691/691 692/692/692
f 695/695/695 696/696/696 692/692/692
f 696/696/696 695/695/695 697/697/697
f 695/695/695 698/698/698 697/697/697
f 697/697/697 699/699/699 696/696/696
f 699/699/699 691/691/691 696/696/696
f 691/691/691 699/699/699 686/686/686
f 699/699/699 700/700/700 686/686/686
f 686/686/686 700/700/700 687/687/687
f 687/687/687 700/700/700 701/701/701
f 702/702/702 687/687/687 701/701/701
f 701/701/701 703/703/703 702/702/702
f 702/702/702 688/688/688 687/687/687
f 703/703/703 704/704/704 702/702/702
f 702/702/702 704/704/704 688/688/688
f 704/704/704 703/703/703 705/705/705
f 703/703/703 706/706/706 705/705/705
f 705/705/705 707/707/707 704/704/704
f 704/704/704 708/708/708 688/688/688
f 707/707/707 708/708/708 704/704/704
f 688/688/688 708/708/708 677/677/677
f 708/708/708 709/709/709 677/677/677
f 708/708/708 707/707/707 709/709/709
f 707/707/707 710/710/710 709/709/709
f 713/713/713 712/712/712 711/711/711
f 714/714/714 713/713/713 711/711/711
f 711/711/711 715/715/715 714/714/714
f 714/714/714 716/716/716 713/713/713
f 716/716/716 717/717/717 713/713/713
f 715/715/715 718/718/718 714/714/714
f 716/716/716 714/714/714 718/718/718
f 716/716/716 719/719/719 717/717/717
f 719/719/719 720/720/720 717/717/717
f 716/716/716 721/721/721 719/719/719
f 721/721/721 716/716/716 718/718/718
f 721/721/721 722/722/722 719/719/719
f 721/721/721 723/723/723 722/722/722
f 723/723/723 721/721/721 718/718/718
f 723/723/723 724/724/724 722/722/722
f 725/725/725 723/723/723 718/718/718
f 718/718/718 715/715/715 725/725/725
f 715/715/715 726/726/726 725/725/725
f 729/729/729 728/728/728 727/727/727
f 730/730/730 729/729/729 727/727/727
f 727/727/727 731/731/731 730/730/730
f 730/730/730 732/732/732 729/729/729
f 732/732/732 733/733/733 729/729/729
f 732/732/732 734/734/734 733/733/733
f 734/734/734 735/735/735 733/733/733
f 736/736/736 735/735/735 734/734/734
f 732/732/732 730/730/730 737/737/737
f 732/732/732 737/737/737 734/734/734
f 731/731/731 738/738/738 730/730/730
f 730/730/730 738/738/738 737/737/737
f 738/738/738 731/731/731 739/739/739
f 731/731/731 740/740/740 739/739/739
f 739/739/739 741/741/741 738/738/738
f 741/741/741 737/737/737 738/738/738
f 737/737/737 741/741/741 742/742/742
f 737/737/737 742/742/742 734/734/734
f 741/741/741 743/743/743 742/742/742
f 744/744/744 736/736/736 734/734/734
f 734/734/734 742/742/742 744/744/744
f 742/742/742 743/743/743 745/745/745
f 745/745/745 743/743/743 746/746/746
f 736/736/736 744/744/744 747/747/747
f 748/748/748 736/736/736 747/747/747
f 742/742/742 749/749/749 744/744/744
f 749/749/749 742/742/742 745/745/745
f 744/744/744 749/749/749 747/747/747
f 747/747/747 750/750/750 748/748/748
f 750/750/750 751/751/751 748/748/748
f 752/752/752 751/751/751 750/750/750
f 749/749/749 753/753/753 747/747/747
f 747/747/747 753/753/753 750/750/750
f 754/754/754 753/753/753 749/749/749
f 745/745/745 754/754/754 749/749/749
f 755/755/755 745/745/745 746/746/746
f 746/746/746 756/756/756 755/755/755
f 753/753/753 757/757/757 750/750/750
f 753/753/753 754/754/754 757/757/757
f 758/758/758 752/752/752 750/750/750
f 750/750/750 757/757/757 758/758/758
f 755/755/755 759/759/759 745/745/745
f 759/759/759 754/754/754 745/745/745
f 756/756/756 760/760/760 755/755/755
f 755/755/755 760/760/760 759/759/759
f 760/760/760 756/756/756 761/761/761
f 756/756/756 762/762/762 761/761/761
f 760/760/760 761/761/761 763/763/763
f 760/760/760 764/764/764 759/759/759
f 764/764/764 760/760/760 763/763/763
f 764/764/764 763/763/763 765/765/765
f 763/763/763 766/766/766 765/765/765
f 764/764/764 765/765/765 767/767/767
f 759/759/759 764/764/764 767/767/767
f 759/759/759 767/767/767 754/754/754
f 767/767/767 768/768/768 754/754/754
f 754/754/754 768/768/768 757/757/757
f 757/757/757 768/768/768 769/769/769
f 770/770/770 757/757/757 769/769/769
f 770/770/770 769/769/769 771/771/771
f 757/757/757 770/770/770 758/758/758
f 772/772/772 770/770/770 771/771/771
f 758/758/758 770/770/770 772/772/772
f 772/772/772 771/771/771 773/773/773
f 771/771/771 774/774/774 773/773/773
f 772/772/772 773/773/773 775/775/775
f 776/776/776 758/758/758 772/772/772
f 776/776/776 772/772/772 775/775/775
f 752/752/752 758/758/758 776/776/776
f 777/777/777 752/752/752 776/776/776
f 776/776/776 775/775/775 777/777/777
f 775/775/775 778/778/778 777/777/777
f 781/781/781 780/780/780 779/779/779
f 782/782/782 781/781/781 779/779/779
f 779/779/779 783/783/783 782/782/782
f 782/782/782 784/784/784 781/781/781
f 784/784/784 785/785/785 781/781/781
f 783/783/783 786/786/786 782/782/782
f 784/784/784 782/782/782 786/786/786
f 784/784/784 787/787/787 785/785/785
f 787/787/787 788/788/788 785/785/785
f 784/784/784 789/789/789 787/787/787
f 789/789/789 784/784/784 786/786/786
f 789/789/789 790/790/790 787/787/787
f 789/789/789 791/791/791 790/790/790
f 789/789/789 786/786/786 791/791/791
f 791/791/791 792/792/792 790/790/790
f 786/786/786 793/793/793 791/791/791
f 786/786/786 783/783/783 793/793/793
f 783/783/783 794/794/794 793/793/793
f 797/797/797 796/796/796 795/795/795
f 798/798/798 797/797/797 795/795/795
f 795/795/795 799/799/799 798/798/798
f 798/798/798 800/800/800 797/797/797
f 800/800/800 801/801/801 797/797/797
f 800/800/800 802/802/802 801/801/801
f 802/802/802 803/803/803 801/801/801
f 802/802/802 800/800/800 804/804/804
f 804/804/804 800/800/800 798/798/798
f 805/805/805 802/802/802 804/804/804
f 799/799/799 806/806/806 798/798/798
f 806/806/806 804/804/804 798/798/798
f 804/804/804 807/807/807 805/805/805
f 807/807/807 804/804/804 806/806/806
f 807/807/807 808/808/808 805/805/805
f 809/809/809 807/807/807 806/806/806
f 806/806/806 799/799/799 809/809/809
f 799/799/799 810/810/810 809/809/809
f 813/813/813 812/812/812 811/811/811
f 814/814/814 813/813/813 811/811/811
f 811/811/811 815/815/815 814/814/814
f 814/814/814 816/816/816 813/813/813
f 816/816/816 817/817/817 813/813/813
f 815/815/815 818/818/818 814/814/814
f 814/814/814 818/818/818 816/816/816
f 816/816/816 819/819/819 817/817/817
f 819/819/819 820/820/820 817/817/817
f 816/816/816 821/821/821 819/819/819
f 818/818/818 821/821/821 816/816/816
f 821/821/821 822/822/822 819/819/819
f 821/821/821 823/823/823 822/822/822
f 823/823/823 821/821/821 818/818/818
f 823/823/823 824/824/824 822/822/822
f 825/825/825 823/823/823 818/818/818
f 818/818/818 815/815/815 825/825/825
f 815/815/815 826/826/826 825/825/825
f 829/829/829 828/828/828 827/827/827
f 830/830/830 829/829/829 827/827/827
f 827/827/827 831/831/831 830/830/830
f 830/830/830 832/832/832 829/829/829
f 832/832/832 833/833/833 829/829/829
f 831/831/831 834/834/834 830/830/830
f 832/832/832 830/830/830 834/834/834
f 832/832/832 835/835/835 833/833/833
f 835/835/835 836/836/836 833/833/833
f 832/832/832 837/837/837 835/835/835
f 837/837/837 832/832/832 834/834/834
f 837/837/837 838/838/838 835/835/835
f 837/837/837 839/839/839 838/838/838
f 837/837/837 834/834/834 839/839/839
f 839/839/839 840/840/840 838/838/838
f 834/834/834 841/841/841 839/839/839
f 834/834/834 831/831/831 841/841/841
f 831/831/831 842/842/842 841/841/841
f 845/845/845 844/844/844 843/843/843
f 846/846/846 845/845/845 843/843/843
f 843/843/843 847/847/847 846/846/846
f 846/846/846 848/848/848 845/845/845
f 848/848/848 849/849/849 845/845/845
f 848/848/848 850/850/850 849/849/849
f 850/850/850 851/851/851 849/849/849
f 848/848/848 852/852/852 850/850/850
f 852/852/852 848/848/848 846/846/846
f 852/852/852 853/853/853 850/850/850
f 847/847/847 854/854/854 846/846/846
f 854/854/854 852/852/852 846/846/846
f 852/852/852 855/855/855 853/853/853
f 855/855/855 852/852/852 854/854/854
f 855/855/855 856/856/856 853/853/853
f 857/857/857 855/855/855 854/854/854
f 854/854/854 847/847/847 857/857/857
f 847/847/847 858/858/858 857/857/857
f 861/861/861 860/860/860 859/859/859
f 862/862/862 861/861/861 859/859/859
f 859/859/859 863/863/863 862/862/862
f 862/862/862 864/864/864 861/861/861
f 864/864/864 865/865/865 861/861/861
f 863/863/863 866/866/866 862/862/862
f 862/862/862 866/866/866 864/864/864
f 864/864/864 867/867/867 865/865/865
f 867/867/867 868/868/868 865/865/865
f 864/864/864 869/869/869 867/867/867
f 866/866/866 869/869/869 864/864/864
f 869/869/869 870/870/870 867/867/867
f 869/869/869 871/871/871 870/870/870
f 871/871/871 869/869/869 866/866/866
f 871/871/871 872/872/872 870/870/870
f 873/873/873 871/871/871 866/866/866
f 866/866/866 863/863/863 873/873/873
f 863/863/863 874/874/874 873/873/873
f 877/877/877 876/876/876 875/875/875
f 878/878/878 877/877/877 875/875/875
f 875/875/875 879/879/879 878/878/878
f 878/878/878 880/880/880 877/877/877
f 880/880/880 881/881/881 877/877/877
f 879/879/879 882/882/882 878/878/878
f 878/878/878 882/882/882 880/880/880
f 880/880/880 883/883/883 881/881/881
f 883/883/883 884/884/884 881/881/881
f 880/880/880 885/885/885 883/883/883
f 882/882/882 885/885/885 880/880/880
f 885/885/885 886/886/886 883/883/883
f 885/885/885 887/887/887 886/886/886
f 887/887/887 885/885/885 882/882/882
f 887/887/887 888/888/888 886/886/886
f 889/889/889 887/887/887 882/882/882
f 882/882/882 879/879/879 889/889/889
f 879/879/879 890/890/890 889/889/889
f 893/893/893 892/892/892 891/891/891
f 894/894/894 893/893/893 891/891/891
f 891/891/891 895/895/895 894/894/894
f 894/894/894 896/896/896 893/893/893
f 896/896/896 897/897/897 893/893/893
f 896/896/896 898/898/898 897/897/897
f 898/898/898 899/899/899 897/897/897
f 898/898/898 896/896/896 900/900/900
f 900/900/900 896/896/896 894/894/894
f 901/901/901 898/898/898 900/900/900
f 895/895/895 902/902/902 894/894/894
f 902/902/902 900/900/900 894/894/894
f 900/900/900 903/903/903 901/901/901
f 903/903/903 900/900/900 902/902/902
f 903/903/903 904/904/904 901/901/901
f 905/905/905 903/903/903 902/902/902
f 902/902/902 895/895/895 905/905/905
f 895/895/895 906/906/906 905/905/905
f 909/909/909 908/908/908 907/907/907
f 910/910/910 909/909/909 907/907/907
f 907/907/907 911/911/911 910/910/910
f 910/910/910 912/912/912 909/909/909
f 912/912/912 913/913/913 909/909/909
f 911/911/911 914/914/914 910/910/910
f 910/910/910 914/914/914 912/912/912
f 912/912/912 915/915/915 913/913/913
f 915/915/915 916/916/916 913/913/913
f 912/912/912 917/917/917 915/915/915
f 914/914/914 917/917/917 912/912/912
f 917/917/917 918/918/918 915/915/915
f 917/917/917 919/919/919 918/918/918
f 917/917/917 914/914/914 919/919/919
f 919/919/919 920/920/920 918/918/918
f 914/914/914 921/921/921 919/919/919
f 914/914/914 911/911/911 921/921/921
f 911/911/911 922/922/922 921/921/921
f 925/925/925 924/924/924 923/923/923
f 926/926/926 925/925/925 923/923/923
f 923/923/923 927/927/927 926/926/926
f 926/926/926 928/928/928 925/925/925
f 928/928/928 929/929/929 925/925/925
f 928/928/928 930/930/930 929/929/929
f 930/930/930 931/931/931 929/929/929
f 928/928/928 932/932/932 930/930/930
f 932/932/932 928/928/928 926/926/926
f 932/932/932 933/933/933 930/930/930
f 927/927/927 934/934/934 926/926/926
f 934/934/934 932/932/932 926/926/926
f 932/932/932 935/935/935 933/933/933
f 935/935/935 932/932/932 934/934/934
f 935/935/935 936/936/936 933/933/933
f 937/937/937 935/935/935 934/934/934
f 934/934/934 927/927/927 937/937/937
f 927/927/927 938/938/938 937/937/937
f 941/941/941 940/940/940 939/939/939
f 942/942/942 941/941/941 939/939/939
f 939/939/939 943/943/943 942/942/942
f 942/942/942 944/944/944 941/941/941
f 944/944/944 945/945/945 941/941/941
f 943/943/943 946/946/946 942/942/942
f 942/942/942 946/946/946 944/944/944
f 944/944/944 947/947/947 945/945/945
f 947/947/947 948/948/948 945/945/945
f 944/944/944 949/949/949 947/947/947
f 946/946/946 949/949/949 944/944/944
f 949/949/949 950/950/950 947/947/947
f 949/949/949 951/951/951 950/950/950
f 951/951/951 949/949/949 946/946/946
f 951/951/951 952/952/952 950/950/950
f 953/953/953 951/951/951 946/946/946
f 946/946/946 943/943/943 953/953/953
f 943/943/943 954/954/954 953/953/953
f 957/957/957 956/956/956 955/955/955
f 958/958/958 957/957/957 955/955/955
f 955/955/955 959/959/959 958/958/958
f 958/958/958 960/960/960 957/957/957
f 960/960/960 961/961/961 957/957/957
f 959/959/959 962/962/962 958/958/958
f 958/958/958 962/962/962 960/960/960
f 960/960/960 963/963/963 961/961/961
f 963/963/963 964/964/964 961/961/961
f 960/960/960 965/965/965 963/963/963
f 962/962/962 965/965/965 960/960/960
f 965/965/965 966/966/966 963/963/963
f 965/965/965 967/967/967 966/966/966
f 967/967/967 965/965/965 962/962/962
f 967/967/967 968/968/968 966/966/966
f 969/969/969 967/967/967 962/962/962
f 962/962/962 959/959/959 969/969/969
f 959/959/959 970/970/970 969/969/969
f 973/973/973 972/972/972 971/971/971
f 972/972/972 974/974/974 971/971/971
f 975/975/975 971/971/971 974/974/974
f 976/976/976 975/975/975 974/974/974
f 975/975/975 976/976/976 977/977/977
f 976/976/976 978/978/978 977/977/977
f 976/976/976 974/974/974 979/979/979
f 979/979/979 980/980/980 976/976/976
f 974/974/974 981/981/981 979/979/979
f 981/981/981 974/974/974 982/982/982
f 985/985/985 984/984/984 983/983/983
f 986/986/986 985/985/985 983/983/983
f 989/989/989 988/988/988 987/987/987
f 990/990/990 989/989/989 987/987/987
f 993/993/993 992/992/992 991/991/991
f 992/992/992 994/994/994 991/991/991
f 994/994/994 992/992/992 995/995/995
f 995/995/995 996/996/996 994/994/994
f 996/996/996 997/997/997 994/994/994
f 997/997/997 996/996/996 998/998/998
f 997/997/997 998/998/998 999/999/999
f 1000/1000/1000 997/997/997 999/999/999
f 994/994/994 997/997/997 1000/1000/1000
f 991/991/991 994/994/994 1000/1000/1000
f 991/991/991 1000/1000/1000 1001/1001/1001
f 1001/1001/1001 1002/1002/1002 991/991/991
f 1000/1000/1000 1003/1003/1003 1001/1001/1001
f 1003/1003/1003 1000/1000/1000 1004/1004/1004
f 1007/1007/1007 1006/1006/1006 1005/1005/1005
f 1008/1008/1008 1007/1007/1007 1005/1005/1005
f 1009/1009/1009 1007/1007/1007 1008/1008/1008
f 1010/1010/1010 1009/1009/1009 1008/1008/1008
f 1013/1013/1013 1012/1012/1012 1011/1011/1011
f 1012/1012/1012 1014/1014/1014 1011/1011/1011
f 1011/1011/1011 1014/1014/1014 1015/1015/1015
f 1014/1014/1014 1016/1016/1016 1015/1015/1015
f 1019/1019/1019 1018/1018/1018 1017/1017/1017
f 1018/1018/1018 1020/1020/1020 1017/1017/1017
f 1022/1022/1022 1020/1020/1020 1021/1021/1021
f 1022/1022/1022 1021/1021/1021 1023/1023/1023
f 1024/1024/1024 1022/1022/1022 1023/1023/1023
f 1023/1023/1023 1021/1021/1021 1025/1025/1025
f 1021/1021/1021 1026/1026/1026 1025/1025/1025
f 1028/1028/1028 1024/1024/1024 1027/1027/1027
f 1028/1028/1028 1027/1027/1027 1029/1029/1029
f 1030/1030/1030 1028/1028/1028 1029/1029/1029
f 1032/1032/1032 1030/1030/1030 1031/1031/1031
f 1032/1032/1032 1031/1031/1031 1033/1033/1033
f 1034/1034/1034 1032/1032/1032 1033/1033/1033
f 1034/1034/1034 1033/1033/1033 1035/1035/1035
f 1038/1038/1038 1037/1037/1037 1036/1036/1036
f 1037/1037/1037 1039/1039/1039 1036/1036/1036
f 1039/1039/1039 1040/1040/1040 1036/1036/1036
f 1040/1040/1040 1041/1041/1041 1036/1036/1036
f 1042/1042/1042 1041/1041/1041 1040/1040/1040
f 1043/1043/1043 1042/1042/1042 1040/1040/1040
f 1046/1046/1046 1045/1045/1045 1044/1044/1044
f 1047/1047/1047 1046/1046/1046 1044/1044/1044
f 1049/1049/1049 1048/1048/1048 1046/1046/1046
f 1048/1048/1048 1049/1049/1049 1050/1050/1050
f 1051/1051/1051 1048/1048/1048 1050/1050/1050
f 1052/1052/1052 1048/1048/1048 1051/1051/1051
f 1053/1053/1053 1052/1052/1052 1051/1051/1051
f 1055/1055/1055 1054/1054/1054 1050/1050/1050
f 1054/1054/1054 1055/1055/1055 1056/1056/1056
f 1057/1057/1057 1054/1054/1054 1056/1056/1056
f 1059/1059/1059 1058/1058/1058 1056/1056/1056
f 1058/1058/1058 1059/1059/1059 1060/1060/1060
f 1061/1061/1061 1058/1058/1058 1060/1060/1060
f 1060/1060/1060 1062/1062/1062 1061/1061/1061
f 1065/1065/1065 1064/1064/1064 1063/1063/1063
f 1066/1066/1066 1065/1065/1065 1063/1063/1063
f 1066/1066/1066 1067/1067/1067 1065/1065/1065
f 1067/1067/1067 1068/1068/1068 1065/1065/1065
f 1069/1069/1069 1068/1068/1068 1067/1067/1067
f 1070/1070/1070 1069/1069/1069 1067/1067/1067
f 1073/1073/1073 1072/1072/1072 1071/1071/1071
f 1072/1072/1072 1074/1074/1074 1071/1071/1071
f 1075/1075/1075 1071/1071/1071 1074/1074/1074
f 1076/1076/1076 1075/1075/1075 1074/1074/1074
f 1075/1075/1075 1076/1076/1076 1077/1077/1077
f 1076/1076/1076 1078/1078/1078 1077/1077/1077
f 1076/1076/1076 1074/1074/1074 1079/1079/1079
f 1079/1079/1079 1080/1080/1080 1076/1076/1076
f 1074/1074/1074 1081/1081/1081 1079/1079/1079
f 1081/1081/1081 1074/1074/1074 1082/1082/1082
f 1085/1085/1085 1084/1084/1084 1083/1083/1083
f 1086/1086/1086 1085/1085/1085 1083/1083/1083
f 1087/1087/1087 1085/1085/1085 1086/1086/1086
f 1088/1088/1088 1087/1087/1087 1086/1086/1086
f 1089/1089/1089 1087/1087/1087 1088/1088/1088
f 1090/1090/1090 1089/1089/1089 1088/1088/1088
f 1093/1093/1093 1092/1092/1092 1091/1091/1091
f 1092/1092/1092 1094/1094/1094 1091/1091/1091
f 1094/1094/1094 1092/1092/1092 1095/1095/1095
f 1095/1095/1095 1096/1096/1096 1094/1094/1094
f 1096/1096/1096 1097/1097/1097 1094/1094/1094
f 1097/1097/1097 1096/1096/1096 1098/1098/1098
f 1097/1097/1097 1098/1098/1098 1099/1099/1099
f 1100/1100/1100 1097/1097/1097 1099/1099/1099
f 1094/1094/1094 1097/1097/1097 1100/1100/1100
f 1091/1091/1091 1094/1094/1094 1100/1100/1100
f 1091/1091/1091 1100/1100/1100 1101/1101/1101
f 1101/1101/1101 1102/1102/1102 1091/1091/1091
f 1100/1100/1100 1103/1103/1103 1101/1101/1101
f 1103/1103/1103 1100/1100/1100 1104/1104/1104
f 1107/1107/1107 1106/1106/1106 1105/1105/1105
f 1106/1106/1106 1108/1108/1108 1105/1105/1105
f 1105/1105/1105 1108/1108/1108 1109/1109/1109
f 1108/1108/1108 1110/1110/1110 1109/1109/1109
f 1109/1109/1109 1110/1110/1110 1111/1111/1111
f 1110/1110/1110 1112/1112/1112 1111/1111/1111
f 1115/1115/1115 1114/1114/1114 1113/1113/1113
f 1114/1114/1114 1116/1116/1116 1113/1113/1113
f 1117/1117/1117 1113/1113/1113 1116/1116/1116
f 1118/1118/1118 1117/1117/1117 1116/1116/1116
f 1117/1117/1117 1118/1118/1118 1119/1119/1119
f 1118/1118/1118 1120/1120/1120 1119/1119/1119
f 1118/1118/1118 1116/1116/1116 1121/1121/1121
f 1121/1121/1121 1122/1122/1122 1118/1118/1118
f 1116/1116/1116 1123/1123/1123 1121/1121/1121
f 1123/1123/1123 1116/1116/1116 1124/1124/1124
f 1127/1127/1127 1126/1126/1126 1125/1125/1125
f 1128/1128/1128 1127/1127/1127 1125/1125/1125
f 1131/1131/1131 1130/1130/1130 1129/1129/1129
f 1132/1132/1132 1131/1131/1131 1129/1129/1129
f 1135/1135/1135 1134/1134/1134 1133/1133/1133
f 1134/1134/1134 1136/1136/1136 1133/1133/1133
f 1136/1136/1136 1134/1134/1134 1137/1137/1137
f 1137/1137/1137 1138/1138/1138 1136/1136/1136
f 1138/1138/1138 1139/1139/1139 1136/1136/1136
f 1139/1139/1139 1138/1138/1138 1140/1140/1140
f 1139/1139/1139 1140/1140/1140 1141/1141/1141
f 1142/1142/1142 1139/1139/1139 1141/1141/1141
f 1136/1136/1136 1139/1139/1139 1142/1142/1142
f 1133/1133/1133 1136/1136/1136 1142/1142/1142
f 1133/1133/1133 1142/1142/1142 1143/1143/1143
f 1143/1143/1143 1144/1144/1144 1133/1133/1133
f 1142/1142/1142 1145/1145/1145 1143/1143/1143
f 1145/1145/1145 1142/1142/1142 1146/1146/1146
f 1149/1149/1149 1148/1148/1148 1147/1147/1147
f 1150/1150/1150 1149/1149/1149 1147/1147/1147
f 1151/1151/1151 1149/1149/1149 1150/1150/1150
f 1152/1152/1152 1151/1151/1151 1150/1150/1150
f 1155/1155/1155 1154/1154/1154 1153/1153/1153
f 1154/1154/1154 1156/1156/1156 1153/1153/1153
f 1153/1153/1153 1156/1156/1156 1157/1157/1157
f 1156/1156/1156 1158/1158/1158 1157/1157/1157
f 1161/1161/1161 1160/1160/1160 1159/1159/1159
f 1160/1160/1160 1162/1162/1162 1159/1159/1159
f 1164/1164/1164 1162/1162/1162 1163/1163/1163
f 1164/1164/1164 1163/1163/1163 1165/1165/1165
f 1166/1166/1166 1164/1164/1164 1165/1165/1165
f 1165/1165/1165 1163/1163/1163 1167/1167/1167
f 1163/1163/1163 1168/1168/1168 1167/1167/1167
f 1170/1170/1170 1166/1166/1166 1169/1169/1169
f 1170/1170/1170 1169/1169/1169 1171/1171/1171
f 1172/1172/1172 1170/1170/1170 1171/1171/1171
f 1174/1174/1174 1172/1172/1172 1173/1173/1173
f 1174/1174/1174 1173/1173/1173 1175/1175/1175
f 1176/1176/1176 1174/1174/1174 1175/1175/1175
f 1176/1176/1176 1175/1175/1175 1177/1177/1177
f 1180/1180/1180 1179/1179/1179 1178/1178/1178
f 1179/1179/1179 1181/1181/1181 1178/1178/1178
f 1181/1181/1181 1182/1182/1182 1178/1178/1178
f 1182/1182/1182 1183/1183/1183 1178/1178/1178
f 1184/1184/1184 1183/1183/1183 1182/1182/1182
f 1185/1185/1185 1184/1184/1184 1182/1182/1182
f 1188/1188/1188 1187/1187/1187 1186/1186/1186
f 1189/1189/1189 1188/1188/1188 1186/1186/1186
f 1191/1191/1191 1190/1190/1190 1188/1188/1188
f 1190/1190/1190 1191/1191/1191 1192/1192/1192
f 1193/1193/1193 1190/1190/1190 1192/1192/1192
f 1194/1194/1194 1190/1190/1190 1193/1193/1193
f 1195/1195/1195 1194/1194/1194 1193/1193/1193
f 1197/1197/1197 1196/1196/1196 1192/1192/1192
f 1196/1196/1196 1197/1197/1197 1198/1198/1198
f 1199/1199/1199 1196/1196/1196 1198/1198/1198
f 1201/1201/1201 1200/1200/1200 1198/1198/1198
f 1200/1200/1200 1201/1201/1201 1202/1202/1202
f 1203/1203/1203 1200/1200/1200 1202/1202/1202
f 1202/1202/1202 1204/1204/1204 1203/1203/1203
f 1207/1207/1207 1206/1206/1206 1205/1205/1205
f 1208/1208/1208 1207/1207/1207 1205/1205/1205
f 1208/1208/1208 1209/1209/1209 1207/1207/1207
f 1209/1209/1209 1210/1210/1210 1207/1207/1207
f 1211/1211/1211 1210/1210/1210 1209/1209/1209
f 1212/1212/1212 1211/1211/1211 1209/1209/1209
f 1215/1215/1215 1214/1214/1214 1213/1213/1213
f 1214/1214/1214 1216/1216/1216 1213/1213/1213
f 1217/1217/1217 1213/1213/1213 1216/1216/1216
f 1218/1218/1218 1217/1217/1217 1216/1216/1216
f 1217/1217/1217 1218/1218/1218 1219/1219/1219
f 1218/1218/1218 1220/1220/1220 1219/1219/1219
f 1218/1218/1218 1216/1216/1216 1221/1221/1221
f 1221/1221/1221 1222/1222/1222 1218/1218/1218
f 1216/1216/1216 1223/1223/1223 1221/1221/1221
f 1223/1223/1223 1216/1216/1216 1224/1224/1224
f 1227/1227/1227 1226/1226/1226 1225/1225/1225
f 1228/1228/1228 1227/1227/1227 1225/1225/1225
f 1229/1229/1229 1227/1227/1227 1228/1228/1228
f 1230/1230/1230 1229/1229/1229 1228/1228/1228
f 1231/1231/1231 1229/1229/1229 1230/1230/1230
f 1232/1232/1232 1231/1231/1231 1230/1230/1230
f 1235/1235/1235 1234/1234/1234 1233/1233/1233
f 1234/1234/1234 1236/1236/1236 1233/1233/1233
f 1236/1236/1236 1234/1234/1234 1237/1237/1237
f 1237/1237/1237 1238/1238/1238 1236/1236/1236
f 1238/1238/1238 1239/1239/1239 1236/1236/1236
f 1239/1239/1239 1238/1238/1238 1240/1240/1240
f 1239/1239/1239 1240/1240/1240 1241/1241/1241
f 1242/1242/1242 1239/1239/1239 1241/1241/1241
f 1236/1236/1236 1239/1239/1239 1242/1242/1242
f 1233/1233/1233 1236/1236/1236 1242/1242/1242
f 1233/1233/1233 1242/1242/1242 1243/1243/1243
f 1243/1243/1243 1244/1244/1244 1233/1233/1233
f 1242/1242/1242 1245/1245/1245 1243/1243/1243
f 1245/1245/1245 1242/1242/1242 1246/1246/1246
f 1249/1249/1249 1248/1248/1248 1247/1247/1247
f 1248/1248/1248 1250/1250/1250 1247/1247/1247
f 1247/1247/1247 1250/1250/1250 1251/1251/1251
f 1250/1250/1250 1252/1252/1252 1251/1251/1251
f 1251/1251/1251 1252/1252/1252 1253/1253/1253
f 1252/1252/1252 1254/1254/1254 1253/1253/1253
f 1257/1257/1257 1256/1256/1256 1255/1255/1255
f 1258/1258/1258 1257/1257/1257 1255/1255/1255
f 1261/1261/1261 1260/1260/1260 1259/1259/1259
f 1262/1262/1262 1261/1261/1261 1259/1259/1259
f 1265/1265/1265 1264/1264/1264 1263/1263/1263
f 1266/1266/1266 1265/1265/1265 1263/1263/1263
f 1269/1269/1269 1268/1268/1268 1267/1267/1267
f 1270/1270/1270 1269/1269/1269 1267/1267/1267
f 1273/1273/1273 1272/1272/1272 1271/1271/1271
f 1274/1274/1274 1273/1273/1273 1271/1271/1271
f 1277/1277/1277 1276/1276/1276 1275/1275/1275
f 1278/1278/1278 1277/1277/1277 1275/1275/1275
f 1281/1281/1281 1280/1280/1280 1279/1279/1279
f 1282/1282/1282 1281/1281/1281 1279/1279/1279
f 1285/1285/1285 1284/1284/1284 1283/1283/1283
f 1286/1286/1286 1285/1285/1285 1283/1283/1283
f 1289/1289/1289 1288/1288/1288 1287/1287/1287
f 1290/1290/1290 1289/1289/1289 1287/1287/1287
f 1293/1293/1293 1292/1292/1292 1291/1291/1291
f 1294/1294/1294 1293/1293/1293 1291/1291/1291
f 1297/1297/1297 1296/1296/1296 1295/1295/1295
f 1298/1298/1298 1297/1297/1297 1295/1295/1295
f 1301/1301/1301 1300/1300/1300 1299/1299/1299
f 1302/1302/1302 1301/1301/1301 1299/1299/1299
f 1305/1305/1305 1304/1304/1304 1303/1303/1303
f 1303/1303/1303 1306/1306/1306 1305/1305/1305
f 1306/1306/1306 1307/1307/1307 1305/1305/1305
f 1307/1307/1307 1306/1306/1306 1308/1308/1308
f 1311/1311/1311 1310/1310/1310 1309/1309/1309
f 1309/1309/1309 1312/1312/1312 1311/1311/1311
f 1312/1312/1312 1313/1313/1313 1311/1311/1311
f 1313/1313/1313 1312/1312/1312 1314/1314/1314
f 1317/1317/1317 1316/1316/1316 1315/1315/1315
f 1315/1315/1315 1318/1318/1318 1317/1317/1317
f 1318/1318/1318 1319/1319/1319 1317/1317/1317
f 1319/1319/1319 1318/1318/1318 1320/1320/1320
f 1323/1323/1323 1322/1322/1322 1321/1321/1321
f 1321/1321/1321 1324/1324/1324 1323/1323/1323
f 1324/1324/1324 1325/1325/1325 1323/1323/1323
f 1325/1325/1325 1324/1324/1324 1326/1326/1326
f 1329/1329/1329 1328/1328/1328 1327/1327/1327
f 1330/1330/1330 1329/1329/1329 1327/1327/1327
f 1333/1333/1333 1332/1332/1332 1331/1331/1331
f 1334/1334/1334 1333/1333/1333 1331/1331/1331
f 1337/1337/1337 1336/1336/1336 1335/1335/1335
f 1338/1338/1338 1337/1337/1337 1335/1335/1335
f 1341/1341/1341 1340/1340/1340 1339/1339/1339
f 1342/1342/1342 1341/1341/1341 1339/1339/1339
f 1345/1345/1345 1344/1344/1344 1343/1343/1343
f 1344/1344/1344 1346/1346/1346 1343/1343/1343
f 1347/1347/1347 1343/1343/1343 1346/1346/1346
f 1348/1348/1348 1347/1347/1347 1346/1346/1346
f 1347/1347/1347 1348/1348/1348 1349/1349/1349
f 1348/1348/1348 1350/1350/1350 1349/1349/1349
f 1348/1348/1348 1346/1346/1346 1351/1351/1351
f 1346/1346/1346 1352/1352/1352 1351/1351/1351
f 1355/1355/1355 1354/1354/1354 1353/1353/1353
f 1356/1356/1356 1355/1355/1355 1353/1353/1353
f 1359/1359/1359 1358/1358/1358 1357/1357/1357
f 1358/1358/1358 1360/1360/1360 1357/1357/1357
f 1357/1357/1357 1360/1360/1360 1361/1361/1361
f 1357/1357/1357 1361/1361/1361 1362/1362/1362
f 1361/1361/1361 1363/1363/1363 1362/1362/1362
f 1360/1360/1360 1364/1364/1364 1361/1361/1361
f 1361/1361/1361 1364/1364/1364 1365/1365/1365
f 1364/1364/1364 1366/1366/1366 1365/1365/1365
f 1367/1367/1367 1364/1364/1364 1360/1360/1360
f 1368/1368/1368 1367/1367/1367 1360/1360/1360
f 1371/1371/1371 1370/1370/1370 1369/1369/1369
f 1370/1370/1370 1372/1372/1372 1369/1369/1369
f 1369/1369/1369 1372/1372/1372 1373/1373/1373
f 1369/1369/1369 1373/1373/1373 1374/1374/1374
f 1373/1373/1373 1375/1375/1375 1374/1374/1374
f 1372/1372/1372 1376/1376/1376 1373/1373/1373
f 1373/1373/1373 1376/1376/1376 1377/1377/1377
f 1376/1376/1376 1378/1378/1378 1377/1377/1377
f 1379/1379/1379 1376/1376/1376 1372/1372/1372
f 1380/1380/1380 1379/1379/1379 1372/1372/1372
f 1383/1383/1383 1382/1382/1382 1381/1381/1381
f 1382/1382/1382 1384/1384/1384 1381/1381/1381
f 1384/1384/1384 1385/1385/1385 1381/1381/1381
f 1385/1385/1385 1384/1384/1384 1386/1386/1386
f 1384/1384/1384 1387/1387/1387 1386/1386/1386
f 1385/1385/1385 1388/1388/1388 1381/1381/1381
f 1381/1381/1381 1388/1388/1388 1389/1389/1389
f 1388/1388/1388 1390/1390/1390 1389/1389/1389
f 1388/1388/1388 1385/1385/1385 1391/1391/1391
f 1385/1385/1385 1392/1392/1392 1391/1391/1391
f 1395/1395/1395 1394/1394/1394 1393/1393/1393
f 1394/1394/1394 1396/1396/1396 1393/1393/1393
f 1393/1393/1393 1396/1396/1396 1397/1397/1397
f 1398/1398/1398 1393/1393/1393 1397/1397/1397
f 1401/1401/1401 1400/1400/1400 1399/1399/1399
f 1400/1400/1400 1402/1402/1402 1399/1399/1399
f 1399/1399/1399 1402/1402/1402 1403/1403/1403
f 1404/1404/1404 1399/1399/1399 1403/1403/1403
f 1407/1407/1407 1406/1406/1406 1405/1405/1405
f 1408/1408/1408 1407/1407/1407 1405/1405/1405
f 1411/1411/1411 1410/1410/1410 1409/1409/1409
f 1412/1412/1412 1411/1411/1411 1409/1409/1409
f 1415/1415/1415 1414/1414/1414 1413/1413/1413
f 1414/1414/1414 1416/1416/1416 1413/1413/1413
f 1416/1416/1416 1417/1417/1417 1413/1413/1413
f 1416/1416/1416 1418/1418/1418 1417/1417/1417
f 1421/1421/1421 1420/1420/1420 1419/1419/1419
f 1419/1419/1419 1422/1422/1422 1421/1421/1421
f 1422/1422/1422 1423/1423/1423 1421/1421/1421
f 1424/1424/1424 1423/1423/1423 1422/1422/1422
f 1427/1427/1427 1426/1426/1426 1425/1425/1425
f 1426/1426/1426 1428/1428/1428 1425/1425/1425
f 1428/1428/1428 1426/1426/1426 1429/1429/1429
f 1426/1426/1426 1430/1430/1430 1429/1429/1429
f 1429/1429/1429 1431/1431/1431 1428/1428/1428
f 1428/1428/1428 1432/1432/1432 1425/1425/1425
f 1431/1431/1431 1432/1432/1432 1428/1428/1428
f 1432/1432/1432 1433/1433/1433 1425/1425/1425
f 1433/1433/1433 1432/1432/1432 1434/1434/1434
f 1432/1432/1432 1435/1435/1435 1434/1434/1434
f 1432/1432/1432 1431/1431/1431 1435/1435/1435
f 1431/1431/1431 1436/1436/1436 1435/1435/1435
f 1439/1439/1439 1438/1438/1438 1437/1437/1437
f 1438/1438/1438 1440/1440/1440 1437/1437/1437
f 1441/1441/1441 1437/1437/1437 1440/1440/1440
f 1440/1440/1440 1438/1438/1438 1442/1442/1442
f 1438/1438/1438 1443/1443/1443 1442/1442/1442
f 1442/1442/1442 1443/1443/1443 1444/1444/1444
f 1445/1445/1445 1441/1441/1441 1440/1440/1440
f 1441/1441/1441 1445/1445/1445 1446/1446/1446
f 1445/1445/1445 1447/1447/1447 1446/1446/1446
f 1445/1445/1445 1440/1440/1440 1448/1448/1448
f 1445/1445/1445 1448/1448/1448 1447/1447/1447
f 1440/1440/1440 1442/1442/1442 1448/1448/1448
f 1448/1448/1448 1449/1449/1449 1447/1447/1447
f 1450/1450/1450 1442/1442/1442 1444/1444/1444
f 1450/1450/1450 1444/1444/1444 1451/1451/1451
f 1452/1452/1452 1449/1449/1449 1448/1448/1448
f 1453/1453/1453 1449/1449/1449 1452/1452/1452
f 1448/1448/1448 1442/1442/1442 1454/1454/1454
f 1442/1442/1442 1450/1450/1450 1454/1454/1454
f 1454/1454/1454 1452/1452/1452 1448/1448/1448
f 1455/1455/1455 1450/1450/1450 1451/1451/1451
f 1454/1454/1454 1450/1450/1450 1455/1455/1455
f 1454/1454/1454 1456/1456/1456 1452/1452/1452
f 1456/1456/1456 1454/1454/1454 1455/1455/1455
f 1455/1455/1455 1451/1451/1451 1457/1457/1457
f 1451/1451/1451 1458/1458/1458 1457/1457/1457
f 1457/1457/1457 1458/1458/1458 1459/1459/1459
f 1456/1456/1456 1455/1455/1455 1460/1460/1460
f 1455/1455/1455 1457/1457/1457 1460/1460/1460
f 1456/1456/1456 1461/1461/1461 1452/1452/1452
f 1456/1456/1456 1460/1460/1460 1461/1461/1461
f 1462/1462/1462 1453/1453/1453 1452/1452/1452
f 1452/1452/1452 1461/1461/1461 1462/1462/1462
f 1463/1463/1463 1457/1457/1457 1459/1459/1459
f 1463/1463/1463 1459/1459/1459 1464/1464/1464
f 1457/1457/1457 1463/1463/1463 1465/1465/1465
f 1460/1460/1460 1457/1457/1457 1465/1465/1465
f 1466/1466/1466 1463/1463/1463 1464/1464/1464
f 1465/1465/1465 1463/1463/1463 1466/1466/1466
f 1462/1462/1462 1467/1467/1467 1453/1453/1453
f 1467/1467/1467 1468/1468/1468 1453/1453/1453
f 1467/1467/1467 1469/1469/1469 1468/1468/1468
f 1469/1469/1469 1470/1470/1470 1468/1468/1468
f 1467/1467/1467 1462/1462/1462 1471/1471/1471
f 1469/1469/1469 1467/1467/1467 1471/1471/1471
f 1461/1461/1461 1472/1472/1472 1462/1462/1462
f 1462/1462/1462 1472/1472/1472 1471/1471/1471
f 1466/1466/1466 1464/1464/1464 1473/1473/1473
f 1464/1464/1464 1474/1474/1474 1473/1473/1473
f 1473/1473/1473 1474/1474/1474 1475/1475/1475
f 1476/1476/1476 1470/1470/1470 1469/1469/1469
f 1477/1477/1477 1470/1470/1470 1476/1476/1476
f 1478/1478/1478 1473/1473/1473 1475/1475/1475
f 1478/1478/1478 1475/1475/1475 1479/1479/1479
f 1472/1472/1472 1461/1461/1461 1480/1480/1480
f 1461/1461/1461 1481/1481/1481 1480/1480/1480
f 1460/1460/1460 1481/1481/1481 1461/1461/1461
f 1472/1472/1472 1480/1480/1480 1482/1482/1482
f 1483/1483/1483 1481/1481/1481 1460/1460/1460
f 1471/1471/1471 1472/1472/1472 1482/1482/1482
f 1465/1465/1465 1483/1483/1483 1460/1460/1460
f 1471/1471/1471 1482/1482/1482 1484/1484/1484
f 1484/1484/1484 1469/1469/1469 1471/1471/1471
f 1482/1482/1482 1485/1485/1485 1484/1484/1484
f 1465/1465/1465 1486/1486/1486 1483/1483/1483
f 1486/1486/1486 1487/1487/1487 1483/1483/1483
f 1486/1486/1486 1465/1465/1465 1466/1466/1466
f 1486/1486/1486 1488/1488/1488 1487/1487/1487
f 1488/1488/1488 1486/1486/1486 1466/1466/1466
f 1488/1488/1488 1489/1489/1489 1487/1487/1487
f 1473/1473/1473 1488/1488/1488 1466/1466/1466
f 1490/1490/1490 1489/1489/1489 1488/1488/1488
f 1491/1491/1491 1489/1489/1489 1490/1490/1490
f 1492/1492/1492 1488/1488/1488 1473/1473/1473
f 1492/1492/1492 1490/1490/1490 1488/1488/1488
f 1478/1478/1478 1492/1492/1492 1473/1473/1473
f 1492/1492/1492 1478/1478/1478 1493/1493/1493
f 1493/1493/1493 1478/1478/1478 1479/1479/1479
f 1490/1490/1490 1492/1492/1492 1494/1494/1494
f 1494/1494/1494 1492/1492/1492 1493/1493/1493
f 1493/1493/1493 1479/1479/1479 1495/1495/1495
f 1479/1479/1479 1496/1496/1496 1495/1495/1495
f 1495/1495/1495 1496/1496/1496 1497/1497/1497
f 1498/1498/1498 1494/1494/1494 1493/1493/1493
f 1495/1495/1495 1498/1498/1498 1493/1493/1493
f 1499/1499/1499 1490/1490/1490 1494/1494/1494
f 1494/1494/1494 1498/1498/1498 1499/1499/1499
f 1500/1500/1500 1491/1491/1491 1490/1490/1490
f 1500/1500/1500 1490/1490/1490 1499/1499/1499
f 1501/1501/1501 1495/1495/1495 1497/1497/1497
f 1501/1501/1501 1497/1497/1497 1502/1502/1502
f 1503/1503/1503 1501/1501/1501 1502/1502/1502
f 1501/1501/1501 1503/1503/1503 1504/1504/1504
f 1501/1501/1501 1505/1505/1505 1495/1495/1495
f 1505/1505/1505 1501/1501/1501 1504/1504/1504
f 1505/1505/1505 1498/1498/1498 1495/1495/1495
f 1506/1506/1506 1505/1505/1505 1504/1504/1504
f 1505/1505/1505 1506/1506/1506 1498/1498/1498
f 1507/1507/1507 1506/1506/1506 1504/1504/1504
f 1506/1506/1506 1508/1508/1508 1498/1498/1498
f 1498/1498/1498 1508/1508/1508 1499/1499/1499
f 1499/1499/1499 1508/1508/1508 1509/1509/1509
f 1510/1510/1510 1499/1499/1499 1509/1509/1509
f 1510/1510/1510 1500/1500/1500 1499/1499/1499
f 1510/1510/1510 1509/1509/1509 1511/1511/1511
f 1500/1500/1500 1510/1510/1510 1512/1512/1512
f 1512/1512/1512 1510/1510/1510 1511/1511/1511
f 1513/1513/1513 1500/1500/1500 1512/1512/1512
f 1491/1491/1491 1500/1500/1500 1513/1513/1513
f 1514/1514/1514 1491/1491/1491 1513/1513/1513
f 1513/1513/1513 1515/1515/1515 1514/1514/1514
f 1515/1515/1515 1513/1513/1513 1512/1512/1512
f 1515/1515/1515 1516/1516/1516 1514/1514/1514
f 1512/1512/1512 1511/1511/1511 1517/1517/1517
f 1517/1517/1517 1515/1515/1515 1512/1512/1512
f 1511/1511/1511 1518/1518/1518 1517/1517/1517
f 1519/1519/1519 1516/1516/1516 1515/1515/1515
f 1520/1520/1520 1516/1516/1516 1519/1519/1519
f 1521/1521/1521 1515/1515/1515 1517/1517/1517
f 1521/1521/1521 1519/1519/1519 1515/1515/1515
f 1517/1517/1517 1518/1518/1518 1522/1522/1522
f 1522/1522/1522 1518/1518/1518 1523/1523/1523
f 1524/1524/1524 1521/1521/1521 1517/1517/1517
f 1524/1524/1524 1517/1517/1517 1522/1522/1522
f 1521/1521/1521 1525/1525/1525 1519/1519/1519
f 1525/1525/1525 1521/1521/1521 1524/1524/1524
f 1526/1526/1526 1522/1522/1522 1523/1523/1523
f 1526/1526/1526 1523/1523/1523 1527/1527/1527
f 1528/1528/1528 1526/1526/1526 1527/1527/1527
f 1526/1526/1526 1528/1528/1528 1529/1529/1529
f 1526/1526/1526 1530/1530/1530 1522/1522/1522
f 1530/1530/1530 1526/1526/1526 1529/1529/1529
f 1522/1522/1522 1531/1531/1531 1524/1524/1524
f 1530/1530/1530 1531/1531/1531 1522/1522/1522
f 1532/1532/1532 1530/1530/1530 1529/1529/1529
f 1530/1530/1530 1532/1532/1532 1531/1531/1531
f 1533/1533/1533 1532/1532/1532 1529/1529/1529
f 1532/1532/1532 1534/1534/1534 1531/1531/1531
f 1531/1531/1531 1535/1535/1535 1524/1524/1524
f 1535/1535/1535 1525/1525/1525 1524/1524/1524
f 1531/1531/1531 1534/1534/1534 1536/1536/1536
f 1535/1535/1535 1531/1531/1531 1536/1536/1536
f 1536/1536/1536 1534/1534/1534 1537/1537/1537
f 1538/1538/1538 1525/1525/1525 1535/1535/1535
f 1536/1536/1536 1538/1538/1538 1535/1535/1535
f 1539/1539/1539 1536/1536/1536 1537/1537/1537
f 1537/1537/1537 1540/1540/1540 1539/1539/1539
f 1539/1539/1539 1541/1541/1541 1536/1536/1536
f 1541/1541/1541 1538/1538/1538 1536/1536/1536
f 1540/1540/1540 1542/1542/1542 1539/1539/1539
f 1539/1539/1539 1542/1542/1542 1541/1541/1541
f 1542/1542/1542 1540/1540/1540 1543/1543/1543
f 1540/1540/1540 1544/1544/1544 1543/1543/1543
f 1542/1542/1542 1543/1543/1543 1545/1545/1545
f 1542/1542/1542 1546/1546/1546 1541/1541/1541
f 1546/1546/1546 1542/1542/1542 1545/1545/1545
f 1546/1546/1546 1545/1545/1545 1547/1547/1547
f 1545/1545/1545 1548/1548/1548 1547/1547/1547
f 1546/1546/1546 1547/1547/1547 1549/1549/1549
f 1541/1541/1541 1546/1546/1546 1549/1549/1549
f 1541/1541/1541 1549/1549/1549 1538/1538/1538
f 1549/1549/1549 1550/1550/1550 1538/1538/1538
f 1538/1538/1538 1550/1550/1550 1551/1551/1551
f 1525/1525/1525 1538/1538/1538 1551/1551/1551
f 1551/1551/1551 1550/1550/1550 1552/1552/1552
f 1525/1525/1525 1551/1551/1551 1519/1519/1519
f 1553/1553/1553 1551/1551/1551 1552/1552/1552
f 1553/1553/1553 1552/1552/1552 1554/1554/1554
f 1519/1519/1519 1551/1551/1551 1555/1555/1555
f 1551/1551/1551 1553/1553/1553 1555/1555/1555
f 1555/1555/1555 1520/1520/1520 1519/1519/1519
f 1556/1556/1556 1553/1553/1553 1554/1554/1554
f 1553/1553/1553 1556/1556/1556 1555/1555/1555
f 1555/1555/1555 1557/1557/1557 1520/1520/1520
f 1556/1556/1556 1557/1557/1557 1555/1555/1555
f 1557/1557/1557 1558/1558/1558 1520/1520/1520
f 1557/1557/1557 1559/1559/1559 1558/1558/1558
f 1559/1559/1559 1557/1557/1557 1556/1556/1556
f 1559/1559/1559 1485/1485/1485 1558/1558/1558
f 1484/1484/1484 1485/1485/1485 1559/1559/1559
f 1556/1556/1556 1554/1554/1554 1560/1560/1560
f 1560/1560/1560 1559/1559/1559 1556/1556/1556
f 1554/1554/1554 1561/1561/1561 1560/1560/1560
f 1562/1562/1562 1484/1484/1484 1559/1559/1559
f 1562/1562/1562 1559/1559/1559 1560/1560/1560
f 1560/1560/1560 1561/1561/1561 1563/1563/1563
f 1563/1563/1563 1561/1561/1561 1564/1564/1564
f 1562/1562/1562 1565/1565/1565 1484/1484/1484
f 1565/1565/1565 1469/1469/1469 1484/1484/1484
f 1565/1565/1565 1476/1476/1476 1469/1469/1469
f 1566/1566/1566 1562/1562/1562 1560/1560/1560
f 1566/1566/1566 1560/1560/1560 1563/1563/1563
f 1567/1567/1567 1565/1565/1565 1562/1562/1562
f 1566/1566/1566 1567/1567/1567 1562/1562/1562
f 1476/1476/1476 1565/1565/1565 1567/1567/1567
f 1567/1567/1567 1566/1566/1566 1568/1568/1568
f 1566/1566/1566 1563/1563/1563 1568/1568/1568
f 1569/1569/1569 1563/1563/1563 1564/1564/1564
f 1564/1564/1564 1570/1570/1570 1569/1569/1569
f 1571/1571/1571 1476/1476/1476 1567/1567/1567
f 1567/1567/1567 1568/1568/1568 1571/1571/1571
f 1563/1563/1563 1569/1569/1569 1572/1572/1572
f 1568/1568/1568 1563/1563/1563 1572/1572/1572
f 1570/1570/1570 1573/1573/1573 1569/1569/1569
f 1569/1569/1569 1573/1573/1573 1572/1572/1572
f 1573/1573/1573 1570/1570/1570 1574/1574/1574
f 1570/1570/1570 1575/1575/1575 1574/1574/1574
f 1573/1573/1573 1574/1574/1574 1576/1576/1576
f 1573/1573/1573 1577/1577/1577 1572/1572/1572
f 1577/1577/1577 1573/1573/1573 1576/1576/1576
f 1577/1577/1577 1576/1576/1576 1578/1578/1578
f 1576/1576/1576 1579/1579/1579 1578/1578/1578
f 1577/1577/1577 1578/1578/1578 1580/1580/1580
f 1572/1572/1572 1577/1577/1577 1580/1580/1580
f 1572/1572/1572 1580/1580/1580 1568/1568/1568
f 1580/1580/1580 1581/1581/1581 1568/1568/1568
f 1568/1568/1568 1581/1581/1581 1571/1571/1571
f 1571/1571/1571 1581/1581/1581 1582/1582/1582
f 1583/1583/1583 1571/1571/1571 1582/1582/1582
f 1583/1583/1583 1582/1582/1582 1584/1584/1584
f 1585/1585/1585 1583/1583/1583 1584/1584/1584
f 1583/1583/1583 1586/1586/1586 1571/1571/1571
f 1583/1583/1583 1585/1585/1585 1586/1586/1586
f 1586/1586/1586 1476/1476/1476 1571/1571/1571
f 1585/1585/1585 1587/1587/1587 1586/1586/1586
f 1586/1586/1586 1477/1477/1477 1476/1476/1476
f 1477/1477/1477 1586/1586/1586 1587/1587/1587
f 1588/1588/1588 1477/1477/1477 1587/1587/1587
f 1591/1591/1591 1590/1590/1590 1589/1589/1589
f 1590/1590/1590 1592/1592/1592 1589/1589/1589
f 1592/1592/1592 1590/1590/1590 1593/1593/1593
f 1590/1590/1590 1594/1594/1594 1593/1593/1593
f 1593/1593/1593 1595/1595/1595 1592/1592/1592
f 1589/1589/1589 1592/1592/1592 1596/1596/1596
f 1595/1595/1595 1596/1596/1596 1592/1592/1592
f 1597/1597/1597 1589/1589/1589 1596/1596/1596
f 1597/1597/1597 1596/1596/1596 1598/1598/1598
f 1596/1596/1596 1599/1599/1599 1598/1598/1598
f 1596/1596/1596 1595/1595/1595 1599/1599/1599
f 1595/1595/1595 1600/1600/1600 1599/1599/1599
f 1603/1603/1603 1602/1602/1602 1601/1601/1601
f 1602/1602/1602 1604/1604/1604 1601/1601/1601
f 1604/1604/1604 1605/1605/1605 1601/1601/1601
f 1605/1605/1605 1606/1606/1606 1601/1601/1601
f 1606/1606/1606 1605/1605/1605 1607/1607/1607
f 1605/1605/1605 1608/1608/1608 1607/1607/1607
f 1605/1605/1605 1609/1609/1609 1608/1608/1608
f 1605/1605/1605 1604/1604/1604 1609/1609/1609
f 1609/1609/1609 1610/1610/1610 1608/1608/1608
f 1604/1604/1604 1602/1602/1602 1611/1611/1611
f 1604/1604/1604 1611/1611/1611 1609/1609/1609
f 1602/1602/1602 1612/1612/1612 1611/1611/1611
f 1613/1613/1613 1610/1610/1610 1609/1609/1609
f 1614/1614/1614 1610/1610/1610 1613/1613/1613
f 1609/1609/1609 1611/1611/1611 1615/1615/1615
f 1615/1615/1615 1613/1613/1613 1609/1609/1609
f 1611/1611/1611 1612/1612/1612 1616/1616/1616
f 1616/1616/1616 1612/1612/1612 1617/1617/1617
f 1611/1611/1611 1618/1618/1618 1615/1615/1615
f 1618/1618/1618 1611/1611/1611 1616/1616/1616
f 1615/1615/1615 1619/1619/1619 1613/1613/1613
f 1619/1619/1619 1615/1615/1615 1618/1618/1618
f 1620/1620/1620 1616/1616/1616 1617/1617/1617
f 1617/1617/1617 1621/1621/1621 1620/1620/1620
f 1622/1622/1622 1614/1614/1614 1613/1613/1613
f 1619/1619/1619 1623/1623/1623 1613/1613/1613
f 1613/1613/1613 1623/1623/1623 1622/1622/1622
f 1614/1614/1614 1622/1622/1622 1624/1624/1624
f 1625/1625/1625 1614/1614/1614 1624/1624/1624
f 1624/1624/1624 1626/1626/1626 1625/1625/1625
f 1626/1626/1626 1627/1627/1627 1625/1625/1625
f 1624/1624/1624 1622/1622/1622 1628/1628/1628
f 1624/1624/1624 1628/1628/1628 1626/1626/1626
f 1623/1623/1623 1629/1629/1629 1622/1622/1622
f 1622/1622/1622 1629/1629/1629 1628/1628/1628
f 1630/1630/1630 1627/1627/1627 1626/1626/1626
f 1631/1631/1631 1627/1627/1627 1630/1630/1630
f 1621/1621/1621 1632/1632/1632 1620/1620/1620
f 1632/1632/1632 1621/1621/1621 1633/1633/1633
f 1621/1621/1621 1634/1634/1634 1633/1633/1633
f 1632/1632/1632 1633/1633/1633 1635/1635/1635
f 1620/1620/1620 1632/1632/1632 1636/1636/1636
f 1620/1620/1620 1636/1636/1636 1616/1616/1616
f 1637/1637/1637 1632/1632/1632 1635/1635/1635
f 1632/1632/1632 1637/1637/1637 1636/1636/1636
f 1637/1637/1637 1635/1635/1635 1638/1638/1638
f 1635/1635/1635 1639/1639/1639 1638/1638/1638
f 1637/1637/1637 1638/1638/1638 1640/1640/1640
f 1636/1636/1636 1637/1637/1637 1640/1640/1640
f 1636/1636/1636 1641/1641/1641 1616/1616/1616
f 1636/1636/1636 1640/1640/1640 1641/1641/1641
f 1616/1616/1616 1641/1641/1641 1618/1618/1618
f 1640/1640/1640 1642/1642/1642 1641/1641/1641
f 1641/1641/1641 1643/1643/1643 1618/1618/1618
f 1643/1643/1643 1619/1619/1619 1618/1618/1618
f 1641/1641/1641 1642/1642/1642 1644/1644/1644
f 1643/1643/1643 1641/1641/1641 1644/1644/1644
f 1644/1644/1644 1642/1642/1642 1645/1645/1645
f 1619/1619/1619 1643/1643/1643 1646/1646/1646
f 1643/1643/1643 1644/1644/1644 1646/1646/1646
f 1619/1619/1619 1646/1646/1646 1623/1623/1623
f 1647/1647/1647 1644/1644/1644 1645/1645/1645
f 1647/1647/1647 1645/1645/1645 1648/1648/1648
f 1646/1646/1646 1644/1644/1644 1649/1649/1649
f 1644/1644/1644 1647/1647/1647 1649/1649/1649
f 1646/1646/1646 1650/1650/1650 1623/1623/1623
f 1623/1623/1623 1650/1650/1650 1651/1651/1651
f 1629/1629/1629 1623/1623/1623 1651/1651/1651
f 1652/1652/1652 1650/1650/1650 1646/1646/1646
f 1649/1649/1649 1652/1652/1652 1646/1646/1646
f 1629/1629/1629 1651/1651/1651 1653/1653/1653
f 1628/1628/1628 1629/1629/1629 1653/1653/1653
f 1652/1652/1652 1649/1649/1649 1654/1654/1654
f 1654/1654/1654 1649/1649/1649 1647/1647/1647
f 1655/1655/1655 1652/1652/1652 1654/1654/1654
f 1628/1628/1628 1653/1653/1653 1656/1656/1656
f 1628/1628/1628 1656/1656/1656 1626/1626/1626
f 1653/1653/1653 1657/1657/1657 1656/1656/1656
f 1658/1658/1658 1654/1654/1654 1647/1647/1647
f 1658/1658/1658 1647/1647/1647 1648/1648/1648
f 1654/1654/1654 1659/1659/1659 1655/1655/1655
f 1654/1654/1654 1658/1658/1658 1659/1659/1659
f 1659/1659/1659 1660/1660/1660 1655/1655/1655
f 1658/1658/1658 1648/1648/1648 1661/1661/1661
f 1658/1658/1658 1661/1661/1661 1659/1659/1659
f 1648/1648/1648 1662/1662/1662 1661/1661/1661
f 1663/1663/1663 1660/1660/1660 1659/1659/1659
f 1664/1664/1664 1660/1660/1660 1663/1663/1663
f 1626/1626/1626 1656/1656/1656 1665/1665/1665
f 1665/1665/1665 1630/1630/1630 1626/1626/1626
f 1659/1659/1659 1661/1661/1661 1666/1666/1666
f 1666/1666/1666 1663/1663/1663 1659/1659/1659
f 1661/1661/1661 1662/1662/1662 1667/1667/1667
f 1667/1667/1667 1662/1662/1662 1668/1668/1668
f 1661/1661/1661 1669/1669/1669 1666/1666/1666
f 1669/1669/1669 1661/1661/1661 1667/1667/1667
f 1663/1663/1663 1666/1666/1666 1670/1670/1670
f 1670/1670/1670 1666/1666/1666 1669/1669/1669
f 1671/1671/1671 1667/1667/1667 1668/1668/1668
f 1668/1668/1668 1672/1672/1672 1671/1671/1671
f 1673/1673/1673 1664/1664/1664 1663/1663/1663
f 1674/1674/1674 1663/1663/1663 1670/1670/1670
f 1673/1673/1673 1663/1663/1663 1674/1674/1674
f 1664/1664/1664 1673/1673/1673 1675/1675/1675
f 1676/1676/1676 1664/1664/1664 1675/1675/1675
f 1675/1675/1675 1677/1677/1677 1676/1676/1676
f 1677/1677/1677 1678/1678/1678 1676/1676/1676
f 1675/1675/1675 1673/1673/1673 1679/1679/1679
f 1677/1677/1677 1675/1675/1675 1679/1679/1679
f 1680/1680/1680 1673/1673/1673 1674/1674/1674
f 1673/1673/1673 1680/1680/1680 1679/1679/1679
f 1681/1681/1681 1678/1678/1678 1677/1677/1677
f 1682/1682/1682 1678/1678/1678 1681/1681/1681
f 1672/1672/1672 1683/1683/1683 1671/1671/1671
f 1683/1683/1683 1672/1672/1672 1684/1684/1684
f 1672/1672/1672 1685/1685/1685 1684/1684/1684
f 1683/1683/1683 1684/1684/1684 1686/1686/1686
f 1671/1671/1671 1683/1683/1683 1687/1687/1687
f 1667/1667/1667 1671/1671/1671 1687/1687/1687
f 1688/1688/1688 1683/1683/1683 1686/1686/1686
f 1683/1683/1683 1688/1688/1688 1687/1687/1687
f 1688/1688/1688 1686/1686/1686 1689/1689/1689
f 1686/1686/1686 1690/1690/1690 1689/1689/1689
f 1688/1688/1688 1689/1689/1689 1691/1691/1691
f 1687/1687/1687 1688/1688/1688 1691/1691/1691
f 1692/1692/1692 1667/1667/1667 1687/1687/1687
f 1687/1687/1687 1691/1691/1691 1692/1692/1692
f 1669/1669/1669 1667/1667/1667 1692/1692/1692
f 1691/1691/1691 1693/1693/1693 1692/1692/1692
f 1694/1694/1694 1669/1669/1669 1692/1692/1692
f 1694/1694/1694 1670/1670/1670 1669/1669/1669
f 1692/1692/1692 1693/1693/1693 1695/1695/1695
f 1694/1694/1694 1692/1692/1692 1695/1695/1695
f 1695/1695/1695 1693/1693/1693 1696/1696/1696
f 1697/1697/1697 1670/1670/1670 1694/1694/1694
f 1695/1695/1695 1697/1697/1697 1694/1694/1694
f 1670/1670/1670 1697/1697/1697 1674/1674/1674
f 1698/1698/1698 1695/1695/1695 1696/1696/1696
f 1698/1698/1698 1696/1696/1696 1699/1699/1699
f 1700/1700/1700 1698/1698/1698 1699/1699/1699
f 1700/1700/1700 1701/1701/1701 1698/1698/1698
f 1698/1698/1698 1702/1702/1702 1695/1695/1695
f 1701/1701/1701 1702/1702/1702 1698/1698/1698
f 1702/1702/1702 1697/1697/1697 1695/1695/1695
f 1703/1703/1703 1702/1702/1702 1701/1701/1701
f 1702/1702/1702 1703/1703/1703 1697/1697/1697
f 1704/1704/1704 1703/1703/1703 1701/1701/1701
f 1703/1703/1703 1705/1705/1705 1697/1697/1697
f 1697/1697/1697 1705/1705/1705 1674/1674/1674
f 1674/1674/1674 1705/1705/1705 1706/1706/1706
f 1680/1680/1680 1674/1674/1674 1706/1706/1706
f 1706/1706/1706 1707/1707/1707 1680/1680/1680
f 1707/1707/1707 1679/1679/1679 1680/1680/1680
f 1679/1679/1679 1707/1707/1707 1708/1708/1708
f 1708/1708/1708 1677/1677/1677 1679/1679/1679
f 1707/1707/1707 1709/1709/1709 1708/1708/1708
f 1710/1710/1710 1677/1677/1677 1708/1708/1708
f 1710/1710/1710 1681/1681/1681 1677/1677/1677
f 1708/1708/1708 1709/1709/1709 1711/1711/1711
f 1711/1711/1711 1709/1709/1709 1712/1712/1712
f 1713/1713/1713 1710/1710/1710 1708/1708/1708
f 1713/1713/1713 1708/1708/1708 1711/1711/1711
f 1714/1714/1714 1711/1711/1711 1712/1712/1712
f 1714/1714/1714 1712/1712/1712 1715/1715/1715
f 1716/1716/1716 1714/1714/1714 1715/1715/1715
f 1716/1716/1716 1717/1717/1717 1714/1714/1714
f 1714/1714/1714 1718/1718/1718 1711/1711/1711
f 1717/1717/1717 1718/1718/1718 1714/1714/1714
f 1711/1711/1711 1719/1719/1719 1713/1713/1713
f 1718/1718/1718 1719/1719/1719 1711/1711/1711
f 1720/1720/1720 1718/1718/1718 1717/1717/1717
f 1718/1718/1718 1720/1720/1720 1719/1719/1719
f 1721/1721/1721 1720/1720/1720 1717/1717/1717
f 1720/1720/1720 1722/1722/1722 1719/1719/1719
f 1713/1713/1713 1723/1723/1723 1710/1710/1710
f 1719/1719/1719 1723/1723/1723 1713/1713/1713
f 1719/1719/1719 1722/1722/1722 1724/1724/1724
f 1723/1723/1723 1719/1719/1719 1724/1724/1724
f 1724/1724/1724 1722/1722/1722 1725/1725/1725
f 1723/1723/1723 1726/1726/1726 1710/1710/1710
f 1681/1681/1681 1710/1710/1710 1726/1726/1726
f 1727/1727/1727 1726/1726/1726 1723/1723/1723
f 1724/1724/1724 1727/1727/1727 1723/1723/1723
f 1728/1728/1728 1724/1724/1724 1725/1725/1725
f 1725/1725/1725 1729/1729/1729 1728/1728/1728
f 1730/1730/1730 1681/1681/1681 1726/1726/1726
f 1726/1726/1726 1727/1727/1727 1730/1730/1730
f 1728/1728/1728 1731/1731/1731 1724/1724/1724
f 1731/1731/1731 1727/1727/1727 1724/1724/1724
f 1729/1729/1729 1732/1732/1732 1728/1728/1728
f 1728/1728/1728 1732/1732/1732 1731/1731/1731
f 1732/1732/1732 1729/1729/1729 1733/1733/1733
f 1729/1729/1729 1734/1734/1734 1733/1733/1733
f 1733/1733/1733 1735/1735/1735 1732/1732/1732
f 1732/1732/1732 1736/1736/1736 1731/1731/1731
f 1735/1735/1735 1736/1736/1736 1732/1732/1732
f 1736/1736/1736 1735/1735/1735 1737/1737/1737
f 1735/1735/1735 1738/1738/1738 1737/1737/1737
f 1736/1736/1736 1737/1737/1737 1739/1739/1739
f 1731/1731/1731 1736/1736/1736 1739/1739/1739
f 1731/1731/1731 1739/1739/1739 1727/1727/1727
f 1739/1739/1739 1740/1740/1740 1727/1727/1727
f 1727/1727/1727 1740/1740/1740 1730/1730/1730
f 1730/1730/1730 1740/1740/1740 1741/1741/1741
f 1742/1742/1742 1730/1730/1730 1741/1741/1741
f 1741/1741/1741 1743/1743/1743 1742/1742/1742
f 1742/1742/1742 1744/1744/1744 1730/1730/1730
f 1744/1744/1744 1681/1681/1681 1730/1730/1730
f 1744/1744/1744 1682/1682/1682 1681/1681/1681
f 1744/1744/1744 1745/1745/1745 1682/1682/1682
f 1744/1744/1744 1742/1742/1742 1745/1745/1745
f 1745/1745/1745 1746/1746/1746 1682/1682/1682
f 1743/1743/1743 1747/1747/1747 1742/1742/1742
f 1742/1742/1742 1747/1747/1747 1745/1745/1745
f 1745/1745/1745 1748/1748/1748 1746/1746/1746
f 1748/1748/1748 1745/1745/1745 1747/1747/1747
f 1748/1748/1748 1657/1657/1657 1746/1746/1746
f 1656/1656/1656 1657/1657/1657 1748/1748/1748
f 1747/1747/1747 1743/1743/1743 1749/1749/1749
f 1749/1749/1749 1748/1748/1748 1747/1747/1747
f 1743/1743/1743 1750/1750/1750 1749/1749/1749
f 1751/1751/1751 1656/1656/1656 1748/1748/1748
f 1751/1751/1751 1748/1748/1748 1749/1749/1749
f 1656/1656/1656 1751/1751/1751 1665/1665/1665
f 1749/1749/1749 1750/1750/1750 1752/1752/1752
f 1752/1752/1752 1750/1750/1750 1753/1753/1753
f 1754/1754/1754 1751/1751/1751 1749/1749/1749
f 1751/1751/1751 1754/1754/1754 1665/1665/1665
f 1754/1754/1754 1749/1749/1749 1752/1752/1752
f 1754/1754/1754 1755/1755/1755 1665/1665/1665
f 1630/1630/1630 1665/1665/1665 1755/1755/1755
f 1755/1755/1755 1754/1754/1754 1756/1756/1756
f 1754/1754/1754 1752/1752/1752 1756/1756/1756
f 1757/1757/1757 1752/1752/1752 1753/1753/1753
f 1753/1753/1753 1758/1758/1758 1757/1757/1757
f 1759/1759/1759 1630/1630/1630 1755/1755/1755
f 1755/1755/1755 1756/1756/1756 1759/1759/1759
f 1752/1752/1752 1757/1757/1757 1760/1760/1760
f 1756/1756/1756 1752/1752/1752 1760/1760/1760
f 1758/1758/1758 1761/1761/1761 1757/1757/1757
f 1757/1757/1757 1761/1761/1761 1760/1760/1760
f 1761/1761/1761 1758/1758/1758 1762/1762/1762
f 1758/1758/1758 1763/1763/1763 1762/1762/1762
f 1762/1762/1762 1764/1764/1764 1761/1761/1761
f 1761/1761/1761 1765/1765/1765 1760/1760/1760
f 1764/1764/1764 1765/1765/1765 1761/1761/1761
f 1765/1765/1765 1764/1764/1764 1766/1766/1766
f 1764/1764/1764 1767/1767/1767 1766/1766/1766
f 1765/1765/1765 1766/1766/1766 1768/1768/1768
f 1760/1760/1760 1765/1765/1765 1768/1768/1768
f 1760/1760/1760 1768/1768/1768 1756/1756/1756
f 1768/1768/1768 1769/1769/1769 1756/1756/1756
f 1756/1756/1756 1769/1769/1769 1759/1759/1759
f 1759/1759/1759 1769/1769/1769 1770/1770/1770
f 1771/1771/1771 1759/1759/1759 1770/1770/1770
f 1771/1771/1771 1770/1770/1770 1772/1772/1772
f 1773/1773/1773 1771/1771/1771 1772/1772/1772
f 1771/1771/1771 1773/1773/1773 1774/1774/1774
f 1771/1771/1771 1775/1775/1775 1759/1759/1759
f 1775/1775/1775 1771/1771/1771 1774/1774/1774
f 1775/1775/1775 1630/1630/1630 1759/1759/1759
f 1775/1775/1775 1631/1631/1631 1630/1630/1630
f 1631/1631/1631 1775/1775/1775 1774/1774/1774
f 1776/1776/1776 1631/1631/1631 1774/1774/1774
f 1779/1779/1779 1778/1778/1778 1777/1777/1777
f 1778/1778/1778 1780/1780/1780 1777/1777/1777
f 1780/1780/1780 1778/1778/1778 1781/1781/1781
f 1778/1778/1778 1782/1782/1782 1781/1781/1781
f 1780/1780/1780 1781/1781/1781 1783/1783/1783
f 1780/1780/1780 1784/1784/1784 1777/1777/1777
f 1784/1784/1784 1780/1780/1780 1783/1783/1783
f 1784/1784/1784 1785/1785/1785 1777/1777/1777
f 1785/1785/1785 1784/1784/1784 1786/1786/1786
f 1784/1784/1784 1787/1787/1787 1786/1786/1786
f 1784/1784/1784 1783/1783/1783 1787/1787/1787
f 1783/1783/1783 1788/1788/1788 1787/1787/1787
f 1791/1791/1791 1790/1790/1790 1789/1789/1789
f 1790/1790/1790 1792/1792/1792 1789/1789/1789
f 1792/1792/1792 1790/1790/1790 1793/1793/1793
f 1790/1790/1790 1794/1794/1794 1793/1793/1793
f 1792/1792/1792 1793/1793/1793 1795/1795/1795
f 1789/1789/1789 1792/1792/1792 1796/1796/1796
f 1796/1796/1796 1792/1792/1792 1795/1795/1795
f 1797/1797/1797 1789/1789/1789 1796/1796/1796
f 1797/1797/1797 1796/1796/1796 1798/1798/1798
f 1796/1796/1796 1799/1799/1799 1798/1798/1798
f 1796/1796/1796 1795/1795/1795 1799/1799/1799
f 1795/1795/1795 1800/1800/1800 1799/1799/1799
f 1803/1803/1803 1802/1802/1802 1801/1801/1801
f 1802/1802/1802 1804/1804/1804 1801/1801/1801
f 1804/1804/1804 1802/1802/1802 1805/1805/1805
f 1802/1802/1802 1806/1806/1806 1805/1805/1805
f 1805/1805/1805 1807/1807/1807 1804/1804/1804
f 1804/1804/1804 1808/1808/1808 1801/1801/1801
f 1807/1807/1807 1808/1808/1808 1804/1804/1804
f 1808/1808/1808 1809/1809/1809 1801/1801/1801
f 1809/1809/1809 1808/1808/1808 1810/1810/1810
f 1808/1808/1808 1811/1811/1811 1810/1810/1810
f 1808/1808/1808 1807/1807/1807 1811/1811/1811
f 1807/1807/1807 1812/1812/1812 1811/1811/1811
f 1815/1815/1815 1814/1814/1814 1813/1813/1813
f 1814/1814/1814 1816/1816/1816 1813/1813/1813
f 1816/1816/1816 1814/1814/1814 1817/1817/1817
f 1814/1814/1814 1818/1818/1818 1817/1817/1817
f 1817/1817/1817 1819/1819/1819 1816/1816/1816
f 1813/1813/1813 1816/1816/1816 1820/1820/1820
f 1819/1819/1819 1820/1820/1820 1816/1816/1816
f 1821/1821/1821 1813/1813/1813 1820/1820/1820
f 1821/1821/1821 1820/1820/1820 1822/1822/1822
f 1820/1820/1820 1823/1823/1823 1822/1822/1822
f 1820/1820/1820 1819/1819/1819 1823/1823/1823
f 1819/1819/1819 1824/1824/1824 1823/1823/1823
f 1827/1827/1827 1826/1826/1826 1825/1825/1825
f 1826/1826/1826 1828/1828/1828 1825/1825/1825
f 1828/1828/1828 1826/1826/1826 1829/1829/1829
f 1826/1826/1826 1830/1830/1830 1829/1829/1829
f 1828/1828/1828 1829/1829/1829 1831/1831/1831
f 1828/1828/1828 1832/1832/1832 1825/1825/1825
f 1832/1832/1832 1828/1828/1828 1831/1831/1831
f 1832/1832/1832 1833/1833/1833 1825/1825/1825
f 1833/1833/1833 1832/1832/1832 1834/1834/1834
f 1832/1832/1832 1835/1835/1835 1834/1834/1834
f 1832/1832/1832 1831/1831/1831 1835/1835/1835
f 1831/1831/1831 1836/1836/1836 1835/1835/1835
f 1839/1839/1839 1838/1838/1838 1837/1837/1837
f 1838/1838/1838 1840/1840/1840 1837/1837/1837
f 1840/1840/1840 1838/1838/1838 1841/1841/1841
f 1838/1838/1838 1842/1842/1842 1841/1841/1841
f 1840/1840/1840 1841/1841/1841 1843/1843/1843
f 1837/1837/1837 1840/1840/1840 1844/1844/1844
f 1844/1844/1844 1840/1840/1840 1843/1843/1843
f 1845/1845/1845 1837/1837/1837 1844/1844/1844
f 1845/1845/1845 1844/1844/1844 1846/1846/1846
f 1844/1844/1844 1847/1847/1847 1846/1846/1846
f 1844/1844/1844 1843/1843/1843 1847/1847/1847
f 1843/1843/1843 1848/1848/1848 1847/1847/1847
f 1851/1851/1851 1850/1850/1850 1849/1849/1849
f 1850/1850/1850 1852/1852/1852 1849/1849/1849
f 1852/1852/1852 1850/1850/1850 1853/1853/1853
f 1850/1850/1850 1854/1854/1854 1853/1853/1853
f 1853/1853/1853 1855/1855/1855 1852/1852/1852
f 1852/1852/1852 1856/1856/1856 1849/1849/1849
f 1855/1855/1855 1856/1856/1856 1852/1852/1852
f 1856/1856/1856 1857/1857/1857 1849/1849/1849
f 1857/1857/1857 1856/1856/1856 1858/1858/1858
f 1856/1856/1856 1859/1859/1859 1858/1858/1858
f 1856/1856/1856 1855/1855/1855 1859/1859/1859
f 1855/1855/1855 1860/1860/1860 1859/1859/1859
f 1863/1863/1863 1862/1862/1862 1861/1861/1861
f 1862/1862/1862 1864/1864/1864 1861/1861/1861
f 1865/1865/1865 1861/1861/1861 1864/1864/1864
f 1864/1864/1864 1862/1862/1862 1866/1866/1866
f 1862/1862/1862 1867/1867/1867 1866/1866/1866
f 1866/1866/1866 1867/1867/1867 1868/1868/1868
f 1869/1869/1869 1865/1865/1865 1864/1864/1864
f 1865/1865/1865 1869/1869/1869 1870/1870/1870
f 1869/1869/1869 1871/1871/1871 1870/1870/1870
f 1869/1869/1869 1864/1864/1864 1872/1872/1872
f 1869/1869/1869 1872/1872/1872 1871/1871/1871
f 1864/1864/1864 1866/1866/1866 1872/1872/1872
f 1872/1872/1872 1873/1873/1873 1871/1871/1871
f 1874/1874/1874 1866/1866/1866 1868/1868/1868
f 1874/1874/1874 1868/1868/1868 1875/1875/1875
f 1876/1876/1876 1873/1873/1873 1872/1872/1872
f 1877/1877/1877 1873/1873/1873 1876/1876/1876
f 1872/1872/1872 1866/1866/1866 1878/1878/1878
f 1866/1866/1866 1874/1874/1874 1878/1878/1878
f 1878/1878/1878 1876/1876/1876 1872/1872/1872
f 1879/1879/1879 1874/1874/1874 1875/1875/1875
f 1878/1878/1878 1874/1874/1874 1879/1879/1879
f 1878/1878/1878 1880/1880/1880 1876/1876/1876
f 1880/1880/1880 1878/1878/1878 1879/1879/1879
f 1879/1879/1879 1875/1875/1875 1881/1881/1881
f 1875/1875/1875 1882/1882/1882 1881/1881/1881
f 1881/1881/1881 1882/1882/1882 1883/1883/1883
f 1880/1880/1880 1879/1879/1879 1884/1884/1884
f 1879/1879/1879 1881/1881/1881 1884/1884/1884
f 1880/1880/1880 1885/1885/1885 1876/1876/1876
f 1880/1880/1880 1884/1884/1884 1885/1885/1885
f 1886/1886/1886 1877/1877/1877 1876/1876/1876
f 1876/1876/1876 1885/1885/1885 1886/1886/1886
f 1887/1887/1887 1881/1881/1881 1883/1883/1883
f 1887/1887/1887 1883/1883/1883 1888/1888/1888
f 1881/1881/1881 1887/1887/1887 1889/1889/1889
f 1884/1884/1884 1881/1881/1881 1889/1889/1889
f 1890/1890/1890 1887/1887/1887 1888/1888/1888
f 1889/1889/1889 1887/1887/1887 1890/1890/1890
f 1886/1886/1886 1891/1891/1891 1877/1877/1877
f 1891/1891/1891 1892/1892/1892 1877/1877/1877
f 1891/1891/1891 1893/1893/1893 1892/1892/1892
f 1893/1893/1893 1894/1894/1894 1892/1892/1892
f 1895/1895/1895 1891/1891/1891 1886/1886/1886
f 1893/1893/1893 1891/1891/1891 1895/1895/1895
f 1885/1885/1885 1896/1896/1896 1886/1886/1886
f 1896/1896/1896 1895/1895/1895 1886/1886/1886
f 1890/1890/1890 1888/1888/1888 1897/1897/1897
f 1888/1888/1888 1898/1898/1898 1897/1897/1897
f 1897/1897/1897 1898/1898/1898 1899/1899/1899
f 1900/1900/1900 1894/1894/1894 1893/1893/1893
f 1901/1901/1901 1894/1894/1894 1900/1900/1900
f 1902/1902/1902 1897/1897/1897 1899/1899/1899
f 1902/1902/1902 1899/1899/1899 1903/1903/1903
f 1896/1896/1896 1885/1885/1885 1904/1904/1904
f 1885/1885/1885 1905/1905/1905 1904/1904/1904
f 1884/1884/1884 1905/1905/1905 1885/1885/1885
f 1904/1904/1904 1906/1906/1906 1896/1896/1896
f 1907/1907/1907 1905/1905/1905 1884/1884/1884
f 1906/1906/1906 1895/1895/1895 1896/1896/1896
f 1889/1889/1889 1907/1907/1907 1884/1884/1884
f 1895/1895/1895 1906/1906/1906 1908/1908/1908
f 1908/1908/1908 1893/1893/1893 1895/1895/1895
f 1906/1906/1906 1909/1909/1909 1908/1908/1908
f 1889/1889/1889 1910/1910/1910 1907/1907/1907
f 1910/1910/1910 1911/1911/1911 1907/1907/1907
f 1910/1910/1910 1889/1889/1889 1890/1890/1890
f 1910/1910/1910 1912/1912/1912 1911/1911/1911
f 1912/1912/1912 1910/1910/1910 1890/1890/1890
f 1912/1912/1912 1913/1913/1913 1911/1911/1911
f 1897/1897/1897 1912/1912/1912 1890/1890/1890
f 1914/1914/1914 1913/1913/1913 1912/1912/1912
f 1915/1915/1915 1913/1913/1913 1914/1914/1914
f 1916/1916/1916 1912/1912/1912 1897/1897/1897
f 1916/1916/1916 1914/1914/1914 1912/1912/1912
f 1902/1902/1902 1916/1916/1916 1897/1897/1897
f 1916/1916/1916 1902/1902/1902 1917/1917/1917
f 1917/1917/1917 1902/1902/1902 1903/1903/1903
f 1914/1914/1914 1916/1916/1916 1918/1918/1918
f 1918/1918/1918 1916/1916/1916 1917/1917/1917
f 1917/1917/1917 1903/1903/1903 1919/1919/1919
f 1903/1903/1903 1920/1920/1920 1919/1919/1919
f 1919/1919/1919 1920/1920/1920 1921/1921/1921
f 1922/1922/1922 1918/1918/1918 1917/1917/1917
f 1919/1919/1919 1922/1922/1922 1917/1917/1917
f 1923/1923/1923 1914/1914/1914 1918/1918/1918
f 1918/1918/1918 1922/1922/1922 1923/1923/1923
f 1924/1924/1924 1915/1915/1915 1914/1914/1914
f 1924/1924/1924 1914/1914/1914 1923/1923/1923
f 1925/1925/1925 1919/1919/1919 1921/1921/1921
f 1925/1925/1925 1921/1921/1921 1926/1926/1926
f 1927/1927/1927 1925/1925/1925 1926/1926/1926
f 1925/1925/1925 1927/1927/1927 1928/1928/1928
f 1925/1925/1925 1929/1929/1929 1919/1919/1919
f 1929/1929/1929 1925/1925/1925 1928/1928/1928
f 1929/1929/1929 1922/1922/1922 1919/1919/1919
f 1930/1930/1930 1929/1929/1929 1928/1928/1928
f 1929/1929/1929 1930/1930/1930 1922/1922/1922
f 1931/1931/1931 1930/1930/1930 1928/1928/1928
f 1930/1930/1930 1932/1932/1932 1922/1922/1922
f 1922/1922/1922 1932/1932/1932 1923/1923/1923
f 1923/1923/1923 1932/1932/1932 1933/1933/1933
f 1934/1934/1934 1923/1923/1923 1933/1933/1933
f 1934/1934/1934 1924/1924/1924 1923/1923/1923
f 1934/1934/1934 1933/1933/1933 1935/1935/1935
f 1934/1934/1934 1936/1936/1936 1924/1924/1924
f 1936/1936/1936 1934/1934/1934 1935/1935/1935
f 1936/1936/1936 1937/1937/1937 1924/1924/1924
f 1924/1924/1924 1937/1937/1937 1915/1915/1915
f 1937/1937/1937 1938/1938/1938 1915/1915/1915
f 1937/1937/1937 1939/1939/1939 1938/1938/1938
f 1939/1939/1939 1937/1937/1937 1936/1936/1936
f 1939/1939/1939 1940/1940/1940 1938/1938/1938
f 1936/1936/1936 1935/1935/1935 1941/1941/1941
f 1941/1941/1941 1939/1939/1939 1936/1936/1936
f 1935/1935/1935 1942/1942/1942 1941/1941/1941
f 1943/1943/1943 1940/1940/1940 1939/1939/1939
f 1944/1944/1944 1940/1940/1940 1943/1943/1943
f 1945/1945/1945 1939/1939/1939 1941/1941/1941
f 1945/1945/1945 1943/1943/1943 1939/1939/1939
f 1941/1941/1941 1942/1942/1942 1946/1946/1946
f 1946/1946/1946 1942/1942/1942 1947/1947/1947
f 1948/1948/1948 1945/1945/1945 1941/1941/1941
f 1948/1948/1948 1941/1941/1941 1946/1946/1946
f 1945/1945/1945 1949/1949/1949 1943/1943/1943
f 1949/1949/1949 1945/1945/1945 1948/1948/1948
f 1950/1950/1950 1946/1946/1946 1947/1947/1947
f 1950/1950/1950 1947/1947/1947 1951/1951/1951
f 1952/1952/1952 1950/1950/1950 1951/1951/1951
f 1950/1950/1950 1952/1952/1952 1953/1953/1953
f 1950/1950/1950 1954/1954/1954 1946/1946/1946
f 1954/1954/1954 1950/1950/1950 1953/1953/1953
f 1946/1946/1946 1955/1955/1955 1948/1948/1948
f 1954/1954/1954 1955/1955/1955 1946/1946/1946
f 1956/1956/1956 1954/1954/1954 1953/1953/1953
f 1954/1954/1954 1956/1956/1956 1955/1955/1955
f 1957/1957/1957 1956/1956/1956 1953/1953/1953
f 1956/1956/1956 1958/1958/1958 1955/1955/1955
f 1955/1955/1955 1959/1959/1959 1948/1948/1948
f 1959/1959/1959 1949/1949/1949 1948/1948/1948
f 1955/1955/1955 1958/1958/1958 1960/1960/1960
f 1959/1959/1959 1955/1955/1955 1960/1960/1960
f 1960/1960/1960 1958/1958/1958 1961/1961/1961
f 1962/1962/1962 1949/1949/1949 1959/1959/1959
f 1960/1960/1960 1962/1962/1962 1959/1959/1959
f 1963/1963/1963 1960/1960/1960 1961/1961/1961
f 1961/1961/1961 1964/1964/1964 1963/1963/1963
f 1963/1963/1963 1965/1965/1965 1960/1960/1960
f 1965/1965/1965 1962/1962/1962 1960/1960/1960
f 1964/1964/1964 1966/1966/1966 1963/1963/1963
f 1963/1963/1963 1966/1966/1966 1965/1965/1965
f 1966/1966/1966 1964/1964/1964 1967/1967/1967
f 1964/1964/1964 1968/1968/1968 1967/1967/1967
f 1967/1967/1967 1969/1969/1969 1966/1966/1966
f 1966/1966/1966 1970/1970/1970 1965/1965/1965
f 1969/1969/1969 1970/1970/1970 1966/1966/1966
f 1970/1970/1970 1969/1969/1969 1971/1971/1971
f 1969/1969/1969 1972/1972/1972 1971/1971/1971
f 1970/1970/1970 1971/1971/1971 1973/1973/1973
f 1965/1965/1965 1970/1970/1970 1973/1973/1973
f 1965/1965/1965 1973/1973/1973 1962/1962/1962
f 1973/1973/1973 1974/1974/1974 1962/1962/1962
f 1962/1962/1962 1974/1974/1974 1975/1975/1975
f 1949/1949/1949 1962/1962/1962 1975/1975/1975
f 1975/1975/1975 1974/1974/1974 1976/1976/1976
f 1949/1949/1949 1975/1975/1975 1943/1943/1943
f 1977/1977/1977 1975/1975/1975 1976/1976/1976
f 1977/1977/1977 1976/1976/1976 1978/1978/1978
f 1943/1943/1943 1975/1975/1975 1979/1979/1979
f 1975/1975/1975 1977/1977/1977 1979/1979/1979
f 1979/1979/1979 1944/1944/1944 1943/1943/1943
f 1980/1980/1980 1977/1977/1977 1978/1978/1978
f 1977/1977/1977 1980/1980/1980 1979/1979/1979
f 1979/1979/1979 1981/1981/1981 1944/1944/1944
f 1980/1980/1980 1981/1981/1981 1979/1979/1979
f 1981/1981/1981 1982/1982/1982 1944/1944/1944
f 1981/1981/1981 1983/1983/1983 1982/1982/1982
f 1983/1983/1983 1981/1981/1981 1980/1980/1980
f 1983/1983/1983 1909/1909/1909 1982/1982/1982
f 1908/1908/1908 1909/1909/1909 1983/1983/1983
f 1980/1980/1980 1978/1978/1978 1984/1984/1984
f 1984/1984/1984 1983/1983/1983 1980/1980/1980
f 1978/1978/1978 1985/1985/1985 1984/1984/1984
f 1986/1986/1986 1908/1908/1908 1983/1983/1983
f 1986/1986/1986 1983/1983/1983 1984/1984/1984
f 1984/1984/1984 1985/1985/1985 1987/1987/1987
f 1987/1987/1987 1985/1985/1985 1988/1988/1988
f 1986/1986/1986 1989/1989/1989 1908/1908/1908
f 1989/1989/1989 1893/1893/1893 1908/1908/1908
f 1989/1989/1989 1900/1900/1900 1893/1893/1893
f 1990/1990/1990 1986/1986/1986 1984/1984/1984
f 1990/1990/1990 1984/1984/1984 1987/1987/1987
f 1991/1991/1991 1989/1989/1989 1986/1986/1986
f 1990/1990/1990 1991/1991/1991 1986/1986/1986
f 1900/1900/1900 1989/1989/1989 1991/1991/1991
f 1991/1991/1991 1990/1990/1990 1992/1992/1992
f 1990/1990/1990 1987/1987/1987 1992/1992/1992
f 1993/1993/1993 1987/1987/1987 1988/1988/1988
f 1988/1988/1988 1994/1994/1994 1993/1993/1993
f 1995/1995/1995 1900/1900/1900 1991/1991/1991
f 1991/1991/1991 1992/1992/1992 1995/1995/1995
f 1987/1987/1987 1993/1993/1993 1996/1996/1996
f 1992/1992/1992 1987/1987/1987 1996/1996/1996
f 1994/1994/1994 1997/1997/1997 1993/1993/1993
f 1993/1993/1993 1997/1997/1997 1996/1996/1996
f 1997/1997/1997 1994/1994/1994 1998/1998/1998
f 1994/1994/1994 1999/1999/1999 1998/1998/1998
f 1998/1998/1998 2000/2000/2000 1997/1997/1997
f 1997/1997/1997 2001/2001/2001 1996/1996/1996
f 2000/2000/2000 2001/2001/2001 1997/1997/1997
f 2001/2001/2001 2000/2000/2000 2002/2002/2002
f 2000/2000/2000 2003/2003/2003 2002/2002/2002
f 2001/2001/2001 2002/2002/2002 2004/2004/2004
f 1996/1996/1996 2001/2001/2001 2004/2004/2004
f 1996/1996/1996 2004/2004/2004 1992/1992/1992
f 2004/2004/2004 2005/2005/2005 1992/1992/1992
f 1992/1992/1992 2005/2005/2005 1995/1995/1995
f 1995/1995/1995 2005/2005/2005 2006/2006/2006
f 2007/2007/2007 1995/1995/1995 2006/2006/2006
f 2007/2007/2007 2006/2006/2006 2008/2008/2008
f 2009/2009/2009 2007/2007/2007 2008/2008/2008
f 2007/2007/2007 2010/2010/2010 1995/1995/1995
f 2007/2007/2007 2009/2009/2009 2010/2010/2010
f 2010/2010/2010 1900/1900/1900 1995/1995/1995
f 2009/2009/2009 2011/2011/2011 2010/2010/2010
f 2010/2010/2010 1901/1901/1901 1900/1900/1900
f 1901/1901/1901 2010/2010/2010 2011/2011/2011
f 2012/2012/2012 1901/1901/1901 2011/2011/2011
f 2015/2015/2015 2014/2014/2014 2013/2013/2013
f 2014/2014/2014 2016/2016/2016 2013/2013/2013
f 2016/2016/2016 2014/2014/2014 2017/2017/2017
f 2014/2014/2014 2018/2018/2018 2017/2017/2017
f 2017/2017/2017 2019/2019/2019 2016/2016/2016
f 2013/2013/2013 2016/2016/2016 2020/2020/2020
f 2019/2019/2019 2020/2020/2020 2016/2016/2016
f 2021/2021/2021 2013/2013/2013 2020/2020/2020
f 2021/2021/2021 2020/2020/2020 2022/2022/2022
f 2020/2020/2020 2023/2023/2023 2022/2022/2022
f 2020/2020/2020 2019/2019/2019 2023/2023/2023
f 2019/2019/2019 2024/2024/2024 2023/2023/2023
f 2027/2027/2027 2026/2026/2026 2025/2025/2025
f 2026/2026/2026 2028/2028/2028 2025/2025/2025
f 2028/2028/2028 2029/2029/2029 2025/2025/2025
f 2029/2029/2029 2030/2030/2030 2025/2025/2025
f 2030/2030/2030 2029/2029/2029 2031/2031/2031
f 2029/2029/2029 2032/2032/2032 2031/2031/2031
f 2029/2029/2029 2033/2033/2033 2032/2032/2032
f 2029/2029/2029 2028/2028/2028 2033/2033/2033
f 2033/2033/2033 2034/2034/2034 2032/2032/2032
f 2028/2028/2028 2026/2026/2026 2035/2035/2035
f 2028/2028/2028 2035/2035/2035 2033/2033/2033
f 2026/2026/2026 2036/2036/2036 2035/2035/2035
f 2037/2037/2037 2034/2034/2034 2033/2033/2033
f 2038/2038/2038 2034/2034/2034 2037/2037/2037
f 2033/2033/2033 2035/2035/2035 2039/2039/2039
f 2039/2039/2039 2037/2037/2037 2033/2033/2033
f 2035/2035/2035 2036/2036/2036 2040/2040/2040
f 2040/2040/2040 2036/2036/2036 2041/2041/2041
f 2035/2035/2035 2042/2042/2042 2039/2039/2039
f 2042/2042/2042 2035/2035/2035 2040/2040/2040
f 2039/2039/2039 2043/2043/2043 2037/2037/2037
f 2043/2043/2043 2039/2039/2039 2042/2042/2042
f 2044/2044/2044 2040/2040/2040 2041/2041/2041
f 2041/2041/2041 2045/2045/2045 2044/2044/2044
f 2046/2046/2046 2038/2038/2038 2037/2037/2037
f 2043/2043/2043 2047/2047/2047 2037/2037/2037
f 2037/2037/2037 2047/2047/2047 2046/2046/2046
f 2046/2046/2046 2048/2048/2048 2038/2038/2038
f 2048/2048/2048 2049/2049/2049 2038/2038/2038
f 2048/2048/2048 2050/2050/2050 2049/2049/2049
f 2050/2050/2050 2051/2051/2051 2049/2049/2049
f 2052/2052/2052 2048/2048/2048 2046/2046/2046
f 2048/2048/2048 2052/2052/2052 2050/2050/2050
f 2047/2047/2047 2053/2053/2053 2046/2046/2046
f 2053/2053/2053 2052/2052/2052 2046/2046/2046
f 2054/2054/2054 2051/2051/2051 2050/2050/2050
f 2055/2055/2055 2051/2051/2051 2054/2054/2054
f 2045/2045/2045 2056/2056/2056 2044/2044/2044
f 2056/2056/2056 2045/2045/2045 2057/2057/2057
f 2045/2045/2045 2058/2058/2058 2057/2057/2057
f 2056/2056/2056 2057/2057/2057 2059/2059/2059
f 2044/2044/2044 2056/2056/2056 2060/2060/2060
f 2044/2044/2044 2060/2060/2060 2040/2040/2040
f 2061/2061/2061 2056/2056/2056 2059/2059/2059
f 2056/2056/2056 2061/2061/2061 2060/2060/2060
f 2061/2061/2061 2059/2059/2059 2062/2062/2062
f 2059/2059/2059 2063/2063/2063 2062/2062/2062
f 2061/2061/2061 2062/2062/2062 2064/2064/2064
f 2060/2060/2060 2061/2061/2061 2064/2064/2064
f 2060/2060/2060 2065/2065/2065 2040/2040/2040
f 2060/2060/2060 2064/2064/2064 2065/2065/2065
f 2040/2040/2040 2065/2065/2065 2042/2042/2042
f 2064/2064/2064 2066/2066/2066 2065/2065/2065
f 2065/2065/2065 2067/2067/2067 2042/2042/2042
f 2067/2067/2067 2043/2043/2043 2042/2042/2042
f 2065/2065/2065 2066/2066/2066 2068/2068/2068
f 2067/2067/2067 2065/2065/2065 2068/2068/2068
f 2068/2068/2068 2066/2066/2066 2069/2069/2069
f 2043/2043/2043 2067/2067/2067 2070/2070/2070
f 2067/2067/2067 2068/2068/2068 2070/2070/2070
f 2043/2043/2043 2070/2070/2070 2047/2047/2047
f 2071/2071/2071 2068/2068/2068 2069/2069/2069
f 2071/2071/2071 2069/2069/2069 2072/2072/2072
f 2070/2070/2070 2068/2068/2068 2073/2073/2073
f 2068/2068/2068 2071/2071/2071 2073/2073/2073
f 2070/2070/2070 2074/2074/2074 2047/2047/2047
f 2047/2047/2047 2074/2074/2074 2075/2075/2075
f 2053/2053/2053 2047/2047/2047 2075/2075/2075
f 2076/2076/2076 2074/2074/2074 2070/2070/2070
f 2073/2073/2073 2076/2076/2076 2070/2070/2070
f 2075/2075/2075 2077/2077/2077 2053/2053/2053
f 2077/2077/2077 2052/2052/2052 2053/2053/2053
f 2076/2076/2076 2073/2073/2073 2078/2078/2078
f 2078/2078/2078 2073/2073/2073 2071/2071/2071
f 2079/2079/2079 2076/2076/2076 2078/2078/2078
f 2052/2052/2052 2077/2077/2077 2080/2080/2080
f 2052/2052/2052 2080/2080/2080 2050/2050/2050
f 2077/2077/2077 2081/2081/2081 2080/2080/2080
f 2082/2082/2082 2078/2078/2078 2071/2071/2071
f 2082/2082/2082 2071/2071/2071 2072/2072/2072
f 2078/2078/2078 2083/2083/2083 2079/2079/2079
f 2078/2078/2078 2082/2082/2082 2083/2083/2083
f 2083/2083/2083 2084/2084/2084 2079/2079/2079
f 2082/2082/2082 2072/2072/2072 2085/2085/2085
f 2082/2082/2082 2085/2085/2085 2083/2083/2083
f 2072/2072/2072 2086/2086/2086 2085/2085/2085
f 2087/2087/2087 2084/2084/2084 2083/2083/2083
f 2088/2088/2088 2084/2084/2084 2087/2087/2087
f 2050/2050/2050 2080/2080/2080 2089/2089/2089
f 2089/2089/2089 2054/2054/2054 2050/2050/2050
f 2083/2083/2083 2085/2085/2085 2090/2090/2090
f 2090/2090/2090 2087/2087/2087 2083/2083/2083
f 2085/2085/2085 2086/2086/2086 2091/2091/2091
f 2091/2091/2091 2086/2086/2086 2092/2092/2092
f 2085/2085/2085 2093/2093/2093 2090/2090/2090
f 2093/2093/2093 2085/2085/2085 2091/2091/2091
f 2087/2087/2087 2090/2090/2090 2094/2094/2094
f 2094/2094/2094 2090/2090/2090 2093/2093/2093
f 2095/2095/2095 2091/2091/2091 2092/2092/2092
f 2092/2092/2092 2096/2096/2096 2095/2095/2095
f 2097/2097/2097 2088/2088/2088 2087/2087/2087
f 2098/2098/2098 2087/2087/2087 2094/2094/2094
f 2097/2097/2097 2087/2087/2087 2098/2098/2098
f 2097/2097/2097 2099/2099/2099 2088/2088/2088
f 2099/2099/2099 2100/2100/2100 2088/2088/2088
f 2099/2099/2099 2101/2101/2101 2100/2100/2100
f 2101/2101/2101 2102/2102/2102 2100/2100/2100
f 2103/2103/2103 2099/2099/2099 2097/2097/2097
f 2101/2101/2101 2099/2099/2099 2103/2103/2103
f 2104/2104/2104 2097/2097/2097 2098/2098/2098
f 2104/2104/2104 2103/2103/2103 2097/2097/2097
f 2105/2105/2105 2102/2102/2102 2101/2101/2101
f 2106/2106/2106 2102/2102/2102 2105/2105/2105
f 2096/2096/2096 2107/2107/2107 2095/2095/2095
f 2107/2107/2107 2096/2096/2096 2108/2108/2108
f 2096/2096/2096 2109/2109/2109 2108/2108/2108
f 2107/2107/2107 2108/2108/2108 2110/2110/2110
f 2095/2095/2095 2107/2107/2107 2111/2111/2111
f 2091/2091/2091 2095/2095/2095 2111/2111/2111
f 2112/2112/2112 2107/2107/2107 2110/2110/2110
f 2107/2107/2107 2112/2112/2112 2111/2111/2111
f 2112/2112/2112 2110/2110/2110 2113/2113/2113
f 2110/2110/2110 2114/2114/2114 2113/2113/2113
f 2112/2112/2112 2113/2113/2113 2115/2115/2115
f 2111/2111/2111 2112/2112/2112 2115/2115/2115
f 2116/2116/2116 2091/2091/2091 2111/2111/2111
f 2111/2111/2111 2115/2115/2115 2116/2116/2116
f 2093/2093/2093 2091/2091/2091 2116/2116/2116
f 2115/2115/2115 2117/2117/2117 2116/2116/2116
f 2118/2118/2118 2093/2093/2093 2116/2116/2116
f 2118/2118/2118 2094/2094/2094 2093/2093/2093
f 2116/2116/2116 2117/2117/2117 2119/2119/2119
f 2118/2118/2118 2116/2116/2116 2119/2119/2119
f 2119/2119/2119 2117/2117/2117 2120/2120/2120
f 2121/2121/2121 2094/2094/2094 2118/2118/2118
f 2119/2119/2119 2121/2121/2121 2118/2118/2118
f 2094/2094/2094 2121/2121/2121 2098/2098/2098
f 2122/2122/2122 2119/2119/2119 2120/2120/2120
f 2122/2122/2122 2120/2120/2120 2123/2123/2123
f 2124/2124/2124 2122/2122/2122 2123/2123/2123
f 2124/2124/2124 2125/2125/2125 2122/2122/2122
f 2122/2122/2122 2126/2126/2126 2119/2119/2119
f 2125/2125/2125 2126/2126/2126 2122/2122/2122
f 2126/2126/2126 2121/2121/2121 2119/2119/2119
f 2127/2127/2127 2126/2126/2126 2125/2125/2125
f 2126/2126/2126 2127/2127/2127 2121/2121/2121
f 2128/2128/2128 2127/2127/2127 2125/2125/2125
f 2127/2127/2127 2129/2129/2129 2121/2121/2121
f 2121/2121/2121 2129/2129/2129 2098/2098/2098
f 2098/2098/2098 2129/2129/2129 2130/2130/2130
f 2104/2104/2104 2098/2098/2098 2130/2130/2130
f 2130/2130/2130 2131/2131/2131 2104/2104/2104
f 2131/2131/2131 2103/2103/2103 2104/2104/2104
f 2103/2103/2103 2131/2131/2131 2132/2132/2132
f 2132/2132/2132 2101/2101/2101 2103/2103/2103
f 2131/2131/2131 2133/2133/2133 2132/2132/2132
f 2134/2134/2134 2101/2101/2101 2132/2132/2132
f 2134/2134/2134 2105/2105/2105 2101/2101/2101
f 2132/2132/2132 2133/2133/2133 2135/2135/2135
f 2135/2135/2135 2133/2133/2133 2136/2136/2136
f 2137/2137/2137 2134/2134/2134 2132/2132/2132
f 2137/2137/2137 2132/2132/2132 2135/2135/2135
f 2105/2105/2105 2134/2134/2134 2138/2138/2138
f 2134/2134/2134 2137/2137/2137 2138/2138/2138
f 2139/2139/2139 2135/2135/2135 2136/2136/2136
f 2139/2139/2139 2136/2136/2136 2140/2140/2140
f 2141/2141/2141 2139/2139/2139 2140/2140/2140
f 2139/2139/2139 2141/2141/2141 2142/2142/2142
f 2139/2139/2139 2142/2142/2142 2135/2135/2135
f 2141/2141/2141 2143/2143/2143 2142/2142/2142
f 2135/2135/2135 2144/2144/2144 2137/2137/2137
f 2142/2142/2142 2144/2144/2144 2135/2135/2135
f 2145/2145/2145 2142/2142/2142 2143/2143/2143
f 2142/2142/2142 2145/2145/2145 2144/2144/2144
f 2146/2146/2146 2145/2145/2145 2143/2143/2143
f 2145/2145/2145 2147/2147/2147 2144/2144/2144
f 2144/2144/2144 2148/2148/2148 2137/2137/2137
f 2137/2137/2137 2148/2148/2148 2138/2138/2138
f 2144/2144/2144 2147/2147/2147 2149/2149/2149
f 2148/2148/2148 2144/2144/2144 2149/2149/2149
f 2149/2149/2149 2147/2147/2147 2150/2150/2150
f 2151/2151/2151 2138/2138/2138 2148/2148/2148
f 2149/2149/2149 2151/2151/2151 2148/2148/2148
f 2152/2152/2152 2149/2149/2149 2150/2150/2150
f 2150/2150/2150 2153/2153/2153 2152/2152/2152
f 2152/2152/2152 2154/2154/2154 2149/2149/2149
f 2154/2154/2154 2151/2151/2151 2149/2149/2149
f 2153/2153/2153 2155/2155/2155 2152/2152/2152
f 2152/2152/2152 2155/2155/2155 2154/2154/2154
f 2155/2155/2155 2153/2153/2153 2156/2156/2156
f 2153/2153/2153 2157/2157/2157 2156/2156/2156
f 2155/2155/2155 2156/2156/2156 2158/2158/2158
f 2155/2155/2155 2159/2159/2159 2154/2154/2154
f 2159/2159/2159 2155/2155/2155 2158/2158/2158
f 2159/2159/2159 2158/2158/2158 2160/2160/2160
f 2158/2158/2158 2161/2161/2161 2160/2160/2160
f 2159/2159/2159 2160/2160/2160 2162/2162/2162
f 2154/2154/2154 2159/2159/2159 2162/2162/2162
f 2154/2154/2154 2162/2162/2162 2151/2151/2151
f 2162/2162/2162 2163/2163/2163 2151/2151/2151
f 2151/2151/2151 2163/2163/2163 2164/2164/2164
f 2138/2138/2138 2151/2151/2151 2164/2164/2164
f 2164/2164/2164 2163/2163/2163 2165/2165/2165
f 2164/2164/2164 2105/2105/2105 2138/2138/2138
f 2166/2166/2166 2164/2164/2164 2165/2165/2165
f 2165/2165/2165 2167/2167/2167 2166/2166/2166
f 2168/2168/2168 2105/2105/2105 2164/2164/2164
f 2166/2166/2166 2168/2168/2168 2164/2164/2164
f 2168/2168/2168 2106/2106/2106 2105/2105/2105
f 2167/2167/2167 2169/2169/2169 2166/2166/2166
f 2168/2168/2168 2166/2166/2166 2169/2169/2169
f 2168/2168/2168 2170/2170/2170 2106/2106/2106
f 2170/2170/2170 2168/2168/2168 2169/2169/2169
f 2170/2170/2170 2171/2171/2171 2106/2106/2106
f 2170/2170/2170 2172/2172/2172 2171/2171/2171
f 2172/2172/2172 2170/2170/2170 2169/2169/2169
f 2172/2172/2172 2081/2081/2081 2171/2171/2171
f 2080/2080/2080 2081/2081/2081 2172/2172/2172
f 2169/2169/2169 2167/2167/2167 2173/2173/2173
f 2173/2173/2173 2172/2172/2172 2169/2169/2169
f 2167/2167/2167 2174/2174/2174 2173/2173/2173
f 2175/2175/2175 2080/2080/2080 2172/2172/2172
f 2175/2175/2175 2172/2172/2172 2173/2173/2173
f 2080/2080/2080 2175/2175/2175 2089/2089/2089
f 2173/2173/2173 2174/2174/2174 2176/2176/2176
f 2176/2176/2176 2174/2174/2174 2177/2177/2177
f 2089/2089/2089 2175/2175/2175 2178/2178/2178
f 2089/2089/2089 2178/2178/2178 2054/2054/2054
f 2179/2179/2179 2175/2175/2175 2173/2173/2173
f 2179/2179/2179 2173/2173/2173 2176/2176/2176
f 2175/2175/2175 2179/2179/2179 2178/2178/2178
f 2178/2178/2178 2179/2179/2179 2180/2180/2180
f 2179/2179/2179 2176/2176/2176 2180/2180/2180
f 2181/2181/2181 2176/2176/2176 2177/2177/2177
f 2177/2177/2177 2182/2182/2182 2181/2181/2181
f 2178/2178/2178 2183/2183/2183 2054/2054/2054
f 2178/2178/2178 2180/2180/2180 2183/2183/2183
f 2176/2176/2176 2181/2181/2181 2184/2184/2184
f 2180/2180/2180 2176/2176/2176 2184/2184/2184
f 2182/2182/2182 2185/2185/2185 2181/2181/2181
f 2181/2181/2181 2185/2185/2185 2184/2184/2184
f 2185/2185/2185 2182/2182/2182 2186/2186/2186
f 2182/2182/2182 2187/2187/2187 2186/2186/2186
f 2185/2185/2185 2186/2186/2186 2188/2188/2188
f 2185/2185/2185 2189/2189/2189 2184/2184/2184
f 2189/2189/2189 2185/2185/2185 2188/2188/2188
f 2189/2189/2189 2188/2188/2188 2190/2190/2190
f 2188/2188/2188 2191/2191/2191 2190/2190/2190
f 2189/2189/2189 2190/2190/2190 2192/2192/2192
f 2184/2184/2184 2189/2189/2189 2192/2192/2192
f 2184/2184/2184 2192/2192/2192 2180/2180/2180
f 2192/2192/2192 2193/2193/2193 2180/2180/2180
f 2180/2180/2180 2193/2193/2193 2183/2183/2183
f 2183/2183/2183 2193/2193/2193 2194/2194/2194
f 2195/2195/2195 2183/2183/2183 2194/2194/2194
f 2195/2195/2195 2194/2194/2194 2196/2196/2196
f 2197/2197/2197 2195/2195/2195 2196/2196/2196
f 2195/2195/2195 2197/2197/2197 2198/2198/2198
f 2183/2183/2183 2195/2195/2195 2199/2199/2199
f 2199/2199/2199 2195/2195/2195 2198/2198/2198
f 2054/2054/2054 2183/2183/2183 2199/2199/2199
f 2199/2199/2199 2055/2055/2055 2054/2054/2054
f 2055/2055/2055 2199/2199/2199 2198/2198/2198
f 2200/2200/2200 2055/2055/2055 2198/2198/2198
f 2203/2203/2203 2202/2202/2202 2201/2201/2201
f 2202/2202/2202 2204/2204/2204 2201/2201/2201
f 2204/2204/2204 2202/2202/2202 2205/2205/2205
f 2202/2202/2202 2206/2206/2206 2205/2205/2205
f 2204/2204/2204 2205/2205/2205 2207/2207/2207
f 2204/2204/2204 2208/2208/2208 2201/2201/2201
f 2208/2208/2208 2204/2204/2204 2207/2207/2207
f 2208/2208/2208 2209/2209/2209 2201/2201/2201
f 2209/2209/2209 2208/2208/2208 2210/2210/2210
f 2208/2208/2208 2211/2211/2211 2210/2210/2210
f 2208/2208/2208 2207/2207/2207 2211/2211/2211
f 2207/2207/2207 2212/2212/2212 2211/2211/2211
f 2215/2215/2215 2214/2214/2214 2213/2213/2213
f 2214/2214/2214 2216/2216/2216 2213/2213/2213
f 2216/2216/2216 2214/2214/2214 2217/2217/2217
f 2214/2214/2214 2218/2218/2218 2217/2217/2217
f 2216/2216/2216 2217/2217/2217 2219/2219/2219
f 2213/2213/2213 2216/2216/2216 2220/2220/2220
f 2220/2220/2220 2216/2216/2216 2219/2219/2219
f 2221/2221/2221 2213/2213/2213 2220/2220/2220
f 2221/2221/2221 2220/2220/2220 2222/2222/2222
f 2220/2220/2220 2223/2223/2223 2222/2222/2222
f 2220/2220/2220 2219/2219/2219 2223/2223/2223
f 2219/2219/2219 2224/2224/2224 2223/2223/2223
f 2227/2227/2227 2226/2226/2226 2225/2225/2225
f 2226/2226/2226 2228/2228/2228 2225/2225/2225
f 2228/2228/2228 2226/2226/2226 2229/2229/2229
f 2226/2226/2226 2230/2230/2230 2229/2229/2229
f 2229/2229/2229 2231/2231/2231 2228/2228/2228
f 2228/2228/2228 2232/2232/2232 2225/2225/2225
f 2231/2231/2231 2232/2232/2232 2228/2228/2228
f 2232/2232/2232 2233/2233/2233 2225/2225/2225
f 2233/2233/2233 2232/2232/2232 2234/2234/2234
f 2232/2232/2232 2235/2235/2235 2234/2234/2234
f 2232/2232/2232 2231/2231/2231 2235/2235/2235
f 2231/2231/2231 2236/2236/2236 2235/2235/2235
f 2239/2239/2239 2238/2238/2238 2237/2237/2237
f 2238/2238/2238 2240/2240/2240 2237/2237/2237
f 2240/2240/2240 2238/2238/2238 2241/2241/2241
f 2238/2238/2238 2242/2242/2242 2241/2241/2241
f 2241/2241/2241 2243/2243/2243 2240/2240/2240
f 2237/2237/2237 2240/2240/2240 2244/2244/2244
f 2243/2243/2243 2244/2244/2244 2240/2240/2240
f 2245/2245/2245 2237/2237/2237 2244/2244/2244
f 2245/2245/2245 2244/2244/2244 2246/2246/2246
f 2244/2244/2244 2247/2247/2247 2246/2246/2246
f 2244/2244/2244 2243/2243/2243 2247/2247/2247
f 2243/2243/2243 2248/2248/2248 2247/2247/2247
f 2251/2251/2251 2250/2250/2250 2249/2249/2249
f 2250/2250/2250 2252/2252/2252 2249/2249/2249
f 2252/2252/2252 2250/2250/2250 2253/2253/2253
f 2250/2250/2250 2254/2254/2254 2253/2253/2253
f 2253/2253/2253 2255/2255/2255 2252/2252/2252
f 2252/2252/2252 2256/2256/2256 2249/2249/2249
f 2255/2255/2255 2256/2256/2256 2252/2252/2252
f 2256/2256/2256 2257/2257/2257 2249/2249/2249
f 2257/2257/2257 2256/2256/2256 2258/2258/2258
f 2256/2256/2256 2259/2259/2259 2258/2258/2258
f 2256/2256/2256 2255/2255/2255 2259/2259/2259
f 2255/2255/2255 2260/2260/2260 2259/2259/2259
f 2263/2263/2263 2262/2262/2262 2261/2261/2261
f 2262/2262/2262 2264/2264/2264 2261/2261/2261
f 2265/2265/2265 2261/2261/2261 2264/2264/2264
f 2264/2264/2264 2262/2262/2262 2266/2266/2266
f 2262/2262/2262 2267/2267/2267 2266/2266/2266
f 2264/2264/2264 2266/2266/2266 2268/2268/2268
f 2269/2269/2269 2265/2265/2265 2264/2264/2264
f 2269/2269/2269 2264/2264/2264 2268/2268/2268
f 2265/2265/2265 2269/2269/2269 2270/2270/2270
f 2269/2269/2269 2271/2271/2271 2270/2270/2270
f 2269/2269/2269 2268/2268/2268 2271/2271/2271
f 2268/2268/2268 2272/2272/2272 2271/2271/2271
f 2275/2275/2275 2274/2274/2274 2273/2273/2273
f 2276/2276/2276 2275/2275/2275 2273/2273/2273
f 2273/2273/2273 2277/2277/2277 2276/2276/2276
f 2276/2276/2276 2278/2278/2278 2275/2275/2275
f 2278/2278/2278 2279/2279/2279 2275/2275/2275
f 2278/2278/2278 2280/2280/2280 2279/2279/2279
f 2280/2280/2280 2281/2281/2281 2279/2279/2279
f 2278/2278/2278 2282/2282/2282 2280/2280/2280
f 2282/2282/2282 2278/2278/2278 2276/2276/2276
f 2282/2282/2282 2283/2283/2283 2280/2280/2280
f 2277/2277/2277 2284/2284/2284 2276/2276/2276
f 2284/2284/2284 2282/2282/2282 2276/2276/2276
f 2282/2282/2282 2285/2285/2285 2283/2283/2283
f 2285/2285/2285 2282/2282/2282 2284/2284/2284
f 2285/2285/2285 2286/2286/2286 2283/2283/2283
f 2287/2287/2287 2285/2285/2285 2284/2284/2284
f 2284/2284/2284 2277/2277/2277 2287/2287/2287
f 2277/2277/2277 2288/2288/2288 2287/2287/2287
f 2291/2291/2291 2290/2290/2290 2289/2289/2289
f 2292/2292/2292 2291/2291/2291 2289/2289/2289
f 2289/2289/2289 2293/2293/2293 2292/2292/2292
f 2292/2292/2292 2294/2294/2294 2291/2291/2291
f 2294/2294/2294 2295/2295/2295 2291/2291/2291
f 2293/2293/2293 2296/2296/2296 2292/2292/2292
f 2292/2292/2292 2296/2296/2296 2294/2294/2294
f 2294/2294/2294 2297/2297/2297 2295/2295/2295
f 2297/2297/2297 2298/2298/2298 2295/2295/2295
f 2294/2294/2294 2299/2299/2299 2297/2297/2297
f 2296/2296/2296 2299/2299/2299 2294/2294/2294
f 2299/2299/2299 2300/2300/2300 2297/2297/2297
f 2299/2299/2299 2301/2301/2301 2300/2300/2300
f 2301/2301/2301 2299/2299/2299 2296/2296/2296
f 2301/2301/2301 2302/2302/2302 2300/2300/2300
f 2303/2303/2303 2301/2301/2301 2296/2296/2296
f 2296/2296/2296 2293/2293/2293 2303/2303/2303
f 2293/2293/2293 2304/2304/2304 2303/2303/2303
f 2307/2307/2307 2306/2306/2306 2305/2305/2305
f 2308/2308/2308 2307/2307/2307 2305/2305/2305
f 2305/2305/2305 2309/2309/2309 2308/2308/2308
f 2308/2308/2308 2310/2310/2310 2307/2307/2307
f 2310/2310/2310 2311/2311/2311 2307/2307/2307
f 2309/2309/2309 2312/2312/2312 2308/2308/2308
f 2308/2308/2308 2312/2312/2312 2310/2310/2310
f 2310/2310/2310 2313/2313/2313 2311/2311/2311
f 2313/2313/2313 2314/2314/2314 2311/2311/2311
f 2310/2310/2310 2315/2315/2315 2313/2313/2313
f 2312/2312/2312 2315/2315/2315 2310/2310/2310
f 2315/2315/2315 2316/2316/2316 2313/2313/2313
f 2315/2315/2315 2317/2317/2317 2316/2316/2316
f 2315/2315/2315 2312/2312/2312 2317/2317/2317
f 2317/2317/2317 2318/2318/2318 2316/2316/2316
f 2312/2312/2312 2319/2319/2319 2317/2317/2317
f 2312/2312/2312 2309/2309/2309 2319/2319/2319
f 2309/2309/2309 2320/2320/2320 2319/2319/2319
f 2323/2323/2323 2322/2322/2322 2321/2321/2321
f 2324/2324/2324 2323/2323/2323 2321/2321/2321
f 2321/2321/2321 2325/2325/2325 2324/2324/2324
f 2324/2324/2324 2326/2326/2326 2323/2323/2323
f 2326/2326/2326 2327/2327/2327 2323/2323/2323
f 2326/2326/2326 2328/2328/2328 2327/2327/2327
f 2328/2328/2328 2329/2329/2329 2327/2327/2327
f 2326/2326/2326 2330/2330/2330 2328/2328/2328
f 2326/2326/2326 2324/2324/2324 2330/2330/2330
f 2330/2330/2330 2331/2331/2331 2328/2328/2328
f 2325/2325/2325 2332/2332/2332 2324/2324/2324
f 2324/2324/2324 2332/2332/2332 2330/2330/2330
f 2330/2330/2330 2333/2333/2333 2331/2331/2331
f 2333/2333/2333 2330/2330/2330 2332/2332/2332
f 2333/2333/2333 2334/2334/2334 2331/2331/2331
f 2335/2335/2335 2333/2333/2333 2332/2332/2332
f 2332/2332/2332 2325/2325/2325 2335/2335/2335
f 2325/2325/2325 2336/2336/2336 2335/2335/2335
f 2339/2339/2339 2338/2338/2338 2337/2337/2337
f 2340/2340/2340 2339/2339/2339 2337/2337/2337
f 2337/2337/2337 2341/2341/2341 2340/2340/2340
f 2340/2340/2340 2342/2342/2342 2339/2339/2339
f 2342/2342/2342 2343/2343/2343 2339/2339/2339
f 2341/2341/2341 2344/2344/2344 2340/2340/2340
f 2340/2340/2340 2344/2344/2344 2342/2342/2342
f 2342/2342/2342 2345/2345/2345 2343/2343/2343
f 2345/2345/2345 2346/2346/2346 2343/2343/2343
f 2342/2342/2342 2347/2347/2347 2345/2345/2345
f 2344/2344/2344 2347/2347/2347 2342/2342/2342
f 2347/2347/2347 2348/2348/2348 2345/2345/2345
f 2347/2347/2347 2349/2349/2349 2348/2348/2348
f 2349/2349/2349 2347/2347/2347 2344/2344/2344
f 2349/2349/2349 2350/2350/2350 2348/2348/2348
f 2351/2351/2351 2349/2349/2349 2344/2344/2344
f 2344/2344/2344 2341/2341/2341 2351/2351/2351
f 2341/2341/2341 2352/2352/2352 2351/2351/2351
f 2355/2355/2355 2354/2354/2354 2353/2353/2353
f 2356/2356/2356 2355/2355/2355 2353/2353/2353
f 2353/2353/2353 2357/2357/2357 2356/2356/2356
f 2356/2356/2356 2358/2358/2358 2355/2355/2355
f 2358/2358/2358 2359/2359/2359 2355/2355/2355
f 2358/2358/2358 2360/2360/2360 2359/2359/2359
f 2360/2360/2360 2361/2361/2361 2359/2359/2359
f 2358/2358/2358 2362/2362/2362 2360/2360/2360
f 2362/2362/2362 2358/2358/2358 2356/2356/2356
f 2362/2362/2362 2363/2363/2363 2360/2360/2360
f 2357/2357/2357 2364/2364/2364 2356/2356/2356
f 2364/2364/2364 2362/2362/2362 2356/2356/2356
f 2362/2362/2362 2365/2365/2365 2363/2363/2363
f 2365/2365/2365 2362/2362/2362 2364/2364/2364
f 2365/2365/2365 2366/2366/2366 2363/2363/2363
f 2367/2367/2367 2365/2365/2365 2364/2364/2364
f 2364/2364/2364 2357/2357/2357 2367/2367/2367
f 2357/2357/2357 2368/2368/2368 2367/2367/2367
f 2371/2371/2371 2370/2370/2370 2369/2369/2369
f 2372/2372/2372 2371/2371/2371 2369/2369/2369
f 2369/2369/2369 2373/2373/2373 2372/2372/2372
f 2372/2372/2372 2374/2374/2374 2371/2371/2371
f 2374/2374/2374 2375/2375/2375 2371/2371/2371
f 2374/2374/2374 2376/2376/2376 2375/2375/2375
f 2376/2376/2376 2377/2377/2377 2375/2375/2375
f 2374/2374/2374 2378/2378/2378 2376/2376/2376
f 2378/2378/2378 2374/2374/2374 2372/2372/2372
f 2378/2378/2378 2379/2379/2379 2376/2376/2376
f 2373/2373/2373 2380/2380/2380 2372/2372/2372
f 2380/2380/2380 2378/2378/2378 2372/2372/2372
f 2378/2378/2378 2381/2381/2381 2379/2379/2379
f 2381/2381/2381 2378/2378/2378 2380/2380/2380
f 2381/2381/2381 2382/2382/2382 2379/2379/2379
f 2383/2383/2383 2381/2381/2381 2380/2380/2380
f 2380/2380/2380 2373/2373/2373 2383/2383/2383
f 2373/2373/2373 2384/2384/2384 2383/2383/2383
f 2387/2387/2387 2386/2386/2386 2385/2385/2385
f 2388/2388/2388 2387/2387/2387 2385/2385/2385
f 2385/2385/2385 2389/2389/2389 2388/2388/2388
f 2388/2388/2388 2390/2390/2390 2387/2387/2387
f 2390/2390/2390 2391/2391/2391 2387/2387/2387
f 2389/2389/2389 2392/2392/2392 2388/2388/2388
f 2388/2388/2388 2392/2392/2392 2390/2390/2390
f 2390/2390/2390 2393/2393/2393 2391/2391/2391
f 2393/2393/2393 2394/2394/2394 2391/2391/2391
f 2390/2390/2390 2395/2395/2395 2393/2393/2393
f 2392/2392/2392 2395/2395/2395 2390/2390/2390
f 2395/2395/2395 2396/2396/2396 2393/2393/2393
f 2395/2395/2395 2397/2397/2397 2396/2396/2396
f 2397/2397/2397 2395/2395/2395 2392/2392/2392
f 2397/2397/2397 2398/2398/2398 2396/2396/2396
f 2399/2399/2399 2397/2397/2397 2392/2392/2392
f 2392/2392/2392 2389/2389/2389 2399/2399/2399
f 2389/2389/2389 2400/2400/2400 2399/2399/2399
f 2403/2403/2403 2402/2402/2402 2401/2401/2401
f 2404/2404/2404 2403/2403/2403 2401/2401/2401
f 2401/2401/2401 2405/2405/2405 2404/2404/2404
f 2404/2404/2404 2406/2406/2406 2403/2403/2403
f 2406/2406/2406 2407/2407/2407 2403/2403/2403
f 2405/2405/2405 2408/2408/2408 2404/2404/2404
f 2404/2404/2404 2408/2408/2408 2406/2406/2406
f 2406/2406/2406 2409/2409/2409 2407/2407/2407
f 2409/2409/2409 2410/2410/2410 2407/2407/2407
f 2406/2406/2406 2411/2411/2411 2409/2409/2409
f 2408/2408/2408 2411/2411/2411 2406/2406/2406
f 2411/2411/2411 2412/2412/2412 2409/2409/2409
f 2411/2411/2411 2413/2413/2413 2412/2412/2412
f 2411/2411/2411 2408/2408/2408 2413/2413/2413
f 2413/2413/2413 2414/2414/2414 2412/2412/2412
f 2408/2408/2408 2415/2415/2415 2413/2413/2413
f 2408/2408/2408 2405/2405/2405 2415/2415/2415
f 2405/2405/2405 2416/2416/2416 2415/2415/2415
f 2419/2419/2419 2418/2418/2418 2417/2417/2417
f 2420/2420/2420 2419/2419/2419 2417/2417/2417
f 2417/2417/2417 2421/2421/2421 2420/2420/2420
f 2420/2420/2420 2422/2422/2422 2419/2419/2419
f 2422/2422/2422 2423/2423/2423 2419/2419/2419
f 2422/2422/2422 2424/2424/2424 2423/2423/2423
f 2424/2424/2424 2425/2425/2425 2423/2423/2423
f 2422/2422/2422 2426/2426/2426 2424/2424/2424
f 2426/2426/2426 2422/2422/2422 2420/2420/2420
f 2426/2426/2426 2427/2427/2427 2424/2424/2424
f 2421/2421/2421 2428/2428/2428 2420/2420/2420
f 2428/2428/2428 2426/2426/2426 2420/2420/2420
f 2426/2426/2426 2429/2429/2429 2427/2427/2427
f 2429/2429/2429 2426/2426/2426 2428/2428/2428
f 2429/2429/2429 2430/2430/2430 2427/2427/2427
f 2431/2431/2431 2429/2429/2429 2428/2428/2428
f 2428/2428/2428 2421/2421/2421 2431/2431/2431
f 2421/2421/2421 2432/2432/2432 2431/2431/2431
f 2435/2435/2435 2434/2434/2434 2433/2433/2433
f 2436/2436/2436 2435/2435/2435 2433/2433/2433
f 2433/2433/2433 2437/2437/2437 2436/2436/2436
f 2436/2436/2436 2438/2438/2438 2435/2435/2435
f 2438/2438/2438 2439/2439/2439 2435/2435/2435
f 2437/2437/2437 2440/2440/2440 2436/2436/2436
f 2438/2438/2438 2436/2436/2436 2440/2440/2440
f 2438/2438/2438 2441/2441/2441 2439/2439/2439
f 2441/2441/2441 2442/2442/2442 2439/2439/2439
f 2441/2441/2441 2438/2438/2438 2443/2443/2443
f 2443/2443/2443 2438/2438/2438 2440/2440/2440
f 2444/2444/2444 2441/2441/2441 2443/2443/2443
f 2443/2443/2443 2445/2445/2445 2444/2444/2444
f 2445/2445/2445 2443/2443/2443 2440/2440/2440
f 2445/2445/2445 2446/2446/2446 2444/2444/2444
f 2447/2447/2447 2445/2445/2445 2440/2440/2440
f 2440/2440/2440 2437/2437/2437 2447/2447/2447
f 2437/2437/2437 2448/2448/2448 2447/2447/2447
f 2451/2451/2451 2450/2450/2450 2449/2449/2449
f 2452/2452/2452 2451/2451/2451 2449/2449/2449
f 2449/2449/2449 2453/2453/2453 2452/2452/2452
f 2452/2452/2452 2454/2454/2454 2451/2451/2451
f 2454/2454/2454 2455/2455/2455 2451/2451/2451
f 2454/2454/2454 2456/2456/2456 2455/2455/2455
f 2456/2456/2456 2457/2457/2457 2455/2455/2455
f 2454/2454/2454 2458/2458/2458 2456/2456/2456
f 2458/2458/2458 2454/2454/2454 2452/2452/2452
f 2458/2458/2458 2459/2459/2459 2456/2456/2456
f 2453/2453/2453 2460/2460/2460 2452/2452/2452
f 2460/2460/2460 2458/2458/2458 2452/2452/2452
f 2458/2458/2458 2461/2461/2461 2459/2459/2459
f 2461/2461/2461 2458/2458/2458 2460/2460/2460
f 2461/2461/2461 2462/2462/2462 2459/2459/2459
f 2463/2463/2463 2461/2461/2461 2460/2460/2460
f 2460/2460/2460 2453/2453/2453 2463/2463/2463
f 2453/2453/2453 2464/2464/2464 2463/2463/2463
f 2467/2467/2467 2466/2466/2466 2465/2465/2465
f 2468/2468/2468 2467/2467/2467 2465/2465/2465
f 2465/2465/2465 2469/2469/2469 2468/2468/2468
f 2468/2468/2468 2470/2470/2470 2467/2467/2467
f 2470/2470/2470 2471/2471/2471 2467/2467/2467
f 2470/2470/2470 2472/2472/2472 2471/2471/2471
f 2472/2472/2472 2473/2473/2473 2471/2471/2471
f 2472/2472/2472 2470/2470/2470 2474/2474/2474
f 2474/2474/2474 2470/2470/2470 2468/2468/2468
f 2475/2475/2475 2472/2472/2472 2474/2474/2474
f 2469/2469/2469 2476/2476/2476 2468/2468/2468
f 2476/2476/2476 2474/2474/2474 2468/2468/2468
f 2474/2474/2474 2477/2477/2477 2475/2475/2475
f 2477/2477/2477 2474/2474/2474 2476/2476/2476
f 2477/2477/2477 2478/2478/2478 2475/2475/2475
f 2479/2479/2479 2477/2477/2477 2476/2476/2476
f 2476/2476/2476 2469/2469/2469 2479/2479/2479
f 2469/2469/2469 2480/2480/2480 2479/2479/2479
f 2483/2483/2483 2482/2482/2482 2481/2481/2481
f 2484/2484/2484 2483/2483/2483 2481/2481/2481
f 2481/2481/2481 2485/2485/2485 2484/2484/2484
f 2484/2484/2484 2486/2486/2486 2483/2483/2483
f 2486/2486/2486 2487/2487/2487 2483/2483/2483
f 2486/2486/2486 2488/2488/2488 2487/2487/2487
f 2488/2488/2488 2489/2489/2489 2487/2487/2487
f 2486/2486/2486 2490/2490/2490 2488/2488/2488
f 2490/2490/2490 2486/2486/2486 2484/2484/2484
f 2490/2490/2490 2491/2491/2491 2488/2488/2488
f 2485/2485/2485 2492/2492/2492 2484/2484/2484
f 2492/2492/2492 2490/2490/2490 2484/2484/2484
f 2490/2490/2490 2493/2493/2493 2491/2491/2491
f 2493/2493/2493 2490/2490/2490 2492/2492/2492
f 2493/2493/2493 2494/2494/2494 2491/2491/2491
f 2495/2495/2495 2493/2493/2493 2492/2492/2492
f 2492/2492/2492 2485/2485/2485 2495/2495/2495
f 2485/2485/2485 2496/2496/2496 2495/2495/2495
f 2499/2499/2499 2498/2498/2498 2497/2497/2497
f 2500/2500/2500 2499/2499/2499 2497/2497/2497
f 2497/2497/2497 2501/2501/2501 2500/2500/2500
f 2500/2500/2500 2502/2502/2502 2499/2499/2499
f 2502/2502/2502 2503/2503/2503 2499/2499/2499
f 2502/2502/2502 2504/2504/2504 2503/2503/2503
f 2504/2504/2504 2505/2505/2505 2503/2503/2503
f 2504/2504/2504 2502/2502/2502 2506/2506/2506
f 2506/2506/2506 2502/2502/2502 2500/2500/2500
f 2507/2507/2507 2504/2504/2504 2506/2506/2506
f 2501/2501/2501 2508/2508/2508 2500/2500/2500
f 2508/2508/2508 2506/2506/2506 2500/2500/2500
f 2506/2506/2506 2509/2509/2509 2507/2507/2507
f 2506/2506/2506 2508/2508/2508 2509/2509/2509
f 2509/2509/2509 2510/2510/2510 2507/2507/2507
f 2508/2508/2508 2511/2511/2511 2509/2509/2509
f 2508/2508/2508 2501/2501/2501 2511/2511/2511
f 2501/2501/2501 2512/2512/2512 2511/2511/2511
f 2515/2515/2515 2514/2514/2514 2513/2513/2513
f 2516/2516/2516 2515/2515/2515 2513/2513/2513
f 2513/2513/2513 2517/2517/2517 2516/2516/2516
f 2516/2516/2516 2518/2518/2518 2515/2515/2515
f 2518/2518/2518 2519/2519/2519 2515/2515/2515
f 2518/2518/2518 2520/2520/2520 2519/2519/2519
f 2520/2520/2520 2521/2521/2521 2519/2519/2519
f 2520/2520/2520 2518/2518/2518 2522/2522/2522
f 2522/2522/2522 2518/2518/2518 2516/2516/2516
f 2523/2523/2523 2520/2520/2520 2522/2522/2522
f 2517/2517/2517 2524/2524/2524 2516/2516/2516
f 2524/2524/2524 2522/2522/2522 2516/2516/2516
f 2522/2522/2522 2525/2525/2525 2523/2523/2523
f 2525/2525/2525 2522/2522/2522 2524/2524/2524
f 2525/2525/2525 2526/2526/2526 2523/2523/2523
f 2527/2527/2527 2525/2525/2525 2524/2524/2524
f 2524/2524/2524 2517/2517/2517 2527/2527/2527
f 2517/2517/2517 2528/2528/2528 2527/2527/2527
f 2531/2531/2531 2530/2530/2530 2529/2529/2529
f 2532/2532/2532 2531/2531/2531 2529/2529/2529
f 2529/2529/2529 2533/2533/2533 2532/2532/2532
f 2532/2532/2532 2534/2534/2534 2531/2531/2531
f 2534/2534/2534 2535/2535/2535 2531/2531/2531
f 2534/2534/2534 2536/2536/2536 2535/2535/2535
f 2536/2536/2536 2537/2537/2537 2535/2535/2535
f 2534/2534/2534 2538/2538/2538 2536/2536/2536
f 2534/2534/2534 2532/2532/2532 2538/2538/2538
f 2538/2538/2538 2539/2539/2539 2536/2536/2536
f 2533/2533/2533 2540/2540/2540 2532/2532/2532
f 2532/2532/2532 2540/2540/2540 2538/2538/2538
f 2538/2538/2538 2541/2541/2541 2539/2539/2539
f 2541/2541/2541 2538/2538/2538 2540/2540/2540
f 2541/2541/2541 2542/2542/2542 2539/2539/2539
f 2543/2543/2543 2541/2541/2541 2540/2540/2540
f 2540/2540/2540 2533/2533/2533 2543/2543/2543
f 2533/2533/2533 2544/2544/2544 2543/2543/2543
f 2547/2547/2547 2546/2546/2546 2545/2545/2545
f 2548/2548/2548 2547/2547/2547 2545/2545/2545
f 2545/2545/2545 2549/2549/2549 2548/2548/2548
f 2548/2548/2548 2550/2550/2550 2547/2547/2547
f 2550/2550/2550 2551/2551/2551 2547/2547/2547
f 2549/2549/2549 2552/2552/2552 2548/2548/2548
f 2548/2548/2548 2552/2552/2552 2550/2550/2550
f 2550/2550/2550 2553/2553/2553 2551/2551/2551
f 2553/2553/2553 2554/2554/2554 2551/2551/2551
f 2550/2550/2550 2555/2555/2555 2553/2553/2553
f 2552/2552/2552 2555/2555/2555 2550/2550/2550
f 2555/2555/2555 2556/2556/2556 2553/2553/2553
f 2555/2555/2555 2557/2557/2557 2556/2556/2556
f 2555/2555/2555 2552/2552/2552 2557/2557/2557
f 2557/2557/2557 2558/2558/2558 2556/2556/2556
f 2552/2552/2552 2559/2559/2559 2557/2557/2557
f 2552/2552/2552 2549/2549/2549 2559/2559/2559
f 2549/2549/2549 2560/2560/2560 2559/2559/2559
f 2563/2563/2563 2562/2562/2562 2561/2561/2561
f 2564/2564/2564 2563/2563/2563 2561/2561/2561
f 2561/2561/2561 2565/2565/2565 2564/2564/2564
f 2564/2564/2564 2566/2566/2566 2563/2563/2563
f 2566/2566/2566 2567/2567/2567 2563/2563/2563
f 2566/2566/2566 2568/2568/2568 2567/2567/2567
f 2568/2568/2568 2569/2569/2569 2567/2567/2567
f 2568/2568/2568 2566/2566/2566 2570/2570/2570
f 2570/2570/2570 2566/2566/2566 2564/2564/2564
f 2571/2571/2571 2568/2568/2568 2570/2570/2570
f 2565/2565/2565 2572/2572/2572 2564/2564/2564
f 2572/2572/2572 2570/2570/2570 2564/2564/2564
f 2570/2570/2570 2573/2573/2573 2571/2571/2571
f 2573/2573/2573 2570/2570/2570 2572/2572/2572
f 2573/2573/2573 2574/2574/2574 2571/2571/2571
f 2575/2575/2575 2573/2573/2573 2572/2572/2572
f 2572/2572/2572 2565/2565/2565 2575/2575/2575
f 2565/2565/2565 2576/2576/2576 2575/2575/2575
f 2579/2579/2579 2578/2578/2578 2577/2577/2577
f 2580/2580/2580 2579/2579/2579 2577/2577/2577
f 2577/2577/2577 2581/2581/2581 2580/2580/2580
f 2580/2580/2580 2582/2582/2582 2579/2579/2579
f 2582/2582/2582 2583/2583/2583 2579/2579/2579
f 2582/2582/2582 2584/2584/2584 2583/2583/2583
f 2584/2584/2584 2585/2585/2585 2583/2583/2583
f 2582/2582/2582 2586/2586/2586 2584/2584/2584
f 2586/2586/2586 2582/2582/2582 2580/2580/2580
f 2586/2586/2586 2587/2587/2587 2584/2584/2584
f 2581/2581/2581 2588/2588/2588 2580/2580/2580
f 2588/2588/2588 2586/2586/2586 2580/2580/2580
f 2586/2586/2586 2589/2589/2589 2587/2587/2587
f 2589/2589/2589 2586/2586/2586 2588/2588/2588
f 2589/2589/2589 2590/2590/2590 2587/2587/2587
f 2591/2591/2591 2589/2589/2589 2588/2588/2588
f 2588/2588/2588 2581/2581/2581 2591/2591/2591
f 2581/2581/2581 2592/2592/2592 2591/2591/2591
f 2595/2595/2595 2594/2594/2594 2593/2593/2593
f 2596/2596/2596 2595/2595/2595 2593/2593/2593
f 2593/2593/2593 2597/2597/2597 2596/2596/2596
f 2596/2596/2596 2598/2598/2598 2595/2595/2595
f 2598/2598/2598 2599/2599/2599 2595/2595/2595
f 2598/2598/2598 2600/2600/2600 2599/2599/2599
f 2600/2600/2600 2601/2601/2601 2599/2599/2599
f 2600/2600/2600 2598/2598/2598 2602/2602/2602
f 2602/2602/2602 2598/2598/2598 2596/2596/2596
f 2603/2603/2603 2600/2600/2600 2602/2602/2602
f 2597/2597/2597 2604/2604/2604 2596/2596/2596
f 2604/2604/2604 2602/2602/2602 2596/2596/2596
f 2602/2602/2602 2605/2605/2605 2603/2603/2603
f 2602/2602/2602 2604/2604/2604 2605/2605/2605
f 2605/2605/2605 2606/2606/2606 2603/2603/2603
f 2604/2604/2604 2607/2607/2607 2605/2605/2605
f 2604/2604/2604 2597/2597/2597 2607/2607/2607
f 2597/2597/2597 2608/2608/2608 2607/2607/2607
f 2611/2611/2611 2610/2610/2610 2609/2609/2609
f 2612/2612/2612 2611/2611/2611 2609/2609/2609
f 2609/2609/2609 2613/2613/2613 2612/2612/2612
f 2612/2612/2612 2614/2614/2614 2611/2611/2611
f 2614/2614/2614 2615/2615/2615 2611/2611/2611
f 2614/2614/2614 2616/2616/2616 2615/2615/2615
f 2616/2616/2616 2617/2617/2617 2615/2615/2615
f 2614/2614/2614 2618/2618/2618 2616/2616/2616
f 2614/2614/2614 2612/2612/2612 2618/2618/2618
f 2618/2618/2618 2619/2619/2619 2616/2616/2616
f 2613/2613/2613 2620/2620/2620 2612/2612/2612
f 2612/2612/2612 2620/2620/2620 2618/2618/2618
f 2618/2618/2618 2621/2621/2621 2619/2619/2619
f 2621/2621/2621 2618/2618/2618 2620/2620/2620
f 2621/2621/2621 2622/2622/2622 2619/2619/2619
f 2623/2623/2623 2621/2621/2621 2620/2620/2620
f 2620/2620/2620 2613/2613/2613 2623/2623/2623
f 2613/2613/2613 2624/2624/2624 2623/2623/2623
f 2627/2627/2627 2626/2626/2626 2625/2625/2625
f 2628/2628/2628 2627/2627/2627 2625/2625/2625
f 2625/2625/2625 2629/2629/2629 2628/2628/2628
f 2628/2628/2628 2630/2630/2630 2627/2627/2627
f 2630/2630/2630 2631/2631/2631 2627/2627/2627
f 2630/2630/2630 2632/2632/2632 2631/2631/2631
f 2632/2632/2632 2633/2633/2633 2631/2631/2631
f 2632/2632/2632 2630/2630/2630 2634/2634/2634
f 2634/2634/2634 2630/2630/2630 2628/2628/2628
f 2635/2635/2635 2632/2632/2632 2634/2634/2634
f 2629/2629/2629 2636/2636/2636 2628/2628/2628
f 2636/2636/2636 2634/2634/2634 2628/2628/2628
f 2634/2634/2634 2637/2637/2637 2635/2635/2635
f 2637/2637/2637 2634/2634/2634 2636/2636/2636
f 2637/2637/2637 2638/2638/2638 2635/2635/2635
f 2639/2639/2639 2637/2637/2637 2636/2636/2636
f 2636/2636/2636 2629/2629/2629 2639/2639/2639
f 2629/2629/2629 2640/2640/2640 2639/2639/2639
f 2643/2643/2643 2642/2642/2642 2641/2641/2641
f 2644/2644/2644 2643/2643/2643 2641/2641/2641
f 2641/2641/2641 2645/2645/2645 2644/2644/2644
f 2644/2644/2644 2646/2646/2646 2643/2643/2643
f 2646/2646/2646 2647/2647/2647 2643/2643/2643
f 2646/2646/2646 2648/2648/2648 2647/2647/2647
f 2648/2648/2648 2649/2649/2649 2647/2647/2647
f 2646/2646/2646 2650/2650/2650 2648/2648/2648
f 2650/2650/2650 2646/2646/2646 2644/2644/2644
f 2650/2650/2650 2651/2651/2651 2648/2648/2648
f 2645/2645/2645 2652/2652/2652 2644/2644/2644
f 2652/2652/2652 2650/2650/2650 2644/2644/2644
f 2650/2650/2650 2653/2653/2653 2651/2651/2651
f 2653/2653/2653 2650/2650/2650 2652/2652/2652
f 2653/2653/2653 2654/2654/2654 2651/2651/2651
f 2655/2655/2655 2653/2653/2653 2652/2652/2652
f 2652/2652/2652 2645/2645/2645 2655/2655/2655
f 2645/2645/2645 2656/2656/2656 2655/2655/2655
f 2659/2659/2659 2658/2658/2658 2657/2657/2657
f 2660/2660/2660 2659/2659/2659 2657/2657/2657
f 2657/2657/2657 2661/2661/2661 2660/2660/2660
f 2660/2660/2660 2662/2662/2662 2659/2659/2659
f 2662/2662/2662 2663/2663/2663 2659/2659/2659
f 2662/2662/2662 2664/2664/2664 2663/2663/2663
f 2664/2664/2664 2665/2665/2665 2663/2663/2663
f 2662/2662/2662 2666/2666/2666 2664/2664/2664
f 2666/2666/2666 2662/2662/2662 2660/2660/2660
f 2666/2666/2666 2667/2667/2667 2664/2664/2664
f 2661/2661/2661 2668/2668/2668 2660/2660/2660
f 2668/2668/2668 2666/2666/2666 2660/2660/2660
f 2666/2666/2666 2669/2669/2669 2667/2667/2667
f 2669/2669/2669 2666/2666/2666 2668/2668/2668
f 2669/2669/2669 2670/2670/2670 2667/2667/2667
f 2671/2671/2671 2669/2669/2669 2668/2668/2668
f 2668/2668/2668 2661/2661/2661 2671/2671/2671
f 2661/2661/2661 2672/2672/2672 2671/2671/2671
f 2675/2675/2675 2674/2674/2674 2673/2673/2673
f 2676/2676/2676 2675/2675/2675 2673/2673/2673
f 2673/2673/2673 2677/2677/2677 2676/2676/2676
f 2676/2676/2676 2678/2678/2678 2675/2675/2675
f 2678/2678/2678 2679/2679/2679 2675/2675/2675
f 2678/2678/2678 2680/2680/2680 2679/2679/2679
f 2680/2680/2680 2681/2681/2681 2679/2679/2679
f 2680/2680/2680 2678/2678/2678 2682/2682/2682
f 2682/2682/2682 2678/2678/2678 2676/2676/2676
f 2683/2683/2683 2680/2680/2680 2682/2682/2682
f 2677/2677/2677 2684/2684/2684 2676/2676/2676
f 2684/2684/2684 2682/2682/2682 2676/2676/2676
f 2682/2682/2682 2685/2685/2685 2683/2683/2683
f 2682/2682/2682 2684/2684/2684 2685/2685/2685
f 2685/2685/2685 2686/2686/2686 2683/2683/2683
f 2684/2684/2684 2687/2687/2687 2685/2685/2685
f 2684/2684/2684 2677/2677/2677 2687/2687/2687
f 2677/2677/2677 2688/2688/2688 2687/2687/2687
f 2691/2691/2691 2690/2690/2690 2689/2689/2689
f 2692/2692/2692 2691/2691/2691 2689/2689/2689
f 2689/2689/2689 2693/2693/2693 2692/2692/2692
f 2692/2692/2692 2694/2694/2694 2691/2691/2691
f 2694/2694/2694 2695/2695/2695 2691/2691/2691
f 2694/2694/2694 2696/2696/2696 2695/2695/2695
f 2696/2696/2696 2697/2697/2697 2695/2695/2695
f 2696/2696/2696 2694/2694/2694 2698/2698/2698
f 2698/2698/2698 2694/2694/2694 2692/2692/2692
f 2699/2699/2699 2696/2696/2696 2698/2698/2698
f 2693/2693/2693 2700/2700/2700 2692/2692/2692
f 2700/2700/2700 2698/2698/2698 2692/2692/2692
f 2698/2698/2698 2701/2701/2701 2699/2699/2699
f 2701/2701/2701 2698/2698/2698 2700/2700/2700
f 2701/2701/2701 2702/2702/2702 2699/2699/2699
f 2703/2703/2703 2701/2701/2701 2700/2700/2700
f 2700/2700/2700 2693/2693/2693 2703/2703/2703
f 2693/2693/2693 2704/2704/2704 2703/2703/2703
f 2707/2707/2707 2706/2706/2706 2705/2705/2705
f 2708/2708/2708 2707/2707/2707 2705/2705/2705
f 2705/2705/2705 2709/2709/2709 2708/2708/2708
f 2708/2708/2708 2710/2710/2710 2707/2707/2707
f 2710/2710/2710 2711/2711/2711 2707/2707/2707
f 2710/2710/2710 2712/2712/2712 2711/2711/2711
f 2712/2712/2712 2713/2713/2713 2711/2711/2711
f 2710/2710/2710 2714/2714/2714 2712/2712/2712
f 2710/2710/2710 2708/2708/2708 2714/2714/2714
f 2714/2714/2714 2715/2715/2715 2712/2712/2712
f 2709/2709/2709 2716/2716/2716 2708/2708/2708
f 2708/2708/2708 2716/2716/2716 2714/2714/2714
f 2714/2714/2714 2717/2717/2717 2715/2715/2715
f 2717/2717/2717 2714/2714/2714 2716/2716/2716
f 2717/2717/2717 2718/2718/2718 2715/2715/2715
f 2719/2719/2719 2717/2717/2717 2716/2716/2716
f 2716/2716/2716 2709/2709/2709 2719/2719/2719
f 2709/2709/2709 2720/2720/2720 2719/2719/2719
f 2723/2723/2723 2722/2722/2722 2721/2721/2721
f 2724/2724/2724 2723/2723/2723 2721/2721/2721
f 2721/2721/2721 2725/2725/2725 2724/2724/2724
f 2724/2724/2724 2726/2726/2726 2723/2723/2723
f 2726/2726/2726 2727/2727/2727 2723/2723/2723
f 2725/2725/2725 2728/2728/2728 2724/2724/2724
f 2724/2724/2724 2728/2728/2728 2726/2726/2726
f 2726/2726/2726 2729/2729/2729 2727/2727/2727
f 2729/2729/2729 2730/2730/2730 2727/2727/2727
f 2726/2726/2726 2731/2731/2731 2729/2729/2729
f 2728/2728/2728 2731/2731/2731 2726/2726/2726
f 2731/2731/2731 2732/2732/2732 2729/2729/2729
f 2731/2731/2731 2733/2733/2733 2732/2732/2732
f 2733/2733/2733 2731/2731/2731 2728/2728/2728
f 2733/2733/2733 2734/2734/2734 2732/2732/2732
f 2735/2735/2735 2733/2733/2733 2728/2728/2728
f 2728/2728/2728 2725/2725/2725 2735/2735/2735
f 2725/2725/2725 2736/2736/2736 2735/2735/2735
f 2739/2739/2739 2738/2738/2738 2737/2737/2737
f 2740/2740/2740 2739/2739/2739 2737/2737/2737
f 2737/2737/2737 2741/2741/2741 2740/2740/2740
f 2740/2740/2740 2742/2742/2742 2739/2739/2739
f 2742/2742/2742 2743/2743/2743 2739/2739/2739
f 2742/2742/2742 2744/2744/2744 2743/2743/2743
f 2744/2744/2744 2745/2745/2745 2743/2743/2743
f 2744/2744/2744 2742/2742/2742 2746/2746/2746
f 2746/2746/2746 2742/2742/2742 2740/2740/2740
f 2747/2747/2747 2744/2744/2744 2746/2746/2746
f 2741/2741/2741 2748/2748/2748 2740/2740/2740
f 2748/2748/2748 2746/2746/2746 2740/2740/2740
f 2746/2746/2746 2749/2749/2749 2747/2747/2747
f 2749/2749/2749 2746/2746/2746 2748/2748/2748
f 2749/2749/2749 2750/2750/2750 2747/2747/2747
f 2751/2751/2751 2749/2749/2749 2748/2748/2748
f 2748/2748/2748 2741/2741/2741 2751/2751/2751
f 2741/2741/2741 2752/2752/2752 2751/2751/2751
f 2755/2755/2755 2754/2754/2754 2753/2753/2753
f 2756/2756/2756 2755/2755/2755 2753/2753/2753
f 2753/2753/2753 2757/2757/2757 2756/2756/2756
f 2756/2756/2756 2758/2758/2758 2755/2755/2755
f 2758/2758/2758 2759/2759/2759 2755/2755/2755
f 2758/2758/2758 2760/2760/2760 2759/2759/2759
f 2760/2760/2760 2761/2761/2761 2759/2759/2759
f 2758/2758/2758 2762/2762/2762 2760/2760/2760
f 2762/2762/2762 2758/2758/2758 2756/2756/2756
f 2762/2762/2762 2763/2763/2763 2760/2760/2760
f 2757/2757/2757 2764/2764/2764 2756/2756/2756
f 2764/2764/2764 2762/2762/2762 2756/2756/2756
f 2762/2762/2762 2765/2765/2765 2763/2763/2763
f 2765/2765/2765 2762/2762/2762 2764/2764/2764
f 2765/2765/2765 2766/2766/2766 2763/2763/2763
f 2767/2767/2767 2765/2765/2765 2764/2764/2764
f 2764/2764/2764 2757/2757/2757 2767/2767/2767
f 2757/2757/2757 2768/2768/2768 2767/2767/2767
f 2771/2771/2771 2770/2770/2770 2769/2769/2769
f 2772/2772/2772 2771/2771/2771 2769/2769/2769
f 2769/2769/2769 2773/2773/2773 2772/2772/2772
f 2772/2772/2772 2774/2774/2774 2771/2771/2771
f 2774/2774/2774 2775/2775/2775 2771/2771/2771
f 2774/2774/2774 2776/2776/2776 2775/2775/2775
f 2776/2776/2776 2777/2777/2777 2775/2775/2775
f 2776/2776/2776 2774/2774/2774 2778/2778/2778
f 2778/2778/2778 2774/2774/2774 2772/2772/2772
f 2779/2779/2779 2776/2776/2776 2778/2778/2778
f 2773/2773/2773 2780/2780/2780 2772/2772/2772
f 2780/2780/2780 2778/2778/2778 2772/2772/2772
f 2778/2778/2778 2781/2781/2781 2779/2779/2779
f 2778/2778/2778 2780/2780/2780 2781/2781/2781
f 2781/2781/2781 2782/2782/2782 2779/2779/2779
f 2780/2780/2780 2783/2783/2783 2781/2781/2781
f 2780/2780/2780 2773/2773/2773 2783/2783/2783
f 2773/2773/2773 2784/2784/2784 2783/2783/2783
f 2787/2787/2787 2786/2786/2786 2785/2785/2785
f 2788/2788/2788 2787/2787/2787 2785/2785/2785
f 2785/2785/2785 2789/2789/2789 2788/2788/2788
f 2788/2788/2788 2790/2790/2790 2787/2787/2787
f 2790/2790/2790 2791/2791/2791 2787/2787/2787
f 2789/2789/2789 2792/2792/2792 2788/2788/2788
f 2788/2788/2788 2792/2792/2792 2790/2790/2790
f 2790/2790/2790 2793/2793/2793 2791/2791/2791
f 2793/2793/2793 2794/2794/2794 2791/2791/2791
f 2790/2790/2790 2795/2795/2795 2793/2793/2793
f 2792/2792/2792 2795/2795/2795 2790/2790/2790
f 2795/2795/2795 2796/2796/2796 2793/2793/2793
f 2795/2795/2795 2797/2797/2797 2796/2796/2796
f 2797/2797/2797 2795/2795/2795 2792/2792/2792
f 2797/2797/2797 2798/2798/2798 2796/2796/2796
f 2799/2799/2799 2797/2797/2797 2792/2792/2792
f 2792/2792/2792 2789/2789/2789 2799/2799/2799
f 2789/2789/2789 2800/2800/2800 2799/2799/2799
f 2803/2803/2803 2802/2802/2802 2801/2801/2801
f 2804/2804/2804 2803/2803/2803 2801/2801/2801
f 2801/2801/2801 2805/2805/2805 2804/2804/2804
f 2804/2804/2804 2806/2806/2806 2803/2803/2803
f 2806/2806/2806 2807/2807/2807 2803/2803/2803
f 2806/2806/2806 2808/2808/2808 2807/2807/2807
f 2808/2808/2808 2809/2809/2809 2807/2807/2807
f 2806/2806/2806 2810/2810/2810 2808/2808/2808
f 2810/2810/2810 2806/2806/2806 2804/2804/2804
f 2810/2810/2810 2811/2811/2811 2808/2808/2808
f 2805/2805/2805 2812/2812/2812 2804/2804/2804
f 2812/2812/2812 2810/2810/2810 2804/2804/2804
f 2810/2810/2810 2813/2813/2813 2811/2811/2811
f 2813/2813/2813 2810/2810/2810 2812/2812/2812
f 2813/2813/2813 2814/2814/2814 2811/2811/2811
f 2815/2815/2815 2813/2813/2813 2812/2812/2812
f 2812/2812/2812 2805/2805/2805 2815/2815/2815
f 2805/2805/2805 2816/2816/2816 2815/2815/2815
f 2819/2819/2819 2818/2818/2818 2817/2817/2817
f 2820/2820/2820 2819/2819/2819 2817/2817/2817
f 2817/2817/2817 2821/2821/2821 2820/2820/2820
f 2820/2820/2820 2822/2822/2822 2819/2819/2819
f 2822/2822/2822 2823/2823/2823 2819/2819/2819
f 2821/2821/2821 2824/2824/2824 2820/2820/2820
f 2822/2822/2822 2820/2820/2820 2824/2824/2824
f 2822/2822/2822 2825/2825/2825 2823/2823/2823
f 2825/2825/2825 2826/2826/2826 2823/2823/2823
f 2822/2822/2822 2827/2827/2827 2825/2825/2825
f 2827/2827/2827 2822/2822/2822 2824/2824/2824
f 2827/2827/2827 2828/2828/2828 2825/2825/2825
f 2827/2827/2827 2829/2829/2829 2828/2828/2828
f 2829/2829/2829 2827/2827/2827 2824/2824/2824
f 2829/2829/2829 2830/2830/2830 2828/2828/2828
f 2831/2831/2831 2829/2829/2829 2824/2824/2824
f 2824/2824/2824 2821/2821/2821 2831/2831/2831
f 2821/2821/2821 2832/2832/2832 2831/2831/2831
f 2835/2835/2835 2834/2834/2834 2833/2833/2833
f 2836/2836/2836 2835/2835/2835 2833/2833/2833
f 2833/2833/2833 2837/2837/2837 2836/2836/2836
f 2836/2836/2836 2838/2838/2838 2835/2835/2835
f 2838/2838/2838 2839/2839/2839 2835/2835/2835
f 2837/2837/2837 2840/2840/2840 2836/2836/2836
f 2836/2836/2836 2840/2840/2840 2838/2838/2838
f 2838/2838/2838 2841/2841/2841 2839/2839/2839
f 2841/2841/2841 2842/2842/2842 2839/2839/2839
f 2838/2838/2838 2843/2843/2843 2841/2841/2841
f 2840/2840/2840 2843/2843/2843 2838/2838/2838
f 2843/2843/2843 2844/2844/2844 2841/2841/2841
f 2843/2843/2843 2845/2845/2845 2844/2844/2844
f 2843/2843/2843 2840/2840/2840 2845/2845/2845
f 2845/2845/2845 2846/2846/2846 2844/2844/2844
f 2840/2840/2840 2847/2847/2847 2845/2845/2845
f 2840/2840/2840 2837/2837/2837 2847/2847/2847
f 2837/2837/2837 2848/2848/2848 2847/2847/2847
f 2851/2851/2851 2850/2850/2850 2849/2849/2849
f 2852/2852/2852 2851/2851/2851 2849/2849/2849
f 2849/2849/2849 2853/2853/2853 2852/2852/2852
f 2852/2852/2852 2854/2854/2854 2851/2851/2851
f 2854/2854/2854 2855/2855/2855 2851/2851/2851
f 2854/2854/2854 2856/2856/2856 2855/2855/2855
f 2856/2856/2856 2857/2857/2857 2855/2855/2855
f 2856/2856/2856 2854/2854/2854 2858/2858/2858
f 2858/2858/2858 2854/2854/2854 2852/2852/2852
f 2859/2859/2859 2856/2856/2856 2858/2858/2858
f 2853/2853/2853 2860/2860/2860 2852/2852/2852
f 2860/2860/2860 2858/2858/2858 2852/2852/2852
f 2858/2858/2858 2861/2861/2861 2859/2859/2859
f 2861/2861/2861 2858/2858/2858 2860/2860/2860
f 2861/2861/2861 2862/2862/2862 2859/2859/2859
f 2863/2863/2863 2861/2861/2861 2860/2860/2860
f 2860/2860/2860 2853/2853/2853 2863/2863/2863
f 2853/2853/2853 2864/2864/2864 2863/2863/2863
f 2867/2867/2867 2866/2866/2866 2865/2865/2865
f 2868/2868/2868 2867/2867/2867 2865/2865/2865
f 2865/2865/2865 2869/2869/2869 2868/2868/2868
f 2868/2868/2868 2870/2870/2870 2867/2867/2867
f 2870/2870/2870 2871/2871/2871 2867/2867/2867
f 2870/2870/2870 2872/2872/2872 2871/2871/2871
f 2872/2872/2872 2873/2873/2873 2871/2871/2871
f 2872/2872/2872 2870/2870/2870 2874/2874/2874
f 2874/2874/2874 2870/2870/2870 2868/2868/2868
f 2875/2875/2875 2872/2872/2872 2874/2874/2874
f 2869/2869/2869 2876/2876/2876 2868/2868/2868
f 2876/2876/2876 2874/2874/2874 2868/2868/2868
f 2874/2874/2874 2877/2877/2877 2875/2875/2875
f 2877/2877/2877 2874/2874/2874 2876/2876/2876
f 2877/2877/2877 2878/2878/2878 2875/2875/2875
f 2879/2879/2879 2877/2877/2877 2876/2876/2876
f 2876/2876/2876 2869/2869/2869 2879/2879/2879
f 2869/2869/2869 2880/2880/2880 2879/2879/2879
f 2883/2883/2883 2882/2882/2882 2881/2881/2881
f 2884/2884/2884 2883/2883/2883 2881/2881/2881
f 2881/2881/2881 2885/2885/2885 2884/2884/2884
f 2884/2884/2884 2886/2886/2886 2883/2883/2883
f 2886/2886/2886 2887/2887/2887 2883/2883/2883
f 2886/2886/2886 2888/2888/2888 2887/2887/2887
f 2888/2888/2888 2889/2889/2889 2887/2887/2887
f 2888/2888/2888 2886/2886/2886 2890/2890/2890
f 2890/2890/2890 2886/2886/2886 2884/2884/2884
f 2891/2891/2891 2888/2888/2888 2890/2890/2890
f 2885/2885/2885 2892/2892/2892 2884/2884/2884
f 2892/2892/2892 2890/2890/2890 2884/2884/2884
f 2890/2890/2890 2893/2893/2893 2891/2891/2891
f 2893/2893/2893 2890/2890/2890 2892/2892/2892
f 2893/2893/2893 2894/2894/2894 2891/2891/2891
f 2895/2895/2895 2893/2893/2893 2892/2892/2892
f 2892/2892/2892 2885/2885/2885 2895/2895/2895
f 2885/2885/2885 2896/2896/2896 2895/2895/2895
f 2899/2899/2899 2898/2898/2898 2897/2897/2897
f 2900/2900/2900 2899/2899/2899 2897/2897/2897
f 2897/2897/2897 2901/2901/2901 2900/2900/2900
f 2900/2900/2900 2902/2902/2902 2899/2899/2899
f 2902/2902/2902 2903/2903/2903 2899/2899/2899
f 2902/2902/2902 2904/2904/2904 2903/2903/2903
f 2904/2904/2904 2905/2905/2905 2903/2903/2903
f 2904/2904/2904 2902/2902/2902 2906/2906/2906
f 2906/2906/2906 2902/2902/2902 2900/2900/2900
f 2907/2907/2907 2904/2904/2904 2906/2906/2906
f 2901/2901/2901 2908/2908/2908 2900/2900/2900
f 2908/2908/2908 2906/2906/2906 2900/2900/2900
f 2906/2906/2906 2909/2909/2909 2907/2907/2907
f 2909/2909/2909 2906/2906/2906 2908/2908/2908
f 2909/2909/2909 2910/2910/2910 2907/2907/2907
f 2911/2911/2911 2909/2909/2909 2908/2908/2908
f 2908/2908/2908 2901/2901/2901 2911/2911/2911
f 2901/2901/2901 2912/2912/2912 2911/2911/2911
f 2915/2915/2915 2914/2914/2914 2913/2913/2913
f 2916/2916/2916 2915/2915/2915 2913/2913/2913
f 2913/2913/2913 2917/2917/2917 2916/2916/2916
f 2916/2916/2916 2918/2918/2918 2915/2915/2915
f 2918/2918/2918 2919/2919/2919 2915/2915/2915
f 2917/2917/2917 2920/2920/2920 2916/2916/2916
f 2916/2916/2916 2920/2920/2920 2918/2918/2918
f 2918/2918/2918 2921/2921/2921 2919/2919/2919
f 2921/2921/2921 2922/2922/2922 2919/2919/2919
f 2918/2918/2918 2923/2923/2923 2921/2921/2921
f 2920/2920/2920 2923/2923/2923 2918/2918/2918
f 2923/2923/2923 2924/2924/2924 2921/2921/2921
f 2923/2923/2923 2925/2925/2925 2924/2924/2924
f 2925/2925/2925 2923/2923/2923 2920/2920/2920
f 2925/2925/2925 2926/2926/2926 2924/2924/2924
f 2927/2927/2927 2925/2925/2925 2920/2920/2920
f 2920/2920/2920 2917/2917/2917 2927/2927/2927
f 2917/2917/2917 2928/2928/2928 2927/2927/2927
f 2931/2931/2931 2930/2930/2930 2929/2929/2929
f 2932/2932/2932 2931/2931/2931 2929/2929/2929
f 2929/2929/2929 2933/2933/2933 2932/2932/2932
f 2932/2932/2932 2934/2934/2934 2931/2931/2931
f 2934/2934/2934 2935/2935/2935 2931/2931/2931
f 2933/2933/2933 2936/2936/2936 2932/2932/2932
f 2932/2932/2932 2936/2936/2936 2934/2934/2934
f 2934/2934/2934 2937/2937/2937 2935/2935/2935
f 2937/2937/2937 2938/2938/2938 2935/2935/2935
f 2934/2934/2934 2939/2939/2939 2937/2937/2937
f 2936/2936/2936 2939/2939/2939 2934/2934/2934
f 2939/2939/2939 2940/2940/2940 2937/2937/2937
f 2939/2939/2939 2941/2941/2941 2940/2940/2940
f 2941/2941/2941 2939/2939/2939 2936/2936/2936
f 2941/2941/2941 2942/2942/2942 2940/2940/2940
f 2943/2943/2943 2941/2941/2941 2936/2936/2936
f 2936/2936/2936 2933/2933/2933 2943/2943/2943
f 2933/2933/2933 2944/2944/2944 2943/2943/2943
f 2947/2947/2947 2946/2946/2946 2945/2945/2945
f 2948/2948/2948 2947/2947/2947 2945/2945/2945
f 2945/2945/2945 2949/2949/2949 2948/2948/2948
f 2948/2948/2948 2950/2950/2950 2947/2947/2947
f 2950/2950/2950 2951/2951/2951 2947/2947/2947
f 2949/2949/2949 2952/2952/2952 2948/2948/2948
f 2948/2948/2948 2952/2952/2952 2950/2950/2950
f 2950/2950/2950 2953/2953/2953 2951/2951/2951
f 2953/2953/2953 2954/2954/2954 2951/2951/2951
f 2950/2950/2950 2955/2955/2955 2953/2953/2953
f 2952/2952/2952 2955/2955/2955 2950/2950/2950
f 2955/2955/2955 2956/2956/2956 2953/2953/2953
f 2955/2955/2955 2957/2957/2957 2956/2956/2956
f 2957/2957/2957 2955/2955/2955 2952/2952/2952
f 2957/2957/2957 2958/2958/2958 2956/2956/2956
f 2959/2959/2959 2957/2957/2957 2952/2952/2952
f 2952/2952/2952 2949/2949/2949 2959/2959/2959
f 2949/2949/2949 2960/2960/2960 2959/2959/2959
f 2963/2963/2963 2962/2962/2962 2961/2961/2961
f 2964/2964/2964 2963/2963/2963 2961/2961/2961
f 2961/2961/2961 2965/2965/2965 2964/2964/2964
f 2964/2964/2964 2966/2966/2966 2963/2963/2963
f 2966/2966/2966 2967/2967/2967 2963/2963/2963
f 2966/2966/2966 2968/2968/2968 2967/2967/2967
f 2968/2968/2968 2969/2969/2969 2967/2967/2967
f 2968/2968/2968 2966/2966/2966 2970/2970/2970
f 2970/2970/2970 2966/2966/2966 2964/2964/2964
f 2971/2971/2971 2968/2968/2968 2970/2970/2970
f 2965/2965/2965 2972/2972/2972 2964/2964/2964
f 2972/2972/2972 2970/2970/2970 2964/2964/2964
f 2970/2970/2970 2973/2973/2973 2971/2971/2971
f 2973/2973/2973 2970/2970/2970 2972/2972/2972
f 2973/2973/2973 2974/2974/2974 2971/2971/2971
f 2975/2975/2975 2973/2973/2973 2972/2972/2972
f 2972/2972/2972 2965/2965/2965 2975/2975/2975
f 2965/2965/2965 2976/2976/2976 2975/2975/2975
f 2979/2979/2979 2978/2978/2978 2977/2977/2977
f 2980/2980/2980 2979/2979/2979 2977/2977/2977
f 2983/2983/2983 2982/2982/2982 2981/2981/2981
f 2984/2984/2984 2983/2983/2983 2981/2981/2981
f 2987/2987/2987 2986/2986/2986 2985/2985/2985
f 2988/2988/2988 2987/2987/2987 2985/2985/2985
f 2991/2991/2991 2990/2990/2990 2989/2989/2989
f 2992/2992/2992 2991/2991/2991 2989/2989/2989
f 2995/2995/2995 2994/2994/2994 2993/2993/2993
f 2996/2996/2996 2995/2995/2995 2993/2993/2993
f 2999/2999/2999 2998/2998/2998 2997/2997/2997
f 3000/3000/3000 2999/2999/2999 2997/2997/2997
f 3003/3003/3003 3002/3002/3002 3001/3001/3001
f 3004/3004/3004 3003/3003/3003 3001/3001/3001
f 3007/3007/3007 3006/3006/3006 3005/3005/3005
f 3008/3008/3008 3007/3007/3007 3005/3005/3005
f 3011/3011/3011 3010/3010/3010 3009/3009/3009
f 3010/3010/3010 3012/3012/3012 3009/3009/3009
f 3012/3012/3012 3013/3013/3013 3009/3009/3009
f 3013/3013/3013 3014/3014/3014 3009/3009/3009
f 3014/3014/3014 3013/3013/3013 3015/3015/3015
f 3013/3013/3013 3016/3016/3016 3015/3015/3015
f 3019/3019/3019 3018/3018/3018 3017/3017/3017
f 3018/3018/3018 3020/3020/3020 3017/3017/3017
f 3020/3020/3020 3021/3021/3021 3017/3017/3017
f 3021/3021/3021 3022/3022/3022 3017/3017/3017
f 3022/3022/3022 3021/3021/3021 3023/3023/3023
f 3021/3021/3021 3024/3024/3024 3023/3023/3023
f 3027/3027/3027 3026/3026/3026 3025/3025/3025
f 3026/3026/3026 3028/3028/3028 3025/3025/3025
f 3028/3028/3028 3029/3029/3029 3025/3025/3025
f 3029/3029/3029 3030/3030/3030 3025/3025/3025
f 3030/3030/3030 3029/3029/3029 3031/3031/3031
f 3029/3029/3029 3032/3032/3032 3031/3031/3031
f 3035/3035/3035 3034/3034/3034 3033/3033/3033
f 3034/3034/3034 3036/3036/3036 3033/3033/3033
f 3036/3036/3036 3037/3037/3037 3033/3033/3033
f 3037/3037/3037 3038/3038/3038 3033/3033/3033
f 3038/3038/3038 3037/3037/3037 3039/3039/3039
f 3037/3037/3037 3040/3040/3040 3039/3039/3039
f 3043/3043/3043 3042/3042/3042 3041/3041/3041
f 3042/3042/3042 3044/3044/3044 3041/3041/3041
f 3044/3044/3044 3045/3045/3045 3041/3041/3041
f 3045/3045/3045 3046/3046/3046 3041/3041/3041
f 3046/3046/3046 3045/3045/3045 3047/3047/3047
f 3045/3045/3045 3048/3048/3048 3047/3047/3047
f 3051/3051/3051 3050/3050/3050 3049/3049/3049
f 3050/3050/3050 3052/3052/3052 3049/3049/3049
f 3052/3052/3052 3053/3053/3053 3049/3049/3049
f 3053/3053/3053 3054/3054/3054 3049/3049/3049
f 3054/3054/3054 3053/3053/3053 3055/3055/3055
f 3053/3053/3053 3056/3056/3056 3055/3055/3055
f 3059/3059/3059 3058/3058/3058 3057/3057/3057
f 3058/3058/3058 3060/3060/3060 3057/3057/3057
f 3060/3060/3060 3061/3061/3061 3057/3057/3057
f 3061/3061/3061 3062/3062/3062 3057/3057/3057
f 3062/3062/3062 3061/3061/3061 3063/3063/3063
f 3061/3061/3061 3064/3064/3064 3063/3063/3063
f 3067/3067/3067 3066/3066/3066 3065/3065/3065
f 3066/3066/3066 3068/3068/3068 3065/3065/3065
f 3068/3068/3068 3069/3069/3069 3065/3065/3065
f 3069/3069/3069 3070/3070/3070 3065/3065/3065
f 3070/3070/3070 3069/3069/3069 3071/3071/3071
f 3069/3069/3069 3072/3072/3072 3071/3071/3071
f 3075/3075/3075 3074/3074/3074 3073/3073/3073
f 3076/3076/3076 3075/3075/3075 3073/3073/3073
f 3073/3073/3073 3077/3077/3077 3076/3076/3076
f 3076/3076/3076 3078/3078/3078 3075/3075/3075
f 3078/3078/3078 3079/3079/3079 3075/3075/3075
f 3077/3077/3077 3080/3080/3080 3076/3076/3076
f 3078/3078/3078 3076/3076/3076 3080/3080/3080
f 3078/3078/3078 3081/3081/3081 3079/3079/3079
f 3081/3081/3081 3082/3082/3082 3079/3079/3079
f 3081/3081/3081 3078/3078/3078 3083/3083/3083
f 3083/3083/3083 3078/3078/3078 3080/3080/3080
f 3084/3084/3084 3081/3081/3081 3083/3083/3083
f 3083/3083/3083 3085/3085/3085 3084/3084/3084
f 3085/3085/3085 3083/3083/3083 3080/3080/3080
f 3085/3085/3085 3086/3086/3086 3084/3084/3084
f 3087/3087/3087 3085/3085/3085 3080/3080/3080
f 3080/3080/3080 3077/3077/3077 3087/3087/3087
f 3077/3077/3077 3088/3088/3088 3087/3087/3087
f 3091/3091/3091 3090/3090/3090 3089/3089/3089
f 3092/3092/3092 3091/3091/3091 3089/3089/3089
f 3089/3089/3089 3093/3093/3093 3092/3092/3092
f 3092/3092/3092 3094/3094/3094 3091/3091/3091
f 3094/3094/3094 3095/3095/3095 3091/3091/3091
f 3093/3093/3093 3096/3096/3096 3092/3092/3092
f 3094/3094/3094 3092/3092/3092 3096/3096/3096
f 3094/3094/3094 3097/3097/3097 3095/3095/3095
f 3097/3097/3097 3098/3098/3098 3095/3095/3095
f 3094/3094/3094 3099/3099/3099 3097/3097/3097
f 3099/3099/3099 3094/3094/3094 3096/3096/3096
f 3099/3099/3099 3100/3100/3100 3097/3097/3097
f 3099/3099/3099 3101/3101/3101 3100/3100/3100
f 3099/3099/3099 3096/3096/3096 3101/3101/3101
f 3101/3101/3101 3102/3102/3102 3100/3100/3100
f 3096/3096/3096 3103/3103/3103 3101/3101/3101
f 3096/3096/3096 3093/3093/3093 3103/3103/3103
f 3093/3093/3093 3104/3104/3104 3103/3103/3103
f 3107/3107/3107 3106/3106/3106 3105/3105/3105
f 3108/3108/3108 3107/3107/3107 3105/3105/3105
f 3105/3105/3105 3109/3109/3109 3108/3108/3108
f 3108/3108/3108 3110/3110/3110 3107/3107/3107
f 3110/3110/3110 3111/3111/3111 3107/3107/3107
f 3110/3110/3110 3112/3112/3112 3111/3111/3111
f 3112/3112/3112 3113/3113/3113 3111/3111/3111
f 3112/3112/3112 3110/3110/3110 3114/3114/3114
f 3114/3114/3114 3110/3110/3110 3108/3108/3108
f 3115/3115/3115 3112/3112/3112 3114/3114/3114
f 3109/3109/3109 3116/3116/3116 3108/3108/3108
f 3116/3116/3116 3114/3114/3114 3108/3108/3108
f 3114/3114/3114 3117/3117/3117 3115/3115/3115
f 3117/3117/3117 3114/3114/3114 3116/3116/3116
f 3117/3117/3117 3118/3118/3118 3115/3115/3115
f 3119/3119/3119 3117/3117/3117 3116/3116/3116
f 3116/3116/3116 3109/3109/3109 3119/3119/3119
f 3109/3109/3109 3120/3120/3120 3119/3119/3119
f 3123/3123/3123 3122/3122/3122 3121/3121/3121
f 3124/3124/3124 3123/3123/3123 3121/3121/3121
f 3121/3121/3121 3125/3125/3125 3124/3124/3124
f 3124/3124/3124 3126/3126/3126 3123/3123/3123
f 3126/3126/3126 3127/3127/3127 3123/3123/3123
f 3126/3126/3126 3128/3128/3128 3127/3127/3127
f 3128/3128/3128 3129/3129/3129 3127/3127/3127
f 3126/3126/3126 3130/3130/3130 3128/3128/3128
f 3126/3126/3126 3124/3124/3124 3130/3130/3130
f 3130/3130/3130 3131/3131/3131 3128/3128/3128
f 3125/3125/3125 3132/3132/3132 3124/3124/3124
f 3124/3124/3124 3132/3132/3132 3130/3130/3130
f 3130/3130/3130 3133/3133/3133 3131/3131/3131
f 3130/3130/3130 3132/3132/3132 3133/3133/3133
f 3133/3133/3133 3134/3134/3134 3131/3131/3131
f 3132/3132/3132 3135/3135/3135 3133/3133/3133
f 3132/3132/3132 3125/3125/3125 3135/3135/3135
f 3125/3125/3125 3136/3136/3136 3135/3135/3135
f 3139/3139/3139 3138/3138/3138 3137/3137/3137
f 3140/3140/3140 3139/3139/3139 3137/3137/3137
f 3137/3137/3137 3141/3141/3141 3140/3140/3140
f 3140/3140/3140 3142/3142/3142 3139/3139/3139
f 3142/3142/3142 3143/3143/3143 3139/3139/3139
f 3141/3141/3141 3144/3144/3144 3140/3140/3140
f 3140/3140/3140 3144/3144/3144 3142/3142/3142
f 3142/3142/3142 3145/3145/3145 3143/3143/3143
f 3145/3145/3145 3146/3146/3146 3143/3143/3143
f 3142/3142/3142 3147/3147/3147 3145/3145/3145
f 3144/3144/3144 3147/3147/3147 3142/3142/3142
f 3147/3147/3147 3148/3148/3148 3145/3145/3145
f 3147/3147/3147 3149/3149/3149 3148/3148/3148
f 3149/3149/3149 3147/3147/3147 3144/3144/3144
f 3149/3149/3149 3150/3150/3150 3148/3148/3148
f 3151/3151/3151 3149/3149/3149 3144/3144/3144
f 3144/3144/3144 3141/3141/3141 3151/3151/3151
f 3141/3141/3141 3152/3152/3152 3151/3151/3151
f 3155/3155/3155 3154/3154/3154 3153/3153/3153
f 3156/3156/3156 3155/3155/3155 3153/3153/3153
f 3153/3153/3153 3157/3157/3157 3156/3156/3156
f 3156/3156/3156 3158/3158/3158 3155/3155/3155
f 3158/3158/3158 3159/3159/3159 3155/3155/3155
f 3157/3157/3157 3160/3160/3160 3156/3156/3156
f 3156/3156/3156 3160/3160/3160 3158/3158/3158
f 3158/3158/3158 3161/3161/3161 3159/3159/3159
f 3161/3161/3161 3162/3162/3162 3159/3159/3159
f 3158/3158/3158 3163/3163/3163 3161/3161/3161
f 3160/3160/3160 3163/3163/3163 3158/3158/3158
f 3163/3163/3163 3164/3164/3164 3161/3161/3161
f 3163/3163/3163 3165/3165/3165 3164/3164/3164
f 3165/3165/3165 3163/3163/3163 3160/3160/3160
f 3165/3165/3165 3166/3166/3166 3164/3164/3164
f 3167/3167/3167 3165/3165/3165 3160/3160/3160
f 3160/3160/3160 3157/3157/3157 3167/3167/3167
f 3157/3157/3157 3168/3168/3168 3167/3167/3167
f 3171/3171/3171 3170/3170/3170 3169/3169/3169
f 3172/3172/3172 3171/3171/3171 3169/3169/3169
f 3169/3169/3169 3173/3173/3173 3172/3172/3172
f 3172/3172/3172 3174/3174/3174 3171/3171/3171
f 3174/3174/3174 3175/3175/3175 3171/3171/3171
f 3173/3173/3173 3176/3176/3176 3172/3172/3172
f 3174/3174/3174 3172/3172/3172 3176/3176/3176
f 3174/3174/3174 3177/3177/3177 3175/3175/3175
f 3177/3177/3177 3178/3178/3178 3175/3175/3175
f 3177/3177/3177 3174/3174/3174 3179/3179/3179
f 3179/3179/3179 3174/3174/3174 3176/3176/3176
f 3180/3180/3180 3177/3177/3177 3179/3179/3179
f 3179/3179/3179 3181/3181/3181 3180/3180/3180
f 3181/3181/3181 3179/3179/3179 3176/3176/3176
f 3181/3181/3181 3182/3182/3182 3180/3180/3180
f 3183/3183/3183 3181/3181/3181 3176/3176/3176
f 3176/3176/3176 3173/3173/3173 3183/3183/3183
f 3173/3173/3173 3184/3184/3184 3183/3183/3183
f 3187/3187/3187 3186/3186/3186 3185/3185/3185
f 3188/3188/3188 3187/3187/3187 3185/3185/3185
f 3185/3185/3185 3189/3189/3189 3188/3188/3188
f 3188/3188/3188 3190/3190/3190 3187/3187/3187
f 3190/3190/3190 3191/3191/3191 3187/3187/3187
f 3189/3189/3189 3192/3192/3192 3188/3188/3188
f 3190/3190/3190 3188/3188/3188 3192/3192/3192
f 3190/3190/3190 3193/3193/3193 3191/3191/3191
f 3193/3193/3193 3194/3194/3194 3191/3191/3191
f 3190/3190/3190 3195/3195/3195 3193/3193/3193
f 3195/3195/3195 3190/3190/3190 3192/3192/3192
f 3195/3195/3195 3196/3196/3196 3193/3193/3193
f 3195/3195/3195 3197/3197/3197 3196/3196/3196
f 3195/3195/3195 3192/3192/3192 3197/3197/3197
f 3197/3197/3197 3198/3198/3198 3196/3196/3196
f 3192/3192/3192 3199/3199/3199 3197/3197/3197
f 3192/3192/3192 3189/3189/3189 3199/3199/3199
f 3189/3189/3189 3200/3200/3200 3199/3199/3199
f 3203/3203/3203 3202/3202/3202 3201/3201/3201
f 3204/3204/3204 3203/3203/3203 3201/3201/3201
f 3201/3201/3201 3205/3205/3205 3204/3204/3204
f 3204/3204/3204 3206/3206/3206 3203/3203/3203
f 3206/3206/3206 3207/3207/3207 3203/3203/3203
f 3206/3206/3206 3208/3208/3208 3207/3207/3207
f 3208/3208/3208 3209/3209/3209 3207/3207/3207
f 3208/3208/3208 3206/3206/3206 3210/3210/3210
f 3210/3210/3210 3206/3206/3206 3204/3204/3204
f 3211/3211/3211 3208/3208/3208 3210/3210/3210
f 3205/3205/3205 3212/3212/3212 3204/3204/3204
f 3212/3212/3212 3210/3210/3210 3204/3204/3204
f 3210/3210/3210 3213/3213/3213 3211/3211/3211
f 3213/3213/3213 3210/3210/3210 3212/3212/3212
f 3213/3213/3213 3214/3214/3214 3211/3211/3211
f 3215/3215/3215 3213/3213/3213 3212/3212/3212
f 3212/3212/3212 3205/3205/3205 3215/3215/3215
f 3205/3205/3205 3216/3216/3216 3215/3215/3215
f 3219/3219/3219 3218/3218/3218 3217/3217/3217
f 3220/3220/3220 3219/3219/3219 3217/3217/3217
f 3217/3217/3217 3221/3221/3221 3220/3220/3220
f 3220/3220/3220 3222/3222/3222 3219/3219/3219
f 3222/3222/3222 3223/3223/3223 3219/3219/3219
f 3222/3222/3222 3224/3224/3224 3223/3223/3223
f 3224/3224/3224 3225/3225/3225 3223/3223/3223
f 3222/3222/3222 3226/3226/3226 3224/3224/3224
f 3222/3222/3222 3220/3220/3220 3226/3226/3226
f 3226/3226/3226 3227/3227/3227 3224/3224/3224
f 3221/3221/3221 3228/3228/3228 3220/3220/3220
f 3220/3220/3220 3228/3228/3228 3226/3226/3226
f 3226/3226/3226 3229/3229/3229 3227/3227/3227
f 3226/3226/3226 3228/3228/3228 3229/3229/3229
f 3229/3229/3229 3230/3230/3230 3227/3227/3227
f 3228/3228/3228 3231/3231/3231 3229/3229/3229
f 3228/3228/3228 3221/3221/3221 3231/3231/3231
f 3221/3221/3221 3232/3232/3232 3231/3231/3231
f 3235/3235/3235 3234/3234/3234 3233/3233/3233
f 3236/3236/3236 3235/3235/3235 3233/3233/3233
f 3233/3233/3233 3237/3237/3237 3236/3236/3236
f 3236/3236/3236 3238/3238/3238 3235/3235/3235
f 3238/3238/3238 3239/3239/3239 3235/3235/3235
f 3237/3237/3237 3240/3240/3240 3236/3236/3236
f 3236/3236/3236 3240/3240/3240 3238/3238/3238
f 3238/3238/3238 3241/3241/3241 3239/3239/3239
f 3241/3241/3241 3242/3242/3242 3239/3239/3239
f 3238/3238/3238 3243/3243/3243 3241/3241/3241
f 3240/3240/3240 3243/3243/3243 3238/3238/3238
f 3243/3243/3243 3244/3244/3244 3241/3241/3241
f 3243/3243/3243 3245/3245/3245 3244/3244/3244
f 3245/3245/3245 3243/3243/3243 3240/3240/3240
f 3245/3245/3245 3246/3246/3246 3244/3244/3244
f 3247/3247/3247 3245/3245/3245 3240/3240/3240
f 3240/3240/3240 3237/3237/3237 3247/3247/3247
f 3237/3237/3237 3248/3248/3248 3247/3247/3247
f 3251/3251/3251 3250/3250/3250 3249/3249/3249
f 3252/3252/3252 3251/3251/3251 3249/3249/3249
f 3249/3249/3249 3253/3253/3253 3252/3252/3252
f 3252/3252/3252 3254/3254/3254 3251/3251/3251
f 3254/3254/3254 3255/3255/3255 3251/3251/3251
f 3253/3253/3253 3256/3256/3256 3252/3252/3252
f 3252/3252/3252 3256/3256/3256 3254/3254/3254
f 3254/3254/3254 3257/3257/3257 3255/3255/3255
f 3257/3257/3257 3258/3258/3258 3255/3255/3255
f 3254/3254/3254 3259/3259/3259 3257/3257/3257
f 3256/3256/3256 3259/3259/3259 3254/3254/3254
f 3259/3259/3259 3260/3260/3260 3257/3257/3257
f 3259/3259/3259 3261/3261/3261 3260/3260/3260
f 3261/3261/3261 3259/3259/3259 3256/3256/3256
f 3261/3261/3261 3262/3262/3262 3260/3260/3260
f 3263/3263/3263 3261/3261/3261 3256/3256/3256
f 3256/3256/3256 3253/3253/3253 3263/3263/3263
f 3253/3253/3253 3264/3264/3264 3263/3263/3263
f 3267/3267/3267 3266/3266/3266 3265/3265/3265
f 3268/3268/3268 3267/3267/3267 3265/3265/3265
f 3265/3265/3265 3269/3269/3269 3268/3268/3268
f 3268/3268/3268 3270/3270/3270 3267/3267/3267
f 3270/3270/3270 3271/3271/3271 3267/3267/3267
f 3269/3269/3269 3272/3272/3272 3268/3268/3268
f 3270/3270/3270 3268/3268/3268 3272/3272/3272
f 3270/3270/3270 3273/3273/3273 3271/3271/3271
f 3273/3273/3273 3274/3274/3274 3271/3271/3271
f 3273/3273/3273 3270/3270/3270 3275/3275/3275
f 3275/3275/3275 3270/3270/3270 3272/3272/3272
f 3276/3276/3276 3273/3273/3273 3275/3275/3275
f 3275/3275/3275 3277/3277/3277 3276/3276/3276
f 3277/3277/3277 3275/3275/3275 3272/3272/3272
f 3277/3277/3277 3278/3278/3278 3276/3276/3276
f 3279/3279/3279 3277/3277/3277 3272/3272/3272
f 3272/3272/3272 3269/3269/3269 3279/3279/3279
f 3269/3269/3269 3280/3280/3280 3279/3279/3279
f 3283/3283/3283 3282/3282/3282 3281/3281/3281
f 3284/3284/3284 3283/3283/3283 3281/3281/3281
f 3281/3281/3281 3285/3285/3285 3284/3284/3284
f 3284/3284/3284 3286/3286/3286 3283/3283/3283
f 3286/3286/3286 3287/3287/3287 3283/3283/3283
f 3285/3285/3285 3288/3288/3288 3284/3284/3284
f 3286/3286/3286 3284/3284/3284 3288/3288/3288
f 3286/3286/3286 3289/3289/3289 3287/3287/3287
f 3289/3289/3289 3290/3290/3290 3287/3287/3287
f 3286/3286/3286 3291/3291/3291 3289/3289/3289
f 3291/3291/3291 3286/3286/3286 3288/3288/3288
f 3291/3291/3291 3292/3292/3292 3289/3289/3289
f 3291/3291/3291 3293/3293/3293 3292/3292/3292
f 3291/3291/3291 3288/3288/3288 3293/3293/3293
f 3293/3293/3293 3294/3294/3294 3292/3292/3292
f 3288/3288/3288 3295/3295/3295 3293/3293/3293
f 3288/3288/3288 3285/3285/3285 3295/3295/3295
f 3285/3285/3285 3296/3296/3296 3295/3295/3295
f 3299/3299/3299 3298/3298/3298 3297/3297/3297
f 3300/3300/3300 3299/3299/3299 3297/3297/3297
f 3297/3297/3297 3301/3301/3301 3300/3300/3300
f 3300/3300/3300 3302/3302/3302 3299/3299/3299
f 3302/3302/3302 3303/3303/3303 3299/3299/3299
f 3302/3302/3302 3304/3304/3304 3303/3303/3303
f 3304/3304/3304 3305/3305/3305 3303/3303/3303
f 3304/3304/3304 3302/3302/3302 3306/3306/3306
f 3306/3306/3306 3302/3302/3302 3300/3300/3300
f 3307/3307/3307 3304/3304/3304 3306/3306/3306
f 3301/3301/3301 3308/3308/3308 3300/3300/3300
f 3308/3308/3308 3306/3306/3306 3300/3300/3300
f 3306/3306/3306 3309/3309/3309 3307/3307/3307
f 3309/3309/3309 3306/3306/3306 3308/3308/3308
f 3309/3309/3309 3310/3310/3310 3307/3307/3307
f 3311/3311/3311 3309/3309/3309 3308/3308/3308
f 3308/3308/3308 3301/3301/3301 3311/3311/3311
f 3301/3301/3301 3312/3312/3312 3311/3311/3311
f 3315/3315/3315 3314/3314/3314 3313/3313/3313
f 3316/3316/3316 3315/3315/3315 3313/3313/3313
f 3313/3313/3313 3317/3317/3317 3316/3316/3316
f 3316/3316/3316 3318/3318/3318 3315/3315/3315
f 3318/3318/3318 3319/3319/3319 3315/3315/3315
f 3318/3318/3318 3320/3320/3320 3319/3319/3319
f 3320/3320/3320 3321/3321/3321 3319/3319/3319
f 3318/3318/3318 3322/3322/3322 3320/3320/3320
f 3318/3318/3318 3316/3316/3316 3322/3322/3322
f 3322/3322/3322 3323/3323/3323 3320/3320/3320
f 3317/3317/3317 3324/3324/3324 3316/3316/3316
f 3316/3316/3316 3324/3324/3324 3322/3322/3322
f 3322/3322/3322 3325/3325/3325 3323/3323/3323
f 3322/3322/3322 3324/3324/3324 3325/3325/3325
f 3325/3325/3325 3326/3326/3326 3323/3323/3323
f 3324/3324/3324 3327/3327/3327 3325/3325/3325
f 3324/3324/3324 3317/3317/3317 3327/3327/3327
f 3317/3317/3317 3328/3328/3328 3327/3327/3327
f 3331/3331/3331 3330/3330/3330 3329/3329/3329
f 3332/3332/3332 3331/3331/3331 3329/3329/3329
f 3329/3329/3329 3333/3333/3333 3332/3332/3332
f 3332/3332/3332 3334/3334/3334 3331/3331/3331
f 3334/3334/3334 3335/3335/3335 3331/3331/3331
f 3333/3333/3333 3336/3336/3336 3332/3332/3332
f 3332/3332/3332 3336/3336/3336 3334/3334/3334
f 3334/3334/3334 3337/3337/3337 3335/3335/3335
f 3337/3337/3337 3338/3338/3338 3335/3335/3335
f 3334/3334/3334 3339/3339/3339 3337/3337/3337
f 3336/3336/3336 3339/3339/3339 3334/3334/3334
f 3339/3339/3339 3340/3340/3340 3337/3337/3337
f 3339/3339/3339 3341/3341/3341 3340/3340/3340
f 3341/3341/3341 3339/3339/3339 3336/3336/3336
f 3341/3341/3341 3342/3342/3342 3340/3340/3340
f 3343/3343/3343 3341/3341/3341 3336/3336/3336
f 3336/3336/3336 3333/3333/3333 3343/3343/3343
f 3333/3333/3333 3344/3344/3344 3343/3343/3343
f 3347/3347/3347 3346/3346/3346 3345/3345/3345
f 3348/3348/3348 3347/3347/3347 3345/3345/3345
f 3345/3345/3345 3349/3349/3349 3348/3348/3348
f 3348/3348/3348 3350/3350/3350 3347/3347/3347
f 3350/3350/3350 3351/3351/3351 3347/3347/3347
f 3349/3349/3349 3352/3352/3352 3348/3348/3348
f 3348/3348/3348 3352/3352/3352 3350/3350/3350
f 3350/3350/3350 3353/3353/3353 3351/3351/3351
f 3353/3353/3353 3354/3354/3354 3351/3351/3351
f 3350/3350/3350 3355/3355/3355 3353/3353/3353
f 3352/3352/3352 3355/3355/3355 3350/3350/3350
f 3355/3355/3355 3356/3356/3356 3353/3353/3353
f 3355/3355/3355 3357/3357/3357 3356/3356/3356
f 3357/3357/3357 3355/3355/3355 3352/3352/3352
f 3357/3357/3357 3358/3358/3358 3356/3356/3356
f 3359/3359/3359 3357/3357/3357 3352/3352/3352
f 3352/3352/3352 3349/3349/3349 3359/3359/3359
f 3349/3349/3349 3360/3360/3360 3359/3359/3359
f 3363/3363/3363 3362/3362/3362 3361/3361/3361
f 3364/3364/3364 3363/3363/3363 3361/3361/3361
f 3361/3361/3361 3365/3365/3365 3364/3364/3364
f 3364/3364/3364 3366/3366/3366 3363/3363/3363
f 3366/3366/3366 3367/3367/3367 3363/3363/3363
f 3365/3365/3365 3368/3368/3368 3364/3364/3364
f 3366/3366/3366 3364/3364/3364 3368/3368/3368
f 3366/3366/3366 3369/3369/3369 3367/3367/3367
f 3369/3369/3369 3370/3370/3370 3367/3367/3367
f 3369/3369/3369 3366/3366/3366 3371/3371/3371
f 3371/3371/3371 3366/3366/3366 3368/3368/3368
f 3372/3372/3372 3369/3369/3369 3371/3371/3371
f 3371/3371/3371 3373/3373/3373 3372/3372/3372
f 3373/3373/3373 3371/3371/3371 3368/3368/3368
f 3373/3373/3373 3374/3374/3374 3372/3372/3372
f 3375/3375/3375 3373/3373/3373 3368/3368/3368
f 3368/3368/3368 3365/3365/3365 3375/3375/3375
f 3365/3365/3365 3376/3376/3376 3375/3375/3375
f 3379/3379/3379 3378/3378/3378 3377/3377/3377
f 3380/3380/3380 3379/3379/3379 3377/3377/3377
f 3377/3377/3377 3381/3381/3381 3380/3380/3380
f 3380/3380/3380 3382/3382/3382 3379/3379/3379
f 3382/3382/3382 3383/3383/3383 3379/3379/3379
f 3381/3381/3381 3384/3384/3384 3380/3380/3380
f 3382/3382/3382 3380/3380/3380 3384/3384/3384
f 3382/3382/3382 3385/3385/3385 3383/3383/3383
f 3385/3385/3385 3386/3386/3386 3383/3383/3383
f 3382/3382/3382 3387/3387/3387 3385/3385/3385
f 3387/3387/3387 3382/3382/3382 3384/3384/3384
f 3387/3387/3387 3388/3388/3388 3385/3385/3385
f 3387/3387/3387 3389/3389/3389 3388/3388/3388
f 3387/3387/3387 3384/3384/3384 3389/3389/3389
f 3389/3389/3389 3390/3390/3390 3388/3388/3388
f 3384/3384/3384 3391/3391/3391 3389/3389/3389
f 3384/3384/3384 3381/3381/3381 3391/3391/3391
f 3381/3381/3381 3392/3392/3392 3391/3391/3391
f 3395/3395/3395 3394/3394/3394 3393/3393/3393
f 3396/3396/3396 3395/3395/3395 3393/3393/3393
f 3393/3393/3393 3397/3397/3397 3396/3396/3396
f 3396/3396/3396 3398/3398/3398 3395/3395/3395
f 3398/3398/3398 3399/3399/3399 3395/3395/3395
f 3398/3398/3398 3400/3400/3400 3399/3399/3399
f 3400/3400/3400 3401/3401/3401 3399/3399/3399
f 3400/3400/3400 3398/3398/3398 3402/3402/3402
f 3402/3402/3402 3398/3398/3398 3396/3396/3396
f 3403/3403/3403 3400/3400/3400 3402/3402/3402
f 3397/3397/3397 3404/3404/3404 3396/3396/3396
f 3404/3404/3404 3402/3402/3402 3396/3396/3396
f 3402/3402/3402 3405/3405/3405 3403/3403/3403
f 3405/3405/3405 3402/3402/3402 3404/3404/3404
f 3405/3405/3405 3406/3406/3406 3403/3403/3403
f 3407/3407/3407 3405/3405/3405 3404/3404/3404
f 3404/3404/3404 3397/3397/3397 3407/3407/3407
f 3397/3397/3397 3408/3408/3408 3407/3407/3407
f 3411/3411/3411 3410/3410/3410 3409/3409/3409
f 3412/3412/3412 3411/3411/3411 3409/3409/3409
f 3409/3409/3409 3413/3413/3413 3412/3412/3412
f 3412/3412/3412 3414/3414/3414 3411/3411/3411
f 3414/3414/3414 3415/3415/3415 3411/3411/3411
f 3414/3414/3414 3416/3416/3416 3415/3415/3415
f 3416/3416/3416 3417/3417/3417 3415/3415/3415
f 3414/3414/3414 3418/3418/3418 3416/3416/3416
f 3414/3414/3414 3412/3412/3412 3418/3418/3418
f 3418/3418/3418 3419/3419/3419 3416/3416/3416
f 3413/3413/3413 3420/3420/3420 3412/3412/3412
f 3412/3412/3412 3420/3420/3420 3418/3418/3418
f 3418/3418/3418 3421/3421/3421 3419/3419/3419
f 3418/3418/3418 3420/3420/3420 3421/3421/3421
f 3421/3421/3421 3422/3422/3422 3419/3419/3419
f 3420/3420/3420 3423/3423/3423 3421/3421/3421
f 3420/3420/3420 3413/3413/3413 3423/3423/3423
f 3413/3413/3413 3424/3424/3424 3423/3423/3423
f 3427/3427/3427 3426/3426/3426 3425/3425/3425
f 3428/3428/3428 3427/3427/3427 3425/3425/3425
f 3425/3425/3425 3429/3429/3429 3428/3428/3428
f 3428/3428/3428 3430/3430/3430 3427/3427/3427
f 3430/3430/3430 3431/3431/3431 3427/3427/3427
f 3429/3429/3429 3432/3432/3432 3428/3428/3428
f 3428/3428/3428 3432/3432/3432 3430/3430/3430
f 3430/3430/3430 3433/3433/3433 3431/3431/3431
f 3433/3433/3433 3434/3434/3434 3431/3431/3431
f 3430/3430/3430 3435/3435/3435 3433/3433/3433
f 3432/3432/3432 3435/3435/3435 3430/3430/3430
f 3435/3435/3435 3436/3436/3436 3433/3433/3433
f 3435/3435/3435 3437/3437/3437 3436/3436/3436
f 3437/3437/3437 3435/3435/3435 3432/3432/3432
f 3437/3437/3437 3438/3438/3438 3436/3436/3436
f 3439/3439/3439 3437/3437/3437 3432/3432/3432
f 3432/3432/3432 3429/3429/3429 3439/3439/3439
f 3429/3429/3429 3440/3440/3440 3439/3439/3439
f 3443/3443/3443 3442/3442/3442 3441/3441/3441
f 3444/3444/3444 3443/3443/3443 3441/3441/3441
f 3441/3441/3441 3445/3445/3445 3444/3444/3444
f 3444/3444/3444 3446/3446/3446 3443/3443/3443
f 3446/3446/3446 3447/3447/3447 3443/3443/3443
f 3445/3445/3445 3448/3448/3448 3444/3444/3444
f 3444/3444/3444 3448/3448/3448 3446/3446/3446
f 3446/3446/3446 3449/3449/3449 3447/3447/3447
f 3449/3449/3449 3450/3450/3450 3447/3447/3447
f 3446/3446/3446 3451/3451/3451 3449/3449/3449
f 3448/3448/3448 3451/3451/3451 3446/3446/3446
f 3451/3451/3451 3452/3452/3452 3449/3449/3449
f 3451/3451/3451 3453/3453/3453 3452/3452/3452
f 3453/3453/3453 3451/3451/3451 3448/3448/3448
f 3453/3453/3453 3454/3454/3454 3452/3452/3452
f 3455/3455/3455 3453/3453/3453 3448/3448/3448
f 3448/3448/3448 3445/3445/3445 3455/3455/3455
f 3445/3445/3445 3456/3456/3456 3455/3455/3455
f 3459/3459/3459 3458/3458/3458 3457/3457/3457
f 3460/3460/3460 3459/3459/3459 3457/3457/3457
f 3457/3457/3457 3461/3461/3461 3460/3460/3460
f 3460/3460/3460 3462/3462/3462 3459/3459/3459
f 3462/3462/3462 3463/3463/3463 3459/3459/3459
f 3461/3461/3461 3464/3464/3464 3460/3460/3460
f 3462/3462/3462 3460/3460/3460 3464/3464/3464
f 3462/3462/3462 3465/3465/3465 3463/3463/3463
f 3465/3465/3465 3466/3466/3466 3463/3463/3463
f 3465/3465/3465 3462/3462/3462 3467/3467/3467
f 3467/3467/3467 3462/3462/3462 3464/3464/3464
f 3468/3468/3468 3465/3465/3465 3467/3467/3467
f 3467/3467/3467 3469/3469/3469 3468/3468/3468
f 3469/3469/3469 3467/3467/3467 3464/3464/3464
f 3469/3469/3469 3470/3470/3470 3468/3468/3468
f 3471/3471/3471 3469/3469/3469 3464/3464/3464
f 3464/3464/3464 3461/3461/3461 3471/3471/3471
f 3461/3461/3461 3472/3472/3472 3471/3471/3471
f 3475/3475/3475 3474/3474/3474 3473/3473/3473
f 3476/3476/3476 3475/3475/3475 3473/3473/3473
f 3473/3473/3473 3477/3477/3477 3476/3476/3476
f 3476/3476/3476 3478/3478/3478 3475/3475/3475
f 3478/3478/3478 3479/3479/3479 3475/3475/3475
f 3477/3477/3477 3480/3480/3480 3476/3476/3476
f 3478/3478/3478 3476/3476/3476 3480/3480/3480
f 3478/3478/3478 3481/3481/3481 3479/3479/3479
f 3481/3481/3481 3482/3482/3482 3479/3479/3479
f 3478/3478/3478 3483/3483/3483 3481/3481/3481
f 3483/3483/3483 3478/3478/3478 3480/3480/3480
f 3483/3483/3483 3484/3484/3484 3481/3481/3481
f 3483/3483/3483 3485/3485/3485 3484/3484/3484
f 3483/3483/3483 3480/3480/3480 3485/3485/3485
f 3485/3485/3485 3486/3486/3486 3484/3484/3484
f 3480/3480/3480 3487/3487/3487 3485/3485/3485
f 3480/3480/3480 3477/3477/3477 3487/3487/3487
f 3477/3477/3477 3488/3488/3488 3487/3487/3487
f 3491/3491/3491 3490/3490/3490 3489/3489/3489
f 3492/3492/3492 3491/3491/3491 3489/3489/3489
f 3489/3489/3489 3493/3493/3493 3492/3492/3492
f 3492/3492/3492 3494/3494/3494 3491/3491/3491
f 3494/3494/3494 3495/3495/3495 3491/3491/3491
f 3494/3494/3494 3496/3496/3496 3495/3495/3495
f 3496/3496/3496 3497/3497/3497 3495/3495/3495
f 3496/3496/3496 3494/3494/3494 3498/3498/3498
f 3498/3498/3498 3494/3494/3494 3492/3492/3492
f 3499/3499/3499 3496/3496/3496 3498/3498/3498
f 3493/3493/3493 3500/3500/3500 3492/3492/3492
f 3500/3500/3500 3498/3498/3498 3492/3492/3492
f 3498/3498/3498 3501/3501/3501 3499/3499/3499
f 3501/3501/3501 3498/3498/3498 3500/3500/3500
f 3501/3501/3501 3502/3502/3502 3499/3499/3499
f 3503/3503/3503 3501/3501/3501 3500/3500/3500
f 3500/3500/3500 3493/3493/3493 3503/3503/3503
f 3493/3493/3493 3504/3504/3504 3503/3503/3503
f 3507/3507/3507 3506/3506/3506 3505/3505/3505
f 3508/3508/3508 3507/3507/3507 3505/3505/3505
f 3505/3505/3505 3509/3509/3509 3508/3508/3508
f 3508/3508/3508 3510/3510/3510 3507/3507/3507
f 3510/3510/3510 3511/3511/3511 3507/3507/3507
f 3510/3510/3510 3512/3512/3512 3511/3511/3511
f 3512/3512/3512 3513/3513/3513 3511/3511/3511
f 3510/3510/3510 3514/3514/3514 3512/3512/3512
f 3510/3510/3510 3508/3508/3508 3514/3514/3514
f 3514/3514/3514 3515/3515/3515 3512/3512/3512
f 3509/3509/3509 3516/3516/3516 3508/3508/3508
f 3508/3508/3508 3516/3516/3516 3514/3514/3514
f 3514/3514/3514 3517/3517/3517 3515/3515/3515
f 3514/3514/3514 3516/3516/3516 3517/3517/3517
f 3517/3517/3517 3518/3518/3518 3515/3515/3515
f 3516/3516/3516 3519/3519/3519 3517/3517/3517
f 3516/3516/3516 3509/3509/3509 3519/3519/3519
f 3509/3509/3509 3520/3520/3520 3519/3519/3519
f 3523/3523/3523 3522/3522/3522 3521/3521/3521
f 3524/3524/3524 3523/3523/3523 3521/3521/3521
f 3521/3521/3521 3525/3525/3525 3524/3524/3524
f 3524/3524/3524 3526/3526/3526 3523/3523/3523
f 3526/3526/3526 3527/3527/3527 3523/3523/3523
f 3525/3525/3525 3528/3528/3528 3524/3524/3524
f 3524/3524/3524 3528/3528/3528 3526/3526/3526
f 3526/3526/3526 3529/3529/3529 3527/3527/3527
f 3529/3529/3529 3530/3530/3530 3527/3527/3527
f 3526/3526/3526 3531/3531/3531 3529/3529/3529
f 3528/3528/3528 3531/3531/3531 3526/3526/3526
f 3531/3531/3531 3532/3532/3532 3529/3529/3529
f 3531/3531/3531 3533/3533/3533 3532/3532/3532
f 3533/3533/3533 3531/3531/3531 3528/3528/3528
f 3533/3533/3533 3534/3534/3534 3532/3532/3532
f 3535/3535/3535 3533/3533/3533 3528/3528/3528
f 3528/3528/3528 3525/3525/3525 3535/3535/3535
f 3525/3525/3525 3536/3536/3536 3535/3535/3535
f 3539/3539/3539 3538/3538/3538 3537/3537/3537
f 3540/3540/3540 3539/3539/3539 3537/3537/3537
f 3537/3537/3537 3541/3541/3541 3540/3540/3540
f 3540/3540/3540 3542/3542/3542 3539/3539/3539
f 3542/3542/3542 3543/3543/3543 3539/3539/3539
f 3541/3541/3541 3544/3544/3544 3540/3540/3540
f 3540/3540/3540 3544/3544/3544 3542/3542/3542
f 3542/3542/3542 3545/3545/3545 3543/3543/3543
f 3545/3545/3545 3546/3546/3546 3543/3543/3543
f 3542/3542/3542 3547/3547/3547 3545/3545/3545
f 3544/3544/3544 3547/3547/3547 3542/3542/3542
f 3547/3547/3547 3548/3548/3548 3545/3545/3545
f 3547/3547/3547 3549/3549/3549 3548/3548/3548
f 3549/3549/3549 3547/3547/3547 3544/3544/3544
f 3549/3549/3549 3550/3550/3550 3548/3548/3548
f 3551/3551/3551 3549/3549/3549 3544/3544/3544
f 3544/3544/3544 3541/3541/3541 3551/3551/3551
f 3541/3541/3541 3552/3552/3552 3551/3551/3551
f 3555/3555/3555 3554/3554/3554 3553/3553/3553
f 3556/3556/3556 3555/3555/3555 3553/3553/3553
f 3553/3553/3553 3557/3557/3557 3556/3556/3556
f 3556/3556/3556 3558/3558/3558 3555/3555/3555
f 3558/3558/3558 3559/3559/3559 3555/3555/3555
f 3557/3557/3557 3560/3560/3560 3556/3556/3556
f 3558/3558/3558 3556/3556/3556 3560/3560/3560
f 3558/3558/3558 3561/3561/3561 3559/3559/3559
f 3561/3561/3561 3562/3562/3562 3559/3559/3559
f 3561/3561/3561 3558/3558/3558 3563/3563/3563
f 3563/3563/3563 3558/3558/3558 3560/3560/3560
f 3564/3564/3564 3561/3561/3561 3563/3563/3563
f 3563/3563/3563 3565/3565/3565 3564/3564/3564
f 3565/3565/3565 3563/3563/3563 3560/3560/3560
f 3565/3565/3565 3566/3566/3566 3564/3564/3564
f 3567/3567/3567 3565/3565/3565 3560/3560/3560
f 3560/3560/3560 3557/3557/3557 3567/3567/3567
f 3557/3557/3557 3568/3568/3568 3567/3567/3567
f 3571/3571/3571 3570/3570/3570 3569/3569/3569
f 3572/3572/3572 3571/3571/3571 3569/3569/3569
f 3569/3569/3569 3573/3573/3573 3572/3572/3572
f 3572/3572/3572 3574/3574/3574 3571/3571/3571
f 3574/3574/3574 3575/3575/3575 3571/3571/3571
f 3573/3573/3573 3576/3576/3576 3572/3572/3572
f 3574/3574/3574 3572/3572/3572 3576/3576/3576
f 3574/3574/3574 3577/3577/3577 3575/3575/3575
f 3577/3577/3577 3578/3578/3578 3575/3575/3575
f 3574/3574/3574 3579/3579/3579 3577/3577/3577
f 3579/3579/3579 3574/3574/3574 3576/3576/3576
f 3579/3579/3579 3580/3580/3580 3577/3577/3577
f 3579/3579/3579 3581/3581/3581 3580/3580/3580
f 3579/3579/3579 3576/3576/3576 3581/3581/3581
f 3581/3581/3581 3582/3582/3582 3580/3580/3580
f 3576/3576/3576 3583/3583/3583 3581/3581/3581
f 3576/3576/3576 3573/3573/3573 3583/3583/3583
f 3573/3573/3573 3584/3584/3584 3583/3583/3583
f 3587/3587/3587 3586/3586/3586 3585/3585/3585
f 3588/3588/3588 3587/3587/3587 3585/3585/3585
f 3585/3585/3585 3589/3589/3589 3588/3588/3588
f 3588/3588/3588 3590/3590/3590 3587/3587/3587
f 3590/3590/3590 3591/3591/3591 3587/3587/3587
f 3590/3590/3590 3592/3592/3592 3591/3591/3591
f 3592/3592/3592 3593/3593/3593 3591/3591/3591
f 3592/3592/3592 3590/3590/3590 3594/3594/3594
f 3594/3594/3594 3590/3590/3590 3588/3588/3588
f 3595/3595/3595 3592/3592/3592 3594/3594/3594
f 3589/3589/3589 3596/3596/3596 3588/3588/3588
f 3596/3596/3596 3594/3594/3594 3588/3588/3588
f 3594/3594/3594 3597/3597/3597 3595/3595/3595
f 3597/3597/3597 3594/3594/3594 3596/3596/3596
f 3597/3597/3597 3598/3598/3598 3595/3595/3595
f 3599/3599/3599 3597/3597/3597 3596/3596/3596
f 3596/3596/3596 3589/3589/3589 3599/3599/3599
f 3589/3589/3589 3600/3600/3600 3599/3599/3599
f 3603/3603/3603 3602/3602/3602 3601/3601/3601
f 3604/3604/3604 3603/3603/3603 3601/3601/3601
f 3601/3601/3601 3605/3605/3605 3604/3604/3604
f 3604/3604/3604 3606/3606/3606 3603/3603/3603
f 3606/3606/3606 3607/3607/3607 3603/3603/3603
f 3606/3606/3606 3608/3608/3608 3607/3607/3607
f 3608/3608/3608 3609/3609/3609 3607/3607/3607
f 3606/3606/3606 3610/3610/3610 3608/3608/3608
f 3606/3606/3606 3604/3604/3604 3610/3610/3610
f 3610/3610/3610 3611/3611/3611 3608/3608/3608
f 3605/3605/3605 3612/3612/3612 3604/3604/3604
f 3604/3604/3604 3612/3612/3612 3610/3610/3610
f 3610/3610/3610 3613/3613/3613 3611/3611/3611
f 3610/3610/3610 3612/3612/3612 3613/3613/3613
f 3613/3613/3613 3614/3614/3614 3611/3611/3611
f 3612/3612/3612 3615/3615/3615 3613/3613/3613
f 3612/3612/3612 3605/3605/3605 3615/3615/3615
f 3605/3605/3605 3616/3616/3616 3615/3615/3615
f 3619/3619/3619 3618/3618/3618 3617/3617/3617
f 3620/3620/3620 3619/3619/3619 3617/3617/3617
f 3617/3617/3617 3621/3621/3621 3620/3620/3620
f 3620/3620/3620 3622/3622/3622 3619/3619/3619
f 3622/3622/3622 3623/3623/3623 3619/3619/3619
f 3621/3621/3621 3624/3624/3624 3620/3620/3620
f 3620/3620/3620 3624/3624/3624 3622/3622/3622
f 3622/3622/3622 3625/3625/3625 3623/3623/3623
f 3625/3625/3625 3626/3626/3626 3623/3623/3623
f 3622/3622/3622 3627/3627/3627 3625/3625/3625
f 3624/3624/3624 3627/3627/3627 3622/3622/3622
f 3627/3627/3627 3628/3628/3628 3625/3625/3625
f 3627/3627/3627 3629/3629/3629 3628/3628/3628
f 3629/3629/3629 3627/3627/3627 3624/3624/3624
f 3629/3629/3629 3630/3630/3630 3628/3628/3628
f 3631/3631/3631 3629/3629/3629 3624/3624/3624
f 3624/3624/3624 3621/3621/3621 3631/3631/3631
f 3621/3621/3621 3632/3632/3632 3631/3631/3631
f 3635/3635/3635 3634/3634/3634 3633/3633/3633
f 3636/3636/3636 3635/3635/3635 3633/3633/3633
f 3633/3633/3633 3637/3637/3637 3636/3636/3636
f 3636/3636/3636 3638/3638/3638 3635/3635/3635
f 3638/3638/3638 3639/3639/3639 3635/3635/3635
f 3637/3637/3637 3640/3640/3640 3636/3636/3636
f 3636/3636/3636 3640/3640/3640 3638/3638/3638
f 3638/3638/3638 3641/3641/3641 3639/3639/3639
f 3641/3641/3641 3642/3642/3642 3639/3639/3639
f 3638/3638/3638 3643/3643/3643 3641/3641/3641
f 3640/3640/3640 3643/3643/3643 3638/3638/3638
f 3643/3643/3643 3644/3644/3644 3641/3641/3641
f 3643/3643/3643 3645/3645/3645 3644/3644/3644
f 3645/3645/3645 3643/3643/3643 3640/3640/3640
f 3645/3645/3645 3646/3646/3646 3644/3644/3644
f 3647/3647/3647 3645/3645/3645 3640/3640/3640
f 3640/3640/3640 3637/3637/3637 3647/3647/3647
f 3637/3637/3637 3648/3648/3648 3647/3647/3647
f 3651/3651/3651 3650/3650/3650 3649/3649/3649
f 3652/3652/3652 3651/3651/3651 3649/3649/3649
f 3649/3649/3649 3653/3653/3653 3652/3652/3652
f 3652/3652/3652 3654/3654/3654 3651/3651/3651
f 3654/3654/3654 3655/3655/3655 3651/3651/3651
f 3653/3653/3653 3656/3656/3656 3652/3652/3652
f 3654/3654/3654 3652/3652/3652 3656/3656/3656
f 3654/3654/3654 3657/3657/3657 3655/3655/3655
f 3657/3657/3657 3658/3658/3658 3655/3655/3655
f 3657/3657/3657 3654/3654/3654 3659/3659/3659
f 3659/3659/3659 3654/3654/3654 3656/3656/3656
f 3660/3660/3660 3657/3657/3657 3659/3659/3659
f 3659/3659/3659 3661/3661/3661 3660/3660/3660
f 3661/3661/3661 3659/3659/3659 3656/3656/3656
f 3661/3661/3661 3662/3662/3662 3660/3660/3660
f 3663/3663/3663 3661/3661/3661 3656/3656/3656
f 3656/3656/3656 3653/3653/3653 3663/3663/3663
f 3653/3653/3653 3664/3664/3664 3663/3663/3663
f 3667/3667/3667 3666/3666/3666 3665/3665/3665
f 3668/3668/3668 3667/3667/3667 3665/3665/3665
f 3665/3665/3665 3669/3669/3669 3668/3668/3668
f 3668/3668/3668 3670/3670/3670 3667/3667/3667
f 3670/3670/3670 3671/3671/3671 3667/3667/3667
f 3669/3669/3669 3672/3672/3672 3668/3668/3668
f 3670/3670/3670 3668/3668/3668 3672/3672/3672
f 3670/3670/3670 3673/3673/3673 3671/3671/3671
f 3673/3673/3673 3674/3674/3674 3671/3671/3671
f 3670/3670/3670 3675/3675/3675 3673/3673/3673
f 3675/3675/3675 3670/3670/3670 3672/3672/3672
f 3675/3675/3675 3676/3676/3676 3673/3673/3673
f 3675/3675/3675 3677/3677/3677 3676/3676/3676
f 3675/3675/3675 3672/3672/3672 3677/3677/3677
f 3677/3677/3677 3678/3678/3678 3676/3676/3676
f 3672/3672/3672 3679/3679/3679 3677/3677/3677
f 3672/3672/3672 3669/3669/3669 3679/3679/3679
f 3669/3669/3669 3680/3680/3680 3679/3679/3679
f 3683/3683/3683 3682/3682/3682 3681/3681/3681
f 3684/3684/3684 3683/3683/3683 3681/3681/3681
f 3681/3681/3681 3685/3685/3685 3684/3684/3684
f 3684/3684/3684 3686/3686/3686 3683/3683/3683
f 3686/3686/3686 3687/3687/3687 3683/3683/3683
f 3686/3686/3686 3688/3688/3688 3687/3687/3687
f 3688/3688/3688 3689/3689/3689 3687/3687/3687
f 3688/3688/3688 3686/3686/3686 3690/3690/3690
f 3690/3690/3690 3686/3686/3686 3684/3684/3684
f 3691/3691/3691 3688/3688/3688 3690/3690/3690
f 3685/3685/3685 3692/3692/3692 3684/3684/3684
f 3692/3692/3692 3690/3690/3690 3684/3684/3684
f 3690/3690/3690 3693/3693/3693 3691/3691/3691
f 3693/3693/3693 3690/3690/3690 3692/3692/3692
f 3693/3693/3693 3694/3694/3694 3691/3691/3691
f 3695/3695/3695 3693/3693/3693 3692/3692/3692
f 3692/3692/3692 3685/3685/3685 3695/3695/3695
f 3685/3685/3685 3696/3696/3696 3695/3695/3695
f 3699/3699/3699 3698/3698/3698 3697/3697/3697
f 3700/3700/3700 3699/3699/3699 3697/3697/3697
f 3697/3697/3697 3701/3701/3701 3700/3700/3700
f 3700/3700/3700 3702/3702/3702 3699/3699/3699
f 3702/3702/3702 3703/3703/3703 3699/3699/3699
f 3702/3702/3702 3704/3704/3704 3703/3703/3703
f 3704/3704/3704 3705/3705/3705 3703/3703/3703
f 3702/3702/3702 3706/3706/3706 3704/3704/3704
f 3702/3702/3702 3700/3700/3700 3706/3706/3706
f 3706/3706/3706 3707/3707/3707 3704/3704/3704
f 3701/3701/3701 3708/3708/3708 3700/3700/3700
f 3700/3700/3700 3708/3708/3708 3706/3706/3706
f 3706/3706/3706 3709/3709/3709 3707/3707/3707
f 3706/3706/3706 3708/3708/3708 3709/3709/3709
f 3709/3709/3709 3710/3710/3710 3707/3707/3707
f 3708/3708/3708 3711/3711/3711 3709/3709/3709
f 3708/3708/3708 3701/3701/3701 3711/3711/3711
f 3701/3701/3701 3712/3712/3712 3711/3711/3711
f 3715/3715/3715 3714/3714/3714 3713/3713/3713
f 3716/3716/3716 3715/3715/3715 3713/3713/3713
f 3713/3713/3713 3717/3717/3717 3716/3716/3716
f 3716/3716/3716 3718/3718/3718 3715/3715/3715
f 3718/3718/3718 3719/3719/3719 3715/3715/3715
f 3717/3717/3717 3720/3720/3720 3716/3716/3716
f 3716/3716/3716 3720/3720/3720 3718/3718/3718
f 3718/3718/3718 3721/3721/3721 3719/3719/3719
f 3721/3721/3721 3722/3722/3722 3719/3719/3719
f 3718/3718/3718 3723/3723/3723 3721/3721/3721
f 3720/3720/3720 3723/3723/3723 3718/3718/3718
f 3723/3723/3723 3724/3724/3724 3721/3721/3721
f 3723/3723/3723 3725/3725/3725 3724/3724/3724
f 3725/3725/3725 3723/3723/3723 3720/3720/3720
f 3725/3725/3725 3726/3726/3726 3724/3724/3724
f 3727/3727/3727 3725/3725/3725 3720/3720/3720
f 3720/3720/3720 3717/3717/3717 3727/3727/3727
f 3717/3717/3717 3728/3728/3728 3727/3727/3727
f 3731/3731/3731 3730/3730/3730 3729/3729/3729
f 3732/3732/3732 3731/3731/3731 3729/3729/3729
f 3729/3729/3729 3733/3733/3733 3732/3732/3732
f 3732/3732/3732 3734/3734/3734 3731/3731/3731
f 3734/3734/3734 3735/3735/3735 3731/3731/3731
f 3733/3733/3733 3736/3736/3736 3732/3732/3732
f 3732/3732/3732 3736/3736/3736 3734/3734/3734
f 3734/3734/3734 3737/3737/3737 3735/3735/3735
f 3737/3737/3737 3738/3738/3738 3735/3735/3735
f 3734/3734/3734 3739/3739/3739 3737/3737/3737
f 3736/3736/3736 3739/3739/3739 3734/3734/3734
f 3739/3739/3739 3740/3740/3740 3737/3737/3737
f 3739/3739/3739 3741/3741/3741 3740/3740/3740
f 3741/3741/3741 3739/3739/3739 3736/3736/3736
f 3741/3741/3741 3742/3742/3742 3740/3740/3740
f 3743/3743/3743 3741/3741/3741 3736/3736/3736
f 3736/3736/3736 3733/3733/3733 3743/3743/3743
f 3733/3733/3733 3744/3744/3744 3743/3743/3743
f 3747/3747/3747 3746/3746/3746 3745/3745/3745
f 3748/3748/3748 3747/3747/3747 3745/3745/3745
f 3745/3745/3745 3749/3749/3749 3748/3748/3748
f 3748/3748/3748 3750/3750/3750 3747/3747/3747
f 3750/3750/3750 3751/3751/3751 3747/3747/3747
f 3749/3749/3749 3752/3752/3752 3748/3748/3748
f 3750/3750/3750 3748/3748/3748 3752/3752/3752
f 3750/3750/3750 3753/3753/3753 3751/3751/3751
f 3753/3753/3753 3754/3754/3754 3751/3751/3751
f 3753/3753/3753 3750/3750/3750 3755/3755/3755
f 3755/3755/3755 3750/3750/3750 3752/3752/3752
f 3756/3756/3756 3753/3753/3753 3755/3755/3755
f 3755/3755/3755 3757/3757/3757 3756/3756/3756
f 3757/3757/3757 3755/3755/3755 3752/3752/3752
f 3757/3757/3757 3758/3758/3758 3756/3756/3756
f 3759/3759/3759 3757/3757/3757 3752/3752/3752
f 3752/3752/3752 3749/3749/3749 3759/3759/3759
f 3749/3749/3749 3760/3760/3760 3759/3759/3759
f 3763/3763/3763 3762/3762/3762 3761/3761/3761
f 3764/3764/3764 3763/3763/3763 3761/3761/3761
f 3761/3761/3761 3765/3765/3765 3764/3764/3764
f 3764/3764/3764 3766/3766/3766 3763/3763/3763
f 3766/3766/3766 3767/3767/3767 3763/3763/3763
f 3765/3765/3765 3768/3768/3768 3764/3764/3764
f 3766/3766/3766 3764/3764/3764 3768/3768/3768
f 3766/3766/3766 3769/3769/3769 3767/3767/3767
f 3769/3769/3769 3770/3770/3770 3767/3767/3767
f 3766/3766/3766 3771/3771/3771 3769/3769/3769
f 3771/3771/3771 3766/3766/3766 3768/3768/3768
f 3771/3771/3771 3772/3772/3772 3769/3769/3769
f 3771/3771/3771 3773/3773/3773 3772/3772/3772
f 3771/3771/3771 3768/3768/3768 3773/3773/3773
f 3773/3773/3773 3774/3774/3774 3772/3772/3772
f 3768/3768/3768 3775/3775/3775 3773/3773/3773
f 3768/3768/3768 3765/3765/3765 3775/3775/3775
f 3765/3765/3765 3776/3776/3776 3775/3775/3775
f 3779/3779/3779 3778/3778/3778 3777/3777/3777
f 3780/3780/3780 3779/3779/3779 3777/3777/3777
f 3777/3777/3777 3781/3781/3781 3780/3780/3780
f 3780/3780/3780 3782/3782/3782 3779/3779/3779
f 3782/3782/3782 3783/3783/3783 3779/3779/3779
f 3782/3782/3782 3784/3784/3784 3783/3783/3783
f 3784/3784/3784 3785/3785/3785 3783/3783/3783
f 3784/3784/3784 3782/3782/3782 3786/3786/3786
f 3786/3786/3786 3782/3782/3782 3780/3780/3780
f 3787/3787/3787 3784/3784/3784 3786/3786/3786
f 3781/3781/3781 3788/3788/3788 3780/3780/3780
f 3788/3788/3788 3786/3786/3786 3780/3780/3780
f 3786/3786/3786 3789/3789/3789 3787/3787/3787
f 3789/3789/3789 3786/3786/3786 3788/3788/3788
f 3789/3789/3789 3790/3790/3790 3787/3787/3787
f 3791/3791/3791 3789/3789/3789 3788/3788/3788
f 3788/3788/3788 3781/3781/3781 3791/3791/3791
f 3781/3781/3781 3792/3792/3792 3791/3791/3791
f 3795/3795/3795 3794/3794/3794 3793/3793/3793
f 3796/3796/3796 3795/3795/3795 3793/3793/3793
f 3793/3793/3793 3797/3797/3797 3796/3796/3796
f 3796/3796/3796 3798/3798/3798 3795/3795/3795
f 3798/3798/3798 3799/3799/3799 3795/3795/3795
f 3798/3798/3798 3800/3800/3800 3799/3799/3799
f 3800/3800/3800 3801/3801/3801 3799/3799/3799
f 3798/3798/3798 3802/3802/3802 3800/3800/3800
f 3798/3798/3798 3796/3796/3796 3802/3802/3802
f 3802/3802/3802 3803/3803/3803 3800/3800/3800
f 3797/3797/3797 3804/3804/3804 3796/3796/3796
f 3796/3796/3796 3804/3804/3804 3802/3802/3802
f 3802/3802/3802 3805/3805/3805 3803/3803/3803
f 3802/3802/3802 3804/3804/3804 3805/3805/3805
f 3805/3805/3805 3806/3806/3806 3803/3803/3803
f 3804/3804/3804 3807/3807/3807 3805/3805/3805
f 3804/3804/3804 3797/3797/3797 3807/3807/3807
f 3797/3797/3797 3808/3808/3808 3807/3807/3807
f 3811/3811/3811 3810/3810/3810 3809/3809/3809
f 3812/3812/3812 3811/3811/3811 3809/3809/3809
f 3809/3809/3809 3813/3813/3813 3812/3812/3812
f 3812/3812/3812 3814/3814/3814 3811/3811/3811
f 3814/3814/3814 3815/3815/3815 3811/3811/3811
f 3813/3813/3813 3816/3816/3816 3812/3812/3812
f 3812/3812/3812 3816/3816/3816 3814/3814/3814
f 3814/3814/3814 3817/3817/3817 3815/3815/3815
f 3817/3817/3817 3818/3818/3818 3815/3815/3815
f 3814/3814/3814 3819/3819/3819 3817/3817/3817
f 3816/3816/3816 3819/3819/3819 3814/3814/3814
f 3819/3819/3819 3820/3820/3820 3817/3817/3817
f 3819/3819/3819 3821/3821/3821 3820/3820/3820
f 3821/3821/3821 3819/3819/3819 3816/3816/3816
f 3821/3821/3821 3822/3822/3822 3820/3820/3820
f 3823/3823/3823 3821/3821/3821 3816/3816/3816
f 3816/3816/3816 3813/3813/3813 3823/3823/3823
f 3813/3813/3813 3824/3824/3824 3823/3823/3823
f 3827/3827/3827 3826/3826/3826 3825/3825/3825
f 3828/3828/3828 3827/3827/3827 3825/3825/3825
f 3825/3825/3825 3829/3829/3829 3828/3828/3828
f 3828/3828/3828 3830/3830/3830 3827/3827/3827
f 3830/3830/3830 3831/3831/3831 3827/3827/3827
f 3829/3829/3829 3832/3832/3832 3828/3828/3828
f 3828/3828/3828 3832/3832/3832 3830/3830/3830
f 3830/3830/3830 3833/3833/3833 3831/3831/3831
f 3833/3833/3833 3834/3834/3834 3831/3831/3831
f 3830/3830/3830 3835/3835/3835 3833/3833/3833
f 3832/3832/3832 3835/3835/3835 3830/3830/3830
f 3835/3835/3835 3836/3836/3836 3833/3833/3833
f 3835/3835/3835 3837/3837/3837 3836/3836/3836
f 3837/3837/3837 3835/3835/3835 3832/3832/3832
f 3837/3837/3837 3838/3838/3838 3836/3836/3836
f 3839/3839/3839 3837/3837/3837 3832/3832/3832
f 3832/3832/3832 3829/3829/3829 3839/3839/3839
f 3829/3829/3829 3840/3840/3840 3839/3839/3839
f 3843/3843/3843 3842/3842/3842 3841/3841/3841
f 3844/3844/3844 3843/3843/3843 3841/3841/3841
f 3841/3841/3841 3845/3845/3845 3844/3844/3844
f 3844/3844/3844 3846/3846/3846 3843/3843/3843
f 3846/3846/3846 3847/3847/3847 3843/3843/3843
f 3845/3845/3845 3848/3848/3848 3844/3844/3844
f 3846/3846/3846 3844/3844/3844 3848/3848/3848
f 3846/3846/3846 3849/3849/3849 3847/3847/3847
f 3849/3849/3849 3850/3850/3850 3847/3847/3847
f 3849/3849/3849 3846/3846/3846 3851/3851/3851
f 3851/3851/3851 3846/3846/3846 3848/3848/3848
f 3852/3852/3852 3849/3849/3849 3851/3851/3851
f 3851/3851/3851 3853/3853/3853 3852/3852/3852
f 3853/3853/3853 3851/3851/3851 3848/3848/3848
f 3853/3853/3853 3854/3854/3854 3852/3852/3852
f 3855/3855/3855 3853/3853/3853 3848/3848/3848
f 3848/3848/3848 3845/3845/3845 3855/3855/3855
f 3845/3845/3845 3856/3856/3856 3855/3855/3855
f 3859/3859/3859 3858/3858/3858 3857/3857/3857
f 3860/3860/3860 3859/3859/3859 3857/3857/3857
f 3857/3857/3857 3861/3861/3861 3860/3860/3860
f 3860/3860/3860 3862/3862/3862 3859/3859/3859
f 3862/3862/3862 3863/3863/3863 3859/3859/3859
f 3861/3861/3861 3864/3864/3864 3860/3860/3860
f 3862/3862/3862 3860/3860/3860 3864/3864/3864
f 3862/3862/3862 3865/3865/3865 3863/3863/3863
f 3865/3865/3865 3866/3866/3866 3863/3863/3863
f 3862/3862/3862 3867/3867/3867 3865/3865/3865
f 3867/3867/3867 3862/3862/3862 3864/3864/3864
f 3867/3867/3867 3868/3868/3868 3865/3865/3865
f 3867/3867/3867 3869/3869/3869 3868/3868/3868
f 3867/3867/3867 3864/3864/3864 3869/3869/3869
f 3869/3869/3869 3870/3870/3870 3868/3868/3868
f 3864/3864/3864 3871/3871/3871 3869/3869/3869
f 3864/3864/3864 3861/3861/3861 3871/3871/3871
f 3861/3861/3861 3872/3872/3872 3871/3871/3871
f 3875/3875/3875 3874/3874/3874 3873/3873/3873
f 3876/3876/3876 3875/3875/3875 3873/3873/3873
f 3873/3873/3873 3877/3877/3877 3876/3876/3876
f 3876/3876/3876 3878/3878/3878 3875/3875/3875
f 3878/3878/3878 3879/3879/3879 3875/3875/3875
f 3878/3878/3878 3880/3880/3880 3879/3879/3879
f 3880/3880/3880 3881/3881/3881 3879/3879/3879
f 3880/3880/3880 3878/3878/3878 3882/3882/3882
f 3882/3882/3882 3878/3878/3878 3876/3876/3876
f 3883/3883/3883 3880/3880/3880 3882/3882/3882
f 3877/3877/3877 3884/3884/3884 3876/3876/3876
f 3884/3884/3884 3882/3882/3882 3876/3876/3876
f 3882/3882/3882 3885/3885/3885 3883/3883/3883
f 3885/3885/3885 3882/3882/3882 3884/3884/3884
f 3885/3885/3885 3886/3886/3886 3883/3883/3883
f 3887/3887/3887 3885/3885/3885 3884/3884/3884
f 3884/3884/3884 3877/3877/3877 3887/3887/3887
f 3877/3877/3877 3888/3888/3888 3887/3887/3887
f 3891/3891/3891 3890/3890/3890 3889/3889/3889
f 3892/3892/3892 3891/3891/3891 3889/3889/3889
f 3889/3889/3889 3893/3893/3893 3892/3892/3892
f 3892/3892/3892 3894/3894/3894 3891/3891/3891
f 3894/3894/3894 3895/3895/3895 3891/3891/3891
f 3894/3894/3894 3896/3896/3896 3895/3895/3895
f 3896/3896/3896 3897/3897/3897 3895/3895/3895
f 3894/3894/3894 3898/3898/3898 3896/3896/3896
f 3894/3894/3894 3892/3892/3892 3898/3898/3898
f 3898/3898/3898 3899/3899/3899 3896/3896/3896
f 3893/3893/3893 3900/3900/3900 3892/3892/3892
f 3892/3892/3892 3900/3900/3900 3898/3898/3898
f 3898/3898/3898 3901/3901/3901 3899/3899/3899
f 3898/3898/3898 3900/3900/3900 3901/3901/3901
f 3901/3901/3901 3902/3902/3902 3899/3899/3899
f 3900/3900/3900 3903/3903/3903 3901/3901/3901
f 3900/3900/3900 3893/3893/3893 3903/3903/3903
f 3893/3893/3893 3904/3904/3904 3903/3903/3903
f 3907/3907/3907 3906/3906/3906 3905/3905/3905
f 3908/3908/3908 3907/3907/3907 3905/3905/3905
f 3905/3905/3905 3909/3909/3909 3908/3908/3908
f 3908/3908/3908 3910/3910/3910 3907/3907/3907
f 3910/3910/3910 3911/3911/3911 3907/3907/3907
f 3909/3909/3909 3912/3912/3912 3908/3908/3908
f 3908/3908/3908 3912/3912/3912 3910/3910/3910
f 3910/3910/3910 3913/3913/3913 3911/3911/3911
f 3913/3913/3913 3914/3914/3914 3911/3911/3911
f 3910/3910/3910 3915/3915/3915 3913/3913/3913
f 3912/3912/3912 3915/3915/3915 3910/3910/3910
f 3915/3915/3915 3916/3916/3916 3913/3913/3913
f 3915/3915/3915 3917/3917/3917 3916/3916/3916
f 3917/3917/3917 3915/3915/3915 3912/3912/3912
f 3917/3917/3917 3918/3918/3918 3916/3916/3916
f 3919/3919/3919 3917/3917/3917 3912/3912/3912
f 3912/3912/3912 3909/3909/3909 3919/3919/3919
f 3909/3909/3909 3920/3920/3920 3919/3919/3919
f 3923/3923/3923 3922/3922/3922 3921/3921/3921
f 3924/3924/3924 3923/3923/3923 3921/3921/3921
f 3921/3921/3921 3925/3925/3925 3924/3924/3924
f 3924/3924/3924 3926/3926/3926 3923/3923/3923
f 3926/3926/3926 3927/3927/3927 3923/3923/3923
f 3925/3925/3925 3928/3928/3928 3924/3924/3924
f 3924/3924/3924 3928/3928/3928 3926/3926/3926
f 3926/3926/3926 3929/3929/3929 3927/3927/3927
f 3929/3929/3929 3930/3930/3930 3927/3927/3927
f 3926/3926/3926 3931/3931/3931 3929/3929/3929
f 3928/3928/3928 3931/3931/3931 3926/3926/3926
f 3931/3931/3931 3932/3932/3932 3929/3929/3929
f 3931/3931/3931 3933/3933/3933 3932/3932/3932
f 3933/3933/3933 3931/3931/3931 3928/3928/3928
f 3933/3933/3933 3934/3934/3934 3932/3932/3932
f 3935/3935/3935 3933/3933/3933 3928/3928/3928
f 3928/3928/3928 3925/3925/3925 3935/3935/3935
f 3925/3925/3925 3936/3936/3936 3935/3935/3935
f 3939/3939/3939 3938/3938/3938 3937/3937/3937
f 3940/3940/3940 3939/3939/3939 3937/3937/3937
f 3937/3937/3937 3941/3941/3941 3940/3940/3940
f 3940/3940/3940 3942/3942/3942 3939/3939/3939
f 3942/3942/3942 3943/3943/3943 3939/3939/3939
f 3941/3941/3941 3944/3944/3944 3940/3940/3940
f 3942/3942/3942 3940/3940/3940 3944/3944/3944
f 3942/3942/3942 3945/3945/3945 3943/3943/3943
f 3945/3945/3945 3946/3946/3946 3943/3943/3943
f 3945/3945/3945 3942/3942/3942 3947/3947/3947
f 3947/3947/3947 3942/3942/3942 3944/3944/3944
f 3948/3948/3948 3945/3945/3945 3947/3947/3947
f 3947/3947/3947 3949/3949/3949 3948/3948/3948
f 3949/3949/3949 3947/3947/3947 3944/3944/3944
f 3949/3949/3949 3950/3950/3950 3948/3948/3948
f 3951/3951/3951 3949/3949/3949 3944/3944/3944
f 3944/3944/3944 3941/3941/3941 3951/3951/3951
f 3941/3941/3941 3952/3952/3952 3951/3951/3951
f 3955/3955/3955 3954/3954/3954 3953/3953/3953
f 3956/3956/3956 3955/3955/3955 3953/3953/3953
f 3953/3953/3953 3957/3957/3957 3956/3956/3956
f 3956/3956/3956 3958/3958/3958 3955/3955/3955
f 3958/3958/3958 3959/3959/3959 3955/3955/3955
f 3957/3957/3957 3960/3960/3960 3956/3956/3956
f 3958/3958/3958 3956/3956/3956 3960/3960/3960
f 3958/3958/3958 3961/3961/3961 3959/3959/3959
f 3961/3961/3961 3962/3962/3962 3959/3959/3959
f 3958/3958/3958 3963/3963/3963 3961/3961/3961
f 3963/3963/3963 3958/3958/3958 3960/3960/3960
f 3963/3963/3963 3964/3964/3964 3961/3961/3961
f 3963/3963/3963 3965/3965/3965 3964/3964/3964
f 3963/3963/3963 3960/3960/3960 3965/3965/3965
f 3965/3965/3965 3966/3966/3966 3964/3964/3964
f 3960/3960/3960 3967/3967/3967 3965/3965/3965
f 3960/3960/3960 3957/3957/3957 3967/3967/3967
f 3957/3957/3957 3968/3968/3968 3967/3967/3967
f 3971/3971/3971 3970/3970/3970 3969/3969/3969
f 3972/3972/3972 3971/3971/3971 3969/3969/3969
f 3969/3969/3969 3973/3973/3973 3972/3972/3972
f 3972/3972/3972 3974/3974/3974 3971/3971/3971
f 3974/3974/3974 3975/3975/3975 3971/3971/3971
f 3974/3974/3974 3976/3976/3976 3975/3975/3975
f 3976/3976/3976 3977/3977/3977 3975/3975/3975
f 3976/3976/3976 3974/3974/3974 3978/3978/3978
f 3978/3978/3978 3974/3974/3974 3972/3972/3972
f 3979/3979/3979 3976/3976/3976 3978/3978/3978
f 3973/3973/3973 3980/3980/3980 3972/3972/3972
f 3980/3980/3980 3978/3978/3978 3972/3972/3972
f 3978/3978/3978 3981/3981/3981 3979/3979/3979
f 3981/3981/3981 3978/3978/3978 3980/3980/3980
f 3981/3981/3981 3982/3982/3982 3979/3979/3979
f 3983/3983/3983 3981/3981/3981 3980/3980/3980
f 3980/3980/3980 3973/3973/3973 3983/3983/3983
f 3973/3973/3973 3984/3984/3984 3983/3983/3983
f 3987/3987/3987 3986/3986/3986 3985/3985/3985
f 3988/3988/3988 3987/3987/3987 3985/3985/3985
f 3985/3985/3985 3989/3989/3989 3988/3988/3988
f 3988/3988/3988 3990/3990/3990 3987/3987/3987
f 3990/3990/3990 3991/3991/3991 3987/3987/3987
f 3990/3990/3990 3992/3992/3992 3991/3991/3991
f 3992/3992/3992 3993/3993/3993 3991/3991/3991
f 3990/3990/3990 3994/3994/3994 3992/3992/3992
f 3990/3990/3990 3988/3988/3988 3994/3994/3994
f 3994/3994/3994 3995/3995/3995 3992/3992/3992
f 3989/3989/3989 3996/3996/3996 3988/3988/3988
f 3988/3988/3988 3996/3996/3996 3994/3994/3994
f 3994/3994/3994 3997/3997/3997 3995/3995/3995
f 3994/3994/3994 3996/3996/3996 3997/3997/3997
f 3997/3997/3997 3998/3998/3998 3995/3995/3995
f 3996/3996/3996 3999/3999/3999 3997/3997/3997
f 3996/3996/3996 3989/3989/3989 3999/3999/3999
f 3989/3989/3989 4000/4000/4000 3999/3999/3999
f 4003/4003/4003 4002/4002/4002 4001/4001/4001
f 4004/4004/4004 4003/4003/4003 4001/4001/4001
f 4001/4001/4001 4005/4005/4005 4004/4004/4004
f 4004/4004/4004 4006/4006/4006 4003/4003/4003
f 4006/4006/4006 4007/4007/4007 4003/4003/4003
f 4005/4005/4005 4008/4008/4008 4004/4004/4004
f 4004/4004/4004 4008/4008/4008 4006/4006/4006
f 4006/4006/4006 4009/4009/4009 4007/4007/4007
f 4009/4009/4009 4010/4010/4010 4007/4007/4007
f 4006/4006/4006 4011/4011/4011 4009/4009/4009
f 4008/4008/4008 4011/4011/4011 4006/4006/4006
f 4011/4011/4011 4012/4012/4012 4009/4009/4009
f 4011/4011/4011 4013/4013/4013 4012/4012/4012
f 4013/4013/4013 4011/4011/4011 4008/4008/4008
f 4013/4013/4013 4014/4014/4014 4012/4012/4012
f 4015/4015/4015 4013/4013/4013 4008/4008/4008
f 4008/4008/4008 4005/4005/4005 4015/4015/4015
f 4005/4005/4005 4016/4016/4016 4015/4015/4015
f 4019/4019/4019 4018/4018/4018 4017/4017/4017
f 4020/4020/4020 4019/4019/4019 4017/4017/4017
f 4017/4017/4017 4021/4021/4021 4020/4020/4020
f 4020/4020/4020 4022/4022/4022 4019/4019/4019
f 4022/4022/4022 4023/4023/4023 4019/4019/4019
f 4021/4021/4021 4024/4024/4024 4020/4020/4020
f 4020/4020/4020 4024/4024/4024 4022/4022/4022
f 4022/4022/4022 4025/4025/4025 4023/4023/4023
f 4025/4025/4025 4026/4026/4026 4023/4023/4023
f 4022/4022/4022 4027/4027/4027 4025/4025/4025
f 4024/4024/4024 4027/4027/4027 4022/4022/4022
f 4027/4027/4027 4028/4028/4028 4025/4025/4025
f 4027/4027/4027 4029/4029/4029 4028/4028/4028
f 4029/4029/4029 4027/4027/4027 4024/4024/4024
f 4029/4029/4029 4030/4030/4030 4028/4028/4028
f 4031/4031/4031 4029/4029/4029 4024/4024/4024
f 4024/4024/4024 4021/4021/4021 4031/4031/4031
f 4021/4021/4021 4032/4032/4032 4031/4031/4031
f 4035/4035/4035 4034/4034/4034 4033/4033/4033
f 4036/4036/4036 4035/4035/4035 4033/4033/4033
f 4033/4033/4033 4037/4037/4037 4036/4036/4036
f 4036/4036/4036 4038/4038/4038 4035/4035/4035
f 4038/4038/4038 4039/4039/4039 4035/4035/4035
f 4037/4037/4037 4040/4040/4040 4036/4036/4036
f 4038/4038/4038 4036/4036/4036 4040/4040/4040
f 4038/4038/4038 4041/4041/4041 4039/4039/4039
f 4041/4041/4041 4042/4042/4042 4039/4039/4039
f 4041/4041/4041 4038/4038/4038 4043/4043/4043
f 4043/4043/4043 4038/4038/4038 4040/4040/4040
f 4044/4044/4044 4041/4041/4041 4043/4043/4043
f 4043/4043/4043 4045/4045/4045 4044/4044/4044
f 4045/4045/4045 4043/4043/4043 4040/4040/4040
f 4045/4045/4045 4046/4046/4046 4044/4044/4044
f 4047/4047/4047 4045/4045/4045 4040/4040/4040
f 4040/4040/4040 4037/4037/4037 4047/4047/4047
f 4037/4037/4037 4048/4048/4048 4047/4047/4047
f 4051/4051/4051 4050/4050/4050 4049/4049/4049
f 4052/4052/4052 4051/4051/4051 4049/4049/4049
f 4049/4049/4049 4053/4053/4053 4052/4052/4052
f 4052/4052/4052 4054/4054/4054 4051/4051/4051
f 4054/4054/4054 4055/4055/4055 4051/4051/4051
f 4053/4053/4053 4056/4056/4056 4052/4052/4052
f 4054/4054/4054 4052/4052/4052 4056/4056/4056
f 4054/4054/4054 4057/4057/4057 4055/4055/4055
f 4057/4057/4057 4058/4058/4058 4055/4055/4055
f 4054/4054/4054 4059/4059/4059 4057/4057/4057
f 4059/4059/4059 4054/4054/4054 4056/4056/4056
f 4059/4059/4059 4060/4060/4060 4057/4057/4057
f 4059/4059/4059 4061/4061/4061 4060/4060/4060
f 4059/4059/4059 4056/4056/4056 4061/4061/4061
f 4061/4061/4061 4062/4062/4062 4060/4060/4060
f 4056/4056/4056 4063/4063/4063 4061/4061/4061
f 4056/4056/4056 4053/4053/4053 4063/4063/4063
f 4053/4053/4053 4064/4064/4064 4063/4063/4063
f 4067/4067/4067 4066/4066/4066 4065/4065/4065
f 4068/4068/4068 4067/4067/4067 4065/4065/4065
f 4065/4065/4065 4069/4069/4069 4068/4068/4068
f 4068/4068/4068 4070/4070/4070 4067/4067/4067
f 4070/4070/4070 4071/4071/4071 4067/4067/4067
f 4070/4070/4070 4072/4072/4072 4071/4071/4071
f 4072/4072/4072 4073/4073/4073 4071/4071/4071
f 4072/4072/4072 4070/4070/4070 4074/4074/4074
f 4074/4074/4074 4070/4070/4070 4068/4068/4068
f 4075/4075/4075 4072/4072/4072 4074/4074/4074
f 4069/4069/4069 4076/4076/4076 4068/4068/4068
f 4076/4076/4076 4074/4074/4074 4068/4068/4068
f 4074/4074/4074 4077/4077/4077 4075/4075/4075
f 4077/4077/4077 4074/4074/4074 4076/4076/4076
f 4077/4077/4077 4078/4078/4078 4075/4075/4075
f 4079/4079/4079 4077/4077/4077 4076/4076/4076
f 4076/4076/4076 4069/4069/4069 4079/4079/4079
f 4069/4069/4069 4080/4080/4080 4079/4079/4079
f 4083/4083/4083 4082/4082/4082 4081/4081/4081
f 4084/4084/4084 4083/4083/4083 4081/4081/4081
f 4081/4081/4081 4085/4085/4085 4084/4084/4084
f 4084/4084/4084 4086/4086/4086 4083/4083/4083
f 4086/4086/4086 4087/4087/4087 4083/4083/4083
f 4086/4086/4086 4088/4088/4088 4087/4087/4087
f 4088/4088/4088 4089/4089/4089 4087/4087/4087
f 4086/4086/4086 4090/4090/4090 4088/4088/4088
f 4086/4086/4086 4084/4084/4084 4090/4090/4090
f 4090/4090/4090 4091/4091/4091 4088/4088/4088
f 4085/4085/4085 4092/4092/4092 4084/4084/4084
f 4084/4084/4084 4092/4092/4092 4090/4090/4090
f 4090/4090/4090 4093/4093/4093 4091/4091/4091
f 4090/4090/4090 4092/4092/4092 4093/4093/4093
f 4093/4093/4093 4094/4094/4094 4091/4091/4091
f 4092/4092/4092 4095/4095/4095 4093/4093/4093
f 4092/4092/4092 4085/4085/4085 4095/4095/4095
f 4085/4085/4085 4096/4096/4096 4095/4095/4095
f 4099/4099/4099 4098/4098/4098 4097/4097/4097
f 4100/4100/4100 4099/4099/4099 4097/4097/4097
f 4097/4097/4097 4101/4101/4101 4100/4100/4100
f 4100/4100/4100 4102/4102/4102 4099/4099/4099
f 4102/4102/4102 4103/4103/4103 4099/4099/4099
f 4101/4101/4101 4104/4104/4104 4100/4100/4100
f 4100/4100/4100 4104/4104/4104 4102/4102/4102
f 4102/4102/4102 4105/4105/4105 4103/4103/4103
f 4105/4105/4105 4106/4106/4106 4103/4103/4103
f 4102/4102/4102 4107/4107/4107 4105/4105/4105
f 4104/4104/4104 4107/4107/4107 4102/4102/4102
f 4107/4107/4107 4108/4108/4108 4105/4105/4105
f 4107/4107/4107 4109/4109/4109 4108/4108/4108
f 4109/4109/4109 4107/4107/4107 4104/4104/4104
f 4109/4109/4109 4110/4110/4110 4108/4108/4108
f 4111/4111/4111 4109/4109/4109 4104/4104/4104
f 4104/4104/4104 4101/4101/4101 4111/4111/4111
f 4101/4101/4101 4112/4112/4112 4111/4111/4111
f 4115/4115/4115 4114/4114/4114 4113/4113/4113
f 4116/4116/4116 4115/4115/4115 4113/4113/4113
f 4113/4113/4113 4117/4117/4117 4116/4116/4116
f 4116/4116/4116 4118/4118/4118 4115/4115/4115
f 4118/4118/4118 4119/4119/4119 4115/4115/4115
f 4117/4117/4117 4120/4120/4120 4116/4116/4116
f 4116/4116/4116 4120/4120/4120 4118/4118/4118
f 4118/4118/4118 4121/4121/4121 4119/4119/4119
f 4121/4121/4121 4122/4122/4122 4119/4119/4119
f 4118/4118/4118 4123/4123/4123 4121/4121/4121
f 4120/4120/4120 4123/4123/4123 4118/4118/4118
f 4123/4123/4123 4124/4124/4124 4121/4121/4121
f 4123/4123/4123 4125/4125/4125 4124/4124/4124
f 4125/4125/4125 4123/4123/4123 4120/4120/4120
f 4125/4125/4125 4126/4126/4126 4124/4124/4124
f 4127/4127/4127 4125/4125/4125 4120/4120/4120
f 4120/4120/4120 4117/4117/4117 4127/4127/4127
f 4117/4117/4117 4128/4128/4128 4127/4127/4127
f 4131/4131/4131 4130/4130/4130 4129/4129/4129
f 4132/4132/4132 4131/4131/4131 4129/4129/4129
f 4132/4132/4132 4133/4133/4133 4131/4131/4131
f 4133/4133/4133 4134/4134/4134 4131/4131/4131
f 4135/4135/4135 4134/4134/4134 4133/4133/4133
f 4136/4136/4136 4135/4135/4135 4133/4133/4133
f 4137/4137/4137 4131/4131/4131 4134/4134/4134
f 4137/4137/4137 4138/4138/4138 4131/4131/4131
f 4139/4139/4139 4137/4137/4137 4134/4134/4134
f 4139/4139/4139 4134/4134/4134 4140/4140/4140
f 4143/4143/4143 4142/4142/4142 4141/4141/4141
f 4144/4144/4144 4143/4143/4143 4141/4141/4141
f 4147/4147/4147 4146/4146/4146 4145/4145/4145
f 4148/4148/4148 4147/4147/4147 4145/4145/4145
f 4151/4151/4151 4150/4150/4150 4149/4149/4149
f 4150/4150/4150 4152/4152/4152 4149/4149/4149
f 4152/4152/4152 4150/4150/4150 4153/4153/4153
f 4152/4152/4152 4153/4153/4153 4154/4154/4154
f 4155/4155/4155 4152/4152/4152 4154/4154/4154
f 4152/4152/4152 4155/4155/4155 4149/4149/4149
f 4155/4155/4155 4154/4154/4154 4156/4156/4156
f 4155/4155/4155 4156/4156/4156 4157/4157/4157
f 4158/4158/4158 4155/4155/4155 4157/4157/4157
f 4155/4155/4155 4158/4158/4158 4149/4149/4149
f 4159/4159/4159 4149/4149/4149 4158/4158/4158
f 4159/4159/4159 4160/4160/4160 4149/4149/4149
f 4161/4161/4161 4159/4159/4159 4158/4158/4158
f 4161/4161/4161 4158/4158/4158 4162/4162/4162
f 4165/4165/4165 4164/4164/4164 4163/4163/4163
f 4164/4164/4164 4166/4166/4166 4163/4163/4163
f 4166/4166/4166 4167/4167/4167 4163/4163/4163
f 4167/4167/4167 4168/4168/4168 4163/4163/4163
f 4171/4171/4171 4170/4170/4170 4169/4169/4169
f 4172/4172/4172 4171/4171/4171 4169/4169/4169
f 4171/4171/4171 4172/4172/4172 4173/4173/4173
f 4174/4174/4174 4171/4171/4171 4173/4173/4173
f 4177/4177/4177 4176/4176/4176 4175/4175/4175
f 4178/4178/4178 4177/4177/4177 4175/4175/4175
f 4178/4178/4178 4179/4179/4179 4177/4177/4177
f 4179/4179/4179 4180/4180/4180 4177/4177/4177
f 4181/4181/4181 4180/4180/4180 4179/4179/4179
f 4182/4182/4182 4181/4181/4181 4179/4179/4179
f 4183/4183/4183 4177/4177/4177 4180/4180/4180
f 4183/4183/4183 4184/4184/4184 4177/4177/4177
f 4185/4185/4185 4183/4183/4183 4180/4180/4180
f 4185/4185/4185 4180/4180/4180 4186/4186/4186
f 4189/4189/4189 4188/4188/4188 4187/4187/4187
f 4190/4190/4190 4189/4189/4189 4187/4187/4187
f 4193/4193/4193 4192/4192/4192 4191/4191/4191
f 4194/4194/4194 4193/4193/4193 4191/4191/4191
f 4197/4197/4197 4196/4196/4196 4195/4195/4195
f 4196/4196/4196 4198/4198/4198 4195/4195/4195
f 4198/4198/4198 4196/4196/4196 4199/4199/4199
f 4198/4198/4198 4199/4199/4199 4200/4200/4200
f 4201/4201/4201 4198/4198/4198 4200/4200/4200
f 4198/4198/4198 4201/4201/4201 4195/4195/4195
f 4201/4201/4201 4200/4200/4200 4202/4202/4202
f 4201/4201/4201 4202/4202/4202 4203/4203/4203
f 4204/4204/4204 4201/4201/4201 4203/4203/4203
f 4201/4201/4201 4204/4204/4204 4195/4195/4195
f 4205/4205/4205 4195/4195/4195 4204/4204/4204
f 4205/4205/4205 4206/4206/4206 4195/4195/4195
f 4207/4207/4207 4205/4205/4205 4204/4204/4204
f 4207/4207/4207 4204/4204/4204 4208/4208/4208
f 4211/4211/4211 4210/4210/4210 4209/4209/4209
f 4210/4210/4210 4212/4212/4212 4209/4209/4209
f 4212/4212/4212 4213/4213/4213 4209/4209/4209
f 4213/4213/4213 4214/4214/4214 4209/4209/4209
f 4217/4217/4217 4216/4216/4216 4215/4215/4215
f 4218/4218/4218 4217/4217/4217 4215/4215/4215
f 4217/4217/4217 4218/4218/4218 4219/4219/4219
f 4220/4220/4220 4217/4217/4217 4219/4219/4219
f 4223/4223/4223 4222/4222/4222 4221/4221/4221
f 4224/4224/4224 4223/4223/4223 4221/4221/4221
f 4224/4224/4224 4225/4225/4225 4223/4223/4223
f 4225/4225/4225 4226/4226/4226 4223/4223/4223
f 4227/4227/4227 4226/4226/4226 4225/4225/4225
f 4228/4228/4228 4227/4227/4227 4225/4225/4225
f 4229/4229/4229 4223/4223/4223 4226/4226/4226
f 4229/4229/4229 4230/4230/4230 4223/4223/4223
f 4231/4231/4231 4229/4229/4229 4226/4226/4226
f 4231/4231/4231 4226/4226/4226 4232/4232/4232
f 4235/4235/4235 4234/4234/4234 4233/4233/4233
f 4236/4236/4236 4235/4235/4235 4233/4233/4233
f 4239/4239/4239 4238/4238/4238 4237/4237/4237
f 4240/4240/4240 4239/4239/4239 4237/4237/4237
f 4243/4243/4243 4242/4242/4242 4241/4241/4241
f 4242/4242/4242 4244/4244/4244 4241/4241/4241
f 4244/4244/4244 4242/4242/4242 4245/4245/4245
f 4244/4244/4244 4245/4245/4245 4246/4246/4246
f 4247/4247/4247 4244/4244/4244 4246/4246/4246
f 4244/4244/4244 4247/4247/4247 4241/4241/4241
f 4247/4247/4247 4246/4246/4246 4248/4248/4248
f 4247/4247/4247 4248/4248/4248 4249/4249/4249
f 4250/4250/4250 4247/4247/4247 4249/4249/4249
f 4247/4247/4247 4250/4250/4250 4241/4241/4241
f 4251/4251/4251 4241/4241/4241 4250/4250/4250
f 4251/4251/4251 4252/4252/4252 4241/4241/4241
f 4253/4253/4253 4251/4251/4251 4250/4250/4250
f 4253/4253/4253 4250/4250/4250 4254/4254/4254
f 4257/4257/4257 4256/4256/4256 4255/4255/4255
f 4256/4256/4256 4258/4258/4258 4255/4255/4255
f 4258/4258/4258 4259/4259/4259 4255/4255/4255
f 4259/4259/4259 4260/4260/4260 4255/4255/4255
f 4263/4263/4263 4262/4262/4262 4261/4261/4261
f 4264/4264/4264 4263/4263/4263 4261/4261/4261
f 4263/4263/4263 4264/4264/4264 4265/4265/4265
f 4266/4266/4266 4263/4263/4263 4265/4265/4265
f 4269/4269/4269 4268/4268/4268 4267/4267/4267
f 4270/4270/4270 4269/4269/4269 4267/4267/4267
f 4273/4273/4273 4272/4272/4272 4271/4271/4271
f 4274/4274/4274 4273/4273/4273 4271/4271/4271
f 4277/4277/4277 4276/4276/4276 4275/4275/4275
f 4278/4278/4278 4277/4277/4277 4275/4275/4275
f 4281/4281/4281 4280/4280/4280 4279/4279/4279
f 4282/4282/4282 4281/4281/4281 4279/4279/4279
f 4285/4285/4285 4284/4284/4284 4283/4283/4283
f 4284/4284/4284 4286/4286/4286 4283/4283/4283
f 4286/4286/4286 4284/4284/4284 4287/4287/4287
f 4287/4287/4287 4288/4288/4288 4286/4286/4286
f 4288/4288/4288 4289/4289/4289 4286/4286/4286
f 4289/4289/4289 4288/4288/4288 4290/4290/4290
f 4289/4289/4289 4290/4290/4290 4291/4291/4291
f 4292/4292/4292 4289/4289/4289 4291/4291/4291
f 4286/4286/4286 4289/4289/4289 4292/4292/4292
f 4283/4283/4283 4286/4286/4286 4292/4292/4292
f 4283/4283/4283 4292/4292/4292 4293/4293/4293
f 4293/4293/4293 4294/4294/4294 4283/4283/4283
f 4292/4292/4292 4295/4295/4295 4293/4293/4293
f 4295/4295/4295 4292/4292/4292 4296/4296/4296
f 4299/4299/4299 4298/4298/4298 4297/4297/4297
f 4300/4300/4300 4299/4299/4299 4297/4297/4297
f 4300/4300/4300 4301/4301/4301 4299/4299/4299
f 4301/4301/4301 4302/4302/4302 4299/4299/4299
f 4303/4303/4303 4302/4302/4302 4301/4301/4301
f 4304/4304/4304 4303/4303/4303 4301/4301/4301
f 4305/4305/4305 4299/4299/4299 4302/4302/4302
f 4305/4305/4305 4306/4306/4306 4299/4299/4299
f 4307/4307/4307 4305/4305/4305 4302/4302/4302
f 4307/4307/4307 4302/4302/4302 4308/4308/4308
f 4311/4311/4311 4310/4310/4310 4309/4309/4309
f 4312/4312/4312 4311/4311/4311 4309/4309/4309
f 4315/4315/4315 4314/4314/4314 4313/4313/4313
f 4316/4316/4316 4315/4315/4315 4313/4313/4313
f 4319/4319/4319 4318/4318/4318 4317/4317/4317
f 4318/4318/4318 4320/4320/4320 4317/4317/4317
f 4320/4320/4320 4318/4318/4318 4321/4321/4321
f 4320/4320/4320 4321/4321/4321 4322/4322/4322
f 4323/4323/4323 4320/4320/4320 4322/4322/4322
f 4320/4320/4320 4323/4323/4323 4317/4317/4317
f 4323/4323/4323 4322/4322/4322 4324/4324/4324
f 4323/4323/4323 4324/4324/4324 4325/4325/4325
f 4326/4326/4326 4323/4323/4323 4325/4325/4325
f 4323/4323/4323 4326/4326/4326 4317/4317/4317
f 4327/4327/4327 4317/4317/4317 4326/4326/4326
f 4327/4327/4327 4328/4328/4328 4317/4317/4317
f 4329/4329/4329 4327/4327/4327 4326/4326/4326
f 4329/4329/4329 4326/4326/4326 4330/4330/4330
f 4333/4333/4333 4332/4332/4332 4331/4331/4331
f 4332/4332/4332 4334/4334/4334 4331/4331/4331
f 4334/4334/4334 4335/4335/4335 4331/4331/4331
f 4335/4335/4335 4336/4336/4336 4331/4331/4331
f 4339/4339/4339 4338/4338/4338 4337/4337/4337
f 4340/4340/4340 4339/4339/4339 4337/4337/4337
f 4339/4339/4339 4340/4340/4340 4341/4341/4341
f 4342/4342/4342 4339/4339/4339 4341/4341/4341
f 4345/4345/4345 4344/4344/4344 4343/4343/4343
f 4346/4346/4346 4345/4345/4345 4343/4343/4343
f 4346/4346/4346 4347/4347/4347 4345/4345/4345
f 4347/4347/4347 4348/4348/4348 4345/4345/4345
f 4349/4349/4349 4348/4348/4348 4347/4347/4347
f 4350/4350/4350 4349/4349/4349 4347/4347/4347
f 4351/4351/4351 4345/4345/4345 4348/4348/4348
f 4351/4351/4351 4352/4352/4352 4345/4345/4345
f 4353/4353/4353 4351/4351/4351 4348/4348/4348
f 4353/4353/4353 4348/4348/4348 4354/4354/4354
f 4357/4357/4357 4356/4356/4356 4355/4355/4355
f 4358/4358/4358 4357/4357/4357 4355/4355/4355
f 4361/4361/4361 4360/4360/4360 4359/4359/4359
f 4362/4362/4362 4361/4361/4361 4359/4359/4359
f 4365/4365/4365 4364/4364/4364 4363/4363/4363
f 4364/4364/4364 4366/4366/4366 4363/4363/4363
f 4366/4366/4366 4364/4364/4364 4367/4367/4367
f 4366/4366/4366 4367/4367/4367 4368/4368/4368
f 4369/4369/4369 4366/4366/4366 4368/4368/4368
f 4366/4366/4366 4369/4369/4369 4363/4363/4363
f 4369/4369/4369 4368/4368/4368 4370/4370/4370
f 4369/4369/4369 4370/4370/4370 4371/4371/4371
f 4372/4372/4372 4369/4369/4369 4371/4371/4371
f 4369/4369/4369 4372/4372/4372 4363/4363/4363
f 4373/4373/4373 4363/4363/4363 4372/4372/4372
f 4373/4373/4373 4374/4374/4374 4363/4363/4363
f 4375/4375/4375 4373/4373/4373 4372/4372/4372
f 4375/4375/4375 4372/4372/4372 4376/4376/4376
f 4379/4379/4379 4378/4378/4378 4377/4377/4377
f 4378/4378/4378 4380/4380/4380 4377/4377/4377
f 4380/4380/4380 4381/4381/4381 4377/4377/4377
f 4381/4381/4381 4382/4382/4382 4377/4377/4377
f 4385/4385/4385 4384/4384/4384 4383/4383/4383
f 4386/4386/4386 4385/4385/4385 4383/4383/4383
f 4385/4385/4385 4386/4386/4386 4387/4387/4387
f 4388/4388/4388 4385/4385/4385 4387/4387/4387
f 4391/4391/4391 4390/4390/4390 4389/4389/4389
f 4392/4392/4392 4391/4391/4391 4389/4389/4389
f 4392/4392/4392 4393/4393/4393 4391/4391/4391
f 4393/4393/4393 4394/4394/4394 4391/4391/4391
f 4395/4395/4395 4394/4394/4394 4393/4393/4393
f 4396/4396/4396 4395/4395/4395 4393/4393/4393
f 4397/4397/4397 4391/4391/4391 4394/4394/4394
f 4397/4397/4397 4398/4398/4398 4391/4391/4391
f 4399/4399/4399 4397/4397/4397 4394/4394/4394
f 4399/4399/4399 4394/4394/4394 4400/4400/4400
f 4403/4403/4403 4402/4402/4402 4401/4401/4401
f 4404/4404/4404 4403/4403/4403 4401/4401/4401
f 4407/4407/4407 4406/4406/4406 4405/4405/4405
f 4408/4408/4408 4407/4407/4407 4405/4405/4405
f 4411/4411/4411 4410/4410/4410 4409/4409/4409
f 4410/4410/4410 4412/4412/4412 4409/4409/4409
f 4412/4412/4412 4410/4410/4410 4413/4413/4413
f 4412/4412/4412 4413/4413/4413 4414/4414/4414
f 4415/4415/4415 4412/4412/4412 4414/4414/4414
f 4412/4412/4412 4415/4415/4415 4409/4409/4409
f 4415/4415/4415 4414/4414/4414 4416/4416/4416
f 4415/4415/4415 4416/4416/4416 4417/4417/4417
f 4418/4418/4418 4415/4415/4415 4417/4417/4417
f 4415/4415/4415 4418/4418/4418 4409/4409/4409
f 4419/4419/4419 4409/4409/4409 4418/4418/4418
f 4419/4419/4419 4420/4420/4420 4409/4409/4409
f 4421/4421/4421 4419/4419/4419 4418/4418/4418
f 4421/4421/4421 4418/4418/4418 4422/4422/4422
f 4425/4425/4425 4424/4424/4424 4423/4423/4423
f 4424/4424/4424 4426/4426/4426 4423/4423/4423
f 4426/4426/4426 4427/4427/4427 4423/4423/4423
f 4427/4427/4427 4428/4428/4428 4423/4423/4423
f 4431/4431/4431 4430/4430/4430 4429/4429/4429
f 4432/4432/4432 4431/4431/4431 4429/4429/4429
f 4431/4431/4431 4432/4432/4432 4433/4433/4433
f 4434/4434/4434 4431/4431/4431 4433/4433/4433
f 4437/4437/4437 4436/4436/4436 4435/4435/4435
f 4438/4438/4438 4437/4437/4437 4435/4435/4435
f 4441/4441/4441 4440/4440/4440 4439/4439/4439
f 4442/4442/4442 4441/4441/4441 4439/4439/4439
f 4445/4445/4445 4444/4444/4444 4443/4443/4443
f 4446/4446/4446 4445/4445/4445 4443/4443/4443
f 4449/4449/4449 4448/4448/4448 4447/4447/4447
f 4450/4450/4450 4449/4449/4449 4447/4447/4447
f 4453/4453/4453 4452/4452/4452 4451/4451/4451
f 4454/4454/4454 4453/4453/4453 4451/4451/4451
f 4457/4457/4457 4456/4456/4456 4455/4455/4455
f 4458/4458/4458 4457/4457/4457 4455/4455/4455
f 4461/4461/4461 4460/4460/4460 4459/4459/4459
f 4462/4462/4462 4461/4461/4461 4459/4459/4459
f 4465/4465/4465 4464/4464/4464 4463/4463/4463
f 4466/4466/4466 4465/4465/4465 4463/4463/4463
f 4469/4469/4469 4468/4468/4468 4467/4467/4467
f 4470/4470/4470 4469/4469/4469 4467/4467/4467
f 4473/4473/4473 4472/4472/4472 4471/4471/4471
f 4474/4474/4474 4473/4473/4473 4471/4471/4471
f 4477/4477/4477 4476/4476/4476 4475/4475/4475
f 4478/4478/4478 4477/4477/4477 4475/4475/4475
f 4481/4481/4481 4480/4480/4480 4479/4479/4479
f 4482/4482/4482 4481/4481/4481 4479/4479/4479
f 4485/4485/4485 4484/4484/4484 4483/4483/4483
f 4486/4486/4486 4485/4485/4485 4483/4483/4483
f 4489/4489/4489 4488/4488/4488 4487/4487/4487
f 4490/4490/4490 4489/4489/4489 4487/4487/4487
f 4493/4493/4493 4492/4492/4492 4491/4491/4491
f 4494/4494/4494 4493/4493/4493 4491/4491/4491
f 4497/4497/4497 4496/4496/4496 4495/4495/4495
f 4498/4498/4498 4497/4497/4497 4495/4495/4495
f 4501/4501/4501 4500/4500/4500 4499/4499/4499
f 4501/4501/4501 4502/4502/4502 4500/4500/4500
f 4502/4502/4502 4503/4503/4503 4500/4500/4500
f 4502/4502/4502 4504/4504/4504 4503/4503/4503
f 4507/4507/4507 4506/4506/4506 4505/4505/4505
f 4507/4507/4507 4508/4508/4508 4506/4506/4506
f 4508/4508/4508 4509/4509/4509 4506/4506/4506
f 4508/4508/4508 4510/4510/4510 4509/4509/4509
f 4513/4513/4513 4512/4512/4512 4511/4511/4511
f 4513/4513/4513 4514/4514/4514 4512/4512/4512
f 4514/4514/4514 4515/4515/4515 4512/4512/4512
f 4514/4514/4514 4516/4516/4516 4515/4515/4515
f 4519/4519/4519 4518/4518/4518 4517/4517/4517
f 4519/4519/4519 4520/4520/4520 4518/4518/4518
f 4520/4520/4520 4521/4521/4521 4518/4518/4518
f 4520/4520/4520 4522/4522/4522 4521/4521/4521
f 4525/4525/4525 4524/4524/4524 4523/4523/4523
f 4525/4525/4525 4526/4526/4526 4524/4524/4524
f 4526/4526/4526 4527/4527/4527 4524/4524/4524
f 4526/4526/4526 4528/4528/4528 4527/4527/4527
f 4531/4531/4531 4530/4530/4530 4529/4529/4529
f 4531/4531/4531 4532/4532/4532 4530/4530/4530
f 4532/4532/4532 4533/4533/4533 4530/4530/4530
f 4532/4532/4532 4534/4534/4534 4533/4533/4533
f 4537/4537/4537 4536/4536/4536 4535/4535/4535
f 4538/4538/4538 4537/4537/4537 4535/4535/4535
f 4541/4541/4541 4540/4540/4540 4539/4539/4539
f 4542/4542/4542 4541/4541/4541 4539/4539/4539
f 4542/4542/4542 4539/4539/4539 4543/4543/4543
f 4543/4543/4543 4544/4544/4544 4542/4542/4542
f 4544/4544/4544 4545/4545/4545 4542/4542/4542
f 4542/4542/4542 4545/4545/4545 4541/4541/4541
f 4545/4545/4545 4544/4544/4544 4546/4546/4546
f 4546/4546/4546 4547/4547/4547 4545/4545/4545
f 4547/4547/4547 4548/4548/4548 4545/4545/4545
f 4545/4545/4545 4548/4548/4548 4541/4541/4541
f 4541/4541/4541 4548/4548/4548 4549/4549/4549
f 4548/4548/4548 4550/4550/4550 4549/4549/4549
f 4553/4553/4553 4552/4552/4552 4551/4551/4551
f 4552/4552/4552 4554/4554/4554 4551/4551/4551
f 4556/4556/4556 4554/4554/4554 4555/4555/4555
f 4558/4558/4558 4555/4555/4555 4557/4557/4557
f 4559/4559/4559 4558/4558/4558 4557/4557/4557
f 4557/4557/4557 4555/4555/4555 4560/4560/4560
f 4561/4561/4561 4558/4558/4558 4559/4559/4559
f 4555/4555/4555 4562/4562/4562 4560/4560/4560
f 4563/4563/4563 4561/4561/4561 4559/4559/4559
f 4560/4560/4560 4562/4562/4562 4563/4563/4563
f 4562/4562/4562 4561/4561/4561 4563/4563/4563
f 4566/4566/4566 4565/4565/4565 4564/4564/4564
f 4567/4567/4567 4566/4566/4566 4564/4564/4564
f 4570/4570/4570 4569/4569/4569 4568/4568/4568
f 4569/4569/4569 4571/4571/4571 4568/4568/4568
f 4571/4571/4571 4569/4569/4569 4572/4572/4572
f 4572/4572/4572 4573/4573/4573 4571/4571/4571
f 4573/4573/4573 4574/4574/4574 4571/4571/4571
f 4568/4568/4568 4571/4571/4571 4575/4575/4575
f 4571/4571/4571 4574/4574/4574 4575/4575/4575
f 4575/4575/4575 4574/4574/4574 4576/4576/4576
f 4574/4574/4574 4577/4577/4577 4576/4576/4576
f 4568/4568/4568 4575/4575/4575 4578/4578/4578
f 4575/4575/4575 4579/4579/4579 4578/4578/4578
f 4578/4578/4578 4580/4580/4580 4568/4568/4568
f 4583/4583/4583 4582/4582/4582 4581/4581/4581
f 4582/4582/4582 4584/4584/4584 4581/4581/4581
f 4581/4581/4581 4584/4584/4584 4585/4585/4585
f 4584/4584/4584 4586/4586/4586 4585/4585/4585
f 4585/4585/4585 4586/4586/4586 4587/4587/4587
f 4586/4586/4586 4588/4588/4588 4587/4587/4587
f 4591/4591/4591 4590/4590/4590 4589/4589/4589
f 4590/4590/4590 4592/4592/4592 4589/4589/4589
f 4592/4592/4592 4593/4593/4593 4589/4589/4589
f 4593/4593/4593 4594/4594/4594 4589/4589/4589
f 4597/4597/4597 4596/4596/4596 4595/4595/4595
f 4598/4598/4598 4597/4597/4597 4595/4595/4595
f 4599/4599/4599 4597/4597/4597 4598/4598/4598
f 4600/4600/4600 4599/4599/4599 4598/4598/4598
f 4601/4601/4601 4599/4599/4599 4600/4600/4600
f 4602/4602/4602 4601/4601/4601 4600/4600/4600
f 4605/4605/4605 4604/4604/4604 4603/4603/4603
f 4606/4606/4606 4605/4605/4605 4603/4603/4603
f 4606/4606/4606 4607/4607/4607 4605/4605/4605
f 4607/4607/4607 4608/4608/4608 4605/4605/4605
f 4611/4611/4611 4610/4610/4610 4609/4609/4609
f 4610/4610/4610 4612/4612/4612 4609/4609/4609
f 4609/4609/4609 4612/4612/4612 4613/4613/4613
f 4614/4614/4614 4609/4609/4609 4613/4613/4613
f 4614/4614/4614 4613/4613/4613 4615/4615/4615
f 4613/4613/4613 4616/4616/4616 4615/4615/4615
f 4619/4619/4619 4618/4618/4618 4617/4617/4617
f 4620/4620/4620 4619/4619/4619 4617/4617/4617
f 4620/4620/4620 4621/4621/4621 4619/4619/4619
f 4621/4621/4621 4622/4622/4622 4619/4619/4619
f 4623/4623/4623 4622/4622/4622 4621/4621/4621
f 4624/4624/4624 4623/4623/4623 4621/4621/4621
f 4627/4627/4627 4626/4626/4626 4625/4625/4625
f 4626/4626/4626 4628/4628/4628 4625/4625/4625
f 4628/4628/4628 4629/4629/4629 4625/4625/4625
f 4629/4629/4629 4630/4630/4630 4625/4625/4625
f 4625/4625/4625 4630/4630/4630 4631/4631/4631
f 4630/4630/4630 4632/4632/4632 4631/4631/4631
f 4632/4632/4632 4630/4630/4630 4633/4633/4633
f 4630/4630/4630 4634/4634/4634 4633/4633/4633
f 4634/4634/4634 4630/4630/4630 4629/4629/4629
f 4635/4635/4635 4629/4629/4629 4628/4628/4628
f 4636/4636/4636 4635/4635/4635 4628/4628/4628
f 4629/4629/4629 4635/4635/4635 4637/4637/4637
f 4637/4637/4637 4634/4634/4634 4629/4629/4629
f 4635/4635/4635 4638/4638/4638 4637/4637/4637
f 4637/4637/4637 4639/4639/4639 4634/4634/4634
f 4639/4639/4639 4640/4640/4640 4634/4634/4634
f 4641/4641/4641 4640/4640/4640 4639/4639/4639
f 4642/4642/4642 4640/4640/4640 4641/4641/4641
f 4643/4643/4643 4642/4642/4642 4641/4641/4641
f 4641/4641/4641 4644/4644/4644 4643/4643/4643
f 4644/4644/4644 4645/4645/4645 4643/4643/4643
f 4646/4646/4646 4641/4641/4641 4639/4639/4639
f 4645/4645/4645 4644/4644/4644 4647/4647/4647
f 4648/4648/4648 4645/4645/4645 4647/4647/4647
f 4647/4647/4647 4644/4644/4644 4649/4649/4649
f 4650/4650/4650 4646/4646/4646 4639/4639/4639
f 4651/4651/4651 4650/4650/4650 4639/4639/4639
f 4650/4650/4650 4652/4652/4652 4646/4646/4646
f 4652/4652/4652 4649/4649/4649 4646/4646/4646
f 4652/4652/4652 4653/4653/4653 4649/4649/4649
f 4653/4653/4653 4654/4654/4654 4649/4649/4649
f 4654/4654/4654 4647/4647/4647 4649/4649/4649
f 4647/4647/4647 4654/4654/4654 4655/4655/4655
f 4656/4656/4656 4647/4647/4647 4655/4655/4655
f 4657/4657/4657 4656/4656/4656 4655/4655/4655
f 4658/4658/4658 4657/4657/4657 4655/4655/4655
f 4658/4658/4658 4655/4655/4655 4659/4659/4659
f 4660/4660/4660 4658/4658/4658 4659/4659/4659
f 4658/4658/4658 4660/4660/4660 4661/4661/4661
f 4662/4662/4662 4658/4658/4658 4661/4661/4661
f 4658/4658/4658 4662/4662/4662 4657/4657/4657
f 4663/4663/4663 4662/4662/4662 4661/4661/4661
f 4663/4663/4663 4664/4664/4664 4662/4662/4662
f 4664/4664/4664 4665/4665/4665 4662/4662/4662
f 4662/4662/4662 4665/4665/4665 4657/4657/4657
f 4664/4664/4664 4666/4666/4666 4665/4665/4665
f 4666/4666/4666 4667/4667/4667 4665/4665/4665
f 4667/4667/4667 4657/4657/4657 4665/4665/4665
f 4657/4657/4657 4667/4667/4667 4656/4656/4656
f 4667/4667/4667 4668/4668/4668 4656/4656/4656
f 4671/4671/4671 4670/4670/4670 4669/4669/4669
f 4670/4670/4670 4672/4672/4672 4669/4669/4669
f 4672/4672/4672 4673/4673/4673 4669/4669/4669
f 4673/4673/4673 4674/4674/4674 4669/4669/4669
f 4675/4675/4675 4674/4674/4674 4673/4673/4673
f 4676/4676/4676 4675/4675/4675 4673/4673/4673
f 4679/4679/4679 4678/4678/4678 4677/4677/4677
f 4678/4678/4678 4680/4680/4680 4677/4677/4677
f 4680/4680/4680 4681/4681/4681 4677/4677/4677
f 4681/4681/4681 4682/4682/4682 4677/4677/4677
f 4677/4677/4677 4682/4682/4682 4683/4683/4683
f 4682/4682/4682 4684/4684/4684 4683/4683/4683
f 4684/4684/4684 4682/4682/4682 4685/4685/4685
f 4682/4682/4682 4686/4686/4686 4685/4685/4685
f 4682/4682/4682 4681/4681/4681 4686/4686/4686
f 4687/4687/4687 4681/4681/4681 4680/4680/4680
f 4688/4688/4688 4687/4687/4687 4680/4680/4680
f 4681/4681/4681 4687/4687/4687 4689/4689/4689
f 4681/4681/4681 4689/4689/4689 4686/4686/4686
f 4687/4687/4687 4690/4690/4690 4689/4689/4689
f 4689/4689/4689 4691/4691/4691 4686/4686/4686
f 4691/4691/4691 4692/4692/4692 4686/4686/4686
f 4692/4692/4692 4691/4691/4691 4693/4693/4693
f 4694/4694/4694 4692/4692/4692 4693/4693/4693
f 4695/4695/4695 4694/4694/4694 4693/4693/4693
f 4693/4693/4693 4696/4696/4696 4695/4695/4695
f 4696/4696/4696 4697/4697/4697 4695/4695/4695
f 4691/4691/4691 4698/4698/4698 4693/4693/4693
f 4697/4697/4697 4696/4696/4696 4699/4699/4699
f 4700/4700/4700 4697/4697/4697 4699/4699/4699
f 4696/4696/4696 4701/4701/4701 4699/4699/4699
f 4702/4702/4702 4698/4698/4698 4691/4691/4691
f 4703/4703/4703 4702/4702/4702 4691/4691/4691
f 4702/4702/4702 4704/4704/4704 4698/4698/4698
f 4704/4704/4704 4701/4701/4701 4698/4698/4698
f 4704/4704/4704 4705/4705/4705 4701/4701/4701
f 4705/4705/4705 4706/4706/4706 4701/4701/4701
f 4701/4701/4701 4706/4706/4706 4699/4699/4699
f 4699/4699/4699 4706/4706/4706 4707/4707/4707
f 4708/4708/4708 4699/4699/4699 4707/4707/4707
f 4709/4709/4709 4708/4708/4708 4707/4707/4707
f 4710/4710/4710 4709/4709/4709 4707/4707/4707
f 4710/4710/4710 4707/4707/4707 4711/4711/4711
f 4712/4712/4712 4710/4710/4710 4711/4711/4711
f 4712/4712/4712 4713/4713/4713 4710/4710/4710
f 4713/4713/4713 4714/4714/4714 4710/4710/4710
f 4710/4710/4710 4714/4714/4714 4709/4709/4709
f 4714/4714/4714 4713/4713/4713 4715/4715/4715
f 4715/4715/4715 4716/4716/4716 4714/4714/4714
f 4716/4716/4716 4717/4717/4717 4714/4714/4714
f 4714/4714/4714 4717/4717/4717 4709/4709/4709
f 4717/4717/4717 4716/4716/4716 4718/4718/4718
f 4717/4717/4717 4718/4718/4718 4719/4719/4719
f 4709/4709/4709 4717/4717/4717 4719/4719/4719
f 4709/4709/4709 4719/4719/4719 4708/4708/4708
f 4719/4719/4719 4720/4720/4720 4708/4708/4708
f 4723/4723/4723 4722/4722/4722 4721/4721/4721
f 4722/4722/4722 4724/4724/4724 4721/4721/4721
f 4721/4721/4721 4724/4724/4724 4725/4725/4725
f 4724/4724/4724 4726/4726/4726 4725/4725/4725
f 4725/4725/4725 4726/4726/4726 4727/4727/4727
f 4726/4726/4726 4728/4728/4728 4727/4727/4727
f 4731/4731/4731 4730/4730/4730 4729/4729/4729
f 4730/4730/4730 4732/4732/4732 4729/4729/4729
f 4729/4729/4729 4732/4732/4732 4733/4733/4733
f 4732/4732/4732 4734/4734/4734 4733/4733/4733
f 4733/4733/4733 4734/4734/4734 4735/4735/4735
f 4734/4734/4734 4736/4736/4736 4735/4735/4735
f 4739/4739/4739 4738/4738/4738 4737/4737/4737
f 4740/4740/4740 4739/4739/4739 4737/4737/4737
f 4743/4743/4743 4742/4742/4742 4741/4741/4741
f 4744/4744/4744 4743/4743/4743 4741/4741/4741
f 4747/4747/4747 4746/4746/4746 4745/4745/4745
f 4748/4748/4748 4747/4747/4747 4745/4745/4745
f 4751/4751/4751 4750/4750/4750 4749/4749/4749
f 4752/4752/4752 4751/4751/4751 4749/4749/4749
f 4755/4755/4755 4754/4754/4754 4753/4753/4753
f 4756/4756/4756 4755/4755/4755 4753/4753/4753
f 4759/4759/4759 4758/4758/4758 4757/4757/4757
f 4760/4760/4760 4759/4759/4759 4757/4757/4757
f 4763/4763/4763 4762/4762/4762 4761/4761/4761
f 4764/4764/4764 4763/4763/4763 4761/4761/4761
f 4767/4767/4767 4766/4766/4766 4765/4765/4765
f 4766/4766/4766 4768/4768/4768 4765/4765/4765
f 4765/4765/4765 4768/4768/4768 4769/4769/4769
f 4770/4770/4770 4765/4765/4765 4769/4769/4769
f 4770/4770/4770 4769/4769/4769 4771/4771/4771
f 4769/4769/4769 4772/4772/4772 4771/4771/4771
f 4769/4769/4769 4768/4768/4768 4773/4773/4773
f 4772/4772/4772 4769/4769/4769 4773/4773/4773
f 4774/4774/4774 4768/4768/4768 4766/4766/4766
f 4768/4768/4768 4774/4774/4774 4773/4773/4773
f 4772/4772/4772 4773/4773/4773 4775/4775/4775
f 4775/4775/4775 4776/4776/4776 4772/4772/4772
f 4766/4766/4766 4777/4777/4777 4774/4774/4774
f 4766/4766/4766 4778/4778/4778 4777/4777/4777
f 4775/4775/4775 4773/4773/4773 4779/4779/4779
f 4773/4773/4773 4774/4774/4774 4780/4780/4780
f 4779/4779/4779 4773/4773/4773 4780/4780/4780
f 4774/4774/4774 4777/4777/4777 4781/4781/4781
f 4780/4780/4780 4774/4774/4774 4781/4781/4781
f 4781/4781/4781 4777/4777/4777 4782/4782/4782
f 4777/4777/4777 4783/4783/4783 4782/4782/4782
f 4782/4782/4782 4783/4783/4783 4784/4784/4784
f 4783/4783/4783 4785/4785/4785 4784/4784/4784
f 4786/4786/4786 4775/4775/4775 4779/4779/4779
f 4787/4787/4787 4775/4775/4775 4786/4786/4786
f 4780/4780/4780 4781/4781/4781 4788/4788/4788
f 4781/4781/4781 4789/4789/4789 4788/4788/4788
f 4788/4788/4788 4790/4790/4790 4780/4780/4780
f 4790/4790/4790 4788/4788/4788 4791/4791/4791
f 4779/4779/4779 4780/4780/4780 4792/4792/4792
f 4780/4780/4780 4790/4790/4790 4792/4792/4792
f 4786/4786/4786 4779/4779/4779 4793/4793/4793
f 4779/4779/4779 4792/4792/4792 4793/4793/4793
f 4793/4793/4793 4794/4794/4794 4786/4786/4786
f 4795/4795/4795 4787/4787/4787 4786/4786/4786
f 4793/4793/4793 4792/4792/4792 4796/4796/4796
f 4792/4792/4792 4790/4790/4790 4796/4796/4796
f 4797/4797/4797 4793/4793/4793 4796/4796/4796
f 4790/4790/4790 4798/4798/4798 4796/4796/4796
f 4798/4798/4798 4790/4790/4790 4791/4791/4791
f 4797/4797/4797 4796/4796/4796 4799/4799/4799
f 4796/4796/4796 4798/4798/4798 4799/4799/4799
f 4800/4800/4800 4798/4798/4798 4791/4791/4791
f 4798/4798/4798 4800/4800/4800 4799/4799/4799
f 4797/4797/4797 4799/4799/4799 4801/4801/4801
f 4801/4801/4801 4802/4802/4802 4797/4797/4797
f 4799/4799/4799 4803/4803/4803 4801/4801/4801
f 4799/4799/4799 4800/4800/4800 4803/4803/4803
f 4791/4791/4791 4804/4804/4804 4800/4800/4800
f 4791/4791/4791 4805/4805/4805 4804/4804/4804
f 4803/4803/4803 4806/4806/4806 4801/4801/4801
f 4801/4801/4801 4806/4806/4806 4807/4807/4807
f 4800/4800/4800 4804/4804/4804 4808/4808/4808
f 4808/4808/4808 4804/4804/4804 4809/4809/4809
f 4804/4804/4804 4810/4810/4810 4809/4809/4809
f 4809/4809/4809 4810/4810/4810 4811/4811/4811
f 4810/4810/4810 4812/4812/4812 4811/4811/4811
f 4813/4813/4813 4800/4800/4800 4808/4808/4808
f 4800/4800/4800 4813/4813/4813 4803/4803/4803
f 4813/4813/4813 4808/4808/4808 4814/4814/4814
f 4808/4808/4808 4815/4815/4815 4814/4814/4814
f 4814/4814/4814 4816/4816/4816 4813/4813/4813
f 4816/4816/4816 4814/4814/4814 4817/4817/4817
f 4818/4818/4818 4816/4816/4816 4817/4817/4817
f 4816/4816/4816 4818/4818/4818 4819/4819/4819
f 4813/4813/4813 4816/4816/4816 4820/4820/4820
f 4803/4803/4803 4813/4813/4813 4820/4820/4820
f 4820/4820/4820 4816/4816/4816 4819/4819/4819
f 4803/4803/4803 4820/4820/4820 4821/4821/4821
f 4821/4821/4821 4820/4820/4820 4819/4819/4819
f 4822/4822/4822 4821/4821/4821 4819/4819/4819
f 4806/4806/4806 4803/4803/4803 4821/4821/4821
f 4821/4821/4821 4823/4823/4823 4806/4806/4806
f 4806/4806/4806 4824/4824/4824 4807/4807/4807
f 4807/4807/4807 4824/4824/4824 4825/4825/4825
f 4826/4826/4826 4807/4807/4807 4825/4825/4825
f 4826/4826/4826 4827/4827/4827 4807/4807/4807
f 4824/4824/4824 4828/4828/4828 4825/4825/4825
f 4828/4828/4828 4824/4824/4824 4829/4829/4829
f 4824/4824/4824 4830/4830/4830 4829/4829/4829
f 4829/4829/4829 4831/4831/4831 4828/4828/4828
f 4831/4831/4831 4829/4829/4829 4832/4832/4832
f 4833/4833/4833 4831/4831/4831 4832/4832/4832
f 4831/4831/4831 4833/4833/4833 4834/4834/4834
f 4835/4835/4835 4831/4831/4831 4834/4834/4834
f 4831/4831/4831 4835/4835/4835 4828/4828/4828
f 4836/4836/4836 4835/4835/4835 4834/4834/4834
f 4837/4837/4837 4836/4836/4836 4834/4834/4834
f 4835/4835/4835 4838/4838/4838 4828/4828/4828
f 4838/4838/4838 4835/4835/4835 4836/4836/4836
f 4825/4825/4825 4828/4828/4828 4839/4839/4839
f 4828/4828/4828 4838/4838/4838 4839/4839/4839
f 4825/4825/4825 4840/4840/4840 4826/4826/4826
f 4825/4825/4825 4839/4839/4839 4840/4840/4840
f 4841/4841/4841 4838/4838/4838 4836/4836/4836
f 4836/4836/4836 4842/4842/4842 4841/4841/4841
f 4840/4840/4840 4843/4843/4843 4826/4826/4826
f 4843/4843/4843 4844/4844/4844 4826/4826/4826
f 4838/4838/4838 4841/4841/4841 4845/4845/4845
f 4839/4839/4839 4838/4838/4838 4845/4845/4845
f 4846/4846/4846 4845/4845/4845 4841/4841/4841
f 4847/4847/4847 4846/4846/4846 4841/4841/4841
f 4848/4848/4848 4846/4846/4846 4847/4847/4847
f 4849/4849/4849 4848/4848/4848 4847/4847/4847
f 4839/4839/4839 4850/4850/4850 4840/4840/4840
f 4840/4840/4840 4850/4850/4850 4843/4843/4843
f 4851/4851/4851 4839/4839/4839 4845/4845/4845
f 4851/4851/4851 4850/4850/4850 4839/4839/4839
f 4845/4845/4845 4852/4852/4852 4851/4851/4851
f 4851/4851/4851 4853/4853/4853 4850/4850/4850
f 4850/4850/4850 4854/4854/4854 4843/4843/4843
f 4853/4853/4853 4854/4854/4854 4850/4850/4850
f 4844/4844/4844 4843/4843/4843 4855/4855/4855
f 4843/4843/4843 4854/4854/4854 4855/4855/4855
f 4856/4856/4856 4854/4854/4854 4853/4853/4853
f 4854/4854/4854 4856/4856/4856 4855/4855/4855
f 4855/4855/4855 4795/4795/4795 4844/4844/4844
f 4795/4795/4795 4857/4857/4857 4844/4844/4844
f 4855/4855/4855 4858/4858/4858 4795/4795/4795
f 4855/4855/4855 4856/4856/4856 4858/4858/4858
f 4858/4858/4858 4787/4787/4787 4795/4795/4795
f 4859/4859/4859 4856/4856/4856 4853/4853/4853
f 4853/4853/4853 4860/4860/4860 4859/4859/4859
f 4861/4861/4861 4787/4787/4787 4858/4858/4858
f 4861/4861/4861 4862/4862/4862 4787/4787/4787
f 4859/4859/4859 4863/4863/4863 4856/4856/4856
f 4856/4856/4856 4864/4864/4864 4858/4858/4858
f 4863/4863/4863 4864/4864/4864 4856/4856/4856
f 4865/4865/4865 4863/4863/4863 4859/4859/4859
f 4866/4866/4866 4865/4865/4865 4859/4859/4859
f 4867/4867/4867 4865/4865/4865 4866/4866/4866
f 4868/4868/4868 4867/4867/4867 4866/4866/4866
f 4858/4858/4858 4869/4869/4869 4861/4861/4861
f 4858/4858/4858 4864/4864/4864 4869/4869/4869
f 4870/4870/4870 4864/4864/4864 4863/4863/4863
f 4863/4863/4863 4871/4871/4871 4870/4870/4870
f 4870/4870/4870 4872/4872/4872 4864/4864/4864
f 4864/4864/4864 4872/4872/4872 4869/4869/4869
f 4872/4872/4872 4870/4870/4870 4873/4873/4873
f 4874/4874/4874 4872/4872/4872 4873/4873/4873
f 4874/4874/4874 4875/4875/4875 4872/4872/4872
f 4875/4875/4875 4869/4869/4869 4872/4872/4872
f 4861/4861/4861 4869/4869/4869 4875/4875/4875
f 4876/4876/4876 4861/4861/4861 4875/4875/4875
f 4879/4879/4879 4878/4878/4878 4877/4877/4877
f 4878/4878/4878 4880/4880/4880 4877/4877/4877
f 4880/4880/4880 4881/4881/4881 4877/4877/4877
f 4881/4881/4881 4882/4882/4882 4877/4877/4877
f 4882/4882/4882 4881/4881/4881 4883/4883/4883
f 4881/4881/4881 4884/4884/4884 4883/4883/4883
f 4881/4881/4881 4880/4880/4880 4885/4885/4885
f 4884/4884/4884 4881/4881/4881 4885/4885/4885
f 4886/4886/4886 4880/4880/4880 4878/4878/4878
f 4880/4880/4880 4886/4886/4886 4885/4885/4885
f 4884/4884/4884 4885/4885/4885 4887/4887/4887
f 4887/4887/4887 4888/4888/4888 4884/4884/4884
f 4887/4887/4887 4885/4885/4885 4889/4889/4889
f 4885/4885/4885 4886/4886/4886 4889/4889/4889
f 4878/4878/4878 4890/4890/4890 4886/4886/4886
f 4878/4878/4878 4891/4891/4891 4890/4890/4890
f 4892/4892/4892 4887/4887/4887 4889/4889/4889
f 4887/4887/4887 4892/4892/4892 4893/4893/4893
f 4890/4890/4890 4894/4894/4894 4886/4886/4886
f 4894/4894/4894 4890/4890/4890 4895/4895/4895
f 4890/4890/4890 4896/4896/4896 4895/4895/4895
f 4895/4895/4895 4896/4896/4896 4897/4897/4897
f 4896/4896/4896 4898/4898/4898 4897/4897/4897
f 4894/4894/4894 4899/4899/4899 4886/4886/4886
f 4886/4886/4886 4899/4899/4899 4889/4889/4889
f 4899/4899/4899 4894/4894/4894 4900/4900/4900
f 4894/4894/4894 4901/4901/4901 4900/4900/4900
f 4900/4900/4900 4902/4902/4902 4899/4899/4899
f 4900/4900/4900 4903/4903/4903 4902/4902/4902
f 4889/4889/4889 4899/4899/4899 4904/4904/4904
f 4899/4899/4899 4902/4902/4902 4904/4904/4904
f 4892/4892/4892 4889/4889/4889 4905/4905/4905
f 4889/4889/4889 4904/4904/4904 4905/4905/4905
f 4905/4905/4905 4906/4906/4906 4892/4892/4892
f 4904/4904/4904 4907/4907/4907 4905/4905/4905
f 4907/4907/4907 4904/4904/4904 4902/4902/4902
f 4907/4907/4907 4908/4908/4908 4905/4905/4905
f 4909/4909/4909 4907/4907/4907 4902/4902/4902
f 4903/4903/4903 4909/4909/4909 4902/4902/4902
f 4908/4908/4908 4907/4907/4907 4910/4910/4910
f 4907/4907/4907 4909/4909/4909 4910/4910/4910
f 4911/4911/4911 4909/4909/4909 4903/4903/4903
f 4909/4909/4909 4911/4911/4911 4910/4910/4910
f 4908/4908/4908 4910/4910/4910 4912/4912/4912
f 4912/4912/4912 4913/4913/4913 4908/4908/4908
f 4903/4903/4903 4914/4914/4914 4911/4911/4911
f 4903/4903/4903 4915/4915/4915 4914/4914/4914
f 4910/4910/4910 4916/4916/4916 4912/4912/4912
f 4911/4911/4911 4917/4917/4917 4910/4910/4910
f 4917/4917/4917 4916/4916/4916 4910/4910/4910
f 4914/4914/4914 4918/4918/4918 4911/4911/4911
f 4918/4918/4918 4917/4917/4917 4911/4911/4911
f 4918/4918/4918 4914/4914/4914 4919/4919/4919
f 4914/4914/4914 4920/4920/4920 4919/4919/4919
f 4919/4919/4919 4920/4920/4920 4921/4921/4921
f 4920/4920/4920 4922/4922/4922 4921/4921/4921
f 4916/4916/4916 4923/4923/4923 4912/4912/4912
f 4924/4924/4924 4912/4912/4912 4923/4923/4923
f 4917/4917/4917 4918/4918/4918 4925/4925/4925
f 4918/4918/4918 4926/4926/4926 4925/4925/4925
f 4925/4925/4925 4927/4927/4927 4917/4917/4917
f 4927/4927/4927 4925/4925/4925 4928/4928/4928
f 4929/4929/4929 4927/4927/4927 4928/4928/4928
f 4917/4917/4917 4927/4927/4927 4930/4930/4930
f 4927/4927/4927 4929/4929/4929 4930/4930/4930
f 4916/4916/4916 4917/4917/4917 4930/4930/4930
f 4929/4929/4929 4931/4931/4931 4930/4930/4930
f 4916/4916/4916 4930/4930/4930 4932/4932/4932
f 4932/4932/4932 4930/4930/4930 4931/4931/4931
f 4923/4923/4923 4916/4916/4916 4932/4932/4932
f 4933/4933/4933 4932/4932/4932 4931/4931/4931
f 4932/4932/4932 4934/4934/4934 4923/4923/4923
f 4935/4935/4935 4924/4924/4924 4923/4923/4923
f 4924/4924/4924 4935/4935/4935 4936/4936/4936
f 4937/4937/4937 4924/4924/4924 4936/4936/4936
f 4937/4937/4937 4938/4938/4938 4924/4924/4924
f 4935/4935/4935 4939/4939/4939 4936/4936/4936
f 4939/4939/4939 4935/4935/4935 4940/4940/4940
f 4935/4935/4935 4941/4941/4941 4940/4940/4940
f 4940/4940/4940 4942/4942/4942 4939/4939/4939
f 4942/4942/4942 4940/4940/4940 4943/4943/4943
f 4944/4944/4944 4942/4942/4942 4943/4943/4943
f 4942/4942/4942 4944/4944/4944 4945/4945/4945
f 4942/4942/4942 4945/4945/4945 4939/4939/4939
f 4944/4944/4944 4946/4946/4946 4945/4945/4945
f 4945/4945/4945 4947/4947/4947 4939/4939/4939
f 4939/4939/4939 4947/4947/4947 4936/4936/4936
f 4948/4948/4948 4945/4945/4945 4946/4946/4946
f 4947/4947/4947 4945/4945/4945 4948/4948/4948
f 4949/4949/4949 4948/4948/4948 4946/4946/4946
f 4950/4950/4950 4947/4947/4947 4948/4948/4948
f 4948/4948/4948 4951/4951/4951 4950/4950/4950
f 4947/4947/4947 4950/4950/4950 4952/4952/4952
f 4950/4950/4950 4953/4953/4953 4952/4952/4952
f 4947/4947/4947 4954/4954/4954 4936/4936/4936
f 4954/4954/4954 4947/4947/4947 4952/4952/4952
f 4953/4953/4953 4955/4955/4955 4952/4952/4952
f 4956/4956/4956 4955/4955/4955 4953/4953/4953
f 4957/4957/4957 4956/4956/4956 4953/4953/4953
f 4936/4936/4936 4954/4954/4954 4958/4958/4958
f 4936/4936/4936 4958/4958/4958 4937/4937/4937
f 4959/4959/4959 4954/4954/4954 4952/4952/4952
f 4952/4952/4952 4960/4960/4960 4959/4959/4959
f 4959/4959/4959 4961/4961/4961 4954/4954/4954
f 4954/4954/4954 4961/4961/4961 4958/4958/4958
f 4961/4961/4961 4959/4959/4959 4962/4962/4962
f 4937/4937/4937 4958/4958/4958 4963/4963/4963
f 4963/4963/4963 4958/4958/4958 4961/4961/4961
f 4964/4964/4964 4937/4937/4937 4963/4963/4963
f 4965/4965/4965 4963/4963/4963 4961/4961/4961
f 4965/4965/4965 4961/4961/4961 4962/4962/4962
f 4964/4964/4964 4963/4963/4963 4966/4966/4966
f 4963/4963/4963 4965/4965/4965 4966/4966/4966
f 4967/4967/4967 4965/4965/4965 4962/4962/4962
f 4965/4965/4965 4967/4967/4967 4966/4966/4966
f 4966/4966/4966 4968/4968/4968 4964/4964/4964
f 4968/4968/4968 4969/4969/4969 4964/4964/4964
f 4970/4970/4970 4967/4967/4967 4962/4962/4962
f 4962/4962/4962 4971/4971/4971 4970/4970/4970
f 4966/4966/4966 4972/4972/4972 4968/4968/4968
f 4967/4967/4967 4973/4973/4973 4966/4966/4966
f 4973/4973/4973 4972/4972/4972 4966/4966/4966
f 4970/4970/4970 4974/4974/4974 4967/4967/4967
f 4974/4974/4974 4973/4973/4973 4967/4967/4967
f 4975/4975/4975 4974/4974/4974 4970/4970/4970
f 4976/4976/4976 4975/4975/4975 4970/4970/4970
f 4977/4977/4977 4975/4975/4975 4976/4976/4976
f 4978/4978/4978 4977/4977/4977 4976/4976/4976
f 4972/4972/4972 4893/4893/4893 4968/4968/4968
f 4892/4892/4892 4968/4968/4968 4893/4893/4893
f 4979/4979/4979 4893/4893/4893 4972/4972/4972
f 4979/4979/4979 4980/4980/4980 4893/4893/4893
f 4972/4972/4972 4981/4981/4981 4979/4979/4979
f 4972/4972/4972 4973/4973/4973 4981/4981/4981
f 4982/4982/4982 4973/4973/4973 4974/4974/4974
f 4974/4974/4974 4983/4983/4983 4982/4982/4982
f 4982/4982/4982 4984/4984/4984 4973/4973/4973
f 4973/4973/4973 4984/4984/4984 4981/4981/4981
f 4984/4984/4984 4982/4982/4982 4985/4985/4985
f 4986/4986/4986 4984/4984/4984 4985/4985/4985
f 4984/4984/4984 4986/4986/4986 4987/4987/4987
f 4981/4981/4981 4984/4984/4984 4987/4987/4987
f 4979/4979/4979 4981/4981/4981 4987/4987/4987
f 4988/4988/4988 4979/4979/4979 4987/4987/4987
f 4991/4991/4991 4990/4990/4990 4989/4989/4989
f 4990/4990/4990 4992/4992/4992 4989/4989/4989
f 4989/4989/4989 4992/4992/4992 4993/4993/4993
f 4994/4994/4994 4989/4989/4989 4993/4993/4993
f 4994/4994/4994 4993/4993/4993 4995/4995/4995
f 4993/4993/4993 4996/4996/4996 4995/4995/4995
f 4993/4993/4993 4992/4992/4992 4997/4997/4997
f 4996/4996/4996 4993/4993/4993 4997/4997/4997
f 4998/4998/4998 4992/4992/4992 4990/4990/4990
f 4992/4992/4992 4998/4998/4998 4997/4997/4997
f 4996/4996/4996 4997/4997/4997 4999/4999/4999
f 4999/4999/4999 5000/5000/5000 4996/4996/4996
f 4990/4990/4990 5001/5001/5001 4998/4998/4998
f 4990/4990/4990 5002/5002/5002 5001/5001/5001
f 4997/4997/4997 5003/5003/5003 4999/4999/4999
f 4997/4997/4997 4998/4998/4998 5004/5004/5004
f 5003/5003/5003 4997/4997/4997 5004/5004/5004
f 4998/4998/4998 5001/5001/5001 5005/5005/5005
f 5004/5004/5004 4998/4998/4998 5005/5005/5005
f 5005/5005/5005 5001/5001/5001 5006/5006/5006
f 5001/5001/5001 5007/5007/5007 5006/5006/5006
f 5006/5006/5006 5007/5007/5007 5008/5008/5008
f 5007/5007/5007 5009/5009/5009 5008/5008/5008
f 5003/5003/5003 5010/5010/5010 4999/4999/4999
f 4999/4999/4999 5010/5010/5010 5011/5011/5011
f 5004/5004/5004 5005/5005/5005 5012/5012/5012
f 5005/5005/5005 5013/5013/5013 5012/5012/5012
f 5012/5012/5012 5014/5014/5014 5004/5004/5004
f 5014/5014/5014 5012/5012/5012 5015/5015/5015
f 5003/5003/5003 5004/5004/5004 5016/5016/5016
f 5004/5004/5004 5014/5014/5014 5016/5016/5016
f 5010/5010/5010 5003/5003/5003 5017/5017/5017
f 5003/5003/5003 5016/5016/5016 5017/5017/5017
f 5017/5017/5017 5018/5018/5018 5010/5010/5010
f 5010/5010/5010 5019/5019/5019 5011/5011/5011
f 5017/5017/5017 5016/5016/5016 5020/5020/5020
f 5016/5016/5016 5014/5014/5014 5020/5020/5020
f 5021/5021/5021 5017/5017/5017 5020/5020/5020
f 5014/5014/5014 5022/5022/5022 5020/5020/5020
f 5022/5022/5022 5014/5014/5014 5015/5015/5015
f 5021/5021/5021 5020/5020/5020 5023/5023/5023
f 5020/5020/5020 5022/5022/5022 5023/5023/5023
f 5024/5024/5024 5022/5022/5022 5015/5015/5015
f 5022/5022/5022 5024/5024/5024 5023/5023/5023
f 5021/5021/5021 5023/5023/5023 5025/5025/5025
f 5025/5025/5025 5026/5026/5026 5021/5021/5021
f 5025/5025/5025 5023/5023/5023 5027/5027/5027
f 5027/5027/5027 5023/5023/5023 5024/5024/5024
f 5015/5015/5015 5028/5028/5028 5024/5024/5024
f 5015/5015/5015 5029/5029/5029 5028/5028/5028
f 5030/5030/5030 5025/5025/5025 5027/5027/5027
f 5031/5031/5031 5025/5025/5025 5030/5030/5030
f 5024/5024/5024 5028/5028/5028 5032/5032/5032
f 5032/5032/5032 5028/5028/5028 5033/5033/5033
f 5028/5028/5028 5034/5034/5034 5033/5033/5033
f 5033/5033/5033 5034/5034/5034 5035/5035/5035
f 5034/5034/5034 5036/5036/5036 5035/5035/5035
f 5037/5037/5037 5024/5024/5024 5032/5032/5032
f 5037/5037/5037 5027/5027/5027 5024/5024/5024
f 5037/5037/5037 5032/5032/5032 5038/5038/5038
f 5032/5032/5032 5039/5039/5039 5038/5038/5038
f 5038/5038/5038 5040/5040/5040 5037/5037/5037
f 5040/5040/5040 5038/5038/5038 5041/5041/5041
f 5042/5042/5042 5040/5040/5040 5041/5041/5041
f 5040/5040/5040 5042/5042/5042 5043/5043/5043
f 5037/5037/5037 5040/5040/5040 5044/5044/5044
f 5027/5027/5027 5037/5037/5037 5044/5044/5044
f 5044/5044/5044 5040/5040/5040 5043/5043/5043
f 5027/5027/5027 5044/5044/5044 5045/5045/5045
f 5045/5045/5045 5044/5044/5044 5043/5043/5043
f 5046/5046/5046 5045/5045/5045 5043/5043/5043
f 5030/5030/5030 5027/5027/5027 5045/5045/5045
f 5045/5045/5045 5047/5047/5047 5030/5030/5030
f 5048/5048/5048 5031/5031/5031 5030/5030/5030
f 5049/5049/5049 5031/5031/5031 5048/5048/5048
f 5050/5050/5050 5031/5031/5031 5049/5049/5049
f 5050/5050/5050 5051/5051/5051 5031/5031/5031
f 5052/5052/5052 5049/5049/5049 5048/5048/5048
f 5052/5052/5052 5048/5048/5048 5053/5053/5053
f 5048/5048/5048 5054/5054/5054 5053/5053/5053
f 5053/5053/5053 5055/5055/5055 5052/5052/5052
f 5055/5055/5055 5053/5053/5053 5056/5056/5056
f 5057/5057/5057 5055/5055/5055 5056/5056/5056
f 5055/5055/5055 5057/5057/5057 5058/5058/5058
f 5059/5059/5059 5055/5055/5055 5058/5058/5058
f 5055/5055/5055 5059/5059/5059 5052/5052/5052
f 5060/5060/5060 5059/5059/5059 5058/5058/5058
f 5061/5061/5061 5060/5060/5060 5058/5058/5058
f 5059/5059/5059 5062/5062/5062 5052/5052/5052
f 5062/5062/5062 5059/5059/5059 5060/5060/5060
f 5049/5049/5049 5052/5052/5052 5063/5063/5063
f 5052/5052/5052 5062/5062/5062 5063/5063/5063
f 5049/5049/5049 5064/5064/5064 5050/5050/5050
f 5049/5049/5049 5063/5063/5063 5064/5064/5064
f 5065/5065/5065 5062/5062/5062 5060/5060/5060
f 5060/5060/5060 5066/5066/5066 5065/5065/5065
f 5064/5064/5064 5067/5067/5067 5050/5050/5050
f 5067/5067/5067 5068/5068/5068 5050/5050/5050
f 5062/5062/5062 5065/5065/5065 5069/5069/5069
f 5063/5063/5063 5062/5062/5062 5069/5069/5069
f 5070/5070/5070 5069/5069/5069 5065/5065/5065
f 5071/5071/5071 5070/5070/5070 5065/5065/5065
f 5072/5072/5072 5070/5070/5070 5071/5071/5071
f 5073/5073/5073 5072/5072/5072 5071/5071/5071
f 5063/5063/5063 5074/5074/5074 5064/5064/5064
f 5067/5067/5067 5064/5064/5064 5074/5074/5074
f 5075/5075/5075 5063/5063/5063 5069/5069/5069
f 5075/5075/5075 5074/5074/5074 5063/5063/5063
f 5069/5069/5069 5076/5076/5076 5075/5075/5075
f 5075/5075/5075 5077/5077/5077 5074/5074/5074
f 5078/5078/5078 5067/5067/5067 5074/5074/5074
f 5077/5077/5077 5078/5078/5078 5074/5074/5074
f 5068/5068/5068 5067/5067/5067 5079/5079/5079
f 5079/5079/5079 5067/5067/5067 5078/5078/5078
f 5080/5080/5080 5078/5078/5078 5077/5077/5077
f 5080/5080/5080 5079/5079/5079 5078/5078/5078
f 5079/5079/5079 5019/5019/5019 5068/5068/5068
f 5019/5019/5019 5081/5081/5081 5068/5068/5068
f 5079/5079/5079 5082/5082/5082 5019/5019/5019
f 5079/5079/5079 5080/5080/5080 5082/5082/5082
f 5082/5082/5082 5011/5011/5011 5019/5019/5019
f 5083/5083/5083 5080/5080/5080 5077/5077/5077
f 5077/5077/5077 5084/5084/5084 5083/5083/5083
f 5085/5085/5085 5011/5011/5011 5082/5082/5082
f 5085/5085/5085 5086/5086/5086 5011/5011/5011
f 5083/5083/5083 5087/5087/5087 5080/5080/5080
f 5080/5080/5080 5088/5088/5088 5082/5082/5082
f 5087/5087/5087 5088/5088/5088 5080/5080/5080
f 5089/5089/5089 5087/5087/5087 5083/5083/5083
f 5090/5090/5090 5089/5089/5089 5083/5083/5083
f 5091/5091/5091 5089/5089/5089 5090/5090/5090
f 5092/5092/5092 5091/5091/5091 5090/5090/5090
f 5082/5082/5082 5093/5093/5093 5085/5085/5085
f 5082/5082/5082 5088/5088/5088 5093/5093/5093
f 5094/5094/5094 5088/5088/5088 5087/5087/5087
f 5087/5087/5087 5095/5095/5095 5094/5094/5094
f 5094/5094/5094 5096/5096/5096 5088/5088/5088
f 5088/5088/5088 5096/5096/5096 5093/5093/5093
f 5096/5096/5096 5094/5094/5094 5097/5097/5097
f 5098/5098/5098 5096/5096/5096 5097/5097/5097
f 5098/5098/5098 5099/5099/5099 5096/5096/5096
f 5099/5099/5099 5093/5093/5093 5096/5096/5096
f 5085/5085/5085 5093/5093/5093 5099/5099/5099
f 5100/5100/5100 5085/5085/5085 5099/5099/5099
f 5103/5103/5103 5102/5102/5102 5101/5101/5101
f 5102/5102/5102 5104/5104/5104 5101/5101/5101
f 5104/5104/5104 5105/5105/5105 5101/5101/5101
f 5105/5105/5105 5106/5106/5106 5101/5101/5101
f 5106/5106/5106 5105/5105/5105 5107/5107/5107
f 5105/5105/5105 5108/5108/5108 5107/5107/5107
f 5105/5105/5105 5104/5104/5104 5109/5109/5109
f 5108/5108/5108 5105/5105/5105 5109/5109/5109
f 5110/5110/5110 5104/5104/5104 5102/5102/5102
f 5104/5104/5104 5110/5110/5110 5109/5109/5109
f 5108/5108/5108 5109/5109/5109 5111/5111/5111
f 5111/5111/5111 5112/5112/5112 5108/5108/5108
f 5109/5109/5109 5113/5113/5113 5111/5111/5111
f 5109/5109/5109 5110/5110/5110 5113/5113/5113
f 5102/5102/5102 5114/5114/5114 5110/5110/5110
f 5102/5102/5102 5115/5115/5115 5114/5114/5114
f 5113/5113/5113 5116/5116/5116 5111/5111/5111
f 5117/5117/5117 5111/5111/5111 5116/5116/5116
f 5110/5110/5110 5114/5114/5114 5118/5118/5118
f 5118/5118/5118 5114/5114/5114 5119/5119/5119
f 5114/5114/5114 5120/5120/5120 5119/5119/5119
f 5119/5119/5119 5120/5120/5120 5121/5121/5121
f 5120/5120/5120 5122/5122/5122 5121/5121/5121
f 5123/5123/5123 5110/5110/5110 5118/5118/5118
f 5110/5110/5110 5123/5123/5123 5113/5113/5113
f 5123/5123/5123 5118/5118/5118 5124/5124/5124
f 5118/5118/5118 5125/5125/5125 5124/5124/5124
f 5124/5124/5124 5126/5126/5126 5123/5123/5123
f 5124/5124/5124 5127/5127/5127 5126/5126/5126
f 5113/5113/5113 5123/5123/5123 5128/5128/5128
f 5123/5123/5123 5126/5126/5126 5128/5128/5128
f 5113/5113/5113 5128/5128/5128 5129/5129/5129
f 5116/5116/5116 5113/5113/5113 5129/5129/5129
f 5129/5129/5129 5130/5130/5130 5116/5116/5116
f 5128/5128/5128 5131/5131/5131 5129/5129/5129
f 5131/5131/5131 5128/5128/5128 5126/5126/5126
f 5131/5131/5131 5132/5132/5132 5129/5129/5129
f 5133/5133/5133 5131/5131/5131 5126/5126/5126
f 5127/5127/5127 5133/5133/5133 5126/5126/5126
f 5132/5132/5132 5131/5131/5131 5134/5134/5134
f 5131/5131/5131 5133/5133/5133 5134/5134/5134
f 5135/5135/5135 5133/5133/5133 5127/5127/5127
f 5133/5133/5133 5135/5135/5135 5134/5134/5134
f 5132/5132/5132 5134/5134/5134 5136/5136/5136
f 5136/5136/5136 5137/5137/5137 5132/5132/5132
f 5127/5127/5127 5138/5138/5138 5135/5135/5135
f 5127/5127/5127 5139/5139/5139 5138/5138/5138
f 5136/5136/5136 5134/5134/5134 5140/5140/5140
f 5135/5135/5135 5141/5141/5141 5134/5134/5134
f 5141/5141/5141 5140/5140/5140 5134/5134/5134
f 5138/5138/5138 5142/5142/5142 5135/5135/5135
f 5142/5142/5142 5141/5141/5141 5135/5135/5135
f 5142/5142/5142 5138/5138/5138 5143/5143/5143
f 5138/5138/5138 5144/5144/5144 5143/5143/5143
f 5143/5143/5143 5144/5144/5144 5145/5145/5145
f 5144/5144/5144 5146/5146/5146 5145/5145/5145
f 5147/5147/5147 5136/5136/5136 5140/5140/5140
f 5136/5136/5136 5147/5147/5147 5148/5148/5148
f 5141/5141/5141 5142/5142/5142 5149/5149/5149
f 5142/5142/5142 5150/5150/5150 5149/5149/5149
f 5149/5149/5149 5151/5151/5151 5141/5141/5141
f 5151/5151/5151 5149/5149/5149 5152/5152/5152
f 5153/5153/5153 5151/5151/5151 5152/5152/5152
f 5141/5141/5141 5151/5151/5151 5154/5154/5154
f 5151/5151/5151 5153/5153/5153 5154/5154/5154
f 5140/5140/5140 5141/5141/5141 5154/5154/5154
f 5153/5153/5153 5155/5155/5155 5154/5154/5154
f 5140/5140/5140 5154/5154/5154 5156/5156/5156
f 5156/5156/5156 5154/5154/5154 5155/5155/5155
f 5147/5147/5147 5140/5140/5140 5156/5156/5156
f 5157/5157/5157 5156/5156/5156 5155/5155/5155
f 5156/5156/5156 5158/5158/5158 5147/5147/5147
f 5147/5147/5147 5159/5159/5159 5148/5148/5148
f 5148/5148/5148 5159/5159/5159 5160/5160/5160
f 5161/5161/5161 5148/5148/5148 5160/5160/5160
f 5161/5161/5161 5162/5162/5162 5148/5148/5148
f 5159/5159/5159 5163/5163/5163 5160/5160/5160
f 5163/5163/5163 5159/5159/5159 5164/5164/5164
f 5159/5159/5159 5165/5165/5165 5164/5164/5164
f 5164/5164/5164 5166/5166/5166 5163/5163/5163
f 5166/5166/5166 5164/5164/5164 5167/5167/5167
f 5168/5168/5168 5166/5166/5166 5167/5167/5167
f 5166/5166/5166 5168/5168/5168 5169/5169/5169
f 5166/5166/5166 5169/5169/5169 5163/5163/5163
f 5168/5168/5168 5170/5170/5170 5169/5169/5169
f 5171/5171/5171 5169/5169/5169 5170/5170/5170
f 5172/5172/5172 5171/5171/5171 5170/5170/5170
f 5169/5169/5169 5173/5173/5173 5163/5163/5163
f 5173/5173/5173 5169/5169/5169 5171/5171/5171
f 5160/5160/5160 5163/5163/5163 5174/5174/5174
f 5163/5163/5163 5173/5173/5173 5174/5174/5174
f 5160/5160/5160 5175/5175/5175 5161/5161/5161
f 5175/5175/5175 5160/5160/5160 5174/5174/5174
f 5176/5176/5176 5173/5173/5173 5171/5171/5171
f 5171/5171/5171 5177/5177/5177 5176/5176/5176
f 5161/5161/5161 5175/5175/5175 5178/5178/5178
f 5179/5179/5179 5161/5161/5161 5178/5178/5178
f 5173/5173/5173 5176/5176/5176 5180/5180/5180
f 5174/5174/5174 5173/5173/5173 5180/5180/5180
f 5181/5181/5181 5180/5180/5180 5176/5176/5176
f 5182/5182/5182 5181/5181/5181 5176/5176/5176
f 5183/5183/5183 5181/5181/5181 5182/5182/5182
f 5184/5184/5184 5183/5183/5183 5182/5182/5182
f 5185/5185/5185 5175/5175/5175 5174/5174/5174
f 5175/5175/5175 5185/5185/5185 5178/5178/5178
f 5186/5186/5186 5174/5174/5174 5180/5180/5180
f 5186/5186/5186 5185/5185/5185 5174/5174/5174
f 5180/5180/5180 5187/5187/5187 5186/5186/5186
f 5185/5185/5185 5186/5186/5186 5188/5188/5188
f 5185/5185/5185 5189/5189/5189 5178/5178/5178
f 5189/5189/5189 5185/5185/5185 5188/5188/5188
f 5179/5179/5179 5178/5178/5178 5190/5190/5190
f 5178/5178/5178 5189/5189/5189 5190/5190/5190
f 5191/5191/5191 5189/5189/5189 5188/5188/5188
f 5189/5189/5189 5191/5191/5191 5190/5190/5190
f 5190/5190/5190 5192/5192/5192 5179/5179/5179
f 5192/5192/5192 5193/5193/5193 5179/5179/5179
f 5194/5194/5194 5191/5191/5191 5188/5188/5188
f 5188/5188/5188 5195/5195/5195 5194/5194/5194
f 5194/5194/5194 5196/5196/5196 5191/5191/5191
f 5194/5194/5194 5197/5197/5197 5196/5196/5196
f 5191/5191/5191 5198/5198/5198 5190/5190/5190
f 5196/5196/5196 5198/5198/5198 5191/5191/5191
f 5197/5197/5197 5199/5199/5199 5196/5196/5196
f 5200/5200/5200 5199/5199/5199 5197/5197/5197
f 5201/5201/5201 5200/5200/5200 5197/5197/5197
f 5192/5192/5192 5190/5190/5190 5202/5202/5202
f 5198/5198/5198 5202/5202/5202 5190/5190/5190
f 5203/5203/5203 5198/5198/5198 5196/5196/5196
f 5196/5196/5196 5204/5204/5204 5203/5203/5203
f 5203/5203/5203 5205/5205/5205 5198/5198/5198
f 5205/5205/5205 5203/5203/5203 5206/5206/5206
f 5207/5207/5207 5205/5205/5205 5206/5206/5206
f 5205/5205/5205 5207/5207/5207 5208/5208/5208
f 5198/5198/5198 5205/5205/5205 5209/5209/5209
f 5209/5209/5209 5205/5205/5205 5208/5208/5208
f 5202/5202/5202 5198/5198/5198 5209/5209/5209
f 5210/5210/5210 5209/5209/5209 5208/5208/5208
f 5202/5202/5202 5209/5209/5209 5210/5210/5210
f 5211/5211/5211 5210/5210/5210 5208/5208/5208
f 5117/5117/5117 5192/5192/5192 5202/5202/5202
f 5210/5210/5210 5117/5117/5117 5202/5202/5202
f 5192/5192/5192 5117/5117/5117 5116/5116/5116
f 5210/5210/5210 5212/5212/5212 5117/5117/5117
f 5215/5215/5215 5214/5214/5214 5213/5213/5213
f 5216/5216/5216 5215/5215/5215 5213/5213/5213
f 5217/5217/5217 5216/5216/5216 5213/5213/5213
f 5217/5217/5217 5218/5218/5218 5216/5216/5216
f 5215/5215/5215 5216/5216/5216 5219/5219/5219
f 5220/5220/5220 5215/5215/5215 5219/5219/5219
f 5221/5221/5221 5220/5220/5220 5219/5219/5219
f 5218/5218/5218 5222/5222/5222 5216/5216/5216
f 5216/5216/5216 5222/5222/5222 5219/5219/5219
f 5218/5218/5218 5223/5223/5223 5222/5222/5222
f 5224/5224/5224 5219/5219/5219 5222/5222/5222
f 5223/5223/5223 5224/5224/5224 5222/5222/5222
f 5227/5227/5227 5226/5226/5226 5225/5225/5225
f 5228/5228/5228 5227/5227/5227 5225/5225/5225
f 5229/5229/5229 5228/5228/5228 5225/5225/5225
f 5229/5229/5229 5230/5230/5230 5228/5228/5228
f 5230/5230/5230 5231/5231/5231 5228/5228/5228
f 5227/5227/5227 5228/5228/5228 5231/5231/5231
f 5230/5230/5230 5232/5232/5232 5231/5231/5231
f 5232/5232/5232 5233/5233/5233 5231/5231/5231
f 5233/5233/5233 5234/5234/5234 5231/5231/5231
f 5234/5234/5234 5227/5227/5227 5231/5231/5231
f 5227/5227/5227 5234/5234/5234 5235/5235/5235
f 5234/5234/5234 5236/5236/5236 5235/5235/5235
f 5239/5239/5239 5238/5238/5238 5237/5237/5237
f 5240/5240/5240 5239/5239/5239 5237/5237/5237
f 5241/5241/5241 5240/5240/5240 5237/5237/5237
f 5240/5240/5240 5241/5241/5241 5242/5242/5242
f 5243/5243/5243 5240/5240/5240 5242/5242/5242
f 5239/5239/5239 5240/5240/5240 5243/5243/5243
f 5242/5242/5242 5244/5244/5244 5243/5243/5243
f 5244/5244/5244 5245/5245/5245 5243/5243/5243
f 5245/5245/5245 5246/5246/5246 5243/5243/5243
f 5246/5246/5246 5239/5239/5239 5243/5243/5243
f 5239/5239/5239 5246/5246/5246 5247/5247/5247
f 5246/5246/5246 5248/5248/5248 5247/5247/5247
f 5251/5251/5251 5250/5250/5250 5249/5249/5249
f 5252/5252/5252 5251/5251/5251 5249/5249/5249
f 5253/5253/5253 5252/5252/5252 5249/5249/5249
f 5252/5252/5252 5253/5253/5253 5254/5254/5254
f 5255/5255/5255 5252/5252/5252 5254/5254/5254
f 5252/5252/5252 5255/5255/5255 5251/5251/5251
f 5254/5254/5254 5256/5256/5256 5255/5255/5255
f 5256/5256/5256 5257/5257/5257 5255/5255/5255
f 5257/5257/5257 5258/5258/5258 5255/5255/5255
f 5255/5255/5255 5258/5258/5258 5251/5251/5251
f 5259/5259/5259 5251/5251/5251 5258/5258/5258
f 5260/5260/5260 5259/5259/5259 5258/5258/5258
f 5263/5263/5263 5262/5262/5262 5261/5261/5261
f 5264/5264/5264 5263/5263/5263 5261/5261/5261
f 5265/5265/5265 5264/5264/5264 5261/5261/5261
f 5265/5265/5265 5266/5266/5266 5264/5264/5264
f 5263/5263/5263 5264/5264/5264 5267/5267/5267
f 5263/5263/5263 5267/5267/5267 5268/5268/5268
f 5267/5267/5267 5269/5269/5269 5268/5268/5268
f 5266/5266/5266 5270/5270/5270 5264/5264/5264
f 5264/5264/5264 5270/5270/5270 5267/5267/5267
f 5266/5266/5266 5271/5271/5271 5270/5270/5270
f 5272/5272/5272 5267/5267/5267 5270/5270/5270
f 5271/5271/5271 5272/5272/5272 5270/5270/5270
f 5275/5275/5275 5274/5274/5274 5273/5273/5273
f 5276/5276/5276 5275/5275/5275 5273/5273/5273
f 5277/5277/5277 5276/5276/5276 5273/5273/5273
f 5277/5277/5277 5278/5278/5278 5276/5276/5276
f 5278/5278/5278 5279/5279/5279 5276/5276/5276
f 5275/5275/5275 5276/5276/5276 5279/5279/5279
f 5278/5278/5278 5280/5280/5280 5279/5279/5279
f 5280/5280/5280 5281/5281/5281 5279/5279/5279
f 5281/5281/5281 5282/5282/5282 5279/5279/5279
f 5282/5282/5282 5275/5275/5275 5279/5279/5279
f 5275/5275/5275 5282/5282/5282 5283/5283/5283
f 5282/5282/5282 5284/5284/5284 5283/5283/5283
f 5287/5287/5287 5286/5286/5286 5285/5285/5285
f 5288/5288/5288 5287/5287/5287 5285/5285/5285
f 5289/5289/5289 5288/5288/5288 5285/5285/5285
f 5288/5288/5288 5289/5289/5289 5290/5290/5290
f 5291/5291/5291 5288/5288/5288 5290/5290/5290
f 5287/5287/5287 5288/5288/5288 5291/5291/5291
f 5290/5290/5290 5292/5292/5292 5291/5291/5291
f 5292/5292/5292 5293/5293/5293 5291/5291/5291
f 5293/5293/5293 5294/5294/5294 5291/5291/5291
f 5294/5294/5294 5287/5287/5287 5291/5291/5291
f 5287/5287/5287 5294/5294/5294 5295/5295/5295
f 5294/5294/5294 5296/5296/5296 5295/5295/5295
f 5299/5299/5299 5298/5298/5298 5297/5297/5297
f 5300/5300/5300 5299/5299/5299 5297/5297/5297
f 5301/5301/5301 5300/5300/5300 5297/5297/5297
f 5300/5300/5300 5301/5301/5301 5302/5302/5302
f 5303/5303/5303 5300/5300/5300 5302/5302/5302
f 5300/5300/5300 5303/5303/5303 5299/5299/5299
f 5302/5302/5302 5304/5304/5304 5303/5303/5303
f 5304/5304/5304 5305/5305/5305 5303/5303/5303
f 5305/5305/5305 5306/5306/5306 5303/5303/5303
f 5303/5303/5303 5306/5306/5306 5299/5299/5299
f 5299/5299/5299 5306/5306/5306 5307/5307/5307
f 5306/5306/5306 5308/5308/5308 5307/5307/5307
f 5311/5311/5311 5310/5310/5310 5309/5309/5309
f 5312/5312/5312 5311/5311/5311 5309/5309/5309
f 5313/5313/5313 5312/5312/5312 5309/5309/5309
f 5313/5313/5313 5314/5314/5314 5312/5312/5312
f 5311/5311/5311 5312/5312/5312 5315/5315/5315
f 5311/5311/5311 5315/5315/5315 5316/5316/5316
f 5315/5315/5315 5317/5317/5317 5316/5316/5316
f 5314/5314/5314 5318/5318/5318 5312/5312/5312
f 5312/5312/5312 5318/5318/5318 5315/5315/5315
f 5314/5314/5314 5319/5319/5319 5318/5318/5318
f 5320/5320/5320 5315/5315/5315 5318/5318/5318
f 5319/5319/5319 5320/5320/5320 5318/5318/5318
f 5323/5323/5323 5322/5322/5322 5321/5321/5321
f 5324/5324/5324 5323/5323/5323 5321/5321/5321
f 5325/5325/5325 5324/5324/5324 5321/5321/5321
f 5325/5325/5325 5326/5326/5326 5324/5324/5324
f 5326/5326/5326 5327/5327/5327 5324/5324/5324
f 5323/5323/5323 5324/5324/5324 5327/5327/5327
f 5326/5326/5326 5328/5328/5328 5327/5327/5327
f 5328/5328/5328 5329/5329/5329 5327/5327/5327
f 5329/5329/5329 5330/5330/5330 5327/5327/5327
f 5330/5330/5330 5323/5323/5323 5327/5327/5327
f 5323/5323/5323 5330/5330/5330 5331/5331/5331
f 5330/5330/5330 5332/5332/5332 5331/5331/5331
f 5335/5335/5335 5334/5334/5334 5333/5333/5333
f 5336/5336/5336 5335/5335/5335 5333/5333/5333
f 5337/5337/5337 5336/5336/5336 5333/5333/5333
f 5336/5336/5336 5337/5337/5337 5338/5338/5338
f 5339/5339/5339 5336/5336/5336 5338/5338/5338
f 5335/5335/5335 5336/5336/5336 5339/5339/5339
f 5338/5338/5338 5340/5340/5340 5339/5339/5339
f 5340/5340/5340 5341/5341/5341 5339/5339/5339
f 5341/5341/5341 5342/5342/5342 5339/5339/5339
f 5342/5342/5342 5335/5335/5335 5339/5339/5339
f 5343/5343/5343 5335/5335/5335 5342/5342/5342
f 5344/5344/5344 5343/5343/5343 5342/5342/5342
f 5347/5347/5347 5346/5346/5346 5345/5345/5345
f 5348/5348/5348 5347/5347/5347 5345/5345/5345
f 5349/5349/5349 5348/5348/5348 5345/5345/5345
f 5348/5348/5348 5349/5349/5349 5350/5350/5350
f 5347/5347/5347 5348/5348/5348 5351/5351/5351
f 5347/5347/5347 5351/5351/5351 5352/5352/5352
f 5351/5351/5351 5353/5353/5353 5352/5352/5352
f 5354/5354/5354 5348/5348/5348 5350/5350/5350
f 5348/5348/5348 5354/5354/5354 5351/5351/5351
f 5350/5350/5350 5355/5355/5355 5354/5354/5354
f 5356/5356/5356 5351/5351/5351 5354/5354/5354
f 5355/5355/5355 5356/5356/5356 5354/5354/5354
f 5359/5359/5359 5358/5358/5358 5357/5357/5357
f 5360/5360/5360 5359/5359/5359 5357/5357/5357
f 5361/5361/5361 5360/5360/5360 5357/5357/5357
f 5361/5361/5361 5362/5362/5362 5360/5360/5360
f 5359/5359/5359 5360/5360/5360 5363/5363/5363
f 5364/5364/5364 5359/5359/5359 5363/5363/5363
f 5365/5365/5365 5364/5364/5364 5363/5363/5363
f 5362/5362/5362 5366/5366/5366 5360/5360/5360
f 5360/5360/5360 5366/5366/5366 5363/5363/5363
f 5362/5362/5362 5367/5367/5367 5366/5366/5366
f 5368/5368/5368 5363/5363/5363 5366/5366/5366
f 5367/5367/5367 5368/5368/5368 5366/5366/5366
f 5371/5371/5371 5370/5370/5370 5369/5369/5369
f 5372/5372/5372 5371/5371/5371 5369/5369/5369
f 5373/5373/5373 5372/5372/5372 5369/5369/5369
f 5373/5373/5373 5374/5374/5374 5372/5372/5372
f 5374/5374/5374 5375/5375/5375 5372/5372/5372
f 5371/5371/5371 5372/5372/5372 5375/5375/5375
f 5374/5374/5374 5376/5376/5376 5375/5375/5375
f 5376/5376/5376 5377/5377/5377 5375/5375/5375
f 5377/5377/5377 5378/5378/5378 5375/5375/5375
f 5378/5378/5378 5371/5371/5371 5375/5375/5375
f 5371/5371/5371 5378/5378/5378 5379/5379/5379
f 5378/5378/5378 5380/5380/5380 5379/5379/5379
f 5383/5383/5383 5382/5382/5382 5381/5381/5381
f 5384/5384/5384 5383/5383/5383 5381/5381/5381
f 5385/5385/5385 5384/5384/5384 5381/5381/5381
f 5384/5384/5384 5385/5385/5385 5386/5386/5386
f 5387/5387/5387 5384/5384/5384 5386/5386/5386
f 5383/5383/5383 5384/5384/5384 5387/5387/5387
f 5386/5386/5386 5388/5388/5388 5387/5387/5387
f 5388/5388/5388 5389/5389/5389 5387/5387/5387
f 5389/5389/5389 5390/5390/5390 5387/5387/5387
f 5390/5390/5390 5383/5383/5383 5387/5387/5387
f 5391/5391/5391 5383/5383/5383 5390/5390/5390
f 5392/5392/5392 5391/5391/5391 5390/5390/5390
f 5395/5395/5395 5394/5394/5394 5393/5393/5393
f 5396/5396/5396 5395/5395/5395 5393/5393/5393
f 5397/5397/5397 5396/5396/5396 5393/5393/5393
f 5396/5396/5396 5397/5397/5397 5398/5398/5398
f 5395/5395/5395 5396/5396/5396 5399/5399/5399
f 5400/5400/5400 5395/5395/5395 5399/5399/5399
f 5401/5401/5401 5400/5400/5400 5399/5399/5399
f 5402/5402/5402 5396/5396/5396 5398/5398/5398
f 5396/5396/5396 5402/5402/5402 5399/5399/5399
f 5398/5398/5398 5403/5403/5403 5402/5402/5402
f 5404/5404/5404 5399/5399/5399 5402/5402/5402
f 5403/5403/5403 5404/5404/5404 5402/5402/5402
f 5407/5407/5407 5406/5406/5406 5405/5405/5405
f 5406/5406/5406 5408/5408/5408 5405/5405/5405
f 5408/5408/5408 5409/5409/5409 5405/5405/5405
f 5410/5410/5410 5409/5409/5409 5408/5408/5408
f 5411/5411/5411 5410/5410/5410 5408/5408/5408
f 5409/5409/5409 5412/5412/5412 5405/5405/5405
f 5405/5405/5405 5412/5412/5412 5413/5413/5413
f 5412/5412/5412 5414/5414/5414 5413/5413/5413
f 5415/5415/5415 5412/5412/5412 5409/5409/5409
f 5416/5416/5416 5415/5415/5415 5409/5409/5409
f 5419/5419/5419 5418/5418/5418 5417/5417/5417
f 5418/5418/5418 5420/5420/5420 5417/5417/5417
f 5417/5417/5417 5420/5420/5420 5421/5421/5421
f 5417/5417/5417 5421/5421/5421 5422/5422/5422
f 5421/5421/5421 5423/5423/5423 5422/5422/5422
f 5420/5420/5420 5424/5424/5424 5421/5421/5421
f 5421/5421/5421 5424/5424/5424 5425/5425/5425
f 5424/5424/5424 5426/5426/5426 5425/5425/5425
f 5427/5427/5427 5424/5424/5424 5420/5420/5420
f 5428/5428/5428 5427/5427/5427 5420/5420/5420
f 5431/5431/5431 5430/5430/5430 5429/5429/5429
f 5430/5430/5430 5432/5432/5432 5429/5429/5429
f 5432/5432/5432 5433/5433/5433 5429/5429/5429
f 5434/5434/5434 5433/5433/5433 5432/5432/5432
f 5435/5435/5435 5434/5434/5434 5432/5432/5432
f 5433/5433/5433 5436/5436/5436 5429/5429/5429
f 5429/5429/5429 5436/5436/5436 5437/5437/5437
f 5436/5436/5436 5438/5438/5438 5437/5437/5437
f 5439/5439/5439 5436/5436/5436 5433/5433/5433
f 5440/5440/5440 5439/5439/5439 5433/5433/5433
f 5443/5443/5443 5442/5442/5442 5441/5441/5441
f 5442/5442/5442 5444/5444/5444 5441/5441/5441
f 5441/5441/5441 5444/5444/5444 5445/5445/5445
f 5441/5441/5441 5445/5445/5445 5446/5446/5446
f 5445/5445/5445 5447/5447/5447 5446/5446/5446
f 5444/5444/5444 5448/5448/5448 5445/5445/5445
f 5445/5445/5445 5448/5448/5448 5449/5449/5449
f 5448/5448/5448 5450/5450/5450 5449/5449/5449
f 5451/5451/5451 5448/5448/5448 5444/5444/5444
f 5452/5452/5452 5451/5451/5451 5444/5444/5444
f 5455/5455/5455 5454/5454/5454 5453/5453/5453
f 5454/5454/5454 5456/5456/5456 5453/5453/5453
f 5456/5456/5456 5457/5457/5457 5453/5453/5453
f 5458/5458/5458 5457/5457/5457 5456/5456/5456
f 5459/5459/5459 5458/5458/5458 5456/5456/5456
f 5457/5457/5457 5460/5460/5460 5453/5453/5453
f 5453/5453/5453 5460/5460/5460 5461/5461/5461
f 5460/5460/5460 5462/5462/5462 5461/5461/5461
f 5460/5460/5460 5457/5457/5457 5463/5463/5463
f 5457/5457/5457 5464/5464/5464 5463/5463/5463
f 5467/5467/5467 5466/5466/5466 5465/5465/5465
f 5468/5468/5468 5467/5467/5467 5465/5465/5465
f 5468/5468/5468 5469/5469/5469 5467/5467/5467
f 5470/5470/5470 5469/5469/5469 5468/5468/5468
f 5471/5471/5471 5470/5470/5470 5468/5468/5468
f 5469/5469/5469 5472/5472/5472 5467/5467/5467
f 5467/5467/5467 5472/5472/5472 5473/5473/5473
f 5472/5472/5472 5474/5474/5474 5473/5473/5473
f 5475/5475/5475 5472/5472/5472 5469/5469/5469
f 5476/5476/5476 5475/5475/5475 5469/5469/5469
f 5479/5479/5479 5478/5478/5478 5477/5477/5477
f 5478/5478/5478 5480/5480/5480 5477/5477/5477
f 5480/5480/5480 5481/5481/5481 5477/5477/5477
f 5482/5482/5482 5481/5481/5481 5480/5480/5480
f 5483/5483/5483 5482/5482/5482 5480/5480/5480
f 5481/5481/5481 5484/5484/5484 5477/5477/5477
f 5477/5477/5477 5484/5484/5484 5485/5485/5485
f 5484/5484/5484 5486/5486/5486 5485/5485/5485
f 5484/5484/5484 5481/5481/5481 5487/5487/5487
f 5481/5481/5481 5488/5488/5488 5487/5487/5487
f 5491/5491/5491 5490/5490/5490 5489/5489/5489
f 5490/5490/5490 5492/5492/5492 5489/5489/5489
f 5489/5489/5489 5492/5492/5492 5493/5493/5493
f 5489/5489/5489 5493/5493/5493 5494/5494/5494
f 5493/5493/5493 5495/5495/5495 5494/5494/5494
f 5492/5492/5492 5496/5496/5496 5493/5493/5493
f 5493/5493/5493 5496/5496/5496 5497/5497/5497
f 5496/5496/5496 5498/5498/5498 5497/5497/5497
f 5499/5499/5499 5496/5496/5496 5492/5492/5492
f 5500/5500/5500 5499/5499/5499 5492/5492/5492
f 5503/5503/5503 5502/5502/5502 5501/5501/5501
f 5504/5504/5504 5503/5503/5503 5501/5501/5501
f 5507/5507/5507 5506/5506/5506 5505/5505/5505
f 5508/5508/5508 5507/5507/5507 5505/5505/5505
f 5511/5511/5511 5510/5510/5510 5509/5509/5509
f 5512/5512/5512 5511/5511/5511 5509/5509/5509
f 5515/5515/5515 5514/5514/5514 5513/5513/5513
f 5516/5516/5516 5515/5515/5515 5513/5513/5513
f 5519/5519/5519 5518/5518/5518 5517/5517/5517
f 5520/5520/5520 5519/5519/5519 5517/5517/5517
f 5523/5523/5523 5522/5522/5522 5521/5521/5521
f 5524/5524/5524 5523/5523/5523 5521/5521/5521
f 5527/5527/5527 5526/5526/5526 5525/5525/5525
f 5528/5528/5528 5527/5527/5527 5525/5525/5525
f 5531/5531/5531 5530/5530/5530 5529/5529/5529
f 5532/5532/5532 5531/5531/5531 5529/5529/5529
f 5535/5535/5535 5534/5534/5534 5533/5533/5533
f 5536/5536/5536 5535/5535/5535 5533/5533/5533
f 5539/5539/5539 5538/5538/5538 5537/5537/5537
f 5540/5540/5540 5539/5539/5539 5537/5537/5537
f 5543/5543/5543 5542/5542/5542 5541/5541/5541
f 5544/5544/5544 5543/5543/5543 5541/5541/5541
f 5547/5547/5547 5546/5546/5546 5545/5545/5545
f 5548/5548/5548 5547/5547/5547 5545/5545/5545
f 5551/5551/5551 5550/5550/5550 5549/5549/5549
f 5552/5552/5552 5551/5551/5551 5549/5549/5549
f 5555/5555/5555 5554/5554/5554 5553/5553/5553
f 5556/5556/5556 5555/5555/5555 5553/5553/5553
f 5559/5559/5559 5558/5558/5558 5557/5557/5557
f 5560/5560/5560 5559/5559/5559 5557/5557/5557
f 5563/5563/5563 5562/5562/5562 5561/5561/5561
f 5564/5564/5564 5563/5563/5563 5561/5561/5561
f 5567/5567/5567 5566/5566/5566 5565/5565/5565
f 5568/5568/5568 5567/5567/5567 5565/5565/5565
f 5571/5571/5571 5570/5570/5570 5569/5569/5569
f 5572/5572/5572 5571/5571/5571 5569/5569/5569
f 5575/5575/5575 5574/5574/5574 5573/5573/5573
f 5576/5576/5576 5575/5575/5575 5573/5573/5573
f 5579/5579/5579 5578/5578/5578 5577/5577/5577
f 5580/5580/5580 5579/5579/5579 5577/5577/5577
f 5583/5583/5583 5582/5582/5582 5581/5581/5581
f 5584/5584/5584 5583/5583/5583 5581/5581/5581
f 5587/5587/5587 5586/5586/5586 5585/5585/5585
f 5588/5588/5588 5587/5587/5587 5585/5585/5585
f 5591/5591/5591 5590/5590/5590 5589/5589/5589
f 5592/5592/5592 5591/5591/5591 5589/5589/5589
f 5595/5595/5595 5594/5594/5594 5593/5593/5593
f 5596/5596/5596 5595/5595/5595 5593/5593/5593
f 5599/5599/5599 5598/5598/5598 5597/5597/5597
f 5600/5600/5600 5599/5599/5599 5597/5597/5597
f 5603/5603/5603 5602/5602/5602 5601/5601/5601
f 5604/5604/5604 5603/5603/5603 5601/5601/5601
f 5607/5607/5607 5606/5606/5606 5605/5605/5605
f 5608/5608/5608 5607/5607/5607 5605/5605/5605
f 5611/5611/5611 5610/5610/5610 5609/5609/5609
f 5612/5612/5612 5611/5611/5611 5609/5609/5609
f 5615/5615/5615 5614/5614/5614 5613/5613/5613
f 5616/5616/5616 5615/5615/5615 5613/5613/5613
f 5619/5619/5619 5618/5618/5618 5617/5617/5617
f 5620/5620/5620 5619/5619/5619 5617/5617/5617
f 5623/5623/5623 5622/5622/5622 5621/5621/5621
f 5624/5624/5624 5623/5623/5623 5621/5621/5621
f 5627/5627/5627 5626/5626/5626 5625/5625/5625
f 5628/5628/5628 5627/5627/5627 5625/5625/5625
f 5631/5631/5631 5630/5630/5630 5629/5629/5629
f 5632/5632/5632 5631/5631/5631 5629/5629/5629
f 5635/5635/5635 5634/5634/5634 5633/5633/5633
f 5636/5636/5636 5635/5635/5635 5633/5633/5633
f 5639/5639/5639 5638/5638/5638 5637/5637/5637
f 5640/5640/5640 5639/5639/5639 5637/5637/5637
f 5643/5643/5643 5642/5642/5642 5641/5641/5641
f 5644/5644/5644 5643/5643/5643 5641/5641/5641
f 5647/5647/5647 5646/5646/5646 5645/5645/5645
f 5648/5648/5648 5647/5647/5647 5645/5645/5645
f 5651/5651/5651 5650/5650/5650 5649/5649/5649
f 5652/5652/5652 5651/5651/5651 5649/5649/5649
f 5655/5655/5655 5654/5654/5654 5653/5653/5653
f 5656/5656/5656 5655/5655/5655 5653/5653/5653
f 5659/5659/5659 5658/5658/5658 5657/5657/5657
f 5660/5660/5660 5659/5659/5659 5657/5657/5657
f 5663/5663/5663 5662/5662/5662 5661/5661/5661
f 5662/5662/5662 5664/5664/5664 5661/5661/5661
f 5665/5665/5665 5661/5661/5661 5664/5664/5664
f 5666/5666/5666 5665/5665/5665 5664/5664/5664
f 5665/5665/5665 5666/5666/5666 5667/5667/5667
f 5666/5666/5666 5668/5668/5668 5667/5667/5667
f 5666/5666/5666 5664/5664/5664 5669/5669/5669
f 5669/5669/5669 5670/5670/5670 5666/5666/5666
f 5664/5664/5664 5671/5671/5671 5669/5669/5669
f 5671/5671/5671 5664/5664/5664 5672/5672/5672
f 5675/5675/5675 5674/5674/5674 5673/5673/5673
f 5676/5676/5676 5675/5675/5675 5673/5673/5673
f 5679/5679/5679 5678/5678/5678 5677/5677/5677
f 5680/5680/5680 5679/5679/5679 5677/5677/5677
f 5683/5683/5683 5682/5682/5682 5681/5681/5681
f 5682/5682/5682 5684/5684/5684 5681/5681/5681
f 5684/5684/5684 5682/5682/5682 5685/5685/5685
f 5685/5685/5685 5686/5686/5686 5684/5684/5684
f 5686/5686/5686 5687/5687/5687 5684/5684/5684
f 5687/5687/5687 5686/5686/5686 5688/5688/5688
f 5687/5687/5687 5688/5688/5688 5689/5689/5689
f 5690/5690/5690 5687/5687/5687 5689/5689/5689
f 5684/5684/5684 5687/5687/5687 5690/5690/5690
f 5681/5681/5681 5684/5684/5684 5690/5690/5690
f 5681/5681/5681 5690/5690/5690 5691/5691/5691
f 5691/5691/5691 5692/5692/5692 5681/5681/5681
f 5690/5690/5690 5693/5693/5693 5691/5691/5691
f 5693/5693/5693 5690/5690/5690 5694/5694/5694
f 5697/5697/5697 5696/5696/5696 5695/5695/5695
f 5698/5698/5698 5697/5697/5697 5695/5695/5695
f 5699/5699/5699 5697/5697/5697 5698/5698/5698
f 5700/5700/5700 5699/5699/5699 5698/5698/5698
f 5703/5703/5703 5702/5702/5702 5701/5701/5701
f 5702/5702/5702 5704/5704/5704 5701/5701/5701
f 5701/5701/5701 5704/5704/5704 5705/5705/5705
f 5704/5704/5704 5706/5706/5706 5705/5705/5705
f 5709/5709/5709 5708/5708/5708 5707/5707/5707
f 5708/5708/5708 5710/5710/5710 5707/5707/5707
f 5710/5710/5710 5711/5711/5711 5707/5707/5707
f 5711/5711/5711 5712/5712/5712 5707/5707/5707
f 5712/5712/5712 5711/5711/5711 5713/5713/5713
f 5711/5711/5711 5714/5714/5714 5713/5713/5713
f 5717/5717/5717 5716/5716/5716 5715/5715/5715
f 5716/5716/5716 5718/5718/5718 5715/5715/5715
f 5718/5718/5718 5719/5719/5719 5715/5715/5715
f 5719/5719/5719 5720/5720/5720 5715/5715/5715
f 5720/5720/5720 5719/5719/5719 5721/5721/5721
f 5719/5719/5719 5722/5722/5722 5721/5721/5721
f 5725/5725/5725 5724/5724/5724 5723/5723/5723
f 5724/5724/5724 5726/5726/5726 5723/5723/5723
f 5726/5726/5726 5727/5727/5727 5723/5723/5723
f 5727/5727/5727 5728/5728/5728 5723/5723/5723
f 5728/5728/5728 5727/5727/5727 5729/5729/5729
f 5727/5727/5727 5730/5730/5730 5729/5729/5729
f 5733/5733/5733 5732/5732/5732 5731/5731/5731
f 5732/5732/5732 5734/5734/5734 5731/5731/5731
f 5734/5734/5734 5735/5735/5735 5731/5731/5731
f 5735/5735/5735 5736/5736/5736 5731/5731/5731
f 5736/5736/5736 5735/5735/5735 5737/5737/5737
f 5735/5735/5735 5738/5738/5738 5737/5737/5737
f 5741/5741/5741 5740/5740/5740 5739/5739/5739
f 5740/5740/5740 5742/5742/5742 5739/5739/5739
f 5742/5742/5742 5743/5743/5743 5739/5739/5739
f 5743/5743/5743 5744/5744/5744 5739/5739/5739
f 5744/5744/5744 5743/5743/5743 5745/5745/5745
f 5743/5743/5743 5746/5746/5746 5745/5745/5745
f 5749/5749/5749 5748/5748/5748 5747/5747/5747
f 5748/5748/5748 5750/5750/5750 5747/5747/5747
f 5750/5750/5750 5751/5751/5751 5747/5747/5747
f 5751/5751/5751 5752/5752/5752 5747/5747/5747
f 5752/5752/5752 5751/5751/5751 5753/5753/5753
f 5751/5751/5751 5754/5754/5754 5753/5753/5753
f 5757/5757/5757 5756/5756/5756 5755/5755/5755
f 5756/5756/5756 5758/5758/5758 5755/5755/5755
f 5758/5758/5758 5759/5759/5759 5755/5755/5755
f 5759/5759/5759 5760/5760/5760 5755/5755/5755
f 5760/5760/5760 5759/5759/5759 5761/5761/5761
f 5759/5759/5759 5762/5762/5762 5761/5761/5761
f 5765/5765/5765 5764/5764/5764 5763/5763/5763
f 5764/5764/5764 5766/5766/5766 5763/5763/5763
f 5766/5766/5766 5767/5767/5767 5763/5763/5763
f 5767/5767/5767 5768/5768/5768 5763/5763/5763
f 5768/5768/5768 5767/5767/5767 5769/5769/5769
f 5767/5767/5767 5770/5770/5770 5769/5769/5769
f 5773/5773/5773 5772/5772/5772 5771/5771/5771
f 5774/5774/5774 5773/5773/5773 5771/5771/5771
f 5777/5777/5777 5776/5776/5776 5775/5775/5775
f 5778/5778/5778 5777/5777/5777 5775/5775/5775
f 5781/5781/5781 5780/5780/5780 5779/5779/5779
f 5779/5779/5779 5782/5782/5782 5781/5781/5781
f 5782/5782/5782 5783/5783/5783 5781/5781/5781
f 5783/5783/5783 5782/5782/5782 5784/5784/5784
f 5787/5787/5787 5786/5786/5786 5785/5785/5785
f 5788/5788/5788 5787/5787/5787 5785/5785/5785
f 5785/5785/5785 5789/5789/5789 5788/5788/5788
f 5788/5788/5788 5790/5790/5790 5787/5787/5787
f 5790/5790/5790 5791/5791/5791 5787/5787/5787
f 5789/5789/5789 5792/5792/5792 5788/5788/5788
f 5790/5790/5790 5788/5788/5788 5792/5792/5792
f 5790/5790/5790 5793/5793/5793 5791/5791/5791
f 5793/5793/5793 5794/5794/5794 5791/5791/5791
f 5790/5790/5790 5795/5795/5795 5793/5793/5793
f 5795/5795/5795 5790/5790/5790 5792/5792/5792
f 5795/5795/5795 5796/5796/5796 5793/5793/5793
f 5795/5795/5795 5797/5797/5797 5796/5796/5796
f 5797/5797/5797 5795/5795/5795 5792/5792/5792
f 5797/5797/5797 5798/5798/5798 5796/5796/5796
f 5799/5799/5799 5797/5797/5797 5792/5792/5792
f 5792/5792/5792 5789/5789/5789 5799/5799/5799
f 5789/5789/5789 5800/5800/5800 5799/5799/5799
f 5803/5803/5803 5802/5802/5802 5801/5801/5801
f 5804/5804/5804 5803/5803/5803 5801/5801/5801
f 5801/5801/5801 5805/5805/5805 5804/5804/5804
f 5804/5804/5804 5806/5806/5806 5803/5803/5803
f 5806/5806/5806 5807/5807/5807 5803/5803/5803
f 5806/5806/5806 5808/5808/5808 5807/5807/5807
f 5808/5808/5808 5809/5809/5809 5807/5807/5807
f 5808/5808/5808 5810/5810/5810 5809/5809/5809
f 5810/5810/5810 5811/5811/5811 5809/5809/5809
f 5810/5810/5810 5812/5812/5812 5811/5811/5811
f 5812/5812/5812 5813/5813/5813 5811/5811/5811
f 5813/5813/5813 5812/5812/5812 5814/5814/5814
f 5815/5815/5815 5813/5813/5813 5814/5814/5814
f 5814/5814/5814 5816/5816/5816 5815/5815/5815
f 5816/5816/5816 5817/5817/5817 5815/5815/5815
f 5816/5816/5816 5818/5818/5818 5817/5817/5817
f 5818/5818/5818 5819/5819/5819 5817/5817/5817
f 5820/5820/5820 5816/5816/5816 5814/5814/5814
f 5818/5818/5818 5816/5816/5816 5820/5820/5820
f 5821/5821/5821 5814/5814/5814 5812/5812/5812
f 5821/5821/5821 5820/5820/5820 5814/5814/5814
f 5822/5822/5822 5812/5812/5812 5810/5810/5810
f 5822/5822/5822 5821/5821/5821 5812/5812/5812
f 5823/5823/5823 5810/5810/5810 5808/5808/5808
f 5823/5823/5823 5822/5822/5822 5810/5810/5810
f 5818/5818/5818 5824/5824/5824 5819/5819/5819
f 5824/5824/5824 5825/5825/5825 5819/5819/5819
f 5826/5826/5826 5818/5818/5818 5820/5820/5820
f 5818/5818/5818 5826/5826/5826 5824/5824/5824
f 5825/5825/5825 5824/5824/5824 5827/5827/5827
f 5828/5828/5828 5825/5825/5825 5827/5827/5827
f 5829/5829/5829 5823/5823/5823 5808/5808/5808
f 5829/5829/5829 5808/5808/5808 5806/5806/5806
f 5826/5826/5826 5830/5830/5830 5824/5824/5824
f 5824/5824/5824 5830/5830/5830 5827/5827/5827
f 5827/5827/5827 5831/5831/5831 5828/5828/5828
f 5831/5831/5831 5832/5832/5832 5828/5828/5828
f 5833/5833/5833 5829/5829/5829 5806/5806/5806
f 5833/5833/5833 5806/5806/5806 5804/5804/5804
f 5830/5830/5830 5834/5834/5834 5827/5827/5827
f 5827/5827/5827 5834/5834/5834 5831/5831/5831
f 5831/5831/5831 5835/5835/5835 5832/5832/5832
f 5835/5835/5835 5836/5836/5836 5832/5832/5832
f 5837/5837/5837 5833/5833/5833 5804/5804/5804
f 5805/5805/5805 5837/5837/5837 5804/5804/5804
f 5837/5837/5837 5805/5805/5805 5838/5838/5838
f 5805/5805/5805 5839/5839/5839 5838/5838/5838
f 5837/5837/5837 5838/5838/5838 5840/5840/5840
f 5833/5833/5833 5837/5837/5837 5840/5840/5840
f 5833/5833/5833 5840/5840/5840 5841/5841/5841
f 5829/5829/5829 5833/5833/5833 5841/5841/5841
f 5829/5829/5829 5841/5841/5841 5842/5842/5842
f 5823/5823/5823 5829/5829/5829 5842/5842/5842
f 5823/5823/5823 5842/5842/5842 5843/5843/5843
f 5822/5822/5822 5823/5823/5823 5843/5843/5843
f 5822/5822/5822 5843/5843/5843 5844/5844/5844
f 5821/5821/5821 5822/5822/5822 5844/5844/5844
f 5844/5844/5844 5845/5845/5845 5821/5821/5821
f 5845/5845/5845 5820/5820/5820 5821/5821/5821
f 5820/5820/5820 5845/5845/5845 5846/5846/5846
f 5826/5826/5826 5820/5820/5820 5846/5846/5846
f 5826/5826/5826 5846/5846/5846 5847/5847/5847
f 5830/5830/5830 5826/5826/5826 5847/5847/5847
f 5830/5830/5830 5847/5847/5847 5848/5848/5848
f 5834/5834/5834 5830/5830/5830 5848/5848/5848
f 5848/5848/5848 5849/5849/5849 5834/5834/5834
f 5849/5849/5849 5850/5850/5850 5834/5834/5834
f 5834/5834/5834 5850/5850/5850 5831/5831/5831
f 5849/5849/5849 5851/5851/5851 5850/5850/5850
f 5831/5831/5831 5850/5850/5850 5835/5835/5835
f 5851/5851/5851 5852/5852/5852 5850/5850/5850
f 5850/5850/5850 5852/5852/5852 5835/5835/5835
f 5851/5851/5851 5853/5853/5853 5852/5852/5852
f 5835/5835/5835 5852/5852/5852 5854/5854/5854
f 5835/5835/5835 5854/5854/5854 5836/5836/5836
f 5854/5854/5854 5855/5855/5855 5836/5836/5836
f 5853/5853/5853 5856/5856/5856 5852/5852/5852
f 5852/5852/5852 5856/5856/5856 5854/5854/5854
f 5853/5853/5853 5857/5857/5857 5856/5856/5856
f 5854/5854/5854 5858/5858/5858 5855/5855/5855
f 5854/5854/5854 5856/5856/5856 5858/5858/5858
f 5858/5858/5858 5859/5859/5859 5855/5855/5855
f 5857/5857/5857 5860/5860/5860 5856/5856/5856
f 5856/5856/5856 5860/5860/5860 5858/5858/5858
f 5857/5857/5857 5861/5861/5861 5860/5860/5860
f 5858/5858/5858 5862/5862/5862 5859/5859/5859
f 5858/5858/5858 5860/5860/5860 5862/5862/5862
f 5862/5862/5862 5863/5863/5863 5859/5859/5859
f 5861/5861/5861 5864/5864/5864 5860/5860/5860
f 5860/5860/5860 5864/5864/5864 5862/5862/5862
f 5862/5862/5862 5865/5865/5865 5863/5863/5863
f 5862/5862/5862 5864/5864/5864 5865/5865/5865
f 5865/5865/5865 5866/5866/5866 5863/5863/5863
f 5864/5864/5864 5867/5867/5867 5865/5865/5865
f 5864/5864/5864 5861/5861/5861 5867/5867/5867
f 5861/5861/5861 5868/5868/5868 5867/5867/5867
f 5871/5871/5871 5870/5870/5870 5869/5869/5869
f 5872/5872/5872 5871/5871/5871 5869/5869/5869
f 5869/5869/5869 5873/5873/5873 5872/5872/5872
f 5872/5872/5872 5874/5874/5874 5871/5871/5871
f 5874/5874/5874 5875/5875/5875 5871/5871/5871
f 5873/5873/5873 5876/5876/5876 5872/5872/5872
f 5873/5873/5873 5877/5877/5877 5876/5876/5876
f 5874/5874/5874 5878/5878/5878 5875/5875/5875
f 5878/5878/5878 5879/5879/5879 5875/5875/5875
f 5880/5880/5880 5874/5874/5874 5872/5872/5872
f 5874/5874/5874 5880/5880/5880 5878/5878/5878
f 5876/5876/5876 5880/5880/5880 5872/5872/5872
f 5880/5880/5880 5881/5881/5881 5878/5878/5878
f 5877/5877/5877 5882/5882/5882 5876/5876/5876
f 5880/5880/5880 5876/5876/5876 5882/5882/5882
f 5877/5877/5877 5883/5883/5883 5882/5882/5882
f 5881/5881/5881 5880/5880/5880 5884/5884/5884
f 5884/5884/5884 5880/5880/5880 5882/5882/5882
f 5885/5885/5885 5881/5881/5881 5884/5884/5884
f 5884/5884/5884 5886/5886/5886 5885/5885/5885
f 5886/5886/5886 5884/5884/5884 5882/5882/5882
f 5886/5886/5886 5887/5887/5887 5885/5885/5885
f 5883/5883/5883 5888/5888/5888 5882/5882/5882
f 5888/5888/5888 5886/5886/5886 5882/5882/5882
f 5883/5883/5883 5889/5889/5889 5888/5888/5888
f 5889/5889/5889 5890/5890/5890 5888/5888/5888
f 5888/5888/5888 5890/5890/5890 5886/5886/5886
f 5890/5890/5890 5889/5889/5889 5891/5891/5891
f 5887/5887/5887 5886/5886/5886 5892/5892/5892
f 5890/5890/5890 5892/5892/5892 5886/5886/5886
f 5893/5893/5893 5887/5887/5887 5892/5892/5892
f 5894/5894/5894 5890/5890/5890 5891/5891/5891
f 5890/5890/5890 5894/5894/5894 5892/5892/5892
f 5891/5891/5891 5895/5895/5895 5894/5894/5894
f 5893/5893/5893 5892/5892/5892 5896/5896/5896
f 5894/5894/5894 5896/5896/5896 5892/5892/5892
f 5897/5897/5897 5893/5893/5893 5896/5896/5896
f 5895/5895/5895 5898/5898/5898 5894/5894/5894
f 5894/5894/5894 5898/5898/5898 5896/5896/5896
f 5895/5895/5895 5899/5899/5899 5898/5898/5898
f 5896/5896/5896 5900/5900/5900 5897/5897/5897
f 5898/5898/5898 5900/5900/5900 5896/5896/5896
f 5900/5900/5900 5901/5901/5901 5897/5897/5897
f 5901/5901/5901 5900/5900/5900 5902/5902/5902
f 5902/5902/5902 5900/5900/5900 5898/5898/5898
f 5903/5903/5903 5901/5901/5901 5902/5902/5902
f 5899/5899/5899 5904/5904/5904 5898/5898/5898
f 5904/5904/5904 5902/5902/5902 5898/5898/5898
f 5899/5899/5899 5905/5905/5905 5904/5904/5904
f 5903/5903/5903 5902/5902/5902 5906/5906/5906
f 5902/5902/5902 5904/5904/5904 5906/5906/5906
f 5907/5907/5907 5903/5903/5903 5906/5906/5906
f 5905/5905/5905 5908/5908/5908 5904/5904/5904
f 5904/5904/5904 5908/5908/5908 5906/5906/5906
f 5908/5908/5908 5905/5905/5905 5909/5909/5909
f 5907/5907/5907 5906/5906/5906 5910/5910/5910
f 5906/5906/5906 5908/5908/5908 5910/5910/5910
f 5911/5911/5911 5907/5907/5907 5910/5910/5910
f 5912/5912/5912 5908/5908/5908 5909/5909/5909
f 5908/5908/5908 5912/5912/5912 5910/5910/5910
f 5909/5909/5909 5913/5913/5913 5912/5912/5912
f 5910/5910/5910 5914/5914/5914 5911/5911/5911
f 5910/5910/5910 5912/5912/5912 5914/5914/5914
f 5914/5914/5914 5915/5915/5915 5911/5911/5911
f 5913/5913/5913 5916/5916/5916 5912/5912/5912
f 5912/5912/5912 5916/5916/5916 5914/5914/5914
f 5913/5913/5913 5917/5917/5917 5916/5916/5916
f 5914/5914/5914 5918/5918/5918 5915/5915/5915
f 5914/5914/5914 5916/5916/5916 5918/5918/5918
f 5918/5918/5918 5919/5919/5919 5915/5915/5915
f 5917/5917/5917 5920/5920/5920 5916/5916/5916
f 5916/5916/5916 5920/5920/5920 5918/5918/5918
f 5917/5917/5917 5921/5921/5921 5920/5920/5920
f 5921/5921/5921 5922/5922/5922 5920/5920/5920
f 5918/5918/5918 5920/5920/5920 5922/5922/5922
f 5921/5921/5921 5923/5923/5923 5922/5922/5922
f 5918/5918/5918 5924/5924/5924 5919/5919/5919
f 5924/5924/5924 5918/5918/5918 5922/5922/5922
f 5924/5924/5924 5925/5925/5925 5919/5919/5919
f 5924/5924/5924 5926/5926/5926 5925/5925/5925
f 5926/5926/5926 5924/5924/5924 5922/5922/5922
f 5926/5926/5926 5927/5927/5927 5925/5925/5925
f 5923/5923/5923 5928/5928/5928 5922/5922/5922
f 5928/5928/5928 5926/5926/5926 5922/5922/5922
f 5923/5923/5923 5929/5929/5929 5928/5928/5928
f 5926/5926/5926 5930/5930/5930 5927/5927/5927
f 5930/5930/5930 5931/5931/5931 5927/5927/5927
f 5926/5926/5926 5928/5928/5928 5932/5932/5932
f 5929/5929/5929 5932/5932/5932 5928/5928/5928
f 5930/5930/5930 5926/5926/5926 5932/5932/5932
f 5930/5930/5930 5933/5933/5933 5931/5931/5931
f 5933/5933/5933 5930/5930/5930 5932/5932/5932
f 5933/5933/5933 5934/5934/5934 5931/5931/5931
f 5935/5935/5935 5933/5933/5933 5932/5932/5932
f 5932/5932/5932 5929/5929/5929 5935/5935/5935
f 5929/5929/5929 5936/5936/5936 5935/5935/5935
f 5939/5939/5939 5938/5938/5938 5937/5937/5937
f 5940/5940/5940 5939/5939/5939 5937/5937/5937
f 5937/5937/5937 5941/5941/5941 5940/5940/5940
f 5940/5940/5940 5942/5942/5942 5939/5939/5939
f 5942/5942/5942 5943/5943/5943 5939/5939/5939
f 5941/5941/5941 5944/5944/5944 5940/5940/5940
f 5942/5942/5942 5940/5940/5940 5944/5944/5944
f 5944/5944/5944 5941/5941/5941 5945/5945/5945
f 5942/5942/5942 5946/5946/5946 5943/5943/5943
f 5946/5946/5946 5947/5947/5947 5943/5943/5943
f 5942/5942/5942 5948/5948/5948 5946/5946/5946
f 5948/5948/5948 5942/5942/5942 5944/5944/5944
f 5948/5948/5948 5949/5949/5949 5946/5946/5946
f 5950/5950/5950 5944/5944/5944 5945/5945/5945
f 5948/5948/5948 5944/5944/5944 5950/5950/5950
f 5945/5945/5945 5951/5951/5951 5950/5950/5950
f 5948/5948/5948 5952/5952/5952 5949/5949/5949
f 5952/5952/5952 5948/5948/5948 5950/5950/5950
f 5952/5952/5952 5953/5953/5953 5949/5949/5949
f 5951/5951/5951 5954/5954/5954 5950/5950/5950
f 5952/5952/5952 5950/5950/5950 5954/5954/5954
f 5954/5954/5954 5951/5951/5951 5955/5955/5955
f 5952/5952/5952 5956/5956/5956 5953/5953/5953
f 5956/5956/5956 5952/5952/5952 5954/5954/5954
f 5956/5956/5956 5957/5957/5957 5953/5953/5953
f 5958/5958/5958 5954/5954/5954 5955/5955/5955
f 5956/5956/5956 5954/5954/5954 5958/5958/5958
f 5958/5958/5958 5955/5955/5955 5959/5959/5959
f 5957/5957/5957 5956/5956/5956 5960/5960/5960
f 5960/5960/5960 5956/5956/5956 5958/5958/5958
f 5961/5961/5961 5957/5957/5957 5960/5960/5960
f 5962/5962/5962 5958/5958/5958 5959/5959/5959
f 5960/5960/5960 5958/5958/5958 5962/5962/5962
f 5959/5959/5959 5963/5963/5963 5962/5962/5962
f 5961/5961/5961 5960/5960/5960 5964/5964/5964
f 5964/5964/5964 5960/5960/5960 5962/5962/5962
f 5965/5965/5965 5961/5961/5961 5964/5964/5964
f 5963/5963/5963 5966/5966/5966 5962/5962/5962
f 5964/5964/5964 5962/5962/5962 5966/5966/5966
f 5966/5966/5966 5963/5963/5963 5967/5967/5967
f 5964/5964/5964 5968/5968/5968 5965/5965/5965
f 5968/5968/5968 5964/5964/5964 5966/5966/5966
f 5968/5968/5968 5969/5969/5969 5965/5965/5965
f 5968/5968/5968 5970/5970/5970 5969/5969/5969
f 5968/5968/5968 5966/5966/5966 5970/5970/5970
f 5970/5970/5970 5971/5971/5971 5969/5969/5969
f 5972/5972/5972 5966/5966/5966 5967/5967/5967
f 5966/5966/5966 5972/5972/5972 5970/5970/5970
f 5972/5972/5972 5967/5967/5967 5973/5973/5973
f 5970/5970/5970 5974/5974/5974 5971/5971/5971
f 5974/5974/5974 5970/5970/5970 5972/5972/5972
f 5974/5974/5974 5975/5975/5975 5971/5971/5971
f 5976/5976/5976 5972/5972/5972 5973/5973/5973
f 5976/5976/5976 5974/5974/5974 5972/5972/5972
f 5976/5976/5976 5973/5973/5973 5977/5977/5977
f 5975/5975/5975 5974/5974/5974 5978/5978/5978
f 5978/5978/5978 5974/5974/5974 5976/5976/5976
f 5979/5979/5979 5975/5975/5975 5978/5978/5978
f 5980/5980/5980 5976/5976/5976 5977/5977/5977
f 5980/5980/5980 5978/5978/5978 5976/5976/5976
f 5977/5977/5977 5981/5981/5981 5980/5980/5980
f 5978/5978/5978 5982/5982/5982 5979/5979/5979
f 5982/5982/5982 5978/5978/5978 5980/5980/5980
f 5982/5982/5982 5983/5983/5983 5979/5979/5979
f 5981/5981/5981 5984/5984/5984 5980/5980/5980
f 5984/5984/5984 5982/5982/5982 5980/5980/5980
f 5981/5981/5981 5985/5985/5985 5984/5984/5984
f 5982/5982/5982 5986/5986/5986 5983/5983/5983
f 5986/5986/5986 5982/5982/5982 5984/5984/5984
f 5986/5986/5986 5987/5987/5987 5983/5983/5983
f 5985/5985/5985 5988/5988/5988 5984/5984/5984
f 5988/5988/5988 5986/5986/5986 5984/5984/5984
f 5985/5985/5985 5989/5989/5989 5988/5988/5988
f 5987/5987/5987 5986/5986/5986 5990/5990/5990
f 5990/5990/5990 5986/5986/5986 5988/5988/5988
f 5991/5991/5991 5987/5987/5987 5990/5990/5990
f 5989/5989/5989 5992/5992/5992 5988/5988/5988
f 5992/5992/5992 5990/5990/5990 5988/5988/5988
f 5989/5989/5989 5993/5993/5993 5992/5992/5992
f 5991/5991/5991 5990/5990/5990 5994/5994/5994
f 5994/5994/5994 5990/5990/5990 5992/5992/5992
f 5995/5995/5995 5991/5991/5991 5994/5994/5994
f 5993/5993/5993 5996/5996/5996 5992/5992/5992
f 5996/5996/5996 5994/5994/5994 5992/5992/5992
f 5993/5993/5993 5997/5997/5997 5996/5996/5996
f 5995/5995/5995 5994/5994/5994 5998/5998/5998
f 5998/5998/5998 5994/5994/5994 5996/5996/5996
f 5999/5999/5999 5995/5995/5995 5998/5998/5998
f 5997/5997/5997 6000/6000/6000 5996/5996/5996
f 6000/6000/6000 5998/5998/5998 5996/5996/5996
f 5998/5998/5998 6001/6001/6001 5999/5999/5999
f 6001/6001/6001 5998/5998/5998 6000/6000/6000
f 6001/6001/6001 6002/6002/6002 5999/5999/5999
f 6003/6003/6003 6001/6001/6001 6000/6000/6000
f 6000/6000/6000 5997/5997/5997 6003/6003/6003
f 5997/5997/5997 6004/6004/6004 6003/6003/6003
f 6007/6007/6007 6006/6006/6006 6005/6005/6005
f 6008/6008/6008 6007/6007/6007 6005/6005/6005
f 6005/6005/6005 6009/6009/6009 6008/6008/6008
f 6007/6007/6007 6008/6008/6008 6010/6010/6010
f 6011/6011/6011 6007/6007/6007 6010/6010/6010
f 6011/6011/6011 6010/6010/6010 6012/6012/6012
f 6013/6013/6013 6011/6011/6011 6012/6012/6012
f 6014/6014/6014 6010/6010/6010 6008/6008/6008
f 6010/6010/6010 6014/6014/6014 6012/6012/6012
f 6009/6009/6009 6015/6015/6015 6008/6008/6008
f 6015/6015/6015 6014/6014/6014 6008/6008/6008
f 6015/6015/6015 6009/6009/6009 6016/6016/6016
f 6009/6009/6009 6017/6017/6017 6016/6016/6016
f 6016/6016/6016 6018/6018/6018 6015/6015/6015
f 6018/6018/6018 6014/6014/6014 6015/6015/6015
f 6018/6018/6018 6019/6019/6019 6014/6014/6014
f 6019/6019/6019 6020/6020/6020 6014/6014/6014
f 6014/6014/6014 6020/6020/6020 6012/6012/6012
f 6019/6019/6019 6021/6021/6021 6020/6020/6020
f 6021/6021/6021 6022/6022/6022 6020/6020/6020
f 6020/6020/6020 6022/6022/6022 6012/6012/6012
f 6022/6022/6022 6021/6021/6021 6023/6023/6023
f 6013/6013/6013 6012/6012/6012 6024/6024/6024
f 6022/6022/6022 6024/6024/6024 6012/6012/6012
f 6025/6025/6025 6013/6013/6013 6024/6024/6024
f 6025/6025/6025 6024/6024/6024 6026/6026/6026
f 6026/6026/6026 6024/6024/6024 6022/6022/6022
f 6027/6027/6027 6025/6025/6025 6026/6026/6026
f 6028/6028/6028 6022/6022/6022 6023/6023/6023
f 6028/6028/6028 6026/6026/6026 6022/6022/6022
f 6028/6028/6028 6023/6023/6023 6029/6029/6029
f 6027/6027/6027 6026/6026/6026 6030/6030/6030
f 6030/6030/6030 6026/6026/6026 6028/6028/6028
f 6031/6031/6031 6027/6027/6027 6030/6030/6030
f 6032/6032/6032 6028/6028/6028 6029/6029/6029
f 6032/6032/6032 6030/6030/6030 6028/6028/6028
f 6029/6029/6029 6033/6033/6033 6032/6032/6032
f 6030/6030/6030 6034/6034/6034 6031/6031/6031
f 6034/6034/6034 6030/6030/6030 6032/6032/6032
f 6034/6034/6034 6035/6035/6035 6031/6031/6031
f 6033/6033/6033 6036/6036/6036 6032/6032/6032
f 6036/6036/6036 6034/6034/6034 6032/6032/6032
f 6033/6033/6033 6037/6037/6037 6036/6036/6036
f 6035/6035/6035 6034/6034/6034 6038/6038/6038
f 6038/6038/6038 6034/6034/6034 6036/6036/6036
f 6039/6039/6039 6035/6035/6035 6038/6038/6038
f 6037/6037/6037 6040/6040/6040 6036/6036/6036
f 6040/6040/6040 6038/6038/6038 6036/6036/6036
f 6037/6037/6037 6041/6041/6041 6040/6040/6040
f 6039/6039/6039 6038/6038/6038 6042/6042/6042
f 6038/6038/6038 6040/6040/6040 6042/6042/6042
f 6043/6043/6043 6039/6039/6039 6042/6042/6042
f 6041/6041/6041 6044/6044/6044 6040/6040/6040
f 6040/6040/6040 6044/6044/6044 6042/6042/6042
f 6044/6044/6044 6041/6041/6041 6045/6045/6045
f 6046/6046/6046 6044/6044/6044 6045/6045/6045
f 6042/6042/6042 6044/6044/6044 6046/6046/6046
f 6045/6045/6045 6047/6047/6047 6046/6046/6046
f 6043/6043/6043 6042/6042/6042 6048/6048/6048
f 6048/6048/6048 6042/6042/6042 6046/6046/6046
f 6049/6049/6049 6043/6043/6043 6048/6048/6048
f 6047/6047/6047 6050/6050/6050 6046/6046/6046
f 6048/6048/6048 6046/6046/6046 6050/6050/6050
f 6047/6047/6047 6051/6051/6051 6050/6050/6050
f 6048/6048/6048 6052/6052/6052 6049/6049/6049
f 6052/6052/6052 6048/6048/6048 6050/6050/6050
f 6052/6052/6052 6053/6053/6053 6049/6049/6049
f 6051/6051/6051 6054/6054/6054 6050/6050/6050
f 6052/6052/6052 6050/6050/6050 6054/6054/6054
f 6054/6054/6054 6051/6051/6051 6055/6055/6055
f 6052/6052/6052 6056/6056/6056 6053/6053/6053
f 6056/6056/6056 6052/6052/6052 6054/6054/6054
f 6056/6056/6056 6057/6057/6057 6053/6053/6053
f 6056/6056/6056 6058/6058/6058 6057/6057/6057
f 6056/6056/6056 6054/6054/6054 6058/6058/6058
f 6058/6058/6058 6059/6059/6059 6057/6057/6057
f 6060/6060/6060 6054/6054/6054 6055/6055/6055
f 6054/6054/6054 6060/6060/6060 6058/6058/6058
f 6060/6060/6060 6055/6055/6055 6061/6061/6061
f 6062/6062/6062 6060/6060/6060 6061/6061/6061
f 6060/6060/6060 6062/6062/6062 6058/6058/6058
f 6062/6062/6062 6061/6061/6061 6063/6063/6063
f 6058/6058/6058 6064/6064/6064 6059/6059/6059
f 6062/6062/6062 6064/6064/6064 6058/6058/6058
f 6064/6064/6064 6065/6065/6065 6059/6059/6059
f 6064/6064/6064 6066/6066/6066 6065/6065/6065
f 6064/6064/6064 6062/6062/6062 6066/6066/6066
f 6066/6066/6066 6067/6067/6067 6065/6065/6065
f 6068/6068/6068 6062/6062/6062 6063/6063/6063
f 6062/6062/6062 6068/6068/6068 6066/6066/6066
f 6066/6066/6066 6069/6069/6069 6067/6067/6067
f 6066/6066/6066 6068/6068/6068 6069/6069/6069
f 6069/6069/6069 6070/6070/6070 6067/6067/6067
f 6068/6068/6068 6071/6071/6071 6069/6069/6069
f 6068/6068/6068 6063/6063/6063 6071/6071/6071
f 6063/6063/6063 6072/6072/6072 6071/6071/6071
f 6075/6075/6075 6074/6074/6074 6073/6073/6073
f 6076/6076/6076 6075/6075/6075 6073/6073/6073
f 6073/6073/6073 6077/6077/6077 6076/6076/6076
f 6076/6076/6076 6078/6078/6078 6075/6075/6075
f 6078/6078/6078 6079/6079/6079 6075/6075/6075
f 6077/6077/6077 6080/6080/6080 6076/6076/6076
f 6076/6076/6076 6080/6080/6080 6078/6078/6078
f 6078/6078/6078 6081/6081/6081 6079/6079/6079
f 6081/6081/6081 6082/6082/6082 6079/6079/6079
f 6078/6078/6078 6083/6083/6083 6081/6081/6081
f 6080/6080/6080 6083/6083/6083 6078/6078/6078
f 6083/6083/6083 6084/6084/6084 6081/6081/6081
f 6083/6083/6083 6085/6085/6085 6084/6084/6084
f 6085/6085/6085 6083/6083/6083 6080/6080/6080
f 6085/6085/6085 6086/6086/6086 6084/6084/6084
f 6087/6087/6087 6085/6085/6085 6080/6080/6080
f 6080/6080/6080 6077/6077/6077 6087/6087/6087
f 6077/6077/6077 6088/6088/6088 6087/6087/6087
f 6091/6091/6091 6090/6090/6090 6089/6089/6089
f 6090/6090/6090 6092/6092/6092 6089/6089/6089
f 6092/6092/6092 6090/6090/6090 6093/6093/6093
f 6093/6093/6093 6094/6094/6094 6092/6092/6092
f 6092/6092/6092 6095/6095/6095 6089/6089/6089
f 6094/6094/6094 6095/6095/6095 6092/6092/6092
f 6095/6095/6095 6096/6096/6096 6089/6089/6089
f 6095/6095/6095 6094/6094/6094 6097/6097/6097
f 6098/6098/6098 6096/6096/6096 6095/6095/6095
f 6097/6097/6097 6098/6098/6098 6095/6095/6095
f 6101/6101/6101 6100/6100/6100 6099/6099/6099
f 6102/6102/6102 6101/6101/6101 6099/6099/6099
f 6105/6105/6105 6104/6104/6104 6103/6103/6103
f 6106/6106/6106 6105/6105/6105 6103/6103/6103
f 6109/6109/6109 6108/6108/6108 6107/6107/6107
f 6108/6108/6108 6110/6110/6110 6107/6107/6107
f 6110/6110/6110 6108/6108/6108 6111/6111/6111
f 6111/6111/6111 6112/6112/6112 6110/6110/6110
f 6112/6112/6112 6113/6113/6113 6110/6110/6110
f 6110/6110/6110 6113/6113/6113 6114/6114/6114
f 6107/6107/6107 6110/6110/6110 6114/6114/6114
f 6107/6107/6107 6114/6114/6114 6115/6115/6115
f 6114/6114/6114 6116/6116/6116 6115/6115/6115
f 6115/6115/6115 6117/6117/6117 6107/6107/6107
f 6120/6120/6120 6119/6119/6119 6118/6118/6118
f 6121/6121/6121 6120/6120/6120 6118/6118/6118
f 6124/6124/6124 6123/6123/6123 6122/6122/6122
f 6125/6125/6125 6124/6124/6124 6122/6122/6122
f 6128/6128/6128 6127/6127/6127 6126/6126/6126
f 6129/6129/6129 6128/6128/6128 6126/6126/6126
f 6132/6132/6132 6131/6131/6131 6130/6130/6130
f 6131/6131/6131 6133/6133/6133 6130/6130/6130
f 6134/6134/6134 6130/6130/6130 6133/6133/6133
f 6135/6135/6135 6134/6134/6134 6133/6133/6133
f 6134/6134/6134 6135/6135/6135 6136/6136/6136
f 6135/6135/6135 6137/6137/6137 6136/6136/6136
f 6135/6135/6135 6133/6133/6133 6138/6138/6138
f 6138/6138/6138 6139/6139/6139 6135/6135/6135
f 6133/6133/6133 6140/6140/6140 6138/6138/6138
f 6140/6140/6140 6133/6133/6133 6141/6141/6141
f 6144/6144/6144 6143/6143/6143 6142/6142/6142
f 6145/6145/6145 6144/6144/6144 6142/6142/6142
f 6146/6146/6146 6144/6144/6144 6145/6145/6145
f 6147/6147/6147 6146/6146/6146 6145/6145/6145
f 6148/6148/6148 6146/6146/6146 6147/6147/6147
f 6149/6149/6149 6148/6148/6148 6147/6147/6147
f 6152/6152/6152 6151/6151/6151 6150/6150/6150
f 6151/6151/6151 6153/6153/6153 6150/6150/6150
f 6153/6153/6153 6151/6151/6151 6154/6154/6154
f 6154/6154/6154 6155/6155/6155 6153/6153/6153
f 6155/6155/6155 6156/6156/6156 6153/6153/6153
f 6156/6156/6156 6155/6155/6155 6157/6157/6157
f 6156/6156/6156 6157/6157/6157 6158/6158/6158
f 6159/6159/6159 6156/6156/6156 6158/6158/6158
f 6153/6153/6153 6156/6156/6156 6159/6159/6159
f 6150/6150/6150 6153/6153/6153 6159/6159/6159
f 6150/6150/6150 6159/6159/6159 6160/6160/6160
f 6160/6160/6160 6161/6161/6161 6150/6150/6150
f 6159/6159/6159 6162/6162/6162 6160/6160/6160
f 6162/6162/6162 6159/6159/6159 6163/6163/6163
f 6166/6166/6166 6165/6165/6165 6164/6164/6164
f 6165/6165/6165 6167/6167/6167 6164/6164/6164
f 6164/6164/6164 6167/6167/6167 6168/6168/6168
f 6167/6167/6167 6169/6169/6169 6168/6168/6168
f 6168/6168/6168 6169/6169/6169 6170/6170/6170
f 6169/6169/6169 6171/6171/6171 6170/6170/6170
f 6174/6174/6174 6173/6173/6173 6172/6172/6172
f 6173/6173/6173 6175/6175/6175 6172/6172/6172
f 6176/6176/6176 6172/6172/6172 6175/6175/6175
f 6177/6177/6177 6176/6176/6176 6175/6175/6175
f 6176/6176/6176 6177/6177/6177 6178/6178/6178
f 6177/6177/6177 6179/6179/6179 6178/6178/6178
f 6177/6177/6177 6175/6175/6175 6180/6180/6180
f 6180/6180/6180 6181/6181/6181 6177/6177/6177
f 6175/6175/6175 6182/6182/6182 6180/6180/6180
f 6182/6182/6182 6175/6175/6175 6183/6183/6183
f 6186/6186/6186 6185/6185/6185 6184/6184/6184
f 6187/6187/6187 6186/6186/6186 6184/6184/6184
f 6188/6188/6188 6186/6186/6186 6187/6187/6187
f 6189/6189/6189 6188/6188/6188 6187/6187/6187
f 6190/6190/6190 6188/6188/6188 6189/6189/6189
f 6191/6191/6191 6190/6190/6190 6189/6189/6189
f 6194/6194/6194 6193/6193/6193 6192/6192/6192
f 6193/6193/6193 6195/6195/6195 6192/6192/6192
f 6195/6195/6195 6193/6193/6193 6196/6196/6196
f 6196/6196/6196 6197/6197/6197 6195/6195/6195
f 6197/6197/6197 6198/6198/6198 6195/6195/6195
f 6198/6198/6198 6197/6197/6197 6199/6199/6199
f 6198/6198/6198 6199/6199/6199 6200/6200/6200
f 6201/6201/6201 6198/6198/6198 6200/6200/6200
f 6195/6195/6195 6198/6198/6198 6201/6201/6201
f 6192/6192/6192 6195/6195/6195 6201/6201/6201
f 6192/6192/6192 6201/6201/6201 6202/6202/6202
f 6202/6202/6202 6203/6203/6203 6192/6192/6192
f 6201/6201/6201 6204/6204/6204 6202/6202/6202
f 6204/6204/6204 6201/6201/6201 6205/6205/6205
f 6208/6208/6208 6207/6207/6207 6206/6206/6206
f 6207/6207/6207 6209/6209/6209 6206/6206/6206
f 6206/6206/6206 6209/6209/6209 6210/6210/6210
f 6209/6209/6209 6211/6211/6211 6210/6210/6210
f 6210/6210/6210 6211/6211/6211 6212/6212/6212
f 6211/6211/6211 6213/6213/6213 6212/6212/6212
f 6216/6216/6216 6215/6215/6215 6214/6214/6214
f 6217/6217/6217 6216/6216/6216 6214/6214/6214
f 6220/6220/6220 6219/6219/6219 6218/6218/6218
f 6221/6221/6221 6220/6220/6220 6218/6218/6218
f 6224/6224/6224 6223/6223/6223 6222/6222/6222
f 6225/6225/6225 6224/6224/6224 6222/6222/6222
f 6228/6228/6228 6227/6227/6227 6226/6226/6226
f 6229/6229/6229 6228/6228/6228 6226/6226/6226
f 6232/6232/6232 6231/6231/6231 6230/6230/6230
f 6230/6230/6230 6233/6233/6233 6232/6232/6232
f 6233/6233/6233 6234/6234/6234 6232/6232/6232
f 6234/6234/6234 6233/6233/6233 6235/6235/6235
f 6238/6238/6238 6237/6237/6237 6236/6236/6236
f 6236/6236/6236 6239/6239/6239 6238/6238/6238
f 6239/6239/6239 6240/6240/6240 6238/6238/6238
f 6240/6240/6240 6239/6239/6239 6241/6241/6241
f 6244/6244/6244 6243/6243/6243 6242/6242/6242
f 6245/6245/6245 6244/6244/6244 6242/6242/6242
f 6242/6242/6242 6246/6246/6246 6245/6245/6245
f 6245/6245/6245 6247/6247/6247 6244/6244/6244
f 6247/6247/6247 6248/6248/6248 6244/6244/6244
f 6246/6246/6246 6249/6249/6249 6245/6245/6245
f 6247/6247/6247 6245/6245/6245 6249/6249/6249
f 6247/6247/6247 6250/6250/6250 6248/6248/6248
f 6250/6250/6250 6251/6251/6251 6248/6248/6248
f 6250/6250/6250 6247/6247/6247 6252/6252/6252
f 6252/6252/6252 6247/6247/6247 6249/6249/6249
f 6253/6253/6253 6250/6250/6250 6252/6252/6252
f 6252/6252/6252 6254/6254/6254 6253/6253/6253
f 6254/6254/6254 6252/6252/6252 6249/6249/6249
f 6254/6254/6254 6255/6255/6255 6253/6253/6253
f 6256/6256/6256 6254/6254/6254 6249/6249/6249
f 6249/6249/6249 6246/6246/6246 6256/6256/6256
f 6246/6246/6246 6257/6257/6257 6256/6256/6256
f 6260/6260/6260 6259/6259/6259 6258/6258/6258
f 6261/6261/6261 6260/6260/6260 6258/6258/6258
f 6258/6258/6258 6262/6262/6262 6261/6261/6261
f 6261/6261/6261 6263/6263/6263 6260/6260/6260
f 6263/6263/6263 6264/6264/6264 6260/6260/6260
f 6262/6262/6262 6265/6265/6265 6261/6261/6261
f 6263/6263/6263 6261/6261/6261 6265/6265/6265
f 6263/6263/6263 6266/6266/6266 6264/6264/6264
f 6266/6266/6266 6267/6267/6267 6264/6264/6264
f 6263/6263/6263 6268/6268/6268 6266/6266/6266
f 6268/6268/6268 6263/6263/6263 6265/6265/6265
f 6268/6268/6268 6269/6269/6269 6266/6266/6266
f 6268/6268/6268 6270/6270/6270 6269/6269/6269
f 6268/6268/6268 6265/6265/6265 6270/6270/6270
f 6270/6270/6270 6271/6271/6271 6269/6269/6269
f 6265/6265/6265 6272/6272/6272 6270/6270/6270
f 6265/6265/6265 6262/6262/6262 6272/6272/6272
f 6262/6262/6262 6273/6273/6273 6272/6272/6272
f 6276/6276/6276 6275/6275/6275 6274/6274/6274
f 6277/6277/6277 6276/6276/6276 6274/6274/6274
f 6274/6274/6274 6278/6278/6278 6277/6277/6277
f 6277/6277/6277 6279/6279/6279 6276/6276/6276
f 6279/6279/6279 6280/6280/6280 6276/6276/6276
f 6279/6279/6279 6281/6281/6281 6280/6280/6280
f 6281/6281/6281 6282/6282/6282 6280/6280/6280
f 6281/6281/6281 6279/6279/6279 6283/6283/6283
f 6283/6283/6283 6279/6279/6279 6277/6277/6277
f 6284/6284/6284 6281/6281/6281 6283/6283/6283
f 6278/6278/6278 6285/6285/6285 6277/6277/6277
f 6285/6285/6285 6283/6283/6283 6277/6277/6277
f 6283/6283/6283 6286/6286/6286 6284/6284/6284
f 6286/6286/6286 6283/6283/6283 6285/6285/6285
f 6286/6286/6286 6287/6287/6287 6284/6284/6284
f 6288/6288/6288 6286/6286/6286 6285/6285/6285
f 6285/6285/6285 6278/6278/6278 6288/6288/6288
f 6278/6278/6278 6289/6289/6289 6288/6288/6288
f 6292/6292/6292 6291/6291/6291 6290/6290/6290
f 6293/6293/6293 6292/6292/6292 6290/6290/6290
f 6290/6290/6290 6294/6294/6294 6293/6293/6293
f 6293/6293/6293 6295/6295/6295 6292/6292/6292
f 6295/6295/6295 6296/6296/6296 6292/6292/6292
f 6295/6295/6295 6297/6297/6297 6296/6296/6296
f 6297/6297/6297 6298/6298/6298 6296/6296/6296
f 6295/6295/6295 6299/6299/6299 6297/6297/6297
f 6295/6295/6295 6293/6293/6293 6299/6299/6299
f 6299/6299/6299 6300/6300/6300 6297/6297/6297
f 6294/6294/6294 6301/6301/6301 6293/6293/6293
f 6293/6293/6293 6301/6301/6301 6299/6299/6299
f 6299/6299/6299 6302/6302/6302 6300/6300/6300
f 6299/6299/6299 6301/6301/6301 6302/6302/6302
f 6302/6302/6302 6303/6303/6303 6300/6300/6300
f 6301/6301/6301 6304/6304/6304 6302/6302/6302
f 6301/6301/6301 6294/6294/6294 6304/6304/6304
f 6294/6294/6294 6305/6305/6305 6304/6304/6304
f 6308/6308/6308 6307/6307/6307 6306/6306/6306
f 6309/6309/6309 6308/6308/6308 6306/6306/6306
f 6306/6306/6306 6310/6310/6310 6309/6309/6309
f 6309/6309/6309 6311/6311/6311 6308/6308/6308
f 6311/6311/6311 6312/6312/6312 6308/6308/6308
f 6310/6310/6310 6313/6313/6313 6309/6309/6309
f 6309/6309/6309 6313/6313/6313 6311/6311/6311
f 6311/6311/6311 6314/6314/6314 6312/6312/6312
f 6314/6314/6314 6315/6315/6315 6312/6312/6312
f 6311/6311/6311 6316/6316/6316 6314/6314/6314
f 6313/6313/6313 6316/6316/6316 6311/6311/6311
f 6316/6316/6316 6317/6317/6317 6314/6314/6314
f 6316/6316/6316 6318/6318/6318 6317/6317/6317
f 6318/6318/6318 6316/6316/6316 6313/6313/6313
f 6318/6318/6318 6319/6319/6319 6317/6317/6317
f 6320/6320/6320 6318/6318/6318 6313/6313/6313
f 6313/6313/6313 6310/6310/6310 6320/6320/6320
f 6310/6310/6310 6321/6321/6321 6320/6320/6320
f 6324/6324/6324 6323/6323/6323 6322/6322/6322
f 6325/6325/6325 6324/6324/6324 6322/6322/6322
f 6322/6322/6322 6326/6326/6326 6325/6325/6325
f 6325/6325/6325 6327/6327/6327 6324/6324/6324
f 6327/6327/6327 6328/6328/6328 6324/6324/6324
f 6326/6326/6326 6329/6329/6329 6325/6325/6325
f 6325/6325/6325 6329/6329/6329 6327/6327/6327
f 6327/6327/6327 6330/6330/6330 6328/6328/6328
f 6330/6330/6330 6331/6331/6331 6328/6328/6328
f 6327/6327/6327 6332/6332/6332 6330/6330/6330
f 6329/6329/6329 6332/6332/6332 6327/6327/6327
f 6332/6332/6332 6333/6333/6333 6330/6330/6330
f 6332/6332/6332 6334/6334/6334 6333/6333/6333
f 6334/6334/6334 6332/6332/6332 6329/6329/6329
f 6334/6334/6334 6335/6335/6335 6333/6333/6333
f 6336/6336/6336 6334/6334/6334 6329/6329/6329
f 6329/6329/6329 6326/6326/6326 6336/6336/6336
f 6326/6326/6326 6337/6337/6337 6336/6336/6336
f 6340/6340/6340 6339/6339/6339 6338/6338/6338
f 6341/6341/6341 6340/6340/6340 6338/6338/6338
f 6341/6341/6341 6342/6342/6342 6340/6340/6340
f 6342/6342/6342 6343/6343/6343 6340/6340/6340
f 6344/6344/6344 6343/6343/6343 6342/6342/6342
f 6345/6345/6345 6344/6344/6344 6342/6342/6342
f 6346/6346/6346 6340/6340/6340 6343/6343/6343
f 6346/6346/6346 6347/6347/6347 6340/6340/6340
f 6348/6348/6348 6346/6346/6346 6343/6343/6343
f 6348/6348/6348 6343/6343/6343 6349/6349/6349
f 6352/6352/6352 6351/6351/6351 6350/6350/6350
f 6353/6353/6353 6352/6352/6352 6350/6350/6350
f 6356/6356/6356 6355/6355/6355 6354/6354/6354
f 6357/6357/6357 6356/6356/6356 6354/6354/6354
f 6360/6360/6360 6359/6359/6359 6358/6358/6358
f 6359/6359/6359 6361/6361/6361 6358/6358/6358
f 6361/6361/6361 6359/6359/6359 6362/6362/6362
f 6361/6361/6361 6362/6362/6362 6363/6363/6363
f 6364/6364/6364 6361/6361/6361 6363/6363/6363
f 6361/6361/6361 6364/6364/6364 6358/6358/6358
f 6364/6364/6364 6363/6363/6363 6365/6365/6365
f 6364/6364/6364 6365/6365/6365 6366/6366/6366
f 6367/6367/6367 6364/6364/6364 6366/6366/6366
f 6364/6364/6364 6367/6367/6367 6358/6358/6358
f 6368/6368/6368 6358/6358/6358 6367/6367/6367
f 6368/6368/6368 6369/6369/6369 6358/6358/6358
f 6370/6370/6370 6368/6368/6368 6367/6367/6367
f 6370/6370/6370 6367/6367/6367 6371/6371/6371
f 6374/6374/6374 6373/6373/6373 6372/6372/6372
f 6373/6373/6373 6375/6375/6375 6372/6372/6372
f 6375/6375/6375 6376/6376/6376 6372/6372/6372
f 6376/6376/6376 6377/6377/6377 6372/6372/6372
f 6380/6380/6380 6379/6379/6379 6378/6378/6378
f 6381/6381/6381 6380/6380/6380 6378/6378/6378
f 6380/6380/6380 6381/6381/6381 6382/6382/6382
f 6383/6383/6383 6380/6380/6380 6382/6382/6382
f 6386/6386/6386 6385/6385/6385 6384/6384/6384
f 6387/6387/6387 6386/6386/6386 6384/6384/6384
f 6390/6390/6390 6389/6389/6389 6388/6388/6388
f 6389/6389/6389 6391/6391/6391 6388/6388/6388
f 6391/6391/6391 6389/6389/6389 6392/6392/6392
f 6391/6391/6391 6392/6392/6392 6393/6393/6393
f 6394/6394/6394 6391/6391/6391 6393/6393/6393
f 6391/6391/6391 6394/6394/6394 6388/6388/6388
f 6394/6394/6394 6393/6393/6393 6395/6395/6395
f 6394/6394/6394 6395/6395/6395 6396/6396/6396
f 6394/6394/6394 6397/6397/6397 6388/6388/6388
f 6397/6397/6397 6394/6394/6394 6396/6396/6396
f 6388/6388/6388 6397/6397/6397 6398/6398/6398
f 6397/6397/6397 6396/6396/6396 6399/6399/6399
f 6397/6397/6397 6399/6399/6399 6398/6398/6398
f 6402/6402/6402 6401/6401/6401 6400/6400/6400
f 6403/6403/6403 6402/6402/6402 6400/6400/6400
f 6406/6406/6406 6405/6405/6405 6404/6404/6404
f 6407/6407/6407 6406/6406/6406 6404/6404/6404
f 6410/6410/6410 6409/6409/6409 6408/6408/6408
f 6411/6411/6411 6410/6410/6410 6408/6408/6408
f 6414/6414/6414 6413/6413/6413 6412/6412/6412
f 6413/6413/6413 6415/6415/6415 6412/6412/6412
f 6415/6415/6415 6413/6413/6413 6416/6416/6416
f 6415/6415/6415 6416/6416/6416 6417/6417/6417
f 6418/6418/6418 6415/6415/6415 6417/6417/6417
f 6415/6415/6415 6418/6418/6418 6412/6412/6412
f 6418/6418/6418 6417/6417/6417 6419/6419/6419
f 6418/6418/6418 6419/6419/6419 6420/6420/6420
f 6421/6421/6421 6418/6418/6418 6420/6420/6420
f 6418/6418/6418 6421/6421/6421 6412/6412/6412
f 6422/6422/6422 6412/6412/6412 6421/6421/6421
f 6422/6422/6422 6423/6423/6423 6412/6412/6412
f 6424/6424/6424 6422/6422/6422 6421/6421/6421
f 6424/6424/6424 6421/6421/6421 6425/6425/6425
f 6428/6428/6428 6427/6427/6427 6426/6426/6426
f 6429/6429/6429 6428/6428/6428 6426/6426/6426
f 6429/6429/6429 6430/6430/6430 6428/6428/6428
f 6430/6430/6430 6431/6431/6431 6428/6428/6428
f 6432/6432/6432 6431/6431/6431 6430/6430/6430
f 6433/6433/6433 6432/6432/6432 6430/6430/6430
f 6434/6434/6434 6428/6428/6428 6431/6431/6431
f 6434/6434/6434 6435/6435/6435 6428/6428/6428
f 6436/6436/6436 6434/6434/6434 6431/6431/6431
f 6436/6436/6436 6431/6431/6431 6437/6437/6437
f 6440/6440/6440 6439/6439/6439 6438/6438/6438
f 6441/6441/6441 6440/6440/6440 6438/6438/6438
f 6444/6444/6444 6443/6443/6443 6442/6442/6442
f 6445/6445/6445 6444/6444/6444 6442/6442/6442
f 6448/6448/6448 6447/6447/6447 6446/6446/6446
f 6447/6447/6447 6449/6449/6449 6446/6446/6446
f 6449/6449/6449 6447/6447/6447 6450/6450/6450
f 6449/6449/6449 6450/6450/6450 6451/6451/6451
f 6452/6452/6452 6449/6449/6449 6451/6451/6451
f 6449/6449/6449 6452/6452/6452 6446/6446/6446
f 6452/6452/6452 6451/6451/6451 6453/6453/6453
f 6452/6452/6452 6453/6453/6453 6454/6454/6454
f 6455/6455/6455 6452/6452/6452 6454/6454/6454
f 6452/6452/6452 6455/6455/6455 6446/6446/6446
f 6456/6456/6456 6446/6446/6446 6455/6455/6455
f 6456/6456/6456 6457/6457/6457 6446/6446/6446
f 6458/6458/6458 6456/6456/6456 6455/6455/6455
f 6458/6458/6458 6455/6455/6455 6459/6459/6459
f 6462/6462/6462 6461/6461/6461 6460/6460/6460
f 6461/6461/6461 6463/6463/6463 6460/6460/6460
f 6463/6463/6463 6464/6464/6464 6460/6460/6460
f 6464/6464/6464 6465/6465/6465 6460/6460/6460
f 6468/6468/6468 6467/6467/6467 6466/6466/6466
f 6469/6469/6469 6468/6468/6468 6466/6466/6466
f 6468/6468/6468 6469/6469/6469 6470/6470/6470
f 6471/6471/6471 6468/6468/6468 6470/6470/6470
f 6474/6474/6474 6473/6473/6473 6472/6472/6472
f 6475/6475/6475 6474/6474/6474 6472/6472/6472
f 6478/6478/6478 6477/6477/6477 6476/6476/6476
f 6477/6477/6477 6479/6479/6479 6476/6476/6476
f 6479/6479/6479 6477/6477/6477 6480/6480/6480
f 6479/6479/6479 6480/6480/6480 6481/6481/6481
f 6482/6482/6482 6479/6479/6479 6481/6481/6481
f 6479/6479/6479 6482/6482/6482 6476/6476/6476
f 6482/6482/6482 6481/6481/6481 6483/6483/6483
f 6482/6482/6482 6483/6483/6483 6484/6484/6484
f 6482/6482/6482 6485/6485/6485 6476/6476/6476
f 6485/6485/6485 6482/6482/6482 6484/6484/6484
f 6476/6476/6476 6485/6485/6485 6486/6486/6486
f 6485/6485/6485 6484/6484/6484 6487/6487/6487
f 6485/6485/6485 6487/6487/6487 6486/6486/6486
f 6490/6490/6490 6489/6489/6489 6488/6488/6488
f 6491/6491/6491 6490/6490/6490 6488/6488/6488
f 6494/6494/6494 6493/6493/6493 6492/6492/6492
f 6495/6495/6495 6494/6494/6494 6492/6492/6492
f 6498/6498/6498 6497/6497/6497 6496/6496/6496
f 6499/6499/6499 6498/6498/6498 6496/6496/6496
f 6502/6502/6502 6501/6501/6501 6500/6500/6500
f 6501/6501/6501 6503/6503/6503 6500/6500/6500
f 6503/6503/6503 6501/6501/6501 6504/6504/6504
f 6503/6503/6503 6504/6504/6504 6505/6505/6505
f 6506/6506/6506 6503/6503/6503 6505/6505/6505
f 6503/6503/6503 6506/6506/6506 6500/6500/6500
f 6506/6506/6506 6505/6505/6505 6507/6507/6507
f 6506/6506/6506 6507/6507/6507 6508/6508/6508
f 6509/6509/6509 6506/6506/6506 6508/6508/6508
f 6506/6506/6506 6509/6509/6509 6500/6500/6500
f 6510/6510/6510 6500/6500/6500 6509/6509/6509
f 6510/6510/6510 6511/6511/6511 6500/6500/6500
f 6512/6512/6512 6510/6510/6510 6509/6509/6509
f 6512/6512/6512 6509/6509/6509 6513/6513/6513
f 6516/6516/6516 6515/6515/6515 6514/6514/6514
f 6517/6517/6517 6516/6516/6516 6514/6514/6514
f 6520/6520/6520 6519/6519/6519 6518/6518/6518
f 6521/6521/6521 6520/6520/6520 6518/6518/6518
f 6524/6524/6524 6523/6523/6523 6522/6522/6522
f 6525/6525/6525 6524/6524/6524 6522/6522/6522
f 6528/6528/6528 6527/6527/6527 6526/6526/6526
f 6529/6529/6529 6528/6528/6528 6526/6526/6526
f 6532/6532/6532 6531/6531/6531 6530/6530/6530
f 6533/6533/6533 6532/6532/6532 6530/6530/6530
f 6536/6536/6536 6535/6535/6535 6534/6534/6534
f 6537/6537/6537 6536/6536/6536 6534/6534/6534
f 6540/6540/6540 6539/6539/6539 6538/6538/6538
f 6541/6541/6541 6540/6540/6540 6538/6538/6538
f 6544/6544/6544 6543/6543/6543 6542/6542/6542
f 6545/6545/6545 6544/6544/6544 6542/6542/6542
f 6548/6548/6548 6547/6547/6547 6546/6546/6546
f 6549/6549/6549 6548/6548/6548 6546/6546/6546
f 6552/6552/6552 6551/6551/6551 6550/6550/6550
f 6553/6553/6553 6552/6552/6552 6550/6550/6550
f 6556/6556/6556 6555/6555/6555 6554/6554/6554
f 6557/6557/6557 6556/6556/6556 6554/6554/6554
f 6560/6560/6560 6559/6559/6559 6558/6558/6558
f 6561/6561/6561 6560/6560/6560 6558/6558/6558
f 6564/6564/6564 6563/6563/6563 6562/6562/6562
f 6564/6564/6564 6565/6565/6565 6563/6563/6563
f 6565/6565/6565 6566/6566/6566 6563/6563/6563
f 6565/6565/6565 6567/6567/6567 6566/6566/6566
f 6570/6570/6570 6569/6569/6569 6568/6568/6568
f 6570/6570/6570 6571/6571/6571 6569/6569/6569
f 6571/6571/6571 6572/6572/6572 6569/6569/6569
f 6571/6571/6571 6573/6573/6573 6572/6572/6572
f 6576/6576/6576 6575/6575/6575 6574/6574/6574
f 6577/6577/6577 6576/6576/6576 6574/6574/6574
f 6580/6580/6580 6579/6579/6579 6578/6578/6578
f 6581/6581/6581 6580/6580/6580 6578/6578/6578
f 6584/6584/6584 6583/6583/6583 6582/6582/6582
f 6585/6585/6585 6584/6584/6584 6582/6582/6582
f 6584/6584/6584 6585/6585/6585 6586/6586/6586
f 6585/6585/6585 6587/6587/6587 6586/6586/6586
f 6590/6590/6590 6589/6589/6589 6588/6588/6588
f 6589/6589/6589 6591/6591/6591 6588/6588/6588
f 6588/6588/6588 6591/6591/6591 6592/6592/6592
f 6591/6591/6591 6593/6593/6593 6592/6592/6592
f 6592/6592/6592 6593/6593/6593 6594/6594/6594
f 6593/6593/6593 6595/6595/6595 6594/6594/6594
f 6598/6598/6598 6597/6597/6597 6596/6596/6596
f 6597/6597/6597 6599/6599/6599 6596/6596/6596
f 6596/6596/6596 6599/6599/6599 6600/6600/6600
f 6599/6599/6599 6601/6601/6601 6600/6600/6600
f 6604/6604/6604 6603/6603/6603 6602/6602/6602
f 6605/6605/6605 6604/6604/6604 6602/6602/6602
f 6608/6608/6608 6607/6607/6607 6606/6606/6606
f 6607/6607/6607 6609/6609/6609 6606/6606/6606
f 6606/6606/6606 6609/6609/6609 6610/6610/6610
f 6609/6609/6609 6611/6611/6611 6610/6610/6610
f 6614/6614/6614 6613/6613/6613 6612/6612/6612
f 6615/6615/6615 6614/6614/6614 6612/6612/6612
f 6618/6618/6618 6617/6617/6617 6616/6616/6616
f 6619/6619/6619 6618/6618/6618 6616/6616/6616
f 6619/6619/6619 6616/6616/6616 6620/6620/6620
f 6616/6616/6616 6621/6621/6621 6620/6620/6620
f 6621/6621/6621 6616/6616/6616 6622/6622/6622
f 6623/6623/6623 6621/6621/6621 6622/6622/6622
f 6623/6623/6623 6624/6624/6624 6621/6621/6621
f 6620/6620/6620 6625/6625/6625 6619/6619/6619
f 6625/6625/6625 6626/6626/6626 6619/6619/6619
f 6620/6620/6620 6627/6627/6627 6625/6625/6625
f 6620/6620/6620 6621/6621/6621 6627/6627/6627
f 6627/6627/6627 6628/6628/6628 6625/6625/6625
f 6628/6628/6628 6627/6627/6627 6629/6629/6629
f 6624/6624/6624 6630/6630/6630 6621/6621/6621
f 6621/6621/6621 6630/6630/6630 6627/6627/6627
f 6630/6630/6630 6624/6624/6624 6631/6631/6631
f 6627/6627/6627 6630/6630/6630 6632/6632/6632
f 6630/6630/6630 6631/6631/6631 6632/6632/6632
f 6635/6635/6635 6634/6634/6634 6633/6633/6633
f 6636/6636/6636 6635/6635/6635 6633/6633/6633
f 6636/6636/6636 6633/6633/6633 6637/6637/6637
f 6633/6633/6633 6638/6638/6638 6637/6637/6637
f 6638/6638/6638 6633/6633/6633 6639/6639/6639
f 6640/6640/6640 6638/6638/6638 6639/6639/6639
f 6640/6640/6640 6641/6641/6641 6638/6638/6638
f 6637/6637/6637 6642/6642/6642 6636/6636/6636
f 6642/6642/6642 6643/6643/6643 6636/6636/6636
f 6642/6642/6642 6637/6637/6637 6644/6644/6644
f 6637/6637/6637 6638/6638/6638 6644/6644/6644
f 6645/6645/6645 6642/6642/6642 6644/6644/6644
f 6644/6644/6644 6646/6646/6646 6645/6645/6645
f 6641/6641/6641 6647/6647/6647 6638/6638/6638
f 6638/6638/6638 6647/6647/6647 6644/6644/6644
f 6644/6644/6644 6647/6647/6647 6646/6646/6646
f 6647/6647/6647 6641/6641/6641 6648/6648/6648
f 6647/6647/6647 6648/6648/6648 6646/6646/6646
f 6651/6651/6651 6650/6650/6650 6649/6649/6649
f 6649/6649/6649 6652/6652/6652 6651/6651/6651
f 6650/6650/6650 6653/6653/6653 6649/6649/6649
f 6653/6653/6653 6650/6650/6650 6654/6654/6654
f 6653/6653/6653 6654/6654/6654 6655/6655/6655
f 6652/6652/6652 6649/6649/6649 6656/6656/6656
f 6649/6649/6649 6653/6653/6653 6656/6656/6656
f 6657/6657/6657 6652/6652/6652 6656/6656/6656
f 6656/6656/6656 6658/6658/6658 6657/6657/6657
f 6659/6659/6659 6653/6653/6653 6655/6655/6655
f 6653/6653/6653 6659/6659/6659 6656/6656/6656
f 6658/6658/6658 6656/6656/6656 6659/6659/6659
f 6659/6659/6659 6655/6655/6655 6660/6660/6660
f 6660/6660/6660 6658/6658/6658 6659/6659/6659
f 6663/6663/6663 6662/6662/6662 6661/6661/6661
f 6661/6661/6661 6664/6664/6664 6663/6663/6663
f 6662/6662/6662 6665/6665/6665 6661/6661/6661
f 6665/6665/6665 6662/6662/6662 6666/6666/6666
f 6665/6665/6665 6666/6666/6666 6667/6667/6667
f 6668/6668/6668 6665/6665/6665 6667/6667/6667
f 6661/6661/6661 6665/6665/6665 6668/6668/6668
f 6668/6668/6668 6667/6667/6667 6669/6669/6669
f 6668/6668/6668 6669/6669/6669 6670/6670/6670
f 6661/6661/6661 6671/6671/6671 6664/6664/6664
f 6671/6671/6671 6661/6661/6661 6668/6668/6668
f 6671/6671/6671 6668/6668/6668 6670/6670/6670
f 6671/6671/6671 6672/6672/6672 6664/6664/6664
f 6671/6671/6671 6670/6670/6670 6672/6672/6672
f 6675/6675/6675 6674/6674/6674 6673/6673/6673
f 6673/6673/6673 6676/6676/6676 6675/6675/6675
f 6674/6674/6674 6677/6677/6677 6673/6673/6673
f 6677/6677/6677 6674/6674/6674 6678/6678/6678
f 6677/6677/6677 6678/6678/6678 6679/6679/6679
f 6676/6676/6676 6673/6673/6673 6680/6680/6680
f 6673/6673/6673 6677/6677/6677 6680/6680/6680
f 6681/6681/6681 6676/6676/6676 6680/6680/6680
f 6680/6680/6680 6682/6682/6682 6681/6681/6681
f 6683/6683/6683 6677/6677/6677 6679/6679/6679
f 6677/6677/6677 6683/6683/6683 6680/6680/6680
f 6682/6682/6682 6680/6680/6680 6683/6683/6683
f 6683/6683/6683 6679/6679/6679 6684/6684/6684
f 6684/6684/6684 6682/6682/6682 6683/6683/6683
f 6687/6687/6687 6686/6686/6686 6685/6685/6685
f 6685/6685/6685 6688/6688/6688 6687/6687/6687
f 6686/6686/6686 6689/6689/6689 6685/6685/6685
f 6689/6689/6689 6686/6686/6686 6690/6690/6690
f 6689/6689/6689 6690/6690/6690 6691/6691/6691
f 6692/6692/6692 6689/6689/6689 6691/6691/6691
f 6685/6685/6685 6689/6689/6689 6692/6692/6692
f 6692/6692/6692 6691/6691/6691 6693/6693/6693
f 6692/6692/6692 6693/6693/6693 6694/6694/6694
f 6685/6685/6685 6695/6695/6695 6688/6688/6688
f 6695/6695/6695 6685/6685/6685 6692/6692/6692
f 6695/6695/6695 6692/6692/6692 6694/6694/6694
f 6695/6695/6695 6696/6696/6696 6688/6688/6688
f 6695/6695/6695 6694/6694/6694 6696/6696/6696
f 6699/6699/6699 6698/6698/6698 6697/6697/6697
f 6697/6697/6697 6700/6700/6700 6699/6699/6699
f 6698/6698/6698 6701/6701/6701 6697/6697/6697
f 6701/6701/6701 6698/6698/6698 6702/6702/6702
f 6701/6701/6701 6702/6702/6702 6703/6703/6703
f 6700/6700/6700 6697/6697/6697 6704/6704/6704
f 6697/6697/6697 6701/6701/6701 6704/6704/6704
f 6705/6705/6705 6700/6700/6700 6704/6704/6704
f 6704/6704/6704 6706/6706/6706 6705/6705/6705
f 6707/6707/6707 6701/6701/6701 6703/6703/6703
f 6701/6701/6701 6707/6707/6707 6704/6704/6704
f 6706/6706/6706 6704/6704/6704 6707/6707/6707
f 6707/6707/6707 6703/6703/6703 6708/6708/6708
f 6708/6708/6708 6706/6706/6706 6707/6707/6707
f 6711/6711/6711 6710/6710/6710 6709/6709/6709
f 6709/6709/6709 6712/6712/6712 6711/6711/6711
f 6710/6710/6710 6713/6713/6713 6709/6709/6709
f 6713/6713/6713 6710/6710/6710 6714/6714/6714
f 6713/6713/6713 6714/6714/6714 6715/6715/6715
f 6716/6716/6716 6713/6713/6713 6715/6715/6715
f 6709/6709/6709 6713/6713/6713 6716/6716/6716
f 6716/6716/6716 6715/6715/6715 6717/6717/6717
f 6716/6716/6716 6717/6717/6717 6718/6718/6718
f 6709/6709/6709 6719/6719/6719 6712/6712/6712
f 6719/6719/6719 6709/6709/6709 6716/6716/6716
f 6719/6719/6719 6716/6716/6716 6718/6718/6718
f 6719/6719/6719 6720/6720/6720 6712/6712/6712
f 6719/6719/6719 6718/6718/6718 6720/6720/6720
f 6723/6723/6723 6722/6722/6722 6721/6721/6721
f 6721/6721/6721 6724/6724/6724 6723/6723/6723
f 6722/6722/6722 6725/6725/6725 6721/6721/6721
f 6725/6725/6725 6722/6722/6722 6726/6726/6726
f 6725/6725/6725 6726/6726/6726 6727/6727/6727
f 6724/6724/6724 6721/6721/6721 6728/6728/6728
f 6721/6721/6721 6725/6725/6725 6728/6728/6728
f 6729/6729/6729 6724/6724/6724 6728/6728/6728
f 6728/6728/6728 6730/6730/6730 6729/6729/6729
f 6731/6731/6731 6725/6725/6725 6727/6727/6727
f 6725/6725/6725 6731/6731/6731 6728/6728/6728
f 6730/6730/6730 6728/6728/6728 6731/6731/6731
f 6731/6731/6731 6727/6727/6727 6732/6732/6732
f 6732/6732/6732 6730/6730/6730 6731/6731/6731
f 6735/6735/6735 6734/6734/6734 6733/6733/6733
f 6733/6733/6733 6736/6736/6736 6735/6735/6735
f 6734/6734/6734 6737/6737/6737 6733/6733/6733
f 6737/6737/6737 6734/6734/6734 6738/6738/6738
f 6737/6737/6737 6738/6738/6738 6739/6739/6739
f 6740/6740/6740 6737/6737/6737 6739/6739/6739
f 6733/6733/6733 6737/6737/6737 6740/6740/6740
f 6740/6740/6740 6739/6739/6739 6741/6741/6741
f 6740/6740/6740 6741/6741/6741 6742/6742/6742
f 6733/6733/6733 6743/6743/6743 6736/6736/6736
f 6743/6743/6743 6733/6733/6733 6740/6740/6740
f 6743/6743/6743 6740/6740/6740 6742/6742/6742
f 6743/6743/6743 6744/6744/6744 6736/6736/6736
f 6743/6743/6743 6742/6742/6742 6744/6744/6744
f 6747/6747/6747 6746/6746/6746 6745/6745/6745
f 6745/6745/6745 6748/6748/6748 6747/6747/6747
f 6746/6746/6746 6749/6749/6749 6745/6745/6745
f 6749/6749/6749 6746/6746/6746 6750/6750/6750
f 6749/6749/6749 6750/6750/6750 6751/6751/6751
f 6752/6752/6752 6749/6749/6749 6751/6751/6751
f 6745/6745/6745 6749/6749/6749 6752/6752/6752
f 6752/6752/6752 6751/6751/6751 6753/6753/6753
f 6753/6753/6753 6754/6754/6754 6752/6752/6752
f 6748/6748/6748 6745/6745/6745 6755/6755/6755
f 6755/6755/6755 6745/6745/6745 6752/6752/6752
f 6754/6754/6754 6755/6755/6755 6752/6752/6752
f 6756/6756/6756 6748/6748/6748 6755/6755/6755
f 6755/6755/6755 6754/6754/6754 6756/6756/6756
f 6759/6759/6759 6758/6758/6758 6757/6757/6757
f 6757/6757/6757 6760/6760/6760 6759/6759/6759
f 6758/6758/6758 6761/6761/6761 6757/6757/6757
f 6761/6761/6761 6758/6758/6758 6762/6762/6762
f 6761/6761/6761 6762/6762/6762 6763/6763/6763
f 6764/6764/6764 6761/6761/6761 6763/6763/6763
f 6761/6761/6761 6764/6764/6764 6757/6757/6757
f 6764/6764/6764 6763/6763/6763 6765/6765/6765
f 6764/6764/6764 6765/6765/6765 6766/6766/6766
f 6757/6757/6757 6767/6767/6767 6760/6760/6760
f 6764/6764/6764 6767/6767/6767 6757/6757/6757
f 6767/6767/6767 6764/6764/6764 6766/6766/6766
f 6767/6767/6767 6768/6768/6768 6760/6760/6760
f 6767/6767/6767 6766/6766/6766 6768/6768/6768
f 6771/6771/6771 6770/6770/6770 6769/6769/6769
f 6769/6769/6769 6772/6772/6772 6771/6771/6771
f 6770/6770/6770 6773/6773/6773 6769/6769/6769
f 6773/6773/6773 6770/6770/6770 6774/6774/6774
f 6773/6773/6773 6774/6774/6774 6775/6775/6775
f 6776/6776/6776 6773/6773/6773 6775/6775/6775
f 6769/6769/6769 6773/6773/6773 6776/6776/6776
f 6776/6776/6776 6775/6775/6775 6777/6777/6777
f 6777/6777/6777 6778/6778/6778 6776/6776/6776
f 6772/6772/6772 6769/6769/6769 6779/6779/6779
f 6779/6779/6779 6769/6769/6769 6776/6776/6776
f 6778/6778/6778 6779/6779/6779 6776/6776/6776
f 6780/6780/6780 6772/6772/6772 6779/6779/6779
f 6779/6779/6779 6778/6778/6778 6780/6780/6780
f 6783/6783/6783 6782/6782/6782 6781/6781/6781
f 6781/6781/6781 6784/6784/6784 6783/6783/6783
f 6782/6782/6782 6785/6785/6785 6781/6781/6781
f 6785/6785/6785 6782/6782/6782 6786/6786/6786
f 6785/6785/6785 6786/6786/6786 6787/6787/6787
f 6788/6788/6788 6785/6785/6785 6787/6787/6787
f 6781/6781/6781 6785/6785/6785 6788/6788/6788
f 6788/6788/6788 6787/6787/6787 6789/6789/6789
f 6789/6789/6789 6790/6790/6790 6788/6788/6788
f 6784/6784/6784 6781/6781/6781 6791/6791/6791
f 6791/6791/6791 6781/6781/6781 6788/6788/6788
f 6790/6790/6790 6791/6791/6791 6788/6788/6788
f 6792/6792/6792 6784/6784/6784 6791/6791/6791
f 6791/6791/6791 6790/6790/6790 6792/6792/6792
g Building_01Building_01_mobile_1
f 4741/4741/4741 4742/4742/4742 4737/4737/4737
f 4738/4738/4738 4741/4741/4741 4737/4737/4737
f 4749/4749/4749 4750/4750/4750 4745/4745/4745
f 4746/4746/4746 4749/4749/4749 4745/4745/4745
f 4649/4649/4649 4644/4644/4644 4641/4641/4641
f 4646/4646/4646 4649/4649/4649 4641/4641/4641
f 4701/4701/4701 4696/4696/4696 4693/4693/4693
f 4698/4698/4698 4701/4701/4701 4693/4693/4693
