g chuan4_2v2chuan4_2v2_mobile
v 0.0305522505 -0.145102256 -0.0166561555
v 0.0848377375 -0.145535221 -0.0176114261
v 0.0305522505 -0.144683037 -0.0176114261
v 0.0850714008 -0.145947568 -0.0166561555
v 0.0959298727 -0.142662536 -0.0176114261
v 0.0305522505 -0.145102256 -0.0142095631
v 0.096239133 -0.143054266 -0.0166561555
v 0.106499702 -0.135824448 -0.0176114261
v 0.0850714008 -0.145947568 -0.0142095631
v 0.0305522505 -0.144683037 -0.0132542925
v 0.106829579 -0.136085601 -0.0166561555
v 0.114801622 -0.126972732 -0.0176114261
v 0.0848377375 -0.145535221 -0.0132542925
v 0.0305522505 -0.143693404 -0.0128075832
v 0.096239133 -0.143054266 -0.0142095631
v 0.115138372 -0.127233885 -0.0166561555
v 0.123763297 -0.110726259 -0.0176114261
v 0.0842948139 -0.144531843 -0.0128075832
v 0.0305453781 -0.140442735 -0.0128075832
v 0.0959298727 -0.142662536 -0.0132542925
v 0.106829579 -0.136085601 -0.0142095631
v 0.0826385533 -0.141528582 -0.0128075832
v 0.0305453781 -0.13944623 -0.0132542925
v 0.095187648 -0.141727883 -0.0128075832
v 0.106499702 -0.135824448 -0.0132542925
v 0.115138372 -0.127233885 -0.0142095631
v 0.12407943 -0.111021774 -0.0166561555
v 0.0820956297 -0.140525204 -0.0132542925
v 0.0305453781 -0.139033883 -0.0142095631
v 0.0931190404 -0.139157587 -0.0128075832
v 0.105757477 -0.135164693 -0.0128075832
v 0.12926813 -0.099015603 -0.0166561555
v 0.12893138 -0.098740705 -0.0176114261
v 0.114801622 -0.126972732 -0.0132542925
v 0.12407943 -0.111021774 -0.0142095631
v 0.0818963287 -0.14011973 -0.0142095631
v 0.0305453781 -0.139033883 -0.0166561555
v 0.0923768158 -0.138229806 -0.0132542925
v 0.103111584 -0.132924274 -0.0128075832
v 0.113956311 -0.126361084 -0.0128075832
v 0.123763297 -0.110726259 -0.0132542925
v 0.0818963287 -0.14011973 -0.0166561555
v 0.0305453781 -0.13944623 -0.0176114261
v 0.0820956297 -0.140525204 -0.0176114261
v 0.092060683 -0.137838076 -0.0142095631
v 0.092060683 -0.137838076 -0.0166561555
v 0.0923768158 -0.138229806 -0.0176114261
v 0.102328124 -0.132271391 -0.0132542925
v 0.11117984 -0.124368073 -0.0128075832
v 0.101998247 -0.132003366 -0.0166561555
v 0.102328124 -0.132271391 -0.0176114261
v 0.101998247 -0.132003366 -0.0142095631
v 0.109990907 -0.123474655 -0.0166561555
v 0.110327657 -0.12374268 -0.0176114261
v 0.110327657 -0.12374268 -0.0132542925
v 0.109990907 -0.123474655 -0.0142095631
v 0.122966093 -0.110025269 -0.0128075832
v 0.119413036 -0.106891431 -0.0166561555
v 0.119729169 -0.107193819 -0.0176114261
v 0.124574247 -0.095187648 -0.0176114261
v 0.120567608 -0.107901682 -0.0128075832
v 0.119729169 -0.107193819 -0.0132542925
v 0.119413036 -0.106891431 -0.0142095631
v 0.124237497 -0.09491275 -0.0166561555
v 0.128326605 -0.0804806038 -0.0176114261
v 0.124237497 -0.09491275 -0.0142095631
v 0.124574247 -0.095187648 -0.0132542925
v 0.125405813 -0.0958474033 -0.0128075832
v 0.128141048 -0.0980740773 -0.0128075832
v 0.127962365 -0.0802331956 -0.0166561555
v 0.12893138 -0.098740705 -0.0132542925
v 0.129055084 -0.0679658714 -0.0166561555
v 0.129433069 -0.0681651724 -0.0176114261
v 0.12926813 -0.099015603 -0.0142095631
v 0.133405346 -0.0843016864 -0.0142095631
v 0.133041106 -0.0840542781 -0.0132542925
v 0.132257646 -0.0834357576 -0.0128075832
v 0.128580885 -0.0291090359 -0.0166561555
v 0.128938253 -0.0291159084 -0.0176114261
v 0.133405346 -0.0843016864 -0.0166561555
v 0.133041106 -0.0840542781 -0.0176114261
v 0.134339999 -0.0707629588 -0.0176114261
v 0.134676749 -0.0709760047 -0.0166561555
v 0.134236912 -0.029308337 -0.0176114261
v 0.134676749 -0.0709760047 -0.0142095631
v 0.134635514 -0.0293289543 -0.0166561555
v 0.132814315 -0.0161957013 -0.0176114261
v 0.134339999 -0.0707629588 -0.0132542925
v 0.133219789 -0.0161613391 -0.0166561555
v 0.12763936 -0.00148178467 -0.0176114261
v 0.134635514 -0.0293289543 -0.0142095631
v 0.128031089 -0.00147491222 -0.0166561555
v 0.121344195 0.0105381314 -0.0175770639
v 0.133219789 -0.0161613391 -0.0142095631
v 0.134236912 -0.029308337 -0.0132542925
v 0.133398473 -0.0702887597 -0.0128075832
v 0.121735925 0.0106343457 -0.0166286657
v 0.115921831 0.0187507098 -0.0175908088
v 0.128031089 -0.00147491222 -0.0142095631
v 0.132814315 -0.0161957013 -0.0132542925
v 0.116272326 0.0189637557 -0.0166492831
v 0.110210825 0.0311417381 -0.0177488751
v 0.121735925 0.0106343457 -0.0142095631
v 0.11053383 0.0314784882 -0.0168210943
v 0.105386365 0.0450859403 -0.0176664057
v 0.129144426 -0.0810922519 -0.0128075832
v 0.128326605 -0.0804806038 -0.0132542925
v 0.12763936 -0.00148178467 -0.0132542925
v 0.116217347 0.0191561844 -0.0142507978
v 0.105620028 0.0456219915 -0.0167454974
v 0.103963767 0.0579374229 -0.017563319
v 0.13033336 -0.0686531164 -0.0128075832
v 0.127962365 -0.0802331956 -0.0142095631
v 0.129433069 -0.0681651724 -0.0132542925
v 0.129055084 -0.0679658714 -0.0142095631
v 0.129866034 -0.0291502706 -0.0128075832
v 0.128938253 -0.0291159084 -0.0132542925
v 0.128580885 -0.0291090359 -0.0142095631
v 0.133316004 -0.0292739747 -0.0128075832
v 0.131900279 -0.016312533 -0.0128075832
v 0.12831286 -0.0167042627 -0.0128075832
v 0.127364462 -0.016800477 -0.0132542925
v 0.126993349 -0.0168554566 -0.0142095631
v 0.126684089 -0.00149552957 -0.0128075832
v 0.123110415 -0.00155738162 -0.0128075832
v 0.121344195 0.0105381314 -0.0132542925
v 0.120450776 0.0102769782 -0.0128075832
v 0.122148272 -0.00156425407 -0.0132542925
v 0.126993349 -0.0168554566 -0.0166561555
v 0.127364462 -0.016800477 -0.0176114261
v 0.115825617 0.0190874599 -0.0133023996
v 0.117042041 0.00934919741 -0.0128075832
v 0.121763414 -0.00157112653 -0.0142095631
v 0.121763414 -0.00157112653 -0.0166561555
v 0.122148272 -0.00156425407 -0.0176114261
v 0.116107388 0.00910866164 -0.0132542925
v 0.114939071 0.0187919445 -0.0127869658
v 0.110451361 0.0319114526 -0.0142782876
v 0.115756893 0.00899182998 -0.0166286657
v 0.116107388 0.00910866164 -0.0175770639
v 0.111138606 0.0170532145 -0.0175908088
v 0.115756893 0.00899182998 -0.0142095631
v 0.110767493 0.0169776175 -0.0166492831
v 0.105826202 0.02949235 -0.0177488751
v 0.110059631 0.031918325 -0.0133367619
v 0.105427599 0.0463229814 -0.0142370529
v 0.110712514 0.0171631737 -0.0142370529
v 0.105427599 0.0294992225 -0.0168142219
v 0.101833308 0.0426599653 -0.0176664057
v 0.104211176 0.0585971781 -0.0166561555
v 0.103592655 0.0661225115 -0.0176389159
v 0.104108089 0.0665073687 -0.0167386249
v 0.103544548 0.0708301401 -0.0180718803
v 0.104005002 0.0594424895 -0.0141820733
v 0.104066854 0.0712493596 -0.0172196964
v 0.103565165 0.0759638607 -0.0193776459
v 0.10503587 0.0463435988 -0.0133161445
v 0.10436237 0.0672427209 -0.0142782876
v 0.104066854 0.0763968251 -0.0185254621
v 0.103833191 0.0808982802 -0.0213500392
v 0.10915934 0.0316571719 -0.0128282005
v 0.103613272 0.0594562344 -0.0132749098
v 0.104376114 0.0720877986 -0.0146975071
v 0.104211176 0.081200668 -0.020552835
v 0.103812573 0.102917612 -0.0335692563
v 0.104163068 0.103206255 -0.0328751388
v 0.10436237 0.0773246059 -0.0160032727
v 0.104293645 0.0819428927 -0.0179206864
v 0.104197431 0.103907245 -0.0302017556
v 0.104080599 0.0674351495 -0.0133711241
v 0.104176813 0.0459449966 -0.0128144556
v 0.104094344 0.0723352068 -0.0138040885
v 0.104094344 0.0776132488 -0.0151373439
v 0.103956895 0.0820940866 -0.0170547576
v 0.103846936 0.104010331 -0.0292258676
v 0.102692364 0.0589476731 -0.0127800934
v 0.103207798 0.067442022 -0.0128831801
v 0.10318718 0.0723901864 -0.013323017
v 0.103207798 0.0776957182 -0.0146631448
v 0.103090966 0.0820734692 -0.016587431
v 0.102953517 0.104154653 -0.028820393
v 0.100905527 0.0817435916 -0.016587431
v 0.100843675 0.103831648 -0.028820393
v 0.100898654 0.0774002028 -0.0146631448
v 0.10088491 0.0720465639 -0.013323017
v 0.100953634 0.0670640372 -0.0128763077
v 0.100025853 0.0815168007 -0.0170547576
v 0.0999846185 0.10344679 -0.0292189951
v 0.0999227665 0.0771184324 -0.0151304715
v 0.0998815318 0.0717716658 -0.0138040885
v 0.0996478684 0.0812212854 -0.0179206864
v 0.0995928888 0.103213127 -0.0301948831
v 0.09942795 0.0766717231 -0.0159895278
v 0.0995997613 0.0804653158 -0.0205459625
v 0.0995928888 0.102512137 -0.0328545215
v 0.0998952767 0.0803072494 -0.0213431668
v 0.0999433838 0.102354071 -0.0335623839
v 0.0993867153 0.0754484269 -0.0193707735
v 0.0991255622 0.0757370698 -0.0185185896
v 0.0993386082 0.0702665992 -0.0180650079
v 0.0991049449 0.0705140074 -0.0172059515
v 0.0995172919 0.0655039909 -0.0176320435
v 0.0993729704 0.0713661913 -0.0146837622
v 0.0992423939 0.0657170369 -0.0167386249
v 0.100204537 0.0549204171 -0.0175564465
v 0.0994966745 0.0664386442 -0.0142782876
v 0.0998059348 0.0549616518 -0.0166561555
v 0.0999983634 0.0667960116 -0.0133711241
v 0.101400343 0.0426943275 -0.0167454974
v 0.0995997613 0.0558000907 -0.0141820733
v 0.099854042 0.0564323562 -0.0132749098
v 0.10534513 0.0299321868 -0.0142645427
v 0.101207915 0.0433953175 -0.0142370529
v 0.100651246 0.0572570503 -0.0127800934
v 0.111035519 0.0173899646 -0.0132955272
v 0.101441578 0.0439244962 -0.0133161445
v 0.102218165 0.0445911239 -0.0128144556
v 0.10565439 0.0302689369 -0.0133367619
v 0.111922065 0.017747332 -0.0127869658
v 0.106540936 0.0306950288 -0.0128282005
v 0.0848377375 -0.145535221 -0.0176114261
v 0.0305453781 -0.13944623 -0.0176114261
v 0.0305522505 -0.144683037 -0.0176114261
v 0.0820956297 -0.140525204 -0.0176114261
v 0.0923768158 -0.138229806 -0.0176114261
v 0.0959298727 -0.142662536 -0.0176114261
v 0.106499702 -0.135824448 -0.0176114261
v 0.102328124 -0.132271391 -0.0176114261
v 0.110327657 -0.12374268 -0.0176114261
v 0.114801622 -0.126972732 -0.0176114261
v 0.123763297 -0.110726259 -0.0176114261
v 0.119729169 -0.107193819 -0.0176114261
v 0.12893138 -0.098740705 -0.0176114261
v 0.124574247 -0.095187648 -0.0176114261
v 0.133041106 -0.0840542781 -0.0176114261
v 0.128326605 -0.0804806038 -0.0176114261
v 0.134339999 -0.0707629588 -0.0176114261
v 0.129433069 -0.0681651724 -0.0176114261
v 0.128938253 -0.0291159084 -0.0176114261
v 0.134236912 -0.029308337 -0.0176114261
v 0.127364462 -0.016800477 -0.0176114261
v 0.132814315 -0.0161957013 -0.0176114261
v 0.12763936 -0.00148178467 -0.0176114261
v 0.122148272 -0.00156425407 -0.0176114261
v 0.116107388 0.00910866164 -0.0175770639
v 0.121344195 0.0105381314 -0.0175770639
v 0.115921831 0.0187507098 -0.0175908088
v 0.111138606 0.0170532145 -0.0175908088
v 0.110210825 0.0311417381 -0.0177488751
v 0.105826202 0.02949235 -0.0177488751
v 0.101833308 0.0426599653 -0.0176664057
v 0.105386365 0.0450859403 -0.0176664057
v 0.103963767 0.0579374229 -0.017563319
v 0.100204537 0.0549204171 -0.0175564465
v 0.0995172919 0.0655039909 -0.0176320435
v 0.103592655 0.0661225115 -0.0176389159
v 0.103544548 0.0708301401 -0.0180718803
v 0.0993386082 0.0702665992 -0.0180650079
v 0.0993867153 0.0754484269 -0.0193707735
v 0.103565165 0.0759638607 -0.0193776459
v 0.0998952767 0.0803072494 -0.0213431668
v 0.103833191 0.0808982802 -0.0213500392
v 0.0999433838 0.102354071 -0.0335623839
v 0.103812573 0.102917612 -0.0335692563
v 0.0893460651 -0.141507965 -0.0255491065
v 0.0867963859 -0.144792996 -0.0255491065
v 0.0888581211 -0.143769001 -0.0255491065
v 0.0847002885 -0.143817108 -0.0255491065
v 0.0841642373 -0.141576689 -0.0255491065
v 0.0855799622 -0.13975549 -0.0255491065
v 0.0878822331 -0.139728 -0.0255491065
v 0.0880884066 -0.139288163 -0.0236660551
v 0.0855799622 -0.13975549 -0.0255491065
v 0.0878822331 -0.139728 -0.0255491065
v 0.0853394264 -0.139322526 -0.0236660551
v 0.0841642373 -0.141576689 -0.0255491065
v 0.0880677893 -0.139322526 -0.0234461367
v 0.083655676 -0.14149422 -0.0236660551
v 0.0847002885 -0.143817108 -0.0255491065
v 0.0853600437 -0.139356888 -0.0234461367
v 0.0879921923 -0.139487464 -0.0232468356
v 0.0843016864 -0.144160731 -0.0236660551
v 0.0867963859 -0.144792996 -0.0255491065
v 0.0854493856 -0.139521827 -0.0232468356
v 0.0874423963 -0.140662653 -0.0224358864
v 0.086081651 -0.140683271 -0.0224358864
v 0.0852500845 -0.141755373 -0.0224358864
v 0.0836969107 -0.141501092 -0.0234461367
v 0.0867895135 -0.145322175 -0.0236660551
v 0.0888581211 -0.143769001 -0.0255491065
v 0.0838893393 -0.141528582 -0.0232468356
v 0.0843291762 -0.144133241 -0.0234461367
v 0.0844803701 -0.144002664 -0.0232468356
v 0.0855730897 -0.143074884 -0.0224358864
v 0.0892498508 -0.144098879 -0.0236660551
v 0.0893460651 -0.141507965 -0.0255491065
v 0.0867895135 -0.14528094 -0.0234461367
v 0.0867895135 -0.145081639 -0.0232468356
v 0.0868032584 -0.143652169 -0.0224358864
v 0.0898271366 -0.14141175 -0.0236660551
v 0.0878822331 -0.139728 -0.0255491065
v 0.0880884066 -0.139288163 -0.0236660551
v 0.0892154885 -0.144071389 -0.0234461367
v 0.089071167 -0.143947685 -0.0232468356
v 0.0880196821 -0.143047394 -0.0224358864
v 0.088308325 -0.141721011 -0.0224358864
v 0.0897859019 -0.141425495 -0.0234461367
v 0.0880677893 -0.139322526 -0.0234461367
v 0.0896072182 -0.141459858 -0.0232468356
v 0.0879921923 -0.139487464 -0.0232468356
v 0.0874423963 -0.140662653 -0.0224358864
v 0.0876691871 -0.140188454 -0.0217761312
v 0.086081651 -0.140683271 -0.0224358864
v 0.0874423963 -0.140662653 -0.0224358864
v 0.0858273704 -0.140209072 -0.0217761312
v 0.0878135086 -0.139872322 -0.0209995443
v 0.084693416 -0.141666031 -0.0217761312
v 0.0852500845 -0.141755373 -0.0224358864
v 0.0855730897 -0.143074884 -0.0224358864
v 0.0856555591 -0.139899811 -0.0209995443
v 0.0878066361 -0.139886066 -0.0201954675
v 0.0851263804 -0.143452868 -0.0217761312
v 0.0868032584 -0.143652169 -0.0224358864
v 0.0856624316 -0.139913556 -0.0201954675
v 0.0874423963 -0.140676398 -0.017563319
v 0.0860885235 -0.140690143 -0.017563319
v 0.0852638294 -0.141755373 -0.017563319
v 0.0843360486 -0.141604179 -0.0209995443
v 0.0867963859 -0.144236328 -0.0217761312
v 0.0880196821 -0.143047394 -0.0224358864
v 0.0843497935 -0.141604179 -0.0201954675
v 0.0848377375 -0.143700277 -0.0209995443
v 0.0848514824 -0.143686532 -0.0201954675
v 0.0855799622 -0.143068011 -0.017563319
v 0.0867963859 -0.144614312 -0.0209995443
v 0.0867963859 -0.144593695 -0.0201954675
v 0.0868032584 -0.143645297 -0.017563319
v 0.088445774 -0.143411634 -0.0217761312
v 0.0887275445 -0.143652169 -0.0209995443
v 0.0887137996 -0.143638424 -0.0201954675
v 0.0880128097 -0.143040521 -0.017563319
v 0.0882945801 -0.141721011 -0.017563319
v 0.0888306313 -0.141611052 -0.0217761312
v 0.088308325 -0.141721011 -0.0224358864
v 0.0874423963 -0.140662653 -0.0224358864
v 0.0876691871 -0.140188454 -0.0217761312
v 0.0891811262 -0.141542327 -0.0209995443
v 0.0878135086 -0.139872322 -0.0209995443
v 0.0891605089 -0.1415492 -0.0201954675
v 0.0878066361 -0.139886066 -0.0201954675
v 0.0874423963 -0.140676398 -0.017563319
v 0.0670380905 -0.142133358 -0.0255491065
v 0.0644815389 -0.145418389 -0.0255491065
v 0.0665501466 -0.144394394 -0.0255491065
v 0.062392314 -0.144442501 -0.0255491065
v 0.0618493904 -0.142202082 -0.0255491065
v 0.0632651152 -0.140380883 -0.0255491065
v 0.0655742586 -0.140353393 -0.0255491065
v 0.0657804321 -0.139913556 -0.0236660551
v 0.0632651152 -0.140380883 -0.0255491065
v 0.0655742586 -0.140353393 -0.0255491065
v 0.0630314519 -0.139947919 -0.0236660551
v 0.0618493904 -0.142202082 -0.0255491065
v 0.0657598147 -0.139947919 -0.0234461367
v 0.0613477015 -0.142119613 -0.0236660551
v 0.062392314 -0.144442501 -0.0255491065
v 0.0630520692 -0.139982281 -0.0234461367
v 0.0656842178 -0.140112857 -0.0232468356
v 0.0619937118 -0.144786124 -0.0236660551
v 0.0644815389 -0.145418389 -0.0255491065
v 0.0631414111 -0.14014722 -0.0232468356
v 0.0651344217 -0.141288046 -0.0224358864
v 0.0637736765 -0.141308664 -0.0224358864
v 0.06294211 -0.142380766 -0.0224358864
v 0.0613889362 -0.142126485 -0.0234461367
v 0.0644815389 -0.145947568 -0.0236660551
v 0.0665501466 -0.144394394 -0.0255491065
v 0.0615813648 -0.142153975 -0.0232468356
v 0.0620212016 -0.144758634 -0.0234461367
v 0.0621723956 -0.144628057 -0.0232468356
v 0.0632582427 -0.143700277 -0.0224358864
v 0.0669418762 -0.144724272 -0.0236660551
v 0.0670380905 -0.142133358 -0.0255491065
v 0.0644815389 -0.145906333 -0.0234461367
v 0.0644815389 -0.145707032 -0.0232468356
v 0.0644952838 -0.144277562 -0.0224358864
v 0.0675191621 -0.142037143 -0.0236660551
v 0.0655742586 -0.140353393 -0.0255491065
v 0.0657804321 -0.139913556 -0.0236660551
v 0.066907514 -0.144696782 -0.0234461367
v 0.0667631925 -0.144573078 -0.0232468356
v 0.0657117076 -0.143672787 -0.0224358864
v 0.0660003505 -0.142346404 -0.0224358864
v 0.0674779274 -0.142050888 -0.0234461367
v 0.0657598147 -0.139947919 -0.0234461367
v 0.0672992437 -0.142085251 -0.0232468356
v 0.0656842178 -0.140112857 -0.0232468356
v 0.0651344217 -0.141288046 -0.0224358864
v 0.0653612126 -0.140813847 -0.0217761312
v 0.0637736765 -0.141308664 -0.0224358864
v 0.0651344217 -0.141288046 -0.0224358864
v 0.0635193959 -0.140834465 -0.0217761312
v 0.0655055341 -0.140497715 -0.0209995443
v 0.0623854415 -0.142291424 -0.0217761312
v 0.06294211 -0.142380766 -0.0224358864
v 0.0632582427 -0.143700277 -0.0224358864
v 0.0633475846 -0.140525204 -0.0209995443
v 0.0654986616 -0.140511459 -0.0201954675
v 0.0628184059 -0.144078261 -0.0217761312
v 0.0644952838 -0.144277562 -0.0224358864
v 0.063354457 -0.140538949 -0.0201954675
v 0.0651344217 -0.141301791 -0.017563319
v 0.063780549 -0.141315536 -0.017563319
v 0.0629489825 -0.142380766 -0.017563319
v 0.0620280741 -0.142229572 -0.0209995443
v 0.0644884114 -0.144861721 -0.0217761312
v 0.0657117076 -0.143672787 -0.0224358864
v 0.062041819 -0.142229572 -0.0201954675
v 0.062529763 -0.14432567 -0.0209995443
v 0.0625435079 -0.144311925 -0.0201954675
v 0.0632719876 -0.143693404 -0.017563319
v 0.0644884114 -0.145239705 -0.0209995443
v 0.0644884114 -0.145219088 -0.0201954675
v 0.0644952838 -0.14427069 -0.017563319
v 0.0661377995 -0.144037027 -0.0217761312
v 0.06641957 -0.144277562 -0.0209995443
v 0.0664058251 -0.144263817 -0.0201954675
v 0.0657048351 -0.143665914 -0.017563319
v 0.0659866056 -0.142346404 -0.017563319
v 0.0665226568 -0.142236445 -0.0217761312
v 0.0660003505 -0.142346404 -0.0224358864
v 0.0651344217 -0.141288046 -0.0224358864
v 0.0653612126 -0.140813847 -0.0217761312
v 0.0668731517 -0.14216772 -0.0209995443
v 0.0655055341 -0.140497715 -0.0209995443
v 0.0668525344 -0.142174593 -0.0201954675
v 0.0654986616 -0.140511459 -0.0201954675
v 0.0651344217 -0.141301791 -0.017563319
v 0.0454517233 -0.141989036 -0.0255491065
v 0.0429020442 -0.145274068 -0.0255491065
v 0.0449706518 -0.144250073 -0.0255491065
v 0.0408128192 -0.14429818 -0.0255491065
v 0.0402698956 -0.142057761 -0.0255491065
v 0.0416856204 -0.140236561 -0.0255491065
v 0.0439947638 -0.140209072 -0.0255491065
v 0.0441940649 -0.139769235 -0.0236660551
v 0.0416856204 -0.140236561 -0.0255491065
v 0.0439947638 -0.140209072 -0.0255491065
v 0.0414519571 -0.139803597 -0.0236660551
v 0.0402698956 -0.142057761 -0.0255491065
v 0.04418032 -0.139803597 -0.0234461367
v 0.0397682067 -0.141975291 -0.0236660551
v 0.0408128192 -0.14429818 -0.0255491065
v 0.0414725745 -0.139837959 -0.0234461367
v 0.044104723 -0.139968536 -0.0232468356
v 0.0404142171 -0.144641802 -0.0236660551
v 0.0429020442 -0.145274068 -0.0255491065
v 0.0415619163 -0.140002898 -0.0232468356
v 0.043554927 -0.141143725 -0.0224358864
v 0.0421941818 -0.141164342 -0.0224358864
v 0.0413626153 -0.142236445 -0.0224358864
v 0.0398094414 -0.141982164 -0.0234461367
v 0.0429020442 -0.145803246 -0.0236660551
v 0.0449706518 -0.144250073 -0.0255491065
v 0.0399949976 -0.142009654 -0.0232468356
v 0.0404417069 -0.144614312 -0.0234461367
v 0.0405929008 -0.144483736 -0.0232468356
v 0.041678748 -0.143555955 -0.0224358864
v 0.045355509 -0.14457995 -0.0236660551
v 0.0454517233 -0.141989036 -0.0255491065
v 0.0429020442 -0.145762012 -0.0234461367
v 0.0429020442 -0.145562711 -0.0232468356
v 0.0429157891 -0.144133241 -0.0224358864
v 0.0459327949 -0.141892822 -0.0236660551
v 0.0439947638 -0.140209072 -0.0255491065
v 0.0441940649 -0.139769235 -0.0236660551
v 0.0453280192 -0.14455246 -0.0234461367
v 0.0451836978 -0.144428756 -0.0232468356
v 0.0441322128 -0.143528465 -0.0224358864
v 0.0444139833 -0.14219521 -0.0224358864
v 0.0458984326 -0.141906567 -0.0234461367
v 0.04418032 -0.139803597 -0.0234461367
v 0.0457128765 -0.141940929 -0.0232468356
v 0.044104723 -0.139968536 -0.0232468356
v 0.043554927 -0.141143725 -0.0224358864
v 0.0437817179 -0.140669526 -0.0217761312
v 0.0421941818 -0.141164342 -0.0224358864
v 0.043554927 -0.141143725 -0.0224358864
v 0.0419399011 -0.140690143 -0.0217761312
v 0.0439260393 -0.140353393 -0.0209995443
v 0.0408059468 -0.142147103 -0.0217761312
v 0.0413626153 -0.142236445 -0.0224358864
v 0.041678748 -0.143555955 -0.0224358864
v 0.0417680898 -0.140380883 -0.0209995443
v 0.0439191669 -0.140367138 -0.0201954675
v 0.0412389112 -0.14393394 -0.0217761312
v 0.0429157891 -0.144133241 -0.0224358864
v 0.0417749623 -0.140394628 -0.0201954675
v 0.043554927 -0.14115747 -0.017563319
v 0.0422010542 -0.141171215 -0.017563319
v 0.0413694877 -0.142236445 -0.017563319
v 0.0404417069 -0.142085251 -0.0209995443
v 0.0429089166 -0.144717399 -0.0217761312
v 0.0441322128 -0.143528465 -0.0224358864
v 0.0404623242 -0.142085251 -0.0201954675
v 0.0409502682 -0.144181348 -0.0209995443
v 0.0409640131 -0.144167603 -0.0201954675
v 0.0416856204 -0.143549083 -0.017563319
v 0.0429020442 -0.145095384 -0.0209995443
v 0.0429089166 -0.145074767 -0.0201954675
v 0.0429157891 -0.144126368 -0.017563319
v 0.0445583048 -0.143892705 -0.0217761312
v 0.0448400752 -0.144133241 -0.0209995443
v 0.0448263303 -0.144119496 -0.0201954675
v 0.0441253404 -0.143521593 -0.017563319
v 0.0444071109 -0.142202082 -0.017563319
v 0.044943162 -0.142092123 -0.0217761312
v 0.0444139833 -0.14219521 -0.0224358864
v 0.043554927 -0.141143725 -0.0224358864
v 0.0437817179 -0.140669526 -0.0217761312
v 0.0452867845 -0.142023399 -0.0209995443
v 0.0439260393 -0.140353393 -0.0209995443
v 0.0452730396 -0.142030271 -0.0201954675
v 0.0439191669 -0.140367138 -0.0201954675
v 0.043554927 -0.14115747 -0.017563319
v 0.10781234 -0.132834932 -0.0255491065
v 0.105255788 -0.136113091 -0.0255491065
v 0.107324396 -0.135089096 -0.0255491065
v 0.103166563 -0.135137203 -0.0255491065
v 0.10262364 -0.132896784 -0.0255491065
v 0.104039364 -0.131075585 -0.0255491065
v 0.106348508 -0.131048095 -0.0255491065
v 0.106554681 -0.130615131 -0.0236660551
v 0.104039364 -0.131075585 -0.0255491065
v 0.106348508 -0.131048095 -0.0255491065
v 0.103805701 -0.130649493 -0.0236660551
v 0.10262364 -0.132896784 -0.0255491065
v 0.106534064 -0.130649493 -0.0234461367
v 0.102121951 -0.132814315 -0.0236660551
v 0.103166563 -0.135137203 -0.0255491065
v 0.103826318 -0.130683855 -0.0234461367
v 0.106458467 -0.130814432 -0.0232468356
v 0.102767961 -0.135480826 -0.0236660551
v 0.105255788 -0.136113091 -0.0255491065
v 0.10391566 -0.130841922 -0.0232468356
v 0.105908671 -0.131989621 -0.0224358864
v 0.104547926 -0.132003366 -0.0224358864
v 0.103716359 -0.133075468 -0.0224358864
v 0.102163185 -0.132821187 -0.0234461367
v 0.105255788 -0.13664227 -0.0236660551
v 0.107324396 -0.135089096 -0.0255491065
v 0.102355614 -0.13285555 -0.0232468356
v 0.102795451 -0.135453336 -0.0234461367
v 0.102946645 -0.135329632 -0.0232468356
v 0.104032492 -0.134401851 -0.0224358864
v 0.107716125 -0.135425846 -0.0236660551
v 0.10781234 -0.132834932 -0.0255491065
v 0.105255788 -0.136601035 -0.0234461367
v 0.105255788 -0.136401734 -0.0232468356
v 0.105269533 -0.134972264 -0.0224358864
v 0.108293411 -0.132738718 -0.0236660551
v 0.106348508 -0.131048095 -0.0255491065
v 0.106554681 -0.130615131 -0.0236660551
v 0.107681763 -0.135398356 -0.0234461367
v 0.107537442 -0.13526778 -0.0232468356
v 0.106485957 -0.134367489 -0.0224358864
v 0.1067746 -0.133041106 -0.0224358864
v 0.108252177 -0.13274559 -0.0234461367
v 0.106534064 -0.130649493 -0.0234461367
v 0.108073493 -0.132779953 -0.0232468356
v 0.106458467 -0.130814432 -0.0232468356
v 0.105908671 -0.131989621 -0.0224358864
v 0.106135462 -0.131508549 -0.0217761312
v 0.104547926 -0.132003366 -0.0224358864
v 0.105908671 -0.131989621 -0.0224358864
v 0.104293645 -0.131536039 -0.0217761312
v 0.106279783 -0.131199289 -0.0209995443
v 0.103159691 -0.132986126 -0.0217761312
v 0.103716359 -0.133075468 -0.0224358864
v 0.104032492 -0.134401851 -0.0224358864
v 0.104121834 -0.131226779 -0.0209995443
v 0.106272911 -0.131213034 -0.0201954675
v 0.103592655 -0.134779836 -0.0217761312
v 0.105269533 -0.134972264 -0.0224358864
v 0.104128706 -0.131240524 -0.0201954675
v 0.105908671 -0.131996493 -0.017563319
v 0.104554798 -0.132017111 -0.017563319
v 0.103723232 -0.13308234 -0.017563319
v 0.102802323 -0.132924274 -0.0209995443
v 0.105262661 -0.135556423 -0.0217761312
v 0.106485957 -0.134367489 -0.0224358864
v 0.102816068 -0.132931147 -0.0201954675
v 0.103304012 -0.135020371 -0.0209995443
v 0.103317757 -0.135013499 -0.0201954675
v 0.104046237 -0.134394978 -0.017563319
v 0.105262661 -0.135934407 -0.0209995443
v 0.105262661 -0.135920662 -0.0201954675
v 0.105269533 -0.134965392 -0.017563319
v 0.106912049 -0.134738601 -0.0217761312
v 0.107193819 -0.134972264 -0.0209995443
v 0.107180074 -0.134965392 -0.0201954675
v 0.106479084 -0.134360616 -0.017563319
v 0.106760855 -0.133041106 -0.017563319
v 0.107296906 -0.132938019 -0.0217761312
v 0.1067746 -0.133041106 -0.0224358864
v 0.105908671 -0.131989621 -0.0224358864
v 0.106135462 -0.131508549 -0.0217761312
v 0.107647401 -0.132869294 -0.0209995443
v 0.106279783 -0.131199289 -0.0209995443
v 0.107626784 -0.132869294 -0.0201954675
v 0.106272911 -0.131213034 -0.0201954675
v 0.105908671 -0.131996493 -0.017563319
v 0.12029271 -0.116148622 -0.0255491065
v 0.117736158 -0.119433654 -0.0255491065
v 0.119804766 -0.118402786 -0.0255491065
v 0.115646933 -0.118457766 -0.0255491065
v 0.11510401 -0.116217347 -0.0255491065
v 0.116519735 -0.114396147 -0.0255491065
v 0.118828878 -0.114361785 -0.0255491065
v 0.119035051 -0.113928821 -0.0236660551
v 0.116519735 -0.114396147 -0.0255491065
v 0.118828878 -0.114361785 -0.0255491065
v 0.116286071 -0.113963183 -0.0236660551
v 0.11510401 -0.116217347 -0.0255491065
v 0.119014434 -0.113963183 -0.0234461367
v 0.114602321 -0.116128005 -0.0236660551
v 0.115646933 -0.118457766 -0.0255491065
v 0.116306689 -0.113997545 -0.0234461367
v 0.118938837 -0.114128122 -0.0232468356
v 0.115248331 -0.118801388 -0.0236660551
v 0.117736158 -0.119433654 -0.0255491065
v 0.11639603 -0.114162484 -0.0232468356
v 0.118389041 -0.115303311 -0.0224358864
v 0.117028296 -0.115323928 -0.0224358864
v 0.116196729 -0.11639603 -0.0224358864
v 0.114643556 -0.116134877 -0.0234461367
v 0.117736158 -0.119962832 -0.0236660551
v 0.119804766 -0.118402786 -0.0255491065
v 0.114835984 -0.11616924 -0.0232468356
v 0.115275821 -0.118773898 -0.0234461367
v 0.115427015 -0.118643322 -0.0232468356
v 0.116512862 -0.117715541 -0.0224358864
v 0.120196496 -0.118739536 -0.0236660551
v 0.12029271 -0.116148622 -0.0255491065
v 0.117736158 -0.119921598 -0.0234461367
v 0.117736158 -0.119722297 -0.0232468356
v 0.117749903 -0.118292827 -0.0224358864
v 0.120773781 -0.116052408 -0.0236660551
v 0.118828878 -0.114361785 -0.0255491065
v 0.119035051 -0.113928821 -0.0236660551
v 0.120162133 -0.118712046 -0.0234461367
v 0.120017812 -0.118588342 -0.0232468356
v 0.118966327 -0.117688051 -0.0224358864
v 0.11925497 -0.116354796 -0.0224358864
v 0.120732547 -0.11605928 -0.0234461367
v 0.119014434 -0.113963183 -0.0234461367
v 0.120553863 -0.116100515 -0.0232468356
v 0.118938837 -0.114128122 -0.0232468356
v 0.118389041 -0.115303311 -0.0224358864
v 0.118615832 -0.114829112 -0.0217761312
v 0.117028296 -0.115323928 -0.0224358864
v 0.118389041 -0.115303311 -0.0224358864
v 0.116774015 -0.114849729 -0.0217761312
v 0.118760153 -0.114512979 -0.0209995443
v 0.115640061 -0.116299816 -0.0217761312
v 0.116196729 -0.11639603 -0.0224358864
v 0.116512862 -0.117715541 -0.0224358864
v 0.116602204 -0.114540469 -0.0209995443
v 0.118753281 -0.114526724 -0.0201954675
v 0.116073025 -0.118093526 -0.0217761312
v 0.117749903 -0.118292827 -0.0224358864
v 0.116609076 -0.114554214 -0.0201954675
v 0.118389041 -0.115310183 -0.017563319
v 0.117035168 -0.115330801 -0.017563319
v 0.116203602 -0.11639603 -0.017563319
v 0.115282693 -0.116244837 -0.0209995443
v 0.117743031 -0.118870113 -0.0217761312
v 0.118966327 -0.117688051 -0.0224358864
v 0.115296438 -0.116244837 -0.0201954675
v 0.115784382 -0.118340934 -0.0209995443
v 0.115798127 -0.118327189 -0.0201954675
v 0.116526607 -0.117708669 -0.017563319
v 0.117743031 -0.119248097 -0.0209995443
v 0.117743031 -0.119234353 -0.0201954675
v 0.117749903 -0.118279082 -0.017563319
v 0.119392419 -0.118052291 -0.0217761312
v 0.119674189 -0.118292827 -0.0209995443
v 0.119660444 -0.118279082 -0.0201954675
v 0.118959455 -0.117681179 -0.017563319
v 0.119241225 -0.116361668 -0.017563319
v 0.119777276 -0.116251709 -0.0217761312
v 0.11925497 -0.116354796 -0.0224358864
v 0.118389041 -0.115303311 -0.0224358864
v 0.118615832 -0.114829112 -0.0217761312
v 0.120127771 -0.116182984 -0.0209995443
v 0.118760153 -0.114512979 -0.0209995443
v 0.120107154 -0.116182984 -0.0201954675
v 0.118753281 -0.114526724 -0.0201954675
v 0.118389041 -0.115310183 -0.017563319
v 0.128773314 -0.0977029649 -0.0255491065
v 0.126216762 -0.100981124 -0.0255491065
v 0.12828537 -0.0999571287 -0.0255491065
v 0.124127537 -0.100012108 -0.0255491065
v 0.123584614 -0.097764817 -0.0255491065
v 0.125000339 -0.0959436176 -0.0255491065
v 0.127309482 -0.0959161278 -0.0255491065
v 0.127515655 -0.0954831634 -0.0236660551
v 0.125000339 -0.0959436176 -0.0255491065
v 0.127309482 -0.0959161278 -0.0255491065
v 0.124766675 -0.0955175257 -0.0236660551
v 0.123584614 -0.097764817 -0.0255491065
v 0.127495038 -0.0955175257 -0.0234461367
v 0.123082925 -0.0976823476 -0.0236660551
v 0.124127537 -0.100012108 -0.0255491065
v 0.124787293 -0.0955518879 -0.0234461367
v 0.127419441 -0.0956824645 -0.0232468356
v 0.123728935 -0.100355731 -0.0236660551
v 0.126216762 -0.100981124 -0.0255491065
v 0.124876634 -0.0957099543 -0.0232468356
v 0.126869645 -0.0968576535 -0.0224358864
v 0.1255089 -0.0968713984 -0.0224358864
v 0.124677333 -0.0979503732 -0.0224358864
v 0.12312416 -0.09768922 -0.0234461367
v 0.126216762 -0.101510303 -0.0236660551
v 0.12828537 -0.0999571287 -0.0255491065
v 0.123316588 -0.0977235823 -0.0232468356
v 0.123756425 -0.100328241 -0.0234461367
v 0.123907619 -0.100197664 -0.0232468356
v 0.124993466 -0.0992698837 -0.0224358864
v 0.1286771 -0.100293879 -0.0236660551
v 0.128773314 -0.0977029649 -0.0255491065
v 0.126216762 -0.101469068 -0.0234461367
v 0.126216762 -0.101269767 -0.0232468356
v 0.126230507 -0.0998471695 -0.0224358864
v 0.129254385 -0.0976067506 -0.0236660551
v 0.127309482 -0.0959161278 -0.0255491065
v 0.127515655 -0.0954831634 -0.0236660551
v 0.128642737 -0.100266389 -0.0234461367
v 0.128498416 -0.100135812 -0.0232468356
v 0.127446931 -0.0992355214 -0.0224358864
v 0.127735574 -0.0979091385 -0.0224358864
v 0.129213151 -0.0976136231 -0.0234461367
v 0.127495038 -0.0955175257 -0.0234461367
v 0.129034467 -0.0976479853 -0.0232468356
v 0.127419441 -0.0956824645 -0.0232468356
v 0.126869645 -0.0968576535 -0.0224358864
v 0.127096436 -0.096376582 -0.0217761312
v 0.1255089 -0.0968713984 -0.0224358864
v 0.126869645 -0.0968576535 -0.0224358864
v 0.125254619 -0.0964040718 -0.0217761312
v 0.127240757 -0.0960673217 -0.0209995443
v 0.124120665 -0.0978541589 -0.0217761312
v 0.124677333 -0.0979503732 -0.0224358864
v 0.124993466 -0.0992698837 -0.0224358864
v 0.125082808 -0.0960948115 -0.0209995443
v 0.127233885 -0.0960810666 -0.0201954675
v 0.124553629 -0.0996478684 -0.0217761312
v 0.126230507 -0.0998471695 -0.0224358864
v 0.12508968 -0.0961085564 -0.0201954675
v 0.126869645 -0.096864526 -0.017563319
v 0.125515772 -0.0968851433 -0.017563319
v 0.124684206 -0.0979503732 -0.017563319
v 0.123763297 -0.0977991792 -0.0209995443
v 0.126223635 -0.100424455 -0.0217761312
v 0.127446931 -0.0992355214 -0.0224358864
v 0.123777042 -0.0977991792 -0.0201954675
v 0.124264986 -0.0998952767 -0.0209995443
v 0.124278731 -0.0998815318 -0.0201954675
v 0.125007211 -0.0992630112 -0.017563319
v 0.126223635 -0.10080244 -0.0209995443
v 0.126223635 -0.100788695 -0.0201954675
v 0.126230507 -0.0998334246 -0.017563319
v 0.127873023 -0.0996066337 -0.0217761312
v 0.128154793 -0.0998402971 -0.0209995443
v 0.128141048 -0.0998334246 -0.0201954675
v 0.127440059 -0.0992355214 -0.017563319
v 0.127721829 -0.0979091385 -0.017563319
v 0.12825788 -0.0978060517 -0.0217761312
v 0.127735574 -0.0979091385 -0.0224358864
v 0.126869645 -0.0968576535 -0.0224358864
v 0.127096436 -0.096376582 -0.0217761312
v 0.128608375 -0.0977373272 -0.0209995443
v 0.127240757 -0.0960673217 -0.0209995443
v 0.128587758 -0.0977373272 -0.0201954675
v 0.127233885 -0.0960810666 -0.0201954675
v 0.126869645 -0.096864526 -0.017563319
v 0.133872672 -0.0734157247 -0.0255491065
v 0.131322993 -0.076700756 -0.0255491065
v 0.133384728 -0.0756698884 -0.0255491065
v 0.129233768 -0.0757248681 -0.0255491065
v 0.128690845 -0.0734844492 -0.0255491065
v 0.130106569 -0.0716563773 -0.0255491065
v 0.13240884 -0.0716288875 -0.0255491065
v 0.132615014 -0.0711959231 -0.0236660551
v 0.130106569 -0.0716563773 -0.0255491065
v 0.13240884 -0.0716288875 -0.0255491065
v 0.129866034 -0.0712302854 -0.0236660551
v 0.128690845 -0.0734844492 -0.0255491065
v 0.132601269 -0.0712302854 -0.0234461367
v 0.128182283 -0.0733951073 -0.0236660551
v 0.129233768 -0.0757248681 -0.0255491065
v 0.129886651 -0.0712646476 -0.0234461367
v 0.132518799 -0.0713952242 -0.0232468356
v 0.128828294 -0.0760684906 -0.0236660551
v 0.131322993 -0.076700756 -0.0255491065
v 0.129975993 -0.0714295865 -0.0232468356
v 0.131975876 -0.0725704132 -0.0224358864
v 0.130615131 -0.0725910306 -0.0224358864
v 0.129776692 -0.0736631329 -0.0224358864
v 0.128223518 -0.0734019798 -0.0234461367
v 0.131316121 -0.0772299347 -0.0236660551
v 0.133384728 -0.0756698884 -0.0255491065
v 0.128415946 -0.073436342 -0.0232468356
v 0.128862656 -0.0760410008 -0.0234461367
v 0.12901385 -0.0759104242 -0.0232468356
v 0.130099697 -0.0749826434 -0.0224358864
v 0.133776458 -0.0760066385 -0.0236660551
v 0.133872672 -0.0734157247 -0.0255491065
v 0.131316121 -0.0771818276 -0.0234461367
v 0.131316121 -0.076989399 -0.0232468356
v 0.131329866 -0.0755599292 -0.0224358864
v 0.134353744 -0.0733195104 -0.0236660551
v 0.13240884 -0.0716288875 -0.0255491065
v 0.132615014 -0.0711959231 -0.0236660551
v 0.133742096 -0.0759791487 -0.0234461367
v 0.133597774 -0.0758554446 -0.0232468356
v 0.132546289 -0.0749551536 -0.0224358864
v 0.132834932 -0.0736218982 -0.0224358864
v 0.134312509 -0.0733263828 -0.0234461367
v 0.132601269 -0.0712302854 -0.0234461367
v 0.134133825 -0.0733676175 -0.0232468356
v 0.132518799 -0.0713952242 -0.0232468356
v 0.131975876 -0.0725704132 -0.0224358864
v 0.132195794 -0.0720962142 -0.0217761312
v 0.130615131 -0.0725910306 -0.0224358864
v 0.131975876 -0.0725704132 -0.0224358864
v 0.130353978 -0.0721168315 -0.0217761312
v 0.132340116 -0.0717800814 -0.0209995443
v 0.129226896 -0.0735669186 -0.0217761312
v 0.129776692 -0.0736631329 -0.0224358864
v 0.130099697 -0.0749826434 -0.0224358864
v 0.130182166 -0.0718075712 -0.0209995443
v 0.132333243 -0.0717938263 -0.0201954675
v 0.129652988 -0.0753606282 -0.0217761312
v 0.131329866 -0.0755599292 -0.0224358864
v 0.130195911 -0.0718213161 -0.0201954675
v 0.131969003 -0.0725772857 -0.017563319
v 0.130615131 -0.072597903 -0.017563319
v 0.129790437 -0.0736631329 -0.017563319
v 0.128862656 -0.073511939 -0.0209995443
v 0.131322993 -0.0761372151 -0.0217761312
v 0.132546289 -0.0749551536 -0.0224358864
v 0.128876401 -0.073511939 -0.0201954675
v 0.129371217 -0.0756080364 -0.0209995443
v 0.12937809 -0.0755942915 -0.0201954675
v 0.130106569 -0.0749757709 -0.017563319
v 0.131322993 -0.0765151999 -0.0209995443
v 0.131322993 -0.076501455 -0.0201954675
v 0.131329866 -0.0755461843 -0.017563319
v 0.132972381 -0.0753193935 -0.0217761312
v 0.133254152 -0.0755599292 -0.0209995443
v 0.133240407 -0.0755461843 -0.0201954675
v 0.132539417 -0.0749482811 -0.017563319
v 0.132821187 -0.0736287706 -0.017563319
v 0.133364111 -0.0735188114 -0.0217761312
v 0.132834932 -0.0736218982 -0.0224358864
v 0.131975876 -0.0725704132 -0.0224358864
v 0.132195794 -0.0720962142 -0.0217761312
v 0.133707733 -0.0734500869 -0.0209995443
v 0.132340116 -0.0717800814 -0.0209995443
v 0.133693989 -0.0734500869 -0.0201954675
v 0.132333243 -0.0717938263 -0.0201954675
v 0.131969003 -0.0725772857 -0.017563319
v 0.1338658 -0.0489635456 -0.0255491065
v 0.131316121 -0.0522485769 -0.0255491065
v 0.133377856 -0.0512245818 -0.0255491065
v 0.129226896 -0.051272689 -0.0255491065
v 0.128683972 -0.0490322701 -0.0255491065
v 0.130099697 -0.0472110707 -0.0255491065
v 0.13240884 -0.0471835809 -0.0255491065
v 0.132608141 -0.046743744 -0.0236660551
v 0.130099697 -0.0472110707 -0.0255491065
v 0.13240884 -0.0471835809 -0.0255491065
v 0.129866034 -0.0467781063 -0.0236660551
v 0.128683972 -0.0490322701 -0.0255491065
v 0.132594396 -0.0467781063 -0.0234461367
v 0.128175411 -0.0489498007 -0.0236660551
v 0.129226896 -0.051272689 -0.0255491065
v 0.129879778 -0.0468124686 -0.0234461367
v 0.132518799 -0.0469430451 -0.0232468356
v 0.128821421 -0.0516163115 -0.0236660551
v 0.131316121 -0.0522485769 -0.0255491065
v 0.12996912 -0.0469774074 -0.0232468356
v 0.131969003 -0.0481182342 -0.0224358864
v 0.130608258 -0.0481388515 -0.0224358864
v 0.129769819 -0.0492109538 -0.0224358864
v 0.128216645 -0.0489566731 -0.0234461367
v 0.131309248 -0.0527777556 -0.0236660551
v 0.133377856 -0.0512245818 -0.0255491065
v 0.128409074 -0.0489841629 -0.0232468356
v 0.128855783 -0.0515888217 -0.0234461367
v 0.129006977 -0.0514582451 -0.0232468356
v 0.130092824 -0.0505304643 -0.0224358864
v 0.133769585 -0.0515544594 -0.0236660551
v 0.1338658 -0.0489635456 -0.0255491065
v 0.131309248 -0.0527365209 -0.0234461367
v 0.131316121 -0.0525372199 -0.0232468356
v 0.131322993 -0.0511077502 -0.0224358864
v 0.134346871 -0.0488673313 -0.0236660551
v 0.13240884 -0.0471835809 -0.0255491065
v 0.132608141 -0.046743744 -0.0236660551
v 0.133742096 -0.0515269696 -0.0234461367
v 0.133590902 -0.0514032655 -0.0232468356
v 0.132539417 -0.0505029745 -0.0224358864
v 0.13282806 -0.0491697191 -0.0224358864
v 0.134312509 -0.0488810762 -0.0234461367
v 0.132594396 -0.0467781063 -0.0234461367
v 0.134126953 -0.0489154384 -0.0232468356
v 0.132518799 -0.0469430451 -0.0232468356
v 0.131969003 -0.0481182342 -0.0224358864
v 0.132188922 -0.0476440351 -0.0217761312
v 0.130608258 -0.0481388515 -0.0224358864
v 0.131969003 -0.0481182342 -0.0224358864
v 0.130347105 -0.0476646524 -0.0217761312
v 0.132333243 -0.0473279023 -0.0209995443
v 0.129220023 -0.0491216119 -0.0217761312
v 0.129769819 -0.0492109538 -0.0224358864
v 0.130092824 -0.0505304643 -0.0224358864
v 0.130182166 -0.0473553921 -0.0209995443
v 0.132326371 -0.0473416472 -0.0201954675
v 0.129652988 -0.0509084491 -0.0217761312
v 0.131322993 -0.0511077502 -0.0224358864
v 0.130189039 -0.047369137 -0.0201954675
v 0.131962131 -0.0481319791 -0.017563319
v 0.130615131 -0.048145724 -0.017563319
v 0.129783564 -0.0492109538 -0.017563319
v 0.128855783 -0.0490597599 -0.0209995443
v 0.131322993 -0.051685036 -0.0217761312
v 0.132539417 -0.0505029745 -0.0224358864
v 0.128876401 -0.0490597599 -0.0201954675
v 0.129364345 -0.0511558573 -0.0209995443
v 0.12937809 -0.0511421124 -0.0201954675
v 0.130099697 -0.0505235919 -0.017563319
v 0.131316121 -0.0520698932 -0.0209995443
v 0.131316121 -0.0520492759 -0.0201954675
v 0.131322993 -0.0511008777 -0.017563319
v 0.132972381 -0.0508672144 -0.0217761312
v 0.133247279 -0.0511077502 -0.0209995443
v 0.133233534 -0.0510940053 -0.0201954675
v 0.132532544 -0.0504961021 -0.017563319
v 0.132821187 -0.0491765915 -0.017563319
v 0.133357238 -0.0490666323 -0.0217761312
v 0.13282806 -0.0491697191 -0.0224358864
v 0.131969003 -0.0481182342 -0.0224358864
v 0.132188922 -0.0476440351 -0.0217761312
v 0.133700861 -0.0489979078 -0.0209995443
v 0.132333243 -0.0473279023 -0.0209995443
v 0.133687116 -0.0490047803 -0.0201954675
v 0.132326371 -0.0473416472 -0.0201954675
v 0.131962131 -0.0481319791 -0.017563319
v 0.133886417 -0.024580091 -0.0255491065
v 0.131329866 -0.0278582499 -0.0255491065
v 0.133398473 -0.0268342548 -0.0255491065
v 0.129240641 -0.0268823619 -0.0255491065
v 0.128697717 -0.0246419431 -0.0255491065
v 0.130113442 -0.0228207437 -0.0255491065
v 0.132422585 -0.0227932539 -0.0255491065
v 0.132628759 -0.0223602895 -0.0236660551
v 0.130113442 -0.0228207437 -0.0255491065
v 0.132422585 -0.0227932539 -0.0255491065
v 0.129879778 -0.0223946517 -0.0236660551
v 0.128697717 -0.0246419431 -0.0255491065
v 0.132608141 -0.0223946517 -0.0234461367
v 0.128196028 -0.0245594736 -0.0236660551
v 0.129240641 -0.0268823619 -0.0255491065
v 0.129900396 -0.022429014 -0.0234461367
v 0.132532544 -0.0225595905 -0.0232468356
v 0.128842038 -0.0272259845 -0.0236660551
v 0.131329866 -0.0278582499 -0.0255491065
v 0.129989738 -0.0225870803 -0.0232468356
v 0.131982748 -0.0237347796 -0.0224358864
v 0.130622003 -0.0237485245 -0.0224358864
v 0.129790437 -0.0248206268 -0.0224358864
v 0.128237263 -0.0245663461 -0.0234461367
v 0.131329866 -0.0283874286 -0.0236660551
v 0.133398473 -0.0268342548 -0.0255491065
v 0.128429691 -0.0246007083 -0.0232468356
v 0.128869528 -0.0271984947 -0.0234461367
v 0.129020722 -0.0270747905 -0.0232468356
v 0.130106569 -0.0261470097 -0.0224358864
v 0.133790203 -0.0271641324 -0.0236660551
v 0.133886417 -0.024580091 -0.0255491065
v 0.131329866 -0.0283461939 -0.0234461367
v 0.131329866 -0.0281468928 -0.0232468356
v 0.13134361 -0.0267174231 -0.0224358864
v 0.134367489 -0.0244838767 -0.0236660551
v 0.132422585 -0.0227932539 -0.0255491065
v 0.132628759 -0.0223602895 -0.0236660551
v 0.133755841 -0.0271435151 -0.0234461367
v 0.133611519 -0.0270129385 -0.0232468356
v 0.132560034 -0.0261126475 -0.0224358864
v 0.132848677 -0.0247862645 -0.0224358864
v 0.134326254 -0.0244907491 -0.0234461367
v 0.132608141 -0.0223946517 -0.0234461367
v 0.13414757 -0.0245251114 -0.0232468356
v 0.132532544 -0.0225595905 -0.0232468356
v 0.131982748 -0.0237347796 -0.0224358864
v 0.132209539 -0.023253708 -0.0217761312
v 0.130622003 -0.0237485245 -0.0224358864
v 0.131982748 -0.0237347796 -0.0224358864
v 0.130367722 -0.0232811978 -0.0217761312
v 0.132353861 -0.0229444478 -0.0209995443
v 0.129233768 -0.0247312849 -0.0217761312
v 0.129790437 -0.0248206268 -0.0224358864
v 0.130106569 -0.0261470097 -0.0224358864
v 0.130195911 -0.0229719376 -0.0209995443
v 0.132346988 -0.0229581927 -0.0201954675
v 0.129666732 -0.0265249945 -0.0217761312
v 0.13134361 -0.0267174231 -0.0224358864
v 0.130202784 -0.0229856825 -0.0201954675
v 0.131982748 -0.023741652 -0.017563319
v 0.130628876 -0.0237553969 -0.017563319
v 0.129797309 -0.0248274992 -0.017563319
v 0.128876401 -0.0246694329 -0.0209995443
v 0.131336738 -0.0273015814 -0.0217761312
v 0.132560034 -0.0261126475 -0.0224358864
v 0.128890146 -0.0246763053 -0.0201954675
v 0.12937809 -0.0267655303 -0.0209995443
v 0.129391834 -0.0267586578 -0.0201954675
v 0.130120314 -0.0261401373 -0.017563319
v 0.131336738 -0.0276795662 -0.0209995443
v 0.131336738 -0.0276589488 -0.0201954675
v 0.13134361 -0.0267105507 -0.017563319
v 0.132986126 -0.0264837598 -0.0217761312
v 0.133267897 -0.0267174231 -0.0209995443
v 0.133254152 -0.0267105507 -0.0201954675
v 0.132553162 -0.026105775 -0.017563319
v 0.132834932 -0.0247862645 -0.017563319
v 0.133370983 -0.0246831778 -0.0217761312
v 0.132848677 -0.0247862645 -0.0224358864
v 0.131982748 -0.0237347796 -0.0224358864
v 0.132209539 -0.023253708 -0.0217761312
v 0.133721478 -0.0246144532 -0.0209995443
v 0.132353861 -0.0229444478 -0.0209995443
v 0.133700861 -0.0246144532 -0.0201954675
v 0.132346988 -0.0229581927 -0.0201954675
v 0.131982748 -0.023741652 -0.017563319
v 0.128099814 -0.00252639715 -0.0255491065
v 0.125550135 -0.00580455607 -0.0255491065
v 0.127618742 -0.00478056094 -0.0255491065
v 0.12346091 -0.00483554054 -0.0255491065
v 0.122917986 -0.00258824921 -0.0255491065
v 0.124333711 -0.00076704981 -0.0255491065
v 0.126642854 -0.000739560008 -0.0255491065
v 0.126842155 -0.000306595623 -0.0236660551
v 0.124333711 -0.00076704981 -0.0255491065
v 0.126642854 -0.000739560008 -0.0255491065
v 0.124100048 -0.000340957875 -0.0236660551
v 0.122917986 -0.00258824921 -0.0255491065
v 0.12682841 -0.000340957875 -0.0234461367
v 0.122409425 -0.0025057798 -0.0236660551
v 0.12346091 -0.00483554054 -0.0255491065
v 0.124113792 -0.000375320128 -0.0234461367
v 0.126752813 -0.000505896689 -0.0232468356
v 0.123055435 -0.00517916307 -0.0236660551
v 0.125550135 -0.00580455607 -0.0255491065
v 0.124203134 -0.000533386491 -0.0232468356
v 0.126203017 -0.00168108573 -0.0224358864
v 0.124842272 -0.00169483064 -0.0224358864
v 0.124003833 -0.00277380537 -0.0224358864
v 0.122450659 -0.00251265225 -0.0234461367
v 0.125543262 -0.00633373476 -0.0236660551
v 0.127618742 -0.00478056094 -0.0255491065
v 0.122643088 -0.0025470145 -0.0232468356
v 0.123089797 -0.00515167327 -0.0234461367
v 0.123240991 -0.00502109671 -0.0232468356
v 0.124326838 -0.00409331588 -0.0224358864
v 0.128003599 -0.00511731101 -0.0236660551
v 0.128099814 -0.00252639715 -0.0255491065
v 0.125543262 -0.00629250006 -0.0234461367
v 0.125550135 -0.00609319899 -0.0232468356
v 0.125557007 -0.00467060173 -0.0224358864
v 0.128580885 -0.00243018285 -0.0236660551
v 0.126642854 -0.000739560008 -0.0255491065
v 0.126842155 -0.000306595623 -0.0236660551
v 0.12797611 -0.00508982121 -0.0234461367
v 0.127824916 -0.00495924465 -0.0232468356
v 0.126773431 -0.00406582608 -0.0224358864
v 0.127062074 -0.00273257067 -0.0224358864
v 0.128546523 -0.0024370553 -0.0234461367
v 0.12682841 -0.000340957875 -0.0234461367
v 0.128360967 -0.00247141755 -0.0232468356
v 0.126752813 -0.000505896689 -0.0232468356
v 0.126203017 -0.00168108573 -0.0224358864
v 0.126422936 -0.0012000142 -0.0217761312
v 0.124842272 -0.00169483064 -0.0224358864
v 0.126203017 -0.00168108573 -0.0224358864
v 0.124581119 -0.001227504 -0.0217761312
v 0.126567257 -0.00089075392 -0.0209995443
v 0.123454037 -0.00267759107 -0.0217761312
v 0.124003833 -0.00277380537 -0.0224358864
v 0.124326838 -0.00409331588 -0.0224358864
v 0.12441618 -0.000918243722 -0.0209995443
v 0.126567257 -0.000904498821 -0.0201954675
v 0.123887002 -0.00447130066 -0.0217761312
v 0.125557007 -0.00467060173 -0.0224358864
v 0.124423053 -0.000931988623 -0.0201954675
v 0.126196145 -0.00168795818 -0.017563319
v 0.124849145 -0.00170857554 -0.017563319
v 0.124017578 -0.00277380537 -0.017563319
v 0.123089797 -0.00262261146 -0.0209995443
v 0.125557007 -0.00524788757 -0.0217761312
v 0.126773431 -0.00406582608 -0.0224358864
v 0.123110415 -0.00262261146 -0.0201954675
v 0.123598359 -0.00471870888 -0.0209995443
v 0.123612104 -0.00470496398 -0.0201954675
v 0.124333711 -0.00408644343 -0.017563319
v 0.125550135 -0.00562587236 -0.0209995443
v 0.125550135 -0.00561212745 -0.0201954675
v 0.125557007 -0.00465685683 -0.017563319
v 0.127206395 -0.00443006596 -0.0217761312
v 0.127481293 -0.00466372928 -0.0209995443
v 0.127467548 -0.00465685683 -0.0201954675
v 0.126766558 -0.00405895363 -0.017563319
v 0.127055201 -0.00273257067 -0.017563319
v 0.127591252 -0.00262948391 -0.0217761312
v 0.127062074 -0.00273257067 -0.0224358864
v 0.126203017 -0.00168108573 -0.0224358864
v 0.126422936 -0.0012000142 -0.0217761312
v 0.127934875 -0.00256075941 -0.0209995443
v 0.126567257 -0.00089075392 -0.0209995443
v 0.12792113 -0.00256075941 -0.0201954675
v 0.126567257 -0.000904498821 -0.0201954675
v 0.126196145 -0.00168795818 -0.017563319
v 0.117866735 0.0164415664 -0.0255491065
v 0.115317056 0.013156535 -0.0255491065
v 0.117378791 0.0141874026 -0.0255491065
v 0.113220958 0.014132423 -0.0255491065
v 0.112684907 0.0163797143 -0.0255491065
v 0.114100632 0.0182009137 -0.0255491065
v 0.116402903 0.0182284035 -0.0255491065
v 0.116609076 0.0186613679 -0.0236660551
v 0.114100632 0.0182009137 -0.0255491065
v 0.116402903 0.0182284035 -0.0255491065
v 0.113860096 0.0186270057 -0.0236660551
v 0.112684907 0.0163797143 -0.0255491065
v 0.116595332 0.0186270057 -0.0234461367
v 0.112176346 0.0164621837 -0.0236660551
v 0.113220958 0.014132423 -0.0255491065
v 0.113880714 0.0185926434 -0.0234461367
v 0.116512862 0.0184620669 -0.0232468356
v 0.112822356 0.0137888005 -0.0236660551
v 0.115317056 0.013156535 -0.0255491065
v 0.113970055 0.0184345771 -0.0232468356
v 0.115963066 0.0172868778 -0.0224358864
v 0.114609193 0.0172731329 -0.0224358864
v 0.113770754 0.0161941582 -0.0224358864
v 0.112217581 0.0164553113 -0.0234461367
v 0.115310183 0.0126342288 -0.0236660551
v 0.117378791 0.0141874026 -0.0255491065
v 0.112410009 0.016420949 -0.0232468356
v 0.112856718 0.0138162903 -0.0234461367
v 0.113007912 0.0139468668 -0.0232468356
v 0.11409376 0.0148746477 -0.0224358864
v 0.117770521 0.0138506525 -0.0236660551
v 0.117866735 0.0164415664 -0.0255491065
v 0.115310183 0.0126754635 -0.0234461367
v 0.115310183 0.0128747645 -0.0232468356
v 0.115323928 0.0142973618 -0.0224358864
v 0.118347806 0.0165377807 -0.0236660551
v 0.116402903 0.0182284035 -0.0255491065
v 0.116609076 0.0186613679 -0.0236660551
v 0.117736158 0.0138781423 -0.0234461367
v 0.117591837 0.0140087189 -0.0232468356
v 0.116540352 0.0149021375 -0.0224358864
v 0.116828995 0.0162353929 -0.0224358864
v 0.118306572 0.0165309082 -0.0234461367
v 0.116595332 0.0186270057 -0.0234461367
v 0.118127888 0.016496546 -0.0232468356
v 0.116512862 0.0184620669 -0.0232468356
v 0.115963066 0.0172868778 -0.0224358864
v 0.116189857 0.0177679493 -0.0217761312
v 0.114609193 0.0172731329 -0.0224358864
v 0.115963066 0.0172868778 -0.0224358864
v 0.11434804 0.0177404595 -0.0217761312
v 0.116334178 0.0180772096 -0.0209995443
v 0.113220958 0.0162903725 -0.0217761312
v 0.113770754 0.0161941582 -0.0224358864
v 0.11409376 0.0148746477 -0.0224358864
v 0.114176229 0.0180497198 -0.0209995443
v 0.116327306 0.0180634647 -0.0201954675
v 0.11364705 0.0144966629 -0.0217761312
v 0.115323928 0.0142973618 -0.0224358864
v 0.114189974 0.0180359749 -0.0201954675
v 0.115963066 0.0172800054 -0.017563319
v 0.114609193 0.017259388 -0.017563319
v 0.113784499 0.0161941582 -0.017563319
v 0.112856718 0.0163453521 -0.0209995443
v 0.115317056 0.013720076 -0.0217761312
v 0.116540352 0.0149021375 -0.0224358864
v 0.112870463 0.0163453521 -0.0201954675
v 0.113358407 0.0142492547 -0.0209995443
v 0.113372152 0.0142629996 -0.0201954675
v 0.114100632 0.0148815201 -0.017563319
v 0.115317056 0.0133420912 -0.0209995443
v 0.115317056 0.0133558361 -0.0201954675
v 0.115323928 0.0143111067 -0.017563319
v 0.116966444 0.0145378976 -0.0217761312
v 0.117248214 0.0142973618 -0.0209995443
v 0.117234469 0.0143111067 -0.0201954675
v 0.116533479 0.0149090099 -0.017563319
v 0.11681525 0.0162353929 -0.017563319
v 0.117358174 0.0163384796 -0.0217761312
v 0.116828995 0.0162353929 -0.0224358864
v 0.115963066 0.0172868778 -0.0224358864
v 0.116189857 0.0177679493 -0.0217761312
v 0.117701796 0.0164072041 -0.0209995443
v 0.116334178 0.0180772096 -0.0209995443
v 0.117688051 0.0164072041 -0.0201954675
v 0.116327306 0.0180634647 -0.0201954675
v 0.115963066 0.0172800054 -0.017563319
v 0.108781355 0.0362548413 -0.0255491065
v 0.106231676 0.03296981 -0.0255491065
v 0.108293411 0.0339938051 -0.0255491065
v 0.104142451 0.033945698 -0.0255491065
v 0.103599528 0.0361861168 -0.0255491065
v 0.105015252 0.0380073162 -0.0255491065
v 0.107317523 0.038034806 -0.0255491065
v 0.107523697 0.0384746429 -0.0236660551
v 0.105015252 0.0380073162 -0.0255491065
v 0.107317523 0.038034806 -0.0255491065
v 0.104774717 0.0384402806 -0.0236660551
v 0.103599528 0.0361861168 -0.0255491065
v 0.107509952 0.0384402806 -0.0234461367
v 0.103090966 0.0362685863 -0.0236660551
v 0.104142451 0.033945698 -0.0255491065
v 0.104795334 0.0384059184 -0.0234461367
v 0.107427482 0.0382753418 -0.0232468356
v 0.103736977 0.0336020754 -0.0236660551
v 0.106231676 0.03296981 -0.0255491065
v 0.104884676 0.0382409796 -0.0232468356
v 0.106884559 0.0371001528 -0.0224358864
v 0.105523814 0.0370795354 -0.0224358864
v 0.104685375 0.0360074331 -0.0224358864
v 0.103132201 0.0362617138 -0.0234461367
v 0.106224804 0.0324406313 -0.0236660551
v 0.108293411 0.0339938051 -0.0255491065
v 0.103324629 0.036234224 -0.0232468356
v 0.103771339 0.0336295652 -0.0234461367
v 0.103922533 0.0337601418 -0.0232468356
v 0.10500838 0.0346879226 -0.0224358864
v 0.108685141 0.0336639275 -0.0236660551
v 0.108781355 0.0362548413 -0.0255491065
v 0.106224804 0.032481866 -0.0234461367
v 0.106224804 0.0326811671 -0.0232468356
v 0.106238549 0.0341106368 -0.0224358864
v 0.109262427 0.0363510557 -0.0236660551
v 0.107317523 0.038034806 -0.0255491065
v 0.107523697 0.0384746429 -0.0236660551
v 0.108650779 0.0336914173 -0.0234461367
v 0.108506457 0.0338151214 -0.0232468356
v 0.107454972 0.0347154124 -0.0224358864
v 0.107743615 0.0360486678 -0.0224358864
v 0.109221192 0.0363373108 -0.0234461367
v 0.107509952 0.0384402806 -0.0234461367
v 0.109042508 0.0363029485 -0.0232468356
v 0.107427482 0.0382753418 -0.0232468356
v 0.106884559 0.0371001528 -0.0224358864
v 0.107104477 0.0375743519 -0.0217761312
v 0.105523814 0.0370795354 -0.0224358864
v 0.106884559 0.0371001528 -0.0224358864
v 0.105262661 0.0375537345 -0.0217761312
v 0.107248799 0.0378904846 -0.0209995443
v 0.104135579 0.036096775 -0.0217692587
v 0.104685375 0.0360074331 -0.0224358864
v 0.10500838 0.0346879226 -0.0224358864
v 0.105097722 0.0378629948 -0.0209995443
v 0.107241926 0.0378767397 -0.0201954675
v 0.104568543 0.0343099378 -0.0217692587
v 0.106238549 0.0341106368 -0.0224358864
v 0.105104594 0.0378492499 -0.0201954675
v 0.106877686 0.0370864079 -0.017563319
v 0.105523814 0.037072663 -0.017563319
v 0.10469912 0.0360074331 -0.017563319
v 0.103771339 0.036158627 -0.0209995443
v 0.106231676 0.0335333509 -0.0217692587
v 0.107454972 0.0347154124 -0.0224358864
v 0.103785084 0.036158627 -0.0201954675
v 0.1042799 0.0340625296 -0.0209995443
v 0.104286773 0.0340762745 -0.0201954675
v 0.105015252 0.0346947951 -0.017563319
v 0.106231676 0.0331484937 -0.0209995443
v 0.106231676 0.033169111 -0.0201954675
v 0.106238549 0.0341243817 -0.017563319
v 0.107881064 0.0343511725 -0.0217692587
v 0.108162835 0.0341106368 -0.0209995443
v 0.10814909 0.0341243817 -0.0201954675
v 0.1074481 0.0347222849 -0.017563319
v 0.10772987 0.0360417954 -0.017563319
v 0.108272794 0.0361517546 -0.0217761312
v 0.107743615 0.0360486678 -0.0224358864
v 0.106884559 0.0371001528 -0.0224358864
v 0.107104477 0.0375743519 -0.0217761312
v 0.108616416 0.0362204791 -0.0209995443
v 0.107248799 0.0378904846 -0.0209995443
v 0.108602672 0.0362136066 -0.0201954675
v 0.107241926 0.0378767397 -0.0201954675
v 0.106877686 0.0370864079 -0.017563319
v 0.104520436 0.0579580402 -0.0255491065
v 0.101970757 0.0546798813 -0.0255491065
v 0.104032492 0.0557038764 -0.0255491065
v 0.0998815318 0.0556557693 -0.0255491065
v 0.0993386082 0.0578961882 -0.0255491065
v 0.100754333 0.0597173876 -0.0255491065
v 0.103056604 0.0597448774 -0.0255491065
v 0.103262777 0.0601847142 -0.0236660551
v 0.100754333 0.0597173876 -0.0255491065
v 0.103056604 0.0597448774 -0.0255491065
v 0.10052067 0.0601503519 -0.0236660551
v 0.0993386082 0.0578961882 -0.0255491065
v 0.103249033 0.0601434795 -0.0234461367
v 0.0988300468 0.0579786576 -0.0236660551
v 0.0998815318 0.0556557693 -0.0255491065
v 0.100534415 0.0601159897 -0.0234461367
v 0.103166563 0.0599785407 -0.0232468356
v 0.0994760572 0.0553121467 -0.0236660551
v 0.101970757 0.0546798813 -0.0255491065
v 0.100623756 0.0599510509 -0.0232468356
v 0.10262364 0.0588033516 -0.0224358864
v 0.101262894 0.0587896067 -0.0224358864
v 0.100424455 0.0577175044 -0.0224358864
v 0.0988712815 0.0579717851 -0.0234461367
v 0.101963884 0.0541507026 -0.0236660551
v 0.104032492 0.0557038764 -0.0255491065
v 0.0990637102 0.0579442953 -0.0232468356
v 0.0995104194 0.0553396366 -0.0234461367
v 0.0996616133 0.0554702131 -0.0232468356
v 0.100747461 0.0563911215 -0.0224358864
v 0.104424222 0.0553739988 -0.0236660551
v 0.104520436 0.0579580402 -0.0255491065
v 0.101963884 0.0541919373 -0.0234461367
v 0.101970757 0.0543912384 -0.0232468356
v 0.101977629 0.0558207081 -0.0224358864
v 0.105001507 0.0580542545 -0.0236660551
v 0.103056604 0.0597448774 -0.0255491065
v 0.103262777 0.0601847142 -0.0236660551
v 0.104396732 0.0554014886 -0.0234461367
v 0.104245538 0.0555251927 -0.0232468356
v 0.103194053 0.0564254837 -0.0224358864
v 0.103482696 0.0577518667 -0.0224358864
v 0.104960273 0.0580473821 -0.0234461367
v 0.103249033 0.0601434795 -0.0234461367
v 0.104781589 0.0580130198 -0.0232468356
v 0.103166563 0.0599785407 -0.0232468356
v 0.10262364 0.0588033516 -0.0224358864
v 0.102843558 0.0592844232 -0.0217761312
v 0.101262894 0.0587896067 -0.0224358864
v 0.10262364 0.0588033516 -0.0224358864
v 0.101001741 0.0592638058 -0.0217761312
v 0.102987879 0.0595936834 -0.0209995443
v 0.0998746593 0.0578068463 -0.0217692587
v 0.100424455 0.0577175044 -0.0224358864
v 0.100747461 0.0563911215 -0.0224358864
v 0.100836802 0.0595730661 -0.0209995443
v 0.102981007 0.0595799385 -0.0201954675
v 0.100307624 0.0560200092 -0.0217692587
v 0.101977629 0.0558207081 -0.0224358864
v 0.100843675 0.0595524487 -0.0201954675
v 0.102616767 0.0587964792 -0.017563319
v 0.101262894 0.0587827343 -0.017563319
v 0.1004382 0.057710632 -0.017563319
v 0.0995104194 0.0578686984 -0.0209995443
v 0.101970757 0.0552365498 -0.0217692587
v 0.103194053 0.0564254837 -0.0224358864
v 0.0995241643 0.0578618259 -0.0201954675
v 0.100018981 0.0557726009 -0.0209995443
v 0.100032726 0.0557794734 -0.0201954675
v 0.100754333 0.0563979939 -0.017563319
v 0.101970757 0.054858565 -0.0209995443
v 0.101970757 0.0548791824 -0.0201954675
v 0.101977629 0.0558275805 -0.017563319
v 0.103627017 0.0560612439 -0.0217692587
v 0.103901915 0.0558207081 -0.0209995443
v 0.10388817 0.0558275805 -0.0201954675
v 0.10318718 0.0564323562 -0.017563319
v 0.103475823 0.0577518667 -0.017563319
v 0.104011875 0.0578618259 -0.0217761312
v 0.103482696 0.0577518667 -0.0224358864
v 0.10262364 0.0588033516 -0.0224358864
v 0.102843558 0.0592844232 -0.0217761312
v 0.104355497 0.0579305504 -0.0209995443
v 0.102987879 0.0595936834 -0.0209995443
v 0.104341752 0.057923678 -0.0201954675
v 0.102981007 0.0595799385 -0.0201954675
v 0.102616767 0.0587964792 -0.017563319
v 0.0493277855 -0.199415233 -0.0448125854
v 0.0485099638 -0.199861942 -0.0438435699
v 0.0491009946 -0.199353381 -0.0438985495
v 0.0486542853 -0.200226182 -0.0449362896
v 0.0442352996 -0.201868698 -0.0438435699
v 0.0493346579 -0.199428978 -0.0491765915
v 0.0443864935 -0.20223981 -0.0449362896
v 0.0435205647 -0.202074872 -0.0440222536
v 0.0433693708 -0.202219193 -0.0448194579
v 0.0486542853 -0.200226182 -0.0491765915
v 0.0491216119 -0.199415233 -0.0499188162
v 0.0484893465 -0.19982758 -0.0501043724
v 0.0443864935 -0.20223981 -0.0491765915
v 0.0433762433 -0.202232938 -0.0491765915
v 0.0442215547 -0.201834336 -0.0501043724
v 0.04347933 -0.201971785 -0.0500081581
v 0.0481319791 -0.198961651 -0.0505442092
v 0.0442215547 -0.201834336 -0.0501043724
v 0.0484893465 -0.19982758 -0.0501043724
v 0.0438710597 -0.200968407 -0.0505442092
v 0.0447782232 -0.19079718 -0.0505373368
v 0.04347933 -0.201971785 -0.0500081581
v 0.0403729824 -0.192446568 -0.0505373368
v 0.0409365233 -0.180653443 -0.0505373368
v 0.036538155 -0.182309704 -0.0505373368
v 0.0372941245 -0.169396369 -0.0505373368
v 0.0329026286 -0.171107609 -0.0505373368
v 0.0348406597 -0.158709709 -0.0505373368
v 0.0303048423 -0.159981112 -0.0505373368
v 0.0294045513 -0.160235393 -0.0501043724
v 0.0320298274 -0.171430615 -0.0500974999
v 0.0289853318 -0.160352224 -0.0491765915
v 0.0356584813 -0.182591474 -0.0500974999
v 0.0316037355 -0.171554319 -0.0491765915
v 0.0289853318 -0.160352224 -0.0247656472
v 0.0395070536 -0.192776446 -0.0500974999
v 0.0316037355 -0.171561191 -0.0311020466
v 0.0293839339 -0.160152923 -0.0236866724
v 0.0352530067 -0.18277703 -0.0491765915
v 0.0430257483 -0.201367009 -0.0501043724
v 0.0320504448 -0.171513084 -0.0301124137
v 0.0302636076 -0.159816173 -0.0231093866
v 0.0390947066 -0.192920767 -0.0491765915
v 0.0426271462 -0.201552565 -0.0491765915
v 0.0433762433 -0.202232938 -0.0491765915
v 0.0352530067 -0.182783903 -0.0367512009
v 0.0426271462 -0.201552565 -0.044530815
v 0.0433693708 -0.202219193 -0.0448194579
v 0.0390534719 -0.19284517 -0.0411358244
v 0.0356653537 -0.182612092 -0.0357478232
v 0.032923246 -0.171148844 -0.029583235
v 0.0430394932 -0.201401371 -0.0435686719
v 0.0435205647 -0.202074872 -0.0440222536
v 0.0442352996 -0.201868698 -0.0438435699
v 0.0395001812 -0.192769574 -0.0401942987
v 0.0438985495 -0.201044004 -0.0431082177
v 0.0485099638 -0.199861942 -0.0438435699
v 0.0365312825 -0.182275342 -0.0352667516
v 0.0403798548 -0.192453441 -0.0397407169
v 0.0481663413 -0.199037248 -0.0430944728
v 0.0491009946 -0.199353381 -0.0438985495
v 0.0447782232 -0.190790308 -0.0398094414
v 0.0409365233 -0.180632826 -0.0352598792
v 0.0489979078 -0.198604284 -0.043554927
v 0.0493277855 -0.199415233 -0.0448125854
v 0.0456304071 -0.190453558 -0.0402836405
v 0.0373491041 -0.169547563 -0.0294801482
v 0.034799425 -0.158531025 -0.0231231315
v 0.0357203334 -0.158366086 -0.0237072898
v 0.0382219054 -0.16928641 -0.029995582
v 0.0361601702 -0.158338596 -0.024793137
v 0.0418024521 -0.180330438 -0.0357478232
v 0.0386067626 -0.169011512 -0.0309577251
v 0.0361601702 -0.158338596 -0.0491765915
v 0.0422216716 -0.180192989 -0.0367512009
v 0.0385930177 -0.168970277 -0.0491765915
v 0.0357409507 -0.158455428 -0.0501043724
v 0.0460152643 -0.190213022 -0.0412526561
v 0.0381875431 -0.169155833 -0.0500974999
v 0.0348406597 -0.158709709 -0.0505373368
v 0.0372941245 -0.169396369 -0.0505373368
v 0.0422216716 -0.180186117 -0.0491765915
v 0.0417955796 -0.180302948 -0.0500974999
v 0.0409365233 -0.180653443 -0.0505373368
v 0.0493758926 -0.198384366 -0.0445170701
v 0.0460633714 -0.190316109 -0.0491765915
v 0.045644152 -0.190467303 -0.0500974999
v 0.0447782232 -0.19079718 -0.0505373368
v 0.0493758926 -0.198384366 -0.0491765915
v 0.0493346579 -0.199428978 -0.0491765915
v 0.0491216119 -0.199415233 -0.0499188162
v 0.0489772905 -0.198563049 -0.0501043724
v 0.0481319791 -0.198961651 -0.0505442092
v 0.0484893465 -0.19982758 -0.0501043724
v 0.0372803796 -0.169087109 -0.0318511437
v 0.0361464253 -0.173196834 -0.0334386798
v 0.0377751961 -0.171368762 -0.0328201592
v 0.0336311084 -0.173203707 -0.0332462512
v 0.0321191693 -0.171375635 -0.0323803224
v 0.0327445623 -0.169100854 -0.0314937763
v 0.0350468332 -0.168076859 -0.0312601129
v 0.0375484052 -0.17590458 -0.020752136
v 0.0359471242 -0.173980294 -0.0198381001
v 0.0372597623 -0.174571324 -0.0201817226
v 0.0346001239 -0.174578197 -0.0199755491
v 0.034235884 -0.175911452 -0.0204909829
v 0.0351224302 -0.176983555 -0.0209995443
v 0.0365931346 -0.176976682 -0.0211163759
v 0.0352804965 -0.168729741 -0.0282705969
v 0.0327445623 -0.169100854 -0.0314937763
v 0.0350468332 -0.168076859 -0.0312601129
v 0.0325452612 -0.169946165 -0.0285523674
v 0.0321191693 -0.171375635 -0.0323803224
v 0.0353079863 -0.168908425 -0.0279544642
v 0.0317961641 -0.172653911 -0.0296038524
v 0.0336311084 -0.173203707 -0.0332462512
v 0.0326071132 -0.170104232 -0.0282293622
v 0.0353217312 -0.169210813 -0.0277345458
v 0.0335967461 -0.174825605 -0.0306278475
v 0.0361464253 -0.173196834 -0.0334386798
v 0.032785797 -0.170337895 -0.0279956989
v 0.0353767108 -0.171018268 -0.0270679181
v 0.0340228381 -0.171616171 -0.0272053671
v 0.0336517257 -0.172963171 -0.0277276734
v 0.0318648886 -0.172784487 -0.0292671023
v 0.0365931346 -0.174825605 -0.0308683833
v 0.0377751961 -0.171368762 -0.0328201592
v 0.0320916795 -0.172846339 -0.0289647145
v 0.0336448533 -0.174928692 -0.030284225
v 0.0337685574 -0.174859967 -0.0299199851
v 0.0345451443 -0.174035273 -0.0282362347
v 0.036600007 -0.174921819 -0.0305110158
v 0.036538155 -0.174859967 -0.0301399035
v 0.0360295936 -0.174035273 -0.0283530664
v 0.0385242932 -0.172647038 -0.0301261586
v 0.0385105483 -0.172770742 -0.0297825361
v 0.0383318646 -0.172839467 -0.0294526584
v 0.0369848643 -0.172956299 -0.0279888265
v 0.0366962213 -0.171616171 -0.0274184131
v 0.0379401349 -0.16993242 -0.0289715869
v 0.0372803796 -0.169087109 -0.0318511437
v 0.0350468332 -0.168076859 -0.0312601129
v 0.0352804965 -0.168729741 -0.0282705969
v 0.0379332624 -0.170097359 -0.0286485817
v 0.0353079863 -0.168908425 -0.0279544642
v 0.037788941 -0.17032415 -0.0283874286
v 0.0353217312 -0.169210813 -0.0277345458
v 0.0353767108 -0.171018268 -0.0270679181
v 0.0335348941 -0.17245461 -0.0236110755
v 0.0359471242 -0.173980294 -0.0198381001
v 0.0346001239 -0.174578197 -0.0199755491
v 0.0356653537 -0.171506211 -0.023391157
v 0.0334249349 -0.171959793 -0.024793137
v 0.0355691394 -0.171004523 -0.024580091
v 0.0336379808 -0.17169864 -0.0260576679
v 0.0354729251 -0.170887691 -0.0258721117
v 0.0340228381 -0.171616171 -0.0272053671
v 0.0353767108 -0.171018268 -0.0270679181
v 0.0356653537 -0.171506211 -0.023391157
v 0.0372597623 -0.174571324 -0.0201817226
v 0.0359471242 -0.173980294 -0.0198381001
v 0.0377408338 -0.172447737 -0.0239409531
v 0.0355691394 -0.171004523 -0.024580091
v 0.0376652369 -0.171946048 -0.025129887
v 0.0354729251 -0.170887691 -0.0258721117
v 0.0372528898 -0.171691768 -0.0263394383
v 0.0353767108 -0.171018268 -0.0270679181
v 0.0366962213 -0.171616171 -0.0274184131
v 0.0340228381 -0.171616171 -0.0272053671
v 0.0331362919 -0.17351984 -0.0267586578
v 0.0336517257 -0.172963171 -0.0277276734
v 0.0336379808 -0.17169864 -0.0260576679
v 0.0334249349 -0.171959793 -0.024793137
v 0.0328407766 -0.174090253 -0.025617831
v 0.0335348941 -0.17245461 -0.0236110755
v 0.0329507358 -0.174571324 -0.0244288971
v 0.034235884 -0.175911452 -0.0204909829
v 0.0346001239 -0.174578197 -0.0199755491
v 0.0331362919 -0.17351984 -0.0267586578
v 0.0345451443 -0.174035273 -0.0282362347
v 0.0336517257 -0.172963171 -0.0277276734
v 0.0343458432 -0.174976799 -0.0274459029
v 0.0360295936 -0.174035273 -0.0283530664
v 0.0328407766 -0.174090253 -0.025617831
v 0.0363525988 -0.174969927 -0.0276039692
v 0.0369848643 -0.172956299 -0.0279888265
v 0.037651492 -0.173506095 -0.0271091528
v 0.0342565014 -0.175794621 -0.0264287802
v 0.0329507358 -0.174571324 -0.0244288971
v 0.0366068795 -0.175787748 -0.0266143364
v 0.038125691 -0.174076508 -0.0260301781
v 0.0343595881 -0.176261947 -0.0252329738
v 0.034235884 -0.175911452 -0.0204909829
v 0.0351224302 -0.176983555 -0.0209995443
v 0.0366893489 -0.176261947 -0.0254116575
v 0.038201288 -0.17455758 -0.0248412441
v 0.0365931346 -0.176976682 -0.0211163759
v 0.0375484052 -0.17590458 -0.020752136
v 0.0372597623 -0.174571324 -0.0201817226
v 0.038201288 -0.17455758 -0.0248412441
v 0.0375484052 -0.17590458 -0.020752136
v 0.0377408338 -0.172447737 -0.0239409531
v 0.0376652369 -0.171946048 -0.025129887
v 0.038125691 -0.174076508 -0.0260301781
v 0.037651492 -0.173506095 -0.0271091528
v 0.0372528898 -0.171691768 -0.0263394383
v 0.0369848643 -0.172956299 -0.0279888265
v 0.0366962213 -0.171616171 -0.0274184131
v 0.0409983754 -0.180770275 -0.0378233032
v 0.0398919108 -0.184921235 -0.0393008801
v 0.0415069367 -0.183072546 -0.0387098493
v 0.0373765939 -0.184921235 -0.0391496862
v 0.0358440375 -0.183065673 -0.0383730993
v 0.036462558 -0.180763402 -0.0375552777
v 0.038751084 -0.179739407 -0.0373078694
v 0.0410464825 -0.187216633 -0.0265043772
v 0.0394314567 -0.185264858 -0.0256865555
v 0.0407509672 -0.185862761 -0.0259889434
v 0.0380913288 -0.185862761 -0.025830877
v 0.0377339614 -0.187209761 -0.0263050761
v 0.0386273799 -0.188295608 -0.0267586578
v 0.0400980844 -0.188302481 -0.0268479997
v 0.0389297678 -0.180289203 -0.0342977361
v 0.036462558 -0.180763402 -0.0375552777
v 0.038751084 -0.179739407 -0.0373078694
v 0.0362014049 -0.1815125 -0.034586379
v 0.0358440375 -0.183065673 -0.0383730993
v 0.0389503851 -0.180454142 -0.0339747309
v 0.0354729251 -0.184254607 -0.035562267
v 0.0373765939 -0.184921235 -0.0391496862
v 0.0362563845 -0.181656821 -0.0342633738
v 0.03896413 -0.18075653 -0.03374794
v 0.0372872521 -0.186460664 -0.0364831754
v 0.0398919108 -0.184921235 -0.0393008801
v 0.0364350682 -0.181883612 -0.0340159656
v 0.0390053647 -0.182536495 -0.0330194603
v 0.037651492 -0.18314127 -0.0331637817
v 0.0372872521 -0.184502015 -0.0336448533
v 0.0355347772 -0.184371439 -0.0352186445
v 0.0402836405 -0.186467536 -0.0366618591
v 0.0415069367 -0.183072546 -0.0387098493
v 0.0357546956 -0.184426419 -0.0349162566
v 0.0373284868 -0.186550006 -0.0361326804
v 0.037438446 -0.186474409 -0.035775313
v 0.0381875431 -0.185594735 -0.034098435
v 0.040290513 -0.186550006 -0.0363113641
v 0.0402217885 -0.186474409 -0.0359402518
v 0.0396719924 -0.185594735 -0.0341877769
v 0.0422079267 -0.184268352 -0.0359608691
v 0.0421873093 -0.184378311 -0.0356172466
v 0.0420017532 -0.184433291 -0.035287369
v 0.0406272631 -0.184502015 -0.0338441543
v 0.0403248752 -0.18314127 -0.0333218481
v 0.041603151 -0.181519372 -0.0349093842
v 0.0409983754 -0.180770275 -0.0378233032
v 0.038751084 -0.179739407 -0.0373078694
v 0.0389297678 -0.180289203 -0.0342977361
v 0.0415894061 -0.181670566 -0.0345795066
v 0.0389503851 -0.180454142 -0.0339747309
v 0.0414382122 -0.181890484 -0.034311481
v 0.03896413 -0.18075653 -0.03374794
v 0.0390053647 -0.182536495 -0.0330194603
v 0.0370948235 -0.183856005 -0.0295488727
v 0.0394314567 -0.185264858 -0.0256865555
v 0.0380913288 -0.185862761 -0.025830877
v 0.0392252831 -0.182907607 -0.0293220819
v 0.0370054816 -0.183395551 -0.0307515516
v 0.0391496862 -0.18244028 -0.0305247607
v 0.0372460174 -0.183182505 -0.0320160825
v 0.0390740892 -0.182364683 -0.0318236539
v 0.037651492 -0.18314127 -0.0331637817
v 0.0390053647 -0.182536495 -0.0330194603
v 0.0392252831 -0.182907607 -0.0293220819
v 0.0407509672 -0.185862761 -0.0259889434
v 0.0394314567 -0.185264858 -0.0256865555
v 0.0413076357 -0.183862878 -0.029796281
v 0.0391496862 -0.18244028 -0.0305247607
v 0.0412526561 -0.183402423 -0.0310058323
v 0.0390740892 -0.182364683 -0.0318236539
v 0.0408677988 -0.183189377 -0.0322291285
v 0.0390053647 -0.182536495 -0.0330194603
v 0.0403248752 -0.18314127 -0.0333218481
v 0.037651492 -0.18314127 -0.0331637817
v 0.0367512009 -0.185024322 -0.0326689653
v 0.0372872521 -0.184502015 -0.0336448533
v 0.0372460174 -0.183182505 -0.0320160825
v 0.0370054816 -0.183395551 -0.0307515516
v 0.0364350682 -0.1855535 -0.0315143936
v 0.0370948235 -0.183856005 -0.0295488727
v 0.0365244101 -0.18600021 -0.0303117148
v 0.0377339614 -0.187209761 -0.0263050761
v 0.0380913288 -0.185862761 -0.025830877
v 0.0367512009 -0.185024322 -0.0326689653
v 0.0381875431 -0.185594735 -0.034098435
v 0.0372872521 -0.184502015 -0.0336448533
v 0.0379744971 -0.186501899 -0.0332874859
v 0.0396719924 -0.185594735 -0.0341877769
v 0.0364350682 -0.1855535 -0.0315143936
v 0.0399812527 -0.186508771 -0.0334043175
v 0.0406272631 -0.184502015 -0.0338441543
v 0.0412732734 -0.185031194 -0.0329369909
v 0.0378645379 -0.187285358 -0.0322428734
v 0.0365244101 -0.18600021 -0.0303117148
v 0.040214916 -0.18729223 -0.0323803224
v 0.0417268551 -0.185560373 -0.0318305263
v 0.0379401349 -0.187718322 -0.0310264496
v 0.0377339614 -0.187209761 -0.0263050761
v 0.0386273799 -0.188295608 -0.0267586578
v 0.0402767681 -0.187718322 -0.0311638986
v 0.0417749623 -0.186007082 -0.030620975
v 0.0400980844 -0.188302481 -0.0268479997
v 0.0410464825 -0.187216633 -0.0265043772
v 0.0407509672 -0.185862761 -0.0259889434
v 0.0417749623 -0.186007082 -0.030620975
v 0.0410464825 -0.187216633 -0.0265043772
v 0.0413076357 -0.183862878 -0.029796281
v 0.0412526561 -0.183402423 -0.0310058323
v 0.0417268551 -0.185560373 -0.0318305263
v 0.0408677988 -0.183189377 -0.0322291285
v 0.0412732734 -0.185031194 -0.0329369909
v 0.0406272631 -0.184502015 -0.0338441543
v 0.0403248752 -0.18314127 -0.0333218481
v 0.0413145081 -0.193958507 -0.0306622097
v 0.0408815437 -0.194618263 -0.0303941842
v 0.041541299 -0.194570156 -0.0306759546
v 0.0406203906 -0.194144064 -0.0302429903
v 0.0293770615 -0.158104933 -0.0116805013
v 0.0300368167 -0.15781629 -0.0120447412
v 0.0290815461 -0.158269872 -0.0109314042
v 0.040290513 -0.194199043 -0.029445786
v 0.040840309 -0.194735094 -0.0298443881
v 0.0290815461 -0.158269872 -0.0086634955
v 0.040290513 -0.194199043 -0.0271641324
v 0.040840309 -0.194735094 -0.0274459029
v 0.0293770615 -0.158104933 -0.00785941879
v 0.0406203906 -0.194144064 -0.0264219077
v 0.0409708856 -0.194652625 -0.0268273823
v 0.0300368167 -0.15781629 -0.0074401993
v 0.041541299 -0.194570156 -0.0266899333
v 0.0413145081 -0.193958507 -0.0260507954
v 0.0338922615 -0.156448672 -0.0074401993
v 0.0453967437 -0.19320941 -0.0266899333
v 0.0451699529 -0.19259089 -0.0260507954
v 0.0345795066 -0.156263116 -0.00785941879
v 0.0458915602 -0.192913895 -0.0268273823
v 0.0458228357 -0.192302247 -0.0264219077
v 0.0349025117 -0.156208137 -0.0086634955
v 0.0460427541 -0.19290015 -0.0274459029
v 0.046118351 -0.192137308 -0.0271641324
v 0.0349025117 -0.156208137 -0.0109314042
v 0.046118351 -0.192137308 -0.029445786
v 0.0460427541 -0.19290015 -0.0298443881
v 0.0345795066 -0.156263116 -0.0116805013
v 0.0458709428 -0.192858915 -0.0304697811
v 0.0458228357 -0.192302247 -0.0302429903
v 0.0338922615 -0.156448672 -0.0120447412
v 0.0453967437 -0.19320941 -0.0306759546
v 0.0451699529 -0.19259089 -0.0306622097
v 0.0300368167 -0.15781629 -0.0120447412
v 0.041541299 -0.194570156 -0.0306759546
v 0.0413145081 -0.193958507 -0.0306622097
v 0.040840309 -0.194735094 -0.0298443881
v 0.041541299 -0.194570156 -0.0306759546
v 0.0408815437 -0.194618263 -0.0303941842
v 0.0416375133 -0.194838181 -0.0300780514
v 0.0453967437 -0.19320941 -0.0306759546
v 0.040840309 -0.194735094 -0.0274459029
v 0.045492958 -0.193470563 -0.0300780514
v 0.0458709428 -0.192858915 -0.0304697811
v 0.0460427541 -0.19290015 -0.0298443881
v 0.0416375133 -0.194838181 -0.0275558621
v 0.0409708856 -0.194652625 -0.0268273823
v 0.041541299 -0.194570156 -0.0266899333
v 0.045492958 -0.193470563 -0.0275558621
v 0.0460427541 -0.19290015 -0.0274459029
v 0.0453967437 -0.19320941 -0.0266899333
v 0.0458915602 -0.192913895 -0.0268273823
v 0.0282362347 -0.149218854 -0.0260370505
v 0.0870644115 -0.149218854 -0.0525509648
v 0.0282362347 -0.149218854 -0.0525509648
v 0.0870644115 -0.149218854 -0.0260370505
v 0.0989537509 -0.146724155 -0.0525509648
v 0.0282362347 -0.14884087 -0.0246007083
v 0.0989537509 -0.146724155 -0.0260370505
v 0.110190208 -0.140154092 -0.0525509648
v 0.0867139165 -0.14884087 -0.0246007083
v 0.0282362347 -0.147555721 -0.0235079887
v 0.110190208 -0.140154092 -0.0260370505
v 0.118155378 -0.130546406 -0.0525509648
v 0.0854631305 -0.147555721 -0.0235079887
v 0.0282293622 -0.137666265 -0.0234117744
v 0.0985620213 -0.146353042 -0.0246007083
v 0.118155378 -0.130546406 -0.0260370505
v 0.127708084 -0.113255321 -0.0525509648
v 0.109839713 -0.139776107 -0.0246007083
v 0.127708084 -0.113255321 -0.0260370505
v 0.133364111 -0.100314496 -0.0525509648
v 0.0972356383 -0.145102256 -0.0235079887
v 0.117763648 -0.130175294 -0.0246007083
v 0.108705758 -0.138497831 -0.0235079887
v 0.090610596 -0.135638892 -0.0234117744
v 0.0801301089 -0.137666265 -0.0234117744
v 0.0790717515 -0.136339882 -0.0241058919
v 0.0282362347 -0.136339882 -0.0241058919
v 0.0282362347 -0.135446463 -0.0260370505
v 0.0783638891 -0.135446463 -0.0260370505
v 0.0282362347 -0.135446463 -0.0336654706
v 0.0783638891 -0.135446463 -0.0336654706
v 0.0895522386 -0.134223167 -0.0241058919
v 0.0888443762 -0.133281641 -0.0260370505
v 0.0888443762 -0.133281641 -0.0336654706
v 0.100527542 -0.129584263 -0.0234117744
v 0.09942795 -0.128360967 -0.0241058919
v 0.0987269601 -0.127536273 -0.0260370505
v 0.0987269601 -0.127536273 -0.0336654706
v 0.116471627 -0.128938253 -0.0235079887
v 0.107791722 -0.121000572 -0.0234117744
v 0.106540936 -0.119804766 -0.0241058919
v 0.10568188 -0.119007562 -0.0260370505
v 0.10568188 -0.119007562 -0.0336654706
v 0.12727512 -0.11291857 -0.0246007083
v 0.125831905 -0.111784616 -0.0235079887
v 0.11639603 -0.106052992 -0.0234117744
v 0.114994051 -0.104960273 -0.0241058919
v 0.114052525 -0.104224921 -0.0260370505
v 0.114052525 -0.104224921 -0.0336654706
v 0.133364111 -0.100314496 -0.0260370505
v 0.132917402 -0.100005236 -0.0246007083
v 0.137233301 -0.0852638294 -0.0260370505
v 0.137233301 -0.0852638294 -0.0525509648
v 0.138896434 -0.0709691323 -0.0525509648
v 0.131412335 -0.0989468785 -0.0235079887
v 0.12138543 -0.094287357 -0.0234117744
v 0.119846001 -0.0934832803 -0.0241058919
v 0.118808261 -0.0929403567 -0.0260370505
v 0.118808261 -0.0929403567 -0.0336654706
v 0.122182634 -0.079690272 -0.0336654706
v 0.136759101 -0.0849751865 -0.0246007083
v 0.138896434 -0.0709691323 -0.0260370505
v 0.139061372 -0.0297069391 -0.0525509648
v 0.135199055 -0.0839992985 -0.0235079887
v 0.125007211 -0.0805562008 -0.0234117744
v 0.123330333 -0.0800338946 -0.0241058919
v 0.122182634 -0.079690272 -0.0260370505
v 0.138374127 -0.0709141527 -0.0246007083
v 0.139061372 -0.0297069391 -0.0260370505
v 0.13737075 -0.0163331503 -0.0525509648
v 0.126649727 -0.0675810141 -0.0234117744
v 0.123790787 -0.0672786263 -0.0260370505
v 0.123790787 -0.0672786263 -0.0336654706
v 0.124917869 -0.0674023304 -0.0241058919
v 0.13737075 -0.0163331503 -0.0260370505
v 0.132711228 -0.00159861633 -0.0525509648
v 0.123832022 -0.0298306432 -0.0260370505
v 0.123832022 -0.0298306432 -0.0336654706
v 0.124883507 -0.0297756636 -0.0241058919
v 0.136566673 -0.0707354689 -0.0235079887
v 0.138594046 -0.0297275565 -0.0246007083
v 0.132711228 -0.00159861633 -0.0260370505
v 0.126402318 0.0109573508 -0.0525509648
v 0.122450659 -0.0179344313 -0.0260370505
v 0.122601853 -0.0179687936 -0.0336654706
v 0.126409191 -0.0296931942 -0.0234117744
v 0.13695153 -0.0298100259 -0.0235079887
v 0.136875933 -0.016374385 -0.0246007083
v 0.126402318 0.0109229886 -0.0260370505
v 0.120650077 0.0196303834 -0.0525509648
v 0.125137788 -0.0177145129 -0.0234117744
v 0.132243901 -0.00177730004 -0.0246007083
v 0.135178438 -0.0165049616 -0.0235079887
v 0.120650077 0.0196097661 -0.0260370505
v 0.114952816 0.0324681211 -0.0525509648
v 0.123522762 -0.0178450894 -0.0241058919
v 0.120615715 -0.00317927996 -0.0234117744
v 0.130711345 -0.00227898893 -0.0235079887
v 0.125893757 0.0108199018 -0.0246007083
v 0.114952816 0.0324612486 -0.0260233056
v 0.110300167 0.047628747 -0.0525509648
v 0.119186245 -0.00337858102 -0.0241058919
v 0.124216879 0.0105037691 -0.0235079887
v 0.120175878 0.0194723171 -0.0246007083
v 0.110300167 0.047628747 -0.0260233056
v 0.108602672 0.0598891988 -0.0525509648
v 0.114485489 0.0322825649 -0.0245938359
v 0.11821723 -0.00351603003 -0.0260370505
v 0.118464638 -0.00362598924 -0.0336654706
v 0.113963183 0.00892310548 -0.0234117744
v 0.118540235 0.0190393527 -0.0235079887
v 0.112361902 0.00866195236 -0.0241058919
v 0.111269182 0.00848326864 -0.0260370505
v 0.111269182 0.00850388599 -0.0336654706
v 0.108692013 0.0169707451 -0.0234117744
v 0.107131967 0.0165858879 -0.0241058919
v 0.106114844 0.0163316072 -0.0260370505
v 0.106114844 0.0163453521 -0.0336654706
v 0.102926027 0.0285370794 -0.0233980295
v 0.112925443 0.0317121515 -0.0235011163
v 0.101400343 0.0279872833 -0.0240990195
v 0.100424455 0.0276024261 -0.0260233056
v 0.100424455 0.0276024261 -0.0336654706
v 0.0988163019 0.0420276998 -0.0233980295
v 0.109874075 0.0474019562 -0.0245938359
v 0.0973730873 0.041312965 -0.0240990195
v 0.0963971993 0.0408318934 -0.0260233056
v 0.0963971993 0.0408318934 -0.0336654706
v 0.0950020919 0.0529342789 -0.0260301781
v 0.0950020919 0.0529342789 -0.0336654706
v 0.0951051786 0.177387486 -0.0327720521
v 0.0951051786 0.177387486 -0.0258721117
v 0.0959779799 0.0534978198 -0.0240990195
v 0.0960810666 0.177387486 -0.0239409531
v 0.0974211945 0.0543431312 -0.0233980295
v 0.0975311537 0.177387486 -0.0232468356
v 0.108348391 0.046652859 -0.0235011163
v 0.106650896 0.0587414996 -0.0235011163
v 0.106650896 0.177387486 -0.0233430499
v 0.108169707 0.0596280457 -0.0245938359
v 0.108169707 0.177387486 -0.0244357695
v 0.108602672 0.0598891988 -0.0260233056
v 0.108602672 0.177387486 -0.0258721117
v 0.108602672 0.177387486 -0.0538292406
v 0.0282293622 -0.15436632 -0.0444277282
v 0.0895797284 -0.152510758 -0.057938966
v 0.0282293622 -0.15436632 -0.057938966
v 0.0895797284 -0.152510758 -0.0444277282
v 0.101331619 -0.149720543 -0.057938966
v 0.0282362347 -0.15369282 -0.0429364064
v 0.101331619 -0.149720543 -0.0444277282
v 0.113117872 -0.142999287 -0.057938966
v 0.089208616 -0.152119028 -0.0429364064
v 0.0282499796 -0.151424911 -0.0417955796
v 0.113117872 -0.142999287 -0.0444277282
v 0.121144894 -0.133391601 -0.057938966
v 0.0879509576 -0.150778901 -0.0417955796
v 0.0282293622 -0.143164225 -0.0416924929
v 0.0813877673 -0.141961547 -0.0416924929
v 0.0926792036 -0.139425612 -0.0416924929
v 0.100926144 -0.149335686 -0.0429364064
v 0.121144894 -0.133391601 -0.0444277282
v 0.13106184 -0.115454505 -0.057938966
v 0.0995447817 -0.14802992 -0.0417955796
v 0.112774249 -0.142607557 -0.0429364064
v 0.111612805 -0.141281174 -0.0417955796
v 0.104156196 -0.133652754 -0.0416924929
v 0.13106184 -0.115454505 -0.0444277282
v 0.136972147 -0.101785201 -0.057938966
v 0.120753164 -0.133006743 -0.0429364064
v 0.119419909 -0.131714723 -0.0417955796
v 0.111942682 -0.124649844 -0.0416924929
v 0.130622003 -0.11510401 -0.0429364064
v 0.129137554 -0.113921948 -0.0417955796
v 0.119488633 -0.1067746 -0.0416924929
v 0.136972147 -0.101785201 -0.0444277282
v 0.136477331 -0.101579027 -0.0429364064
v 0.134793581 -0.10085742 -0.0417955796
v 0.138649025 -0.0856899214 -0.0417955796
v 0.124429925 -0.0954281838 -0.0416924929
v 0.127563763 -0.0819719256 -0.0416924929
v 0.129501794 -0.0711546884 -0.0416924929
v 0.141088745 -0.0860060541 -0.0444277282
v 0.141088745 -0.0860060541 -0.057938966
v 0.142525087 -0.0724948163 -0.057938966
v 0.140532077 -0.0859373296 -0.0429364064
v 0.142525087 -0.0724948163 -0.0444277282
v 0.14258694 -0.0302704801 -0.057938966
v 0.140140347 -0.0726460102 -0.0417955796
v 0.131274886 -0.0304491638 -0.0416924929
v 0.141975291 -0.0725291785 -0.0429364064
v 0.14258694 -0.0302704801 -0.0444277282
v 0.140889444 -0.0167661147 -0.057938966
v 0.140442735 -0.0303254597 -0.0417955796
v 0.129158171 -0.0174945945 -0.0416924929
v 0.142092123 -0.030284225 -0.0429364064
v 0.140889444 -0.0167661147 -0.0444277282
v 0.136202433 -0.00168795818 -0.057938966
v 0.138594046 -0.0168966913 -0.0417955796
v 0.125055318 -0.00207281542 -0.0416924929
v 0.14037401 -0.0168279668 -0.0429364064
v 0.136202433 -0.00168795818 -0.0444277282
v 0.129577391 0.0110192029 -0.057938966
v 0.135693872 -0.00169483064 -0.0429364064
v 0.129577391 0.0109848406 -0.0444277282
v 0.123804532 0.0199190264 -0.057938966
v 0.133982631 -0.00170170309 -0.0417955796
v 0.128869528 0.0109710957 -0.0429364064
v 0.123804532 0.019898409 -0.0444277282
v 0.11709702 0.0327086569 -0.057938966
v 0.127309482 0.0109367335 -0.0417955796
v 0.119000689 0.0107030702 -0.0416924929
v 0.112753632 0.0198571743 -0.0416924929
v 0.123082925 0.019898409 -0.0429364064
v 0.11709702 0.0327017844 -0.0443727486
v 0.112190091 0.047628747 -0.057938966
v 0.121426664 0.019836557 -0.0417955796
v 0.106802089 0.0304544931 -0.0416375133
v 0.116622821 0.0325231007 -0.0428814268
v 0.112190091 0.047628747 -0.0443727486
v 0.110471978 0.0610987501 -0.057938966
v 0.11502154 0.0319251975 -0.0417474725
v 0.100878037 0.046377961 -0.0416375133
v 0.111729637 0.0473950837 -0.0428814268
v 0.110162718 0.0466184968 -0.0417474725
v 0.099778445 0.0577931014 -0.0416443857
v 0.108245304 0.0610094083 -0.0417474725
v 0.099778445 0.20185341 -0.0416375133
v 0.108451478 0.20185341 -0.0417474725
v 0.110011524 0.0610712603 -0.0428814268
v 0.110011524 0.20185341 -0.0428814268
v 0.110471978 0.0610987501 -0.0443727486
v 0.110471978 0.20185341 -0.0443727486
v 0.110471978 0.20185341 -0.0576365782
v 4.20779802E-06 -0.149218854 0.0249427877
v 0.0868651104 -0.147122757 0.0232659098
v 4.20779802E-06 -0.147115884 0.0232659098
v 0.0870781564 -0.149225727 0.0249427877
v 0.0981634191 -0.144738017 0.0232659098
v 0.0989125162 -0.146724155 0.0249427877
v 0.108939422 -0.138271041 0.0232659098
v 0.110293294 -0.139906684 0.0249427877
v 0.116877102 -0.128876401 0.0232659098
v 0.118155378 -0.130580768 0.0249427877
v 0.126093058 -0.111894575 0.0232659098
v 0.128299115 -0.111894575 0.0249427877
v 0.131474187 -0.099153052 0.0232659098
v 0.133666499 -0.099153052 0.0249427877
v 0.135412101 -0.0841161302 0.0232659098
v 0.137590668 -0.0841230026 0.0249427877
v 0.136855316 -0.0708248108 0.0232659098
v 0.139033883 -0.0708316833 0.0249427877
v 0.136855316 -0.029507638 0.0232659098
v 0.139033883 -0.0295145105 0.0249427877
v 0.13515782 -0.0163056605 0.0232659098
v 0.13734326 -0.0163056605 0.0249427877
v 0.130518916 -0.00150927447 0.0232659098
v 0.132718101 -0.00150927447 0.0249427877
v 0.124182517 0.0109229886 0.0232659098
v 0.126402318 0.0109161161 0.0249427877
v 0.118457766 0.0196166385 0.0232659098
v 0.120670695 0.0196166385 0.0249427877
v 0.112155728 0.0320351567 0.0232659098
v 0.114354913 0.0320420292 0.0249427877
v 0.107619911 0.0468384152 0.0232590373
v 0.109729753 0.0468452877 0.0249359153
v 0.108039131 0.0600403927 0.0249427877
v 0.106025503 0.0600129029 0.0232659098
v 0.107915426 0.198162904 0.0252383031
v 0.106107972 0.198169777 0.0235064456
v 4.20779802E-06 -0.149218854 0.0411342812
v 0.0870781564 -0.149225727 0.0249427877
v 4.20779802E-06 -0.149218854 0.0249427877
v 0.0870781564 -0.149218854 0.0411342812
v 0.0989125162 -0.146724155 0.0249427877
v 4.20779802E-06 -0.148600334 0.042563751
v 0.0989125162 -0.146724155 0.0411342812
v 0.110293294 -0.139906684 0.0249427877
v 0.0870163043 -0.148545354 0.042563751
v 4.20779802E-06 -0.147115884 0.0436564706
v 0.110293294 -0.139899811 0.0411342812
v 0.118155378 -0.130580768 0.0249427877
v 0.098665108 -0.146078144 0.042563751
v 0.0868651104 -0.147115884 0.0436564706
v 0.118155378 -0.130580768 0.0411342812
v 0.128299115 -0.111894575 0.0249427877
v 0.109853458 -0.139384378 0.042563751
v 0.128299115 -0.111887703 0.0411342812
v 0.133666499 -0.099153052 0.0249427877
v 0.0801988334 -0.137721245 0.0436564706
v 4.20779802E-06 -0.137721245 0.0436564706
v 4.20779802E-06 -0.13661478 0.042563751
v 0.0981565467 -0.144738017 0.0436564706
v 0.117729286 -0.130003483 0.042563751
v 0.133666499 -0.0991461796 0.0411342812
v 0.137590668 -0.0841230026 0.0249427877
v 0.0794085016 -0.13661478 0.042563751
v 4.20779802E-06 -0.136154326 0.0386945613
v 0.0790923688 -0.136147453 0.0386945613
v 0.0905968511 -0.135515188 0.0436564706
v 0.0897309223 -0.134470575 0.042563751
v 0.0893460651 -0.133989504 0.0386945613
v 0.10052067 -0.129543028 0.0436564706
v 0.0995516541 -0.128546523 0.042563751
v 0.0991393071 -0.128113559 0.0386945613
v 0.106815834 -0.119997195 0.042563751
v 0.106334763 -0.119577975 0.0386945613
v 0.108939422 -0.138271041 0.0436564706
v 0.107819212 -0.120890613 0.0436564706
v 0.11687023 -0.128869528 0.0436564706
v 0.115186479 -0.105262661 0.042563751
v 0.11471228 -0.104967145 0.0386945613
v 0.12758438 -0.111887703 0.042563751
v 0.116375413 -0.105977395 0.0436564706
v 0.126093058 -0.111894575 0.0436564706
v 0.120127771 -0.0936207293 0.042563751
v 0.119598592 -0.0933939384 0.0386945613
v 0.132951764 -0.099153052 0.042563751
v 0.121344195 -0.0942392499 0.0436564706
v 0.131467315 -0.0991461796 0.0436564706
v 0.123728935 -0.0799514251 0.042563751
v 0.123179139 -0.0797452516 0.0386945613
v 0.137590668 -0.0841161302 0.0411342812
v 0.139033883 -0.0708316833 0.0249427877
v 0.13689655 -0.0841230026 0.042563751
v 0.139033883 -0.0708248108 0.0411342812
v 0.139033883 -0.0295145105 0.0249427877
v 0.124993466 -0.080391262 0.0436564706
v 0.135412101 -0.0841161302 0.0436564706
v 0.125110298 -0.0678421673 0.042563751
v 0.124484905 -0.0676772284 0.0386945613
v 0.126347339 -0.0681514275 0.0436564706
v 0.125014083 -0.028957842 0.042563751
v 0.124484905 -0.0289303522 0.0386945613
v 0.138319148 -0.0708179384 0.042563751
v 0.136855316 -0.0708248108 0.0436564706
v 0.126374829 -0.0290196941 0.0436564706
v 0.123502144 -0.0169104362 0.042563751
v 0.122938603 -0.016937926 0.0386945613
v 0.136855316 -0.0295145105 0.0436564706
v 0.1248354 -0.0168417117 0.0436564706
v 0.139033883 -0.029507638 0.0411342812
v 0.13734326 -0.0163056605 0.0249427877
v 0.119337439 -0.00339919837 0.042563751
v 0.118732664 -0.00349541268 0.0386945613
v 0.120595098 -0.00318615241 0.0436564706
v 0.138257296 -0.0295213829 0.042563751
v 0.13734326 -0.0163056605 0.0411342812
v 0.132718101 -0.00150927447 0.0249427877
v 0.112574948 0.00866882481 0.042563751
v 0.111983917 0.0085313758 0.0386945613
v 0.13515782 -0.0163056605 0.0436564706
v 0.136607908 -0.0163056605 0.042563751
v 0.132718101 -0.00150927447 0.0411342812
v 0.126402318 0.0109161161 0.0249427877
v 0.131920896 -0.00149552957 0.042563751
v 0.126402318 0.0109161161 0.0411342812
v 0.120670695 0.0196166385 0.0249427877
v 0.130518916 -0.00150927447 0.0436564706
v 0.125611987 0.0109436059 0.042563751
v 0.120670695 0.0196166385 0.0411342812
v 0.114354913 0.0320420292 0.0249427877
v 0.124189389 0.0109161161 0.0436564706
v 0.119990322 0.019623511 0.042563751
v 0.114354913 0.0320420292 0.0411342812
v 0.109729753 0.0468452877 0.0249359153
v 0.109729753 0.0468452877 0.0411205363
v 0.108039131 0.0600403927 0.0249427877
v 0.113571453 0.0320420292 0.042563751
v 0.113853224 0.00889561568 0.0436564706
v 0.118457766 0.0196166385 0.0436564706
v 0.108637034 0.0169295104 0.0436564706
v 0.107379375 0.0165858879 0.042563751
v 0.106822707 0.0164346939 0.0386945613
v 0.102898538 0.0283996304 0.0436564706
v 0.101737093 0.0279460486 0.042563751
v 0.101152935 0.0277123853 0.0386945613
v 0.112155728 0.0320420292 0.0436564706
v 0.0987132152 0.042075807 0.0436495982
v 0.0975105363 0.0414229242 0.0425568785
v 0.0970088474 0.0411548986 0.0386945613
v 0.0959848523 0.0534840749 0.0425568785
v 0.0954969083 0.0531473248 0.0386945613
v 0.09561374 0.198190394 0.0386945613
v 0.0960329595 0.198190394 0.0425568785
v 0.097201276 0.0542744067 0.0436495982
v 0.0975586435 0.198190394 0.0436495982
v 0.109076871 0.0468452877 0.0425568785
v 0.107551187 0.0468384152 0.0436495982
v 0.105874309 0.0600403927 0.0436495982
v 0.105943033 0.198190394 0.0436495982
v 0.107468717 0.0600472652 0.0425568785
v 0.107468717 0.198190394 0.0425568785
v 0.108039131 0.0600472652 0.0411205363
v 0.107915426 0.198190394 0.0411205363
v 0.107915426 0.198162904 0.0252383031
v 7.29323036E-05 -0.135164693 0.039436786
v 0.0839443189 -0.143665914 0.039436786
v 7.29323036E-05 -0.143672787 0.039436786
v 0.0783913789 -0.135164693 0.039436786
v 7.29323036E-05 -0.134010121 0.0383646837
v 0.0886038404 -0.132938019 0.039436786
v 0.0944935305 -0.140188454 0.039436786
v 0.0773605113 -0.134010121 0.0383646837
v 7.29323036E-05 -0.13350156 0.0352652085
v 0.0770031439 -0.13350156 0.0352652085
v 0.0874355238 -0.131556656 0.0383646837
v 0.0870437941 -0.131192417 0.0352652085
v 0.0982046538 -0.127151416 0.039436786
v 0.105379492 -0.134449958 0.039436786
v 0.112822356 -0.125240874 0.039436786
v 0.0968507811 -0.12584565 0.0383646837
v 0.0964246891 -0.125474538 0.0352652085
v 0.105379492 -0.118725791 0.039436786
v 0.120979955 -0.109049381 0.039436786
v 0.104266155 -0.117475005 0.0383646837
v 0.103936278 -0.117103893 0.0352652085
v 0.113860096 -0.104286773 0.039436786
v 0.126512278 -0.0970157199 0.039436786
v 0.112437499 -0.10357891 0.0383646837
v 0.112018279 -0.103372737 0.0352652085
v 0.118712046 -0.0928647597 0.039436786
v 0.130594513 -0.0825354666 0.039436786
v 0.117083276 -0.0922668565 0.0383646837
v 0.116602204 -0.0920950453 0.0352652085
v 0.122065802 -0.0792985423 0.039436786
v 0.12337844 -0.0673610957 0.039436786
v 0.13243633 -0.0697252187 0.039436786
v 0.132065218 -0.0293358268 0.039436786
v 0.120526373 -0.078865578 0.0383646837
v 0.120072792 -0.0787350014 0.0352652085
v 0.121790904 -0.0669418762 0.0383646837
v 0.121323578 -0.0668112997 0.0352652085
v 0.121213618 -0.0288616277 0.0383646837
v 0.120746292 -0.0288410103 0.0352652085
v 0.122808027 -0.0289303522 0.039436786
v 0.121364812 -0.0169929056 0.039436786
v 0.130786942 -0.0163606401 0.039436786
v 0.126051823 -0.00212092257 0.039436786
v 0.119749786 -0.017350273 0.0383646837
v 0.119344312 -0.0174602322 0.0352652085
v 0.117303194 -0.00387339746 0.039436786
v 0.118574597 0.00989212101 0.039436786
v 0.115963066 -0.00454002517 0.0383646837
v 0.115729403 -0.00475307113 0.0352652085
v 0.110190208 0.00806404916 0.039436786
v 0.108582054 0.00758297762 0.0383646837
v 0.108107855 0.00745240106 0.0352652085
v 0.105276405 0.0159055152 0.039436786
v 0.11328281 0.0184070872 0.0394436584
v 0.103798829 0.0152251426 0.0383715561
v 0.103358992 0.0150189691 0.0352445911
v 0.0993592255 0.0271350995 0.039436786
v 0.107207564 0.030117743 0.0394436584
v 0.0979641181 0.0263035329 0.0383715561
v 0.097551771 0.0260629972 0.0352308462
v 0.0958748931 0.0406532097 0.039436786
v 0.103407099 0.044501782 0.039436786
v 0.0945966173 0.0396085972 0.0383509388
v 0.0942117601 0.0393062094 0.0352239738
v 0.0928441424 0.0510924621 0.0383440663
v 0.092486775 0.0507350947 0.0352239738
v 0.0926654587 0.198176649 0.0352239738
v 0.0930778057 0.198176649 0.0383440663
v 0.0940468212 0.0523088859 0.039436786
v 0.101365981 0.0567691063 0.039436786
v 0.0945759999 0.198176649 0.039436786
v 0.102802323 0.198176649 0.039436786
v 0.00326174936 -0.144820486 0.052570039
v 0.0845216048 -0.145109129 0.0516147683
v 0.00327549426 -0.144435629 0.0516147683
v 0.0847483956 -0.145528348 0.052570039
v 0.0961978983 -0.142964924 0.0516147683
v 0.00326174936 -0.144820486 0.054796713
v 0.0964865412 -0.143342909 0.052570039
v 0.106589044 -0.136367372 0.0516147683
v 0.0847483956 -0.145528348 0.054796713
v 0.106953283 -0.136704122 0.052570039
v 0.11440302 -0.126849028 0.0516147683
v 0.0845216048 -0.145109129 0.0557519836
v 0.00327549426 -0.144435629 0.0557519836
v 0.00322051466 -0.143473486 0.0561437133
v 0.0964865412 -0.143342909 0.054796713
v 0.11476726 -0.127117053 0.052570039
v 0.12335095 -0.110444488 0.0516147683
v 0.084006171 -0.144098879 0.0561437133
v 0.0031586626 -0.140312158 0.0561437133
v 0.0961978983 -0.142964924 0.0557519836
v 0.106953283 -0.136704122 0.054796713
v 0.123687701 -0.110733131 0.052570039
v 0.128807676 -0.0988575366 0.0516147683
v 0.0824117624 -0.141054383 0.0561437133
v 0.0031449177 -0.13936376 0.0557519836
v 0.0954694185 -0.142057761 0.0561437133
v 0.106589044 -0.136367372 0.0557519836
v 0.11476726 -0.127117053 0.054796713
v 0.129110064 -0.099153052 0.052570039
v 0.132779953 -0.0841023853 0.0516147683
v 0.123687701 -0.110733131 0.054796713
v 0.11440302 -0.126849028 0.0557519836
v 0.105723115 -0.135542678 0.0561437133
v 0.0933939384 -0.139404995 0.0561437133
v 0.133151065 -0.0843635384 0.052570039
v 0.134656132 -0.0708179384 0.0516147683
v 0.129110064 -0.099153052 0.054796713
v 0.12335095 -0.110444488 0.0557519836
v 0.113509601 -0.126203017 0.0561437133
v 0.135006627 -0.071010367 0.052570039
v 0.134291892 -0.0295213829 0.0516147683
v 0.133151065 -0.0843635384 0.054796713
v 0.128807676 -0.0988575366 0.0557519836
v 0.134683621 -0.0295694901 0.052570039
v 0.132560034 -0.0162919156 0.0516147683
v 0.135006627 -0.071010367 0.054796713
v 0.132965509 -0.0162644258 0.052570039
v 0.127845533 -0.00115877949 0.0516147683
v 0.103317757 -0.133288514 0.0561437133
v 0.122540001 -0.109729753 0.0561437133
v 0.132779953 -0.0841023853 0.0557519836
v 0.134683621 -0.0295694901 0.054796713
v 0.110863708 -0.124258114 0.0561437133
v 0.128024217 -0.0981565467 0.0561437133
v 0.134656132 -0.0708179384 0.0557519836
v 0.12023773 -0.107578676 0.0561437133
v 0.131975876 -0.0834701198 0.0561437133
v 0.125302726 -0.0958199135 0.0561437133
v 0.132965509 -0.0162644258 0.054796713
v 0.134291892 -0.0295213829 0.0557519836
v 0.133700861 -0.0703781015 0.0561437133
v 0.129082574 -0.0812846806 0.0561437133
v 0.128292242 -0.00113128969 0.052570039
v 0.116121132 0.0190049904 0.052570039
v 0.115736275 0.0188950312 0.0516147683
v 0.110162718 0.0316090648 0.0516147683
v 0.110540703 0.031719024 0.052570039
v 0.105551303 0.0464879202 0.0516147683
v 0.116121132 0.0190049904 0.054796713
v 0.105894926 0.0466872213 0.052570039
v 0.103668252 0.0507213498 0.0516147683
v 0.128292242 -0.00113128969 0.054796713
v 0.110540703 0.031719024 0.054796713
v 0.103977512 0.050968758 0.052570039
v 0.103709487 0.0526044012 0.051456702
v 0.115736275 0.0188950312 0.0557519836
v 0.127845533 -0.00115877949 0.0557519836
v 0.105894926 0.0466872213 0.054796713
v 0.104163068 0.052982386 0.0523157583
v 0.103627017 0.0574838411 0.0509756304
v 0.132560034 -0.0162919156 0.0557519836
v 0.133370983 -0.0294251686 0.0561437133
v 0.131639126 -0.0163881299 0.0561437133
v 0.129941631 -0.0290815461 0.0561437133
v 0.103977512 0.050968758 0.054796713
v 0.104114961 0.0578893157 0.0518003245
v 0.103702614 0.0628718424 0.049504926
v 0.10430739 0.0536971209 0.0544324731
v 0.103668252 0.0507213498 0.0557519836
v 0.104231793 0.0632773169 0.0503158752
v 0.103750721 0.0667891392 0.0479105175
v 0.104328007 0.0586315404 0.0538964219
v 0.104286773 0.0672152311 0.048680232
v 0.103743849 0.089055879 0.0366053363
v 0.104204303 0.0896331648 0.0373200712
v 0.104492946 0.064040159 0.0523982277
v 0.104630395 0.0681223946 0.0506594977
v 0.104451711 0.0907808641 0.0392168675
v 0.103963767 0.0538895495 0.0554083611
v 0.105551303 0.0464879202 0.0557519836
v 0.104025619 0.0588170965 0.0548791824
v 0.104389859 0.0684110375 0.0516078959
v 0.104163068 0.0911519764 0.0401446484
v 0.104197431 0.06423946 0.053394733
v 0.102864175 0.0501234466 0.0561437133
v 0.110162718 0.0316090648 0.0557519836
v 0.103489568 0.0685622314 0.0521095848
v 0.103262777 0.0912413183 0.0406600822
v 0.101049848 0.090856461 0.0411548986
v 0.103022242 0.0539239117 0.0558894326
v 0.103084094 0.0588308414 0.0554014886
v 0.10329714 0.06423946 0.0539376566
v 0.10467163 0.0460137211 0.0561437133
v 0.114815367 0.0186132608 0.0561437133
v 0.101132318 0.0684385273 0.0525356767
v 0.101036103 0.0638408579 0.0543981108
v 0.100135812 0.0682323538 0.0523432481
v 0.100115195 0.0905059661 0.0410105771
v 0.100589394 0.0480342216 0.0561437133
v 0.109221192 0.0313410392 0.0561437133
v 0.100809313 0.0584253669 0.0558069632
v 0.100039598 0.063552215 0.0542056822
v 0.0996135062 0.0678268792 0.0515597887
v 0.0996203786 0.0899630425 0.0402752249
v 0.102080716 0.0442681187 0.0561437133
v 0.100781823 0.0535940341 0.0561918204
v 0.0998128073 0.0581435964 0.0555870448
v 0.0995241643 0.0631811026 0.0533809881
v 0.0992630112 0.0669128433 0.0495873954
v 0.0994142051 0.0888084708 0.038385301
v 0.0998196797 0.0474431909 0.0557519836
v 0.0998815318 0.0533466259 0.0559237948
v 0.0994210776 0.0577587391 0.0547486058
v 0.0992698837 0.0624251331 0.0512986356
v 0.0995241643 0.0665760932 0.0486527422
v 0.0997028481 0.0884098686 0.0374643926
v 0.0995516541 0.0622052147 0.0503090027
v 0.099503547 0.056810341 0.051669748
v 0.0992080316 0.0570165145 0.0526525084
v 0.0996616133 0.0520408603 0.0519309011
v 0.099290501 0.0522676512 0.0529067891
v 0.0998196797 0.0474431909 0.0516147683
v 0.0994348225 0.052982386 0.0550509936
v 0.0995104194 0.0472026551 0.052570039
v 0.101235405 0.0438007921 0.0516147683
v 0.0995104194 0.0472026551 0.054796713
v 0.100891782 0.043601491 0.052570039
v 0.10529015 0.0300146562 0.0516147683
v 0.101235405 0.0438007921 0.0557519836
v 0.100891782 0.043601491 0.054796713
v 0.104919038 0.029904697 0.052570039
v 0.110760621 0.0172387707 0.0516147683
v 0.106211059 0.0302758094 0.0561437133
v 0.10529015 0.0300146562 0.0557519836
v 0.110403254 0.017121939 0.052570039
v 0.121852756 -0.00157112653 0.0516147683
v 0.104919038 0.029904697 0.054796713
v 0.110403254 0.017121939 0.054796713
v 0.110760621 0.0172387707 0.0557519836
v 0.111681529 0.0175136687 0.0561437133
v 0.121440409 -0.00161236123 0.052570039
v 0.127089564 -0.0167729872 0.0516147683
v 0.121440409 -0.00161236123 0.054796713
v 0.126718451 -0.0168210943 0.052570039
v 0.129020722 -0.0289784594 0.0516147683
v 0.126814666 -0.0012412489 0.0561437133
v 0.122911114 -0.00150927447 0.0561437133
v 0.121852756 -0.00157112653 0.0557519836
v 0.128044834 -0.0167042627 0.0561437133
v 0.127089564 -0.0167729872 0.0557519836
v 0.128663355 -0.0289509696 0.052570039
v 0.12965986 -0.0683988358 0.0516147683
v 0.126718451 -0.0168210943 0.054796713
v 0.129020722 -0.0289784594 0.0557519836
v 0.128663355 -0.0289509696 0.054796713
v 0.129275003 -0.0682132796 0.052570039
v 0.128244135 -0.0806524151 0.0516147683
v 0.12965986 -0.0683988358 0.0557519836
v 0.127914258 -0.0803843895 0.052570039
v 0.124512395 -0.0951120511 0.0516147683
v 0.129275003 -0.0682132796 0.054796713
v 0.124210007 -0.0948165357 0.052570039
v 0.119468016 -0.106843324 0.0516147683
v 0.127914258 -0.0803843895 0.054796713
v 0.130580768 -0.0688524175 0.0561437133
v 0.128244135 -0.0806524151 0.0557519836
v 0.119124393 -0.106547809 0.052570039
v 0.109963417 -0.123605231 0.0516147683
v 0.124210007 -0.0948165357 0.054796713
v 0.124512395 -0.0951120511 0.0557519836
v 0.109599177 -0.123330333 0.052570039
v 0.102451828 -0.13246382 0.0516147683
v 0.119124393 -0.106547809 0.054796713
v 0.119468016 -0.106843324 0.0557519836
v 0.102087588 -0.13212707 0.052570039
v 0.0926654587 -0.138504704 0.0516147683
v 0.109599177 -0.123330333 0.054796713
v 0.109963417 -0.123605231 0.0557519836
v 0.0923768158 -0.138126719 0.052570039
v 0.0818963287 -0.140044133 0.0516147683
v 0.102087588 -0.13212707 0.054796713
v 0.102451828 -0.13246382 0.0557519836
v 0.0817039 -0.139631786 0.052570039
v 0.0031449177 -0.13936376 0.0516147683
v 0.0031174279 -0.138965158 0.052570039
v 0.0923768158 -0.138126719 0.054796713
v 0.0926654587 -0.138504704 0.0557519836
v 0.0817039 -0.139631786 0.054796713
v 0.0031174279 -0.138965158 0.054796713
v 0.0818963287 -0.140044133 0.0557519836
v 0.128759569 -0.0977785619 0.0429829704
v 0.12620989 -0.101063593 0.0429829704
v 0.128271625 -0.100032726 0.0429829704
v 0.124120665 -0.100087705 0.0429829704
v 0.123577741 -0.0978472864 0.0429829704
v 0.124993466 -0.096026087 0.0429829704
v 0.127302609 -0.0959917248 0.0429829704
v 0.127501911 -0.0955587604 0.0448591494
v 0.124993466 -0.096026087 0.0429829704
v 0.127302609 -0.0959917248 0.0429829704
v 0.124759803 -0.0955931226 0.0448591494
v 0.123577741 -0.0978472864 0.0429829704
v 0.127488166 -0.0955931226 0.0450859403
v 0.12306918 -0.0977579445 0.0448591494
v 0.124120665 -0.100087705 0.0429829704
v 0.124773548 -0.0956274849 0.0450859403
v 0.127412569 -0.0957580614 0.0452852414
v 0.12371519 -0.100431328 0.0448591494
v 0.12620989 -0.101063593 0.0429829704
v 0.12486289 -0.0957924237 0.0452852414
v 0.126862773 -0.0969332505 0.0460961905
v 0.125502027 -0.0969538678 0.0460961905
v 0.124663588 -0.0980259701 0.0460961905
v 0.123110415 -0.097764817 0.0450859403
v 0.126203017 -0.101592772 0.0448591494
v 0.128271625 -0.100032726 0.0429829704
v 0.123302843 -0.0977991792 0.0452852414
v 0.123749553 -0.100403838 0.0450859403
v 0.123900746 -0.100273261 0.0452852414
v 0.124986594 -0.0993454806 0.0460961905
v 0.128663355 -0.100369476 0.0448591494
v 0.128759569 -0.0977785619 0.0429829704
v 0.126203017 -0.101551537 0.0450859403
v 0.12620989 -0.101352236 0.0452852414
v 0.126216762 -0.0999227665 0.0460961905
v 0.129240641 -0.0976823476 0.0448591494
v 0.127302609 -0.0959917248 0.0429829704
v 0.127501911 -0.0955587604 0.0448591494
v 0.128635865 -0.100341986 0.0450859403
v 0.128484671 -0.100218282 0.0452852414
v 0.127433186 -0.0993179908 0.0460961905
v 0.127721829 -0.0979847354 0.0460961905
v 0.129206278 -0.09768922 0.0450859403
v 0.127488166 -0.0955931226 0.0450859403
v 0.129020722 -0.0977304547 0.0452852414
v 0.127412569 -0.0957580614 0.0452852414
v 0.126862773 -0.0969332505 0.0460961905
v 0.127082691 -0.0964590514 0.0467559458
v 0.125502027 -0.0969538678 0.0460961905
v 0.126862773 -0.0969332505 0.0460961905
v 0.125240874 -0.0964796687 0.0467559458
v 0.127227013 -0.0961429187 0.0475325327
v 0.124113792 -0.0979297558 0.0467559458
v 0.124663588 -0.0980259701 0.0460961905
v 0.124986594 -0.0993454806 0.0460961905
v 0.125075936 -0.0961704085 0.0475325327
v 0.12722014 -0.0961566636 0.048329737
v 0.124546757 -0.0997234654 0.0467559458
v 0.126216762 -0.0999227665 0.0460961905
v 0.125082808 -0.0961841534 0.048329737
v 0.1268559 -0.0969401229 0.0509618855
v 0.125502027 -0.0969607403 0.0509618855
v 0.124677333 -0.0980259701 0.0509618855
v 0.123749553 -0.0978747762 0.0475325327
v 0.12620989 -0.100500052 0.0467559458
v 0.127433186 -0.0993179908 0.0460961905
v 0.12377017 -0.0978747762 0.048329737
v 0.124258114 -0.0999708736 0.0475325327
v 0.124271859 -0.0999571287 0.048329737
v 0.124993466 -0.0993386082 0.0509618855
v 0.12620989 -0.100878037 0.0475325327
v 0.12620989 -0.100864292 0.048329737
v 0.126216762 -0.0999090216 0.0509618855
v 0.12786615 -0.0996822307 0.0467559458
v 0.128141048 -0.0999227665 0.0475325327
v 0.128127304 -0.0999090216 0.048329737
v 0.127426314 -0.0993111184 0.0509618855
v 0.127714957 -0.0979916079 0.0509618855
v 0.128251008 -0.0978816487 0.0467559458
v 0.127721829 -0.0979847354 0.0460961905
v 0.126862773 -0.0969332505 0.0460961905
v 0.127082691 -0.0964590514 0.0467559458
v 0.12859463 -0.0978129241 0.0475325327
v 0.127227013 -0.0961429187 0.0475325327
v 0.128580885 -0.0978129241 0.048329737
v 0.12722014 -0.0961566636 0.048329737
v 0.1268559 -0.0969401229 0.0509618855
v 0.133879545 -0.07337449 0.0429829704
v 0.131329866 -0.0766526489 0.0429829704
v 0.133398473 -0.0756286537 0.0429829704
v 0.129240641 -0.0756836334 0.0429829704
v 0.128697717 -0.073436342 0.0429829704
v 0.130113442 -0.0716151426 0.0429829704
v 0.132422585 -0.0715876528 0.0429829704
v 0.132621886 -0.0711546884 0.0448591494
v 0.130113442 -0.0716151426 0.0429829704
v 0.132422585 -0.0715876528 0.0429829704
v 0.129879778 -0.0711890507 0.0448591494
v 0.128697717 -0.073436342 0.0429829704
v 0.132608141 -0.0711890507 0.0450859403
v 0.128189156 -0.0733538726 0.0448591494
v 0.129240641 -0.0756836334 0.0429829704
v 0.129893523 -0.0712234129 0.0450859403
v 0.132532544 -0.0713539895 0.0452852414
v 0.128835166 -0.0760272559 0.0448591494
v 0.131329866 -0.0766526489 0.0429829704
v 0.129982865 -0.0713814793 0.0452852414
v 0.131982748 -0.0725291785 0.0460961905
v 0.130622003 -0.0725429234 0.0460961905
v 0.129783564 -0.0736218982 0.0460961905
v 0.12823039 -0.0733607451 0.0450859403
v 0.131322993 -0.0771818276 0.0448591494
v 0.133398473 -0.0756286537 0.0429829704
v 0.128422819 -0.0733951073 0.0452852414
v 0.128869528 -0.0759997661 0.0450859403
v 0.129020722 -0.0758691895 0.0452852414
v 0.130106569 -0.0749414087 0.0460961905
v 0.13378333 -0.0759654038 0.0448591494
v 0.133879545 -0.07337449 0.0429829704
v 0.131322993 -0.0771405929 0.0450859403
v 0.131329866 -0.0769412918 0.0452852414
v 0.131336738 -0.0755186945 0.0460961905
v 0.134360616 -0.0732782757 0.0448591494
v 0.132422585 -0.0715876528 0.0429829704
v 0.132621886 -0.0711546884 0.0448591494
v 0.133755841 -0.075937914 0.0450859403
v 0.133604647 -0.0758073375 0.0452852414
v 0.132553162 -0.0749070464 0.0460961905
v 0.132841805 -0.0735806635 0.0460961905
v 0.134326254 -0.0732851481 0.0450859403
v 0.132608141 -0.0711890507 0.0450859403
v 0.134140698 -0.0733195104 0.0452852414
v 0.132532544 -0.0713539895 0.0452852414
v 0.131982748 -0.0725291785 0.0460961905
v 0.132202667 -0.072048107 0.0467559458
v 0.130622003 -0.0725429234 0.0460961905
v 0.131982748 -0.0725291785 0.0460961905
v 0.13036085 -0.0720755968 0.0467559458
v 0.132346988 -0.0717388467 0.0475325327
v 0.129233768 -0.0735256839 0.0467559458
v 0.129783564 -0.0736218982 0.0460961905
v 0.130106569 -0.0749414087 0.0460961905
v 0.130195911 -0.0717663365 0.0475325327
v 0.132346988 -0.0717525916 0.048329737
v 0.129666732 -0.0753193935 0.0467559458
v 0.131336738 -0.0755186945 0.0460961905
v 0.130202784 -0.0717800814 0.048329737
v 0.131975876 -0.072536051 0.0509618855
v 0.130628876 -0.0725566683 0.0509618855
v 0.129797309 -0.0736218982 0.0509618855
v 0.128869528 -0.0734638318 0.0475325327
v 0.131336738 -0.0760959804 0.0467559458
v 0.132553162 -0.0749070464 0.0460961905
v 0.128890146 -0.0734707043 0.048329737
v 0.12937809 -0.0755668017 0.0475325327
v 0.129391834 -0.0755530568 0.048329737
v 0.130113442 -0.0749345362 0.0509618855
v 0.131329866 -0.0764739652 0.0475325327
v 0.131329866 -0.0764602203 0.048329737
v 0.131336738 -0.0755049496 0.0509618855
v 0.132986126 -0.0752781588 0.0467559458
v 0.133261024 -0.0755118221 0.0475325327
v 0.133247279 -0.0755049496 0.048329737
v 0.132546289 -0.0749070464 0.0509618855
v 0.132834932 -0.0735806635 0.0509618855
v 0.133370983 -0.0734775767 0.0467559458
v 0.132841805 -0.0735806635 0.0460961905
v 0.131982748 -0.0725291785 0.0460961905
v 0.132202667 -0.072048107 0.0467559458
v 0.133714606 -0.0734088522 0.0475325327
v 0.132346988 -0.0717388467 0.0475325327
v 0.133700861 -0.0734088522 0.048329737
v 0.132346988 -0.0717525916 0.048329737
v 0.131975876 -0.072536051 0.0509618855
v 0.1338658 -0.0489772905 0.0429829704
v 0.131316121 -0.0522623218 0.0429829704
v 0.133384728 -0.0512383267 0.0429829704
v 0.129226896 -0.0512864339 0.0429829704
v 0.128683972 -0.049046015 0.0429829704
v 0.130099697 -0.0472248156 0.0429829704
v 0.13240884 -0.0471973258 0.0429829704
v 0.132608141 -0.0467574889 0.0448591494
v 0.130099697 -0.0472248156 0.0429829704
v 0.13240884 -0.0471973258 0.0429829704
v 0.129866034 -0.0467918512 0.0448591494
v 0.128683972 -0.049046015 0.0429829704
v 0.132594396 -0.0467918512 0.0450859403
v 0.128182283 -0.0489635456 0.0448591494
v 0.129226896 -0.0512864339 0.0429829704
v 0.129886651 -0.0468262135 0.0450859403
v 0.132518799 -0.04695679 0.0452852414
v 0.128821421 -0.0516300564 0.0448591494
v 0.131316121 -0.0522623218 0.0429829704
v 0.129975993 -0.0469911523 0.0452852414
v 0.131969003 -0.0481319791 0.0460961905
v 0.130608258 -0.0481525964 0.0460961905
v 0.129776692 -0.0492246987 0.0460961905
v 0.128223518 -0.048970418 0.0450859403
v 0.131316121 -0.0527915005 0.0448591494
v 0.133384728 -0.0512383267 0.0429829704
v 0.128409074 -0.0489979078 0.0452852414
v 0.128855783 -0.0516025666 0.0450859403
v 0.129006977 -0.05147199 0.0452852414
v 0.130092824 -0.0505442092 0.0460961905
v 0.133769585 -0.0515682043 0.0448591494
v 0.1338658 -0.0489772905 0.0429829704
v 0.131316121 -0.0527502658 0.0450859403
v 0.131316121 -0.0525509648 0.0452852414
v 0.131322993 -0.0511214951 0.0460961905
v 0.134346871 -0.0488810762 0.0448591494
v 0.13240884 -0.0471973258 0.0429829704
v 0.132608141 -0.0467574889 0.0448591494
v 0.133742096 -0.0515407145 0.0450859403
v 0.133590902 -0.0514170104 0.0452852414
v 0.132546289 -0.0505167194 0.0460961905
v 0.13282806 -0.049183464 0.0460961905
v 0.134312509 -0.0488948211 0.0450859403
v 0.132594396 -0.0467918512 0.0450859403
v 0.134126953 -0.0489291833 0.0452852414
v 0.132518799 -0.04695679 0.0452852414
v 0.131969003 -0.0481319791 0.0460961905
v 0.132188922 -0.04765778 0.0467559458
v 0.130608258 -0.0481525964 0.0460961905
v 0.131969003 -0.0481319791 0.0460961905
v 0.130353978 -0.0476783973 0.0467559458
v 0.132340116 -0.0473416472 0.0475325327
v 0.129220023 -0.0491353568 0.0467559458
v 0.129776692 -0.0492246987 0.0460961905
v 0.130092824 -0.0505442092 0.0460961905
v 0.130182166 -0.047369137 0.0475325327
v 0.132333243 -0.0473553921 0.048329737
v 0.129652988 -0.050922194 0.0467559458
v 0.131322993 -0.0511214951 0.0460961905
v 0.130189039 -0.0473828819 0.048329737
v 0.131962131 -0.048145724 0.0509618855
v 0.130615131 -0.0481594689 0.0509618855
v 0.129783564 -0.0492246987 0.0509618855
v 0.128855783 -0.0490735048 0.0475325327
v 0.131322993 -0.0516987809 0.0467559458
v 0.132546289 -0.0505167194 0.0460961905
v 0.128876401 -0.0490735048 0.048329737
v 0.129364345 -0.0511696022 0.0475325327
v 0.12937809 -0.0511558573 0.048329737
v 0.130099697 -0.0505373368 0.0509618855
v 0.131316121 -0.0520836381 0.0475325327
v 0.131316121 -0.0520630208 0.048329737
v 0.131329866 -0.0511077502 0.0509618855
v 0.132972381 -0.0508809593 0.0467559458
v 0.133247279 -0.0511214951 0.0475325327
v 0.133240407 -0.0511077502 0.048329737
v 0.132539417 -0.050509847 0.0509618855
v 0.132821187 -0.0491903364 0.0509618855
v 0.133357238 -0.0490803772 0.0467559458
v 0.13282806 -0.049183464 0.0460961905
v 0.131969003 -0.0481319791 0.0460961905
v 0.132188922 -0.04765778 0.0467559458
v 0.133700861 -0.0490116527 0.0475325327
v 0.132340116 -0.0473416472 0.0475325327
v 0.133687116 -0.0490185252 0.048329737
v 0.132333243 -0.0473553921 0.048329737
v 0.131962131 -0.048145724 0.0509618855
v 0.133886417 -0.0246144532 0.0429829704
v 0.131336738 -0.0278926122 0.0429829704
v 0.133405346 -0.026868617 0.0429829704
v 0.129247513 -0.0269167242 0.0429829704
v 0.128704589 -0.0246763053 0.0429829704
v 0.130120314 -0.0228551059 0.0429829704
v 0.132429458 -0.0228276161 0.0429829704
v 0.132628759 -0.0223877793 0.0448591494
v 0.130120314 -0.0228551059 0.0429829704
v 0.132429458 -0.0228276161 0.0429829704
v 0.129886651 -0.0224221415 0.0448591494
v 0.128704589 -0.0246763053 0.0429829704
v 0.132615014 -0.022429014 0.0450859403
v 0.128202901 -0.0245938359 0.0448591494
v 0.129247513 -0.0269167242 0.0429829704
v 0.129907268 -0.0224565038 0.0450859403
v 0.132539417 -0.0225939528 0.0452852414
v 0.128842038 -0.0272603467 0.0448591494
v 0.131336738 -0.0278926122 0.0429829704
v 0.129989738 -0.0226214426 0.0452852414
v 0.131989621 -0.0237691418 0.0460961905
v 0.130628876 -0.0237828867 0.0460961905
v 0.129797309 -0.024854989 0.0460961905
v 0.128237263 -0.0246007083 0.0450859403
v 0.131336738 -0.0284217909 0.0448591494
v 0.133405346 -0.026868617 0.0429829704
v 0.128429691 -0.0246281981 0.0452852414
v 0.128876401 -0.0272328569 0.0450859403
v 0.129027595 -0.0271091528 0.0452852414
v 0.130113442 -0.026181372 0.0460961905
v 0.133790203 -0.0271984947 0.0448591494
v 0.133886417 -0.0246144532 0.0429829704
v 0.131336738 -0.0283805562 0.0450859403
v 0.131336738 -0.0281812551 0.0452852414
v 0.13134361 -0.0267517854 0.0460961905
v 0.134367489 -0.0245182389 0.0448591494
v 0.132429458 -0.0228276161 0.0429829704
v 0.132628759 -0.0223877793 0.0448591494
v 0.133762713 -0.0271710049 0.0450859403
v 0.133611519 -0.0270473007 0.0452852414
v 0.132566907 -0.0261470097 0.0460961905
v 0.132848677 -0.0248206268 0.0460961905
v 0.134333126 -0.0245251114 0.0450859403
v 0.132615014 -0.022429014 0.0450859403
v 0.13414757 -0.0245594736 0.0452852414
v 0.132539417 -0.0225939528 0.0452852414
v 0.131989621 -0.0237691418 0.0460961905
v 0.132209539 -0.0232880703 0.0467559458
v 0.130628876 -0.0237828867 0.0460961905
v 0.131989621 -0.0237691418 0.0460961905
v 0.130367722 -0.0233086876 0.0467559458
v 0.132360733 -0.02297881 0.0475325327
v 0.129240641 -0.0247656472 0.0467559458
v 0.129797309 -0.024854989 0.0460961905
v 0.130113442 -0.026181372 0.0460961905
v 0.130202784 -0.0230062998 0.0475325327
v 0.132353861 -0.0229925549 0.048329737
v 0.129673605 -0.0265593568 0.0467559458
v 0.13134361 -0.0267517854 0.0460961905
v 0.130209656 -0.0230200447 0.048329737
v 0.131982748 -0.0237760143 0.0509618855
v 0.130635748 -0.0237897592 0.0509618855
v 0.129804181 -0.0248618615 0.0509618855
v 0.128876401 -0.0247037951 0.0475325327
v 0.13134361 -0.0273359437 0.0467559458
v 0.132566907 -0.0261470097 0.0460961905
v 0.128897018 -0.0247106676 0.048329737
v 0.129384962 -0.0267998925 0.0475325327
v 0.129398707 -0.0267930201 0.048329737
v 0.130120314 -0.0261744995 0.0509618855
v 0.131336738 -0.0277139285 0.0475325327
v 0.131336738 -0.0276933111 0.048329737
v 0.13134361 -0.0267449129 0.0509618855
v 0.132992999 -0.0265181221 0.0467559458
v 0.133267897 -0.0267517854 0.0475325327
v 0.133254152 -0.0267449129 0.048329737
v 0.132560034 -0.0261401373 0.0509618855
v 0.132841805 -0.0248206268 0.0509618855
v 0.133377856 -0.0247106676 0.0467559458
v 0.132848677 -0.0248206268 0.0460961905
v 0.131989621 -0.0237691418 0.0460961905
v 0.132209539 -0.0232880703 0.0467559458
v 0.133721478 -0.0246419431 0.0475325327
v 0.132360733 -0.02297881 0.0475325327
v 0.133707733 -0.0246488155 0.048329737
v 0.132353861 -0.0229925549 0.048329737
v 0.131982748 -0.0237760143 0.0509618855
v 0.128079196 -0.00256075941 0.0429829704
v 0.125529517 -0.00583891832 0.0429829704
v 0.127598125 -0.00481492319 0.0429829704
v 0.123440292 -0.00486303034 0.0429829704
v 0.122897369 -0.00262261146 0.0429829704
v 0.124313094 -0.000801412063 0.0429829704
v 0.126622237 -0.000773922261 0.0429829704
v 0.126821538 -0.000334085425 0.0448591494
v 0.124313094 -0.000801412063 0.0429829704
v 0.126622237 -0.000773922261 0.0429829704
v 0.12407943 -0.000368447678 0.0448591494
v 0.122897369 -0.00262261146 0.0429829704
v 0.126807793 -0.000368447678 0.0450859403
v 0.12239568 -0.00254014205 0.0448591494
v 0.123440292 -0.00486303034 0.0429829704
v 0.124093175 -0.00040280993 0.0450859403
v 0.126732196 -0.000533386491 0.0452852414
v 0.123034818 -0.00520665287 0.0448591494
v 0.125529517 -0.00583891832 0.0429829704
v 0.124182517 -0.000567748744 0.0452852414
v 0.1261824 -0.00171544799 0.0460961905
v 0.124821655 -0.00172919289 0.0460961905
v 0.123990088 -0.00280129518 0.0460961905
v 0.122430042 -0.0025470145 0.0450859403
v 0.125522645 -0.00636809702 0.0448591494
v 0.127598125 -0.00481492319 0.0429829704
v 0.122622471 -0.00257450431 0.0452852414
v 0.12306918 -0.00517916307 0.0450859403
v 0.123220374 -0.00504858651 0.0452852414
v 0.124306221 -0.00412767813 0.0460961905
v 0.127982982 -0.00514480082 0.0448591494
v 0.128079196 -0.00256075941 0.0429829704
v 0.125522645 -0.00632686231 0.0450859403
v 0.125529517 -0.00612756125 0.0452852414
v 0.12553639 -0.00469809153 0.0460961905
v 0.128560268 -0.0024645451 0.0448591494
v 0.126622237 -0.000773922261 0.0429829704
v 0.126821538 -0.000334085425 0.0448591494
v 0.127955492 -0.00511731101 0.0450859403
v 0.127804298 -0.0049936069 0.0452852414
v 0.126759686 -0.00409331588 0.0460961905
v 0.127041456 -0.00276693292 0.0460961905
v 0.128525906 -0.00247141755 0.0450859403
v 0.126807793 -0.000368447678 0.0450859403
v 0.12834035 -0.0025057798 0.0452852414
v 0.126732196 -0.000533386491 0.0452852414
v 0.1261824 -0.00171544799 0.0460961905
v 0.126402318 -0.00123437645 0.0467559458
v 0.124821655 -0.00172919289 0.0460961905
v 0.1261824 -0.00171544799 0.0460961905
v 0.124560502 -0.0012549938 0.0467559458
v 0.126553512 -0.000925116173 0.0475325327
v 0.12343342 -0.00271195332 0.0467559458
v 0.123990088 -0.00280129518 0.0460961905
v 0.124306221 -0.00412767813 0.0460961905
v 0.124395563 -0.000945733525 0.0475325327
v 0.12654664 -0.000938861074 0.048329737
v 0.123866384 -0.00449879046 0.0467559458
v 0.12553639 -0.00469809153 0.0460961905
v 0.124402435 -0.000966350876 0.048329737
v 0.126175528 -0.00172232044 0.0509618855
v 0.124828527 -0.00173606534 0.0509618855
v 0.123996961 -0.00280129518 0.0509618855
v 0.12306918 -0.00265010126 0.0475325327
v 0.12553639 -0.00528224983 0.0467559458
v 0.126759686 -0.00409331588 0.0460961905
v 0.123089797 -0.00265697371 0.048329737
v 0.123577741 -0.00474619868 0.0475325327
v 0.123591486 -0.00473932623 0.048329737
v 0.124313094 -0.00412080568 0.0509618855
v 0.125529517 -0.00566023461 0.0475325327
v 0.125529517 -0.00563961726 0.048329737
v 0.12553639 -0.00469121908 0.0509618855
v 0.127185778 -0.00445755576 0.0467559458
v 0.127460676 -0.00469809153 0.0475325327
v 0.127446931 -0.00469121908 0.048329737
v 0.126745941 -0.00408644343 0.0509618855
v 0.127034584 -0.00276693292 0.0509618855
v 0.127570635 -0.00265697371 0.0467559458
v 0.127041456 -0.00276693292 0.0460961905
v 0.1261824 -0.00171544799 0.0460961905
v 0.126402318 -0.00123437645 0.0467559458
v 0.127914258 -0.00258824921 0.0475325327
v 0.126553512 -0.000925116173 0.0475325327
v 0.127900513 -0.00259512166 0.048329737
v 0.12654664 -0.000938861074 0.048329737
v 0.126175528 -0.00172232044 0.0509618855
v 0.117859862 0.0164621837 0.0429829704
v 0.115310183 0.0131840248 0.0429829704
v 0.117371918 0.01420802 0.0429829704
v 0.113220958 0.0141530404 0.0429829704
v 0.112678035 0.0164003317 0.0429829704
v 0.11409376 0.0182215311 0.0429829704
v 0.116402903 0.0182490209 0.0429829704
v 0.116602204 0.0186819853 0.0448591494
v 0.11409376 0.0182215311 0.0429829704
v 0.116402903 0.0182490209 0.0429829704
v 0.113860096 0.018647623 0.0448591494
v 0.112678035 0.0164003317 0.0429829704
v 0.116588459 0.018647623 0.0450859403
v 0.112169473 0.0164828011 0.0448591494
v 0.113220958 0.0141530404 0.0429829704
v 0.113873841 0.0186132608 0.0450859403
v 0.116512862 0.0184826842 0.0452852414
v 0.112815484 0.0138162903 0.0448591494
v 0.115310183 0.0131840248 0.0429829704
v 0.113963183 0.0184551944 0.0452852414
v 0.115963066 0.0173074952 0.0460961905
v 0.114602321 0.0172937503 0.0460961905
v 0.113763882 0.016221648 0.0460961905
v 0.112210708 0.0164759286 0.0450859403
v 0.115303311 0.0126548461 0.0448591494
v 0.117371918 0.01420802 0.0429829704
v 0.112403137 0.0164415664 0.0452852414
v 0.112849846 0.0138369076 0.0450859403
v 0.11300104 0.0139674842 0.0452852414
v 0.114086887 0.014895265 0.0460961905
v 0.117763648 0.0138712699 0.0448591494
v 0.117859862 0.0164621837 0.0429829704
v 0.115303311 0.0126960808 0.0450859403
v 0.115310183 0.0128953819 0.0452852414
v 0.115317056 0.0143248516 0.0460961905
v 0.118340934 0.016558398 0.0448591494
v 0.116402903 0.0182490209 0.0429829704
v 0.116602204 0.0186819853 0.0448591494
v 0.117736158 0.0138987597 0.0450859403
v 0.117584964 0.0140293362 0.0452852414
v 0.116533479 0.0149296273 0.0460961905
v 0.116822122 0.0162560102 0.0460961905
v 0.118306572 0.0165515256 0.0450859403
v 0.116588459 0.018647623 0.0450859403
v 0.118121016 0.0165171633 0.0452852414
v 0.116512862 0.0184826842 0.0452852414
v 0.115963066 0.0173074952 0.0460961905
v 0.116182984 0.0177885667 0.0467559458
v 0.114602321 0.0172937503 0.0460961905
v 0.115963066 0.0173074952 0.0460961905
v 0.114341168 0.0177610769 0.0467559458
v 0.116327306 0.018097827 0.0475325327
v 0.113214086 0.0163109898 0.0467559458
v 0.113763882 0.016221648 0.0460961905
v 0.114086887 0.014895265 0.0460961905
v 0.114176229 0.0180703372 0.0475325327
v 0.116320434 0.0180840821 0.048329737
v 0.11364705 0.0145172802 0.0467559458
v 0.115317056 0.0143248516 0.0460961905
v 0.114183101 0.0180565923 0.048329737
v 0.115956194 0.0173006227 0.0509618855
v 0.114609193 0.0172800054 0.0509618855
v 0.113777627 0.0162147755 0.0509618855
v 0.112849846 0.0163728419 0.0475325327
v 0.115317056 0.0137406933 0.0467559458
v 0.116533479 0.0149296273 0.0460961905
v 0.112870463 0.0163659694 0.048329737
v 0.113358407 0.0142767445 0.0475325327
v 0.113372152 0.0142836169 0.048329737
v 0.11409376 0.0149021375 0.0509618855
v 0.115310183 0.0133627085 0.0475325327
v 0.115310183 0.0133764534 0.048329737
v 0.115317056 0.0143317241 0.0509618855
v 0.116966444 0.0145585149 0.0467559458
v 0.117241342 0.0143248516 0.0475325327
v 0.117227597 0.0143317241 0.048329737
v 0.116526607 0.0149364997 0.0509618855
v 0.11681525 0.0162560102 0.0509618855
v 0.117351301 0.016359097 0.0467559458
v 0.116822122 0.0162560102 0.0460961905
v 0.115963066 0.0173074952 0.0460961905
v 0.116182984 0.0177885667 0.0467559458
v 0.117694924 0.0164278215 0.0475325327
v 0.116327306 0.018097827 0.0475325327
v 0.117681179 0.0164278215 0.048329737
v 0.116320434 0.0180840821 0.048329737
v 0.115956194 0.0173006227 0.0509618855
v 0.108781355 0.0361998617 0.0429829704
v 0.106231676 0.0329217028 0.0429829704
v 0.108300284 0.033945698 0.0429829704
v 0.104142451 0.0338975908 0.0429829704
v 0.103599528 0.0361380097 0.0429829704
v 0.105015252 0.0379592091 0.0429829704
v 0.107324396 0.0379866989 0.0429829704
v 0.107523697 0.0384196633 0.0448591494
v 0.105015252 0.0379592091 0.0429829704
v 0.107324396 0.0379866989 0.0429829704
v 0.104781589 0.038385301 0.0448591494
v 0.103599528 0.0361380097 0.0429829704
v 0.107509952 0.038385301 0.0450859403
v 0.103097839 0.0362204791 0.0448591494
v 0.104142451 0.0338975908 0.0429829704
v 0.104802206 0.0383509388 0.0450859403
v 0.107434355 0.0382203622 0.0452852414
v 0.103736977 0.0335539683 0.0448591494
v 0.106231676 0.0329217028 0.0429829704
v 0.104884676 0.0381928724 0.0452852414
v 0.106884559 0.0370451732 0.0460961905
v 0.105523814 0.0370314283 0.0460961905
v 0.104692247 0.035959326 0.0460961905
v 0.103132201 0.0362136066 0.0450859403
v 0.106231676 0.0323925241 0.0448591494
v 0.108300284 0.033945698 0.0429829704
v 0.103324629 0.0361792444 0.0452852414
v 0.103771339 0.0335814581 0.0450859403
v 0.103922533 0.0337051622 0.0452852414
v 0.10500838 0.034632943 0.0460961905
v 0.108685141 0.0336158203 0.0448591494
v 0.108781355 0.0361998617 0.0429829704
v 0.106231676 0.0324337588 0.0450859403
v 0.106231676 0.0326330599 0.0452852414
v 0.106238549 0.0340625296 0.0460961905
v 0.109262427 0.0362960761 0.0448591494
v 0.107324396 0.0379866989 0.0429829704
v 0.107523697 0.0384196633 0.0448591494
v 0.108657651 0.0336364377 0.0450859403
v 0.108506457 0.0337670142 0.0452852414
v 0.107461845 0.0346673053 0.0460961905
v 0.107743615 0.0359936882 0.0460961905
v 0.109228065 0.0362892036 0.0450859403
v 0.107509952 0.038385301 0.0450859403
v 0.109042508 0.0362548413 0.0452852414
v 0.107434355 0.0382203622 0.0452852414
v 0.106884559 0.0370451732 0.0460961905
v 0.107104477 0.0375262447 0.0467559458
v 0.105523814 0.0370314283 0.0460961905
v 0.106884559 0.0370451732 0.0460961905
v 0.105262661 0.0374987549 0.0467559458
v 0.107255671 0.037835505 0.0475325327
v 0.104135579 0.0360486678 0.0467559458
v 0.104692247 0.035959326 0.0460961905
v 0.10500838 0.034632943 0.0460961905
v 0.105097722 0.0378080152 0.0475325327
v 0.107248799 0.0378217601 0.048329737
v 0.104568543 0.0342549582 0.0467559458
v 0.106238549 0.0340625296 0.0460961905
v 0.105104594 0.0377942703 0.048329737
v 0.106877686 0.0370383007 0.0509618855
v 0.105530686 0.0370245558 0.0509618855
v 0.10469912 0.0359524535 0.0509618855
v 0.103771339 0.0361105199 0.0475325327
v 0.106238549 0.0334783713 0.0467559458
v 0.107461845 0.0346673053 0.0460961905
v 0.103791956 0.0361036474 0.048329737
v 0.1042799 0.0340144225 0.0475325327
v 0.104293645 0.0340212949 0.048329737
v 0.105015252 0.0346398155 0.0509618855
v 0.106231676 0.0331003865 0.0475325327
v 0.106231676 0.0331141314 0.048329737
v 0.106238549 0.0340694021 0.0509618855
v 0.107887937 0.0342961929 0.0467559458
v 0.108162835 0.0340625296 0.0475325327
v 0.10814909 0.0340694021 0.048329737
v 0.107454972 0.0346741777 0.0509618855
v 0.107736743 0.0359936882 0.0509618855
v 0.108272794 0.036096775 0.0467559458
v 0.107743615 0.0359936882 0.0460961905
v 0.106884559 0.0370451732 0.0460961905
v 0.107104477 0.0375262447 0.0467559458
v 0.108616416 0.0361654995 0.0475325327
v 0.107255671 0.037835505 0.0475325327
v 0.108602672 0.0361654995 0.048329737
v 0.107248799 0.0378217601 0.048329737
v 0.106877686 0.0370383007 0.0509618855
v 0.120299582 -0.11611426 0.0429829704
v 0.117749903 -0.119392419 0.0429829704
v 0.119818511 -0.118368424 0.0429829704
v 0.115660678 -0.118416531 0.0429829704
v 0.115117755 -0.116176112 0.0429829704
v 0.116533479 -0.114354913 0.0429829704
v 0.118842623 -0.114327423 0.0429829704
v 0.119041924 -0.113887586 0.0448591494
v 0.116533479 -0.114354913 0.0429829704
v 0.118842623 -0.114327423 0.0429829704
v 0.116299816 -0.113921948 0.0448591494
v 0.115117755 -0.116176112 0.0429829704
v 0.119028179 -0.113921948 0.0450859403
v 0.114616066 -0.116093643 0.0448591494
v 0.115660678 -0.118416531 0.0429829704
v 0.116320434 -0.113956311 0.0450859403
v 0.118952582 -0.114086887 0.0452852414
v 0.115255204 -0.118760153 0.0448591494
v 0.117749903 -0.119392419 0.0429829704
v 0.116409775 -0.114121249 0.0452852414
v 0.118402786 -0.115262076 0.0460961905
v 0.117042041 -0.115282693 0.0460961905
v 0.116210474 -0.116354796 0.0460961905
v 0.114650428 -0.116100515 0.0450859403
v 0.117749903 -0.119921598 0.0448591494
v 0.119818511 -0.118368424 0.0429829704
v 0.114842857 -0.116128005 0.0452852414
v 0.115289566 -0.118732664 0.0450859403
v 0.11544076 -0.118602087 0.0452852414
v 0.116526607 -0.117681179 0.0460961905
v 0.120203368 -0.118698301 0.0448591494
v 0.120299582 -0.11611426 0.0429829704
v 0.117749903 -0.119880363 0.0450859403
v 0.117749903 -0.119681062 0.0452852414
v 0.117756776 -0.118251592 0.0460961905
v 0.120780654 -0.116018046 0.0448591494
v 0.118842623 -0.114327423 0.0429829704
v 0.119041924 -0.113887586 0.0448591494
v 0.120175878 -0.118670812 0.0450859403
v 0.120024684 -0.118547107 0.0452852414
v 0.118980072 -0.117646816 0.0460961905
v 0.119261842 -0.116320434 0.0460961905
v 0.120746292 -0.116024918 0.0450859403
v 0.119028179 -0.113921948 0.0450859403
v 0.120560735 -0.11605928 0.0452852414
v 0.118952582 -0.114086887 0.0452852414
v 0.118402786 -0.115262076 0.0460961905
v 0.118622704 -0.114787877 0.0467559458
v 0.117042041 -0.115282693 0.0460961905
v 0.118402786 -0.115262076 0.0460961905
v 0.116780888 -0.114808494 0.0467559458
v 0.118773898 -0.114471744 0.0475325327
v 0.115653806 -0.116265454 0.0467559458
v 0.116210474 -0.116354796 0.0460961905
v 0.116526607 -0.117681179 0.0460961905
v 0.116615949 -0.114499234 0.0475325327
v 0.118767026 -0.114492362 0.048329737
v 0.11608677 -0.118052291 0.0467559458
v 0.117756776 -0.118251592 0.0460961905
v 0.116622821 -0.114512979 0.048329737
v 0.118395914 -0.115275821 0.0509618855
v 0.117048913 -0.115289566 0.0509618855
v 0.116217347 -0.116354796 0.0509618855
v 0.115289566 -0.116203602 0.0475325327
v 0.117756776 -0.11883575 0.0467559458
v 0.118980072 -0.117646816 0.0460961905
v 0.115310183 -0.116203602 0.048329737
v 0.115798127 -0.118299699 0.0475325327
v 0.115811872 -0.118285954 0.048329737
v 0.116533479 -0.117674306 0.0509618855
v 0.117749903 -0.119213735 0.0475325327
v 0.117749903 -0.119193118 0.048329737
v 0.117756776 -0.11824472 0.0509618855
v 0.119406164 -0.118011056 0.0467559458
v 0.119681062 -0.118251592 0.0475325327
v 0.119667317 -0.118237847 0.048329737
v 0.118973199 -0.117639944 0.0509618855
v 0.11925497 -0.116320434 0.0509618855
v 0.119791021 -0.116210474 0.0467559458
v 0.119261842 -0.116320434 0.0460961905
v 0.118402786 -0.115262076 0.0460961905
v 0.118622704 -0.114787877 0.0467559458
v 0.120134644 -0.11614175 0.0475325327
v 0.118773898 -0.114471744 0.0475325327
v 0.120120899 -0.116148622 0.048329737
v 0.118767026 -0.114492362 0.048329737
v 0.118395914 -0.115275821 0.0509618855
v 0.107846702 -0.132759335 0.0429829704
v 0.10529015 -0.136044367 0.0429829704
v 0.107358758 -0.135013499 0.0429829704
v 0.103200925 -0.135068479 0.0429829704
v 0.102658002 -0.13282806 0.0429829704
v 0.104073727 -0.130999988 0.0429829704
v 0.10638287 -0.130972498 0.0429829704
v 0.106589044 -0.130539534 0.0448591494
v 0.104073727 -0.130999988 0.0429829704
v 0.10638287 -0.130972498 0.0429829704
v 0.103840063 -0.130573896 0.0448591494
v 0.102658002 -0.13282806 0.0429829704
v 0.106568426 -0.130573896 0.0450859403
v 0.102156313 -0.132738718 0.0448591494
v 0.103200925 -0.135068479 0.0429829704
v 0.103860681 -0.130608258 0.0450859403
v 0.106492829 -0.130738835 0.0452852414
v 0.102802323 -0.135412101 0.0448591494
v 0.10529015 -0.136044367 0.0429829704
v 0.103950022 -0.130773197 0.0452852414
v 0.105943033 -0.131914024 0.0460961905
v 0.104582288 -0.131927769 0.0460961905
v 0.103750721 -0.133006743 0.0460961905
v 0.102197548 -0.13274559 0.0450859403
v 0.10529015 -0.136573545 0.0448591494
v 0.107358758 -0.135013499 0.0429829704
v 0.102389976 -0.132779953 0.0452852414
v 0.102829813 -0.135384611 0.0450859403
v 0.102981007 -0.135254035 0.0452852414
v 0.104066854 -0.134326254 0.0460961905
v 0.107750488 -0.135350249 0.0448591494
v 0.107846702 -0.132759335 0.0429829704
v 0.10529015 -0.136525438 0.0450859403
v 0.10529015 -0.13633301 0.0452852414
v 0.105303895 -0.13490354 0.0460961905
v 0.108327774 -0.132663121 0.0448591494
v 0.10638287 -0.130972498 0.0429829704
v 0.106589044 -0.130539534 0.0448591494
v 0.107716125 -0.135322759 0.0450859403
v 0.107571804 -0.135199055 0.0452852414
v 0.106520319 -0.134298764 0.0460961905
v 0.106808962 -0.132965509 0.0460961905
v 0.108286539 -0.132669993 0.0450859403
v 0.106568426 -0.130573896 0.0450859403
v 0.108107855 -0.132711228 0.0452852414
v 0.106492829 -0.130738835 0.0452852414
v 0.105943033 -0.131914024 0.0460961905
v 0.106169824 -0.131439825 0.0467559458
v 0.104582288 -0.131927769 0.0460961905
v 0.105943033 -0.131914024 0.0460961905
v 0.104328007 -0.131460442 0.0467559458
v 0.106314145 -0.131123692 0.0475325327
v 0.103194053 -0.132910529 0.0467559458
v 0.103750721 -0.133006743 0.0460961905
v 0.104066854 -0.134326254 0.0460961905
v 0.104156196 -0.131151182 0.0475325327
v 0.106307273 -0.131137437 0.048329737
v 0.103627017 -0.134704239 0.0467559458
v 0.105303895 -0.13490354 0.0460961905
v 0.104163068 -0.131164927 0.048329737
v 0.105943033 -0.131920896 0.0509618855
v 0.10458916 -0.131941514 0.0509618855
v 0.103757594 -0.133006743 0.0509618855
v 0.102836686 -0.13285555 0.0475325327
v 0.105297023 -0.135480826 0.0467559458
v 0.106520319 -0.134298764 0.0460961905
v 0.10285043 -0.13285555 0.048329737
v 0.103338374 -0.134951647 0.0475325327
v 0.103352119 -0.134937902 0.048329737
v 0.104080599 -0.134319382 0.0509618855
v 0.105297023 -0.13585881 0.0475325327
v 0.105297023 -0.135845066 0.048329737
v 0.105303895 -0.134889795 0.0509618855
v 0.106946411 -0.134663004 0.0467559458
v 0.107228181 -0.13490354 0.0475325327
v 0.107214437 -0.134889795 0.048329737
v 0.106513447 -0.134291892 0.0509618855
v 0.106795217 -0.132972381 0.0509618855
v 0.107331268 -0.132862422 0.0467559458
v 0.106808962 -0.132965509 0.0460961905
v 0.105943033 -0.131914024 0.0460961905
v 0.106169824 -0.131439825 0.0467559458
v 0.107681763 -0.132793697 0.0475325327
v 0.106314145 -0.131123692 0.0475325327
v 0.107661146 -0.132793697 0.048329737
v 0.106307273 -0.131137437 0.048329737
v 0.105943033 -0.131920896 0.0509618855
v 0.0893529375 -0.14149422 0.0429829704
v 0.0868032584 -0.144779251 0.0429829704
v 0.088871866 -0.143748384 0.0429829704
v 0.0847140334 -0.143803363 0.0429829704
v 0.0841711098 -0.141562944 0.0429829704
v 0.0855868346 -0.139741745 0.0429829704
v 0.087895978 -0.139714255 0.0429829704
v 0.0880952791 -0.139274418 0.0448591494
v 0.0855868346 -0.139741745 0.0429829704
v 0.087895978 -0.139714255 0.0429829704
v 0.0853531713 -0.139308781 0.0448591494
v 0.0841711098 -0.141562944 0.0429829704
v 0.0880815342 -0.139308781 0.0450859403
v 0.0836625484 -0.141480475 0.0448591494
v 0.0847140334 -0.143803363 0.0429829704
v 0.0853669162 -0.139343143 0.0450859403
v 0.0880059372 -0.139473719 0.0452852414
v 0.0843085588 -0.144146986 0.0448591494
v 0.0868032584 -0.144779251 0.0429829704
v 0.085456258 -0.139508082 0.0452852414
v 0.0874561412 -0.140648908 0.0460961905
v 0.0860953959 -0.140669526 0.0460961905
v 0.085256957 -0.141741628 0.0460961905
v 0.0837037832 -0.141487347 0.0450859403
v 0.0867963859 -0.14530843 0.0448591494
v 0.088871866 -0.143748384 0.0429829704
v 0.0838962118 -0.141514837 0.0452852414
v 0.0843429211 -0.144119496 0.0450859403
v 0.084494115 -0.143988919 0.0452852414
v 0.0855799622 -0.143061139 0.0460961905
v 0.0892567232 -0.144085134 0.0448591494
v 0.0893529375 -0.14149422 0.0429829704
v 0.0867963859 -0.145267195 0.0450859403
v 0.0868032584 -0.145067894 0.0452852414
v 0.0868101308 -0.143638424 0.0460961905
v 0.0898340091 -0.141398006 0.0448591494
v 0.087895978 -0.139714255 0.0429829704
v 0.0880952791 -0.139274418 0.0448591494
v 0.0892292334 -0.144057644 0.0450859403
v 0.0890780395 -0.14393394 0.0452852414
v 0.0880265546 -0.143033649 0.0460961905
v 0.0883151975 -0.141700393 0.0460961905
v 0.0897996468 -0.141404878 0.0450859403
v 0.0880815342 -0.139308781 0.0450859403
v 0.0896140906 -0.141446113 0.0452852414
v 0.0880059372 -0.139473719 0.0452852414
v 0.0874561412 -0.140648908 0.0460961905
v 0.0876760596 -0.140174709 0.0467559458
v 0.0860953959 -0.140669526 0.0460961905
v 0.0874561412 -0.140648908 0.0460961905
v 0.0858342428 -0.140195327 0.0467559458
v 0.087820381 -0.139858577 0.0475325327
v 0.0847071609 -0.141652286 0.0467559458
v 0.085256957 -0.141741628 0.0460961905
v 0.0855799622 -0.143061139 0.0460961905
v 0.085669304 -0.139886066 0.0475325327
v 0.087820381 -0.139872322 0.048329737
v 0.0851401253 -0.143439123 0.0467559458
v 0.0868101308 -0.143638424 0.0460961905
v 0.0856761765 -0.139899811 0.048329737
v 0.0874492687 -0.140662653 0.0509618855
v 0.0861022684 -0.140676398 0.0509618855
v 0.0852707019 -0.141741628 0.0509618855
v 0.0843429211 -0.141590434 0.0475325327
v 0.0868101308 -0.14421571 0.0467559458
v 0.0880265546 -0.143033649 0.0460961905
v 0.0843635384 -0.141590434 0.048329737
v 0.0848514824 -0.143686532 0.0475325327
v 0.0848652273 -0.143672787 0.048329737
v 0.0855868346 -0.143054266 0.0509618855
v 0.0868032584 -0.144600568 0.0475325327
v 0.0868032584 -0.14457995 0.048329737
v 0.0868101308 -0.14362468 0.0509618855
v 0.0884595189 -0.143397889 0.0467559458
v 0.088734417 -0.143638424 0.0475325327
v 0.0887206721 -0.14362468 0.048329737
v 0.0880196821 -0.143026776 0.0509618855
v 0.088308325 -0.141707266 0.0509618855
v 0.0888443762 -0.141597307 0.0467559458
v 0.0883151975 -0.141700393 0.0460961905
v 0.0874561412 -0.140648908 0.0460961905
v 0.0876760596 -0.140174709 0.0467559458
v 0.0891879987 -0.141528582 0.0475325327
v 0.087820381 -0.139858577 0.0475325327
v 0.0891742538 -0.141535455 0.048329737
v 0.087820381 -0.139872322 0.048329737
v 0.0874492687 -0.140662653 0.0509618855
v 0.0670106007 -0.142098996 0.0429829704
v 0.0644540491 -0.145384027 0.0429829704
v 0.0665226568 -0.144360032 0.0429829704
v 0.0623648242 -0.144408139 0.0429829704
v 0.0618219006 -0.14216772 0.0429829704
v 0.0632376254 -0.140346521 0.0429829704
v 0.0655467688 -0.140319031 0.0429829704
v 0.0657529423 -0.139879194 0.0448591494
v 0.0632376254 -0.140346521 0.0429829704
v 0.0655467688 -0.140319031 0.0429829704
v 0.0630039621 -0.139913556 0.0448591494
v 0.0618219006 -0.14216772 0.0429829704
v 0.0657323249 -0.139913556 0.0450859403
v 0.0613202117 -0.142085251 0.0448591494
v 0.0623648242 -0.144408139 0.0429829704
v 0.0630245794 -0.139947919 0.0450859403
v 0.065656728 -0.140078495 0.0452852414
v 0.061966222 -0.144751761 0.0448591494
v 0.0644540491 -0.145384027 0.0429829704
v 0.0631139213 -0.140112857 0.0452852414
v 0.0651069319 -0.141253684 0.0460961905
v 0.0637461867 -0.141274301 0.0460961905
v 0.0629146202 -0.142346404 0.0460961905
v 0.0613614464 -0.142092123 0.0450859403
v 0.0644540491 -0.145913206 0.0448591494
v 0.0665226568 -0.144360032 0.0429829704
v 0.061553875 -0.142119613 0.0452852414
v 0.0619937118 -0.144724272 0.0450859403
v 0.0621449057 -0.144593695 0.0452852414
v 0.0632307529 -0.143672787 0.0460961905
v 0.0669143864 -0.144689909 0.0448591494
v 0.0670106007 -0.142098996 0.0429829704
v 0.0644540491 -0.145871971 0.0450859403
v 0.0644540491 -0.14567267 0.0452852414
v 0.064467794 -0.1442432 0.0460961905
v 0.0674916723 -0.142009654 0.0448591494
v 0.0655467688 -0.140319031 0.0429829704
v 0.0657529423 -0.139879194 0.0448591494
v 0.0668800242 -0.14466242 0.0450859403
v 0.0667357027 -0.144538715 0.0452852414
v 0.0656842178 -0.143638424 0.0460961905
v 0.0659728607 -0.142312042 0.0460961905
v 0.0674504376 -0.142016526 0.0450859403
v 0.0657323249 -0.139913556 0.0450859403
v 0.0672717539 -0.142050888 0.0452852414
v 0.065656728 -0.140078495 0.0452852414
v 0.0651069319 -0.141253684 0.0460961905
v 0.0653337228 -0.140779485 0.0467559458
v 0.0637461867 -0.141274301 0.0460961905
v 0.0651069319 -0.141253684 0.0460961905
v 0.0634919061 -0.140800102 0.0467559458
v 0.0654780443 -0.140463352 0.0475325327
v 0.0623579517 -0.142257062 0.0467559458
v 0.0629146202 -0.142346404 0.0460961905
v 0.0632307529 -0.143672787 0.0460961905
v 0.0633200948 -0.140490842 0.0475325327
v 0.0654711718 -0.14048397 0.048329737
v 0.0627909161 -0.144043899 0.0467559458
v 0.064467794 -0.1442432 0.0460961905
v 0.0633269672 -0.140504587 0.048329737
v 0.0651069319 -0.141267429 0.0509618855
v 0.0637530592 -0.141281174 0.0509618855
v 0.0629214927 -0.142346404 0.0509618855
v 0.0620005843 -0.14219521 0.0475325327
v 0.0644609216 -0.144827358 0.0467559458
v 0.0656842178 -0.143638424 0.0460961905
v 0.0620143292 -0.14219521 0.048329737
v 0.0625022732 -0.144291307 0.0475325327
v 0.0625160181 -0.144277562 0.048329737
v 0.0632444978 -0.143665914 0.0509618855
v 0.0644609216 -0.145205343 0.0475325327
v 0.0644609216 -0.145184726 0.048329737
v 0.064467794 -0.144236328 0.0509618855
v 0.0661103097 -0.144002664 0.0467559458
v 0.0663920802 -0.1442432 0.0475325327
v 0.0663783353 -0.144229455 0.048329737
v 0.0656773453 -0.143631552 0.0509618855
v 0.0659591158 -0.142312042 0.0509618855
v 0.066495167 -0.142202082 0.0467559458
v 0.0659728607 -0.142312042 0.0460961905
v 0.0651069319 -0.141253684 0.0460961905
v 0.0653337228 -0.140779485 0.0467559458
v 0.0668456619 -0.142133358 0.0475325327
v 0.0654780443 -0.140463352 0.0475325327
v 0.0668250446 -0.14214023 0.048329737
v 0.0654711718 -0.14048397 0.048329737
v 0.0651069319 -0.141267429 0.0509618855
v 0.104541053 0.0579442953 0.0429829704
v 0.101991374 0.0546592639 0.0429829704
v 0.104053109 0.0556832591 0.0429829704
v 0.0999021491 0.0556351519 0.0429829704
v 0.0993592255 0.0578755708 0.0429829704
v 0.10077495 0.0596967702 0.0429829704
v 0.103084094 0.05972426 0.0429829704
v 0.103283395 0.0601640968 0.0448591494
v 0.10077495 0.0596967702 0.0429829704
v 0.103084094 0.05972426 0.0429829704
v 0.100541287 0.0601297346 0.0448591494
v 0.0993592255 0.0578755708 0.0429829704
v 0.10326965 0.0601297346 0.0450859403
v 0.0988506642 0.0579580402 0.0448591494
v 0.0999021491 0.0556351519 0.0429829704
v 0.100555032 0.0600953723 0.0450859403
v 0.103194053 0.0599647958 0.0452852414
v 0.0994966745 0.0552915294 0.0448591494
v 0.101991374 0.0546592639 0.0429829704
v 0.100644374 0.0599304335 0.0452852414
v 0.102644257 0.0587896067 0.0460961905
v 0.101283512 0.0587689894 0.0460961905
v 0.100445073 0.0576968871 0.0460961905
v 0.0988918989 0.0579511678 0.0450859403
v 0.101984502 0.0541300853 0.0448591494
v 0.104053109 0.0556832591 0.0429829704
v 0.0990843275 0.057923678 0.0452852414
v 0.0995310368 0.0553190192 0.0450859403
v 0.0996822307 0.0554495958 0.0452852414
v 0.100768078 0.0563773766 0.0460961905
v 0.104444839 0.0553533815 0.0448591494
v 0.104541053 0.0579442953 0.0429829704
v 0.101984502 0.05417132 0.0450859403
v 0.101991374 0.054370621 0.0452852414
v 0.101998247 0.0558000907 0.0460961905
v 0.105022125 0.0580405096 0.0448591494
v 0.103084094 0.05972426 0.0429829704
v 0.103283395 0.0601640968 0.0448591494
v 0.104417349 0.0553808713 0.0450859403
v 0.104266155 0.0555045754 0.0452852414
v 0.10321467 0.0564048664 0.0460961905
v 0.103503313 0.0577312493 0.0460961905
v 0.104987763 0.0580267647 0.0450859403
v 0.10326965 0.0601297346 0.0450859403
v 0.104802206 0.0579924025 0.0452852414
v 0.103194053 0.0599647958 0.0452852414
v 0.102644257 0.0587896067 0.0460961905
v 0.102864175 0.0592638058 0.0467559458
v 0.101283512 0.0587689894 0.0460961905
v 0.102644257 0.0587896067 0.0460961905
v 0.101022359 0.0592431885 0.0467559458
v 0.103008497 0.0595799385 0.0475325327
v 0.0998952767 0.0577862289 0.0467559458
v 0.100445073 0.0576968871 0.0460961905
v 0.100768078 0.0563773766 0.0460961905
v 0.10085742 0.0595524487 0.0475325327
v 0.103001624 0.0595661936 0.048329737
v 0.100328241 0.0559993918 0.0467559458
v 0.101998247 0.0558000907 0.0460961905
v 0.100864292 0.0595387038 0.048329737
v 0.102637384 0.0587758618 0.0509618855
v 0.101290384 0.0587621169 0.0509618855
v 0.100458818 0.0576968871 0.0509618855
v 0.0995310368 0.057848081 0.0475325327
v 0.101998247 0.0552159324 0.0467559458
v 0.10321467 0.0564048664 0.0460961905
v 0.0995516541 0.057848081 0.048329737
v 0.100039598 0.0557519836 0.0475325327
v 0.100053343 0.0557657285 0.048329737
v 0.10077495 0.056384249 0.0509618855
v 0.101991374 0.0548379477 0.0475325327
v 0.101991374 0.054858565 0.048329737
v 0.101998247 0.0558069632 0.0509618855
v 0.103647635 0.0560406265 0.0467559458
v 0.103922533 0.0558000907 0.0475325327
v 0.103908788 0.0558138356 0.048329737
v 0.103207798 0.0564117388 0.0509618855
v 0.103496441 0.0577312493 0.0509618855
v 0.104032492 0.0578412086 0.0467559458
v 0.103503313 0.0577312493 0.0460961905
v 0.102644257 0.0587896067 0.0460961905
v 0.102864175 0.0592638058 0.0467559458
v 0.104376114 0.0579099331 0.0475325327
v 0.103008497 0.0595799385 0.0475325327
v 0.10436237 0.0579030606 0.048329737
v 0.103001624 0.0595661936 0.048329737
v 0.102637384 0.0587758618 0.0509618855
v 0.0454860856 -0.142044016 0.0429829704
v 0.0429364064 -0.145329047 0.0429829704
v 0.0449981416 -0.144305052 0.0429829704
v 0.0408471815 -0.144353159 0.0429829704
v 0.0403042579 -0.14211274 0.0429829704
v 0.0417199827 -0.140291541 0.0429829704
v 0.0440291261 -0.140264051 0.0429829704
v 0.0442284271 -0.139824214 0.0448591494
v 0.0417199827 -0.140291541 0.0429829704
v 0.0440291261 -0.140264051 0.0429829704
v 0.0414863194 -0.139858577 0.0448591494
v 0.0403042579 -0.14211274 0.0429829704
v 0.0442146822 -0.139858577 0.0450859403
v 0.0397956965 -0.142030271 0.0448591494
v 0.0408471815 -0.144353159 0.0429829704
v 0.0415000643 -0.139892939 0.0450859403
v 0.0441390853 -0.140023515 0.0452852414
v 0.0404417069 -0.144696782 0.0448591494
v 0.0429364064 -0.145329047 0.0429829704
v 0.0415894061 -0.140057878 0.0452852414
v 0.0435892892 -0.141198705 0.0460961905
v 0.042228544 -0.141219322 0.0460961905
v 0.0413901051 -0.142291424 0.0460961905
v 0.0398369312 -0.142037143 0.0450859403
v 0.042929534 -0.145858226 0.0448591494
v 0.0449981416 -0.144305052 0.0429829704
v 0.0400293599 -0.142064633 0.0452852414
v 0.0404760691 -0.144669292 0.0450859403
v 0.0406272631 -0.144538715 0.0452852414
v 0.0417131102 -0.143610935 0.0460961905
v 0.0453898713 -0.14463493 0.0448591494
v 0.0454860856 -0.142044016 0.0429829704
v 0.042929534 -0.145816991 0.0450859403
v 0.0429364064 -0.14561769 0.0452852414
v 0.0429432789 -0.144188221 0.0460961905
v 0.0459671571 -0.141954674 0.0448591494
v 0.0440291261 -0.140264051 0.0429829704
v 0.0442284271 -0.139824214 0.0448591494
v 0.0453623815 -0.14460744 0.0450859403
v 0.0452111876 -0.144483736 0.0452852414
v 0.0441597026 -0.143583445 0.0460961905
v 0.0444483456 -0.142257062 0.0460961905
v 0.0459327949 -0.141961547 0.0450859403
v 0.0442146822 -0.139858577 0.0450859403
v 0.0457472387 -0.141995909 0.0452852414
v 0.0441390853 -0.140023515 0.0452852414
v 0.0435892892 -0.141198705 0.0460961905
v 0.0438092077 -0.140724505 0.0467559458
v 0.042228544 -0.141219322 0.0460961905
v 0.0435892892 -0.141198705 0.0460961905
v 0.0419673909 -0.140745123 0.0467559458
v 0.0439535291 -0.140408373 0.0475325327
v 0.040840309 -0.142202082 0.0467559458
v 0.0413901051 -0.142291424 0.0460961905
v 0.0417131102 -0.143610935 0.0460961905
v 0.0418024521 -0.140435863 0.0475325327
v 0.0439466567 -0.14042899 0.048329737
v 0.0412732734 -0.143988919 0.0467559458
v 0.0429432789 -0.144188221 0.0460961905
v 0.0418093245 -0.140449607 0.048329737
v 0.0435824168 -0.141212449 0.0509618855
v 0.042228544 -0.141226194 0.0509618855
v 0.04140385 -0.142291424 0.0509618855
v 0.0404760691 -0.14214023 0.0475325327
v 0.0429364064 -0.144772379 0.0467559458
v 0.0441597026 -0.143583445 0.0460961905
v 0.0404966865 -0.14214023 0.048329737
v 0.0409846305 -0.144236328 0.0475325327
v 0.0409983754 -0.144222583 0.048329737
v 0.0417199827 -0.143610935 0.0509618855
v 0.0429364064 -0.145150364 0.0475325327
v 0.0429364064 -0.145129746 0.048329737
v 0.0429432789 -0.144181348 0.0509618855
v 0.044592667 -0.143947685 0.0467559458
v 0.044867565 -0.144188221 0.0475325327
v 0.0448538201 -0.144174476 0.048329737
v 0.0441528302 -0.143576572 0.0509618855
v 0.0444414731 -0.142257062 0.0509618855
v 0.0449775243 -0.142147103 0.0467559458
v 0.0444483456 -0.142257062 0.0460961905
v 0.0435892892 -0.141198705 0.0460961905
v 0.0438092077 -0.140724505 0.0467559458
v 0.0453211468 -0.142078378 0.0475325327
v 0.0439535291 -0.140408373 0.0475325327
v 0.0453074019 -0.142085251 0.048329737
v 0.0439466567 -0.14042899 0.048329737
v 0.0435824168 -0.141212449 0.0509618855
v 0.113805117 -0.116368541 0.0503708548
v 0.112815484 -0.117413153 0.0514773193
v 0.113427132 -0.117310066 0.0505770283
v 0.112994167 -0.11614175 0.0514773193
v 0.110575065 -0.117791138 0.0577243769
v 0.115117755 -0.112863591 0.0514773193
v 0.115653806 -0.113509601 0.0503708548
v 0.116203602 -0.112176346 0.0514773193
v 0.116361668 -0.112774249 0.0505770283
v 0.115633188 -0.109977162 0.0577243769
v 0.114540469 -0.110657534 0.0577243769
v 0.115619444 -0.109942799 0.0586315404
v 0.114877219 -0.110526958 0.0588308414
v 0.110753749 -0.116519735 0.0577243769
v 0.110767493 -0.116877102 0.0588308414
v 0.11053383 -0.11779801 0.0586315404
v 0.116595332 -0.110238315 0.0588308414
v 0.114877219 -0.110526958 0.0588308414
v 0.115619444 -0.109942799 0.0586315404
v 0.115908086 -0.111028647 0.0592912956
v 0.110767493 -0.116877102 0.0588308414
v 0.12309667 -0.115681296 0.0592912956
v 0.123536507 -0.114732897 0.0588308414
v 0.124210007 -0.115495739 0.0586315404
v 0.123976343 -0.116416648 0.0588308414
v 0.111647167 -0.117612454 0.0592912956
v 0.11053383 -0.11779801 0.0586315404
v 0.11120733 -0.118560852 0.0588308414
v 0.118155378 -0.123055435 0.0588308414
v 0.118842623 -0.122265103 0.0592912956
v 0.119866618 -0.122766792 0.0588308414
v 0.119124393 -0.12335095 0.0586315404
v 0.115633188 -0.109977162 0.0577243769
v 0.116595332 -0.110238315 0.0588308414
v 0.115619444 -0.109942799 0.0586315404
v 0.116966444 -0.11025206 0.0577243769
v 0.123536507 -0.114732897 0.0588308414
v 0.116203602 -0.112176346 0.0514773193
v 0.123371568 -0.114396147 0.0577243769
v 0.124210007 -0.115495739 0.0586315404
v 0.124168772 -0.115502612 0.0577243769
v 0.121928353 -0.115880597 0.0514773193
v 0.11754373 -0.112451244 0.0514773193
v 0.116361668 -0.112774249 0.0505770283
v 0.121131149 -0.114774132 0.0514773193
v 0.121316705 -0.115983683 0.0505770283
v 0.117371918 -0.113220958 0.0503708548
v 0.120498883 -0.115241459 0.0503708548
v 0.12093872 -0.116925209 0.0503708548
v 0.116767143 -0.114334295 0.0499104006
v 0.115653806 -0.113509601 0.0503708548
v 0.119729169 -0.116251709 0.0499104006
v 0.119090031 -0.119791021 0.0503708548
v 0.117976694 -0.118959455 0.0499104006
v 0.115014668 -0.117042041 0.0499104006
v 0.113805117 -0.116368541 0.0503708548
v 0.117976694 -0.118959455 0.0499104006
v 0.118382169 -0.120519501 0.0505770283
v 0.119090031 -0.119791021 0.0503708548
v 0.117371918 -0.120072792 0.0503708548
v 0.11720698 -0.120842506 0.0514773193
v 0.118540235 -0.121117404 0.0514773193
v 0.114244953 -0.118052291 0.0503708548
v 0.115014668 -0.117042041 0.0499104006
v 0.113805117 -0.116368541 0.0503708548
v 0.113427132 -0.117310066 0.0505770283
v 0.11361956 -0.118519618 0.0514773193
v 0.112815484 -0.117413153 0.0514773193
v 0.111372269 -0.118897602 0.0577243769
v 0.110575065 -0.117791138 0.0577243769
v 0.11053383 -0.11779801 0.0586315404
v 0.11120733 -0.118560852 0.0588308414
v 0.117777393 -0.12304169 0.0577243769
v 0.119117521 -0.123316588 0.0577243769
v 0.118155378 -0.123055435 0.0588308414
v 0.119124393 -0.12335095 0.0586315404
v 0.118540235 -0.121117404 0.0514773193
v 0.119090031 -0.119791021 0.0503708548
v 0.118382169 -0.120519501 0.0505770283
v 0.119626082 -0.120437031 0.0514773193
v 0.119117521 -0.123316588 0.0577243769
v 0.12093872 -0.116925209 0.0503708548
v 0.120203368 -0.122636216 0.0577243769
v 0.119124393 -0.12335095 0.0586315404
v 0.119866618 -0.122766792 0.0588308414
v 0.121749669 -0.117152 0.0514773193
v 0.123996961 -0.116774015 0.0577243769
v 0.123976343 -0.116416648 0.0588308414
v 0.124168772 -0.115502612 0.0577243769
v 0.124210007 -0.115495739 0.0586315404
v 0.121928353 -0.115880597 0.0514773193
v 0.121316705 -0.115983683 0.0505770283
v 0.123131032 -0.00170857554 0.0505151763
v 0.12172218 -0.00196972866 0.0516216408
v 0.122258231 -0.00221713688 0.0507213498
v 0.122643088 -0.00110379989 0.0516216408
v 0.119756659 -0.00104882028 0.0578686984
v 0.126319849 0.000236327972 0.0516216408
v 0.126333594 -0.000540258942 0.0505151763
v 0.12758438 0.000167603466 0.0516216408
v 0.127330099 -0.000368447678 0.0507213498
v 0.128498416 0.00213312433 0.0578686984
v 0.127233885 0.00220184883 0.0578686984
v 0.128512161 0.00216748658 0.0587758618
v 0.127577508 0.00212625188 0.0589751629
v 0.120677567 -0.000189763963 0.0578686984
v 0.120464521 -0.000464661985 0.0589751629
v 0.119722297 -0.00103507538 0.0587758618
v 0.129082574 0.00142526192 0.0589751629
v 0.127577508 0.00212625188 0.0589751629
v 0.128512161 0.00216748658 0.0587758618
v 0.128058579 0.0011915986 0.0594356171
v 0.120464521 -0.000464661985 0.0589751629
v 0.130745707 -0.00616879595 0.0594356171
v 0.131673488 -0.00568772441 0.0589751629
v 0.131714723 -0.00662237769 0.0587758618
v 0.130972498 -0.00719279108 0.0589751629
v 0.120698185 -0.00148865712 0.0594356171
v 0.119722297 -0.00103507538 0.0587758618
v 0.119763531 -0.00196972866 0.0589751629
v 0.122354445 -0.00908271499 0.0589751629
v 0.12337844 -0.00885592412 0.0594356171
v 0.123859512 -0.00978370494 0.0589751629
v 0.122924858 -0.00982493965 0.0587758618
v 0.128498416 0.00213312433 0.0578686984
v 0.129082574 0.00142526192 0.0589751629
v 0.128512161 0.00216748658 0.0587758618
v 0.129364345 0.00121221595 0.0578686984
v 0.131673488 -0.00568772441 0.0589751629
v 0.12758438 0.000167603466 0.0516216408
v 0.131749085 -0.00534410188 0.0578686984
v 0.131714723 -0.00662237769 0.0587758618
v 0.131687233 -0.00660863278 0.0578686984
v 0.12971484 -0.00569459686 0.0516216408
v 0.128443436 -0.000753304909 0.0516216408
v 0.127330099 -0.000368447678 0.0507213498
v 0.129783564 -0.00443006596 0.0516216408
v 0.129178788 -0.00544031619 0.0507213498
v 0.127838661 -0.0012412489 0.0505151763
v 0.129006977 -0.00444381086 0.0505151763
v 0.128305987 -0.00594887753 0.0505151763
v 0.126684089 -0.00175668269 0.0500547221
v 0.126333594 -0.000540258942 0.0505151763
v 0.127790553 -0.00479430584 0.0500547221
v 0.125103425 -0.00711719413 0.0505151763
v 0.12475293 -0.00590077038 0.0500547221
v 0.123646466 -0.00286314723 0.0500547221
v 0.123131032 -0.00170857554 0.0505151763
v 0.12475293 -0.00590077038 0.0500547221
v 0.12410692 -0.00728900539 0.0507213498
v 0.125103425 -0.00711719413 0.0505151763
v 0.123598359 -0.00641620417 0.0505151763
v 0.122993583 -0.00690414816 0.0516216408
v 0.123859512 -0.00782505653 0.0516216408
v 0.122430042 -0.00321364221 0.0505151763
v 0.123646466 -0.00286314723 0.0500547221
v 0.123131032 -0.00170857554 0.0505151763
v 0.122258231 -0.00221713688 0.0507213498
v 0.121653455 -0.00322738711 0.0516216408
v 0.12172218 -0.00196972866 0.0516216408
v 0.119687934 -0.00231335119 0.0578686984
v 0.119756659 -0.00104882028 0.0578686984
v 0.119722297 -0.00103507538 0.0587758618
v 0.119763531 -0.00196972866 0.0589751629
v 0.122079547 -0.00886966902 0.0578686984
v 0.122938603 -0.00979057739 0.0578686984
v 0.122354445 -0.00908271499 0.0589751629
v 0.122924858 -0.00982493965 0.0587758618
v 0.123859512 -0.00782505653 0.0516216408
v 0.125103425 -0.00711719413 0.0505151763
v 0.12410692 -0.00728900539 0.0507213498
v 0.12511717 -0.00789378104 0.0516216408
v 0.122938603 -0.00979057739 0.0578686984
v 0.128305987 -0.00594887753 0.0505151763
v 0.124203134 -0.0098593019 0.0578686984
v 0.122924858 -0.00982493965 0.0587758618
v 0.123859512 -0.00978370494 0.0589751629
v 0.128793931 -0.00655365318 0.0516216408
v 0.130759452 -0.00747456156 0.0578686984
v 0.130972498 -0.00719279108 0.0589751629
v 0.131687233 -0.00660863278 0.0578686984
v 0.131714723 -0.00662237769 0.0587758618
v 0.12971484 -0.00569459686 0.0516216408
v 0.129178788 -0.00544031619 0.0507213498
v -2.66465254E-06 -0.121770287 0.0253963695
v 0.0685843919 -0.121770287 -0.0235148612
v -2.66465254E-06 -0.121770287 -0.0235148612
v 0.0685843919 -0.121770287 0.0253963695
v 0.0774361082 -0.119818511 -0.0235148612
v 0.0774361082 -0.119818511 0.0253963695
v 0.0858892224 -0.114512979 -0.0235148612
v 0.0858892224 -0.114512979 0.0253963695
v 0.0921087902 -0.106808962 -0.0235148612
v 0.0921087902 -0.106808962 0.0253963695
v 0.0993386082 -0.0936138569 -0.0235148612
v 0.0993386082 -0.0936138569 0.0253963695
v 0.10355142 -0.083167732 -0.0235148612
v 0.10355142 -0.083167732 0.0253963695
v 0.106644023 -0.0708385557 -0.0235148612
v 0.106644023 -0.0708385557 0.0253963695
v 0.107777977 -0.0599457216 0.0253963695
v 0.107777977 -0.0599457216 -0.0235148612
v 0.107777977 -0.0249580758 -0.0235148612
v 0.107777977 -0.0249580758 0.0253963695
v 0.10643785 -0.0141339661 -0.0235148612
v 0.10643785 -0.0141339661 0.0253963695
v 0.102802323 -0.00199721846 -0.0235148612
v 0.102802323 -0.00199721846 0.0253963695
v 0.0998952767 0.00343201748 -0.0235148612
v 0.0998952767 0.00343201748 0.0253963695
v 0.0969813576 0.00886125342 0.0253963695
v 0.0969813576 0.00886125342 -0.0235148612
v 0.0947546837 0.0124280553 -0.0235148612
v 0.0947546837 0.0124280553 0.0253963695
v 0.0925211372 0.0159948571 -0.0235148612
v 0.0925211372 0.0159948571 0.0253963695
v 0.0876279524 0.0261867013 -0.0235148612
v 0.0876279524 0.0261867013 0.0253963695
v 0.0864390185 0.0302277022 -0.0235148612
v 0.0864390185 0.0302277022 0.0253963695
v 0.0852432121 0.0342755756 -0.0235148612
v 0.0852432121 0.0342755756 0.0253963695
v 0.0840542781 0.0383165765 -0.0235148612
v 0.0840542781 0.0383165765 0.0253963695
v 0.0827485125 0.0491475586 -0.0235148612
v 0.0827485125 0.0491475586 0.0253963695
v 0.0834838647 0.169800301 -0.0235148612
v 0.0834838647 0.169800301 0.0253963695
v -2.66465254E-06 -0.123151649 -0.021666172
v 0.0699520096 -0.124113792 -0.0229513202
v -2.66465254E-06 -0.124333711 -0.0229856825
v 0.0697870708 -0.122333828 -0.0216318097
v -2.66465254E-06 -0.114787877 -0.021666172
v 0.0789824096 -0.12200395 -0.0229581927
v 0.0688592899 -0.116402903 -0.0216318097
v 0.0784051238 -0.120443904 -0.0216386822
v 0.0876142075 -0.116615949 -0.0229581927
v 0.080803609 -0.112334412 -0.0216386822
v 0.086569595 -0.115337673 -0.0216386822
v 0.0939574794 -0.108781355 -0.0229650651
v 0.090748045 -0.1015859 -0.0216386822
v 0.0930571884 -0.107324396 -0.0216386822
v 0.101338491 -0.0953663318 -0.0229719376
v 0.099640996 -0.0953663318 -0.0216455546
v 0.105640645 -0.0847415232 -0.0229444478
v 0.100451945 -0.0830990075 -0.0216318097
v 0.103956895 -0.0847415232 -0.0216249373
v 0.1087951 -0.0722130458 -0.0229581927
v 0.107118222 -0.0722130458 -0.0216386822
v 0.105358875 -0.0645846257 -0.0216455546
v 0.108279666 -0.0611346555 -0.0216524271
v 0.109949672 -0.0611346555 -0.0229719376
v 0.109949672 -0.0255697239 -0.0229719376
v 0.108279666 -0.0255697239 -0.0216455546
v 0.102678619 -0.0206353044 -0.0216318097
v 0.108588927 -0.0145669305 -0.0229444478
v 0.106912049 -0.0145669305 -0.0216249373
v 0.104877803 -0.00223088178 -0.0229925549
v 0.0987200876 -0.00398335667 -0.0216524271
v 0.10318718 -0.00223088178 -0.021666172
v 0.0989262611 0.00881314627 -0.0229856825
v 0.0972287659 0.00881314627 -0.021666172
v 0.0927960352 0.00643527838 -0.0216524271
v 0.0943835713 0.0160635816 -0.02297881
v 0.092686076 0.0160635816 -0.0216592995
v 0.0889886976 0.0140087189 -0.0216455546
v 0.0893872998 0.0264203646 -0.0229650651
v 0.0846521813 0.0264134921 -0.0216386822
v 0.0877035494 0.0264203646 -0.0216455546
v 0.0857380285 0.0387564134 -0.0229513202
v 0.0797589965 0.0387014337 -0.0216386822
v 0.084068023 0.0387564134 -0.0210545239
v 0.0783363993 0.0498141863 -0.0216318097
v 0.0844047731 0.0497592067 -0.0229375753
v 0.0827416401 0.0497592067 -0.0216180648
v 0.0784326136 0.193640832 -0.0216318097
v 0.0834907372 0.193640832 -0.0216318097
v 0.0852913192 0.193640832 -0.0229513202
v -2.66465254E-06 -0.124333711 -0.0229856825
v 0.0699520096 -0.124113792 -0.0260782852
v -2.66465254E-06 -0.124333711 -0.0260782852
v 0.0699520096 -0.124113792 -0.0229513202
v 0.0789824096 -0.12200395 -0.0260782852
v 0.0789824096 -0.12200395 -0.0229581927
v 0.0876142075 -0.116615949 -0.0260782852
v 0.0876142075 -0.116615949 -0.0229581927
v 0.0939574794 -0.108781355 -0.0260782852
v 0.0939574794 -0.108781355 -0.0229650651
v 0.101338491 -0.0953663318 -0.0260782852
v 0.101338491 -0.0953663318 -0.0229719376
v 0.105640645 -0.0847415232 -0.0260782852
v 0.105640645 -0.0847415232 -0.0229444478
v 0.1087951 -0.0722130458 -0.0260782852
v 0.1087951 -0.0722130458 -0.0229581927
v 0.109949672 -0.0611346555 -0.0260782852
v 0.109949672 -0.0611346555 -0.0229719376
v 0.109949672 -0.0255697239 -0.0260782852
v 0.109949672 -0.0255697239 -0.0229719376
v 0.108588927 -0.0145669305 -0.0260782852
v 0.108588927 -0.0145669305 -0.0229444478
v 0.104877803 -0.00223088178 -0.0260782852
v 0.104877803 -0.00223088178 -0.0229925549
v 0.0989262611 0.00881314627 -0.0229856825
v 0.0989331336 0.00881314627 -0.0260782852
v 0.0943835713 0.0160635816 -0.0260782852
v 0.0943835713 0.0160635816 -0.02297881
v 0.0893941722 0.0264203646 -0.0260782852
v 0.0893872998 0.0264203646 -0.0229650651
v 0.0857380285 0.0387564134 -0.0260782852
v 0.0857380285 0.0387564134 -0.0229513202
v 0.0844047731 0.0497592067 -0.0260782852
v 0.0844047731 0.0497592067 -0.0229375753
v 0.0852913192 0.193640832 -0.0260782852
v 0.0852913192 0.193640832 -0.0229513202
v 0.212088032 0.155113874 -0.0293358268
v 0.199202187 0.165779917 -0.0292808472
v 0.207675919 0.168467045 -0.0293358268
v 0.203573066 0.152564195 -0.0292808472
v 0.212239226 0.154660292 -0.0296175973
v 0.180158627 0.159257961 -0.0292808472
v 0.203717387 0.152117485 -0.0295557452
v 0.184529505 0.146049111 -0.0292808472
v 0.165733353 0.154158603 -0.0293358268
v 0.184680699 0.14559553 -0.0295557452
v 0.170145466 0.140805432 -0.0293358268
v 0.17029666 0.140344978 -0.0296175973
v 0.17029666 0.140344978 -0.0296175973
v 0.184680699 0.14559553 -0.0306072301
v 0.17029666 0.140344978 -0.0306896995
v 0.184680699 0.14559553 -0.0295557452
v 0.203717387 0.152117485 -0.0306141026
v 0.203717387 0.152117485 -0.0295557452
v 0.212239226 0.154660292 -0.0306896995
v 0.212239226 0.154660292 -0.0296175973
v 0.17029666 0.140344978 -0.0306896995
v 0.184529505 0.146049111 -0.0308821282
v 0.170145466 0.140805432 -0.0309645976
v 0.184680699 0.14559553 -0.0306072301
v 0.203573066 0.152564195 -0.0308890006
v 0.203717387 0.152117485 -0.0306141026
v 0.212088032 0.155113874 -0.0309645976
v 0.212239226 0.154660292 -0.0306896995
v 0.170145466 0.140805432 -0.0309645976
v 0.184529505 0.146049111 -0.0340297105
v 0.170145466 0.140805432 -0.0341121799
v 0.184529505 0.146049111 -0.0308821282
v 0.203573066 0.152564195 -0.0340297105
v 0.203573066 0.152564195 -0.0308890006
v 0.212088032 0.155113874 -0.0341121799
v 0.212088032 0.155113874 -0.0309645976
v 0.207614067 0.167195642 -0.0254047851
v 0.193580523 0.176308511 -0.0253498055
v 0.201683142 0.179957783 -0.0254047851
v 0.199442723 0.16368382 -0.0253498055
v 0.207813368 0.166762677 -0.0256865555
v 0.175423508 0.167635479 -0.0253498055
v 0.199642024 0.163257728 -0.0256247035
v 0.181285709 0.155017659 -0.0253498055
v 0.161671735 0.16090735 -0.0254047851
v 0.18148501 0.154584695 -0.0256247035
v 0.16760266 0.148152081 -0.0254047851
v 0.167801961 0.147712245 -0.0256865555
v 0.167801961 0.147712245 -0.0256865555
v 0.18148501 0.154584695 -0.0266830609
v 0.167801961 0.147712245 -0.0267586578
v 0.18148501 0.154584695 -0.0256247035
v 0.199642024 0.163257728 -0.0266830609
v 0.199642024 0.163257728 -0.0256247035
v 0.207813368 0.166762677 -0.0267586578
v 0.207813368 0.166762677 -0.0256865555
v 0.167801961 0.147712245 -0.0267586578
v 0.181285709 0.155017659 -0.0269579589
v 0.16760266 0.148152081 -0.0270335558
v 0.18148501 0.154584695 -0.0266830609
v 0.199442723 0.16368382 -0.0269579589
v 0.199642024 0.163257728 -0.0266830609
v 0.207614067 0.167195642 -0.0270335558
v 0.207813368 0.166762677 -0.0267586578
v 0.16760266 0.148152081 -0.0270335558
v 0.181285709 0.155017659 -0.0300986688
v 0.16760266 0.148152081 -0.0301811382
v 0.181285709 0.155017659 -0.0269579589
v 0.199442723 0.16368382 -0.0300986688
v 0.199442723 0.16368382 -0.0269579589
v 0.207614067 0.167195642 -0.0301811382
v 0.207614067 0.167195642 -0.0270335558
v 0.203325658 0.17759366 -0.0211507382
v 0.188460547 0.185270187 -0.0210957586
v 0.196164564 0.189702917 -0.0211507382
v 0.195546044 0.173291505 -0.0210957586
v 0.203566193 0.177181313 -0.0214325086
v 0.171245058 0.174851552 -0.0210957586
v 0.195786579 0.172886031 -0.0213706566
v 0.178323682 0.16287287 -0.0210957586
v 0.158228637 0.16679704 -0.0211507382
v 0.178564218 0.162460523 -0.0213706566
v 0.16538973 0.154687782 -0.0211507382
v 0.165630266 0.154275435 -0.0214325086
v 0.165630266 0.154275435 -0.0214325086
v 0.178564218 0.162467396 -0.0224221415
v 0.165630266 0.154275435 -0.0225046109
v 0.178564218 0.162460523 -0.0213706566
v 0.195786579 0.172886031 -0.022429014
v 0.195786579 0.172886031 -0.0213706566
v 0.203566193 0.177181313 -0.0225046109
v 0.203566193 0.177181313 -0.0214325086
v 0.165630266 0.154275435 -0.0225046109
v 0.178323682 0.16287287 -0.0226970395
v 0.16538973 0.154687782 -0.0227795089
v 0.178564218 0.162467396 -0.0224221415
v 0.195546044 0.173291505 -0.022703912
v 0.195786579 0.172886031 -0.022429014
v 0.203325658 0.17759366 -0.0227795089
v 0.203566193 0.177181313 -0.0225046109
v 0.16538973 0.154687782 -0.0227795089
v 0.178323682 0.16287287 -0.0258446219
v 0.16538973 0.154687782 -0.0259270913
v 0.178323682 0.16287287 -0.0226970395
v 0.195546044 0.173291505 -0.0258446219
v 0.195546044 0.173291505 -0.022703912
v 0.203325658 0.17759366 -0.0259270913
v 0.203325658 0.17759366 -0.0227795089
v 0.157562009 0.183840717 -0.0120653585
v 0.158586004 0.16287287 -0.0121272106
v 0.147878726 0.171992612 -0.0121272106
v 0.168159328 0.17481719 -0.0120653585
v 0.168516695 0.174507929 -0.0123402566
v 0.158950244 0.162556738 -0.0124021086
v 0.181409413 0.189964071 -0.0123402566
v 0.181045173 0.190273331 -0.0120653585
v 0.170454727 0.199296858 -0.0120653585
v 0.187367827 0.196561623 -0.0124021086
v 0.17629631 0.205990625 -0.0121272106
v 0.187003587 0.196870883 -0.0121272106
v 0.158950244 0.162556738 -0.0124021086
v 0.168516695 0.174507929 -0.0133986139
v 0.158950244 0.162556738 -0.0134742109
v 0.168516695 0.174507929 -0.0123402566
v 0.181409413 0.189964071 -0.0133986139
v 0.181409413 0.189964071 -0.0123402566
v 0.187367827 0.196561623 -0.0134742109
v 0.187367827 0.196561623 -0.0124021086
v 0.158950244 0.162556738 -0.0134742109
v 0.168159328 0.17481719 -0.013673512
v 0.158586004 0.16287287 -0.0137559814
v 0.168516695 0.174507929 -0.0133986139
v 0.181045173 0.190273331 -0.013673512
v 0.181409413 0.189964071 -0.0133986139
v 0.187003587 0.196870883 -0.0137559814
v 0.187367827 0.196561623 -0.0134742109
v 0.158586004 0.16287287 -0.0137559814
v 0.168159328 0.17481719 -0.0168142219
v 0.158586004 0.16287287 -0.0168966913
v 0.168159328 0.17481719 -0.013673512
v 0.181045173 0.190273331 -0.0168142219
v 0.181045173 0.190273331 -0.013673512
v 0.187003587 0.196870883 -0.0168966913
v 0.187003587 0.196870883 -0.0137559814
v 0.162249021 0.159766523 -0.0166217932
v 0.174433875 0.169016841 -0.0168417117
v 0.162537664 0.159381666 -0.0169035637
v 0.174145233 0.169394826 -0.0165668136
v 0.153734054 0.170961745 -0.0166217932
v 0.190322981 0.181359762 -0.0168417117
v 0.165726481 0.180466344 -0.0165668136
v 0.190041211 0.181737747 -0.0165668136
v 0.197559672 0.186527845 -0.0169035637
v 0.181615586 0.192816138 -0.0165668136
v 0.197271029 0.186912702 -0.0166217932
v 0.188756062 0.198114797 -0.0166217932
v 0.162537664 0.159381666 -0.0169035637
v 0.174433875 0.169016841 -0.0178931966
v 0.162537664 0.159381666 -0.0179687936
v 0.174433875 0.169016841 -0.0168417117
v 0.190322981 0.181359762 -0.0178931966
v 0.190322981 0.181359762 -0.0168417117
v 0.197559672 0.186527845 -0.0179687936
v 0.197559672 0.186527845 -0.0169035637
v 0.162537664 0.159381666 -0.0179687936
v 0.174145233 0.169394826 -0.0181680946
v 0.162249021 0.159766523 -0.018250564
v 0.174433875 0.169016841 -0.0178931966
v 0.190041211 0.181737747 -0.0181680946
v 0.190322981 0.181359762 -0.0178931966
v 0.197271029 0.186912702 -0.018250564
v 0.197559672 0.186527845 -0.0179687936
v 0.162249021 0.159766523 -0.018250564
v 0.174145233 0.169394826 -0.021315677
v 0.162249021 0.159766523 -0.0213912739
v 0.174145233 0.169394826 -0.0181680946
v 0.190041211 0.181737747 -0.021315677
v 0.190041211 0.181737747 -0.0181680946
v 0.197271029 0.186912702 -0.0213912739
v 0.197271029 0.186912702 -0.018250564
v 0.147239589 0.188946948 -0.0080793372
v 0.151184375 0.168858775 -0.00813431681
v 0.139453102 0.176610899 -0.00813431681
v 0.158847158 0.181270421 -0.0080793372
v 0.157637606 0.205055972 -0.0080793372
v 0.159238887 0.181009267 -0.00835423523
v 0.15158985 0.168590749 -0.00841608728
v 0.169643777 0.197118292 -0.00835423523
v 0.169245175 0.197379445 -0.0080793372
v 0.162393342 0.212058999 -0.00813431681
v 0.17453009 0.204038849 -0.00841608728
v 0.174131488 0.204300002 -0.00813431681
v 0.15158985 0.168590749 -0.00841608728
v 0.159238887 0.181009267 -0.00941259261
v 0.15158985 0.168590749 -0.00948818957
v 0.159238887 0.181009267 -0.00835423523
v 0.169643777 0.197118292 -0.00941259261
v 0.169643777 0.197118292 -0.00835423523
v 0.17453009 0.204038849 -0.00948818957
v 0.17453009 0.204038849 -0.00841608728
v 0.15158985 0.168590749 -0.00948818957
v 0.158847158 0.181270421 -0.00968749064
v 0.151184375 0.168858775 -0.00976308759
v 0.159238887 0.181009267 -0.00941259261
v 0.169245175 0.197379445 -0.00968749064
v 0.169643777 0.197118292 -0.00941259261
v 0.174131488 0.204300002 -0.00976308759
v 0.17453009 0.204038849 -0.00948818957
v 0.151184375 0.168858775 -0.00976308759
v 0.158847158 0.181270421 -0.0128282005
v 0.151184375 0.168858775 -0.0129106699
v 0.158847158 0.181270421 -0.00968749064
v 0.169245175 0.197379445 -0.0128282005
v 0.169245175 0.197379445 -0.00968749064
v 0.174131488 0.204300002 -0.0129106699
v 0.174131488 0.204300002 -0.00976308759
v 0.11818974 0.191874612 0.00525321688
v 0.129549901 0.174851552 0.00519823727
v 0.115736275 0.177504318 0.00519823727
v 0.131852172 0.189249336 0.00525321688
v 0.121598476 0.210746361 0.00525321688
v 0.132319498 0.189159994 0.00497831886
v 0.1300241 0.174755337 0.0049164668
v 0.135728234 0.208031743 0.00497831886
v 0.13526778 0.208121085 0.00525321688
v 0.123302843 0.219041409 0.00519823727
v 0.137590668 0.216299301 0.0049164668
v 0.137116469 0.216388643 0.00519823727
v 0.1300241 0.174755337 0.0049164668
v 0.132319498 0.189159994 0.00392683392
v 0.1300241 0.174755337 0.00384436451
v 0.132319498 0.189159994 0.00497831886
v 0.135728234 0.208031743 0.00391996147
v 0.135728234 0.208031743 0.00497831886
v 0.137590668 0.216299301 0.00384436451
v 0.137590668 0.216299301 0.0049164668
v 0.1300241 0.174755337 0.00384436451
v 0.131852172 0.189256208 0.0036519359
v 0.129549901 0.174851552 0.00356946649
v 0.132319498 0.189159994 0.00392683392
v 0.13526778 0.208121085 0.00364506345
v 0.135728234 0.208031743 0.00391996147
v 0.137116469 0.216388643 0.00356946649
v 0.137590668 0.216299301 0.00384436451
v 0.129549901 0.174851552 0.00356946649
v 0.131852172 0.189256208 0.000504353543
v 0.129549901 0.174851552 0.000421884137
v 0.131852172 0.189256208 0.0036519359
v 0.13526778 0.208121085 0.000504353543
v 0.13526778 0.208121085 0.00364506345
v 0.137116469 0.216388643 0.000421884137
v 0.137116469 0.216388643 0.00356946649
v 0.12828537 0.192493132 0.00033941473
v 0.136731612 0.173848174 0.000277562675
v 0.123536507 0.178706997 0.000277562675
v 0.141343026 0.187689289 0.00033941473
v 0.134711111 0.210560805 0.00033941473
v 0.141782863 0.187524351 6.45167076E-05
v 0.137185193 0.173676363 2.66465254E-06
v 0.148215477 0.205585151 6.45167076E-05
v 0.147768767 0.205750089 0.00033941473
v 0.137734989 0.218470995 0.000277562675
v 0.151390549 0.213440362 2.66465254E-06
v 0.150936967 0.2136053 0.000277562675
v 0.137185193 0.173676363 2.66465254E-06
v 0.141782863 0.187524351 -0.000993840678
v 0.137185193 0.173676363 -0.00106943763
v 0.141782863 0.187524351 6.45167076E-05
v 0.148215477 0.205585151 -0.000993840678
v 0.148215477 0.205585151 6.45167076E-05
v 0.151390549 0.213440362 -0.00106943763
v 0.151390549 0.213440362 2.66465254E-06
v 0.137185193 0.173676363 -0.00106943763
v 0.141343026 0.187689289 -0.0012687387
v 0.136731612 0.173848174 -0.00135120811
v 0.141782863 0.187524351 -0.000993840678
v 0.147768767 0.205750089 -0.0012687387
v 0.148215477 0.205585151 -0.000993840678
v 0.150936967 0.2136053 -0.00135120811
v 0.151390549 0.213440362 -0.00106943763
v 0.136731612 0.173848174 -0.00135120811
v 0.141343026 0.187689289 -0.00440944861
v 0.136731612 0.173848174 -0.00449191801
v 0.141343026 0.187689289 -0.0012687387
v 0.147768767 0.205750089 -0.00440944861
v 0.147768767 0.205750089 -0.0012687387
v 0.150936967 0.2136053 -0.00449191801
v 0.150936967 0.2136053 -0.00135120811
v 0.137405112 0.191462265 -0.00324800446
v 0.144105751 0.172116316 -0.00330985652
v 0.131405462 0.178170945 -0.00330985652
v 0.149961079 0.18547636 -0.00324800446
v 0.145466496 0.20886331 -0.00324800446
v 0.150387171 0.185270187 -0.00352290248
v 0.144538715 0.171910143 -0.00358475454
v 0.158455428 0.202671232 -0.00352290248
v 0.158029336 0.202870533 -0.00324800446
v 0.149205109 0.216457367 -0.00330985652
v 0.162338362 0.210196565 -0.00358475454
v 0.161905398 0.210402739 -0.00330985652
v 0.144538715 0.171910143 -0.00358475454
v 0.150387171 0.185270187 -0.00458125987
v 0.144538715 0.171910143 -0.00465685683
v 0.150387171 0.185270187 -0.00352290248
v 0.158455428 0.202671232 -0.00458125987
v 0.158455428 0.202671232 -0.00352290248
v 0.162338362 0.210196565 -0.00465685683
v 0.162338362 0.210196565 -0.00358475454
v 0.144538715 0.171910143 -0.00465685683
v 0.149961079 0.18547636 -0.00485615789
v 0.144105751 0.172116316 -0.0049386273
v 0.150387171 0.185270187 -0.00458125987
v 0.158029336 0.202870533 -0.00485615789
v 0.158455428 0.202671232 -0.00458125987
v 0.161905398 0.210402739 -0.0049386273
v 0.162338362 0.210196565 -0.00465685683
v 0.144105751 0.172116316 -0.0049386273
v 0.149961079 0.18547636 -0.0079968678
v 0.144105751 0.172116316 -0.0080793372
v 0.149961079 0.18547636 -0.00485615789
v 0.158029336 0.202870533 -0.0079968678
v 0.158029336 0.202870533 -0.00485615789
v 0.161905398 0.210402739 -0.0080793372
v 0.161905398 0.210402739 -0.0049386273
v 0.214823267 0.144131698 -0.0336173635
v 0.203353147 0.156302808 -0.0335623839
v 0.212088032 0.157931578 -0.0336173635
v 0.206060893 0.142654121 -0.0335623839
v 0.214919482 0.143657499 -0.033899134
v 0.183649832 0.152179337 -0.0335623839
v 0.206150235 0.142186794 -0.0338372819
v 0.186357577 0.138530651 -0.0335623839
v 0.168702252 0.148901178 -0.0336173635
v 0.186453791 0.138070196 -0.0338372819
v 0.171437487 0.135101298 -0.0336173635
v 0.171533701 0.134633971 -0.033899134
v 0.171533701 0.134633971 -0.033899134
v 0.186453791 0.138070196 -0.0348887668
v 0.171533701 0.134633971 -0.0349643638
v 0.186453791 0.138070196 -0.0338372819
v 0.206150235 0.142186794 -0.0348887668
v 0.206150235 0.142186794 -0.0338372819
v 0.214919482 0.143657499 -0.0349643638
v 0.214919482 0.143657499 -0.033899134
v 0.171533701 0.134633971 -0.0349643638
v 0.186357577 0.138530651 -0.0351636649
v 0.171437487 0.135101298 -0.0352461343
v 0.186453791 0.138070196 -0.0348887668
v 0.206060893 0.142654121 -0.0351636649
v 0.206150235 0.142186794 -0.0348887668
v 0.214823267 0.144131698 -0.0352461343
v 0.214919482 0.143657499 -0.0349643638
v 0.171437487 0.135101298 -0.0352461343
v 0.186357577 0.138530651 -0.0383043748
v 0.171437487 0.135101298 -0.0383868442
v 0.186357577 0.138530651 -0.0351636649
v 0.206060893 0.142654121 -0.0383112472
v 0.206060893 0.142654121 -0.0351636649
v 0.214823267 0.144131698 -0.0383868442
v 0.214823267 0.144131698 -0.0352461343
v 0.172860084 0.128689301 -0.0375209154
v 0.188123797 0.129706424 -0.0377408338
v 0.172887574 0.12820823 -0.0378026859
v 0.188096307 0.130180623 -0.0374659358
v 0.171911686 0.142722845 -0.0375209154
v 0.20818448 0.13126647 -0.0377408338
v 0.187154781 0.144056101 -0.0374659358
v 0.20815699 0.131740669 -0.0374659358
v 0.217070559 0.13160322 -0.0378026859
v 0.207222337 0.145629892 -0.0374659358
v 0.216994962 0.132207996 -0.0374934256
v 0.216005329 0.146220923 -0.0374659358
v 0.172887574 0.12820823 -0.0378026859
v 0.188123797 0.129706424 -0.0387991912
v 0.172887574 0.12820823 -0.0388747882
v 0.188123797 0.129706424 -0.0377408338
v 0.20818448 0.13126647 -0.0387991912
v 0.20818448 0.13126647 -0.0377408338
v 0.217070559 0.13160322 -0.0388747882
v 0.217070559 0.13160322 -0.0378026859
v 0.172887574 0.12820823 -0.0388747882
v 0.188096307 0.130180623 -0.0390740892
v 0.172860084 0.128689301 -0.0391496862
v 0.188123797 0.129706424 -0.0387991912
v 0.20815699 0.131740669 -0.0390740892
v 0.20818448 0.13126647 -0.0387991912
v 0.217043069 0.132084292 -0.0391496862
v 0.217070559 0.13160322 -0.0388747882
v 0.172860084 0.128689301 -0.0391496862
v 0.188096307 0.130180623 -0.0422147991
v 0.172860084 0.128689301 -0.0422972685
v 0.188096307 0.130180623 -0.0390740892
v 0.20815699 0.131740669 -0.0422147991
v 0.20815699 0.131740669 -0.0390740892
v 0.217043069 0.132084292 -0.0422972685
v 0.217043069 0.132084292 -0.0391496862
v 0.217929615 0.121081499 -0.0422903961
v 0.208562465 0.134943231 -0.0422354165
v 0.217448543 0.135142532 -0.0422903961
v 0.209036664 0.121033391 -0.0422354165
v 0.21794336 0.120600427 -0.0425721666
v 0.188453675 0.13404294 -0.0422354165
v 0.209050409 0.120559192 -0.0425103145
v 0.188934746 0.120139973 -0.0422354165
v 0.173176217 0.133218246 -0.0422903961
v 0.188948491 0.119665774 -0.0425103145
v 0.173650416 0.119157212 -0.0422903961
v 0.173671033 0.118676141 -0.0425721666
v 0.173671033 0.118676141 -0.0425721666
v 0.188948491 0.119665774 -0.0435686719
v 0.173671033 0.118676141 -0.0436442688
v 0.188948491 0.119665774 -0.0425103145
v 0.209050409 0.120559192 -0.0435686719
v 0.209050409 0.120559192 -0.0425103145
v 0.21794336 0.120600427 -0.0436442688
v 0.21794336 0.120600427 -0.0425721666
v 0.173671033 0.118676141 -0.0436442688
v 0.188934746 0.120139973 -0.0438435699
v 0.173650416 0.119157212 -0.0439191669
v 0.188948491 0.119665774 -0.0435686719
v 0.209036664 0.121033391 -0.0438435699
v 0.209050409 0.120559192 -0.0435686719
v 0.217929615 0.121081499 -0.0439191669
v 0.21794336 0.120600427 -0.0436442688
v 0.173650416 0.119157212 -0.0439191669
v 0.188934746 0.120139973 -0.0469842798
v 0.173650416 0.119157212 -0.0470667492
v 0.188934746 0.120139973 -0.0438435699
v 0.209036664 0.121033391 -0.0469842798
v 0.209036664 0.121033391 -0.0438435699
v 0.217929615 0.121081499 -0.0470667492
v 0.217929615 0.121081499 -0.0439191669
v 0.218726819 0.110814057 -0.0459465398
v 0.209366542 0.12467579 -0.0458846877
v 0.218245748 0.124868219 -0.0459465398
v 0.209840741 0.11076595 -0.0458846877
v 0.218740564 0.110332986 -0.0462214378
v 0.189257751 0.123775499 -0.0458846877
v 0.209854486 0.110291751 -0.0461595858
v 0.18973195 0.109872532 -0.0458846877
v 0.173973421 0.122943933 -0.0459465398
v 0.189745695 0.109398333 -0.0461595858
v 0.174454493 0.108889771 -0.0459465398
v 0.174468238 0.1084087 -0.0462214378
v 0.174468238 0.1084087 -0.0462214378
v 0.189745695 0.109398333 -0.0472179431
v 0.174468238 0.1084087 -0.0472935401
v 0.189745695 0.109398333 -0.0461595858
v 0.209854486 0.110291751 -0.0472179431
v 0.209854486 0.110291751 -0.0461595858
v 0.218740564 0.110332986 -0.0472935401
v 0.218740564 0.110332986 -0.0462214378
v 0.174468238 0.1084087 -0.0472935401
v 0.18973195 0.109872532 -0.0474928412
v 0.174454493 0.108889771 -0.0475684381
v 0.189745695 0.109398333 -0.0472179431
v 0.209840741 0.11076595 -0.0474928412
v 0.209854486 0.110291751 -0.0472179431
v 0.218726819 0.110814057 -0.0475684381
v 0.218740564 0.110332986 -0.0472935401
v 0.174454493 0.108889771 -0.0475684381
v 0.18973195 0.109872532 -0.0506335511
v 0.174454493 0.108889771 -0.0507160205
v 0.18973195 0.109872532 -0.0474928412
v 0.209840741 0.11076595 -0.0506335511
v 0.209840741 0.11076595 -0.0474928412
v 0.218726819 0.110814057 -0.0507160205
v 0.218726819 0.110814057 -0.0475684381
v 0.218726819 0.0992064885 -0.0508053623
v 0.209366542 0.113068221 -0.0507503827
v 0.218245748 0.113267522 -0.0508053623
v 0.209840741 0.0991583813 -0.0507503827
v 0.218740564 0.0987254169 -0.0510871328
v 0.189257751 0.11216793 -0.0507503827
v 0.209854486 0.0986910547 -0.0510252807
v 0.18973195 0.0982649627 -0.0507503827
v 0.173973421 0.111343236 -0.0508053623
v 0.189745695 0.0977907637 -0.0510252807
v 0.174454493 0.0972822023 -0.0508053623
v 0.174468238 0.0968011308 -0.0510871328
v 0.218740564 0.0987254169 -0.0521523626
v 0.209854486 0.0986910547 -0.0510252807
v 0.218740564 0.0987254169 -0.0510871328
v 0.209854486 0.0986910547 -0.0520767657
v 0.218740564 0.0987254169 -0.055299945
v 0.189745695 0.0977907637 -0.0510252807
v 0.209854486 0.0986910547 -0.055224348
v 0.189745695 0.0977907637 -0.0520767657
v 0.174468238 0.0968011308 -0.0510871328
v 0.189745695 0.0977907637 -0.0552174756
v 0.174468238 0.0968011308 -0.0521523626
v 0.174468238 0.0968011308 -0.055299945
v 0.117646816 0.167044448 0.0119744735
v 0.129955375 0.165456912 0.00596107929
v 0.117578092 0.165608106 0.0107992845
v 0.130085952 0.166886382 0.00723248264
v 0.139240056 0.163773161 0.000717399511
v 0.117997311 0.174184924 0.0119950909
v 0.139645531 0.165154524 0.00203003757
v 0.147968068 0.159732161 -0.00596262243
v 0.130704473 0.173916898 0.00748676331
v 0.118072908 0.175621266 0.0108542641
v 0.130828177 0.175353241 0.00635968142
v 0.141611052 0.171917015 0.00214686923
v 0.142016526 0.173298378 0.000944190379
v 0.148662186 0.161024181 -0.00460187722
v 0.155184141 0.153038394 -0.0135841701
v 0.152009069 0.167230004 -0.00456064252
v 0.152703187 0.168522025 -0.00581830097
v 0.156001963 0.15426169 -0.0120997208
v 0.160139178 0.145107586 -0.0207864983
v 0.159823046 0.159924589 -0.0115980319
v 0.16064774 0.161147885 -0.0127800934
v 0.161314367 0.145911662 -0.0194669878
v 0.163836557 0.134249114 -0.0285248776
v 0.166578664 0.149512827 -0.0197281409
v 0.167753853 0.150316903 -0.0210682688
v 0.170702135 0.138028962 -0.0268548721
v 0.171959793 0.138729952 -0.0280644234
v 0.165101088 0.134950104 -0.0271022804
v 0.166015123 0.111487558 -0.0391909209
v 0.167410231 0.111205787 -0.0380019869
v 0.173677906 0.11143945 -0.0380707114
v 0.175018034 0.111679986 -0.0392184107
v 0.118086653 0.17582744 -0.00238207569
v 0.130828177 0.175353241 0.00635968142
v 0.118072908 0.175621266 0.0108542641
v 0.130862539 0.175545669 -0.0080518474
v 0.142016526 0.173298378 0.000944190379
v 0.142057761 0.173504551 -0.0150961092
v 0.152703187 0.168522025 -0.00581830097
v 0.152799401 0.168707581 -0.0231712386
v 0.16064774 0.161147885 -0.0127800934
v 0.160757699 0.161326569 -0.030284225
v 0.167753853 0.150316903 -0.0210682688
v 0.167918792 0.150426862 -0.0379951145
v 0.171959793 0.138729952 -0.0280644234
v 0.172138477 0.138839911 -0.0441871924
v 0.175018034 0.111679986 -0.0392184107
v 0.175182973 0.111961757 -0.0533344241
v 0.117578092 0.165608106 0.0107992845
v 0.129872906 0.165264483 -0.00836110768
v 0.117564347 0.165408805 -0.00232709609
v 0.129955375 0.165456912 0.00596107929
v 0.139157587 0.16360135 -0.0151029817
v 0.139240056 0.163773161 0.000717399511
v 0.147906216 0.159539732 -0.0229994274
v 0.147968068 0.159732161 -0.00596262243
v 0.155087927 0.15283222 -0.0307996588
v 0.155184141 0.153038394 -0.0135841701
v 0.159960495 0.145011371 -0.0374247011
v 0.160139178 0.145107586 -0.0207864983
v 0.163657873 0.134118537 -0.0443521313
v 0.163836557 0.134249114 -0.0285248776
v 0.16578146 0.111872415 -0.053011419
v 0.166015123 0.111487558 -0.0391909209
v 0.117289449 0.215364648 0.0116171061
v 0.132711228 0.213254805 0.00602293134
v 0.117138255 0.21396954 0.010517514
v 0.133034233 0.214643041 0.00712252343
v 0.151624212 0.210038499 0.000208838169
v 0.118334062 0.222374547 0.0115758714
v 0.152084666 0.211419861 0.00132217516
v 0.166578664 0.203736461 -0.004979862
v 0.134766091 0.221508619 0.00710190608
v 0.118588342 0.223762782 0.0104625344
v 0.135144076 0.222896854 0.00600231399
v 0.154345702 0.21814799 0.00134966496
v 0.154819902 0.219529353 0.000256945323
v 0.167114716 0.205104079 -0.00387339746
v 0.179863111 0.195015322 -0.0103128836
v 0.169712502 0.211687887 -0.00386652501
v 0.170255425 0.213048632 -0.0049661171
v 0.180495377 0.196348577 -0.00919954665
v 0.191704344 0.184301171 -0.0159482931
v 0.183519255 0.202733084 -0.00917892929
v 0.184151521 0.204059467 -0.0102785214
v 0.1925634 0.185483233 -0.014848701
v 0.200982152 0.172020102 -0.0212675698
v 0.19671436 0.191180494 -0.0148899357
v 0.197573416 0.192362556 -0.0160032727
v 0.202026764 0.173044097 -0.0201679777
v 0.208473123 0.156440257 -0.0267586578
v 0.207064271 0.177978517 -0.0202435747
v 0.208108883 0.179002512 -0.0213569117
v 0.209620822 0.157340548 -0.0256521933
v 0.213558736 0.140317488 -0.0319061233
v 0.214940099 0.161539615 -0.0256728106
v 0.216087798 0.162439906 -0.0267655303
v 0.22030061 0.144647132 -0.0306828271
v 0.221530779 0.145430591 -0.0317411845
v 0.214795778 0.14110782 -0.0307859139
v 0.216039691 0.126297689 -0.0362220222
v 0.223022101 0.130180623 -0.0346825933
v 0.224300377 0.130888486 -0.0356859711
v 0.217324839 0.127012423 -0.0350399607
v 0.224891407 0.112051099 -0.0390672168
v 0.22624528 0.11214044 -0.0401255742
v 0.218603115 0.11185867 -0.0389984923
v 0.217235498 0.111954884 -0.0400637221
v 0.22624528 0.11214044 -0.0401255742
v 0.22447906 0.130998445 -0.052660924
v 0.226423964 0.112271017 -0.0567569045
v 0.224300377 0.130888486 -0.0356859711
v 0.22170259 0.14556804 -0.0489154384
v 0.221530779 0.145430591 -0.0317411845
v 0.216225247 0.162604845 -0.0440291261
v 0.216087798 0.162439906 -0.0267655303
v 0.208225715 0.179188068 -0.0384486962
v 0.208108883 0.179002512 -0.0213569117
v 0.197683376 0.19254124 -0.0324696642
v 0.197573416 0.192362556 -0.0160032727
v 0.184275225 0.204224405 -0.0259751985
v 0.184151521 0.204059467 -0.0102785214
v 0.170337895 0.213234188 -0.0203947686
v 0.170255425 0.213048632 -0.0049661171
v 0.154826774 0.219735526 -0.0149380429
v 0.154819902 0.219529353 0.000256945323
v 0.135130331 0.223103027 -0.00839546993
v 0.135144076 0.222896854 0.00600231399
v 0.11855398 0.223962083 -0.00299372379
v 0.118588342 0.223762782 0.0104625344
v 0.217022452 0.112181675 -0.0566057106
v 0.216039691 0.126297689 -0.0362220222
v 0.217235498 0.111954884 -0.0400637221
v 0.215861007 0.126187729 -0.0531213782
v 0.213558736 0.140317488 -0.0319061233
v 0.213380053 0.140228146 -0.0490253976
v 0.208473123 0.156440257 -0.0267586578
v 0.208294439 0.156350915 -0.0439604016
v 0.200982152 0.172020102 -0.0212675698
v 0.200817213 0.171910143 -0.0382906299
v 0.191704344 0.184301171 -0.0159482931
v 0.19158064 0.184149977 -0.032359705
v 0.179863111 0.195015322 -0.0103128836
v 0.179801259 0.194809148 -0.0259751985
v 0.166578664 0.203736461 -0.004979862
v 0.16650994 0.20353716 -0.0203810237
v 0.151624212 0.210038499 0.000208838169
v 0.15150738 0.209859815 -0.0149517878
v 0.132711228 0.213254805 0.00602293134
v 0.132615014 0.213069249 -0.00832674542
v 0.117138255 0.21396954 0.010517514
v 0.117069531 0.213777112 -0.00289063703
v 0.223901775 0.111411961 -0.0317549294
v 0.221846912 0.124751387 -0.0299268575
v 0.223049591 0.112051099 -0.0329095011
v 0.222699096 0.124112249 -0.0287654134
v 0.218898631 0.143018361 -0.0250886523
v 0.223647494 0.111143935 -0.0312876027
v 0.219778304 0.142358606 -0.0238928459
v 0.214280344 0.158962446 -0.0204085135
v 0.222472305 0.123699902 -0.028332449
v 0.215180635 0.158288946 -0.0191852173
v 0.207930199 0.17369698 -0.0156665226
v 0.219269743 0.122772121 -0.0283599388
v 0.220197524 0.111068338 -0.0312120058
v 0.21968209 0.111198915 -0.031459414
v 0.219606493 0.141856917 -0.0234873714
v 0.208844235 0.173009735 -0.0144294815
v 0.200425483 0.185400763 -0.0112887716
v 0.216589487 0.140125059 -0.0235148612
v 0.215001951 0.157897216 -0.0187591254
v 0.218754309 0.122827101 -0.0286210919
v 0.201353264 0.184706646 -0.0100311132
v 0.19079718 0.19562697 -0.00669110219
v 0.208699914 0.172576771 -0.0140171345
v 0.217757804 0.123569326 -0.0299612198
v 0.218685585 0.111948012 -0.0328132868
v 0.216080926 0.140097569 -0.0237897592
v 0.215098165 0.140832922 -0.0251161421
v 0.212136139 0.155347537 -0.0188484672
v 0.211593216 0.155368154 -0.0190958755
v 0.210610455 0.156103507 -0.0204222584
v 0.191738706 0.194919107 -0.00541969884
v 0.179945581 0.204444324 -0.00210030522
v 0.201263922 0.184232447 -0.00965312838
v 0.205902827 0.169525403 -0.0140996039
v 0.205359903 0.169504785 -0.014360757
v 0.204390887 0.170233265 -0.0156802675
v 0.180893979 0.203736461 -0.000815156964
v 0.16827616 0.211701632 0.00233929784
v 0.191704344 0.194424291 -0.00506233141
v 0.198618029 0.180981778 -0.00966000083
v 0.19808885 0.180899308 -0.00993489886
v 0.197126707 0.181620916 -0.011233792
v 0.16923143 0.210986897 0.003638191
v 0.155142907 0.217460745 0.00684762541
v 0.180900851 0.2032279 -0.000471534436
v 0.189580756 0.190857489 -0.00507607631
v 0.189065323 0.190733785 -0.00537159168
v 0.188123797 0.191441647 -0.00665673994
v 0.156111922 0.216732265 0.00816026347
v 0.139968536 0.220415899 0.0115071469
v 0.16928641 0.210471463 0.00395432372
v 0.17929957 0.1993862 -0.00051964159
v 0.178804754 0.199214389 -0.000835774316
v 0.177870101 0.199915379 -0.00210030522
v 0.140951296 0.219680547 0.0128404023
v 0.121241108 0.219721781 0.0168058063
v 0.122230741 0.218979557 0.0181459341
v 0.156208137 0.216209959 0.00844890639
v 0.167850068 0.206554166 0.00392683392
v 0.167375869 0.206347993 0.00358321139
v 0.16645496 0.20704211 0.00233929784
v 0.141075 0.219171985 0.0131084279
v 0.12242317 0.218491613 0.0184070872
v 0.154895498 0.212251428 0.00841454414
v 0.154476279 0.211997147 0.00803655936
v 0.153569116 0.21267752 0.00679951826
v 0.140099112 0.215130984 0.0130878105
v 0.122416297 0.214175714 0.018372725
v 0.139769235 0.214828597 0.0126754635
v 0.138868944 0.215502097 0.0114590397
v 0.122107037 0.213859581 0.0179535055
v 0.121234236 0.214519336 0.0167645716
v 0.172702018 0.112848303 -0.0315075212
v 0.169691885 0.133713063 -0.0237485245
v 0.171829217 0.113494313 -0.0326827102
v 0.170592176 0.133046435 -0.0225389732
v 0.165479072 0.148619408 -0.0151854511
v 0.172433992 0.11258715 -0.0310608119
v 0.166406853 0.14792529 -0.0139277926
v 0.159053331 0.159292324 -0.00697287266
v 0.170386002 0.132634088 -0.0221472435
v 0.160008602 0.158577589 -0.00568772441
v 0.150909477 0.167065065 0.000593695401
v 0.16723842 0.131410792 -0.0221472435
v 0.169011512 0.112463446 -0.03097147
v 0.168496078 0.11258715 -0.0312051333
v 0.166276277 0.147451091 -0.0135772977
v 0.151878493 0.166343458 0.00190633346
v 0.140965041 0.171724587 0.00722561019
v 0.166716113 0.131424537 -0.0224015242
v 0.1674927 0.113336247 -0.0325658785
v 0.165726481 0.132173634 -0.0237485245
v 0.159960495 0.158062155 -0.00537846413
v 0.163417337 0.145382484 -0.0135566803
v 0.162908776 0.145313759 -0.0138315783
v 0.161926015 0.146049111 -0.0151648337
v 0.141947802 0.170996107 0.00855199315
v 0.129570518 0.173861919 0.0128747645
v 0.15189911 0.165828024 0.00220184883
v 0.157555137 0.155107001 -0.00544031619
v 0.15708781 0.154955807 -0.00574270401
v 0.156118795 0.155684287 -0.00704846962
v 0.130553279 0.173119694 0.01420802
v 0.117076403 0.17406122 0.0173212401
v 0.118072908 0.173318995 0.0186682404
v 0.142016526 0.170487546 0.00884063607
v 0.149912972 0.16222686 0.00220184883
v 0.149466263 0.162020687 0.00188571611
v 0.148510992 0.162735421 0.000600567851
v 0.1306976 0.172624878 0.0144760455
v 0.118251592 0.172824179 0.0189293935
v 0.140552694 0.166570249 0.00893685038
v 0.140133475 0.166315968 0.0086001003
v 0.139205694 0.167010086 0.00734244185
v 0.130037845 0.168501407 0.0144691731
v 0.118038546 0.168590749 0.018922521
v 0.129673605 0.16819902 0.0140911883
v 0.128773314 0.16887252 0.0128678921
v 0.117715541 0.168281489 0.0185170465
v 0.116828995 0.168948117 0.0173143676
v 0.139638658 0.171827674 0.00389934412
v 0.140160964 0.16993775 0.00401617578
v 0.139563061 0.170741826 0.00447662997
v 0.14076574 0.170322607 0.0030402878
v 0.139624913 0.17198574 0.00376189511
v 0.140360266 0.168302106 0.00295781839
v 0.139941046 0.168858775 0.00397494108
v 0.139075117 0.168315851 0.00438041566
v 0.14082072 0.170384459 0.00284785918
v 0.139549316 0.172040719 0.00361757365
v 0.138731495 0.167284984 0.00371378795
v 0.138209189 0.168714453 0.0049302117
v 0.14076574 0.170418821 0.00268979282
v 0.138731495 0.171848291 0.0024286397
v 0.139748617 0.170487546 0.00165205279
v 0.139384378 0.168652601 0.00157645583
v 0.140387755 0.168233382 0.00275851733
v 0.140325903 0.168233382 0.00260045096
v 0.138655898 0.167147535 0.00356946649
v 0.138573428 0.16713379 0.00341827258
v 0.137913673 0.167731693 0.00226370089
v 0.137109596 0.168034081 0.00474465554
v 0.13692404 0.167944739 0.00466218613
v 0.136820954 0.167944739 0.00453160957
v 0.136436096 0.168412066 0.00319835416
v 0.136710994 0.169992729 0.00526696178
v 0.137996143 0.169759066 0.00520510973
v 0.136497948 0.170033964 0.00521885463
v 0.136387989 0.170054581 0.00509515052
v 0.136078729 0.170185158 0.00367255325
v 0.137838076 0.171683352 0.004888977
v 0.138594046 0.170666229 0.00500580866
v 0.139563061 0.170741826 0.00447662997
v 0.139638658 0.171827674 0.00389934412
v 0.137700627 0.171827674 0.00482025249
v 0.139624913 0.17198574 0.00376189511
v 0.137604413 0.171882653 0.00468967593
v 0.137095852 0.171717714 0.00332893072
v 0.139549316 0.172040719 0.00361757365
v 0.138731495 0.171848291 0.0024286397
v 0.140614546 0.171188536 0.00587860988
v 0.141913439 0.169463551 0.00715001323
v 0.141322409 0.170260755 0.00760359497
v 0.141562944 0.169924005 0.00515013012
v 0.140332776 0.171277877 0.00535630364
v 0.141219322 0.168219637 0.00508827807
v 0.141700393 0.168384576 0.00710877853
v 0.140834465 0.167848525 0.00751425311
v 0.141281174 0.170006474 0.00463469633
v 0.139954791 0.171085449 0.0048752321
v 0.14076574 0.169999602 0.00425671155
v 0.139563061 0.170741826 0.00447662997
v 0.140160964 0.16993775 0.00401617578
v 0.139941046 0.168858775 0.00397494108
v 0.140470225 0.16853577 0.00419485949
v 0.140937551 0.168288361 0.00455909937
v 0.139851704 0.167360581 0.00572054352
v 0.139295036 0.167793545 0.00474465554
v 0.139075117 0.168315851 0.00438041566
v 0.139563061 0.167422433 0.00520510973
v 0.138484087 0.167992846 0.00658647229
v 0.139975408 0.168247127 0.00805717671
v 0.138119847 0.168343341 0.00549375265
v 0.138209189 0.168714453 0.0049302117
v 0.138181699 0.168061571 0.00607791095
v 0.138147336 0.169642234 0.00703318157
v 0.139762362 0.169284867 0.00833207473
v 0.137831204 0.169759066 0.00587173743
v 0.137996143 0.169759066 0.00520510973
v 0.137844949 0.169724704 0.00652462023
v 0.139095735 0.171064832 0.0067101764
v 0.140360266 0.170178285 0.00813277366
v 0.141322409 0.170260755 0.00760359497
v 0.140614546 0.171188536 0.00587860988
v 0.138800219 0.171154173 0.00620161506
v 0.140332776 0.171277877 0.00535630364
v 0.138649025 0.170982362 0.00559683941
v 0.138594046 0.170666229 0.00500580866
v 0.139954791 0.171085449 0.0048752321
v 0.139563061 0.170741826 0.00447662997
v 0.157417688 0.159952079 -0.00845732199
v 0.15753452 0.158570716 -0.00983868455
v 0.157094683 0.158941829 -0.00875283736
v 0.158132423 0.160467513 -0.0092888885
v 0.15820802 0.160563727 -0.00946069977
v 0.157568882 0.158536354 -0.0100448581
v 0.157101555 0.161869493 -0.00818242396
v 0.156867892 0.160701176 -0.00786629124
v 0.158173657 0.160632452 -0.00961189368
v 0.157527647 0.158584461 -0.0102029244
v 0.156716698 0.159319814 -0.0111581951
v 0.157259621 0.161037926 -0.0106633786
v 0.156324968 0.162309329 -0.00966000083
v 0.15706032 0.162144391 -0.00841608728
v 0.154613728 0.162178753 -0.00890403127
v 0.157108428 0.162055049 -0.00827863827
v 0.155026075 0.161986324 -0.00751579626
v 0.153417922 0.160742411 -0.00897275578
v 0.155218504 0.161725171 -0.00735085745
v 0.155857642 0.160625579 -0.00741958195
v 0.155101672 0.161903855 -0.00739209215
v 0.153603478 0.160275084 -0.00759826567
v 0.15363784 0.159079278 -0.00980432229
v 0.153898993 0.160137635 -0.00741958195
v 0.155156652 0.159780268 -0.00746081665
v 0.155280356 0.158797507 -0.00794876064
v 0.153699692 0.160213232 -0.0074676891
v 0.153857758 0.158295818 -0.00858789855
v 0.155101672 0.158447012 -0.0107802103
v 0.153953973 0.158261456 -0.00845044953
v 0.155603361 0.157546721 -0.00974934269
v 0.156716698 0.159319814 -0.0111581951
v 0.157527647 0.158584461 -0.0102029244
v 0.155678958 0.157512359 -0.00959814878
v 0.157568882 0.158536354 -0.0100448581
v 0.154139529 0.158302691 -0.00834736278
v 0.155754555 0.157608573 -0.00941946506
v 0.15753452 0.158570716 -0.00983868455
v 0.156146284 0.158426395 -0.00852604649
v 0.157094683 0.158941829 -0.00875283736
v 0.15820802 0.157931578 -0.00773571468
v 0.157589499 0.15709314 -0.00548155089
v 0.158537897 0.157601701 -0.00570146931
v 0.156709825 0.157120629 -0.0073852197
v 0.157981229 0.158144624 -0.00824427602
v 0.15534908 0.15771166 -0.00647805622
v 0.156730443 0.157464252 -0.0049111375
v 0.15646929 0.157326803 -0.00788690859
v 0.157568882 0.158515737 -0.00857415364
v 0.156283734 0.157821619 -0.00827176582
v 0.157094683 0.158941829 -0.00875283736
v 0.156146284 0.158426395 -0.00852604649
v 0.155101672 0.157924706 -0.00697974512
v 0.155108544 0.158323308 -0.00748830646
v 0.155280356 0.158797507 -0.00794876064
v 0.155156652 0.159780268 -0.00746081665
v 0.155149779 0.159251089 -0.00570146931
v 0.156606739 0.15844014 -0.00442319351
v 0.154895498 0.15947788 -0.00619628575
v 0.156256244 0.160591217 -0.00564648971
v 0.157307729 0.159285451 -0.0043819588
v 0.158304234 0.159361048 -0.00482179564
v 0.154936733 0.159649691 -0.00682167875
v 0.156015708 0.160818008 -0.00614130615
v 0.15784378 0.160714921 -0.00634060721
v 0.15885403 0.158611951 -0.00541282639
v 0.155892004 0.16079739 -0.0067735716
v 0.155857642 0.160625579 -0.00741958195
v 0.157610116 0.160941712 -0.0068422961
v 0.158709709 0.159532859 -0.00727526049
v 0.158537897 0.157601701 -0.00570146931
v 0.15820802 0.157931578 -0.00773571468
v 0.157252749 0.16090735 -0.00737834725
v 0.156867892 0.160701176 -0.00786629124
v 0.158482918 0.159752778 -0.00777694938
v 0.157981229 0.158144624 -0.00824427602
v 0.158001846 0.159890227 -0.00817555151
v 0.157417688 0.159952079 -0.00845732199
v 0.157568882 0.158515737 -0.00857415364
v 0.157094683 0.158941829 -0.00875283736
v 0.166338129 0.146722612 -0.0202779369
v 0.166613027 0.144791453 -0.0205322176
v 0.166042613 0.145561167 -0.0199824216
v 0.167396486 0.145286269 -0.021315677
v 0.166358746 0.146908168 -0.0203741513
v 0.166777966 0.143403218 -0.0219067077
v 0.166276277 0.143788075 -0.0208552228
v 0.165300389 0.143307004 -0.020690284
v 0.1674927 0.145375611 -0.0214806158
v 0.166317511 0.14699751 -0.0205116003
v 0.164949894 0.142502927 -0.0216111924
v 0.164413843 0.143705606 -0.0201748502
v 0.167465211 0.145444336 -0.0216318097
v 0.165678373 0.147183066 -0.021803621
v 0.166640516 0.145884173 -0.0227451467
v 0.166076976 0.144179805 -0.0232811978
v 0.166832945 0.143375728 -0.0221128812
v 0.166798583 0.143416963 -0.0222709476
v 0.164881169 0.142413585 -0.0217967485
v 0.164819317 0.142441075 -0.0219479424
v 0.164413843 0.143361983 -0.0230131723
v 0.163279888 0.143252024 -0.0206490493
v 0.163101204 0.143210789 -0.0207658809
v 0.163018735 0.143252024 -0.0209102024
v 0.162908776 0.144042356 -0.022140371
v 0.163039352 0.145086968 -0.0197418858
v 0.164283266 0.144688366 -0.0196937786
v 0.165004873 0.14551306 -0.0196044368
v 0.162846924 0.145169438 -0.0198037379
v 0.162757582 0.145238162 -0.0199411869
v 0.162688857 0.145705489 -0.0213225494
v 0.164400098 0.14663327 -0.019576947
v 0.166042613 0.145561167 -0.0199824216
v 0.166338129 0.146722612 -0.0202779369
v 0.164290138 0.146811953 -0.0196319266
v 0.166358746 0.146908168 -0.0203741513
v 0.164228286 0.146908168 -0.0197625032
v 0.163919026 0.147107469 -0.0211713555
v 0.166317511 0.14699751 -0.0205116003
v 0.165678373 0.147183066 -0.021803621
v 0.166915415 0.14554055 -0.0183948855
v 0.167795088 0.14341009 -0.0173983802
v 0.167231547 0.144172932 -0.0168485841
v 0.167808833 0.144330999 -0.0192676867
v 0.167465211 0.142413585 -0.0177145129
v 0.166729858 0.145781086 -0.0189103193
v 0.167286527 0.142750335 -0.0197625032
v 0.166489323 0.141932514 -0.0175564465
v 0.167623277 0.14455779 -0.0197831205
v 0.166406853 0.145753596 -0.0194669878
v 0.165747098 0.141987493 -0.0195150949
v 0.165609649 0.142331116 -0.0170478852
v 0.167176568 0.144708984 -0.0202160849
v 0.166042613 0.145561167 -0.0199824216
v 0.166613027 0.144791453 -0.0205322176
v 0.166276277 0.143788075 -0.0208552228
v 0.167100971 0.142970254 -0.0202916818
v 0.166722986 0.143355111 -0.0206421768
v 0.165547797 0.142200539 -0.0200374012
v 0.165396603 0.142695356 -0.0204291309
v 0.165300389 0.143307004 -0.020690284
v 0.164345118 0.142619759 -0.0187041458
v 0.164138944 0.142839677 -0.0192195796
v 0.164193924 0.143238279 -0.0197350134
v 0.164413843 0.143705606 -0.0201748502
v 0.164283266 0.144688366 -0.0196937786
v 0.164138944 0.14416606 -0.0179413038
v 0.165479072 0.143307004 -0.0165668136
v 0.163932771 0.144399723 -0.0184567375
v 0.165286644 0.145471826 -0.0178107272
v 0.16620068 0.144131698 -0.0164774718
v 0.167231547 0.144172932 -0.0168485841
v 0.166915415 0.14554055 -0.0183948855
v 0.16508047 0.145705489 -0.0183192885
v 0.166729858 0.145781086 -0.0189103193
v 0.16401524 0.144571535 -0.0190752581
v 0.165004873 0.145691744 -0.0189584264
v 0.166406853 0.145753596 -0.0194669878
v 0.165004873 0.14551306 -0.0196044368
v 0.166042613 0.145561167 -0.0199824216
v 0.167898175 0.12961021 -0.0292945921
v 0.166503067 0.128586215 -0.0310951741
v 0.167801961 0.129878235 -0.0307309342
v 0.166345001 0.128070781 -0.0297413014
v 0.166709241 0.126929954 -0.031947358
v 0.16793941 0.129513995 -0.0291640155
v 0.166592409 0.126098388 -0.0307515516
v 0.168269287 0.12616024 -0.0326414755
v 0.166406853 0.127988311 -0.0295969799
v 0.168021879 0.129321567 -0.0291090359
v 0.168454843 0.125184352 -0.0315693732
v 0.170008017 0.126854357 -0.032648348
v 0.166585537 0.127892097 -0.0295145105
v 0.168544185 0.128160123 -0.029095291
v 0.167774471 0.127397281 -0.0293152094
v 0.167898175 0.126421393 -0.0298168983
v 0.166654261 0.12605028 -0.0306003577
v 0.170523451 0.126009046 -0.0315831181
v 0.170612793 0.12849 -0.0319679753
v 0.166812328 0.126070898 -0.0304560362
v 0.168489206 0.125143117 -0.0314113069
v 0.168537313 0.125218714 -0.0312188782
v 0.168819083 0.125967811 -0.0302223729
v 0.171245058 0.127953949 -0.0307790414
v 0.169630032 0.129837001 -0.0311157915
v 0.170530324 0.125954066 -0.0314181793
v 0.170454727 0.125988428 -0.0312257507
v 0.169843078 0.126380158 -0.0302292454
v 0.170200446 0.127342301 -0.0298306432
v 0.170076742 0.129562103 -0.0297619187
v 0.167801961 0.129878235 -0.0307309342
v 0.167898175 0.12961021 -0.0292945921
v 0.171245058 0.127878352 -0.0306278475
v 0.170090487 0.129459016 -0.0296175973
v 0.16793941 0.129513995 -0.0291640155
v 0.171121354 0.12778901 -0.0304766536
v 0.17004238 0.12927346 -0.0295351278
v 0.168021879 0.129321567 -0.0291090359
v 0.16962316 0.128132633 -0.0293289543
v 0.168544185 0.128160123 -0.029095291
v 0.168461716 0.128311317 -0.0284492807
v 0.167774471 0.127397281 -0.0293152094
v 0.168544185 0.128160123 -0.029095291
v 0.167423976 0.127280449 -0.028744796
v 0.168454843 0.128304444 -0.0278032703
v 0.167588915 0.125960938 -0.0294251686
v 0.167898175 0.126421393 -0.0298168983
v 0.168819083 0.125967811 -0.0302223729
v 0.16723842 0.127094893 -0.0281468928
v 0.168564803 0.128036419 -0.0272809641
v 0.168832828 0.125342418 -0.0299749647
v 0.169843078 0.126380158 -0.0302292454
v 0.167362124 0.12683374 -0.0276245866
v 0.169190196 0.126586331 -0.0258996015
v 0.168427354 0.125830362 -0.0261126475
v 0.168551058 0.124861346 -0.0266143364
v 0.167430848 0.125548591 -0.0289440971
v 0.16754768 0.125301183 -0.0284149184
v 0.16889468 0.124826984 -0.0295901075
v 0.168997767 0.124579576 -0.0290540563
v 0.169465094 0.124407765 -0.0270129385
v 0.170221063 0.125899086 -0.0299818371
v 0.170516579 0.125479867 -0.0295969799
v 0.170612793 0.125225586 -0.0290609288
v 0.170482216 0.124813239 -0.0270198109
v 0.170709007 0.127204852 -0.029445786
v 0.170200446 0.127342301 -0.0298306432
v 0.16962316 0.128132633 -0.0293289543
v 0.171086992 0.127005551 -0.0289647145
v 0.171176334 0.126744398 -0.0284355358
v 0.170839584 0.125775382 -0.0266280813
v 0.169925548 0.128276954 -0.0287585409
v 0.168544185 0.128160123 -0.029095291
v 0.168461716 0.128311317 -0.0284492807
v 0.170166084 0.128263209 -0.0281675102
v 0.168454843 0.128304444 -0.0278032703
v 0.17026917 0.127995184 -0.0276383315
v 0.170262298 0.126565714 -0.0261263924
v 0.168564803 0.128036419 -0.0272809641
v 0.169190196 0.126586331 -0.0258996015
v 0.218699329 0.132372935 -0.0327583072
v 0.21757912 0.13092972 -0.0344626749
v 0.218781799 0.132338573 -0.0342152667
v 0.21726986 0.130689184 -0.0330538225
v 0.217950232 0.129149756 -0.0349162566
v 0.218726819 0.13230421 -0.0326071132
v 0.217709697 0.12857247 -0.0335967461
v 0.219606493 0.128345679 -0.0352392618
v 0.217317967 0.130641077 -0.0328957562
v 0.218809289 0.132139272 -0.0325040265
v 0.21968209 0.127617199 -0.0339747309
v 0.221310861 0.129122266 -0.0351842822
v 0.217482906 0.130579225 -0.0327720521
v 0.219359085 0.131032807 -0.0321878938
v 0.218651222 0.13020124 -0.0323322152
v 0.218871141 0.129149756 -0.0326002408
v 0.217750931 0.128551852 -0.0334318073
v 0.221709463 0.12854498 -0.0339128789
v 0.221771315 0.130895358 -0.0347925525
v 0.21788838 0.128613704 -0.033273741
v 0.219702707 0.127610327 -0.0338097921
v 0.219723325 0.127727158 -0.0336311084
v 0.219847029 0.128675556 -0.0327926694
v 0.222259259 0.130654822 -0.0334455522
v 0.220644233 0.132324828 -0.0343664606
v 0.22170259 0.128524363 -0.0337410676
v 0.221599504 0.128586215 -0.0335692563
v 0.220850407 0.129136011 -0.0327583072
v 0.221125305 0.130180623 -0.0325315163
v 0.220919131 0.13235919 -0.0329369909
v 0.218781799 0.132338573 -0.0342152667
v 0.218699329 0.132372935 -0.0327583072
v 0.222238642 0.130606715 -0.0332874859
v 0.220919131 0.132290465 -0.0327789245
v 0.218726819 0.13230421 -0.0326071132
v 0.222108065 0.130537991 -0.0331431644
v 0.220864151 0.132118654 -0.0326689653
v 0.218809289 0.132139272 -0.0325040265
v 0.220458677 0.131025935 -0.0322772356
v 0.219359085 0.131032807 -0.0321878938
v 0.219194146 0.131307705 -0.031596863
v 0.218651222 0.13020124 -0.0323322152
v 0.219359085 0.131032807 -0.0321878938
v 0.218232003 0.130180623 -0.0317961641
v 0.219097932 0.131431409 -0.03097147
v 0.218527518 0.128764898 -0.032160404
v 0.218871141 0.129149756 -0.0326002408
v 0.219847029 0.128675556 -0.0327926694
v 0.217977722 0.130111899 -0.0311982609
v 0.219152911 0.131280215 -0.0303941842
v 0.219853901 0.128118888 -0.0324146846
v 0.220850407 0.129136011 -0.0327583072
v 0.218039574 0.129967577 -0.030620975
v 0.219640855 0.130187496 -0.0286760715
v 0.218932993 0.129355929 -0.028820393
v 0.219152911 0.128318189 -0.0290884186
v 0.218321345 0.128448766 -0.0316243528
v 0.218376324 0.128318189 -0.031047067
v 0.219874519 0.127699668 -0.0319267406
v 0.219922626 0.127575964 -0.0313425823
v 0.220121927 0.12784399 -0.0292739747
v 0.221214646 0.128744281 -0.0323734499
v 0.221468927 0.128428148 -0.031871761
v 0.221503289 0.128297572 -0.0312876027
v 0.221118432 0.128297572 -0.0292396125
v 0.221386458 0.129335312 -0.0290128216
v 0.221578886 0.130153133 -0.0320641897
v 0.221125305 0.130180623 -0.0325315163
v 0.220458677 0.131025935 -0.0322772356
v 0.221895019 0.130084409 -0.0315075212
v 0.220678595 0.131300833 -0.0317205671
v 0.219359085 0.131032807 -0.0321878938
v 0.219194146 0.131307705 -0.031596863
v 0.220843534 0.131417664 -0.031108919
v 0.219097932 0.131431409 -0.03097147
v 0.221929381 0.129940087 -0.0309302353
v 0.220884769 0.13126647 -0.0305316332
v 0.219152911 0.131280215 -0.0303941842
v 0.220733575 0.130173751 -0.0287585409
v 0.219640855 0.130187496 -0.0286760715
v 0.217104921 0.149244801 -0.0277757805
v 0.217482906 0.147320515 -0.027707056
v 0.21685064 0.148131464 -0.0273084539
v 0.21828011 0.147719117 -0.0285248776
v 0.217125538 0.14940974 -0.0278994846
v 0.217785294 0.145739851 -0.0288272654
v 0.21721488 0.146262157 -0.0278719948
v 0.216252737 0.145753596 -0.0276795662
v 0.218376324 0.147787841 -0.0286966889
v 0.217084304 0.149478464 -0.0280506785
v 0.215984712 0.144798325 -0.028469898
v 0.215318084 0.14618656 -0.0272672192
v 0.218355707 0.147835949 -0.0288547552
v 0.216500145 0.149423485 -0.0293839339
v 0.217565375 0.148042122 -0.0300574341
v 0.217111793 0.146248413 -0.0303392046
v 0.217847146 0.145677999 -0.0290196941
v 0.217819656 0.145698616 -0.0291915053
v 0.215929732 0.144674621 -0.0286348368
v 0.215874752 0.144681494 -0.0287997756
v 0.215483023 0.145389356 -0.0300093269
v 0.214239109 0.14559553 -0.027707056
v 0.214067298 0.145526805 -0.0278307601
v 0.213991701 0.14554055 -0.027981954
v 0.213902359 0.146117836 -0.0293220819
v 0.213861124 0.147540433 -0.0271228977
v 0.215118783 0.147224301 -0.0269579589
v 0.215799155 0.148090229 -0.0269717038
v 0.213668696 0.147595413 -0.0272053671
v 0.213586226 0.14764352 -0.0273496886
v 0.213558736 0.147884056 -0.0287929032
v 0.2151394 0.149162332 -0.0271503875
v 0.21685064 0.148131464 -0.0273084539
v 0.217104921 0.149244801 -0.0277757805
v 0.215029441 0.14932727 -0.0272397294
v 0.217125538 0.14940974 -0.0278994846
v 0.214960716 0.149389122 -0.0273840508
v 0.214720181 0.14935476 -0.028820393
v 0.217084304 0.149478464 -0.0280506785
v 0.216500145 0.149423485 -0.0293839339
v 0.217640972 0.148413234 -0.0257003004
v 0.218568753 0.146516438 -0.0243464277
v 0.21794336 0.147327387 -0.0239478255
v 0.218637477 0.147128086 -0.0263325659
v 0.218300727 0.145464953 -0.024504494
v 0.217469161 0.148550683 -0.0262569689
v 0.218211385 0.145458081 -0.0265868466
v 0.217345457 0.144963264 -0.0243120654
v 0.218465666 0.147258663 -0.0268892344
v 0.217180518 0.148420107 -0.0268136374
v 0.216699446 0.144667749 -0.0262844587
v 0.216417676 0.145389356 -0.0239134633
v 0.218025829 0.147320515 -0.0273496886
v 0.21685064 0.148131464 -0.0273084539
v 0.217482906 0.147320515 -0.027707056
v 0.21721488 0.146262157 -0.0278719948
v 0.218039574 0.145581785 -0.0271503875
v 0.217668462 0.145884173 -0.0275764794
v 0.21651389 0.144784581 -0.0268411272
v 0.216362696 0.1452038 -0.0273153263
v 0.216252737 0.145753596 -0.0276795662
v 0.215228742 0.145341249 -0.0256453208
v 0.215036313 0.145464953 -0.0262019893
v 0.215105038 0.145781086 -0.0267655303
v 0.215318084 0.14618656 -0.0272672192
v 0.215118783 0.147224301 -0.0269579589
v 0.214912609 0.146976892 -0.0251505044
v 0.216218375 0.146420224 -0.0235973306
v 0.214720181 0.147114341 -0.0257003004
v 0.215984712 0.14834451 -0.0251779942
v 0.216898747 0.147286153 -0.0236179479
v 0.21794336 0.147327387 -0.0239478255
v 0.217640972 0.148413234 -0.0257003004
v 0.215799155 0.148488831 -0.0257277902
v 0.217469161 0.148550683 -0.0262569689
v 0.21483014 0.147189938 -0.0263394383
v 0.215751048 0.148365127 -0.0263600557
v 0.217180518 0.148420107 -0.0268136374
v 0.215799155 0.148090229 -0.0269717038
v 0.21685064 0.148131464 -0.0273084539
v 0.210775394 0.166137284 -0.0223396721
v 0.211208358 0.164247361 -0.0220510292
v 0.210541731 0.165072055 -0.0217623863
v 0.21202618 0.164584111 -0.0228825957
v 0.210789139 0.166288478 -0.0224839936
v 0.211600088 0.16256361 -0.0229856825
v 0.210981567 0.163168386 -0.0221060088
v 0.210033169 0.162652952 -0.0218860904
v 0.212122394 0.16463909 -0.0230612794
v 0.210754777 0.166336586 -0.0226420599
v 0.209820123 0.161601467 -0.0225733354
v 0.209077899 0.163085916 -0.0215493403
v 0.212101777 0.16466658 -0.0232262182
v 0.210211853 0.166116667 -0.0239753153
v 0.211345807 0.164714687 -0.0244632593
v 0.21096095 0.162879743 -0.0245594736
v 0.211668813 0.162488013 -0.0231643662
v 0.211648195 0.162488013 -0.0233361774
v 0.209778889 0.161464018 -0.0227245293
v 0.209730781 0.161443401 -0.0228894682
v 0.209352797 0.162006942 -0.0241814889
v 0.208026414 0.162419289 -0.0219548149
v 0.207868347 0.162329947 -0.0220716465
v 0.20779275 0.162323074 -0.0222228405
v 0.207724026 0.162749166 -0.0236248204
v 0.207572832 0.164398554 -0.0215974475
v 0.20883049 0.164144274 -0.0213637841
v 0.207373531 0.164439789 -0.0216867893
v 0.207297934 0.164460407 -0.0218379832
v 0.207311679 0.164542876 -0.0233018152
v 0.208796128 0.166054815 -0.0217692587
v 0.209483373 0.16503082 -0.021453126
v 0.210541731 0.165072055 -0.0217623863
v 0.210775394 0.166137284 -0.0223396721
v 0.208679297 0.166206009 -0.0218723455
v 0.210789139 0.166288478 -0.0224839936
v 0.208617445 0.166247244 -0.0220235394
v 0.208418143 0.166047943 -0.0234598816
v 0.210754777 0.166336586 -0.0226420599
v 0.210211853 0.166116667 -0.0239753153
v 0.211277083 0.165553126 -0.0201748502
v 0.212218609 0.163855631 -0.0185941866
v 0.211551981 0.164680325 -0.0183055436
v 0.212328568 0.164247361 -0.0206353044
v 0.211991818 0.162783529 -0.0186422937
v 0.211112144 0.165628723 -0.0207452636
v 0.2119712 0.162549865 -0.0207177738
v 0.211050292 0.162274967 -0.0184223753
v 0.212170501 0.164316085 -0.0212057178
v 0.210844118 0.165429422 -0.0212950596
v 0.210473006 0.161738916 -0.0203672788
v 0.210095021 0.162707932 -0.0180993701
v 0.21174441 0.16430234 -0.0216867893
v 0.210541731 0.165072055 -0.0217623863
v 0.211208358 0.164247361 -0.0220510292
v 0.210981567 0.163168386 -0.0221060088
v 0.211813134 0.162604845 -0.0212950596
v 0.211442022 0.162845381 -0.0217623863
v 0.210308067 0.161787023 -0.0209376922
v 0.210156873 0.162144391 -0.0214599984
v 0.210033169 0.162652952 -0.0218860904
v 0.208961067 0.162426161 -0.019851845
v 0.208782383 0.162481141 -0.020415386
v 0.20885798 0.162735421 -0.0210132892
v 0.209077899 0.163085916 -0.0215493403
v 0.20857621 0.164089294 -0.0195494572
v 0.209854486 0.163759417 -0.0179069415
v 0.208397526 0.164158019 -0.0201129981
v 0.20852123 0.164171764 -0.020752136
v 0.20883049 0.164144274 -0.0213637841
v 0.209607077 0.165484402 -0.0196937786
v 0.210500496 0.16463909 -0.0180031558
v 0.211551981 0.164680325 -0.0183055436
v 0.211277083 0.165553126 -0.0201748502
v 0.209435266 0.165559999 -0.020264192
v 0.211112144 0.165628723 -0.0207452636
v 0.209407776 0.16536757 -0.0208758401
v 0.209483373 0.16503082 -0.021453126
v 0.210844118 0.165429422 -0.0212950596
v 0.210541731 0.165072055 -0.0217623863
v 0.20305076 0.181373507 -0.0170066505
v 0.203421872 0.179449221 -0.016937926
v 0.202796479 0.18026017 -0.0165393238
v 0.204225949 0.179847823 -0.0177488751
v 0.203064504 0.181538446 -0.0171303546
v 0.20372426 0.177868558 -0.0180650079
v 0.203153846 0.178390864 -0.0171028648
v 0.202191703 0.177889175 -0.0169104362
v 0.204322163 0.179916548 -0.0179275589
v 0.203030142 0.181607171 -0.0172815485
v 0.201923678 0.176927032 -0.0177076404
v 0.20125705 0.178315267 -0.0165049616
v 0.204301546 0.179964655 -0.0180856252
v 0.202445984 0.181552191 -0.0186148039
v 0.203511214 0.180177701 -0.0192883041
v 0.203057632 0.178383991 -0.0195700745
v 0.203786112 0.177813578 -0.0182574365
v 0.203758622 0.177827323 -0.0184223753
v 0.201868698 0.176803328 -0.0178725793
v 0.201813718 0.1768102 -0.0180375181
v 0.201428861 0.177524935 -0.0192470694
v 0.200178075 0.177724236 -0.0169447984
v 0.200006264 0.177662384 -0.0170685025
v 0.199930667 0.177676129 -0.0172196964
v 0.199841325 0.178253415 -0.0185598243
v 0.19980009 0.17966914 -0.0163606401
v 0.201057749 0.179353007 -0.0161957013
v 0.201738121 0.180218936 -0.0162094462
v 0.199607662 0.179730992 -0.0164431095
v 0.199525192 0.179772226 -0.016587431
v 0.199504575 0.180012762 -0.0180237732
v 0.201078366 0.181291038 -0.0163881299
v 0.202796479 0.18026017 -0.0165393238
v 0.20305076 0.181373507 -0.0170066505
v 0.200968407 0.181455977 -0.0164705993
v 0.203064504 0.181538446 -0.0171303546
v 0.200906555 0.181524701 -0.0166149208
v 0.200659147 0.181483467 -0.018051263
v 0.203030142 0.181607171 -0.0172815485
v 0.202445984 0.181552191 -0.0186148039
v 0.203579938 0.180535068 -0.0149311704
v 0.204507719 0.178638272 -0.0135772977
v 0.203882326 0.179449221 -0.0131786955
v 0.204576444 0.179256793 -0.0155634359
v 0.204239694 0.177586787 -0.013735364
v 0.203408127 0.18067939 -0.0154878389
v 0.204150352 0.177586787 -0.015824589
v 0.203284423 0.177091971 -0.0135498078
v 0.204404632 0.179387369 -0.0161201044
v 0.203119484 0.180548813 -0.0160445074
v 0.202638413 0.176796455 -0.0155222012
v 0.202356642 0.17751119 -0.0131443333
v 0.203971668 0.179449221 -0.016587431
v 0.202796479 0.18026017 -0.0165393238
v 0.203421872 0.179449221 -0.016937926
v 0.203153846 0.178390864 -0.0171028648
v 0.20397854 0.177710491 -0.0163812575
v 0.203607428 0.178012879 -0.0168073494
v 0.202452856 0.176913287 -0.0160788697
v 0.202301662 0.177332506 -0.0165530687
v 0.202191703 0.177889175 -0.0169104362
v 0.201167708 0.177469955 -0.0148830633
v 0.200975279 0.17759366 -0.0154328593
v 0.201044004 0.177909792 -0.0160032727
v 0.20125705 0.178315267 -0.0165049616
v 0.201057749 0.179353007 -0.0161957013
v 0.200851575 0.179105599 -0.0143882468
v 0.202157341 0.17854893 -0.012835073
v 0.200659147 0.179236175 -0.0149380429
v 0.20193055 0.180473216 -0.0144157366
v 0.202837714 0.179407986 -0.0128488179
v 0.203882326 0.179449221 -0.0131786955
v 0.203579938 0.180535068 -0.0149311704
v 0.201738121 0.180610665 -0.0149586602
v 0.203408127 0.18067939 -0.0154878389
v 0.200769106 0.179318645 -0.0155771808
v 0.201696887 0.180493834 -0.0155977981
v 0.203119484 0.180548813 -0.0160445074
v 0.201738121 0.180218936 -0.0162094462
v 0.202796479 0.18026017 -0.0165393238
v 0.192439696 0.193922602 -0.0119279095
v 0.192879533 0.192032678 -0.0116186492
v 0.192206033 0.192864245 -0.0113368788
v 0.193697354 0.192369428 -0.0124502158
v 0.192453441 0.194073796 -0.012072231
v 0.193278135 0.190348928 -0.0125395576
v 0.192652742 0.190953703 -0.0116667564
v 0.191704344 0.19043827 -0.011446838
v 0.193793569 0.192424408 -0.0126288995
v 0.192419079 0.194121903 -0.0122302973
v 0.19149817 0.189379912 -0.0121272106
v 0.190742201 0.190871234 -0.0111169604
v 0.193772951 0.192445025 -0.0127938383
v 0.191883027 0.19388824 -0.0135635528
v 0.193023854 0.192479387 -0.0140377518
v 0.192645869 0.190651316 -0.0141133488
v 0.193346859 0.190266458 -0.0127182413
v 0.193326242 0.190266458 -0.0128900526
v 0.191456935 0.189242463 -0.0122784045
v 0.191408828 0.189221846 -0.0124433433
v 0.191030844 0.189771642 -0.0137422365
v 0.189704461 0.190197734 -0.0115224349
v 0.189539522 0.190108392 -0.0116323941
v 0.189463925 0.19010152 -0.0117904605
v 0.189402073 0.190513867 -0.0131924404
v 0.189237134 0.192183872 -0.0111788124
v 0.190494792 0.191936464 -0.0109382766
v 0.189044705 0.192218234 -0.0112750267
v 0.188962236 0.192245724 -0.0114262206
v 0.188982853 0.192314449 -0.0128831801
v 0.190453558 0.193840133 -0.0113643686
v 0.191147675 0.192816138 -0.0110344909
v 0.192206033 0.192864245 -0.0113368788
v 0.192439696 0.193922602 -0.0119279095
v 0.190343598 0.193984454 -0.0114674553
v 0.192453441 0.194073796 -0.012072231
v 0.190281746 0.194032561 -0.0116186492
v 0.190089318 0.193812643 -0.013048119
v 0.192419079 0.194121903 -0.0122302973
v 0.191883027 0.19388824 -0.0135635528
v 0.192934512 0.193359061 -0.00975621514
v 0.193876038 0.191675311 -0.00815493416
v 0.19320941 0.192500005 -0.00787316369
v 0.193985997 0.192053296 -0.010196052
v 0.193649247 0.190603208 -0.00819616886
v 0.192769574 0.193427786 -0.0103266285
v 0.193635502 0.190348928 -0.0102716489
v 0.192707721 0.190087775 -0.00797625045
v 0.193834803 0.192115148 -0.0107664654
v 0.19250842 0.193221612 -0.0108764246
v 0.192137308 0.189537979 -0.00992115395
v 0.191752451 0.190520739 -0.00766011772
v 0.193415584 0.19209453 -0.0112544094
v 0.192206033 0.192864245 -0.0113368788
v 0.192879533 0.192032678 -0.0116186492
v 0.192652742 0.190953703 -0.0116667564
v 0.193477436 0.190403907 -0.0108420623
v 0.193113196 0.190637571 -0.0113162614
v 0.191972369 0.189586086 -0.0104915674
v 0.191828048 0.189936581 -0.0110138736
v 0.191704344 0.19043827 -0.011446838
v 0.190625369 0.190225224 -0.00941259261
v 0.190453558 0.190273331 -0.00998300601
v 0.190522282 0.190527611 -0.0105809092
v 0.190742201 0.190871234 -0.0111169604
v 0.190233639 0.191895229 -0.00912394969
v 0.191505043 0.191579096 -0.00748143401
v 0.190054956 0.191957081 -0.00969436309
v 0.190185532 0.191963954 -0.010333501
v 0.190494792 0.191936464 -0.0109382766
v 0.191264507 0.193290337 -0.00928201605
v 0.192151053 0.19245877 -0.00757764831
v 0.19320941 0.192500005 -0.00787316369
v 0.192934512 0.193359061 -0.00975621514
v 0.191092696 0.193359061 -0.009845557
v 0.192769574 0.193427786 -0.0103266285
v 0.191072078 0.19315976 -0.0104640775
v 0.191147675 0.192816138 -0.0110344909
v 0.19250842 0.193221612 -0.0108764246
v 0.192206033 0.192864245 -0.0113368788
v 0.178454259 0.205482064 -0.00595574998
v 0.178887223 0.20359214 -0.00567397951
v 0.178220596 0.204416834 -0.00537846413
v 0.179698173 0.20392889 -0.00649867358
v 0.178468004 0.20564013 -0.00609319899
v 0.179272081 0.201915262 -0.00661550524
v 0.178660433 0.202513165 -0.00572895911
v 0.177705162 0.201997731 -0.00551591315
v 0.179794387 0.20398387 -0.00667735729
v 0.178433642 0.205688237 -0.00625126536
v 0.177492116 0.200953119 -0.0062031582
v 0.176749891 0.202430696 -0.00517916307
v 0.179780642 0.204011359 -0.0068422961
v 0.177890718 0.205475191 -0.00758452076
v 0.179024672 0.204066339 -0.00808620966
v 0.178632943 0.202238267 -0.00818242396
v 0.179340805 0.201839665 -0.00679418895
v 0.179320188 0.201839665 -0.00696600021
v 0.177444009 0.200808798 -0.00636122456
v 0.177395902 0.200795053 -0.00652616338
v 0.177024789 0.201365466 -0.00781818408
v 0.175698406 0.201764068 -0.00558463765
v 0.17554034 0.201681599 -0.00570146931
v 0.175464743 0.201674726 -0.00585266322
v 0.175396019 0.202107691 -0.00725464314
v 0.175244825 0.203743334 -0.00521352532
v 0.176502483 0.203489053 -0.00498673445
v 0.175052396 0.203784569 -0.00530973963
v 0.174976799 0.203812058 -0.00546093354
v 0.174983671 0.2039014 -0.00691789306
v 0.176468121 0.205399594 -0.00537846413
v 0.177162238 0.204375599 -0.00506920386
v 0.178220596 0.204416834 -0.00537846413
v 0.178454259 0.205482064 -0.00595574998
v 0.176358162 0.205550788 -0.00548155089
v 0.178468004 0.20564013 -0.00609319899
v 0.17629631 0.205598896 -0.00563274481
v 0.176097008 0.205399594 -0.00706908697
v 0.178433642 0.205688237 -0.00625126536
v 0.177890718 0.205475191 -0.00758452076
v 0.178949075 0.204891033 -0.00379092806
v 0.179890601 0.203179793 -0.00221026443
v 0.179230846 0.204004487 -0.0019216215
v 0.18000056 0.203585268 -0.00425138224
v 0.17966381 0.202107691 -0.00227211648
v 0.178791009 0.20496663 -0.00436134145
v 0.179643193 0.201887772 -0.00434759655
v 0.178722285 0.201599129 -0.00205219806
v 0.179842494 0.203653992 -0.00482179564
v 0.178522984 0.204767329 -0.0049111375
v 0.178144999 0.201076823 -0.00400397402
v 0.177767014 0.202032094 -0.00172919289
v 0.179423275 0.20364712 -0.00530286718
v 0.178220596 0.204416834 -0.00537846413
v 0.178887223 0.20359214 -0.00567397951
v 0.178660433 0.202513165 -0.00572895911
v 0.179485127 0.201942752 -0.00491800995
v 0.179114014 0.202183288 -0.00538533659
v 0.177973187 0.20112493 -0.00457438742
v 0.177828866 0.20148917 -0.00508982121
v 0.177705162 0.201997731 -0.00551591315
v 0.17663306 0.201757196 -0.00348166778
v 0.176454376 0.201819048 -0.00404520873
v 0.176529973 0.202080201 -0.00464311193
v 0.176749891 0.202430696 -0.00517916307
v 0.176255075 0.203427201 -0.00316553506
v 0.177526478 0.203083579 -0.00152989182
v 0.176069519 0.203495926 -0.00373594845
v 0.176200095 0.203509671 -0.00437508635
v 0.176502483 0.203489053 -0.00498673445
v 0.177285942 0.204822309 -0.00330985652
v 0.178179361 0.203963252 -0.00161923368
v 0.179230846 0.204004487 -0.0019216215
v 0.178949075 0.204891033 -0.00379092806
v 0.177107259 0.204897906 -0.00387339746
v 0.178791009 0.20496663 -0.00436134145
v 0.177086641 0.204705477 -0.00449191801
v 0.177162238 0.204375599 -0.00506920386
v 0.178522984 0.204767329 -0.0049111375
v 0.178220596 0.204416834 -0.00537846413
v 0.161568648 0.214856086 0.000270690224
v 0.16204972 0.21301427 0.000751761763
v 0.16134873 0.213845836 0.000944190379
v 0.162874414 0.21329604 -8.66772047E-05
v 0.161582393 0.214993535 0.000119496312
v 0.162510174 0.211268667 -1.10802486E-05
v 0.161850418 0.211928423 0.000792996467
v 0.160908893 0.211406116 0.00103353224
v 0.1629775 0.213337275 -0.000265360919
v 0.161548031 0.215027898 -4.54425014E-05
v 0.160750826 0.210292779 0.000442501488
v 0.159933005 0.211839081 0.00130155781
v 0.162963755 0.21335102 -0.000430299733
v 0.161060087 0.21467053 -0.00136495301
v 0.162242148 0.213254805 -0.00169483064
v 0.161912271 0.211412989 -0.00161923368
v 0.162592643 0.211172453 -0.000182891513
v 0.162572026 0.211158708 -0.000354702777
v 0.160716464 0.210134713 0.000298180027
v 0.160668357 0.210100351 0.000140113664
v 0.160317862 0.210533315 -0.0012137591
v 0.158915882 0.211103728 0.000937317929
v 0.158757816 0.211000642 0.000820486269
v 0.158689091 0.210980024 0.000669292357
v 0.158654729 0.211268667 -0.00076704981
v 0.158393576 0.213096739 0.00109538429
v 0.159651234 0.212904311 0.00137715476
v 0.158201147 0.213124229 0.000992297533
v 0.15812555 0.213131101 0.00083423117
v 0.15818053 0.213076122 -0.000622728348
v 0.159575637 0.214766745 0.000799868917
v 0.1602835 0.213797729 0.00122596085
v 0.16134873 0.213845836 0.000944190379
v 0.161568648 0.214856086 0.000270690224
v 0.159458806 0.214897321 0.000676164807
v 0.161582393 0.214993535 0.000119496312
v 0.159396954 0.214931683 0.000518098444
v 0.15924576 0.214588061 -0.00089075392
v 0.161548031 0.215027898 -4.54425014E-05
v 0.161060087 0.21467053 -0.00136495301
v 0.162015357 0.214491847 0.00249736421
v 0.162963755 0.212979907 0.00425671155
v 0.162269638 0.213804602 0.00444914016
v 0.163121822 0.213186081 0.00219497638
v 0.162771327 0.211900933 0.00429794625
v 0.161871036 0.214512464 0.00191320591
v 0.162812562 0.211474841 0.00225682844
v 0.161836674 0.211385499 0.00453848202
v 0.1629775 0.213192953 0.00161081808
v 0.161623628 0.214251311 0.00138402721
v 0.161334985 0.210650147 0.00264168567
v 0.160860786 0.211818463 0.00479963514
v 0.162572026 0.213124229 0.00112287409
v 0.16134873 0.213845836 0.000944190379
v 0.16204972 0.21301427 0.000751761763
v 0.161850418 0.211928423 0.000792996467
v 0.162675113 0.211474841 0.00167954259
v 0.162310873 0.211653525 0.0011778537
v 0.161176918 0.210643274 0.00206439982
v 0.161032597 0.210945662 0.00150773132
v 0.160908893 0.211406116 0.00103353224
v 0.159788683 0.211337392 0.0030540327
v 0.159623744 0.211330519 0.00247674685
v 0.159706214 0.211536693 0.00186509875
v 0.159933005 0.211839081 0.00130155781
v 0.159348846 0.21301427 0.00318460926
v 0.160585888 0.212869948 0.00488210455
v 0.159183908 0.213021142 0.00261419586
v 0.159328229 0.212973035 0.00198193041
v 0.159651234 0.212904311 0.00137715476
v 0.160338479 0.21441625 0.00293720104
v 0.161211281 0.213756494 0.00472403819
v 0.162269638 0.213804602 0.00444914016
v 0.162015357 0.214491847 0.00249736421
v 0.160180413 0.214436867 0.00235991519
v 0.161871036 0.214512464 0.00191320591
v 0.160180413 0.214182586 0.001762012
v 0.1602835 0.213797729 0.00122596085
v 0.161623628 0.214251311 0.00138402721
v 0.16134873 0.213845836 0.000944190379
v 0.143040521 0.220450261 0.00650400288
v 0.143549083 0.218663424 0.00712252343
v 0.142827475 0.219488118 0.00723935509
v 0.144387522 0.21890396 0.00627721201
v 0.143054266 0.220580838 0.00633906407
v 0.144064516 0.216876587 0.00649713043
v 0.143377271 0.217577577 0.00723248264
v 0.142442618 0.217055271 0.00750050821
v 0.144490608 0.21893145 0.0060985283
v 0.143019904 0.220601455 0.00617412525
v 0.142318914 0.215893827 0.00698507442
v 0.141446113 0.217481363 0.00771355418
v 0.144476863 0.21893145 0.00593358948
v 0.142566322 0.220134128 0.0048752321
v 0.143782746 0.218732149 0.00466905858
v 0.143494103 0.216897204 0.00486835965
v 0.144146986 0.2167735 0.00633219162
v 0.144133241 0.21674601 0.00616038035
v 0.142284552 0.215728888 0.00685449786
v 0.142243317 0.215680781 0.0066964315
v 0.141913439 0.216003786 0.00530819648
v 0.14045648 0.216697903 0.00738367655
v 0.140305286 0.216581072 0.00727371734
v 0.140236561 0.216546709 0.00712252343
v 0.140222817 0.216732265 0.00566556391
v 0.139886066 0.218684041 0.007390549
v 0.141143725 0.21853972 0.00771355418
v 0.139693638 0.218697786 0.00728058979
v 0.139624913 0.218690914 0.00712252343
v 0.139707383 0.218532848 0.00567243636
v 0.141033766 0.220354047 0.00699881932
v 0.141755373 0.219433139 0.00750738066
v 0.142827475 0.219488118 0.00723935509
v 0.143040521 0.220450261 0.00650400288
v 0.140916934 0.220477751 0.00686137031
v 0.143054266 0.220580838 0.00633906407
v 0.140861954 0.220491496 0.00670330395
v 0.140745123 0.220044787 0.00532194138
v 0.143019904 0.220601455 0.00617412525
v 0.142566322 0.220134128 0.0048752321
v 0.143452868 0.220257833 0.00875816666
v 0.144394394 0.218897087 0.0106343457
v 0.143679659 0.219714909 0.0107580498
v 0.144586823 0.218958939 0.00856573805
v 0.144222583 0.217818113 0.0107511773
v 0.143315419 0.220230343 0.00817400837
v 0.144318797 0.217247699 0.00875129421
v 0.143294802 0.217295806 0.0110123304
v 0.144456246 0.218917705 0.0079884522
v 0.143088628 0.219927955 0.00765857457
v 0.142848093 0.216423005 0.0091567688
v 0.142305169 0.217721898 0.0112253764
v 0.144064516 0.218807746 0.00749363576
v 0.142827475 0.219488118 0.00723935509
v 0.143549083 0.218663424 0.00712252343
v 0.143377271 0.217577577 0.00723248264
v 0.144188221 0.217199592 0.00816713592
v 0.143830853 0.217343914 0.00765170212
v 0.142703771 0.216368026 0.00857948295
v 0.142566322 0.216629179 0.0080021971
v 0.142442618 0.217055271 0.00750050821
v 0.141281174 0.217096505 0.00949351887
v 0.14112998 0.217048398 0.00891623303
v 0.141219322 0.217213337 0.00829084003
v 0.141446113 0.217481363 0.00771355418
v 0.140800102 0.218766511 0.00950039132
v 0.142002781 0.218780256 0.0112253764
v 0.140642036 0.218732149 0.00892310548
v 0.140806975 0.218649679 0.00829771248
v 0.141143725 0.21853972 0.00771355418
v 0.141769118 0.220175363 0.0091705137
v 0.142614429 0.219666802 0.0110192029
v 0.143679659 0.219714909 0.0107580498
v 0.143452868 0.220257833 0.00875816666
v 0.141617924 0.220147873 0.00859322785
v 0.143315419 0.220230343 0.00817400837
v 0.141638541 0.219852358 0.008015942
v 0.141755373 0.219433139 0.00750738066
v 0.143088628 0.219927955 0.00765857457
v 0.142827475 0.219488118 0.00723935509
v 0.0435617994 -0.197525309 -0.0446476466
v 0.0863428042 -0.197600906 -0.0618768802
v 0.0435686719 -0.197566544 -0.0618768802
v 0.0863290593 -0.197566544 -0.0446476466
v 0.0960535768 -0.19671436 -0.0618768802
v 0.0861847378 -0.197119835 -0.0437404832
v 0.043417478 -0.197085472 -0.0437404832
v 0.04314258 -0.196219544 -0.043280029
v 0.0960329595 -0.196679998 -0.0446476466
v 0.104857186 -0.193752334 -0.0618768802
v 0.0958474033 -0.196253906 -0.0437404832
v 0.0859029673 -0.196253906 -0.043280029
v 0.0954694185 -0.195415467 -0.043280029
v 0.0843223037 -0.189347093 -0.0432456667
v 0.0424141002 -0.189773185 -0.0432456667
v 0.0425996564 -0.188921001 -0.044104723
v 0.0919919585 -0.188618613 -0.0432456667
v 0.0840542781 -0.188515527 -0.044104723
v 0.0425996564 -0.188921001 -0.0490253976
v 0.0840542781 -0.188515527 -0.0490253976
v 0.0916345911 -0.187828282 -0.044104723
v 0.0916345911 -0.187828282 -0.0490253976
v 0.0983489753 -0.185718439 -0.044104723
v 0.0983489753 -0.185718439 -0.0490253976
v 0.104101216 -0.182220362 -0.0490253976
v 0.098878154 -0.186378194 -0.0432456667
v 0.104101216 -0.182220362 -0.044104723
v 0.104128706 -0.192542783 -0.043280029
v 0.108637034 -0.17756084 -0.044104723
v 0.108637034 -0.17756084 -0.0490253976
v 0.111894575 -0.172014773 -0.0490253976
v 0.104802206 -0.182749541 -0.0432456667
v 0.104596033 -0.19331937 -0.0437404832
v 0.111399759 -0.188158159 -0.043280029
v 0.109386131 -0.177993805 -0.0432456667
v 0.111894575 -0.172014773 -0.044104723
v 0.104836569 -0.193711099 -0.0446476466
v 0.1119633 -0.188879767 -0.0437404832
v 0.112251943 -0.189244006 -0.0446476466
v 0.112279433 -0.189278369 -0.0618768802
v 0.118313444 -0.183264974 -0.0618768802
v 0.118285954 -0.183237485 -0.0446476466
v 0.117928587 -0.182962587 -0.0437404832
v 0.117227597 -0.182419663 -0.043280029
v 0.122491894 -0.175787748 -0.0446476466
v 0.122526256 -0.175808366 -0.0618768802
v 0.124979721 -0.167286527 -0.0618768802
v 0.112698652 -0.172365268 -0.0432456667
v 0.121220491 -0.175237952 -0.043280029
v 0.122065802 -0.175602192 -0.0437404832
v 0.124938487 -0.167279654 -0.0446476466
v 0.124491777 -0.16721093 -0.0437404832
v 0.123618976 -0.167066608 -0.043280029
v 0.114457999 -0.165698991 -0.0432456667
v 0.125254619 -0.158077443 -0.0446476466
v 0.125295854 -0.158077443 -0.0618768802
v 0.123509017 -0.148504119 -0.0618768802
v 0.124794165 -0.158118678 -0.0437404832
v 0.123474655 -0.148517864 -0.0446476466
v 0.116636566 -0.123316588 -0.0618768802
v 0.116595332 -0.123316588 -0.0446476466
v 0.116128005 -0.123302843 -0.0437404832
v 0.123021073 -0.148634696 -0.0437404832
v 0.115220841 -0.123275353 -0.043280029
v 0.123880129 -0.158194275 -0.043280029
v 0.122141399 -0.148861487 -0.043280029
v 0.10778485 -0.129694222 -0.0432387943
v 0.113537091 -0.150923222 -0.0432387943
v 0.106932666 -0.130436447 -0.044104723
v 0.114774132 -0.158524152 -0.0432456667
v 0.113894458 -0.158524152 -0.044104723
v 0.11266429 -0.150902605 -0.044104723
v 0.11266429 -0.150902605 -0.0490253976
v 0.106932666 -0.130436447 -0.0490253976
v 0.113894458 -0.158524152 -0.0490253976
v 0.11361956 -0.165520307 -0.044104723
v 0.11361956 -0.165520307 -0.0490253976
v 0.11266429 -0.150902605 -0.0490253976
v 0.0699107749 -0.134058228 -0.0490253976
v 0.106932666 -0.130436447 -0.0490253976
v 0.113894458 -0.158524152 -0.0490253976
v 0.11361956 -0.165520307 -0.0490253976
v 0.111894575 -0.172014773 -0.0490253976
v 0.108637034 -0.17756084 -0.0490253976
v 0.104101216 -0.182220362 -0.0490253976
v 0.0983489753 -0.185718439 -0.0490253976
v 0.0916345911 -0.187828282 -0.0490253976
v 0.0840542781 -0.188515527 -0.0490253976
v 0.0425996564 -0.188921001 -0.0490253976
v 0.0265731017 -0.142593812 -0.0490253976
v 0.0440085087 -0.195353615 -0.0535955773
v 0.0868994727 -0.198851692 -0.0532175925
v 0.0433487535 -0.198693626 -0.0532175925
v 0.0864871256 -0.196343248 -0.0535955773
v 0.0961978983 -0.195601023 -0.0535955773
v 0.0968713984 -0.197903294 -0.0532175925
v 0.105778094 -0.194906906 -0.0532175925
v 0.104685375 -0.192858915 -0.0535955773
v 0.111784616 -0.188611741 -0.0535955773
v 0.113289683 -0.190412323 -0.0532175925
v 0.119323694 -0.184330204 -0.0532175925
v 0.117392536 -0.183079418 -0.0535955773
v 0.121172384 -0.176110753 -0.0535955773
v 0.123536507 -0.176804871 -0.0532175925
v 0.125907502 -0.168159328 -0.0532175925
v 0.123364695 -0.168035624 -0.0535955773
v 0.123426547 -0.159259505 -0.0535955773
v 0.126141165 -0.158812795 -0.0532175925
v 0.12096621 -0.149741161 -0.0535955773
v 0.124374946 -0.149102023 -0.0532175925
v 0.113564581 -0.123000455 -0.0535955773
v 0.116286071 -0.120725674 -0.0532175925
v 0.00672546444 -0.0932839792 -0.0256247035
v 0.0802125783 -0.137150831 -0.0256247035
v 0.00711032168 -0.141288046 -0.0256247035
v 0.0627977886 -0.090809897 -0.0256247035
v 0.0989743683 -0.12890389 -0.0256247035
v 0.120986827 -0.101702731 -0.0256247035
v 0.109901565 -0.120107154 -0.0256247035
v 0.130567024 -0.0331569093 -0.0256247035
v 0.128848911 -0.0784601034 -0.0256247035
v 0.0663714628 0.0131084279 -0.0256247035
v 0.124917869 -0.0107389756 -0.0256247035
v 0.108808845 0.0135276474 -0.0256247035
v 0.100651246 0.0303788961 -0.0256247035
v 0.0972700006 0.0473401041 -0.0256247035
v 0.0613202117 0.198788297 -0.0256247035
v 0.0932771068 0.200918757 -0.0256247035
v 0.102005119 0.136317721 0.0436702155
v 0.102011991 0.13620089 0.0437114502
v 0.102005119 0.136214635 0.0437114502
v 0.102053226 0.136262742 0.0436702155
v 0.102534298 0.134895124 0.0437114502
v 0.102005119 0.136358956 0.0435671287
v 0.102561787 0.134998211 0.0436702155
v 0.102589277 0.134812655 0.0437114502
v 0.102073843 0.136283359 0.0435671287
v 0.102005119 0.136358956 0.0432166338
v 0.102073843 0.136283359 0.0432166338
v 0.10256866 0.135046318 0.0435671287
v 0.10256866 0.135046318 0.0432166338
v 0.102644257 0.134867634 0.0436702155
v 0.102658002 0.134757675 0.0437114502
v 0.102664874 0.134895124 0.0435671287
v 0.102664874 0.134895124 0.0432166338
v 0.102761089 0.134764548 0.0436702155
v 0.103462079 0.134269731 0.0437114502
v 0.102802323 0.13477142 0.0435671287
v 0.102802323 0.13477142 0.0432166338
v 0.103523931 0.134310966 0.0436702155
v 0.103544548 0.134324711 0.0435671287
v 0.103544548 0.134324711 0.0432166338
v 0.10357891 0.134228497 0.0436702155
v 0.103489568 0.134228497 0.0437114502
v 0.103613272 0.134228497 0.0435671287
v 0.103613272 0.134228497 0.0432166338
v 0.103523931 0.134146027 0.0436702155
v 0.103462079 0.134187262 0.0437114502
v 0.102644257 0.133713063 0.0437114502
v 0.103544548 0.134132282 0.0435671287
v 0.103544548 0.134132282 0.0432166338
v 0.102747344 0.133699318 0.0436702155
v 0.102575532 0.133651211 0.0437114502
v 0.102795451 0.133692445 0.0435671287
v 0.102795451 0.133692445 0.0432166338
v 0.102637384 0.133596231 0.0436702155
v 0.102527425 0.133575614 0.0437114502
v 0.102658002 0.133568741 0.0435671287
v 0.102658002 0.133568741 0.0432166338
v 0.102548043 0.133465655 0.0436702155
v 0.101998247 0.132262976 0.0437114502
v 0.102561787 0.133417547 0.0435671287
v 0.102561787 0.133417547 0.0432166338
v 0.102046354 0.132201124 0.0436702155
v 0.101991374 0.132249231 0.0437114502
v 0.102060099 0.132180506 0.0435671287
v 0.102060099 0.132180506 0.0432166338
v 0.101991374 0.132146144 0.0436702155
v 0.101984502 0.132262976 0.0437114502
v 0.101991374 0.132104909 0.0435671287
v 0.101991374 0.132104909 0.0432166338
v 0.101936394 0.132201124 0.0436702155
v 0.101455323 0.133568741 0.0437114502
v 0.10192265 0.132180506 0.0435671287
v 0.10192265 0.132180506 0.0432166338
v 0.101434706 0.133465655 0.0436702155
v 0.101407216 0.133651211 0.0437114502
v 0.101427833 0.133417547 0.0435671287
v 0.101427833 0.133417547 0.0432166338
v 0.101352236 0.133596231 0.0436702155
v 0.101338491 0.13370619 0.0437114502
v 0.101324746 0.133568741 0.0435671287
v 0.101324746 0.133568741 0.0432166338
v 0.101235405 0.133699318 0.0436702155
v 0.100527542 0.134194134 0.0437114502
v 0.10119417 0.133692445 0.0435671287
v 0.10119417 0.133692445 0.0432166338
v 0.100472563 0.134159772 0.0436702155
v 0.100445073 0.134139155 0.0435671287
v 0.100445073 0.134139155 0.0432166338
v 0.100417583 0.134235369 0.0436702155
v 0.100500052 0.134235369 0.0437114502
v 0.100383221 0.134235369 0.0435671287
v 0.100383221 0.134235369 0.0432166338
v 0.100472563 0.134317838 0.0436702155
v 0.100534415 0.134276604 0.0437114502
v 0.101345364 0.134750803 0.0437114502
v 0.100445073 0.134331583 0.0435671287
v 0.100445073 0.134331583 0.0432166338
v 0.101242277 0.134764548 0.0436702155
v 0.101414088 0.134812655 0.0437114502
v 0.101201042 0.13477142 0.0435671287
v 0.101201042 0.13477142 0.0432166338
v 0.101359109 0.134867634 0.0436702155
v 0.101469068 0.134888252 0.0437114502
v 0.101338491 0.134895124 0.0435671287
v 0.101338491 0.134895124 0.0432166338
v 0.101441578 0.134998211 0.0436702155
v 0.101991374 0.13620089 0.0437114502
v 0.101434706 0.135046318 0.0435671287
v 0.101434706 0.135046318 0.0432166338
v 0.101950139 0.136262742 0.0436702155
v 0.102005119 0.136214635 0.0437114502
v 0.102005119 0.136317721 0.0436702155
v 0.101929522 0.136283359 0.0435671287
v 0.101929522 0.136283359 0.0432166338
v 0.102005119 0.136358956 0.0435671287
v 0.102005119 0.136358956 0.0432166338
v 0.101991374 0.132249231 0.0437114502
v 0.101984502 0.132262976 0.0437114502
v 0.101998247 0.132262976 0.0437114502
v 0.101455323 0.133568741 0.0437114502
v 0.102527425 0.133575614 0.0437114502
v 0.101998247 0.134235369 0.0437114502
v 0.101407216 0.133651211 0.0437114502
v 0.102575532 0.133651211 0.0437114502
v 0.101338491 0.13370619 0.0437114502
v 0.102644257 0.133713063 0.0437114502
v 0.101345364 0.134750803 0.0437114502
v 0.100534415 0.134276604 0.0437114502
v 0.100527542 0.134194134 0.0437114502
v 0.100500052 0.134235369 0.0437114502
v 0.101414088 0.134812655 0.0437114502
v 0.101469068 0.134888252 0.0437114502
v 0.102534298 0.134895124 0.0437114502
v 0.101991374 0.13620089 0.0437114502
v 0.102011991 0.13620089 0.0437114502
v 0.102005119 0.136214635 0.0437114502
v 0.102589277 0.134812655 0.0437114502
v 0.102658002 0.134757675 0.0437114502
v 0.103462079 0.134269731 0.0437114502
v 0.103462079 0.134187262 0.0437114502
v 0.103489568 0.134228497 0.0437114502
v 0.102005119 0.128785516 0.0435946185
v 0.102018864 0.128634322 0.0436564706
v 0.102005119 0.128648067 0.0436564706
v 0.102073843 0.128709919 0.0435946185
v 0.102719854 0.126874974 0.0436564706
v 0.102005119 0.128840495 0.0434571695
v 0.102754216 0.127019296 0.0435946185
v 0.102788578 0.126771888 0.0436564706
v 0.102101333 0.128744281 0.0434571695
v 0.102005119 0.128840495 0.0429898429
v 0.102101333 0.128744281 0.0429898429
v 0.102767961 0.127081148 0.0434571695
v 0.102767961 0.127081148 0.0429898429
v 0.102864175 0.126840612 0.0435946185
v 0.102884793 0.126689418 0.0436564706
v 0.102898538 0.126874974 0.0434571695
v 0.102898538 0.126874974 0.0429898429
v 0.103022242 0.126703163 0.0435946185
v 0.10397064 0.126029663 0.0436564706
v 0.103077221 0.126710036 0.0434571695
v 0.103077221 0.126710036 0.0429898429
v 0.104046237 0.126084643 0.0435946185
v 0.104080599 0.12610526 0.0434571695
v 0.104080599 0.12610526 0.0429898429
v 0.104121834 0.125981556 0.0435946185
v 0.104005002 0.125981556 0.0436564706
v 0.104169941 0.125974683 0.0434571695
v 0.104169941 0.125974683 0.0429898429
v 0.104046237 0.125871597 0.0435946185
v 0.103963767 0.125926576 0.0436564706
v 0.102871048 0.125280566 0.0436564706
v 0.104080599 0.125850979 0.0434571695
v 0.104080599 0.125850979 0.0429898429
v 0.103008497 0.125266821 0.0435946185
v 0.102774833 0.125204969 0.0436564706
v 0.103070349 0.125259949 0.0434571695
v 0.103070349 0.125259949 0.0429898429
v 0.10285043 0.125129372 0.0435946185
v 0.102712981 0.125101882 0.0436564706
v 0.102884793 0.12509501 0.0434571695
v 0.102884793 0.12509501 0.0429898429
v 0.102740471 0.124950688 0.0435946185
v 0.102005119 0.123335662 0.0436564706
v 0.102754216 0.124888836 0.0434571695
v 0.102754216 0.124888836 0.0429898429
v 0.102060099 0.123260065 0.0435946185
v 0.101991374 0.123321917 0.0436564706
v 0.102087588 0.123225703 0.0434571695
v 0.102087588 0.123225703 0.0429898429
v 0.101991374 0.123184468 0.0435946185
v 0.101977629 0.123335662 0.0436564706
v 0.101991374 0.123129489 0.0434571695
v 0.101991374 0.123129489 0.0429898429
v 0.101915777 0.123260065 0.0435946185
v 0.101269767 0.12509501 0.0436564706
v 0.10189516 0.123225703 0.0434571695
v 0.10189516 0.123225703 0.0429898429
v 0.101242277 0.124950688 0.0435946185
v 0.101207915 0.125198096 0.0436564706
v 0.101228532 0.124888836 0.0434571695
v 0.101228532 0.124888836 0.0429898429
v 0.101132318 0.125129372 0.0435946185
v 0.1011117 0.125280566 0.0436564706
v 0.101097956 0.12509501 0.0434571695
v 0.101097956 0.12509501 0.0429898429
v 0.100974251 0.125266821 0.0435946185
v 0.100025853 0.125940321 0.0436564706
v 0.100912399 0.125259949 0.0434571695
v 0.100912399 0.125259949 0.0429898429
v 0.0999433838 0.125885342 0.0435946185
v 0.099915894 0.125857852 0.0434571695
v 0.099915894 0.125857852 0.0429898429
v 0.0998746593 0.125988428 0.0435946185
v 0.099991491 0.125988428 0.0436564706
v 0.0998265522 0.125988428 0.0434571695
v 0.0998265522 0.125988428 0.0429898429
v 0.0999502563 0.126098388 0.0435946185
v 0.100025853 0.126043408 0.0436564706
v 0.101125445 0.126689418 0.0436564706
v 0.099915894 0.126119005 0.0434571695
v 0.099915894 0.126119005 0.0429898429
v 0.100987996 0.126703163 0.0435946185
v 0.101214787 0.126765015 0.0436564706
v 0.100926144 0.126710036 0.0434571695
v 0.100926144 0.126710036 0.0429898429
v 0.10113919 0.126840612 0.0435946185
v 0.101283512 0.126868102 0.0436564706
v 0.1011117 0.126874974 0.0434571695
v 0.1011117 0.126874974 0.0429898429
v 0.101256022 0.127019296 0.0435946185
v 0.101991374 0.128634322 0.0436564706
v 0.101242277 0.127074275 0.0434571695
v 0.101242277 0.127074275 0.0429898429
v 0.101936394 0.128709919 0.0435946185
v 0.102005119 0.128648067 0.0436564706
v 0.102005119 0.128785516 0.0435946185
v 0.101908905 0.128744281 0.0434571695
v 0.101908905 0.128744281 0.0429898429
v 0.102005119 0.128840495 0.0434571695
v 0.102005119 0.128840495 0.0429898429
v 0.101991374 0.123321917 0.0436564706
v 0.101977629 0.123335662 0.0436564706
v 0.102005119 0.123335662 0.0436564706
v 0.101269767 0.12509501 0.0436564706
v 0.102712981 0.125101882 0.0436564706
v 0.101998247 0.125981556 0.0436564706
v 0.101207915 0.125198096 0.0436564706
v 0.102774833 0.125204969 0.0436564706
v 0.1011117 0.125280566 0.0436564706
v 0.102871048 0.125280566 0.0436564706
v 0.101125445 0.126689418 0.0436564706
v 0.100025853 0.126043408 0.0436564706
v 0.100025853 0.125940321 0.0436564706
v 0.099991491 0.125988428 0.0436564706
v 0.101214787 0.126765015 0.0436564706
v 0.101283512 0.126868102 0.0436564706
v 0.102719854 0.126874974 0.0436564706
v 0.101991374 0.128634322 0.0436564706
v 0.102018864 0.128634322 0.0436564706
v 0.102005119 0.128648067 0.0436564706
v 0.102788578 0.126771888 0.0436564706
v 0.102884793 0.126689418 0.0436564706
v 0.10397064 0.126029663 0.0436564706
v 0.103963767 0.125926576 0.0436564706
v 0.104005002 0.125981556 0.0436564706
v 0.125728818 -0.148689676 -0.0544477611
v 0.116286071 -0.120725674 -0.0532175925
v 0.117633072 -0.120065919 -0.0544477611
v 0.117839245 -0.120072792 -0.0579733283
v 0.124374946 -0.149102023 -0.0532175925
v 0.125941864 -0.148696548 -0.0579733283
v 0.127481293 -0.158778433 -0.0544477611
v 0.127687467 -0.158819668 -0.0579733283
v 0.126141165 -0.158812795 -0.0532175925
v 0.127357589 -0.168447971 -0.0579733283
v 0.127158288 -0.168372374 -0.0544477611
v 0.125907502 -0.168159328 -0.0532175925
v 0.123536507 -0.176804871 -0.0532175925
v 0.124704823 -0.17727907 -0.0544477611
v 0.124890379 -0.177382157 -0.0579733283
v 0.120457649 -0.185175516 -0.0579733283
v 0.120299582 -0.185044939 -0.0544477611
v 0.119323694 -0.184330204 -0.0532175925
v 0.113289683 -0.190412323 -0.0532175925
v 0.11406627 -0.191367594 -0.0544477611
v 0.114196846 -0.191532532 -0.0579733283
v 0.106479084 -0.196157692 -0.0579733283
v 0.106369125 -0.195979008 -0.0544477611
v 0.105778094 -0.194906906 -0.0532175925
v 0.0968713984 -0.197903294 -0.0532175925
v 0.0972837455 -0.199078483 -0.0544477611
v 0.0973730873 -0.199277784 -0.0579733283
v 0.0873049472 -0.200281162 -0.0579733283
v 0.0872224778 -0.200088733 -0.0544477611
v 0.0868994727 -0.198851692 -0.0532175925
v 0.0433899882 -0.200370504 -0.0579733283
v 0.0433487535 -0.198693626 -0.0532175925
v 0.0433212637 -0.200171203 -0.0544477611
vt 0.793311609 0.00583844941
vt 0.795244058 0.161400632
vt 0.795244058 0.00583844941
vt 0.793311609 0.161400632
vt 0.795244058 0.188454924
vt 0.788480485 0.00583844941
vt 0.793311609 0.188454924
vt 0.795244058 0.211644318
vt 0.788480485 0.161400632
vt 0.786548036 0.00583844941
vt 0.793311609 0.211644318
vt 0.795244058 0.24256351
vt 0.786548036 0.161400632
vt 0.784615586 0.00583844941
vt 0.788480485 0.188454924
vt 0.793311609 0.24256351
vt 0.795244058 0.272516476
vt 0.784615586 0.161400632
vt 0.777852013 0.00583844941
vt 0.786548036 0.188454924
vt 0.788480485 0.211644318
vt 0.777852013 0.161400632
vt 0.775919564 0.00583844941
vt 0.784615586 0.188454924
vt 0.786548036 0.211644318
vt 0.788480485 0.24256351
vt 0.793311609 0.272516476
vt 0.775919564 0.161400632
vt 0.773987114 0.00583844941
vt 0.777852013 0.188454924
vt 0.784615586 0.211644318
vt 0.793311609 0.289908522
vt 0.795244058 0.289908522
vt 0.786548036 0.24256351
vt 0.788480485 0.272516476
vt 0.773987114 0.161400632
vt 0.769155991 0.00583844941
vt 0.775919564 0.188454924
vt 0.777852013 0.211644318
vt 0.784615586 0.24256351
vt 0.786548036 0.272516476
vt 0.769155991 0.161400632
vt 0.767223541 0.00583844941
vt 0.767223541 0.161400632
vt 0.773987114 0.188454924
vt 0.769155991 0.188454924
vt 0.767223541 0.188454924
vt 0.775919564 0.211644318
vt 0.777852013 0.24256351
vt 0.769155991 0.211644318
vt 0.767223541 0.211644318
vt 0.773987114 0.211644318
vt 0.769155991 0.24256351
vt 0.767223541 0.24256351
vt 0.775919564 0.24256351
vt 0.773987114 0.24256351
vt 0.784615586 0.272516476
vt 0.769155991 0.272516476
vt 0.767223541 0.272516476
vt 0.767223541 0.289908522
vt 0.777852013 0.272516476
vt 0.775919564 0.272516476
vt 0.773987114 0.272516476
vt 0.769155991 0.289908522
vt 0.767223541 0.309233016
vt 0.773987114 0.289908522
vt 0.775919564 0.289908522
vt 0.777852013 0.289908522
vt 0.784615586 0.289908522
vt 0.769155991 0.309233016
vt 0.786548036 0.289908522
vt 0.769155991 0.349814455
vt 0.767223541 0.349814455
vt 0.788480485 0.289908522
vt 0.788480485 0.309233016
vt 0.786548036 0.309233016
vt 0.784615586 0.309233016
vt 0.769155991 0.451268053
vt 0.767223541 0.451268053
vt 0.793311609 0.309233016
vt 0.795244058 0.309233016
vt 0.795244058 0.349814455
vt 0.793311609 0.349814455
vt 0.795244058 0.451268053
vt 0.788480485 0.349814455
vt 0.793311609 0.451268053
vt 0.795244058 0.473491221
vt 0.786548036 0.349814455
vt 0.793311609 0.473491221
vt 0.795244058 0.499579289
vt 0.788480485 0.451268053
vt 0.793311609 0.499579289
vt 0.795244058 0.521802458
vt 0.788480485 0.473491221
vt 0.786548036 0.451268053
vt 0.784615586 0.349814455
vt 0.793311609 0.521802458
vt 0.795244058 0.535329605
vt 0.788480485 0.499579289
vt 0.786548036 0.473491221
vt 0.793311609 0.535329605
vt 0.795244058 0.551755425
vt 0.788480485 0.521802458
vt 0.793311609 0.551755425
vt 0.795244058 0.572046145
vt 0.777852013 0.309233016
vt 0.775919564 0.309233016
vt 0.786548036 0.499579289
vt 0.788480485 0.535329605
vt 0.793311609 0.572046145
vt 0.795244058 0.576877268
vt 0.777852013 0.349814455
vt 0.773987114 0.309233016
vt 0.775919564 0.349814455
vt 0.773987114 0.349814455
vt 0.777852013 0.451268053
vt 0.775919564 0.451268053
vt 0.773987114 0.451268053
vt 0.784615586 0.451268053
vt 0.784615586 0.473491221
vt 0.777852013 0.473491221
vt 0.775919564 0.473491221
vt 0.773987114 0.473491221
vt 0.784615586 0.499579289
vt 0.777852013 0.499579289
vt 0.786548036 0.521802458
vt 0.784615586 0.521802458
vt 0.775919564 0.499579289
vt 0.769155991 0.473491221
vt 0.767223541 0.473491221
vt 0.786548036 0.535329605
vt 0.777852013 0.521802458
vt 0.773987114 0.499579289
vt 0.769155991 0.499579289
vt 0.767223541 0.499579289
vt 0.775919564 0.521802458
vt 0.784615586 0.535329605
vt 0.788480485 0.551755425
vt 0.769155991 0.521802458
vt 0.767223541 0.521802458
vt 0.767223541 0.535329605
vt 0.773987114 0.521802458
vt 0.769155991 0.535329605
vt 0.767223541 0.551755425
vt 0.786548036 0.551755425
vt 0.788480485 0.572046145
vt 0.773987114 0.535329605
vt 0.769155991 0.551755425
vt 0.767223541 0.572046145
vt 0.793311609 0.576877268
vt 0.795244058 0.581708392
vt 0.793311609 0.581708392
vt 0.795244058 0.592336864
vt 0.788480485 0.576877268
vt 0.793311609 0.592336864
vt 0.795244058 0.602965336
vt 0.786548036 0.572046145
vt 0.788480485 0.581708392
vt 0.793311609 0.602965336
vt 0.795244058 0.614560033
vt 0.784615586 0.551755425
vt 0.786548036 0.576877268
vt 0.788480485 0.592336864
vt 0.793311609 0.614560033
vt 0.795244058 0.646445449
vt 0.793311609 0.646445449
vt 0.788480485 0.602965336
vt 0.788480485 0.614560033
vt 0.788480485 0.646445449
vt 0.786548036 0.581708392
vt 0.784615586 0.572046145
vt 0.786548036 0.592336864
vt 0.786548036 0.602965336
vt 0.786548036 0.614560033
vt 0.786548036 0.646445449
vt 0.784615586 0.576877268
vt 0.784615586 0.581708392
vt 0.784615586 0.592336864
vt 0.784615586 0.602965336
vt 0.784615586 0.614560033
vt 0.784615586 0.646445449
vt 0.777852013 0.614560033
vt 0.777852013 0.646445449
vt 0.777852013 0.602965336
vt 0.777852013 0.592336864
vt 0.777852013 0.581708392
vt 0.775919564 0.614560033
vt 0.775919564 0.646445449
vt 0.775919564 0.602965336
vt 0.775919564 0.592336864
vt 0.773987114 0.614560033
vt 0.773987114 0.646445449
vt 0.773987114 0.602965336
vt 0.769155991 0.614560033
vt 0.769155991 0.646445449
vt 0.767223541 0.614560033
vt 0.767223541 0.646445449
vt 0.767223541 0.602965336
vt 0.769155991 0.602965336
vt 0.767223541 0.592336864
vt 0.769155991 0.592336864
vt 0.767223541 0.581708392
vt 0.773987114 0.592336864
vt 0.769155991 0.581708392
vt 0.767223541 0.576877268
vt 0.773987114 0.581708392
vt 0.769155991 0.576877268
vt 0.775919564 0.581708392
vt 0.769155991 0.572046145
vt 0.773987114 0.576877268
vt 0.775919564 0.576877268
vt 0.773987114 0.551755425
vt 0.773987114 0.572046145
vt 0.777852013 0.576877268
vt 0.775919564 0.535329605
vt 0.775919564 0.572046145
vt 0.777852013 0.572046145
vt 0.775919564 0.551755425
vt 0.777852013 0.535329605
vt 0.777852013 0.551755425
vt 0.795244058 0.959502264
vt 0.780750687 0.943076443
vt 0.779784463 0.944042668
vt 0.796210283 0.958536039
vt 0.798142733 0.962400938
vt 0.796210283 0.963367162
vt 0.796210283 0.967232061
vt 0.798142733 0.966265837
vt 0.799108957 0.970130736
vt 0.797176508 0.97109696
vt 0.800075182 0.974961859
vt 0.801041407 0.973995635
vt 0.802007632 0.976894309
vt 0.802973856 0.975928084
vt 0.803940081 0.977860533
vt 0.805872531 0.976894309
vt 0.809737429 0.979792983
vt 0.810703654 0.978826758
vt 0.825197025 0.978826758
vt 0.825197025 0.979792983
vt 0.828095699 0.976894309
vt 0.829061924 0.978826758
vt 0.831960598 0.976894309
vt 0.830994374 0.974961859
vt 0.832926823 0.97302941
vt 0.834859273 0.973995635
vt 0.835825497 0.97302941
vt 0.834859273 0.972063185
vt 0.837757947 0.97109696
vt 0.836791722 0.970130736
vt 0.838724172 0.968198286
vt 0.839690396 0.969164511
vt 0.839690396 0.969164511
vt 0.839690396 0.968198286
vt 0.839690396 0.968198286
vt 0.840656621 0.969164511
vt 0.84258907 0.968198286
vt 0.841622846 0.967232061
vt 0.84258907 0.966265837
vt 0.843555295 0.968198286
vt 0.84452152 0.966265837
vt 0.845487745 0.967232061
vt 0.849352644 0.965299612
vt 0.849352644 0.967232061
vt 0.374936298 0.00873712362
vt 0.370105175 0.018399371
vt 0.374936298 0.014534472
vt 0.364307826 0.0164669215
vt 0.362375377 0.0116357978
vt 0.364307826 0.00680467415
vt 0.370105175 0.00583844941
vt 0.78944671 0.80780498
vt 0.797176508 0.811669879
vt 0.794277834 0.805872531
vt 0.793311609 0.813602328
vt 0.799108957 0.817467227
vt 0.78944671 0.808771205
vt 0.794277834 0.818433452
vt 0.801041407 0.823264576
vt 0.792345384 0.813602328
vt 0.78944671 0.808771205
vt 0.796210283 0.824230801
vt 0.801041407 0.830028149
vt 0.79137916 0.814568553
vt 0.787514261 0.811669879
vt 0.788480485 0.815534778
vt 0.78944671 0.820365902
vt 0.794277834 0.819399677
vt 0.796210283 0.830028149
vt 0.800075182 0.836791722
vt 0.793311609 0.819399677
vt 0.795244058 0.824230801
vt 0.794277834 0.824230801
vt 0.790412935 0.825197025
vt 0.795244058 0.835825497
vt 0.797176508 0.84258907
vt 0.795244058 0.830028149
vt 0.794277834 0.830028149
vt 0.790412935 0.830028149
vt 0.793311609 0.840656621
vt 0.795244058 0.848386419
vt 0.790412935 0.846453969
vt 0.794277834 0.834859273
vt 0.794277834 0.834859273
vt 0.78944671 0.833893048
vt 0.788480485 0.838724172
vt 0.792345384 0.840656621
vt 0.790412935 0.846453969
vt 0.792345384 0.840656621
vt 0.78944671 0.845487745
vt 0.787514261 0.84258907
vt 0.785581811 0.811669879
vt 0.788480485 0.815534778
vt 0.787514261 0.811669879
vt 0.786548036 0.815534778
vt 0.783649362 0.811669879
vt 0.787514261 0.820365902
vt 0.78944671 0.820365902
vt 0.790412935 0.825197025
vt 0.784615586 0.816501003
vt 0.781716912 0.811669879
vt 0.788480485 0.825197025
vt 0.790412935 0.830028149
vt 0.782683137 0.816501003
vt 0.774953339 0.814568553
vt 0.775919564 0.818433452
vt 0.776885788 0.821332126
vt 0.785581811 0.820365902
vt 0.788480485 0.830028149
vt 0.78944671 0.833893048
vt 0.783649362 0.821332126
vt 0.786548036 0.825197025
vt 0.783649362 0.825197025
vt 0.776885788 0.825197025
vt 0.786548036 0.829061924
vt 0.783649362 0.829061924
vt 0.776885788 0.829061924
vt 0.787514261 0.833893048
vt 0.785581811 0.833893048
vt 0.783649362 0.833893048
vt 0.776885788 0.832926823
vt 0.775919564 0.836791722
vt 0.786548036 0.838724172
vt 0.788480485 0.838724172
vt 0.787514261 0.84258907
vt 0.785581811 0.843555295
vt 0.784615586 0.838724172
vt 0.783649362 0.843555295
vt 0.782683137 0.837757947
vt 0.781716912 0.84258907
vt 0.774953339 0.839690396
vt 0.364307826 0.0270953936
vt 0.374936298 0.0290278431
vt 0.370105175 0.0261291689
vt 0.374936298 0.0348251915
vt 0.370105175 0.0386900904
vt 0.364307826 0.0377238657
vt 0.362375377 0.0319265173
vt 0.270584027 0.933414196
vt 0.278313825 0.93631287
vt 0.275415151 0.931481746
vt 0.274448926 0.938245319
vt 0.280246274 0.943076443
vt 0.270584027 0.933414196
vt 0.275415151 0.944042668
vt 0.281212499 0.948873791
vt 0.273482701 0.939211544
vt 0.270584027 0.93438042
vt 0.276381375 0.949840016
vt 0.282178724 0.955637365
vt 0.272516476 0.939211544
vt 0.268651578 0.937279095
vt 0.269617802 0.941143994
vt 0.270584027 0.945008892
vt 0.275415151 0.944042668
vt 0.276381375 0.95467114
vt 0.280246274 0.961434713
vt 0.274448926 0.944042668
vt 0.276381375 0.949840016
vt 0.275415151 0.949840016
vt 0.271550252 0.949840016
vt 0.276381375 0.960468488
vt 0.278313825 0.968198286
vt 0.276381375 0.95467114
vt 0.275415151 0.95467114
vt 0.271550252 0.95467114
vt 0.274448926 0.966265837
vt 0.276381375 0.97302941
vt 0.271550252 0.97109696
vt 0.275415151 0.960468488
vt 0.274448926 0.960468488
vt 0.270584027 0.959502264
vt 0.269617802 0.964333387
vt 0.273482701 0.965299612
vt 0.270584027 0.97109696
vt 0.273482701 0.965299612
vt 0.270584027 0.970130736
vt 0.268651578 0.968198286
vt 0.266719128 0.93631287
vt 0.269617802 0.941143994
vt 0.268651578 0.937279095
vt 0.267685353 0.941143994
vt 0.264786679 0.93631287
vt 0.268651578 0.945975117
vt 0.270584027 0.945008892
vt 0.271550252 0.949840016
vt 0.265752903 0.941143994
vt 0.261888004 0.93631287
vt 0.269617802 0.949840016
vt 0.271550252 0.95467114
vt 0.263820454 0.941143994
vt 0.256090656 0.940177769
vt 0.257056881 0.943076443
vt 0.258023105 0.946941342
vt 0.266719128 0.945975117
vt 0.269617802 0.95467114
vt 0.270584027 0.959502264
vt 0.264786679 0.945975117
vt 0.266719128 0.949840016
vt 0.264786679 0.949840016
vt 0.258023105 0.950806241
vt 0.266719128 0.95467114
vt 0.264786679 0.95467114
vt 0.258023105 0.95467114
vt 0.268651578 0.959502264
vt 0.266719128 0.959502264
vt 0.264786679 0.958536039
vt 0.258023105 0.957569814
vt 0.257056881 0.961434713
vt 0.267685353 0.963367162
vt 0.269617802 0.964333387
vt 0.268651578 0.968198286
vt 0.266719128 0.968198286
vt 0.265752903 0.963367162
vt 0.264786679 0.968198286
vt 0.263820454 0.963367162
vt 0.262854229 0.968198286
vt 0.256090656 0.964333387
vt 0.765291092 0.900562555
vt 0.775919564 0.902495004
vt 0.77108844 0.898630105
vt 0.775919564 0.908292353
vt 0.77108844 0.911191027
vt 0.765291092 0.910224802
vt 0.763358642 0.905393678
vt 0.290874746 0.625188505
vt 0.29763832 0.628087179
vt 0.294739645 0.623256056
vt 0.293773421 0.630019629
vt 0.299570769 0.634850752
vt 0.289908522 0.625188505
vt 0.29570587 0.635816977
vt 0.301503219 0.640648101
vt 0.292807196 0.630985853
vt 0.289908522 0.62615473
vt 0.296672095 0.641614325
vt 0.301503219 0.647411674
vt 0.292807196 0.630985853
vt 0.287976072 0.629053404
vt 0.288942297 0.632918303
vt 0.290874746 0.636783202
vt 0.294739645 0.635816977
vt 0.296672095 0.646445449
vt 0.300536994 0.653209022
vt 0.293773421 0.635816977
vt 0.29570587 0.641614325
vt 0.29570587 0.641614325
vt 0.290874746 0.641614325
vt 0.29570587 0.652242798
vt 0.298604544 0.659972595
vt 0.29570587 0.646445449
vt 0.29570587 0.646445449
vt 0.290874746 0.646445449
vt 0.293773421 0.658040146
vt 0.29570587 0.664803719
vt 0.290874746 0.66287127
vt 0.294739645 0.652242798
vt 0.294739645 0.652242798
vt 0.290874746 0.651276573
vt 0.289908522 0.656107697
vt 0.293773421 0.657073921
vt 0.290874746 0.66287127
vt 0.292807196 0.657073921
vt 0.289908522 0.661905045
vt 0.287976072 0.659972595
vt 0.286043623 0.628087179
vt 0.288942297 0.632918303
vt 0.287976072 0.629053404
vt 0.287009847 0.632918303
vt 0.284111173 0.628087179
vt 0.287976072 0.637749427
vt 0.290874746 0.636783202
vt 0.290874746 0.641614325
vt 0.285077398 0.632918303
vt 0.282178724 0.628087179
vt 0.288942297 0.641614325
vt 0.290874746 0.646445449
vt 0.283144949 0.632918303
vt 0.275415151 0.631952078
vt 0.2773476 0.634850752
vt 0.2773476 0.638715651
vt 0.286043623 0.637749427
vt 0.288942297 0.646445449
vt 0.290874746 0.651276573
vt 0.284111173 0.637749427
vt 0.287009847 0.641614325
vt 0.285077398 0.641614325
vt 0.2773476 0.64258055
vt 0.287009847 0.646445449
vt 0.285077398 0.646445449
vt 0.2773476 0.646445449
vt 0.287976072 0.651276573
vt 0.286043623 0.651276573
vt 0.284111173 0.650310348
vt 0.2773476 0.649344123
vt 0.276381375 0.653209022
vt 0.287009847 0.655141472
vt 0.289908522 0.656107697
vt 0.287976072 0.659972595
vt 0.286043623 0.659972595
vt 0.285077398 0.655141472
vt 0.284111173 0.659972595
vt 0.283144949 0.655141472
vt 0.282178724 0.659972595
vt 0.275415151 0.656107697
vt 0.787514261 0.725675877
vt 0.782683137 0.7343719
vt 0.787514261 0.731473226
vt 0.777852013 0.733405675
vt 0.774953339 0.728574552
vt 0.777852013 0.723743428
vt 0.782683137 0.721810979
vt 0.33435486 0.926650623
vt 0.341118433 0.930515521
vt 0.338219758 0.924718173
vt 0.337253534 0.932447971
vt 0.343050882 0.93631287
vt 0.333388635 0.926650623
vt 0.339185983 0.937279095
vt 0.344983332 0.942110218
vt 0.336287309 0.932447971
vt 0.333388635 0.927616847
vt 0.340152208 0.943076443
vt 0.344983332 0.948873791
vt 0.335321084 0.932447971
vt 0.331456185 0.930515521
vt 0.33242241 0.93438042
vt 0.333388635 0.939211544
vt 0.338219758 0.937279095
vt 0.340152208 0.948873791
vt 0.344017107 0.955637365
vt 0.337253534 0.938245319
vt 0.339185983 0.943076443
vt 0.338219758 0.943076443
vt 0.33435486 0.943076443
vt 0.339185983 0.953704915
vt 0.341118433 0.961434713
vt 0.339185983 0.948873791
vt 0.338219758 0.948873791
vt 0.33435486 0.947907567
vt 0.337253534 0.959502264
vt 0.339185983 0.966265837
vt 0.33435486 0.965299612
vt 0.338219758 0.953704915
vt 0.337253534 0.953704915
vt 0.333388635 0.95273869
vt 0.33242241 0.957569814
vt 0.336287309 0.959502264
vt 0.333388635 0.964333387
vt 0.336287309 0.958536039
vt 0.333388635 0.964333387
vt 0.331456185 0.961434713
vt 0.329523736 0.930515521
vt 0.33242241 0.93438042
vt 0.331456185 0.930515521
vt 0.330489961 0.93438042
vt 0.327591286 0.929549297
vt 0.331456185 0.939211544
vt 0.333388635 0.939211544
vt 0.33435486 0.943076443
vt 0.328557511 0.93438042
vt 0.325658837 0.930515521
vt 0.33242241 0.944042668
vt 0.33435486 0.947907567
vt 0.326625062 0.935346645
vt 0.318895264 0.933414196
vt 0.319861489 0.937279095
vt 0.320827713 0.940177769
vt 0.329523736 0.939211544
vt 0.33242241 0.947907567
vt 0.333388635 0.95273869
vt 0.327591286 0.939211544
vt 0.330489961 0.944042668
vt 0.327591286 0.944042668
vt 0.320827713 0.944042668
vt 0.330489961 0.947907567
vt 0.327591286 0.947907567
vt 0.320827713 0.947907567
vt 0.331456185 0.95273869
vt 0.329523736 0.95273869
vt 0.327591286 0.95273869
vt 0.320827713 0.951772466
vt 0.319861489 0.95467114
vt 0.330489961 0.957569814
vt 0.33242241 0.957569814
vt 0.331456185 0.961434713
vt 0.329523736 0.961434713
vt 0.328557511 0.956603589
vt 0.327591286 0.962400938
vt 0.326625062 0.956603589
vt 0.325658837 0.961434713
vt 0.318895264 0.958536039
vt 0.291840971 0.935346645
vt 0.301503219 0.932447971
vt 0.29570587 0.931481746
vt 0.303435668 0.938245319
vt 0.301503219 0.943076443
vt 0.29570587 0.944042668
vt 0.291840971 0.941143994
vt 0.553687875 0.902495004
vt 0.561417672 0.906359903
vt 0.558518998 0.901528779
vt 0.556586549 0.908292353
vt 0.563350122 0.912157251
vt 0.553687875 0.903461229
vt 0.558518998 0.914089701
vt 0.565282571 0.918920825
vt 0.556586549 0.908292353
vt 0.553687875 0.903461229
vt 0.559485223 0.918920825
vt 0.565282571 0.924718173
vt 0.555620324 0.909258577
vt 0.551755425 0.906359903
vt 0.55272165 0.910224802
vt 0.553687875 0.915055926
vt 0.558518998 0.914089701
vt 0.560451448 0.924718173
vt 0.563350122 0.931481746
vt 0.557552773 0.914089701
vt 0.559485223 0.918920825
vt 0.558518998 0.918920825
vt 0.554654099 0.919887049
vt 0.559485223 0.930515521
vt 0.561417672 0.937279095
vt 0.559485223 0.924718173
vt 0.558518998 0.924718173
vt 0.554654099 0.924718173
vt 0.557552773 0.935346645
vt 0.558518998 0.943076443
vt 0.554654099 0.941143994
vt 0.558518998 0.930515521
vt 0.557552773 0.929549297
vt 0.553687875 0.928583072
vt 0.55272165 0.933414196
vt 0.556586549 0.935346645
vt 0.553687875 0.941143994
vt 0.556586549 0.935346645
vt 0.553687875 0.940177769
vt 0.551755425 0.937279095
vt 0.549822976 0.906359903
vt 0.55272165 0.910224802
vt 0.551755425 0.906359903
vt 0.5507892 0.910224802
vt 0.547890526 0.906359903
vt 0.551755425 0.915055926
vt 0.553687875 0.915055926
vt 0.554654099 0.919887049
vt 0.548856751 0.911191027
vt 0.544991852 0.906359903
vt 0.55272165 0.919887049
vt 0.554654099 0.924718173
vt 0.546924301 0.911191027
vt 0.539194503 0.909258577
vt 0.540160728 0.913123476
vt 0.541126953 0.91602215
vt 0.549822976 0.915055926
vt 0.55272165 0.924718173
vt 0.553687875 0.928583072
vt 0.547890526 0.91602215
vt 0.549822976 0.919887049
vt 0.547890526 0.919887049
vt 0.541126953 0.919887049
vt 0.549822976 0.923751948
vt 0.547890526 0.923751948
vt 0.541126953 0.923751948
vt 0.551755425 0.928583072
vt 0.549822976 0.928583072
vt 0.547890526 0.928583072
vt 0.541126953 0.927616847
vt 0.540160728 0.931481746
vt 0.5507892 0.933414196
vt 0.55272165 0.933414196
vt 0.551755425 0.937279095
vt 0.549822976 0.938245319
vt 0.548856751 0.933414196
vt 0.547890526 0.938245319
vt 0.546924301 0.932447971
vt 0.545958077 0.937279095
vt 0.539194503 0.93438042
vt 0.816501003 0.451268053
vt 0.816501003 0.461896525
vt 0.818433452 0.456099176
vt 0.810703654 0.462862749
vt 0.806838755 0.45899785
vt 0.806838755 0.453200502
vt 0.810703654 0.450301828
vt 0.235799936 0.906359903
vt 0.24256351 0.909258577
vt 0.239664835 0.904427454
vt 0.238698611 0.911191027
vt 0.245462184 0.915055926
vt 0.234833712 0.906359903
vt 0.24063106 0.916988375
vt 0.246428409 0.921819499
vt 0.237732386 0.912157251
vt 0.234833712 0.907326128
vt 0.241597285 0.922785724
vt 0.246428409 0.928583072
vt 0.237732386 0.912157251
vt 0.232901262 0.910224802
vt 0.233867487 0.914089701
vt 0.235799936 0.9179546
vt 0.239664835 0.916988375
vt 0.241597285 0.927616847
vt 0.245462184 0.93438042
vt 0.239664835 0.916988375
vt 0.24063106 0.922785724
vt 0.24063106 0.922785724
vt 0.235799936 0.922785724
vt 0.24063106 0.933414196
vt 0.243529734 0.941143994
vt 0.24063106 0.927616847
vt 0.24063106 0.927616847
vt 0.235799936 0.927616847
vt 0.238698611 0.939211544
vt 0.24063106 0.945975117
vt 0.235799936 0.944042668
vt 0.239664835 0.933414196
vt 0.239664835 0.933414196
vt 0.235799936 0.932447971
vt 0.234833712 0.937279095
vt 0.238698611 0.938245319
vt 0.235799936 0.944042668
vt 0.237732386 0.938245319
vt 0.234833712 0.943076443
vt 0.232901262 0.941143994
vt 0.230968813 0.909258577
vt 0.233867487 0.914089701
vt 0.232901262 0.910224802
vt 0.231935038 0.914089701
vt 0.229036363 0.909258577
vt 0.233867487 0.918920825
vt 0.235799936 0.9179546
vt 0.235799936 0.922785724
vt 0.230002588 0.914089701
vt 0.227103914 0.909258577
vt 0.233867487 0.922785724
vt 0.235799936 0.927616847
vt 0.228070139 0.914089701
vt 0.220340341 0.913123476
vt 0.22227279 0.91602215
vt 0.22227279 0.919887049
vt 0.230968813 0.918920825
vt 0.233867487 0.927616847
vt 0.235799936 0.932447971
vt 0.229036363 0.918920825
vt 0.231935038 0.922785724
vt 0.230002588 0.922785724
vt 0.22227279 0.923751948
vt 0.231935038 0.927616847
vt 0.230002588 0.927616847
vt 0.22227279 0.926650623
vt 0.233867487 0.932447971
vt 0.230968813 0.932447971
vt 0.229036363 0.931481746
vt 0.22227279 0.930515521
vt 0.22227279 0.93438042
vt 0.232901262 0.93631287
vt 0.234833712 0.937279095
vt 0.232901262 0.941143994
vt 0.230968813 0.941143994
vt 0.230002588 0.93631287
vt 0.229036363 0.941143994
vt 0.228070139 0.93631287
vt 0.227103914 0.941143994
vt 0.220340341 0.937279095
vt 0.291840971 0.961434713
vt 0.29570587 0.951772466
vt 0.291840971 0.955637365
vt 0.301503219 0.953704915
vt 0.303435668 0.958536039
vt 0.301503219 0.963367162
vt 0.29570587 0.964333387
vt 0.200049621 0.906359903
vt 0.207779419 0.909258577
vt 0.204880745 0.904427454
vt 0.202948295 0.911191027
vt 0.209711869 0.915055926
vt 0.200049621 0.906359903
vt 0.204880745 0.916988375
vt 0.210678093 0.921819499
vt 0.202948295 0.912157251
vt 0.199083397 0.907326128
vt 0.20584697 0.921819499
vt 0.211644318 0.928583072
vt 0.201982071 0.912157251
vt 0.197150947 0.910224802
vt 0.199083397 0.914089701
vt 0.200049621 0.9179546
vt 0.204880745 0.916988375
vt 0.20584697 0.927616847
vt 0.209711869 0.93438042
vt 0.20391452 0.916988375
vt 0.20584697 0.922785724
vt 0.204880745 0.922785724
vt 0.201015846 0.922785724
vt 0.204880745 0.933414196
vt 0.207779419 0.940177769
vt 0.20584697 0.927616847
vt 0.204880745 0.927616847
vt 0.201015846 0.927616847
vt 0.20391452 0.939211544
vt 0.204880745 0.945975117
vt 0.201015846 0.944042668
vt 0.204880745 0.933414196
vt 0.20391452 0.933414196
vt 0.200049621 0.932447971
vt 0.199083397 0.93631287
vt 0.202948295 0.938245319
vt 0.200049621 0.944042668
vt 0.201982071 0.938245319
vt 0.200049621 0.943076443
vt 0.198117172 0.940177769
vt 0.196184722 0.909258577
vt 0.199083397 0.914089701
vt 0.197150947 0.910224802
vt 0.197150947 0.914089701
vt 0.193286048 0.909258577
vt 0.198117172 0.9179546
vt 0.200049621 0.9179546
vt 0.201015846 0.922785724
vt 0.195218498 0.914089701
vt 0.191353599 0.909258577
vt 0.198117172 0.922785724
vt 0.201015846 0.927616847
vt 0.193286048 0.914089701
vt 0.18555625 0.913123476
vt 0.186522475 0.91602215
vt 0.1874887 0.919887049
vt 0.196184722 0.918920825
vt 0.198117172 0.927616847
vt 0.200049621 0.932447971
vt 0.194252273 0.918920825
vt 0.196184722 0.922785724
vt 0.194252273 0.922785724
vt 0.1874887 0.923751948
vt 0.196184722 0.927616847
vt 0.194252273 0.927616847
vt 0.1874887 0.926650623
vt 0.198117172 0.932447971
vt 0.196184722 0.931481746
vt 0.194252273 0.931481746
vt 0.186522475 0.930515521
vt 0.186522475 0.93438042
vt 0.197150947 0.93631287
vt 0.199083397 0.93631287
vt 0.198117172 0.940177769
vt 0.196184722 0.941143994
vt 0.195218498 0.93631287
vt 0.194252273 0.941143994
vt 0.193286048 0.93631287
vt 0.191353599 0.941143994
vt 0.18555625 0.937279095
vt 0.865778464 0.903461229
vt 0.873508262 0.909258577
vt 0.871575813 0.904427454
vt 0.871575813 0.915055926
vt 0.865778464 0.91602215
vt 0.861913565 0.912157251
vt 0.861913565 0.907326128
vt 0.129515216 0.888967858
vt 0.136278789 0.892832757
vt 0.133380115 0.887035408
vt 0.13241389 0.894765206
vt 0.139177463 0.898630105
vt 0.128548991 0.888967858
vt 0.134346339 0.89959633
vt 0.140143688 0.904427454
vt 0.131447665 0.894765206
vt 0.128548991 0.889934083
vt 0.135312564 0.905393678
vt 0.140143688 0.911191027
vt 0.131447665 0.894765206
vt 0.126616541 0.892832757
vt 0.128548991 0.896697656
vt 0.129515216 0.901528779
vt 0.133380115 0.89959633
vt 0.135312564 0.911191027
vt 0.139177463 0.9179546
vt 0.133380115 0.89959633
vt 0.134346339 0.905393678
vt 0.134346339 0.905393678
vt 0.129515216 0.905393678
vt 0.134346339 0.91602215
vt 0.137245013 0.923751948
vt 0.135312564 0.911191027
vt 0.134346339 0.910224802
vt 0.129515216 0.910224802
vt 0.13241389 0.921819499
vt 0.134346339 0.928583072
vt 0.129515216 0.927616847
vt 0.134346339 0.91602215
vt 0.133380115 0.91602215
vt 0.129515216 0.915055926
vt 0.128548991 0.919887049
vt 0.13241389 0.921819499
vt 0.129515216 0.926650623
vt 0.131447665 0.920853274
vt 0.129515216 0.926650623
vt 0.126616541 0.923751948
vt 0.124684092 0.892832757
vt 0.128548991 0.896697656
vt 0.126616541 0.892832757
vt 0.126616541 0.896697656
vt 0.122751642 0.891866532
vt 0.127582766 0.901528779
vt 0.129515216 0.901528779
vt 0.129515216 0.905393678
vt 0.123717867 0.896697656
vt 0.120819193 0.892832757
vt 0.127582766 0.906359903
vt 0.129515216 0.910224802
vt 0.121785418 0.89766388
vt 0.115021845 0.895731431
vt 0.115988069 0.898630105
vt 0.115988069 0.902495004
vt 0.124684092 0.901528779
vt 0.127582766 0.910224802
vt 0.129515216 0.915055926
vt 0.122751642 0.901528779
vt 0.125650317 0.906359903
vt 0.123717867 0.906359903
vt 0.116954294 0.906359903
vt 0.125650317 0.910224802
vt 0.123717867 0.910224802
vt 0.115988069 0.910224802
vt 0.127582766 0.915055926
vt 0.125650317 0.915055926
vt 0.122751642 0.915055926
vt 0.115988069 0.914089701
vt 0.115988069 0.916988375
vt 0.126616541 0.919887049
vt 0.128548991 0.919887049
vt 0.126616541 0.923751948
vt 0.125650317 0.923751948
vt 0.124684092 0.918920825
vt 0.122751642 0.923751948
vt 0.122751642 0.918920825
vt 0.120819193 0.923751948
vt 0.115021845 0.920853274
vt 0.769155991 0.920853274
vt 0.769155991 0.930515521
vt 0.772054665 0.925684398
vt 0.763358642 0.932447971
vt 0.759493743 0.928583072
vt 0.759493743 0.922785724
vt 0.763358642 0.918920825
vt 0.247394633 0.00680467415
vt 0.254158206 0.0106695731
vt 0.251259532 0.00583844941
vt 0.250293308 0.0126020226
vt 0.257056881 0.0164669215
vt 0.246428409 0.00777089888
vt 0.252225757 0.018399371
vt 0.258023105 0.0232304947
vt 0.249327083 0.0126020226
vt 0.246428409 0.00777089888
vt 0.253191982 0.0232304947
vt 0.258023105 0.0290278431
vt 0.249327083 0.0135682473
vt 0.244495959 0.0106695731
vt 0.246428409 0.014534472
vt 0.247394633 0.0193655957
vt 0.251259532 0.018399371
vt 0.253191982 0.0290278431
vt 0.257056881 0.0357914162
vt 0.251259532 0.018399371
vt 0.252225757 0.0232304947
vt 0.252225757 0.0232304947
vt 0.247394633 0.0241967194
vt 0.252225757 0.0348251915
vt 0.255124431 0.0415887646
vt 0.253191982 0.0290278431
vt 0.252225757 0.0290278431
vt 0.247394633 0.0290278431
vt 0.250293308 0.0396563152
vt 0.252225757 0.047386113
vt 0.248360858 0.0454536636
vt 0.252225757 0.0348251915
vt 0.251259532 0.0338589667
vt 0.247394633 0.0338589667
vt 0.246428409 0.0377238657
vt 0.250293308 0.0396563152
vt 0.247394633 0.0454536636
vt 0.249327083 0.0396563152
vt 0.247394633 0.0444874388
vt 0.245462184 0.0415887646
vt 0.24256351 0.0106695731
vt 0.246428409 0.014534472
vt 0.244495959 0.0106695731
vt 0.244495959 0.0155006968
vt 0.24063106 0.0106695731
vt 0.245462184 0.0193655957
vt 0.247394633 0.0193655957
vt 0.247394633 0.0241967194
vt 0.241597285 0.0155006968
vt 0.238698611 0.0106695731
vt 0.245462184 0.0241967194
vt 0.247394633 0.0290278431
vt 0.239664835 0.0155006968
vt 0.232901262 0.0135682473
vt 0.233867487 0.0174331462
vt 0.233867487 0.0212980452
vt 0.243529734 0.0193655957
vt 0.245462184 0.0290278431
vt 0.247394633 0.0338589667
vt 0.24063106 0.0203318204
vt 0.243529734 0.0241967194
vt 0.241597285 0.0241967194
vt 0.234833712 0.0241967194
vt 0.243529734 0.0290278431
vt 0.241597285 0.0290278431
vt 0.233867487 0.0280616183
vt 0.245462184 0.032892742
vt 0.243529734 0.032892742
vt 0.241597285 0.032892742
vt 0.233867487 0.0319265173
vt 0.233867487 0.0357914162
vt 0.244495959 0.0377238657
vt 0.246428409 0.0377238657
vt 0.245462184 0.0415887646
vt 0.243529734 0.0425549894
vt 0.24256351 0.0377238657
vt 0.24063106 0.0425549894
vt 0.24063106 0.0377238657
vt 0.238698611 0.0425549894
vt 0.232901262 0.0386900904
vt 0.818433452 0.586539516
vt 0.810703654 0.592336864
vt 0.816501003 0.591370639
vt 0.806838755 0.58943819
vt 0.806838755 0.583640841
vt 0.810703654 0.579775942
vt 0.816501003 0.581708392
vt 0.290874746 0.526633582
vt 0.29763832 0.529532256
vt 0.294739645 0.524701132
vt 0.293773421 0.531464706
vt 0.299570769 0.535329605
vt 0.289908522 0.526633582
vt 0.29570587 0.537262054
vt 0.301503219 0.542093178
vt 0.292807196 0.531464706
vt 0.289908522 0.527599807
vt 0.296672095 0.542093178
vt 0.301503219 0.548856751
vt 0.292807196 0.53243093
vt 0.287976072 0.529532256
vt 0.288942297 0.533397155
vt 0.290874746 0.538228279
vt 0.294739645 0.537262054
vt 0.296672095 0.547890526
vt 0.300536994 0.554654099
vt 0.293773421 0.537262054
vt 0.29570587 0.542093178
vt 0.29570587 0.542093178
vt 0.290874746 0.543059402
vt 0.29570587 0.553687875
vt 0.298604544 0.560451448
vt 0.29570587 0.547890526
vt 0.29570587 0.547890526
vt 0.290874746 0.547890526
vt 0.293773421 0.558518998
vt 0.29570587 0.566248796
vt 0.290874746 0.564316347
vt 0.294739645 0.553687875
vt 0.294739645 0.553687875
vt 0.290874746 0.55272165
vt 0.289908522 0.556586549
vt 0.293773421 0.558518998
vt 0.290874746 0.564316347
vt 0.292807196 0.558518998
vt 0.289908522 0.563350122
vt 0.287976072 0.560451448
vt 0.286043623 0.529532256
vt 0.288942297 0.533397155
vt 0.287976072 0.529532256
vt 0.287009847 0.53436338
vt 0.284111173 0.529532256
vt 0.287976072 0.538228279
vt 0.290874746 0.538228279
vt 0.290874746 0.543059402
vt 0.285077398 0.53436338
vt 0.282178724 0.529532256
vt 0.288942297 0.543059402
vt 0.290874746 0.547890526
vt 0.283144949 0.53436338
vt 0.275415151 0.533397155
vt 0.2773476 0.536295829
vt 0.2773476 0.540160728
vt 0.286043623 0.539194503
vt 0.288942297 0.547890526
vt 0.290874746 0.55272165
vt 0.284111173 0.539194503
vt 0.287009847 0.543059402
vt 0.285077398 0.543059402
vt 0.2773476 0.543059402
vt 0.287009847 0.547890526
vt 0.285077398 0.547890526
vt 0.2773476 0.546924301
vt 0.288942297 0.551755425
vt 0.286043623 0.551755425
vt 0.284111173 0.551755425
vt 0.2773476 0.5507892
vt 0.276381375 0.554654099
vt 0.287009847 0.556586549
vt 0.289908522 0.556586549
vt 0.287976072 0.560451448
vt 0.286043623 0.561417672
vt 0.285077398 0.556586549
vt 0.284111173 0.561417672
vt 0.283144949 0.556586549
vt 0.282178724 0.561417672
vt 0.275415151 0.557552773
vt 0.820365902 0.902495004
vt 0.820365902 0.912157251
vt 0.823264576 0.907326128
vt 0.814568553 0.914089701
vt 0.810703654 0.910224802
vt 0.810703654 0.904427454
vt 0.814568553 0.900562555
vt 0.845487745 0.864812239
vt 0.852251318 0.868677138
vt 0.849352644 0.86287979
vt 0.848386419 0.870609588
vt 0.854183767 0.874474487
vt 0.84452152 0.865778464
vt 0.849352644 0.875440712
vt 0.856116217 0.880271835
vt 0.847420194 0.870609588
vt 0.84452152 0.865778464
vt 0.851285093 0.88123806
vt 0.856116217 0.887035408
vt 0.846453969 0.870609588
vt 0.84258907 0.868677138
vt 0.843555295 0.872542037
vt 0.84452152 0.877373161
vt 0.849352644 0.876406936
vt 0.851285093 0.887035408
vt 0.855149992 0.893798981
vt 0.848386419 0.876406936
vt 0.850318868 0.88123806
vt 0.849352644 0.88123806
vt 0.845487745 0.882204285
vt 0.850318868 0.891866532
vt 0.852251318 0.89959633
vt 0.850318868 0.887035408
vt 0.849352644 0.887035408
vt 0.845487745 0.887035408
vt 0.848386419 0.89766388
vt 0.850318868 0.905393678
vt 0.845487745 0.903461229
vt 0.849352644 0.891866532
vt 0.848386419 0.891866532
vt 0.84452152 0.890900307
vt 0.843555295 0.895731431
vt 0.847420194 0.89766388
vt 0.84452152 0.902495004
vt 0.847420194 0.89766388
vt 0.84452152 0.902495004
vt 0.84258907 0.89959633
vt 0.840656621 0.868677138
vt 0.843555295 0.872542037
vt 0.84258907 0.868677138
vt 0.841622846 0.872542037
vt 0.838724172 0.867710914
vt 0.84258907 0.877373161
vt 0.84452152 0.877373161
vt 0.845487745 0.882204285
vt 0.839690396 0.873508262
vt 0.836791722 0.868677138
vt 0.843555295 0.882204285
vt 0.845487745 0.887035408
vt 0.837757947 0.873508262
vt 0.830028149 0.871575813
vt 0.830994374 0.875440712
vt 0.831960598 0.878339386
vt 0.840656621 0.877373161
vt 0.843555295 0.886069184
vt 0.84452152 0.890900307
vt 0.838724172 0.877373161
vt 0.841622846 0.882204285
vt 0.838724172 0.882204285
vt 0.831960598 0.882204285
vt 0.840656621 0.886069184
vt 0.838724172 0.886069184
vt 0.831960598 0.886069184
vt 0.84258907 0.890900307
vt 0.840656621 0.890900307
vt 0.838724172 0.890900307
vt 0.831960598 0.889934083
vt 0.830994374 0.892832757
vt 0.841622846 0.895731431
vt 0.843555295 0.895731431
vt 0.84258907 0.89959633
vt 0.840656621 0.89959633
vt 0.839690396 0.895731431
vt 0.838724172 0.900562555
vt 0.837757947 0.894765206
vt 0.836791722 0.89959633
vt 0.830028149 0.896697656
vt 0.806838755 0.435808457
vt 0.814568553 0.430011108
vt 0.808771205 0.430977333
vt 0.818433452 0.432909783
vt 0.818433452 0.438707131
vt 0.814568553 0.44257203
vt 0.808771205 0.44063958
vt 0.275415151 0.767223541
vt 0.282178724 0.770122215
vt 0.27928005 0.765291092
vt 0.278313825 0.772054665
vt 0.284111173 0.775919564
vt 0.274448926 0.767223541
vt 0.27928005 0.777852013
vt 0.286043623 0.782683137
vt 0.2773476 0.77302089
vt 0.274448926 0.768189766
vt 0.281212499 0.783649362
vt 0.286043623 0.78944671
vt 0.276381375 0.77302089
vt 0.272516476 0.77108844
vt 0.273482701 0.774953339
vt 0.274448926 0.778818238
vt 0.27928005 0.777852013
vt 0.281212499 0.788480485
vt 0.285077398 0.795244058
vt 0.278313825 0.777852013
vt 0.280246274 0.783649362
vt 0.27928005 0.783649362
vt 0.275415151 0.783649362
vt 0.280246274 0.794277834
vt 0.282178724 0.802007632
vt 0.280246274 0.788480485
vt 0.27928005 0.788480485
vt 0.275415151 0.788480485
vt 0.278313825 0.800075182
vt 0.280246274 0.806838755
vt 0.275415151 0.804906306
vt 0.27928005 0.794277834
vt 0.278313825 0.794277834
vt 0.274448926 0.793311609
vt 0.273482701 0.798142733
vt 0.2773476 0.799108957
vt 0.274448926 0.804906306
vt 0.2773476 0.799108957
vt 0.274448926 0.803940081
vt 0.272516476 0.802007632
vt 0.270584027 0.770122215
vt 0.273482701 0.774953339
vt 0.272516476 0.77108844
vt 0.271550252 0.774953339
vt 0.268651578 0.770122215
vt 0.272516476 0.779784463
vt 0.274448926 0.778818238
vt 0.275415151 0.783649362
vt 0.269617802 0.774953339
vt 0.266719128 0.770122215
vt 0.273482701 0.783649362
vt 0.275415151 0.788480485
vt 0.267685353 0.774953339
vt 0.259955555 0.773987114
vt 0.26092178 0.776885788
vt 0.261888004 0.780750687
vt 0.270584027 0.779784463
vt 0.273482701 0.788480485
vt 0.274448926 0.793311609
vt 0.268651578 0.779784463
vt 0.271550252 0.783649362
vt 0.268651578 0.783649362
vt 0.261888004 0.784615586
vt 0.271550252 0.788480485
vt 0.268651578 0.788480485
vt 0.261888004 0.788480485
vt 0.272516476 0.793311609
vt 0.270584027 0.793311609
vt 0.268651578 0.792345384
vt 0.261888004 0.79137916
vt 0.26092178 0.795244058
vt 0.271550252 0.797176508
vt 0.273482701 0.798142733
vt 0.272516476 0.802007632
vt 0.270584027 0.802007632
vt 0.269617802 0.797176508
vt 0.268651578 0.802007632
vt 0.267685353 0.797176508
vt 0.266719128 0.802007632
vt 0.259955555 0.798142733
vt 0.786548036 0.763358642
vt 0.79137916 0.772054665
vt 0.79137916 0.766257316
vt 0.786548036 0.775919564
vt 0.781716912 0.773987114
vt 0.778818238 0.769155991
vt 0.781716912 0.764324867
vt 0.974961859 0.84258907
vt 0.981725432 0.845487745
vt 0.978826758 0.840656621
vt 0.977860533 0.847420194
vt 0.983657882 0.851285093
vt 0.973995635 0.84258907
vt 0.979792983 0.853217543
vt 0.985590331 0.858048666
vt 0.976894309 0.848386419
vt 0.973995635 0.843555295
vt 0.980759208 0.859014891
vt 0.985590331 0.864812239
vt 0.976894309 0.848386419
vt 0.972063185 0.846453969
vt 0.97302941 0.850318868
vt 0.974961859 0.854183767
vt 0.978826758 0.853217543
vt 0.980759208 0.863846015
vt 0.984624107 0.870609588
vt 0.977860533 0.853217543
vt 0.979792983 0.859014891
vt 0.978826758 0.859014891
vt 0.974961859 0.859014891
vt 0.979792983 0.869643363
vt 0.982691657 0.877373161
vt 0.979792983 0.863846015
vt 0.979792983 0.863846015
vt 0.974961859 0.863846015
vt 0.977860533 0.875440712
vt 0.979792983 0.882204285
vt 0.974961859 0.880271835
vt 0.978826758 0.869643363
vt 0.978826758 0.869643363
vt 0.974961859 0.868677138
vt 0.973995635 0.873508262
vt 0.977860533 0.874474487
vt 0.974961859 0.880271835
vt 0.976894309 0.874474487
vt 0.973995635 0.87930561
vt 0.972063185 0.876406936
vt 0.970130736 0.845487745
vt 0.97302941 0.850318868
vt 0.972063185 0.846453969
vt 0.97109696 0.850318868
vt 0.968198286 0.845487745
vt 0.972063185 0.855149992
vt 0.974961859 0.854183767
vt 0.974961859 0.859014891
vt 0.969164511 0.850318868
vt 0.966265837 0.845487745
vt 0.97302941 0.859014891
vt 0.974961859 0.863846015
vt 0.967232061 0.850318868
vt 0.959502264 0.849352644
vt 0.960468488 0.852251318
vt 0.961434713 0.856116217
vt 0.970130736 0.855149992
vt 0.97302941 0.863846015
vt 0.974961859 0.868677138
vt 0.968198286 0.855149992
vt 0.97109696 0.859014891
vt 0.969164511 0.859014891
vt 0.961434713 0.859981116
vt 0.97109696 0.863846015
vt 0.969164511 0.863846015
vt 0.961434713 0.86287979
vt 0.972063185 0.868677138
vt 0.970130736 0.867710914
vt 0.968198286 0.867710914
vt 0.961434713 0.866744689
vt 0.960468488 0.870609588
vt 0.97109696 0.872542037
vt 0.973995635 0.873508262
vt 0.972063185 0.876406936
vt 0.970130736 0.877373161
vt 0.969164511 0.872542037
vt 0.968198286 0.877373161
vt 0.967232061 0.872542037
vt 0.966265837 0.877373161
vt 0.959502264 0.873508262
vt 0.298604544 0.500545514
vt 0.300536994 0.502477964
vt 0.300536994 0.501511739
vt 0.298604544 0.503444188
vt 0.300536994 0.513106436
vt 0.289908522 0.500545514
vt 0.298604544 0.513106436
vt 0.300536994 0.51407266
vt 0.298604544 0.515038885
vt 0.289908522 0.503444188
vt 0.287976072 0.501511739
vt 0.287976072 0.502477964
vt 0.289908522 0.513106436
vt 0.289908522 0.515038885
vt 0.287976072 0.513106436
vt 0.287976072 0.51407266
vt 0.267685353 0.00777089888
vt 0.278313825 0.00583844941
vt 0.267685353 0.00583844941
vt 0.278313825 0.00777089888
vt 0.267685353 0.0270953936
vt 0.280246274 0.00583844941
vt 0.278313825 0.0270953936
vt 0.267685353 0.051251012
vt 0.278313825 0.051251012
vt 0.267685353 0.0773390799
vt 0.278313825 0.0773390799
vt 0.267685353 0.102460923
vt 0.278313825 0.102460923
vt 0.280246274 0.102460923
vt 0.280246274 0.0773390799
vt 0.282178724 0.102460923
vt 0.280246274 0.051251012
vt 0.282178724 0.0773390799
vt 0.306334342 0.102460923
vt 0.280246274 0.0270953936
vt 0.306334342 0.0773390799
vt 0.308266792 0.102460923
vt 0.282178724 0.051251012
vt 0.280246274 0.00777089888
vt 0.308266792 0.0773390799
vt 0.311165466 0.102460923
vt 0.282178724 0.0270953936
vt 0.282178724 0.00777089888
vt 0.282178724 0.00583844941
vt 0.306334342 0.051251012
vt 0.306334342 0.00777089888
vt 0.306334342 0.00583844941
vt 0.306334342 0.0270953936
vt 0.308266792 0.051251012
vt 0.311165466 0.0773390799
vt 0.308266792 0.00777089888
vt 0.308266792 0.00583844941
vt 0.311165466 0.00583844941
vt 0.308266792 0.0270953936
vt 0.311165466 0.00777089888
vt 0.320827713 0.00583844941
vt 0.311165466 0.051251012
vt 0.311165466 0.0270953936
vt 0.320827713 0.00777089888
vt 0.322760163 0.00583844941
vt 0.320827713 0.0270953936
vt 0.320827713 0.051251012
vt 0.322760163 0.00777089888
vt 0.324692612 0.00583844941
vt 0.322760163 0.0270953936
vt 0.320827713 0.0773390799
vt 0.320827713 0.102460923
vt 0.322760163 0.102460923
vt 0.322760163 0.0773390799
vt 0.324692612 0.102460923
vt 0.322760163 0.051251012
vt 0.324692612 0.0773390799
vt 0.349814455 0.102460923
vt 0.324692612 0.051251012
vt 0.349814455 0.0773390799
vt 0.351746905 0.102460923
vt 0.324692612 0.0270953936
vt 0.351746905 0.0773390799
vt 0.353679354 0.102460923
vt 0.353679354 0.0773390799
vt 0.349814455 0.051251012
vt 0.351746905 0.051251012
vt 0.353679354 0.051251012
vt 0.324692612 0.00777089888
vt 0.349814455 0.0270953936
vt 0.351746905 0.0270953936
vt 0.353679354 0.0270953936
vt 0.349814455 0.00777089888
vt 0.349814455 0.00583844941
vt 0.351746905 0.00583844941
vt 0.351746905 0.00777089888
vt 0.353679354 0.00777089888
vt 0.353679354 0.00583844941
vt 0.841622846 0.368172725
vt 0.837757947 0.375902523
vt 0.841622846 0.373003849
vt 0.831960598 0.374936298
vt 0.830028149 0.370105175
vt 0.831960598 0.366240276
vt 0.837757947 0.364307826
vt 0.230968813 0.646445449
vt 0.227103914 0.649344123
vt 0.230002588 0.648377899
vt 0.22420524 0.647411674
vt 0.22420524 0.644513
vt 0.227103914 0.64258055
vt 0.230002588 0.643546775
vt 0.898630105 0.86287979
vt 0.904427454 0.867710914
vt 0.904427454 0.86287979
vt 0.898630105 0.867710914
vt 0.904427454 0.872542037
vt 0.89766388 0.86287979
vt 0.898630105 0.872542037
vt 0.904427454 0.877373161
vt 0.89766388 0.867710914
vt 0.896697656 0.86287979
vt 0.898630105 0.877373161
vt 0.904427454 0.882204285
vt 0.896697656 0.867710914
vt 0.893798981 0.86287979
vt 0.893798981 0.867710914
vt 0.893798981 0.872542037
vt 0.89766388 0.872542037
vt 0.898630105 0.882204285
vt 0.904427454 0.887035408
vt 0.896697656 0.872542037
vt 0.89766388 0.877373161
vt 0.896697656 0.877373161
vt 0.893798981 0.877373161
vt 0.89766388 0.882204285
vt 0.896697656 0.882204285
vt 0.893798981 0.882204285
vt 0.898630105 0.887035408
vt 0.89766388 0.887035408
vt 0.896697656 0.887035408
vt 0.893798981 0.887035408
vt 0.893798981 0.891866532
vt 0.898630105 0.891866532
vt 0.904427454 0.891866532
vt 0.904427454 0.895731431
vt 0.898630105 0.895731431
vt 0.89766388 0.891866532
vt 0.89766388 0.895731431
vt 0.896697656 0.891866532
vt 0.896697656 0.895731431
vt 0.893798981 0.895731431
vt 0.886069184 0.867710914
vt 0.877373161 0.86287979
vt 0.877373161 0.867710914
vt 0.886069184 0.86287979
vt 0.888001633 0.867710914
vt 0.888001633 0.86287979
vt 0.890900307 0.867710914
vt 0.890900307 0.86287979
vt 0.893798981 0.867710914
vt 0.893798981 0.86287979
vt 0.886069184 0.895731431
vt 0.877373161 0.891866532
vt 0.877373161 0.895731431
vt 0.886069184 0.891866532
vt 0.888001633 0.895731431
vt 0.888001633 0.891866532
vt 0.890900307 0.895731431
vt 0.890900307 0.891866532
vt 0.893798981 0.895731431
vt 0.893798981 0.891866532
vt 0.893798981 0.867710914
vt 0.890900307 0.872542037
vt 0.893798981 0.872542037
vt 0.890900307 0.867710914
vt 0.888001633 0.867710914
vt 0.888001633 0.872542037
vt 0.886069184 0.867710914
vt 0.886069184 0.872542037
vt 0.877373161 0.872542037
vt 0.877373161 0.867710914
vt 0.890900307 0.872542037
vt 0.893798981 0.877373161
vt 0.893798981 0.872542037
vt 0.890900307 0.877373161
vt 0.893798981 0.882204285
vt 0.888001633 0.872542037
vt 0.890900307 0.882204285
vt 0.893798981 0.887035408
vt 0.890900307 0.887035408
vt 0.888001633 0.877373161
vt 0.886069184 0.872542037
vt 0.888001633 0.882204285
vt 0.888001633 0.887035408
vt 0.886069184 0.877373161
vt 0.877373161 0.872542037
vt 0.877373161 0.877373161
vt 0.886069184 0.882204285
vt 0.886069184 0.887035408
vt 0.877373161 0.882204285
vt 0.877373161 0.887035408
vt 0.877373161 0.891866532
vt 0.886069184 0.887035408
vt 0.877373161 0.887035408
vt 0.886069184 0.891866532
vt 0.888001633 0.891866532
vt 0.888001633 0.887035408
vt 0.890900307 0.887035408
vt 0.890900307 0.891866532
vt 0.893798981 0.887035408
vt 0.893798981 0.891866532
vt 0.382666096 0.970130736
vt 0.382666096 0.979792983
vt 0.385564771 0.974961859
vt 0.377834973 0.980759208
vt 0.373970074 0.977860533
vt 0.373970074 0.972063185
vt 0.377834973 0.969164511
vt 0.230968813 0.632918303
vt 0.226137689 0.633884528
vt 0.229036363 0.634850752
vt 0.22420524 0.630985853
vt 0.226137689 0.629053404
vt 0.229036363 0.628087179
vt 0.230968813 0.630019629
vt 0.929549297 0.601032887
vt 0.93631287 0.60586401
vt 0.93631287 0.601032887
vt 0.929549297 0.60586401
vt 0.93631287 0.610695134
vt 0.929549297 0.601032887
vt 0.929549297 0.610695134
vt 0.93631287 0.615526258
vt 0.929549297 0.60586401
vt 0.928583072 0.601032887
vt 0.929549297 0.615526258
vt 0.93631287 0.620357381
vt 0.928583072 0.60586401
vt 0.924718173 0.601032887
vt 0.924718173 0.60586401
vt 0.924718173 0.610695134
vt 0.929549297 0.610695134
vt 0.929549297 0.620357381
vt 0.93631287 0.625188505
vt 0.928583072 0.610695134
vt 0.929549297 0.615526258
vt 0.928583072 0.615526258
vt 0.924718173 0.615526258
vt 0.929549297 0.620357381
vt 0.928583072 0.620357381
vt 0.924718173 0.620357381
vt 0.929549297 0.625188505
vt 0.929549297 0.625188505
vt 0.928583072 0.625188505
vt 0.924718173 0.625188505
vt 0.924718173 0.630019629
vt 0.929549297 0.630019629
vt 0.93631287 0.630019629
vt 0.93631287 0.633884528
vt 0.929549297 0.633884528
vt 0.929549297 0.630019629
vt 0.929549297 0.633884528
vt 0.928583072 0.630019629
vt 0.928583072 0.633884528
vt 0.924718173 0.633884528
vt 0.916988375 0.60586401
vt 0.908292353 0.601032887
vt 0.908292353 0.60586401
vt 0.916988375 0.601032887
vt 0.919887049 0.60586401
vt 0.919887049 0.601032887
vt 0.922785724 0.60586401
vt 0.922785724 0.601032887
vt 0.924718173 0.60586401
vt 0.924718173 0.601032887
vt 0.916988375 0.633884528
vt 0.908292353 0.630019629
vt 0.908292353 0.633884528
vt 0.916988375 0.630019629
vt 0.919887049 0.633884528
vt 0.919887049 0.630019629
vt 0.922785724 0.633884528
vt 0.922785724 0.630019629
vt 0.924718173 0.633884528
vt 0.924718173 0.630019629
vt 0.924718173 0.60586401
vt 0.922785724 0.610695134
vt 0.924718173 0.610695134
vt 0.922785724 0.60586401
vt 0.919887049 0.60586401
vt 0.919887049 0.610695134
vt 0.916988375 0.60586401
vt 0.916988375 0.610695134
vt 0.908292353 0.610695134
vt 0.908292353 0.60586401
vt 0.922785724 0.610695134
vt 0.924718173 0.615526258
vt 0.924718173 0.610695134
vt 0.922785724 0.615526258
vt 0.924718173 0.620357381
vt 0.919887049 0.610695134
vt 0.922785724 0.620357381
vt 0.924718173 0.625188505
vt 0.922785724 0.625188505
vt 0.919887049 0.615526258
vt 0.916988375 0.610695134
vt 0.919887049 0.620357381
vt 0.919887049 0.625188505
vt 0.916988375 0.615526258
vt 0.908292353 0.610695134
vt 0.908292353 0.615526258
vt 0.916988375 0.620357381
vt 0.916988375 0.625188505
vt 0.908292353 0.620357381
vt 0.908292353 0.625188505
vt 0.908292353 0.630019629
vt 0.916988375 0.625188505
vt 0.908292353 0.625188505
vt 0.916988375 0.630019629
vt 0.919887049 0.630019629
vt 0.919887049 0.625188505
vt 0.922785724 0.630019629
vt 0.922785724 0.625188505
vt 0.924718173 0.625188505
vt 0.924718173 0.630019629
vt 0.896697656 0.770122215
vt 0.898630105 0.769155991
vt 0.896697656 0.769155991
vt 0.898630105 0.770122215
vt 0.898630105 0.855149992
vt 0.896697656 0.855149992
vt 0.900562555 0.855149992
vt 0.900562555 0.770122215
vt 0.900562555 0.769155991
vt 0.904427454 0.855149992
vt 0.904427454 0.770122215
vt 0.904427454 0.769155991
vt 0.906359903 0.855149992
vt 0.906359903 0.770122215
vt 0.906359903 0.769155991
vt 0.908292353 0.855149992
vt 0.908292353 0.769155991
vt 0.908292353 0.770122215
vt 0.91602215 0.855149992
vt 0.91602215 0.769155991
vt 0.91602215 0.770122215
vt 0.9179546 0.855149992
vt 0.9179546 0.769155991
vt 0.9179546 0.770122215
vt 0.918920825 0.855149992
vt 0.918920825 0.769155991
vt 0.918920825 0.770122215
vt 0.923751948 0.855149992
vt 0.923751948 0.770122215
vt 0.923751948 0.769155991
vt 0.925684398 0.855149992
vt 0.925684398 0.769155991
vt 0.925684398 0.770122215
vt 0.926650623 0.855149992
vt 0.926650623 0.769155991
vt 0.926650623 0.770122215
vt 0.935346645 0.855149992
vt 0.935346645 0.769155991
vt 0.935346645 0.770122215
vt 0.835825497 0.924718173
vt 0.833893048 0.922785724
vt 0.834859273 0.923751948
vt 0.835825497 0.922785724
vt 0.833893048 0.914089701
vt 0.840656621 0.924718173
vt 0.835825497 0.914089701
vt 0.834859273 0.913123476
vt 0.835825497 0.913123476
vt 0.840656621 0.922785724
vt 0.84258907 0.923751948
vt 0.84258907 0.922785724
vt 0.840656621 0.914089701
vt 0.840656621 0.913123476
vt 0.84258907 0.914089701
vt 0.841622846 0.913123476
vt 0.588471965 0.00583844941
vt 0.639681876 0.155603283
vt 0.639681876 0.00583844941
vt 0.588471965 0.155603283
vt 0.639681876 0.16913043
vt 0.584607066 0.00583844941
vt 0.588471965 0.16913043
vt 0.639681876 0.207779419
vt 0.584607066 0.155603283
vt 0.580742167 0.00583844941
vt 0.588471965 0.207779419
vt 0.639681876 0.237732386
vt 0.580742167 0.155603283
vt 0.561417672 0.00583844941
vt 0.584607066 0.16913043
vt 0.588471965 0.237732386
vt 0.639681876 0.268651578
vt 0.584607066 0.207779419
vt 0.588471965 0.268651578
vt 0.639681876 0.287009847
vt 0.580742167 0.16913043
vt 0.584607066 0.237732386
vt 0.580742167 0.207779419
vt 0.561417672 0.16913043
vt 0.561417672 0.155603283
vt 0.557552773 0.155603283
vt 0.557552773 0.00583844941
vt 0.55272165 0.00583844941
vt 0.55272165 0.155603283
vt 0.539194503 0.00583844941
vt 0.539194503 0.155603283
vt 0.557552773 0.16913043
vt 0.55272165 0.16913043
vt 0.539194503 0.16913043
vt 0.561417672 0.207779419
vt 0.557552773 0.207779419
vt 0.55272165 0.207779419
vt 0.539194503 0.207779419
vt 0.580742167 0.237732386
vt 0.561417672 0.237732386
vt 0.557552773 0.237732386
vt 0.55272165 0.237732386
vt 0.539194503 0.237732386
vt 0.584607066 0.268651578
vt 0.580742167 0.268651578
vt 0.561417672 0.268651578
vt 0.557552773 0.268651578
vt 0.55272165 0.268651578
vt 0.539194503 0.268651578
vt 0.588471965 0.287009847
vt 0.584607066 0.287009847
vt 0.588471965 0.305368117
vt 0.639681876 0.305368117
vt 0.639681876 0.344983332
vt 0.580742167 0.287009847
vt 0.561417672 0.287009847
vt 0.557552773 0.287009847
vt 0.55272165 0.287009847
vt 0.539194503 0.287009847
vt 0.539194503 0.305368117
vt 0.584607066 0.305368117
vt 0.588471965 0.344983332
vt 0.639681876 0.447403154
vt 0.580742167 0.305368117
vt 0.561417672 0.305368117
vt 0.557552773 0.305368117
vt 0.55272165 0.305368117
vt 0.584607066 0.344983332
vt 0.588471965 0.447403154
vt 0.639681876 0.470592547
vt 0.561417672 0.344983332
vt 0.55272165 0.344983332
vt 0.539194503 0.344983332
vt 0.557552773 0.344983332
vt 0.588471965 0.470592547
vt 0.639681876 0.517937559
vt 0.55272165 0.447403154
vt 0.539194503 0.447403154
vt 0.557552773 0.447403154
vt 0.580742167 0.344983332
vt 0.584607066 0.447403154
vt 0.588471965 0.517937559
vt 0.639681876 0.556586549
vt 0.55272165 0.470592547
vt 0.539194503 0.470592547
vt 0.561417672 0.447403154
vt 0.580742167 0.447403154
vt 0.584607066 0.470592547
vt 0.588471965 0.556586549
vt 0.639681876 0.575911043
vt 0.561417672 0.470592547
vt 0.584607066 0.517937559
vt 0.580742167 0.470592547
vt 0.588471965 0.575911043
vt 0.639681876 0.597167988
vt 0.557552773 0.470592547
vt 0.561417672 0.517937559
vt 0.580742167 0.517937559
vt 0.584607066 0.556586549
vt 0.588471965 0.597167988
vt 0.639681876 0.616492482
vt 0.557552773 0.517937559
vt 0.580742167 0.556586549
vt 0.584607066 0.575911043
vt 0.588471965 0.616492482
vt 0.639681876 0.633884528
vt 0.584607066 0.597167988
vt 0.55272165 0.517937559
vt 0.539194503 0.517937559
vt 0.561417672 0.556586549
vt 0.580742167 0.575911043
vt 0.557552773 0.556586549
vt 0.55272165 0.556586549
vt 0.539194503 0.556586549
vt 0.561417672 0.575911043
vt 0.557552773 0.575911043
vt 0.55272165 0.575911043
vt 0.539194503 0.575911043
vt 0.561417672 0.597167988
vt 0.580742167 0.597167988
vt 0.557552773 0.597167988
vt 0.55272165 0.597167988
vt 0.539194503 0.597167988
vt 0.561417672 0.616492482
vt 0.584607066 0.616492482
vt 0.557552773 0.616492482
vt 0.55272165 0.616492482
vt 0.539194503 0.616492482
vt 0.55272165 0.633884528
vt 0.539194503 0.633884528
vt 0.539194503 0.892832757
vt 0.55272165 0.892832757
vt 0.557552773 0.633884528
vt 0.557552773 0.892832757
vt 0.561417672 0.633884528
vt 0.561417672 0.892832757
vt 0.580742167 0.616492482
vt 0.580742167 0.633884528
vt 0.580742167 0.892832757
vt 0.584607066 0.633884528
vt 0.584607066 0.892832757
vt 0.588471965 0.633884528
vt 0.588471965 0.892832757
vt 0.639681876 0.892832757
vt 0.503444188 0.00583844941
vt 0.530498481 0.178792677
vt 0.530498481 0.00583844941
vt 0.503444188 0.178792677
vt 0.530498481 0.194252273
vt 0.500545514 0.00583844941
vt 0.503444188 0.194252273
vt 0.530498481 0.230968813
vt 0.500545514 0.178792677
vt 0.49571439 0.00583844941
vt 0.503444188 0.230968813
vt 0.530498481 0.261888004
vt 0.49571439 0.178792677
vt 0.476389896 0.00583844941
vt 0.476389896 0.178792677
vt 0.476389896 0.194252273
vt 0.500545514 0.194252273
vt 0.503444188 0.261888004
vt 0.530498481 0.293773421
vt 0.49571439 0.194252273
vt 0.500545514 0.230968813
vt 0.49571439 0.230968813
vt 0.476389896 0.230968813
vt 0.503444188 0.293773421
vt 0.530498481 0.313097915
vt 0.500545514 0.261888004
vt 0.49571439 0.261888004
vt 0.476389896 0.261888004
vt 0.500545514 0.293773421
vt 0.49571439 0.293773421
vt 0.476389896 0.293773421
vt 0.503444188 0.313097915
vt 0.500545514 0.313097915
vt 0.49571439 0.313097915
vt 0.49571439 0.33242241
vt 0.476389896 0.313097915
vt 0.476389896 0.33242241
vt 0.476389896 0.374936298
vt 0.503444188 0.33242241
vt 0.530498481 0.33242241
vt 0.530498481 0.374936298
vt 0.500545514 0.33242241
vt 0.503444188 0.374936298
vt 0.530498481 0.487018368
vt 0.49571439 0.374936298
vt 0.476389896 0.487018368
vt 0.500545514 0.374936298
vt 0.503444188 0.487018368
vt 0.530498481 0.511173986
vt 0.49571439 0.487018368
vt 0.476389896 0.511173986
vt 0.500545514 0.487018368
vt 0.503444188 0.511173986
vt 0.530498481 0.538228279
vt 0.49571439 0.511173986
vt 0.476389896 0.538228279
vt 0.500545514 0.511173986
vt 0.503444188 0.538228279
vt 0.530498481 0.598134212
vt 0.500545514 0.538228279
vt 0.503444188 0.598134212
vt 0.530498481 0.617458707
vt 0.49571439 0.538228279
vt 0.500545514 0.598134212
vt 0.503444188 0.617458707
vt 0.530498481 0.640648101
vt 0.49571439 0.598134212
vt 0.476389896 0.598134212
vt 0.476389896 0.617458707
vt 0.500545514 0.617458707
vt 0.503444188 0.640648101
vt 0.530498481 0.66093882
vt 0.49571439 0.617458707
vt 0.476389896 0.640648101
vt 0.500545514 0.640648101
vt 0.503444188 0.66093882
vt 0.530498481 0.67929709
vt 0.49571439 0.640648101
vt 0.476389896 0.66093882
vt 0.500545514 0.66093882
vt 0.49571439 0.66093882
vt 0.476389896 0.67929709
vt 0.49571439 0.67929709
vt 0.476389896 0.967232061
vt 0.49571439 0.967232061
vt 0.500545514 0.67929709
vt 0.500545514 0.967232061
vt 0.503444188 0.67929709
vt 0.503444188 0.967232061
vt 0.530498481 0.967232061
vt 0.461896525 0.00583844941
vt 0.466727648 0.190387374
vt 0.466727648 0.00583844941
vt 0.461896525 0.190387374
vt 0.466727648 0.204880745
vt 0.461896525 0.204880745
vt 0.466727648 0.217441667
vt 0.461896525 0.217441667
vt 0.466727648 0.241597285
vt 0.461896525 0.241597285
vt 0.466727648 0.271550252
vt 0.461896525 0.271550252
vt 0.466727648 0.301503219
vt 0.461896525 0.301503219
vt 0.466727648 0.338219758
vt 0.461896525 0.338219758
vt 0.466727648 0.377834973
vt 0.461896525 0.377834973
vt 0.466727648 0.481221019
vt 0.461896525 0.481221019
vt 0.466727648 0.504410413
vt 0.461896525 0.504410413
vt 0.466727648 0.551755425
vt 0.461896525 0.551755425
vt 0.466727648 0.58943819
vt 0.461896525 0.58943819
vt 0.466727648 0.609728909
vt 0.461896525 0.609728909
vt 0.466727648 0.629053404
vt 0.461896525 0.629053404
vt 0.466727648 0.647411674
vt 0.461896525 0.647411674
vt 0.461896525 0.665769944
vt 0.466727648 0.665769944
vt 0.461896525 0.961434713
vt 0.466727648 0.961434713
vt 0.426146209 0.00583844941
vt 0.461896525 0.190387374
vt 0.461896525 0.00583844941
vt 0.426146209 0.190387374
vt 0.461896525 0.204880745
vt 0.423247535 0.00583844941
vt 0.426146209 0.204880745
vt 0.461896525 0.217441667
vt 0.423247535 0.190387374
vt 0.419382636 0.00583844941
vt 0.426146209 0.217441667
vt 0.461896525 0.241597285
vt 0.423247535 0.204880745
vt 0.419382636 0.190387374
vt 0.426146209 0.241597285
vt 0.461896525 0.271550252
vt 0.423247535 0.217441667
vt 0.426146209 0.271550252
vt 0.461896525 0.301503219
vt 0.399091917 0.190387374
vt 0.399091917 0.00583844941
vt 0.395227018 0.00583844941
vt 0.419382636 0.204880745
vt 0.423247535 0.241597285
vt 0.426146209 0.301503219
vt 0.461896525 0.338219758
vt 0.395227018 0.190387374
vt 0.385564771 0.00583844941
vt 0.385564771 0.190387374
vt 0.399091917 0.204880745
vt 0.395227018 0.204880745
vt 0.385564771 0.204880745
vt 0.399091917 0.217441667
vt 0.395227018 0.217441667
vt 0.385564771 0.217441667
vt 0.395227018 0.241597285
vt 0.385564771 0.241597285
vt 0.419382636 0.217441667
vt 0.399091917 0.241597285
vt 0.419382636 0.241597285
vt 0.395227018 0.271550252
vt 0.385564771 0.271550252
vt 0.423247535 0.271550252
vt 0.399091917 0.271550252
vt 0.419382636 0.271550252
vt 0.395227018 0.301503219
vt 0.385564771 0.301503219
vt 0.423247535 0.301503219
vt 0.399091917 0.301503219
vt 0.419382636 0.301503219
vt 0.395227018 0.338219758
vt 0.385564771 0.338219758
vt 0.426146209 0.338219758
vt 0.461896525 0.377834973
vt 0.423247535 0.338219758
vt 0.426146209 0.377834973
vt 0.461896525 0.481221019
vt 0.399091917 0.338219758
vt 0.419382636 0.338219758
vt 0.395227018 0.377834973
vt 0.385564771 0.377834973
vt 0.399091917 0.377834973
vt 0.395227018 0.481221019
vt 0.385564771 0.481221019
vt 0.423247535 0.377834973
vt 0.419382636 0.377834973
vt 0.399091917 0.481221019
vt 0.395227018 0.504410413
vt 0.385564771 0.504410413
vt 0.419382636 0.481221019
vt 0.399091917 0.504410413
vt 0.426146209 0.481221019
vt 0.461896525 0.504410413
vt 0.395227018 0.551755425
vt 0.385564771 0.551755425
vt 0.399091917 0.551755425
vt 0.423247535 0.481221019
vt 0.426146209 0.504410413
vt 0.461896525 0.551755425
vt 0.395227018 0.58943819
vt 0.385564771 0.58943819
vt 0.419382636 0.504410413
vt 0.423247535 0.504410413
vt 0.426146209 0.551755425
vt 0.461896525 0.58943819
vt 0.423247535 0.551755425
vt 0.426146209 0.58943819
vt 0.461896525 0.609728909
vt 0.419382636 0.551755425
vt 0.423247535 0.58943819
vt 0.426146209 0.609728909
vt 0.461896525 0.629053404
vt 0.419382636 0.58943819
vt 0.423247535 0.609728909
vt 0.426146209 0.629053404
vt 0.461896525 0.647411674
vt 0.426146209 0.647411674
vt 0.461896525 0.665769944
vt 0.423247535 0.629053404
vt 0.399091917 0.58943819
vt 0.419382636 0.609728909
vt 0.399091917 0.609728909
vt 0.395227018 0.609728909
vt 0.385564771 0.609728909
vt 0.399091917 0.629053404
vt 0.395227018 0.629053404
vt 0.385564771 0.629053404
vt 0.419382636 0.629053404
vt 0.399091917 0.647411674
vt 0.395227018 0.647411674
vt 0.385564771 0.647411674
vt 0.395227018 0.665769944
vt 0.385564771 0.665769944
vt 0.385564771 0.961434713
vt 0.395227018 0.961434713
vt 0.399091917 0.665769944
vt 0.399091917 0.961434713
vt 0.423247535 0.647411674
vt 0.419382636 0.647411674
vt 0.419382636 0.665769944
vt 0.419382636 0.961434713
vt 0.423247535 0.665769944
vt 0.423247535 0.961434713
vt 0.426146209 0.665769944
vt 0.426146209 0.961434713
vt 0.461896525 0.961434713
vt 0.668668618 0.911191027
vt 0.649344123 0.741135473
vt 0.649344123 0.911191027
vt 0.668668618 0.741135473
vt 0.672533517 0.911191027
vt 0.668668618 0.727608327
vt 0.649344123 0.727608327
vt 0.672533517 0.741135473
vt 0.68122954 0.911191027
vt 0.68122954 0.741135473
vt 0.672533517 0.727608327
vt 0.68122954 0.727608327
vt 0.668668618 0.71601363
vt 0.649344123 0.71601363
vt 0.649344123 0.690891787
vt 0.672533517 0.71601363
vt 0.68122954 0.71601363
vt 0.668668618 0.690891787
vt 0.649344123 0.661905045
vt 0.672533517 0.690891787
vt 0.68122954 0.690891787
vt 0.668668618 0.661905045
vt 0.649344123 0.633884528
vt 0.672533517 0.661905045
vt 0.68122954 0.661905045
vt 0.668668618 0.633884528
vt 0.649344123 0.600066662
vt 0.672533517 0.633884528
vt 0.68122954 0.633884528
vt 0.668668618 0.600066662
vt 0.668668618 0.562383897
vt 0.649344123 0.562383897
vt 0.649344123 0.471558772
vt 0.672533517 0.600066662
vt 0.68122954 0.600066662
vt 0.672533517 0.562383897
vt 0.68122954 0.562383897
vt 0.672533517 0.471558772
vt 0.68122954 0.471558772
vt 0.668668618 0.471558772
vt 0.668668618 0.450301828
vt 0.649344123 0.450301828
vt 0.649344123 0.40585549
vt 0.672533517 0.450301828
vt 0.68122954 0.450301828
vt 0.668668618 0.40585549
vt 0.649344123 0.367206501
vt 0.672533517 0.40585549
vt 0.68122954 0.40585549
vt 0.668668618 0.367206501
vt 0.672533517 0.367206501
vt 0.68122954 0.367206501
vt 0.668668618 0.348848231
vt 0.649344123 0.348848231
vt 0.672533517 0.348848231
vt 0.68122954 0.348848231
vt 0.668668618 0.329523736
vt 0.649344123 0.329523736
vt 0.672533517 0.329523736
vt 0.68122954 0.329523736
vt 0.668668618 0.313097915
vt 0.649344123 0.313097915
vt 0.672533517 0.313097915
vt 0.68122954 0.313097915
vt 0.672533517 0.29570587
vt 0.68122954 0.29570587
vt 0.68122954 0.00583844941
vt 0.672533517 0.00583844941
vt 0.668668618 0.29570587
vt 0.649344123 0.29570587
vt 0.668668618 0.00583844941
vt 0.649344123 0.00583844941
vt 0.753696395 0.00583844941
vt 0.755628844 0.194252273
vt 0.755628844 0.00583844941
vt 0.753696395 0.194252273
vt 0.755628844 0.208745644
vt 0.749831496 0.00583844941
vt 0.753696395 0.208745644
vt 0.755628844 0.22227279
vt 0.749831496 0.194252273
vt 0.753696395 0.22227279
vt 0.755628844 0.249327083
vt 0.746932822 0.194252273
vt 0.746932822 0.00583844941
vt 0.745000372 0.00583844941
vt 0.749831496 0.208745644
vt 0.753696395 0.249327083
vt 0.755628844 0.2773476
vt 0.745000372 0.194252273
vt 0.739203024 0.00583844941
vt 0.746932822 0.208745644
vt 0.749831496 0.22227279
vt 0.753696395 0.2773476
vt 0.755628844 0.309233016
vt 0.739203024 0.194252273
vt 0.73630435 0.00583844941
vt 0.745000372 0.208745644
vt 0.746932822 0.22227279
vt 0.749831496 0.249327083
vt 0.753696395 0.309233016
vt 0.755628844 0.344983332
vt 0.749831496 0.2773476
vt 0.746932822 0.249327083
vt 0.745000372 0.22227279
vt 0.739203024 0.208745644
vt 0.753696395 0.344983332
vt 0.755628844 0.381699872
vt 0.749831496 0.309233016
vt 0.746932822 0.2773476
vt 0.745000372 0.249327083
vt 0.753696395 0.381699872
vt 0.755628844 0.483153469
vt 0.749831496 0.344983332
vt 0.746932822 0.309233016
vt 0.753696395 0.483153469
vt 0.755628844 0.506342862
vt 0.749831496 0.381699872
vt 0.753696395 0.506342862
vt 0.755628844 0.553687875
vt 0.739203024 0.22227279
vt 0.745000372 0.2773476
vt 0.746932822 0.344983332
vt 0.749831496 0.483153469
vt 0.739203024 0.249327083
vt 0.745000372 0.309233016
vt 0.746932822 0.381699872
vt 0.739203024 0.2773476
vt 0.745000372 0.344983332
vt 0.739203024 0.309233016
vt 0.749831496 0.506342862
vt 0.746932822 0.483153469
vt 0.745000372 0.381699872
vt 0.739203024 0.344983332
vt 0.753696395 0.553687875
vt 0.753696395 0.572046145
vt 0.755628844 0.572046145
vt 0.755628844 0.580742167
vt 0.753696395 0.580742167
vt 0.755628844 0.58943819
vt 0.749831496 0.572046145
vt 0.753696395 0.58943819
vt 0.755628844 0.592336864
vt 0.749831496 0.553687875
vt 0.749831496 0.580742167
vt 0.753696395 0.592336864
vt 0.755628844 0.603931561
vt 0.746932822 0.572046145
vt 0.746932822 0.553687875
vt 0.749831496 0.58943819
vt 0.753696395 0.603931561
vt 0.755628844 0.608762684
vt 0.746932822 0.506342862
vt 0.745000372 0.483153469
vt 0.745000372 0.506342862
vt 0.739203024 0.483153469
vt 0.749831496 0.592336864
vt 0.753696395 0.608762684
vt 0.755628844 0.614560033
vt 0.749831496 0.603931561
vt 0.746932822 0.592336864
vt 0.753696395 0.614560033
vt 0.755628844 0.62422228
vt 0.749831496 0.608762684
vt 0.753696395 0.62422228
vt 0.755628844 0.678330865
vt 0.753696395 0.678330865
vt 0.749831496 0.614560033
vt 0.749831496 0.62422228
vt 0.749831496 0.678330865
vt 0.746932822 0.603931561
vt 0.746932822 0.58943819
vt 0.746932822 0.608762684
vt 0.746932822 0.62422228
vt 0.746932822 0.678330865
vt 0.746932822 0.614560033
vt 0.745000372 0.592336864
vt 0.746932822 0.580742167
vt 0.745000372 0.62422228
vt 0.745000372 0.678330865
vt 0.739203024 0.678330865
vt 0.745000372 0.603931561
vt 0.745000372 0.608762684
vt 0.745000372 0.614560033
vt 0.745000372 0.58943819
vt 0.745000372 0.572046145
vt 0.739203024 0.62422228
vt 0.739203024 0.614560033
vt 0.73630435 0.62422228
vt 0.73630435 0.678330865
vt 0.739203024 0.592336864
vt 0.745000372 0.580742167
vt 0.739203024 0.608762684
vt 0.73630435 0.614560033
vt 0.7343719 0.62422228
vt 0.7343719 0.678330865
vt 0.739203024 0.58943819
vt 0.739203024 0.603931561
vt 0.73630435 0.608762684
vt 0.7343719 0.614560033
vt 0.729540776 0.62422228
vt 0.729540776 0.678330865
vt 0.73630435 0.592336864
vt 0.73630435 0.603931561
vt 0.7343719 0.608762684
vt 0.729540776 0.614560033
vt 0.727608327 0.62422228
vt 0.727608327 0.678330865
vt 0.727608327 0.614560033
vt 0.727608327 0.608762684
vt 0.729540776 0.608762684
vt 0.727608327 0.603931561
vt 0.729540776 0.603931561
vt 0.727608327 0.592336864
vt 0.7343719 0.603931561
vt 0.729540776 0.592336864
vt 0.727608327 0.58943819
vt 0.7343719 0.592336864
vt 0.729540776 0.58943819
vt 0.727608327 0.580742167
vt 0.73630435 0.58943819
vt 0.7343719 0.58943819
vt 0.729540776 0.580742167
vt 0.727608327 0.572046145
vt 0.739203024 0.580742167
vt 0.73630435 0.580742167
vt 0.729540776 0.572046145
vt 0.727608327 0.553687875
vt 0.7343719 0.580742167
vt 0.7343719 0.572046145
vt 0.73630435 0.572046145
vt 0.739203024 0.572046145
vt 0.729540776 0.553687875
vt 0.727608327 0.506342862
vt 0.7343719 0.553687875
vt 0.729540776 0.506342862
vt 0.727608327 0.483153469
vt 0.745000372 0.553687875
vt 0.739203024 0.553687875
vt 0.73630435 0.553687875
vt 0.739203024 0.506342862
vt 0.73630435 0.506342862
vt 0.729540776 0.483153469
vt 0.727608327 0.381699872
vt 0.7343719 0.506342862
vt 0.73630435 0.483153469
vt 0.7343719 0.483153469
vt 0.729540776 0.381699872
vt 0.727608327 0.344983332
vt 0.73630435 0.381699872
vt 0.729540776 0.344983332
vt 0.727608327 0.309233016
vt 0.7343719 0.381699872
vt 0.729540776 0.309233016
vt 0.727608327 0.2773476
vt 0.7343719 0.344983332
vt 0.739203024 0.381699872
vt 0.73630435 0.344983332
vt 0.729540776 0.2773476
vt 0.727608327 0.249327083
vt 0.7343719 0.309233016
vt 0.73630435 0.309233016
vt 0.729540776 0.249327083
vt 0.727608327 0.22227279
vt 0.7343719 0.2773476
vt 0.73630435 0.2773476
vt 0.729540776 0.22227279
vt 0.727608327 0.208745644
vt 0.7343719 0.249327083
vt 0.73630435 0.249327083
vt 0.729540776 0.208745644
vt 0.727608327 0.194252273
vt 0.7343719 0.22227279
vt 0.73630435 0.22227279
vt 0.729540776 0.194252273
vt 0.727608327 0.00583844941
vt 0.729540776 0.00583844941
vt 0.7343719 0.208745644
vt 0.73630435 0.208745644
vt 0.7343719 0.194252273
vt 0.7343719 0.00583844941
vt 0.73630435 0.194252273
vt 0.79137916 0.685094439
vt 0.786548036 0.693790461
vt 0.79137916 0.689925562
vt 0.781716912 0.692824236
vt 0.778818238 0.687993113
vt 0.781716912 0.682195764
vt 0.786548036 0.68122954
vt 0.794277834 0.857082442
vt 0.801041407 0.86094734
vt 0.798142733 0.856116217
vt 0.797176508 0.86287979
vt 0.802973856 0.866744689
vt 0.793311609 0.858048666
vt 0.799108957 0.868677138
vt 0.804906306 0.873508262
vt 0.796210283 0.86287979
vt 0.793311609 0.858048666
vt 0.800075182 0.873508262
vt 0.804906306 0.87930561
vt 0.796210283 0.863846015
vt 0.79137916 0.86094734
vt 0.792345384 0.864812239
vt 0.793311609 0.869643363
vt 0.798142733 0.868677138
vt 0.800075182 0.87930561
vt 0.803940081 0.886069184
vt 0.797176508 0.868677138
vt 0.799108957 0.873508262
vt 0.798142733 0.873508262
vt 0.794277834 0.874474487
vt 0.799108957 0.885102959
vt 0.801041407 0.891866532
vt 0.799108957 0.87930561
vt 0.798142733 0.87930561
vt 0.794277834 0.87930561
vt 0.797176508 0.889934083
vt 0.799108957 0.89766388
vt 0.794277834 0.895731431
vt 0.798142733 0.885102959
vt 0.798142733 0.885102959
vt 0.793311609 0.884136734
vt 0.792345384 0.888001633
vt 0.796210283 0.889934083
vt 0.794277834 0.895731431
vt 0.796210283 0.889934083
vt 0.793311609 0.894765206
vt 0.79137916 0.891866532
vt 0.78944671 0.86094734
vt 0.792345384 0.864812239
vt 0.79137916 0.86094734
vt 0.790412935 0.865778464
vt 0.787514261 0.86094734
vt 0.79137916 0.869643363
vt 0.793311609 0.869643363
vt 0.794277834 0.874474487
vt 0.788480485 0.865778464
vt 0.785581811 0.86094734
vt 0.792345384 0.874474487
vt 0.794277834 0.87930561
vt 0.786548036 0.865778464
vt 0.778818238 0.864812239
vt 0.779784463 0.867710914
vt 0.780750687 0.871575813
vt 0.78944671 0.869643363
vt 0.792345384 0.87930561
vt 0.793311609 0.884136734
vt 0.787514261 0.870609588
vt 0.790412935 0.874474487
vt 0.788480485 0.874474487
vt 0.780750687 0.874474487
vt 0.790412935 0.87930561
vt 0.788480485 0.87930561
vt 0.780750687 0.878339386
vt 0.79137916 0.883170509
vt 0.78944671 0.883170509
vt 0.787514261 0.883170509
vt 0.780750687 0.882204285
vt 0.779784463 0.886069184
vt 0.790412935 0.888001633
vt 0.792345384 0.888001633
vt 0.79137916 0.891866532
vt 0.78944671 0.892832757
vt 0.788480485 0.888001633
vt 0.787514261 0.892832757
vt 0.786548036 0.888001633
vt 0.785581811 0.892832757
vt 0.778818238 0.888967858
vt 0.905393678 0.257056881
vt 0.913123476 0.263820454
vt 0.911191027 0.258023105
vt 0.911191027 0.268651578
vt 0.905393678 0.269617802
vt 0.900562555 0.265752903
vt 0.900562555 0.26092178
vt 0.365274051 0.107292047
vt 0.372037624 0.110190721
vt 0.370105175 0.105359597
vt 0.368172725 0.113089395
vt 0.374936298 0.115988069
vt 0.365274051 0.107292047
vt 0.370105175 0.117920519
vt 0.375902523 0.122751642
vt 0.368172725 0.113089395
vt 0.364307826 0.108258271
vt 0.371071399 0.123717867
vt 0.376868748 0.129515216
vt 0.367206501 0.113089395
vt 0.362375377 0.111156946
vt 0.364307826 0.115021845
vt 0.365274051 0.118886743
vt 0.36913895 0.117920519
vt 0.371071399 0.128548991
vt 0.374936298 0.135312564
vt 0.36913895 0.117920519
vt 0.370105175 0.123717867
vt 0.370105175 0.123717867
vt 0.366240276 0.123717867
vt 0.370105175 0.134346339
vt 0.373003849 0.142076137
vt 0.371071399 0.128548991
vt 0.370105175 0.128548991
vt 0.366240276 0.128548991
vt 0.36913895 0.140143688
vt 0.370105175 0.146907261
vt 0.366240276 0.145941036
vt 0.370105175 0.134346339
vt 0.36913895 0.134346339
vt 0.365274051 0.133380115
vt 0.364307826 0.138211238
vt 0.368172725 0.139177463
vt 0.365274051 0.144974811
vt 0.367206501 0.139177463
vt 0.365274051 0.144974811
vt 0.363341602 0.142076137
vt 0.360442927 0.110190721
vt 0.364307826 0.115021845
vt 0.362375377 0.111156946
vt 0.362375377 0.115021845
vt 0.358510478 0.110190721
vt 0.363341602 0.119852968
vt 0.365274051 0.118886743
vt 0.366240276 0.123717867
vt 0.360442927 0.115021845
vt 0.356578028 0.110190721
vt 0.363341602 0.123717867
vt 0.366240276 0.128548991
vt 0.358510478 0.115988069
vt 0.35078068 0.11405562
vt 0.351746905 0.116954294
vt 0.351746905 0.120819193
vt 0.361409152 0.119852968
vt 0.363341602 0.128548991
vt 0.365274051 0.133380115
vt 0.359476703 0.119852968
vt 0.361409152 0.123717867
vt 0.359476703 0.124684092
vt 0.35271313 0.124684092
vt 0.361409152 0.128548991
vt 0.359476703 0.128548991
vt 0.35271313 0.128548991
vt 0.363341602 0.133380115
vt 0.361409152 0.133380115
vt 0.359476703 0.13241389
vt 0.351746905 0.131447665
vt 0.351746905 0.135312564
vt 0.362375377 0.137245013
vt 0.364307826 0.138211238
vt 0.363341602 0.142076137
vt 0.361409152 0.142076137
vt 0.360442927 0.137245013
vt 0.358510478 0.142076137
vt 0.358510478 0.137245013
vt 0.356578028 0.142076137
vt 0.35078068 0.138211238
vt 0.79137916 0.786548036
vt 0.786548036 0.796210283
vt 0.79137916 0.792345384
vt 0.781716912 0.795244058
vt 0.778818238 0.78944671
vt 0.781716912 0.784615586
vt 0.786548036 0.783649362
vt 0.184590026 0.287009847
vt 0.191353599 0.290874746
vt 0.188454924 0.286043623
vt 0.1874887 0.292807196
vt 0.193286048 0.296672095
vt 0.183623801 0.287976072
vt 0.189421149 0.298604544
vt 0.195218498 0.302469443
vt 0.186522475 0.292807196
vt 0.183623801 0.287976072
vt 0.190387374 0.303435668
vt 0.195218498 0.309233016
vt 0.186522475 0.293773421
vt 0.181691351 0.290874746
vt 0.183623801 0.294739645
vt 0.184590026 0.299570769
vt 0.188454924 0.298604544
vt 0.190387374 0.309233016
vt 0.194252273 0.31599659
vt 0.188454924 0.298604544
vt 0.189421149 0.303435668
vt 0.189421149 0.303435668
vt 0.184590026 0.304401893
vt 0.189421149 0.315030365
vt 0.192319823 0.321793938
vt 0.189421149 0.309233016
vt 0.189421149 0.309233016
vt 0.184590026 0.309233016
vt 0.1874887 0.319861489
vt 0.189421149 0.327591286
vt 0.184590026 0.325658837
vt 0.189421149 0.31406414
vt 0.188454924 0.31406414
vt 0.184590026 0.313097915
vt 0.183623801 0.317929039
vt 0.1874887 0.319861489
vt 0.184590026 0.325658837
vt 0.186522475 0.319861489
vt 0.183623801 0.324692612
vt 0.181691351 0.321793938
vt 0.179758902 0.290874746
vt 0.183623801 0.294739645
vt 0.181691351 0.290874746
vt 0.180725127 0.294739645
vt 0.177826452 0.290874746
vt 0.182657576 0.299570769
vt 0.184590026 0.299570769
vt 0.184590026 0.304401893
vt 0.178792677 0.29570587
vt 0.175894003 0.290874746
vt 0.182657576 0.304401893
vt 0.184590026 0.309233016
vt 0.176860228 0.29570587
vt 0.16913043 0.293773421
vt 0.171062879 0.29763832
vt 0.171062879 0.300536994
vt 0.179758902 0.299570769
vt 0.182657576 0.309233016
vt 0.184590026 0.313097915
vt 0.177826452 0.300536994
vt 0.180725127 0.304401893
vt 0.178792677 0.304401893
vt 0.172029104 0.304401893
vt 0.180725127 0.309233016
vt 0.178792677 0.308266792
vt 0.171062879 0.308266792
vt 0.182657576 0.313097915
vt 0.180725127 0.313097915
vt 0.177826452 0.313097915
vt 0.171062879 0.312131691
vt 0.171062879 0.31599659
vt 0.181691351 0.317929039
vt 0.183623801 0.317929039
vt 0.181691351 0.321793938
vt 0.180725127 0.322760163
vt 0.179758902 0.317929039
vt 0.177826452 0.322760163
vt 0.176860228 0.316962814
vt 0.175894003 0.321793938
vt 0.16913043 0.318895264
vt 0.372037624 0.0676768325
vt 0.372037624 0.0783053046
vt 0.374936298 0.0734741809
vt 0.366240276 0.0792715293
vt 0.362375377 0.0763728551
vt 0.362375377 0.0705755067
vt 0.366240276 0.0667106078
vt 0.825197025 0.817467227
vt 0.831960598 0.821332126
vt 0.830028149 0.816501003
vt 0.828095699 0.823264576
vt 0.834859273 0.827129475
vt 0.825197025 0.818433452
vt 0.830028149 0.829061924
vt 0.835825497 0.833893048
vt 0.828095699 0.823264576
vt 0.824230801 0.818433452
vt 0.830994374 0.833893048
vt 0.836791722 0.839690396
vt 0.827129475 0.824230801
vt 0.822298351 0.821332126
vt 0.824230801 0.825197025
vt 0.825197025 0.830028149
vt 0.829061924 0.829061924
vt 0.830994374 0.839690396
vt 0.834859273 0.846453969
vt 0.829061924 0.829061924
vt 0.830994374 0.833893048
vt 0.830028149 0.833893048
vt 0.82616325 0.834859273
vt 0.830028149 0.845487745
vt 0.832926823 0.852251318
vt 0.830994374 0.839690396
vt 0.830028149 0.839690396
vt 0.82616325 0.839690396
vt 0.829061924 0.850318868
vt 0.830028149 0.858048666
vt 0.82616325 0.856116217
vt 0.830028149 0.845487745
vt 0.829061924 0.84452152
vt 0.825197025 0.84452152
vt 0.824230801 0.848386419
vt 0.828095699 0.850318868
vt 0.825197025 0.856116217
vt 0.827129475 0.850318868
vt 0.825197025 0.855149992
vt 0.823264576 0.852251318
vt 0.821332126 0.821332126
vt 0.824230801 0.825197025
vt 0.822298351 0.821332126
vt 0.822298351 0.82616325
vt 0.818433452 0.821332126
vt 0.823264576 0.830028149
vt 0.825197025 0.830028149
vt 0.82616325 0.834859273
vt 0.820365902 0.82616325
vt 0.816501003 0.821332126
vt 0.823264576 0.834859273
vt 0.82616325 0.839690396
vt 0.818433452 0.82616325
vt 0.810703654 0.824230801
vt 0.811669879 0.828095699
vt 0.812636104 0.831960598
vt 0.821332126 0.830028149
vt 0.823264576 0.839690396
vt 0.825197025 0.84452152
vt 0.819399677 0.830994374
vt 0.821332126 0.834859273
vt 0.819399677 0.834859273
vt 0.812636104 0.834859273
vt 0.821332126 0.839690396
vt 0.819399677 0.839690396
vt 0.812636104 0.838724172
vt 0.823264576 0.843555295
vt 0.821332126 0.843555295
vt 0.819399677 0.843555295
vt 0.811669879 0.84258907
vt 0.811669879 0.846453969
vt 0.822298351 0.848386419
vt 0.824230801 0.848386419
vt 0.823264576 0.852251318
vt 0.821332126 0.853217543
vt 0.820365902 0.848386419
vt 0.819399677 0.853217543
vt 0.818433452 0.848386419
vt 0.816501003 0.853217543
vt 0.810703654 0.849352644
vt 0.79137916 0.905393678
vt 0.799108957 0.911191027
vt 0.797176508 0.906359903
vt 0.797176508 0.916988375
vt 0.79137916 0.9179546
vt 0.786548036 0.914089701
vt 0.786548036 0.908292353
vt 0.86094734 0.817467227
vt 0.867710914 0.821332126
vt 0.864812239 0.816501003
vt 0.863846015 0.823264576
vt 0.869643363 0.827129475
vt 0.859981116 0.818433452
vt 0.865778464 0.829061924
vt 0.871575813 0.833893048
vt 0.86287979 0.823264576
vt 0.859981116 0.818433452
vt 0.866744689 0.833893048
vt 0.871575813 0.839690396
vt 0.86287979 0.824230801
vt 0.858048666 0.821332126
vt 0.859014891 0.825197025
vt 0.86094734 0.830028149
vt 0.864812239 0.829061924
vt 0.866744689 0.839690396
vt 0.870609588 0.846453969
vt 0.863846015 0.829061924
vt 0.865778464 0.833893048
vt 0.864812239 0.833893048
vt 0.86094734 0.834859273
vt 0.865778464 0.845487745
vt 0.868677138 0.852251318
vt 0.865778464 0.839690396
vt 0.865778464 0.839690396
vt 0.86094734 0.839690396
vt 0.863846015 0.850318868
vt 0.865778464 0.858048666
vt 0.86094734 0.856116217
vt 0.864812239 0.845487745
vt 0.864812239 0.84452152
vt 0.86094734 0.84452152
vt 0.859981116 0.848386419
vt 0.863846015 0.850318868
vt 0.86094734 0.856116217
vt 0.86287979 0.850318868
vt 0.859981116 0.855149992
vt 0.858048666 0.852251318
vt 0.856116217 0.821332126
vt 0.859014891 0.825197025
vt 0.858048666 0.821332126
vt 0.857082442 0.82616325
vt 0.854183767 0.821332126
vt 0.858048666 0.830028149
vt 0.86094734 0.830028149
vt 0.86094734 0.834859273
vt 0.855149992 0.82616325
vt 0.852251318 0.821332126
vt 0.859014891 0.834859273
vt 0.86094734 0.839690396
vt 0.853217543 0.82616325
vt 0.845487745 0.824230801
vt 0.846453969 0.828095699
vt 0.847420194 0.831960598
vt 0.856116217 0.830028149
vt 0.859014891 0.839690396
vt 0.86094734 0.84452152
vt 0.854183767 0.830994374
vt 0.857082442 0.834859273
vt 0.855149992 0.834859273
vt 0.847420194 0.834859273
vt 0.857082442 0.839690396
vt 0.855149992 0.839690396
vt 0.847420194 0.838724172
vt 0.859014891 0.843555295
vt 0.856116217 0.843555295
vt 0.854183767 0.843555295
vt 0.847420194 0.84258907
vt 0.846453969 0.846453969
vt 0.858048666 0.848386419
vt 0.859981116 0.848386419
vt 0.858048666 0.852251318
vt 0.856116217 0.853217543
vt 0.855149992 0.848386419
vt 0.854183767 0.853217543
vt 0.853217543 0.848386419
vt 0.852251318 0.853217543
vt 0.845487745 0.849352644
vt 0.271550252 0.821332126
vt 0.280246274 0.814568553
vt 0.274448926 0.815534778
vt 0.284111173 0.818433452
vt 0.284111173 0.824230801
vt 0.280246274 0.827129475
vt 0.274448926 0.82616325
vt 0.184590026 0.188454924
vt 0.191353599 0.192319823
vt 0.188454924 0.186522475
vt 0.1874887 0.194252273
vt 0.193286048 0.198117172
vt 0.183623801 0.189421149
vt 0.189421149 0.199083397
vt 0.195218498 0.20391452
vt 0.186522475 0.194252273
vt 0.183623801 0.189421149
vt 0.190387374 0.204880745
vt 0.195218498 0.210678093
vt 0.186522475 0.194252273
vt 0.181691351 0.192319823
vt 0.183623801 0.196184722
vt 0.184590026 0.201015846
vt 0.188454924 0.199083397
vt 0.190387374 0.210678093
vt 0.194252273 0.217441667
vt 0.188454924 0.200049621
vt 0.189421149 0.204880745
vt 0.189421149 0.204880745
vt 0.184590026 0.20584697
vt 0.189421149 0.215509217
vt 0.192319823 0.223239015
vt 0.189421149 0.210678093
vt 0.189421149 0.210678093
vt 0.184590026 0.209711869
vt 0.1874887 0.221306565
vt 0.189421149 0.228070139
vt 0.184590026 0.227103914
vt 0.189421149 0.215509217
vt 0.188454924 0.215509217
vt 0.184590026 0.214542992
vt 0.183623801 0.219374116
vt 0.1874887 0.221306565
vt 0.184590026 0.226137689
vt 0.186522475 0.221306565
vt 0.183623801 0.226137689
vt 0.181691351 0.223239015
vt 0.179758902 0.192319823
vt 0.183623801 0.196184722
vt 0.181691351 0.192319823
vt 0.180725127 0.196184722
vt 0.177826452 0.191353599
vt 0.182657576 0.201015846
vt 0.184590026 0.201015846
vt 0.184590026 0.20584697
vt 0.178792677 0.197150947
vt 0.175894003 0.192319823
vt 0.182657576 0.20584697
vt 0.184590026 0.209711869
vt 0.176860228 0.197150947
vt 0.16913043 0.195218498
vt 0.171062879 0.199083397
vt 0.171062879 0.201982071
vt 0.179758902 0.201015846
vt 0.182657576 0.209711869
vt 0.184590026 0.214542992
vt 0.177826452 0.201015846
vt 0.180725127 0.20584697
vt 0.178792677 0.20584697
vt 0.172029104 0.20584697
vt 0.180725127 0.209711869
vt 0.178792677 0.209711869
vt 0.171062879 0.209711869
vt 0.182657576 0.214542992
vt 0.180725127 0.214542992
vt 0.177826452 0.214542992
vt 0.171062879 0.213576768
vt 0.171062879 0.216475442
vt 0.181691351 0.219374116
vt 0.183623801 0.219374116
vt 0.181691351 0.223239015
vt 0.180725127 0.223239015
vt 0.179758902 0.219374116
vt 0.177826452 0.22420524
vt 0.176860228 0.218407891
vt 0.175894003 0.223239015
vt 0.16913043 0.220340341
vt 0.268651578 0.751763945
vt 0.26092178 0.758527518
vt 0.265752903 0.756595069
vt 0.256090656 0.75466262
vt 0.256090656 0.748865271
vt 0.26092178 0.745966597
vt 0.265752903 0.746932822
vt 0.184590026 0.237732386
vt 0.191353599 0.241597285
vt 0.188454924 0.235799936
vt 0.1874887 0.243529734
vt 0.194252273 0.247394633
vt 0.183623801 0.238698611
vt 0.189421149 0.248360858
vt 0.195218498 0.253191982
vt 0.186522475 0.243529734
vt 0.183623801 0.238698611
vt 0.190387374 0.254158206
vt 0.195218498 0.259955555
vt 0.186522475 0.243529734
vt 0.181691351 0.241597285
vt 0.183623801 0.245462184
vt 0.184590026 0.250293308
vt 0.188454924 0.249327083
vt 0.190387374 0.259955555
vt 0.194252273 0.266719128
vt 0.188454924 0.249327083
vt 0.189421149 0.254158206
vt 0.189421149 0.254158206
vt 0.184590026 0.255124431
vt 0.189421149 0.265752903
vt 0.192319823 0.272516476
vt 0.189421149 0.259955555
vt 0.189421149 0.259955555
vt 0.184590026 0.259955555
vt 0.1874887 0.270584027
vt 0.189421149 0.278313825
vt 0.184590026 0.276381375
vt 0.189421149 0.264786679
vt 0.188454924 0.264786679
vt 0.184590026 0.263820454
vt 0.183623801 0.268651578
vt 0.1874887 0.270584027
vt 0.184590026 0.275415151
vt 0.186522475 0.270584027
vt 0.183623801 0.275415151
vt 0.181691351 0.272516476
vt 0.179758902 0.241597285
vt 0.183623801 0.245462184
vt 0.181691351 0.241597285
vt 0.180725127 0.245462184
vt 0.177826452 0.241597285
vt 0.182657576 0.250293308
vt 0.184590026 0.250293308
vt 0.184590026 0.255124431
vt 0.178792677 0.246428409
vt 0.175894003 0.241597285
vt 0.182657576 0.255124431
vt 0.184590026 0.259955555
vt 0.176860228 0.246428409
vt 0.16913043 0.244495959
vt 0.171062879 0.248360858
vt 0.171062879 0.251259532
vt 0.179758902 0.250293308
vt 0.182657576 0.25898933
vt 0.184590026 0.263820454
vt 0.177826452 0.250293308
vt 0.180725127 0.255124431
vt 0.178792677 0.255124431
vt 0.172029104 0.255124431
vt 0.180725127 0.25898933
vt 0.178792677 0.25898933
vt 0.171062879 0.25898933
vt 0.182657576 0.263820454
vt 0.180725127 0.263820454
vt 0.177826452 0.263820454
vt 0.171062879 0.262854229
vt 0.171062879 0.265752903
vt 0.181691351 0.268651578
vt 0.183623801 0.268651578
vt 0.181691351 0.272516476
vt 0.180725127 0.272516476
vt 0.179758902 0.268651578
vt 0.177826452 0.273482701
vt 0.176860228 0.267685353
vt 0.175894003 0.272516476
vt 0.16913043 0.269617802
vt 0.374936298 0.742101698
vt 0.370105175 0.750797721
vt 0.374936298 0.747899046
vt 0.364307826 0.749831496
vt 0.362375377 0.745000372
vt 0.364307826 0.740169249
vt 0.370105175 0.738236799
vt 0.817467227 0.570113695
vt 0.810703654 0.567215021
vt 0.813602328 0.572046145
vt 0.814568553 0.565282571
vt 0.808771205 0.561417672
vt 0.818433452 0.570113695
vt 0.812636104 0.559485223
vt 0.806838755 0.554654099
vt 0.815534778 0.564316347
vt 0.818433452 0.56914747
vt 0.811669879 0.554654099
vt 0.806838755 0.548856751
vt 0.815534778 0.564316347
vt 0.820365902 0.566248796
vt 0.819399677 0.562383897
vt 0.817467227 0.558518998
vt 0.813602328 0.559485223
vt 0.811669879 0.548856751
vt 0.80780498 0.542093178
vt 0.813602328 0.559485223
vt 0.812636104 0.554654099
vt 0.812636104 0.554654099
vt 0.817467227 0.553687875
vt 0.812636104 0.543059402
vt 0.809737429 0.536295829
vt 0.812636104 0.548856751
vt 0.812636104 0.548856751
vt 0.817467227 0.548856751
vt 0.814568553 0.538228279
vt 0.812636104 0.530498481
vt 0.817467227 0.53243093
vt 0.812636104 0.543059402
vt 0.813602328 0.543059402
vt 0.817467227 0.544025627
vt 0.818433452 0.540160728
vt 0.814568553 0.538228279
vt 0.817467227 0.53243093
vt 0.815534778 0.538228279
vt 0.818433452 0.533397155
vt 0.820365902 0.536295829
vt 0.822298351 0.567215021
vt 0.819399677 0.562383897
vt 0.820365902 0.566248796
vt 0.821332126 0.562383897
vt 0.824230801 0.567215021
vt 0.819399677 0.558518998
vt 0.817467227 0.558518998
vt 0.817467227 0.553687875
vt 0.823264576 0.562383897
vt 0.82616325 0.567215021
vt 0.819399677 0.553687875
vt 0.817467227 0.548856751
vt 0.825197025 0.562383897
vt 0.832926823 0.563350122
vt 0.830994374 0.560451448
vt 0.830994374 0.556586549
vt 0.822298351 0.557552773
vt 0.819399677 0.548856751
vt 0.817467227 0.544025627
vt 0.824230801 0.557552773
vt 0.821332126 0.553687875
vt 0.823264576 0.553687875
vt 0.830028149 0.55272165
vt 0.821332126 0.548856751
vt 0.823264576 0.548856751
vt 0.830994374 0.549822976
vt 0.819399677 0.544025627
vt 0.822298351 0.544991852
vt 0.824230801 0.544991852
vt 0.830994374 0.545958077
vt 0.830994374 0.542093178
vt 0.820365902 0.540160728
vt 0.818433452 0.540160728
vt 0.820365902 0.536295829
vt 0.821332126 0.535329605
vt 0.822298351 0.540160728
vt 0.824230801 0.535329605
vt 0.825197025 0.540160728
vt 0.82616325 0.535329605
vt 0.832926823 0.539194503
vt 0.816501003 0.502477964
vt 0.806838755 0.499579289
vt 0.810703654 0.503444188
vt 0.806838755 0.494748166
vt 0.810703654 0.490883267
vt 0.816501003 0.491849491
vt 0.818433452 0.49764684
vt 0.743067923 0.88123806
vt 0.749831496 0.884136734
vt 0.746932822 0.87930561
vt 0.745966597 0.886069184
vt 0.751763945 0.889934083
vt 0.742101698 0.88123806
vt 0.747899046 0.891866532
vt 0.753696395 0.896697656
vt 0.745000372 0.887035408
vt 0.742101698 0.882204285
vt 0.748865271 0.89766388
vt 0.753696395 0.903461229
vt 0.745000372 0.887035408
vt 0.740169249 0.885102959
vt 0.741135473 0.888967858
vt 0.743067923 0.892832757
vt 0.746932822 0.891866532
vt 0.748865271 0.902495004
vt 0.75273017 0.909258577
vt 0.745966597 0.891866532
vt 0.747899046 0.89766388
vt 0.746932822 0.89766388
vt 0.743067923 0.89766388
vt 0.747899046 0.908292353
vt 0.749831496 0.91602215
vt 0.747899046 0.902495004
vt 0.746932822 0.902495004
vt 0.743067923 0.902495004
vt 0.745966597 0.914089701
vt 0.747899046 0.920853274
vt 0.743067923 0.918920825
vt 0.746932822 0.908292353
vt 0.746932822 0.908292353
vt 0.743067923 0.907326128
vt 0.742101698 0.911191027
vt 0.745966597 0.913123476
vt 0.743067923 0.918920825
vt 0.745000372 0.913123476
vt 0.742101698 0.9179546
vt 0.740169249 0.915055926
vt 0.738236799 0.884136734
vt 0.741135473 0.888967858
vt 0.740169249 0.885102959
vt 0.739203024 0.888967858
vt 0.73630435 0.884136734
vt 0.740169249 0.893798981
vt 0.743067923 0.892832757
vt 0.743067923 0.89766388
vt 0.737270574 0.888967858
vt 0.7343719 0.884136734
vt 0.741135473 0.89766388
vt 0.743067923 0.902495004
vt 0.735338125 0.888967858
vt 0.727608327 0.888001633
vt 0.728574552 0.890900307
vt 0.729540776 0.894765206
vt 0.738236799 0.893798981
vt 0.741135473 0.902495004
vt 0.743067923 0.907326128
vt 0.73630435 0.893798981
vt 0.739203024 0.89766388
vt 0.737270574 0.89766388
vt 0.729540776 0.898630105
vt 0.739203024 0.902495004
vt 0.737270574 0.902495004
vt 0.729540776 0.901528779
vt 0.740169249 0.907326128
vt 0.738236799 0.906359903
vt 0.73630435 0.906359903
vt 0.729540776 0.905393678
vt 0.728574552 0.909258577
vt 0.739203024 0.911191027
vt 0.742101698 0.911191027
vt 0.740169249 0.915055926
vt 0.738236799 0.91602215
vt 0.737270574 0.911191027
vt 0.73630435 0.91602215
vt 0.735338125 0.911191027
vt 0.7343719 0.91602215
vt 0.727608327 0.912157251
vt 0.367206501 0.864812239
vt 0.362375377 0.874474487
vt 0.367206501 0.870609588
vt 0.356578028 0.872542037
vt 0.354645579 0.867710914
vt 0.356578028 0.86287979
vt 0.362375377 0.861913565
vt 0.164299306 0.906359903
vt 0.172029104 0.909258577
vt 0.16913043 0.904427454
vt 0.168164205 0.911191027
vt 0.173961553 0.915055926
vt 0.164299306 0.906359903
vt 0.16913043 0.916988375
vt 0.175894003 0.921819499
vt 0.16719798 0.912157251
vt 0.164299306 0.907326128
vt 0.171062879 0.921819499
vt 0.175894003 0.927616847
vt 0.166231756 0.912157251
vt 0.162366857 0.910224802
vt 0.163333081 0.914089701
vt 0.164299306 0.9179546
vt 0.16913043 0.916988375
vt 0.171062879 0.927616847
vt 0.174927778 0.93438042
vt 0.168164205 0.916988375
vt 0.170096654 0.921819499
vt 0.16913043 0.922785724
vt 0.165265531 0.922785724
vt 0.170096654 0.933414196
vt 0.172029104 0.940177769
vt 0.170096654 0.927616847
vt 0.16913043 0.927616847
vt 0.165265531 0.927616847
vt 0.168164205 0.938245319
vt 0.170096654 0.945975117
vt 0.165265531 0.944042668
vt 0.16913043 0.933414196
vt 0.16913043 0.933414196
vt 0.165265531 0.932447971
vt 0.163333081 0.93631287
vt 0.16719798 0.938245319
vt 0.165265531 0.944042668
vt 0.16719798 0.938245319
vt 0.164299306 0.943076443
vt 0.162366857 0.940177769
vt 0.160434407 0.909258577
vt 0.163333081 0.914089701
vt 0.162366857 0.910224802
vt 0.161400632 0.914089701
vt 0.158501958 0.909258577
vt 0.162366857 0.9179546
vt 0.164299306 0.9179546
vt 0.165265531 0.922785724
vt 0.159468182 0.914089701
vt 0.156569508 0.909258577
vt 0.163333081 0.922785724
vt 0.165265531 0.927616847
vt 0.157535733 0.914089701
vt 0.149805935 0.913123476
vt 0.15077216 0.91602215
vt 0.151738384 0.919887049
vt 0.160434407 0.918920825
vt 0.163333081 0.927616847
vt 0.165265531 0.932447971
vt 0.158501958 0.918920825
vt 0.161400632 0.922785724
vt 0.159468182 0.922785724
vt 0.151738384 0.923751948
vt 0.161400632 0.927616847
vt 0.159468182 0.927616847
vt 0.151738384 0.926650623
vt 0.162366857 0.932447971
vt 0.160434407 0.931481746
vt 0.158501958 0.931481746
vt 0.151738384 0.930515521
vt 0.15077216 0.93438042
vt 0.161400632 0.93631287
vt 0.163333081 0.93631287
vt 0.162366857 0.940177769
vt 0.160434407 0.941143994
vt 0.159468182 0.93631287
vt 0.158501958 0.941143994
vt 0.157535733 0.93631287
vt 0.156569508 0.941143994
vt 0.149805935 0.937279095
vt 0.818433452 0.476389896
vt 0.810703654 0.483153469
vt 0.816501003 0.482187244
vt 0.806838755 0.47928857
vt 0.806838755 0.474457446
vt 0.810703654 0.470592547
vt 0.816501003 0.471558772
vt 0.283144949 0.575911043
vt 0.289908522 0.578809718
vt 0.287009847 0.573978594
vt 0.286043623 0.580742167
vt 0.291840971 0.584607066
vt 0.282178724 0.575911043
vt 0.287976072 0.586539516
vt 0.293773421 0.591370639
vt 0.285077398 0.581708392
vt 0.282178724 0.576877268
vt 0.288942297 0.591370639
vt 0.293773421 0.598134212
vt 0.285077398 0.581708392
vt 0.280246274 0.579775942
vt 0.281212499 0.583640841
vt 0.282178724 0.58750574
vt 0.287009847 0.586539516
vt 0.288942297 0.597167988
vt 0.292807196 0.603931561
vt 0.286043623 0.586539516
vt 0.287976072 0.591370639
vt 0.287009847 0.592336864
vt 0.283144949 0.592336864
vt 0.287976072 0.602965336
vt 0.289908522 0.609728909
vt 0.287976072 0.597167988
vt 0.287009847 0.597167988
vt 0.283144949 0.597167988
vt 0.286043623 0.60779646
vt 0.287976072 0.615526258
vt 0.283144949 0.613593808
vt 0.287009847 0.602965336
vt 0.287009847 0.602965336
vt 0.283144949 0.601999111
vt 0.281212499 0.60586401
vt 0.285077398 0.60779646
vt 0.283144949 0.613593808
vt 0.285077398 0.60779646
vt 0.282178724 0.612627583
vt 0.280246274 0.609728909
vt 0.278313825 0.578809718
vt 0.281212499 0.583640841
vt 0.280246274 0.579775942
vt 0.27928005 0.583640841
vt 0.276381375 0.578809718
vt 0.280246274 0.58750574
vt 0.282178724 0.58750574
vt 0.283144949 0.592336864
vt 0.2773476 0.583640841
vt 0.274448926 0.578809718
vt 0.281212499 0.592336864
vt 0.283144949 0.597167988
vt 0.275415151 0.583640841
vt 0.267685353 0.582674617
vt 0.268651578 0.585573291
vt 0.269617802 0.58943819
vt 0.278313825 0.588471965
vt 0.281212499 0.597167988
vt 0.283144949 0.601999111
vt 0.276381375 0.588471965
vt 0.27928005 0.592336864
vt 0.2773476 0.592336864
vt 0.269617802 0.593303089
vt 0.27928005 0.597167988
vt 0.2773476 0.597167988
vt 0.269617802 0.596201763
vt 0.280246274 0.601999111
vt 0.278313825 0.601032887
vt 0.276381375 0.601032887
vt 0.269617802 0.600066662
vt 0.268651578 0.603931561
vt 0.27928005 0.60586401
vt 0.281212499 0.60586401
vt 0.280246274 0.609728909
vt 0.278313825 0.610695134
vt 0.2773476 0.60586401
vt 0.276381375 0.610695134
vt 0.275415151 0.60586401
vt 0.274448926 0.610695134
vt 0.267685353 0.606830235
vt 0.888001633 0.905393678
vt 0.89766388 0.907326128
vt 0.892832757 0.903461229
vt 0.89766388 0.913123476
vt 0.892832757 0.916988375
vt 0.888001633 0.915055926
vt 0.885102959 0.910224802
vt 0.125650317 0.975928084
vt 0.117920519 0.972063185
vt 0.120819193 0.977860533
vt 0.122751642 0.970130736
vt 0.115988069 0.966265837
vt 0.125650317 0.974961859
vt 0.120819193 0.965299612
vt 0.115021845 0.960468488
vt 0.122751642 0.970130736
vt 0.126616541 0.974961859
vt 0.119852968 0.959502264
vt 0.115021845 0.953704915
vt 0.123717867 0.970130736
vt 0.128548991 0.972063185
vt 0.126616541 0.968198286
vt 0.125650317 0.963367162
vt 0.121785418 0.965299612
vt 0.119852968 0.953704915
vt 0.115988069 0.946941342
vt 0.121785418 0.964333387
vt 0.119852968 0.959502264
vt 0.120819193 0.959502264
vt 0.124684092 0.958536039
vt 0.120819193 0.948873791
vt 0.117920519 0.941143994
vt 0.119852968 0.953704915
vt 0.120819193 0.953704915
vt 0.125650317 0.95467114
vt 0.122751642 0.943076443
vt 0.120819193 0.93631287
vt 0.124684092 0.937279095
vt 0.120819193 0.948873791
vt 0.121785418 0.948873791
vt 0.125650317 0.949840016
vt 0.126616541 0.945008892
vt 0.122751642 0.943076443
vt 0.125650317 0.938245319
vt 0.123717867 0.944042668
vt 0.125650317 0.938245319
vt 0.127582766 0.941143994
vt 0.129515216 0.972063185
vt 0.126616541 0.968198286
vt 0.128548991 0.972063185
vt 0.128548991 0.968198286
vt 0.13241389 0.97302941
vt 0.127582766 0.963367162
vt 0.125650317 0.963367162
vt 0.124684092 0.958536039
vt 0.13048144 0.968198286
vt 0.134346339 0.972063185
vt 0.127582766 0.958536039
vt 0.125650317 0.95467114
vt 0.13241389 0.967232061
vt 0.140143688 0.969164511
vt 0.139177463 0.965299612
vt 0.139177463 0.962400938
vt 0.129515216 0.963367162
vt 0.127582766 0.95467114
vt 0.125650317 0.949840016
vt 0.131447665 0.963367162
vt 0.129515216 0.958536039
vt 0.131447665 0.958536039
vt 0.138211238 0.958536039
vt 0.129515216 0.95467114
vt 0.131447665 0.95467114
vt 0.138211238 0.95467114
vt 0.127582766 0.949840016
vt 0.129515216 0.949840016
vt 0.131447665 0.949840016
vt 0.139177463 0.950806241
vt 0.139177463 0.947907567
vt 0.128548991 0.945008892
vt 0.126616541 0.945008892
vt 0.127582766 0.941143994
vt 0.129515216 0.941143994
vt 0.13048144 0.945008892
vt 0.13241389 0.940177769
vt 0.13241389 0.945975117
vt 0.134346339 0.941143994
vt 0.140143688 0.944042668
vt 0.784615586 0.744034147
vt 0.784615586 0.753696395
vt 0.787514261 0.748865271
vt 0.779784463 0.755628844
vt 0.774953339 0.751763945
vt 0.774953339 0.745966597
vt 0.779784463 0.742101698
vt 0.9179546 0.00583844941
vt 0.922785724 0.0106695731
vt 0.922785724 0.00583844941
vt 0.9179546 0.0106695731
vt 0.922785724 0.0155006968
vt 0.916988375 0.00583844941
vt 0.9179546 0.0155006968
vt 0.922785724 0.0212980452
vt 0.916988375 0.0106695731
vt 0.916988375 0.00583844941
vt 0.9179546 0.0212980452
vt 0.922785724 0.0261291689
vt 0.916988375 0.0106695731
vt 0.913123476 0.00583844941
vt 0.913123476 0.0106695731
vt 0.913123476 0.0155006968
vt 0.916988375 0.0155006968
vt 0.9179546 0.0261291689
vt 0.922785724 0.0309602925
vt 0.916988375 0.0155006968
vt 0.916988375 0.0212980452
vt 0.916988375 0.0212980452
vt 0.913123476 0.0212980452
vt 0.9179546 0.0309602925
vt 0.922785724 0.036757641
vt 0.916988375 0.0261291689
vt 0.916988375 0.0261291689
vt 0.913123476 0.0261291689
vt 0.9179546 0.036757641
vt 0.922785724 0.0415887646
vt 0.9179546 0.0415887646
vt 0.916988375 0.0309602925
vt 0.916988375 0.0309602925
vt 0.913123476 0.0309602925
vt 0.913123476 0.036757641
vt 0.916988375 0.036757641
vt 0.916988375 0.0415887646
vt 0.916988375 0.036757641
vt 0.916988375 0.0415887646
vt 0.913123476 0.0415887646
vt 0.911191027 0.00583844941
vt 0.913123476 0.0106695731
vt 0.913123476 0.00583844941
vt 0.911191027 0.0106695731
vt 0.909258577 0.00583844941
vt 0.911191027 0.0155006968
vt 0.913123476 0.0155006968
vt 0.913123476 0.0212980452
vt 0.909258577 0.0106695731
vt 0.907326128 0.00583844941
vt 0.911191027 0.0212980452
vt 0.913123476 0.0261291689
vt 0.907326128 0.0106695731
vt 0.900562555 0.00583844941
vt 0.900562555 0.0106695731
vt 0.900562555 0.0155006968
vt 0.909258577 0.0155006968
vt 0.911191027 0.0261291689
vt 0.913123476 0.0309602925
vt 0.907326128 0.0155006968
vt 0.909258577 0.0212980452
vt 0.907326128 0.0212980452
vt 0.900562555 0.0212980452
vt 0.909258577 0.0261291689
vt 0.907326128 0.0261291689
vt 0.900562555 0.0261291689
vt 0.911191027 0.0309602925
vt 0.909258577 0.0309602925
vt 0.907326128 0.0309602925
vt 0.900562555 0.0309602925
vt 0.900562555 0.036757641
vt 0.911191027 0.036757641
vt 0.913123476 0.036757641
vt 0.913123476 0.0415887646
vt 0.911191027 0.0415887646
vt 0.909258577 0.036757641
vt 0.909258577 0.0415887646
vt 0.907326128 0.036757641
vt 0.907326128 0.0415887646
vt 0.900562555 0.0415887646
vt 0.837757947 0.575911043
vt 0.840656621 0.573012369
vt 0.837757947 0.573978594
vt 0.840656621 0.575911043
vt 0.854183767 0.570113695
vt 0.840656621 0.583640841
vt 0.837757947 0.583640841
vt 0.840656621 0.586539516
vt 0.837757947 0.585573291
vt 0.854183767 0.58943819
vt 0.854183767 0.586539516
vt 0.856116217 0.58943819
vt 0.856116217 0.58750574
vt 0.854183767 0.573012369
vt 0.856116217 0.572046145
vt 0.856116217 0.570113695
vt 0.121785418 0.517937559
vt 0.118886743 0.515038885
vt 0.118886743 0.517937559
vt 0.120819193 0.515038885
vt 0.118886743 0.499579289
vt 0.138211238 0.515038885
vt 0.138211238 0.517937559
vt 0.140143688 0.517937559
vt 0.141109912 0.515038885
vt 0.120819193 0.499579289
vt 0.118886743 0.49764684
vt 0.121785418 0.49764684
vt 0.138211238 0.49764684
vt 0.138211238 0.499579289
vt 0.141109912 0.499579289
vt 0.140143688 0.49764684
vt 0.118886743 0.519870009
vt 0.121785418 0.517937559
vt 0.118886743 0.517937559
vt 0.121785418 0.519870009
vt 0.138211238 0.517937559
vt 0.122751642 0.533397155
vt 0.137245013 0.519870009
vt 0.140143688 0.517937559
vt 0.140143688 0.519870009
vt 0.137245013 0.533397155
vt 0.125650317 0.533397155
vt 0.123717867 0.535329605
vt 0.134346339 0.533397155
vt 0.135312564 0.535329605
vt 0.125650317 0.535329605
vt 0.133380115 0.535329605
vt 0.136278789 0.538228279
vt 0.125650317 0.538228279
vt 0.122751642 0.538228279
vt 0.133380115 0.538228279
vt 0.136278789 0.544991852
vt 0.133380115 0.544991852
vt 0.125650317 0.544991852
vt 0.122751642 0.544991852
vt 0.133380115 0.476389896
vt 0.136278789 0.47928857
vt 0.136278789 0.47735612
vt 0.133380115 0.47928857
vt 0.134346339 0.482187244
vt 0.137245013 0.481221019
vt 0.125650317 0.47928857
vt 0.125650317 0.476389896
vt 0.122751642 0.47735612
vt 0.123717867 0.47928857
vt 0.125650317 0.482187244
vt 0.122751642 0.481221019
vt 0.121785418 0.494748166
vt 0.118886743 0.494748166
vt 0.118886743 0.49764684
vt 0.121785418 0.49764684
vt 0.137245013 0.494748166
vt 0.140143688 0.494748166
vt 0.138211238 0.49764684
vt 0.140143688 0.49764684
vt 0.325658837 0.126616541
vt 0.322760163 0.123717867
vt 0.322760163 0.125650317
vt 0.325658837 0.123717867
vt 0.339185983 0.129515216
vt 0.322760163 0.116954294
vt 0.339185983 0.127582766
vt 0.341118433 0.129515216
vt 0.341118433 0.127582766
vt 0.325658837 0.115988069
vt 0.339185983 0.113089395
vt 0.341118433 0.11212317
vt 0.339185983 0.110190721
vt 0.341118433 0.110190721
vt 0.325658837 0.113089395
vt 0.322760163 0.11405562
vt 0.767223541 0.659972595
vt 0.769155991 0.657073921
vt 0.767223541 0.658040146
vt 0.770122215 0.659972595
vt 0.782683137 0.654175247
vt 0.770122215 0.667702393
vt 0.767223541 0.667702393
vt 0.769155991 0.670601068
vt 0.767223541 0.669634843
vt 0.782683137 0.673499742
vt 0.782683137 0.670601068
vt 0.784615586 0.673499742
vt 0.785581811 0.671567292
vt 0.782683137 0.657073921
vt 0.785581811 0.656107697
vt 0.784615586 0.654175247
vt 0.341118433 0.864812239
vt 0.343050882 0.866744689
vt 0.343050882 0.864812239
vt 0.341118433 0.866744689
vt 0.343050882 0.883170509
vt 0.325658837 0.866744689
vt 0.325658837 0.864812239
vt 0.323726387 0.864812239
vt 0.322760163 0.866744689
vt 0.341118433 0.883170509
vt 0.343050882 0.885102959
vt 0.341118433 0.885102959
vt 0.325658837 0.885102959
vt 0.325658837 0.883170509
vt 0.322760163 0.883170509
vt 0.323726387 0.885102959
vt 0.343050882 0.86287979
vt 0.341118433 0.864812239
vt 0.343050882 0.864812239
vt 0.340152208 0.86287979
vt 0.325658837 0.864812239
vt 0.340152208 0.849352644
vt 0.326625062 0.861913565
vt 0.323726387 0.864812239
vt 0.323726387 0.86287979
vt 0.326625062 0.848386419
vt 0.337253534 0.849352644
vt 0.339185983 0.846453969
vt 0.329523736 0.849352644
vt 0.327591286 0.846453969
vt 0.337253534 0.846453969
vt 0.329523736 0.846453969
vt 0.327591286 0.84452152
vt 0.336287309 0.843555295
vt 0.339185983 0.84452152
vt 0.330489961 0.843555295
vt 0.327591286 0.836791722
vt 0.330489961 0.837757947
vt 0.337253534 0.837757947
vt 0.340152208 0.837757947
vt 0.329523736 0.905393678
vt 0.327591286 0.902495004
vt 0.326625062 0.905393678
vt 0.329523736 0.903461229
vt 0.328557511 0.900562555
vt 0.326625062 0.900562555
vt 0.336287309 0.903461229
vt 0.336287309 0.906359903
vt 0.339185983 0.905393678
vt 0.338219758 0.903461229
vt 0.337253534 0.900562555
vt 0.339185983 0.900562555
vt 0.340152208 0.887035408
vt 0.343050882 0.887035408
vt 0.343050882 0.885102959
vt 0.341118433 0.885102959
vt 0.325658837 0.887035408
vt 0.323726387 0.887035408
vt 0.325658837 0.885102959
vt 0.323726387 0.885102959
vt 0.360442927 0.850318868
vt 0.358510478 0.847420194
vt 0.358510478 0.849352644
vt 0.361409152 0.848386419
vt 0.373970074 0.854183767
vt 0.358510478 0.840656621
vt 0.373970074 0.851285093
vt 0.375902523 0.854183767
vt 0.376868748 0.852251318
vt 0.361409152 0.839690396
vt 0.373970074 0.836791722
vt 0.376868748 0.835825497
vt 0.373970074 0.834859273
vt 0.375902523 0.833893048
vt 0.360442927 0.837757947
vt 0.358510478 0.838724172
vt 0.00487222468 0.0116357978
vt 0.107292047 0.149805935
vt 0.104393372 0.00583844941
vt 0.00680467415 0.155603283
vt 0.107292047 0.172995329
vt 0.00680467415 0.178792677
vt 0.109224496 0.206813194
vt 0.00873712362 0.212610543
vt 0.110190721 0.231935038
vt 0.00970334835 0.237732386
vt 0.110190721 0.257056881
vt 0.0106695731 0.262854229
vt 0.110190721 0.287009847
vt 0.0106695731 0.292807196
vt 0.110190721 0.319861489
vt 0.0106695731 0.325658837
vt 0.00970334835 0.349814455
vt 0.110190721 0.344017107
vt 0.110190721 0.418416412
vt 0.00970334835 0.42421376
vt 0.110190721 0.467693873
vt 0.0106695731 0.473491221
vt 0.110190721 0.499579289
vt 0.0106695731 0.505376638
vt 0.110190721 0.502477964
vt 0.0106695731 0.508275312
vt 0.0106695731 0.511173986
vt 0.110190721 0.505376638
vt 0.110190721 0.509241537
vt 0.0106695731 0.515038885
vt 0.110190721 0.512140211
vt 0.0106695731 0.517937559
vt 0.110190721 0.517937559
vt 0.0106695731 0.523734908
vt 0.110190721 0.519870009
vt 0.0106695731 0.525667357
vt 0.110190721 0.521802458
vt 0.0106695731 0.527599807
vt 0.110190721 0.523734908
vt 0.0106695731 0.529532256
vt 0.110190721 0.529532256
vt 0.00970334835 0.535329605
vt 0.104393372 0.986556556
vt 0.00487222468 0.992353905
vt 0.709250057 0.00583844941
vt 0.713114956 0.162366857
vt 0.713114956 0.00583844941
vt 0.709250057 0.162366857
vt 0.692824236 0.00583844941
vt 0.713114956 0.180725127
vt 0.692824236 0.162366857
vt 0.709250057 0.180725127
vt 0.713114956 0.213576768
vt 0.692824236 0.1874887
vt 0.709250057 0.213576768
vt 0.713114956 0.239664835
vt 0.692824236 0.213576768
vt 0.709250057 0.239664835
vt 0.713114956 0.267685353
vt 0.709250057 0.267685353
vt 0.713114956 0.298604544
vt 0.692824236 0.267685353
vt 0.709250057 0.298604544
vt 0.713114956 0.335321084
vt 0.709250057 0.335321084
vt 0.692824236 0.335321084
vt 0.709250057 0.360442927
vt 0.713114956 0.360442927
vt 0.713114956 0.444504479
vt 0.709250057 0.444504479
vt 0.692824236 0.444504479
vt 0.713114956 0.487984593
vt 0.709250057 0.487984593
vt 0.713114956 0.512140211
vt 0.692824236 0.512140211
vt 0.709250057 0.512140211
vt 0.713114956 0.526633582
vt 0.709250057 0.526633582
vt 0.692824236 0.521802458
vt 0.713114956 0.540160728
vt 0.709250057 0.540160728
vt 0.692824236 0.531464706
vt 0.713114956 0.547890526
vt 0.692824236 0.542093178
vt 0.709250057 0.547890526
vt 0.713114956 0.556586549
vt 0.692824236 0.553687875
vt 0.709250057 0.556586549
vt 0.692824236 0.564316347
vt 0.713114956 0.564316347
vt 0.709250057 0.564316347
vt 0.692824236 0.896697656
vt 0.709250057 0.896697656
vt 0.713114956 0.896697656
vt 0.713114956 0.00583844941
vt 0.718912304 0.162366857
vt 0.718912304 0.00583844941
vt 0.713114956 0.162366857
vt 0.718912304 0.180725127
vt 0.713114956 0.180725127
vt 0.718912304 0.213576768
vt 0.713114956 0.213576768
vt 0.718912304 0.239664835
vt 0.713114956 0.239664835
vt 0.718912304 0.267685353
vt 0.713114956 0.267685353
vt 0.718912304 0.298604544
vt 0.713114956 0.298604544
vt 0.718912304 0.335321084
vt 0.713114956 0.335321084
vt 0.718912304 0.360442927
vt 0.713114956 0.360442927
vt 0.718912304 0.444504479
vt 0.713114956 0.444504479
vt 0.718912304 0.487984593
vt 0.713114956 0.487984593
vt 0.718912304 0.512140211
vt 0.713114956 0.512140211
vt 0.713114956 0.526633582
vt 0.718912304 0.526633582
vt 0.718912304 0.540160728
vt 0.713114956 0.540160728
vt 0.718912304 0.547890526
vt 0.713114956 0.547890526
vt 0.718912304 0.556586549
vt 0.713114956 0.556586549
vt 0.718912304 0.564316347
vt 0.713114956 0.564316347
vt 0.718912304 0.896697656
vt 0.713114956 0.896697656
vt 0.146907261 0.87930561
vt 0.118886743 0.86094734
vt 0.118886743 0.87930561
vt 0.146907261 0.86094734
vt 0.14883971 0.87930561
vt 0.118886743 0.820365902
vt 0.147873486 0.86094734
vt 0.146907261 0.820365902
vt 0.118886743 0.78944671
vt 0.147873486 0.820365902
vt 0.146907261 0.788480485
vt 0.14883971 0.788480485
vt 0.14883971 0.788480485
vt 0.149805935 0.820365902
vt 0.15077216 0.788480485
vt 0.147873486 0.820365902
vt 0.149805935 0.86094734
vt 0.147873486 0.86094734
vt 0.15077216 0.87930561
vt 0.14883971 0.87930561
vt 0.15077216 0.788480485
vt 0.151738384 0.820365902
vt 0.151738384 0.788480485
vt 0.149805935 0.820365902
vt 0.151738384 0.86094734
vt 0.149805935 0.86094734
vt 0.151738384 0.87930561
vt 0.15077216 0.87930561
vt 0.151738384 0.788480485
vt 0.157535733 0.820365902
vt 0.158501958 0.788480485
vt 0.151738384 0.820365902
vt 0.157535733 0.86094734
vt 0.151738384 0.86094734
vt 0.158501958 0.87930561
vt 0.151738384 0.87930561
vt 0.146907261 0.468660098
vt 0.118886743 0.450301828
vt 0.118886743 0.468660098
vt 0.146907261 0.450301828
vt 0.14883971 0.468660098
vt 0.118886743 0.409720389
vt 0.147873486 0.450301828
vt 0.146907261 0.408754164
vt 0.118886743 0.377834973
vt 0.147873486 0.408754164
vt 0.146907261 0.377834973
vt 0.14883971 0.377834973
vt 0.14883971 0.377834973
vt 0.149805935 0.408754164
vt 0.15077216 0.377834973
vt 0.147873486 0.408754164
vt 0.149805935 0.450301828
vt 0.147873486 0.450301828
vt 0.15077216 0.468660098
vt 0.14883971 0.468660098
vt 0.15077216 0.377834973
vt 0.151738384 0.408754164
vt 0.151738384 0.377834973
vt 0.149805935 0.408754164
vt 0.151738384 0.450301828
vt 0.149805935 0.450301828
vt 0.151738384 0.468660098
vt 0.15077216 0.468660098
vt 0.151738384 0.377834973
vt 0.157535733 0.408754164
vt 0.158501958 0.377834973
vt 0.151738384 0.408754164
vt 0.157535733 0.450301828
vt 0.151738384 0.450301828
vt 0.158501958 0.468660098
vt 0.151738384 0.468660098
vt 0.340152208 0.829061924
vt 0.311165466 0.811669879
vt 0.311165466 0.829061924
vt 0.339185983 0.811669879
vt 0.341118433 0.829061924
vt 0.311165466 0.770122215
vt 0.341118433 0.811669879
vt 0.339185983 0.770122215
vt 0.311165466 0.739203024
vt 0.341118433 0.770122215
vt 0.340152208 0.738236799
vt 0.341118433 0.738236799
vt 0.341118433 0.738236799
vt 0.343050882 0.770122215
vt 0.343050882 0.738236799
vt 0.341118433 0.770122215
vt 0.343050882 0.811669879
vt 0.341118433 0.811669879
vt 0.343050882 0.829061924
vt 0.341118433 0.829061924
vt 0.343050882 0.738236799
vt 0.344017107 0.770122215
vt 0.344017107 0.738236799
vt 0.343050882 0.770122215
vt 0.344017107 0.810703654
vt 0.343050882 0.811669879
vt 0.344017107 0.829061924
vt 0.343050882 0.829061924
vt 0.344017107 0.738236799
vt 0.35078068 0.770122215
vt 0.35078068 0.738236799
vt 0.344017107 0.770122215
vt 0.35078068 0.810703654
vt 0.344017107 0.810703654
vt 0.35078068 0.829061924
vt 0.344017107 0.829061924
vt 0.944042668 0.603931561
vt 0.97302941 0.572046145
vt 0.944042668 0.572046145
vt 0.97302941 0.602965336
vt 0.973995635 0.602965336
vt 0.973995635 0.572046145
vt 0.973995635 0.644513
vt 0.97302941 0.644513
vt 0.944042668 0.644513
vt 0.973995635 0.66287127
vt 0.944042668 0.66287127
vt 0.97302941 0.66287127
vt 0.973995635 0.572046145
vt 0.975928084 0.602965336
vt 0.975928084 0.572046145
vt 0.973995635 0.602965336
vt 0.975928084 0.644513
vt 0.973995635 0.644513
vt 0.975928084 0.66287127
vt 0.973995635 0.66287127
vt 0.975928084 0.572046145
vt 0.976894309 0.602965336
vt 0.976894309 0.572046145
vt 0.975928084 0.602965336
vt 0.976894309 0.644513
vt 0.975928084 0.644513
vt 0.976894309 0.66287127
vt 0.975928084 0.66287127
vt 0.976894309 0.572046145
vt 0.983657882 0.602965336
vt 0.983657882 0.572046145
vt 0.976894309 0.602965336
vt 0.983657882 0.644513
vt 0.976894309 0.644513
vt 0.983657882 0.66287127
vt 0.976894309 0.66287127
vt 0.146907261 0.27928005
vt 0.147873486 0.310199241
vt 0.14883971 0.27928005
vt 0.146907261 0.310199241
vt 0.118886743 0.27928005
vt 0.147873486 0.351746905
vt 0.118886743 0.311165466
vt 0.146907261 0.351746905
vt 0.14883971 0.370105175
vt 0.118886743 0.351746905
vt 0.146907261 0.370105175
vt 0.118886743 0.370105175
vt 0.14883971 0.27928005
vt 0.149805935 0.310199241
vt 0.15077216 0.27928005
vt 0.147873486 0.310199241
vt 0.149805935 0.351746905
vt 0.147873486 0.351746905
vt 0.15077216 0.370105175
vt 0.14883971 0.370105175
vt 0.15077216 0.27928005
vt 0.151738384 0.310199241
vt 0.151738384 0.27928005
vt 0.149805935 0.310199241
vt 0.151738384 0.351746905
vt 0.149805935 0.351746905
vt 0.151738384 0.370105175
vt 0.15077216 0.370105175
vt 0.151738384 0.27928005
vt 0.157535733 0.310199241
vt 0.158501958 0.27928005
vt 0.151738384 0.310199241
vt 0.157535733 0.351746905
vt 0.151738384 0.351746905
vt 0.158501958 0.370105175
vt 0.151738384 0.370105175
vt 0.271550252 0.867710914
vt 0.300536994 0.836791722
vt 0.271550252 0.837757947
vt 0.300536994 0.866744689
vt 0.271550252 0.906359903
vt 0.301503219 0.866744689
vt 0.301503219 0.836791722
vt 0.301503219 0.906359903
vt 0.300536994 0.906359903
vt 0.271550252 0.923751948
vt 0.301503219 0.923751948
vt 0.300536994 0.923751948
vt 0.301503219 0.836791722
vt 0.303435668 0.866744689
vt 0.304401893 0.836791722
vt 0.301503219 0.866744689
vt 0.303435668 0.906359903
vt 0.301503219 0.906359903
vt 0.304401893 0.923751948
vt 0.301503219 0.923751948
vt 0.304401893 0.836791722
vt 0.304401893 0.866744689
vt 0.305368117 0.836791722
vt 0.303435668 0.866744689
vt 0.304401893 0.906359903
vt 0.303435668 0.906359903
vt 0.305368117 0.923751948
vt 0.304401893 0.923751948
vt 0.305368117 0.836791722
vt 0.311165466 0.866744689
vt 0.311165466 0.836791722
vt 0.304401893 0.866744689
vt 0.311165466 0.906359903
vt 0.304401893 0.906359903
vt 0.311165466 0.923751948
vt 0.305368117 0.923751948
vt 0.727608327 0.815534778
vt 0.756595069 0.784615586
vt 0.727608327 0.785581811
vt 0.756595069 0.814568553
vt 0.727608327 0.854183767
vt 0.757561294 0.814568553
vt 0.757561294 0.784615586
vt 0.757561294 0.854183767
vt 0.756595069 0.854183767
vt 0.727608327 0.871575813
vt 0.757561294 0.871575813
vt 0.756595069 0.871575813
vt 0.757561294 0.784615586
vt 0.759493743 0.814568553
vt 0.760459968 0.784615586
vt 0.757561294 0.814568553
vt 0.759493743 0.854183767
vt 0.757561294 0.854183767
vt 0.760459968 0.871575813
vt 0.757561294 0.871575813
vt 0.760459968 0.784615586
vt 0.760459968 0.814568553
vt 0.761426193 0.784615586
vt 0.759493743 0.814568553
vt 0.760459968 0.854183767
vt 0.759493743 0.854183767
vt 0.761426193 0.871575813
vt 0.760459968 0.871575813
vt 0.761426193 0.784615586
vt 0.767223541 0.814568553
vt 0.767223541 0.784615586
vt 0.760459968 0.814568553
vt 0.767223541 0.854183767
vt 0.760459968 0.854183767
vt 0.767223541 0.871575813
vt 0.761426193 0.871575813
vt 0.221306565 0.840656621
vt 0.249327083 0.809737429
vt 0.220340341 0.810703654
vt 0.249327083 0.839690396
vt 0.220340341 0.87930561
vt 0.250293308 0.839690396
vt 0.250293308 0.809737429
vt 0.250293308 0.87930561
vt 0.249327083 0.87930561
vt 0.221306565 0.896697656
vt 0.250293308 0.896697656
vt 0.249327083 0.896697656
vt 0.250293308 0.809737429
vt 0.252225757 0.839690396
vt 0.253191982 0.809737429
vt 0.250293308 0.839690396
vt 0.252225757 0.87930561
vt 0.250293308 0.87930561
vt 0.253191982 0.896697656
vt 0.250293308 0.896697656
vt 0.253191982 0.809737429
vt 0.253191982 0.839690396
vt 0.254158206 0.809737429
vt 0.252225757 0.839690396
vt 0.253191982 0.87930561
vt 0.252225757 0.87930561
vt 0.254158206 0.896697656
vt 0.253191982 0.896697656
vt 0.254158206 0.809737429
vt 0.259955555 0.839690396
vt 0.259955555 0.809737429
vt 0.253191982 0.839690396
vt 0.259955555 0.87930561
vt 0.253191982 0.87930561
vt 0.259955555 0.896697656
vt 0.254158206 0.896697656
vt 0.170096654 0.840656621
vt 0.198117172 0.809737429
vt 0.170096654 0.810703654
vt 0.198117172 0.839690396
vt 0.16913043 0.87930561
vt 0.199083397 0.839690396
vt 0.199083397 0.809737429
vt 0.199083397 0.87930561
vt 0.198117172 0.87930561
vt 0.170096654 0.896697656
vt 0.199083397 0.896697656
vt 0.198117172 0.896697656
vt 0.199083397 0.809737429
vt 0.201015846 0.839690396
vt 0.201982071 0.809737429
vt 0.199083397 0.839690396
vt 0.201015846 0.87930561
vt 0.199083397 0.87930561
vt 0.201982071 0.896697656
vt 0.199083397 0.896697656
vt 0.201982071 0.809737429
vt 0.202948295 0.839690396
vt 0.202948295 0.809737429
vt 0.201015846 0.839690396
vt 0.202948295 0.87930561
vt 0.201015846 0.87930561
vt 0.202948295 0.896697656
vt 0.201982071 0.896697656
vt 0.202948295 0.809737429
vt 0.208745644 0.839690396
vt 0.209711869 0.809737429
vt 0.202948295 0.839690396
vt 0.208745644 0.87930561
vt 0.202948295 0.87930561
vt 0.209711869 0.896697656
vt 0.202948295 0.896697656
vt 0.925684398 0.761426193
vt 0.896697656 0.743067923
vt 0.896697656 0.761426193
vt 0.925684398 0.743067923
vt 0.926650623 0.761426193
vt 0.896697656 0.702486484
vt 0.926650623 0.743067923
vt 0.925684398 0.701520259
vt 0.896697656 0.670601068
vt 0.926650623 0.701520259
vt 0.925684398 0.670601068
vt 0.926650623 0.670601068
vt 0.926650623 0.670601068
vt 0.928583072 0.701520259
vt 0.928583072 0.670601068
vt 0.926650623 0.701520259
vt 0.928583072 0.743067923
vt 0.926650623 0.743067923
vt 0.928583072 0.761426193
vt 0.926650623 0.761426193
vt 0.928583072 0.670601068
vt 0.929549297 0.701520259
vt 0.930515521 0.670601068
vt 0.928583072 0.701520259
vt 0.929549297 0.743067923
vt 0.928583072 0.743067923
vt 0.930515521 0.761426193
vt 0.928583072 0.761426193
vt 0.930515521 0.670601068
vt 0.93631287 0.701520259
vt 0.93631287 0.670601068
vt 0.929549297 0.701520259
vt 0.93631287 0.743067923
vt 0.929549297 0.743067923
vt 0.93631287 0.761426193
vt 0.930515521 0.761426193
vt 0.147873486 0.180725127
vt 0.147873486 0.211644318
vt 0.14883971 0.180725127
vt 0.146907261 0.211644318
vt 0.118886743 0.180725127
vt 0.147873486 0.253191982
vt 0.118886743 0.212610543
vt 0.146907261 0.253191982
vt 0.14883971 0.271550252
vt 0.118886743 0.253191982
vt 0.146907261 0.271550252
vt 0.118886743 0.270584027
vt 0.14883971 0.180725127
vt 0.15077216 0.211644318
vt 0.15077216 0.180725127
vt 0.147873486 0.211644318
vt 0.15077216 0.253191982
vt 0.147873486 0.253191982
vt 0.15077216 0.271550252
vt 0.14883971 0.271550252
vt 0.15077216 0.180725127
vt 0.151738384 0.211644318
vt 0.151738384 0.180725127
vt 0.15077216 0.211644318
vt 0.151738384 0.253191982
vt 0.15077216 0.253191982
vt 0.151738384 0.271550252
vt 0.15077216 0.271550252
vt 0.151738384 0.180725127
vt 0.157535733 0.211644318
vt 0.158501958 0.180725127
vt 0.151738384 0.211644318
vt 0.157535733 0.253191982
vt 0.151738384 0.253191982
vt 0.158501958 0.271550252
vt 0.151738384 0.271550252
vt 0.756595069 0.776885788
vt 0.727608327 0.758527518
vt 0.727608327 0.776885788
vt 0.756595069 0.758527518
vt 0.757561294 0.776885788
vt 0.727608327 0.71794608
vt 0.757561294 0.758527518
vt 0.756595069 0.71794608
vt 0.727608327 0.687026888
vt 0.757561294 0.71794608
vt 0.756595069 0.686060663
vt 0.757561294 0.686060663
vt 0.757561294 0.686060663
vt 0.759493743 0.71794608
vt 0.760459968 0.686060663
vt 0.757561294 0.71794608
vt 0.759493743 0.758527518
vt 0.757561294 0.758527518
vt 0.760459968 0.776885788
vt 0.757561294 0.776885788
vt 0.760459968 0.686060663
vt 0.760459968 0.71794608
vt 0.761426193 0.686060663
vt 0.759493743 0.71794608
vt 0.760459968 0.758527518
vt 0.759493743 0.758527518
vt 0.761426193 0.776885788
vt 0.760459968 0.776885788
vt 0.761426193 0.686060663
vt 0.767223541 0.71794608
vt 0.767223541 0.686060663
vt 0.760459968 0.71794608
vt 0.767223541 0.758527518
vt 0.760459968 0.758527518
vt 0.767223541 0.776885788
vt 0.761426193 0.776885788
vt 0.237732386 0.802007632
vt 0.208745644 0.783649362
vt 0.208745644 0.802007632
vt 0.237732386 0.783649362
vt 0.238698611 0.802007632
vt 0.208745644 0.743067923
vt 0.238698611 0.783649362
vt 0.237732386 0.743067923
vt 0.208745644 0.712148731
vt 0.238698611 0.743067923
vt 0.237732386 0.711182506
vt 0.238698611 0.711182506
vt 0.238698611 0.711182506
vt 0.24063106 0.743067923
vt 0.24063106 0.711182506
vt 0.238698611 0.743067923
vt 0.24063106 0.783649362
vt 0.238698611 0.783649362
vt 0.24063106 0.802007632
vt 0.238698611 0.802007632
vt 0.24063106 0.711182506
vt 0.241597285 0.743067923
vt 0.24256351 0.711182506
vt 0.24063106 0.743067923
vt 0.241597285 0.783649362
vt 0.24063106 0.783649362
vt 0.24256351 0.802007632
vt 0.24063106 0.802007632
vt 0.24256351 0.711182506
vt 0.248360858 0.743067923
vt 0.248360858 0.711182506
vt 0.241597285 0.743067923
vt 0.248360858 0.783649362
vt 0.241597285 0.783649362
vt 0.248360858 0.802007632
vt 0.24256351 0.802007632
vt 0.976894309 0.761426193
vt 0.947907567 0.743067923
vt 0.947907567 0.761426193
vt 0.976894309 0.743067923
vt 0.977860533 0.761426193
vt 0.947907567 0.702486484
vt 0.977860533 0.743067923
vt 0.976894309 0.701520259
vt 0.947907567 0.670601068
vt 0.977860533 0.701520259
vt 0.976894309 0.670601068
vt 0.977860533 0.670601068
vt 0.980759208 0.761426193
vt 0.977860533 0.743067923
vt 0.977860533 0.761426193
vt 0.979792983 0.743067923
vt 0.986556556 0.761426193
vt 0.977860533 0.701520259
vt 0.986556556 0.743067923
vt 0.979792983 0.701520259
vt 0.977860533 0.670601068
vt 0.986556556 0.701520259
vt 0.980759208 0.670601068
vt 0.986556556 0.670601068
vt 0.840656621 0.808771205
vt 0.836791722 0.782683137
vt 0.836791722 0.808771205
vt 0.840656621 0.782683137
vt 0.836791722 0.759493743
vt 0.853217543 0.808771205
vt 0.840656621 0.759493743
vt 0.836791722 0.735338125
vt 0.853217543 0.782683137
vt 0.857082442 0.808771205
vt 0.857082442 0.782683137
vt 0.853217543 0.759493743
vt 0.857082442 0.759493743
vt 0.840656621 0.735338125
vt 0.836791722 0.710216282
vt 0.853217543 0.735338125
vt 0.857082442 0.735338125
vt 0.840656621 0.710216282
vt 0.836791722 0.684128214
vt 0.853217543 0.710216282
vt 0.857082442 0.710216282
vt 0.840656621 0.684128214
vt 0.836791722 0.658040146
vt 0.853217543 0.684128214
vt 0.857082442 0.684128214
vt 0.853217543 0.658040146
vt 0.857082442 0.658040146
vt 0.840656621 0.658040146
vt 0.836791722 0.604897786
vt 0.840656621 0.604897786
vt 0.853217543 0.604897786
vt 0.857082442 0.604897786
vt 0.888001633 0.808771205
vt 0.857082442 0.782683137
vt 0.857082442 0.808771205
vt 0.888001633 0.782683137
vt 0.857082442 0.759493743
vt 0.888001633 0.759493743
vt 0.857082442 0.735338125
vt 0.888001633 0.735338125
vt 0.857082442 0.710216282
vt 0.888001633 0.710216282
vt 0.857082442 0.684128214
vt 0.888001633 0.684128214
vt 0.857082442 0.658040146
vt 0.888001633 0.658040146
vt 0.857082442 0.604897786
vt 0.888001633 0.604897786
vt 0.836791722 0.808771205
vt 0.806838755 0.782683137
vt 0.806838755 0.808771205
vt 0.836791722 0.782683137
vt 0.806838755 0.759493743
vt 0.836791722 0.759493743
vt 0.806838755 0.735338125
vt 0.836791722 0.735338125
vt 0.806838755 0.710216282
vt 0.836791722 0.710216282
vt 0.806838755 0.684128214
vt 0.836791722 0.684128214
vt 0.806838755 0.658040146
vt 0.836791722 0.658040146
vt 0.806838755 0.604897786
vt 0.836791722 0.604897786
vt 0.84258907 0.356578028
vt 0.838724172 0.323726387
vt 0.838724172 0.356578028
vt 0.84258907 0.323726387
vt 0.838724172 0.282178724
vt 0.856116217 0.356578028
vt 0.84258907 0.282178724
vt 0.838724172 0.247394633
vt 0.856116217 0.323726387
vt 0.859981116 0.356578028
vt 0.859981116 0.323726387
vt 0.856116217 0.282178724
vt 0.859981116 0.282178724
vt 0.84258907 0.247394633
vt 0.838724172 0.213576768
vt 0.856116217 0.247394633
vt 0.859981116 0.247394633
vt 0.84258907 0.213576768
vt 0.838724172 0.177826452
vt 0.856116217 0.213576768
vt 0.859981116 0.213576768
vt 0.84258907 0.177826452
vt 0.838724172 0.144008587
vt 0.856116217 0.177826452
vt 0.859981116 0.177826452
vt 0.84258907 0.144008587
vt 0.838724172 0.106325822
vt 0.856116217 0.144008587
vt 0.859981116 0.144008587
vt 0.84258907 0.106325822
vt 0.838724172 0.069609282
vt 0.856116217 0.106325822
vt 0.859981116 0.106325822
vt 0.856116217 0.069609282
vt 0.859981116 0.069609282
vt 0.84258907 0.069609282
vt 0.838724172 0.0396563152
vt 0.856116217 0.0396563152
vt 0.859981116 0.0396563152
vt 0.84258907 0.0396563152
vt 0.856116217 0.00583844941
vt 0.859981116 0.00583844941
vt 0.84258907 0.00583844941
vt 0.838724172 0.00583844941
vt 0.859981116 0.00583844941
vt 0.891866532 0.0396563152
vt 0.891866532 0.00583844941
vt 0.859981116 0.0396563152
vt 0.891866532 0.069609282
vt 0.859981116 0.069609282
vt 0.891866532 0.106325822
vt 0.859981116 0.106325822
vt 0.891866532 0.144008587
vt 0.859981116 0.144008587
vt 0.891866532 0.177826452
vt 0.859981116 0.177826452
vt 0.891866532 0.213576768
vt 0.859981116 0.213576768
vt 0.891866532 0.247394633
vt 0.859981116 0.247394633
vt 0.891866532 0.282178724
vt 0.859981116 0.282178724
vt 0.891866532 0.323726387
vt 0.859981116 0.323726387
vt 0.891866532 0.356578028
vt 0.859981116 0.356578028
vt 0.806838755 0.00583844941
vt 0.838724172 0.0396563152
vt 0.838724172 0.00583844941
vt 0.806838755 0.0396563152
vt 0.838724172 0.069609282
vt 0.806838755 0.069609282
vt 0.838724172 0.106325822
vt 0.806838755 0.106325822
vt 0.838724172 0.144008587
vt 0.806838755 0.144008587
vt 0.838724172 0.177826452
vt 0.806838755 0.177826452
vt 0.838724172 0.213576768
vt 0.806838755 0.213576768
vt 0.838724172 0.247394633
vt 0.806838755 0.247394633
vt 0.838724172 0.282178724
vt 0.806838755 0.282178724
vt 0.838724172 0.323726387
vt 0.806838755 0.323726387
vt 0.838724172 0.356578028
vt 0.806838755 0.356578028
vt 0.95467114 0.353679354
vt 0.943076443 0.328557511
vt 0.951772466 0.353679354
vt 0.945975117 0.327591286
vt 0.932447971 0.290874746
vt 0.955637365 0.353679354
vt 0.935346645 0.290874746
vt 0.924718173 0.256090656
vt 0.947907567 0.328557511
vt 0.927616847 0.257056881
vt 0.918920825 0.22227279
vt 0.95467114 0.327591286
vt 0.962400938 0.35078068
vt 0.963367162 0.349814455
vt 0.937279095 0.290874746
vt 0.922785724 0.223239015
vt 0.916988375 0.193286048
vt 0.944042668 0.291840971
vt 0.929549297 0.257056881
vt 0.955637365 0.326625062
vt 0.919887049 0.194252273
vt 0.916988375 0.162366857
vt 0.923751948 0.223239015
vt 0.958536039 0.324692612
vt 0.966265837 0.347882006
vt 0.945008892 0.290874746
vt 0.948873791 0.288942297
vt 0.937279095 0.258023105
vt 0.938245319 0.258023105
vt 0.941143994 0.256090656
vt 0.919887049 0.164299306
vt 0.918920825 0.13241389
vt 0.920853274 0.194252273
vt 0.931481746 0.225171464
vt 0.933414196 0.225171464
vt 0.93631287 0.223239015
vt 0.921819499 0.134346339
vt 0.921819499 0.103427148
vt 0.920853274 0.164299306
vt 0.929549297 0.196184722
vt 0.930515521 0.195218498
vt 0.93438042 0.194252273
vt 0.924718173 0.105359597
vt 0.926650623 0.0734741809
vt 0.922785724 0.135312564
vt 0.929549297 0.16719798
vt 0.930515521 0.166231756
vt 0.933414196 0.165265531
vt 0.930515521 0.0763728551
vt 0.935346645 0.0425549894
vt 0.925684398 0.106325822
vt 0.930515521 0.137245013
vt 0.932447971 0.137245013
vt 0.935346645 0.136278789
vt 0.938245319 0.0444874388
vt 0.949840016 0.00583844941
vt 0.95273869 0.00777089888
vt 0.931481746 0.0763728551
vt 0.93438042 0.108258271
vt 0.935346645 0.108258271
vt 0.939211544 0.107292047
vt 0.939211544 0.0454536636
vt 0.953704915 0.00873712362
vt 0.939211544 0.0783053046
vt 0.941143994 0.0783053046
vt 0.944042668 0.0773390799
vt 0.947907567 0.0464198883
vt 0.962400938 0.0116357978
vt 0.948873791 0.0464198883
vt 0.95273869 0.0464198883
vt 0.963367162 0.0116357978
vt 0.966265837 0.0116357978
vt 0.973995635 0.262854229
vt 0.958536039 0.220340341
vt 0.97109696 0.263820454
vt 0.961434713 0.219374116
vt 0.950806241 0.184590026
vt 0.974961859 0.262854229
vt 0.95467114 0.184590026
vt 0.947907567 0.154637059
vt 0.962400938 0.219374116
vt 0.951772466 0.154637059
vt 0.948873791 0.126616541
vt 0.970130736 0.219374116
vt 0.981725432 0.26092178
vt 0.982691657 0.259955555
vt 0.955637365 0.184590026
vt 0.951772466 0.127582766
vt 0.95273869 0.100528474
vt 0.97109696 0.219374116
vt 0.986556556 0.25898933
vt 0.973995635 0.217441667
vt 0.95273869 0.155603283
vt 0.962400938 0.18555625
vt 0.964333387 0.18555625
vt 0.967232061 0.184590026
vt 0.955637365 0.102460923
vt 0.960468488 0.0754066304
vt 0.953704915 0.128548991
vt 0.960468488 0.156569508
vt 0.961434713 0.156569508
vt 0.965299612 0.155603283
vt 0.963367162 0.0773390799
vt 0.969164511 0.0502847873
vt 0.97302941 0.0522172367
vt 0.957569814 0.102460923
vt 0.961434713 0.129515216
vt 0.962400938 0.129515216
vt 0.966265837 0.129515216
vt 0.964333387 0.0783053046
vt 0.973995635 0.0531834615
vt 0.965299612 0.104393372
vt 0.967232061 0.104393372
vt 0.970130736 0.104393372
vt 0.972063185 0.0802377541
vt 0.981725432 0.0560821357
vt 0.973995635 0.0802377541
vt 0.976894309 0.0802377541
vt 0.982691657 0.0560821357
vt 0.986556556 0.0560821357
vt 0.225171464 0.664803719
vt 0.225171464 0.669634843
vt 0.226137689 0.667702393
vt 0.223239015 0.668668618
vt 0.22420524 0.664803719
vt 0.221306565 0.672533517
vt 0.22420524 0.672533517
vt 0.223239015 0.676398416
vt 0.22227279 0.668668618
vt 0.22420524 0.664803719
vt 0.221306565 0.675432191
vt 0.223239015 0.67929709
vt 0.22227279 0.668668618
vt 0.221306565 0.663837494
vt 0.219374116 0.666736169
vt 0.218407891 0.670601068
vt 0.221306565 0.671567292
vt 0.221306565 0.671567292
vt 0.220340341 0.675432191
vt 0.220340341 0.675432191
vt 0.217441667 0.675432191
vt 0.220340341 0.67929709
vt 0.220340341 0.67929709
vt 0.220340341 0.67929709
vt 0.216475442 0.67929709
vt 0.221306565 0.683161989
vt 0.22420524 0.682195764
vt 0.220340341 0.683161989
vt 0.220340341 0.683161989
vt 0.217441667 0.684128214
vt 0.22227279 0.686060663
vt 0.22420524 0.685094439
vt 0.225171464 0.687993113
vt 0.22420524 0.689925562
vt 0.22227279 0.687026888
vt 0.22420524 0.689925562
vt 0.221306565 0.687026888
vt 0.219374116 0.687993113
vt 0.223239015 0.690891787
vt 0.220340341 0.691858012
vt 0.230002588 0.666736169
vt 0.232901262 0.671567292
vt 0.233867487 0.669634843
vt 0.229036363 0.670601068
vt 0.228070139 0.666736169
vt 0.228070139 0.673499742
vt 0.231935038 0.673499742
vt 0.231935038 0.676398416
vt 0.227103914 0.670601068
vt 0.227103914 0.666736169
vt 0.226137689 0.669634843
vt 0.226137689 0.667702393
vt 0.225171464 0.669634843
vt 0.22420524 0.672533517
vt 0.225171464 0.672533517
vt 0.226137689 0.673499742
vt 0.227103914 0.676398416
vt 0.225171464 0.676398416
vt 0.223239015 0.676398416
vt 0.226137689 0.676398416
vt 0.227103914 0.67929709
vt 0.231935038 0.678330865
vt 0.225171464 0.67929709
vt 0.223239015 0.67929709
vt 0.226137689 0.67929709
vt 0.228070139 0.682195764
vt 0.231935038 0.68122954
vt 0.225171464 0.682195764
vt 0.22420524 0.682195764
vt 0.227103914 0.682195764
vt 0.229036363 0.685094439
vt 0.232901262 0.684128214
vt 0.233867487 0.686060663
vt 0.230002588 0.687993113
vt 0.227103914 0.685094439
vt 0.228070139 0.687993113
vt 0.226137689 0.685094439
vt 0.22420524 0.685094439
vt 0.227103914 0.687993113
vt 0.225171464 0.687993113
vt 0.157535733 0.973995635
vt 0.157535733 0.978826758
vt 0.158501958 0.975928084
vt 0.155603283 0.974961859
vt 0.155603283 0.974961859
vt 0.157535733 0.978826758
vt 0.154637059 0.97109696
vt 0.157535733 0.97109696
vt 0.155603283 0.974961859
vt 0.157535733 0.978826758
vt 0.154637059 0.980759208
vt 0.152704609 0.976894309
vt 0.15077216 0.97302941
vt 0.153670834 0.972063185
vt 0.15077216 0.968198286
vt 0.154637059 0.972063185
vt 0.153670834 0.968198286
vt 0.149805935 0.964333387
vt 0.153670834 0.968198286
vt 0.156569508 0.967232061
vt 0.153670834 0.968198286
vt 0.152704609 0.964333387
vt 0.15077216 0.959502264
vt 0.153670834 0.964333387
vt 0.156569508 0.964333387
vt 0.156569508 0.961434713
vt 0.153670834 0.964333387
vt 0.153670834 0.960468488
vt 0.151738384 0.955637365
vt 0.153670834 0.960468488
vt 0.154637059 0.956603589
vt 0.153670834 0.951772466
vt 0.156569508 0.95273869
vt 0.155603283 0.956603589
vt 0.157535733 0.953704915
vt 0.154637059 0.960468488
vt 0.155603283 0.957569814
vt 0.157535733 0.953704915
vt 0.157535733 0.958536039
vt 0.158501958 0.955637365
vt 0.162366857 0.955637365
vt 0.166231756 0.960468488
vt 0.166231756 0.957569814
vt 0.161400632 0.958536039
vt 0.161400632 0.955637365
vt 0.161400632 0.961434713
vt 0.165265531 0.962400938
vt 0.160434407 0.958536039
vt 0.160434407 0.955637365
vt 0.159468182 0.958536039
vt 0.158501958 0.955637365
vt 0.157535733 0.958536039
vt 0.159468182 0.961434713
vt 0.158501958 0.961434713
vt 0.156569508 0.961434713
vt 0.156569508 0.964333387
vt 0.160434407 0.964333387
vt 0.165265531 0.965299612
vt 0.159468182 0.964333387
vt 0.160434407 0.967232061
vt 0.165265531 0.967232061
vt 0.165265531 0.970130736
vt 0.158501958 0.964333387
vt 0.159468182 0.967232061
vt 0.161400632 0.970130736
vt 0.165265531 0.972063185
vt 0.158501958 0.967232061
vt 0.156569508 0.967232061
vt 0.159468182 0.970130736
vt 0.161400632 0.97302941
vt 0.166231756 0.973995635
vt 0.162366857 0.976894309
vt 0.158501958 0.97109696
vt 0.157535733 0.97109696
vt 0.160434407 0.973995635
vt 0.161400632 0.976894309
vt 0.159468182 0.973995635
vt 0.157535733 0.973995635
vt 0.160434407 0.976894309
vt 0.158501958 0.975928084
vt 0.629053404 0.902495004
vt 0.630019629 0.907326128
vt 0.630985853 0.905393678
vt 0.628087179 0.906359903
vt 0.629053404 0.902495004
vt 0.62615473 0.910224802
vt 0.629053404 0.910224802
vt 0.628087179 0.914089701
vt 0.627120954 0.906359903
vt 0.629053404 0.902495004
vt 0.62615473 0.913123476
vt 0.628087179 0.916988375
vt 0.627120954 0.906359903
vt 0.62615473 0.901528779
vt 0.62422228 0.904427454
vt 0.623256056 0.908292353
vt 0.62615473 0.909258577
vt 0.62615473 0.909258577
vt 0.625188505 0.913123476
vt 0.625188505 0.913123476
vt 0.622289831 0.913123476
vt 0.625188505 0.916988375
vt 0.625188505 0.916988375
vt 0.625188505 0.916988375
vt 0.621323606 0.916988375
vt 0.62615473 0.920853274
vt 0.629053404 0.919887049
vt 0.629053404 0.922785724
vt 0.625188505 0.920853274
vt 0.625188505 0.920853274
vt 0.622289831 0.921819499
vt 0.627120954 0.923751948
vt 0.630019629 0.925684398
vt 0.629053404 0.927616847
vt 0.627120954 0.924718173
vt 0.629053404 0.927616847
vt 0.62615473 0.924718173
vt 0.623256056 0.925684398
vt 0.628087179 0.928583072
vt 0.625188505 0.929549297
vt 0.634850752 0.904427454
vt 0.637749427 0.909258577
vt 0.638715651 0.907326128
vt 0.632918303 0.908292353
vt 0.636783202 0.911191027
vt 0.632918303 0.904427454
vt 0.632918303 0.911191027
vt 0.636783202 0.914089701
vt 0.631952078 0.907326128
vt 0.631952078 0.904427454
vt 0.631952078 0.914089701
vt 0.636783202 0.91602215
vt 0.630985853 0.907326128
vt 0.630985853 0.905393678
vt 0.630019629 0.907326128
vt 0.629053404 0.910224802
vt 0.630985853 0.911191027
vt 0.630019629 0.910224802
vt 0.630985853 0.914089701
vt 0.630019629 0.914089701
vt 0.628087179 0.914089701
vt 0.631952078 0.916988375
vt 0.630985853 0.916988375
vt 0.630019629 0.916988375
vt 0.628087179 0.916988375
vt 0.629053404 0.919887049
vt 0.632918303 0.919887049
vt 0.636783202 0.918920825
vt 0.630985853 0.919887049
vt 0.632918303 0.922785724
vt 0.637749427 0.921819499
vt 0.638715651 0.923751948
vt 0.633884528 0.925684398
vt 0.631952078 0.922785724
vt 0.632918303 0.925684398
vt 0.630019629 0.919887049
vt 0.630985853 0.922785724
vt 0.631952078 0.925684398
vt 0.629053404 0.922785724
vt 0.630019629 0.925684398
vt 0.973995635 0.272516476
vt 0.978826758 0.275415151
vt 0.976894309 0.271550252
vt 0.975928084 0.276381375
vt 0.979792983 0.27928005
vt 0.973995635 0.272516476
vt 0.976894309 0.280246274
vt 0.979792983 0.284111173
vt 0.975928084 0.276381375
vt 0.973995635 0.272516476
vt 0.976894309 0.283144949
vt 0.979792983 0.287976072
vt 0.974961859 0.276381375
vt 0.972063185 0.274448926
vt 0.97302941 0.2773476
vt 0.973995635 0.280246274
vt 0.976894309 0.280246274
vt 0.976894309 0.287009847
vt 0.978826758 0.291840971
vt 0.975928084 0.280246274
vt 0.976894309 0.283144949
vt 0.976894309 0.283144949
vt 0.973995635 0.283144949
vt 0.975928084 0.290874746
vt 0.977860533 0.29570587
vt 0.976894309 0.287009847
vt 0.975928084 0.287009847
vt 0.973995635 0.287009847
vt 0.97302941 0.289908522
vt 0.974961859 0.294739645
vt 0.976894309 0.299570769
vt 0.973995635 0.298604544
vt 0.975928084 0.290874746
vt 0.974961859 0.294739645
vt 0.97302941 0.298604544
vt 0.975928084 0.290874746
vt 0.974961859 0.294739645
vt 0.97302941 0.29763832
vt 0.972063185 0.293773421
vt 0.972063185 0.29570587
vt 0.970130736 0.274448926
vt 0.97302941 0.2773476
vt 0.972063185 0.274448926
vt 0.97109696 0.2773476
vt 0.969164511 0.274448926
vt 0.972063185 0.280246274
vt 0.973995635 0.280246274
vt 0.973995635 0.283144949
vt 0.970130736 0.2773476
vt 0.967232061 0.274448926
vt 0.97302941 0.284111173
vt 0.973995635 0.287009847
vt 0.969164511 0.278313825
vt 0.963367162 0.2773476
vt 0.964333387 0.27928005
vt 0.965299612 0.282178724
vt 0.97109696 0.280246274
vt 0.969164511 0.281212499
vt 0.97109696 0.284111173
vt 0.970130736 0.284111173
vt 0.965299612 0.284111173
vt 0.97302941 0.287009847
vt 0.97109696 0.287009847
vt 0.970130736 0.287009847
vt 0.965299612 0.287009847
vt 0.972063185 0.289908522
vt 0.97302941 0.289908522
vt 0.972063185 0.293773421
vt 0.97109696 0.289908522
vt 0.970130736 0.289908522
vt 0.965299612 0.288942297
vt 0.97109696 0.292807196
vt 0.972063185 0.29570587
vt 0.970130736 0.29570587
vt 0.970130736 0.292807196
vt 0.969164511 0.29570587
vt 0.969164511 0.292807196
vt 0.964333387 0.290874746
vt 0.967232061 0.29570587
vt 0.963367162 0.293773421
vt 0.942110218 0.905393678
vt 0.937279095 0.902495004
vt 0.939211544 0.906359903
vt 0.940177769 0.901528779
vt 0.93631287 0.898630105
vt 0.942110218 0.905393678
vt 0.939211544 0.89766388
vt 0.93631287 0.893798981
vt 0.941143994 0.901528779
vt 0.943076443 0.904427454
vt 0.939211544 0.893798981
vt 0.93631287 0.889934083
vt 0.941143994 0.901528779
vt 0.945008892 0.902495004
vt 0.944042668 0.900562555
vt 0.943076443 0.89766388
vt 0.940177769 0.89766388
vt 0.939211544 0.889934083
vt 0.937279095 0.886069184
vt 0.940177769 0.89766388
vt 0.939211544 0.893798981
vt 0.940177769 0.893798981
vt 0.943076443 0.893798981
vt 0.940177769 0.887035408
vt 0.938245319 0.882204285
vt 0.940177769 0.889934083
vt 0.940177769 0.889934083
vt 0.943076443 0.890900307
vt 0.943076443 0.887035408
vt 0.941143994 0.883170509
vt 0.940177769 0.878339386
vt 0.943076443 0.87930561
vt 0.940177769 0.887035408
vt 0.941143994 0.883170509
vt 0.943076443 0.87930561
vt 0.941143994 0.887035408
vt 0.942110218 0.883170509
vt 0.943076443 0.87930561
vt 0.944042668 0.884136734
vt 0.945008892 0.882204285
vt 0.945975117 0.903461229
vt 0.944042668 0.900562555
vt 0.945008892 0.902495004
vt 0.945008892 0.89959633
vt 0.947907567 0.903461229
vt 0.944042668 0.896697656
vt 0.943076443 0.89766388
vt 0.943076443 0.893798981
vt 0.946941342 0.89959633
vt 0.948873791 0.902495004
vt 0.944042668 0.893798981
vt 0.943076443 0.890900307
vt 0.947907567 0.89959633
vt 0.95273869 0.900562555
vt 0.951772466 0.89766388
vt 0.951772466 0.895731431
vt 0.945975117 0.896697656
vt 0.946941342 0.896697656
vt 0.945008892 0.893798981
vt 0.946941342 0.893798981
vt 0.950806241 0.893798981
vt 0.944042668 0.890900307
vt 0.945008892 0.890900307
vt 0.945975117 0.890900307
vt 0.950806241 0.890900307
vt 0.950806241 0.888967858
vt 0.944042668 0.887035408
vt 0.943076443 0.887035408
vt 0.944042668 0.884136734
vt 0.945975117 0.888001633
vt 0.945008892 0.884136734
vt 0.945008892 0.882204285
vt 0.945975117 0.88123806
vt 0.946941342 0.885102959
vt 0.947907567 0.88123806
vt 0.946941342 0.888001633
vt 0.947907567 0.885102959
vt 0.948873791 0.88123806
vt 0.951772466 0.886069184
vt 0.95273869 0.884136734
vt 0.290874746 0.672533517
vt 0.293773421 0.676398416
vt 0.293773421 0.672533517
vt 0.290874746 0.676398416
vt 0.290874746 0.672533517
vt 0.290874746 0.67929709
vt 0.293773421 0.67929709
vt 0.293773421 0.683161989
vt 0.290874746 0.676398416
vt 0.290874746 0.672533517
vt 0.290874746 0.683161989
vt 0.293773421 0.687026888
vt 0.290874746 0.676398416
vt 0.287976072 0.672533517
vt 0.287976072 0.676398416
vt 0.287976072 0.67929709
vt 0.290874746 0.67929709
vt 0.290874746 0.67929709
vt 0.290874746 0.683161989
vt 0.290874746 0.683161989
vt 0.287976072 0.683161989
vt 0.290874746 0.687026888
vt 0.290874746 0.687026888
vt 0.290874746 0.687026888
vt 0.287976072 0.687026888
vt 0.290874746 0.689925562
vt 0.293773421 0.689925562
vt 0.293773421 0.693790461
vt 0.290874746 0.689925562
vt 0.290874746 0.689925562
vt 0.287976072 0.689925562
vt 0.290874746 0.693790461
vt 0.293773421 0.696689135
vt 0.290874746 0.696689135
vt 0.290874746 0.693790461
vt 0.290874746 0.696689135
vt 0.290874746 0.693790461
vt 0.287976072 0.693790461
vt 0.290874746 0.696689135
vt 0.287976072 0.696689135
vt 0.29763832 0.672533517
vt 0.301503219 0.676398416
vt 0.301503219 0.672533517
vt 0.29763832 0.676398416
vt 0.301503219 0.67929709
vt 0.29570587 0.672533517
vt 0.29763832 0.67929709
vt 0.301503219 0.683161989
vt 0.29570587 0.676398416
vt 0.294739645 0.672533517
vt 0.29763832 0.683161989
vt 0.301503219 0.687026888
vt 0.294739645 0.676398416
vt 0.293773421 0.672533517
vt 0.293773421 0.676398416
vt 0.293773421 0.67929709
vt 0.29570587 0.67929709
vt 0.294739645 0.67929709
vt 0.29570587 0.683161989
vt 0.294739645 0.683161989
vt 0.293773421 0.683161989
vt 0.29763832 0.687026888
vt 0.29570587 0.687026888
vt 0.294739645 0.687026888
vt 0.293773421 0.687026888
vt 0.293773421 0.689925562
vt 0.29763832 0.689925562
vt 0.301503219 0.689925562
vt 0.29570587 0.689925562
vt 0.29763832 0.693790461
vt 0.301503219 0.693790461
vt 0.301503219 0.696689135
vt 0.29763832 0.696689135
vt 0.29570587 0.693790461
vt 0.29570587 0.696689135
vt 0.294739645 0.689925562
vt 0.294739645 0.693790461
vt 0.294739645 0.696689135
vt 0.293773421 0.693790461
vt 0.293773421 0.696689135
vt 0.701520259 0.930515521
vt 0.701520259 0.926650623
vt 0.700554034 0.928583072
vt 0.703452709 0.927616847
vt 0.701520259 0.931481746
vt 0.704418933 0.923751948
vt 0.701520259 0.922785724
vt 0.702486484 0.919887049
vt 0.703452709 0.927616847
vt 0.701520259 0.931481746
vt 0.705385158 0.919887049
vt 0.702486484 0.916988375
vt 0.703452709 0.927616847
vt 0.704418933 0.932447971
vt 0.706351383 0.928583072
vt 0.708283832 0.924718173
vt 0.704418933 0.923751948
vt 0.705385158 0.923751948
vt 0.705385158 0.920853274
vt 0.705385158 0.920853274
vt 0.708283832 0.920853274
vt 0.705385158 0.916988375
vt 0.705385158 0.916988375
vt 0.706351383 0.916988375
vt 0.709250057 0.916988375
vt 0.704418933 0.913123476
vt 0.702486484 0.913123476
vt 0.705385158 0.913123476
vt 0.705385158 0.913123476
vt 0.708283832 0.912157251
vt 0.703452709 0.909258577
vt 0.701520259 0.910224802
vt 0.700554034 0.908292353
vt 0.701520259 0.906359903
vt 0.704418933 0.909258577
vt 0.702486484 0.905393678
vt 0.704418933 0.909258577
vt 0.707317608 0.908292353
vt 0.702486484 0.905393678
vt 0.705385158 0.904427454
vt 0.696689135 0.928583072
vt 0.693790461 0.924718173
vt 0.692824236 0.926650623
vt 0.69765536 0.925684398
vt 0.693790461 0.921819499
vt 0.69765536 0.929549297
vt 0.698621585 0.922785724
vt 0.693790461 0.919887049
vt 0.698621585 0.925684398
vt 0.698621585 0.928583072
vt 0.698621585 0.919887049
vt 0.693790461 0.916988375
vt 0.69958781 0.925684398
vt 0.700554034 0.928583072
vt 0.701520259 0.926650623
vt 0.701520259 0.922785724
vt 0.69958781 0.922785724
vt 0.700554034 0.922785724
vt 0.69958781 0.919887049
vt 0.701520259 0.919887049
vt 0.702486484 0.919887049
vt 0.698621585 0.916988375
vt 0.69958781 0.916988375
vt 0.701520259 0.916988375
vt 0.702486484 0.916988375
vt 0.69765536 0.914089701
vt 0.693790461 0.915055926
vt 0.69958781 0.914089701
vt 0.700554034 0.914089701
vt 0.702486484 0.913123476
vt 0.69765536 0.911191027
vt 0.693790461 0.912157251
vt 0.692824236 0.910224802
vt 0.696689135 0.908292353
vt 0.698621585 0.911191027
vt 0.69765536 0.907326128
vt 0.69958781 0.910224802
vt 0.701520259 0.910224802
vt 0.69958781 0.907326128
vt 0.700554034 0.908292353
vt 0.186522475 0.978826758
vt 0.186522475 0.973995635
vt 0.18555625 0.975928084
vt 0.188454924 0.974961859
vt 0.186522475 0.978826758
vt 0.189421149 0.972063185
vt 0.186522475 0.97109696
vt 0.1874887 0.967232061
vt 0.188454924 0.974961859
vt 0.186522475 0.978826758
vt 0.190387374 0.968198286
vt 0.1874887 0.964333387
vt 0.188454924 0.974961859
vt 0.189421149 0.980759208
vt 0.191353599 0.976894309
vt 0.193286048 0.97302941
vt 0.189421149 0.972063185
vt 0.190387374 0.972063185
vt 0.190387374 0.968198286
vt 0.190387374 0.968198286
vt 0.194252273 0.968198286
vt 0.190387374 0.964333387
vt 0.190387374 0.964333387
vt 0.191353599 0.964333387
vt 0.194252273 0.964333387
vt 0.189421149 0.960468488
vt 0.186522475 0.961434713
vt 0.186522475 0.958536039
vt 0.190387374 0.960468488
vt 0.190387374 0.960468488
vt 0.193286048 0.959502264
vt 0.188454924 0.957569814
vt 0.18555625 0.955637365
vt 0.186522475 0.953704915
vt 0.189421149 0.957569814
vt 0.1874887 0.953704915
vt 0.189421149 0.956603589
vt 0.192319823 0.955637365
vt 0.1874887 0.953704915
vt 0.190387374 0.951772466
vt 0.181691351 0.976894309
vt 0.178792677 0.972063185
vt 0.177826452 0.973995635
vt 0.182657576 0.97302941
vt 0.178792677 0.970130736
vt 0.182657576 0.976894309
vt 0.183623801 0.970130736
vt 0.178792677 0.967232061
vt 0.183623801 0.973995635
vt 0.183623801 0.976894309
vt 0.183623801 0.967232061
vt 0.178792677 0.965299612
vt 0.184590026 0.973995635
vt 0.18555625 0.975928084
vt 0.186522475 0.973995635
vt 0.186522475 0.97109696
vt 0.184590026 0.970130736
vt 0.18555625 0.97109696
vt 0.184590026 0.967232061
vt 0.186522475 0.967232061
vt 0.1874887 0.967232061
vt 0.183623801 0.964333387
vt 0.184590026 0.964333387
vt 0.186522475 0.964333387
vt 0.1874887 0.964333387
vt 0.186522475 0.961434713
vt 0.182657576 0.961434713
vt 0.178792677 0.962400938
vt 0.184590026 0.961434713
vt 0.182657576 0.958536039
vt 0.177826452 0.960468488
vt 0.177826452 0.957569814
vt 0.181691351 0.955637365
vt 0.183623801 0.958536039
vt 0.182657576 0.955637365
vt 0.18555625 0.961434713
vt 0.184590026 0.958536039
vt 0.184590026 0.955637365
vt 0.186522475 0.958536039
vt 0.18555625 0.955637365
vt 0.22420524 0.951772466
vt 0.225171464 0.956603589
vt 0.226137689 0.95467114
vt 0.22227279 0.955637365
vt 0.22420524 0.951772466
vt 0.221306565 0.958536039
vt 0.22420524 0.959502264
vt 0.223239015 0.963367162
vt 0.22227279 0.955637365
vt 0.22420524 0.951772466
vt 0.221306565 0.962400938
vt 0.223239015 0.966265837
vt 0.22227279 0.955637365
vt 0.221306565 0.949840016
vt 0.219374116 0.953704915
vt 0.218407891 0.957569814
vt 0.221306565 0.958536039
vt 0.220340341 0.958536039
vt 0.220340341 0.962400938
vt 0.220340341 0.962400938
vt 0.217441667 0.962400938
vt 0.220340341 0.966265837
vt 0.220340341 0.966265837
vt 0.219374116 0.966265837
vt 0.216475442 0.966265837
vt 0.221306565 0.970130736
vt 0.22420524 0.969164511
vt 0.220340341 0.970130736
vt 0.220340341 0.970130736
vt 0.217441667 0.97109696
vt 0.22227279 0.97302941
vt 0.22420524 0.972063185
vt 0.225171464 0.974961859
vt 0.22420524 0.976894309
vt 0.221306565 0.97302941
vt 0.223239015 0.976894309
vt 0.221306565 0.973995635
vt 0.218407891 0.974961859
vt 0.223239015 0.977860533
vt 0.220340341 0.978826758
vt 0.229036363 0.953704915
vt 0.232901262 0.958536039
vt 0.232901262 0.956603589
vt 0.228070139 0.957569814
vt 0.231935038 0.960468488
vt 0.228070139 0.953704915
vt 0.228070139 0.960468488
vt 0.231935038 0.963367162
vt 0.227103914 0.956603589
vt 0.227103914 0.953704915
vt 0.227103914 0.963367162
vt 0.231935038 0.965299612
vt 0.226137689 0.956603589
vt 0.226137689 0.95467114
vt 0.225171464 0.956603589
vt 0.22420524 0.959502264
vt 0.226137689 0.960468488
vt 0.225171464 0.959502264
vt 0.226137689 0.963367162
vt 0.225171464 0.963367162
vt 0.223239015 0.963367162
vt 0.227103914 0.966265837
vt 0.226137689 0.966265837
vt 0.225171464 0.966265837
vt 0.223239015 0.966265837
vt 0.228070139 0.969164511
vt 0.231935038 0.968198286
vt 0.226137689 0.969164511
vt 0.225171464 0.969164511
vt 0.22420524 0.969164511
vt 0.228070139 0.972063185
vt 0.232901262 0.970130736
vt 0.232901262 0.97302941
vt 0.229036363 0.974961859
vt 0.227103914 0.972063185
vt 0.228070139 0.974961859
vt 0.226137689 0.972063185
vt 0.22420524 0.972063185
vt 0.227103914 0.974961859
vt 0.225171464 0.974961859
vt 0.659006371 0.943076443
vt 0.657073921 0.940177769
vt 0.657073921 0.943076443
vt 0.659006371 0.940177769
vt 0.659972595 0.943076443
vt 0.659006371 0.93631287
vt 0.657073921 0.93631287
vt 0.657073921 0.932447971
vt 0.659972595 0.940177769
vt 0.659972595 0.943076443
vt 0.659006371 0.932447971
vt 0.657073921 0.929549297
vt 0.659972595 0.940177769
vt 0.66287127 0.943076443
vt 0.66287127 0.940177769
vt 0.66287127 0.93631287
vt 0.659972595 0.93631287
vt 0.659972595 0.93631287
vt 0.659972595 0.932447971
vt 0.659972595 0.932447971
vt 0.66287127 0.932447971
vt 0.659006371 0.929549297
vt 0.659972595 0.929549297
vt 0.659972595 0.929549297
vt 0.66287127 0.929549297
vt 0.659006371 0.925684398
vt 0.657073921 0.925684398
vt 0.659972595 0.925684398
vt 0.659972595 0.925684398
vt 0.66287127 0.925684398
vt 0.659006371 0.922785724
vt 0.657073921 0.922785724
vt 0.657073921 0.918920825
vt 0.659006371 0.918920825
vt 0.659972595 0.922785724
vt 0.659972595 0.918920825
vt 0.659972595 0.922785724
vt 0.66287127 0.922785724
vt 0.659972595 0.918920825
vt 0.66287127 0.918920825
vt 0.653209022 0.943076443
vt 0.649344123 0.940177769
vt 0.649344123 0.943076443
vt 0.653209022 0.940177769
vt 0.649344123 0.93631287
vt 0.654175247 0.943076443
vt 0.653209022 0.93631287
vt 0.649344123 0.932447971
vt 0.654175247 0.940177769
vt 0.656107697 0.943076443
vt 0.653209022 0.932447971
vt 0.649344123 0.929549297
vt 0.656107697 0.940177769
vt 0.657073921 0.943076443
vt 0.657073921 0.940177769
vt 0.657073921 0.93631287
vt 0.654175247 0.93631287
vt 0.656107697 0.93631287
vt 0.654175247 0.932447971
vt 0.656107697 0.932447971
vt 0.657073921 0.932447971
vt 0.653209022 0.929549297
vt 0.654175247 0.929549297
vt 0.656107697 0.929549297
vt 0.657073921 0.929549297
vt 0.653209022 0.925684398
vt 0.649344123 0.925684398
vt 0.654175247 0.925684398
vt 0.656107697 0.925684398
vt 0.657073921 0.925684398
vt 0.653209022 0.922785724
vt 0.649344123 0.922785724
vt 0.649344123 0.918920825
vt 0.653209022 0.918920825
vt 0.654175247 0.922785724
vt 0.654175247 0.918920825
vt 0.656107697 0.922785724
vt 0.657073921 0.922785724
vt 0.656107697 0.918920825
vt 0.657073921 0.918920825
vt 0.0116357978 0.320827713
vt 0.00970334835 0.317929039
vt 0.00970334835 0.320827713
vt 0.0116357978 0.317929039
vt 0.0126020226 0.320827713
vt 0.0116357978 0.315030365
vt 0.00970334835 0.315030365
vt 0.00970334835 0.313097915
vt 0.0126020226 0.317929039
vt 0.0126020226 0.320827713
vt 0.0116357978 0.313097915
vt 0.00970334835 0.310199241
vt 0.0126020226 0.317929039
vt 0.014534472 0.320827713
vt 0.014534472 0.317929039
vt 0.014534472 0.315030365
vt 0.0126020226 0.315030365
vt 0.0126020226 0.315030365
vt 0.0126020226 0.313097915
vt 0.0126020226 0.313097915
vt 0.014534472 0.313097915
vt 0.0116357978 0.310199241
vt 0.0126020226 0.310199241
vt 0.0126020226 0.310199241
vt 0.014534472 0.310199241
vt 0.0116357978 0.307300567
vt 0.00970334835 0.307300567
vt 0.0126020226 0.307300567
vt 0.0126020226 0.307300567
vt 0.014534472 0.307300567
vt 0.0116357978 0.304401893
vt 0.00970334835 0.304401893
vt 0.00970334835 0.301503219
vt 0.0116357978 0.301503219
vt 0.0126020226 0.304401893
vt 0.0126020226 0.301503219
vt 0.0126020226 0.304401893
vt 0.014534472 0.304401893
vt 0.0126020226 0.301503219
vt 0.014534472 0.301503219
vt 0.00680467415 0.320827713
vt 0.00390599994 0.317929039
vt 0.00390599994 0.320827713
vt 0.00680467415 0.317929039
vt 0.00390599994 0.315030365
vt 0.00777089888 0.320827713
vt 0.00680467415 0.315030365
vt 0.00390599994 0.313097915
vt 0.00777089888 0.317929039
vt 0.00873712362 0.320827713
vt 0.00680467415 0.313097915
vt 0.00390599994 0.310199241
vt 0.00873712362 0.317929039
vt 0.00970334835 0.320827713
vt 0.00970334835 0.317929039
vt 0.00970334835 0.315030365
vt 0.00777089888 0.315030365
vt 0.00873712362 0.315030365
vt 0.00777089888 0.313097915
vt 0.00873712362 0.313097915
vt 0.00970334835 0.313097915
vt 0.00680467415 0.310199241
vt 0.00777089888 0.310199241
vt 0.00873712362 0.310199241
vt 0.00970334835 0.310199241
vt 0.00680467415 0.307300567
vt 0.00390599994 0.307300567
vt 0.00777089888 0.307300567
vt 0.00873712362 0.307300567
vt 0.00970334835 0.307300567
vt 0.00680467415 0.304401893
vt 0.00390599994 0.304401893
vt 0.00390599994 0.301503219
vt 0.00680467415 0.301503219
vt 0.00777089888 0.304401893
vt 0.00777089888 0.301503219
vt 0.00873712362 0.304401893
vt 0.00970334835 0.304401893
vt 0.00873712362 0.301503219
vt 0.00970334835 0.301503219
vt 0.809737429 0.364307826
vt 0.812636104 0.368172725
vt 0.812636104 0.364307826
vt 0.809737429 0.368172725
vt 0.809737429 0.364307826
vt 0.809737429 0.372037624
vt 0.812636104 0.372037624
vt 0.812636104 0.374936298
vt 0.809737429 0.368172725
vt 0.809737429 0.364307826
vt 0.809737429 0.374936298
vt 0.812636104 0.378801197
vt 0.809737429 0.368172725
vt 0.806838755 0.364307826
vt 0.806838755 0.368172725
vt 0.806838755 0.372037624
vt 0.809737429 0.372037624
vt 0.809737429 0.372037624
vt 0.809737429 0.374936298
vt 0.809737429 0.374936298
vt 0.806838755 0.374936298
vt 0.809737429 0.378801197
vt 0.809737429 0.378801197
vt 0.809737429 0.378801197
vt 0.806838755 0.378801197
vt 0.809737429 0.381699872
vt 0.812636104 0.381699872
vt 0.809737429 0.381699872
vt 0.809737429 0.381699872
vt 0.806838755 0.381699872
vt 0.809737429 0.385564771
vt 0.812636104 0.385564771
vt 0.812636104 0.389429669
vt 0.809737429 0.389429669
vt 0.809737429 0.385564771
vt 0.809737429 0.389429669
vt 0.809737429 0.385564771
vt 0.806838755 0.385564771
vt 0.809737429 0.389429669
vt 0.806838755 0.389429669
vt 0.816501003 0.364307826
vt 0.820365902 0.368172725
vt 0.820365902 0.364307826
vt 0.816501003 0.368172725
vt 0.820365902 0.372037624
vt 0.814568553 0.364307826
vt 0.816501003 0.372037624
vt 0.820365902 0.374936298
vt 0.814568553 0.368172725
vt 0.813602328 0.364307826
vt 0.816501003 0.374936298
vt 0.820365902 0.378801197
vt 0.813602328 0.368172725
vt 0.812636104 0.364307826
vt 0.812636104 0.368172725
vt 0.812636104 0.372037624
vt 0.814568553 0.372037624
vt 0.813602328 0.372037624
vt 0.814568553 0.374936298
vt 0.813602328 0.374936298
vt 0.812636104 0.374936298
vt 0.816501003 0.378801197
vt 0.814568553 0.378801197
vt 0.813602328 0.378801197
vt 0.812636104 0.378801197
vt 0.816501003 0.381699872
vt 0.820365902 0.381699872
vt 0.814568553 0.381699872
vt 0.813602328 0.381699872
vt 0.812636104 0.381699872
vt 0.816501003 0.385564771
vt 0.820365902 0.385564771
vt 0.820365902 0.389429669
vt 0.816501003 0.389429669
vt 0.814568553 0.385564771
vt 0.814568553 0.389429669
vt 0.813602328 0.385564771
vt 0.812636104 0.385564771
vt 0.813602328 0.389429669
vt 0.812636104 0.389429669
vt 0.346915781 0.698621585
vt 0.311165466 0.616492482
vt 0.311165466 0.698621585
vt 0.346915781 0.616492482
vt 0.311165466 0.596201763
vt 0.348848231 0.616492482
vt 0.348848231 0.698621585
vt 0.35078068 0.698621585
vt 0.346915781 0.596201763
vt 0.311165466 0.578809718
vt 0.348848231 0.596201763
vt 0.35078068 0.616492482
vt 0.35078068 0.596201763
vt 0.365274051 0.616492482
vt 0.365274051 0.698621585
vt 0.367206501 0.698621585
vt 0.365274051 0.596201763
vt 0.367206501 0.616492482
vt 0.377834973 0.698621585
vt 0.377834973 0.616492482
vt 0.367206501 0.596201763
vt 0.377834973 0.596201763
vt 0.367206501 0.578809718
vt 0.377834973 0.578809718
vt 0.377834973 0.562383897
vt 0.365274051 0.578809718
vt 0.367206501 0.562383897
vt 0.35078068 0.578809718
vt 0.367206501 0.544991852
vt 0.377834973 0.544991852
vt 0.377834973 0.527599807
vt 0.365274051 0.562383897
vt 0.348848231 0.578809718
vt 0.35078068 0.562383897
vt 0.365274051 0.544991852
vt 0.367206501 0.527599807
vt 0.346915781 0.578809718
vt 0.348848231 0.562383897
vt 0.346915781 0.562383897
vt 0.311165466 0.562383897
vt 0.311165466 0.544991852
vt 0.346915781 0.544991852
vt 0.348848231 0.544991852
vt 0.35078068 0.544991852
vt 0.346915781 0.527599807
vt 0.311165466 0.527599807
vt 0.311165466 0.511173986
vt 0.365274051 0.527599807
vt 0.35078068 0.527599807
vt 0.348848231 0.527599807
vt 0.346915781 0.511173986
vt 0.348848231 0.511173986
vt 0.35078068 0.511173986
vt 0.365274051 0.511173986
vt 0.346915781 0.493781941
vt 0.311165466 0.493781941
vt 0.311165466 0.45899785
vt 0.348848231 0.493781941
vt 0.346915781 0.45899785
vt 0.311165466 0.408754164
vt 0.346915781 0.408754164
vt 0.348848231 0.408754164
vt 0.348848231 0.45899785
vt 0.35078068 0.408754164
vt 0.35078068 0.493781941
vt 0.35078068 0.45899785
vt 0.365274051 0.408754164
vt 0.365274051 0.45899785
vt 0.367206501 0.408754164
vt 0.365274051 0.493781941
vt 0.367206501 0.493781941
vt 0.367206501 0.45899785
vt 0.377834973 0.45899785
vt 0.377834973 0.408754164
vt 0.377834973 0.493781941
vt 0.367206501 0.511173986
vt 0.377834973 0.511173986
vt 0.931481746 0.56914747
vt 0.830028149 0.515038885
vt 0.895731431 0.597167988
vt 0.95467114 0.547890526
vt 0.962400938 0.53436338
vt 0.97109696 0.521802458
vt 0.975928084 0.507309087
vt 0.981725432 0.492815716
vt 0.982691657 0.478322345
vt 0.984624107 0.462862749
vt 0.978826758 0.445470704
vt 0.95273869 0.377834973
vt 0.830028149 0.395227018
vt 0.288942297 0.724709653
vt 0.258023105 0.645479224
vt 0.285077398 0.730507001
vt 0.262854229 0.643546775
vt 0.257056881 0.623256056
vt 0.252225757 0.62422228
vt 0.251259532 0.60586401
vt 0.256090656 0.60586401
vt 0.256090656 0.588471965
vt 0.251259532 0.58750574
vt 0.253191982 0.56914747
vt 0.258023105 0.570113695
vt 0.259955555 0.55272165
vt 0.255124431 0.5507892
vt 0.259955555 0.533397155
vt 0.264786679 0.535329605
vt 0.269617802 0.518903784
vt 0.264786679 0.515038885
vt 0.283144949 0.485085918
vt 0.27928005 0.480254795
vt 0.300536994 0.449335603
vt 0.29763832 0.44257203
vt 0.118886743 0.160434407
vt 0.259955555 0.115988069
vt 0.147873486 0.00583844941
vt 0.230002588 0.186522475
vt 0.308266792 0.133380115
vt 0.372037624 0.176860228
vt 0.335321084 0.145941036
vt 0.367206501 0.324692612
vt 0.377834973 0.239664835
vt 0.198117172 0.397159467
vt 0.344017107 0.375902523
vt 0.283144949 0.413585288
vt 0.26092178 0.444504479
vt 0.247394633 0.47735612
vt 0.118886743 0.768189766
vt 0.181691351 0.783649362
vt 0.975928084 0.0232304947
vt 0.975928084 0.0232304947
vt 0.975928084 0.0232304947
vt 0.975928084 0.0232304947
vt 0.977860533 0.0212980452
vt 0.975928084 0.0232304947
vt 0.977860533 0.0212980452
vt 0.977860533 0.0212980452
vt 0.975928084 0.0232304947
vt 0.975928084 0.0241967194
vt 0.975928084 0.0241967194
vt 0.977860533 0.0212980452
vt 0.977860533 0.0222642699
vt 0.977860533 0.0212980452
vt 0.977860533 0.0212980452
vt 0.977860533 0.0212980452
vt 0.978826758 0.0222642699
vt 0.977860533 0.0212980452
vt 0.979792983 0.0193655957
vt 0.978826758 0.0212980452
vt 0.978826758 0.0212980452
vt 0.979792983 0.0193655957
vt 0.979792983 0.0203318204
vt 0.980759208 0.0203318204
vt 0.979792983 0.0193655957
vt 0.979792983 0.0193655957
vt 0.979792983 0.0203318204
vt 0.980759208 0.0203318204
vt 0.979792983 0.0193655957
vt 0.979792983 0.0193655957
vt 0.980759208 0.0174331462
vt 0.979792983 0.0193655957
vt 0.980759208 0.0203318204
vt 0.980759208 0.018399371
vt 0.980759208 0.0174331462
vt 0.980759208 0.018399371
vt 0.981725432 0.018399371
vt 0.980759208 0.0174331462
vt 0.980759208 0.0174331462
vt 0.980759208 0.0174331462
vt 0.981725432 0.018399371
vt 0.980759208 0.0174331462
vt 0.981725432 0.014534472
vt 0.980759208 0.0174331462
vt 0.981725432 0.0174331462
vt 0.981725432 0.014534472
vt 0.981725432 0.014534472
vt 0.981725432 0.014534472
vt 0.982691657 0.0155006968
vt 0.981725432 0.014534472
vt 0.981725432 0.014534472
vt 0.981725432 0.014534472
vt 0.982691657 0.014534472
vt 0.981725432 0.014534472
vt 0.980759208 0.0126020226
vt 0.981725432 0.014534472
vt 0.982691657 0.014534472
vt 0.980759208 0.0126020226
vt 0.980759208 0.0116357978
vt 0.980759208 0.0126020226
vt 0.981725432 0.0116357978
vt 0.980759208 0.0116357978
vt 0.980759208 0.0116357978
vt 0.980759208 0.0116357978
vt 0.981725432 0.0116357978
vt 0.980759208 0.0116357978
vt 0.979792983 0.00970334835
vt 0.980759208 0.0116357978
vt 0.981725432 0.0116357978
vt 0.979792983 0.00970334835
vt 0.979792983 0.00970334835
vt 0.980759208 0.00970334835
vt 0.979792983 0.00970334835
vt 0.979792983 0.00970334835
vt 0.979792983 0.00970334835
vt 0.980759208 0.00970334835
vt 0.979792983 0.00970334835
vt 0.979792983 0.00970334835
vt 0.977860533 0.00873712362
vt 0.979792983 0.00970334835
vt 0.980759208 0.00873712362
vt 0.977860533 0.00873712362
vt 0.977860533 0.00873712362
vt 0.978826758 0.00873712362
vt 0.978826758 0.00777089888
vt 0.977860533 0.00873712362
vt 0.977860533 0.00873712362
vt 0.977860533 0.00873712362
vt 0.978826758 0.00777089888
vt 0.977860533 0.00777089888
vt 0.975928084 0.00680467415
vt 0.977860533 0.00777089888
vt 0.977860533 0.00777089888
vt 0.975928084 0.00583844941
vt 0.975928084 0.00680467415
vt 0.975928084 0.00583844941
vt 0.975928084 0.00583844941
vt 0.975928084 0.00583844941
vt 0.975928084 0.00583844941
vt 0.975928084 0.00583844941
vt 0.00777089888 0.00390599994
vt 0.00777089888 0.00390599994
vt 0.00777089888 0.00390599994
vt 0.00583844941 0.00487222468
vt 0.00680467415 0.00583844941
vt 0.00583844941 0.00680467415
vt 0.00583844941 0.00487222468
vt 0.00680467415 0.00583844941
vt 0.00583844941 0.00487222468
vt 0.00680467415 0.00680467415
vt 0.00487222468 0.00680467415
vt 0.00390599994 0.00487222468
vt 0.00390599994 0.00487222468
vt 0.00390599994 0.00487222468
vt 0.00487222468 0.00680467415
vt 0.00487222468 0.00680467415
vt 0.00583844941 0.00777089888
vt 0.00390599994 0.00873712362
vt 0.00390599994 0.00873712362
vt 0.00390599994 0.00873712362
vt 0.00583844941 0.00777089888
vt 0.00583844941 0.00777089888
vt 0.00777089888 0.00777089888
vt 0.00777089888 0.00777089888
vt 0.00777089888 0.00777089888
vt 0.806838755 0.421315086
vt 0.806838755 0.420348861
vt 0.806838755 0.420348861
vt 0.806838755 0.420348861
vt 0.809737429 0.417450187
vt 0.806838755 0.421315086
vt 0.809737429 0.418416412
vt 0.809737429 0.417450187
vt 0.806838755 0.421315086
vt 0.806838755 0.42228131
vt 0.80780498 0.421315086
vt 0.809737429 0.418416412
vt 0.809737429 0.419382636
vt 0.809737429 0.417450187
vt 0.809737429 0.417450187
vt 0.809737429 0.418416412
vt 0.810703654 0.418416412
vt 0.809737429 0.417450187
vt 0.811669879 0.416483962
vt 0.810703654 0.417450187
vt 0.810703654 0.418416412
vt 0.811669879 0.416483962
vt 0.812636104 0.416483962
vt 0.812636104 0.417450187
vt 0.812636104 0.416483962
vt 0.811669879 0.415517737
vt 0.812636104 0.416483962
vt 0.813602328 0.416483962
vt 0.812636104 0.415517737
vt 0.811669879 0.415517737
vt 0.812636104 0.413585288
vt 0.812636104 0.415517737
vt 0.813602328 0.416483962
vt 0.813602328 0.413585288
vt 0.812636104 0.413585288
vt 0.813602328 0.413585288
vt 0.814568553 0.414551513
vt 0.813602328 0.413585288
vt 0.813602328 0.412619063
vt 0.813602328 0.413585288
vt 0.814568553 0.413585288
vt 0.813602328 0.412619063
vt 0.814568553 0.409720389
vt 0.813602328 0.412619063
vt 0.814568553 0.413585288
vt 0.815534778 0.409720389
vt 0.814568553 0.409720389
vt 0.815534778 0.409720389
vt 0.816501003 0.409720389
vt 0.815534778 0.409720389
vt 0.814568553 0.409720389
vt 0.815534778 0.409720389
vt 0.816501003 0.409720389
vt 0.815534778 0.409720389
vt 0.813602328 0.40585549
vt 0.815534778 0.408754164
vt 0.816501003 0.408754164
vt 0.813602328 0.40585549
vt 0.812636104 0.40585549
vt 0.813602328 0.40585549
vt 0.814568553 0.40585549
vt 0.813602328 0.40585549
vt 0.812636104 0.40585549
vt 0.813602328 0.40585549
vt 0.814568553 0.404889265
vt 0.813602328 0.404889265
vt 0.811669879 0.402956816
vt 0.813602328 0.404889265
vt 0.814568553 0.404889265
vt 0.812636104 0.402956816
vt 0.812636104 0.402956816
vt 0.813602328 0.401990591
vt 0.812636104 0.402956816
vt 0.811669879 0.402956816
vt 0.812636104 0.402956816
vt 0.813602328 0.401990591
vt 0.811669879 0.402956816
vt 0.811669879 0.402956816
vt 0.809737429 0.401024366
vt 0.812636104 0.401990591
vt 0.812636104 0.401990591
vt 0.809737429 0.401024366
vt 0.809737429 0.401024366
vt 0.810703654 0.401024366
vt 0.810703654 0.400058142
vt 0.809737429 0.401024366
vt 0.809737429 0.401024366
vt 0.809737429 0.401024366
vt 0.810703654 0.400058142
vt 0.809737429 0.401024366
vt 0.806838755 0.398125692
vt 0.809737429 0.400058142
vt 0.809737429 0.400058142
vt 0.806838755 0.398125692
vt 0.806838755 0.398125692
vt 0.806838755 0.398125692
vt 0.806838755 0.398125692
vt 0.80780498 0.397159467
vt 0.806838755 0.397159467
vt 0.806838755 0.397159467
vt 0.977860533 0.0319265173
vt 0.977860533 0.0319265173
vt 0.977860533 0.0319265173
vt 0.974961859 0.0338589667
vt 0.976894309 0.0357914162
vt 0.974961859 0.0357914162
vt 0.974961859 0.0338589667
vt 0.976894309 0.0357914162
vt 0.973995635 0.0338589667
vt 0.976894309 0.0357914162
vt 0.97302941 0.036757641
vt 0.972063185 0.0338589667
vt 0.972063185 0.0338589667
vt 0.972063185 0.0338589667
vt 0.97302941 0.036757641
vt 0.97302941 0.036757641
vt 0.974961859 0.0386900904
vt 0.972063185 0.0406225399
vt 0.972063185 0.0406225399
vt 0.972063185 0.0406225399
vt 0.974961859 0.0386900904
vt 0.975928084 0.0386900904
vt 0.977860533 0.0386900904
vt 0.977860533 0.0386900904
vt 0.977860533 0.0386900904
vt 0.276381375 0.47735612
vt 0.29763832 0.44257203
vt 0.294739645 0.439673356
vt 0.287976072 0.436774682
vt 0.27928005 0.480254795
vt 0.269617802 0.474457446
vt 0.261888004 0.513106436
vt 0.255124431 0.511173986
vt 0.264786679 0.515038885
vt 0.249327083 0.529532256
vt 0.257056881 0.531464706
vt 0.259955555 0.533397155
vt 0.255124431 0.5507892
vt 0.252225757 0.549822976
vt 0.244495959 0.548856751
vt 0.24256351 0.568181246
vt 0.249327083 0.56914747
vt 0.253191982 0.56914747
vt 0.251259532 0.58750574
vt 0.247394633 0.58750574
vt 0.24063106 0.58750574
vt 0.24063106 0.60586401
vt 0.248360858 0.60586401
vt 0.251259532 0.60586401
vt 0.252225757 0.62422228
vt 0.248360858 0.625188505
vt 0.24063106 0.625188505
vt 0.248360858 0.647411674
vt 0.255124431 0.646445449
vt 0.258023105 0.645479224
vt 0.275415151 0.73630435
vt 0.285077398 0.730507001
vt 0.282178724 0.733405675
g chuan4_2v2chuan4_2v2_mobile_0
f 3/3/3 2/2/2 1/1/1
f 4/4/4 1/1/1 2/2/2
f 2/2/2 5/5/5 4/4/4
f 1/1/1 4/4/4 6/6/6
f 7/7/7 4/4/4 5/5/5
f 5/5/5 8/8/8 7/7/7
f 9/9/9 6/6/6 4/4/4
f 4/4/4 7/7/7 9/9/9
f 6/6/6 9/9/9 10/10/10
f 11/11/11 7/7/7 8/8/8
f 8/8/8 12/12/12 11/11/11
f 13/13/13 10/10/10 9/9/9
f 10/10/10 13/13/13 14/14/14
f 15/15/15 9/9/9 7/7/7
f 7/7/7 11/11/11 15/15/15
f 9/9/9 15/15/15 13/13/13
f 16/16/16 11/11/11 12/12/12
f 12/12/12 17/17/17 16/16/16
f 18/18/18 14/14/14 13/13/13
f 14/14/14 18/18/18 19/19/19
f 20/20/20 13/13/13 15/15/15
f 13/13/13 20/20/20 18/18/18
f 21/21/21 15/15/15 11/11/11
f 11/11/11 16/16/16 21/21/21
f 15/15/15 21/21/21 20/20/20
f 22/22/22 19/19/19 18/18/18
f 19/19/19 22/22/22 23/23/23
f 24/24/24 18/18/18 20/20/20
f 18/18/18 24/24/24 22/22/22
f 25/25/25 20/20/20 21/21/21
f 20/20/20 25/25/25 24/24/24
f 26/26/26 21/21/21 16/16/16
f 21/21/21 26/26/26 25/25/25
f 27/27/27 16/16/16 17/17/17
f 16/16/16 27/27/27 26/26/26
f 28/28/28 23/23/23 22/22/22
f 23/23/23 28/28/28 29/29/29
f 30/30/30 22/22/22 24/24/24
f 22/22/22 30/30/30 28/28/28
f 31/31/31 24/24/24 25/25/25
f 24/24/24 31/31/31 30/30/30
f 27/27/27 17/17/17 32/32/32
f 33/33/33 32/32/32 17/17/17
f 34/34/34 25/25/25 26/26/26
f 25/25/25 34/34/34 31/31/31
f 35/35/35 26/26/26 27/27/27
f 27/27/27 32/32/32 35/35/35
f 26/26/26 35/35/35 34/34/34
f 36/36/36 29/29/29 28/28/28
f 29/29/29 36/36/36 37/37/37
f 38/38/38 28/28/28 30/30/30
f 28/28/28 38/38/38 36/36/36
f 39/39/39 30/30/30 31/31/31
f 30/30/30 39/39/39 38/38/38
f 40/40/40 31/31/31 34/34/34
f 31/31/31 40/40/40 39/39/39
f 41/41/41 34/34/34 35/35/35
f 34/34/34 41/41/41 40/40/40
f 42/42/42 37/37/37 36/36/36
f 37/37/37 42/42/42 43/43/43
f 44/44/44 43/43/43 42/42/42
f 45/45/45 36/36/36 38/38/38
f 36/36/36 45/45/45 42/42/42
f 42/42/42 46/46/46 44/44/44
f 46/46/46 42/42/42 45/45/45
f 47/47/47 44/44/44 46/46/46
f 48/48/48 38/38/38 39/39/39
f 38/38/38 48/48/48 45/45/45
f 49/49/49 39/39/39 40/40/40
f 39/39/39 49/49/49 48/48/48
f 46/46/46 50/50/50 47/47/47
f 51/51/51 47/47/47 50/50/50
f 45/45/45 52/52/52 46/46/46
f 52/52/52 45/45/45 48/48/48
f 50/50/50 46/46/46 52/52/52
f 50/50/50 53/53/53 51/51/51
f 54/54/54 51/51/51 53/53/53
f 48/48/48 55/55/55 52/52/52
f 55/55/55 48/48/48 49/49/49
f 52/52/52 56/56/56 50/50/50
f 53/53/53 50/50/50 56/56/56
f 56/56/56 52/52/52 55/55/55
f 40/40/40 57/57/57 49/49/49
f 57/57/57 40/40/40 41/41/41
f 53/53/53 58/58/58 54/54/54
f 59/59/59 54/54/54 58/58/58
f 59/59/59 58/58/58 60/60/60
f 49/49/49 61/61/61 55/55/55
f 61/61/61 49/49/49 57/57/57
f 55/55/55 62/62/62 56/56/56
f 62/62/62 55/55/55 61/61/61
f 56/56/56 63/63/63 53/53/53
f 58/58/58 53/53/53 63/63/63
f 63/63/63 56/56/56 62/62/62
f 64/64/64 60/60/60 58/58/58
f 60/60/60 64/64/64 65/65/65
f 63/63/63 66/66/66 58/58/58
f 64/64/64 58/58/58 66/66/66
f 62/62/62 67/67/67 63/63/63
f 66/66/66 63/63/63 67/67/67
f 61/61/61 68/68/68 62/62/62
f 67/67/67 62/62/62 68/68/68
f 57/57/57 69/69/69 61/61/61
f 68/68/68 61/61/61 69/69/69
f 70/70/70 65/65/65 64/64/64
f 64/64/64 66/66/66 70/70/70
f 69/69/69 57/57/57 71/71/71
f 41/41/41 71/71/71 57/57/57
f 70/70/70 72/72/72 65/65/65
f 73/73/73 65/65/65 72/72/72
f 71/71/71 41/41/41 74/74/74
f 35/35/35 74/74/74 41/41/41
f 74/74/74 35/35/35 32/32/32
f 74/74/74 75/75/75 71/71/71
f 74/74/74 32/32/32 75/75/75
f 71/71/71 76/76/76 69/69/69
f 76/76/76 71/71/71 75/75/75
f 69/69/69 77/77/77 68/68/68
f 77/77/77 69/69/69 76/76/76
f 72/72/72 78/78/78 73/73/73
f 79/79/79 73/73/73 78/78/78
f 80/80/80 75/75/75 32/32/32
f 32/32/32 33/33/33 80/80/80
f 81/81/81 80/80/80 33/33/33
f 81/81/81 82/82/82 80/80/80
f 83/83/83 80/80/80 82/82/82
f 80/80/80 83/83/83 75/75/75
f 82/82/82 84/84/84 83/83/83
f 75/75/75 85/85/85 76/76/76
f 85/85/85 75/75/75 83/83/83
f 86/86/86 83/83/83 84/84/84
f 83/83/83 86/86/86 85/85/85
f 84/84/84 87/87/87 86/86/86
f 88/88/88 76/76/76 85/85/85
f 76/76/76 88/88/88 77/77/77
f 89/89/89 86/86/86 87/87/87
f 87/87/87 90/90/90 89/89/89
f 91/91/91 85/85/85 86/86/86
f 85/85/85 91/91/91 88/88/88
f 86/86/86 89/89/89 91/91/91
f 92/92/92 89/89/89 90/90/90
f 90/90/90 93/93/93 92/92/92
f 94/94/94 91/91/91 89/89/89
f 89/89/89 92/92/92 94/94/94
f 95/95/95 88/88/88 91/91/91
f 91/91/91 94/94/94 95/95/95
f 96/96/96 77/77/77 88/88/88
f 88/88/88 95/95/95 96/96/96
f 97/97/97 92/92/92 93/93/93
f 93/93/93 98/98/98 97/97/97
f 99/99/99 94/94/94 92/92/92
f 92/92/92 97/97/97 99/99/99
f 100/100/100 95/95/95 94/94/94
f 94/94/94 99/99/99 100/100/100
f 101/101/101 97/97/97 98/98/98
f 98/98/98 102/102/102 101/101/101
f 103/103/103 99/99/99 97/97/97
f 97/97/97 101/101/101 103/103/103
f 104/104/104 101/101/101 102/102/102
f 102/102/102 105/105/105 104/104/104
f 77/77/77 96/96/96 106/106/106
f 106/106/106 68/68/68 77/77/77
f 68/68/68 106/106/106 67/67/67
f 107/107/107 67/67/67 106/106/106
f 67/67/67 107/107/107 66/66/66
f 99/99/99 103/103/103 108/108/108
f 108/108/108 100/100/100 99/99/99
f 109/109/109 103/103/103 101/101/101
f 101/101/101 104/104/104 109/109/109
f 110/110/110 104/104/104 105/105/105
f 105/105/105 111/111/111 110/110/110
f 106/106/106 112/112/112 107/107/107
f 112/112/112 106/106/106 96/96/96
f 113/113/113 66/66/66 107/107/107
f 113/113/113 70/70/70 66/66/66
f 114/114/114 107/107/107 112/112/112
f 107/107/107 114/114/114 113/113/113
f 113/113/113 115/115/115 70/70/70
f 115/115/115 113/113/113 114/114/114
f 72/72/72 70/70/70 115/115/115
f 112/112/112 96/96/96 116/116/116
f 112/112/112 116/116/116 114/114/114
f 114/114/114 117/117/117 115/115/115
f 117/117/117 114/114/114 116/116/116
f 115/115/115 118/118/118 72/72/72
f 118/118/118 115/115/115 117/117/117
f 78/78/78 72/72/72 118/118/118
f 119/119/119 116/116/116 96/96/96
f 119/119/119 96/96/96 95/95/95
f 95/95/95 100/100/100 119/119/119
f 120/120/120 119/119/119 100/100/100
f 119/119/119 120/120/120 116/116/116
f 100/100/100 108/108/108 120/120/120
f 116/116/116 121/121/121 117/117/117
f 121/121/121 116/116/116 120/120/120
f 117/117/117 122/122/122 118/118/118
f 122/122/122 117/117/117 121/121/121
f 118/118/118 123/123/123 78/78/78
f 123/123/123 118/118/118 122/122/122
f 124/124/124 120/120/120 108/108/108
f 120/120/120 124/124/124 121/121/121
f 121/121/121 125/125/125 122/122/122
f 125/125/125 121/121/121 124/124/124
f 108/108/108 126/126/126 124/124/124
f 126/126/126 108/108/108 103/103/103
f 103/103/103 109/109/109 126/126/126
f 127/127/127 124/124/124 126/126/126
f 124/124/124 127/127/127 125/125/125
f 128/128/128 122/122/122 125/125/125
f 122/122/122 128/128/128 123/123/123
f 129/129/129 78/78/78 123/123/123
f 78/78/78 129/129/129 79/79/79
f 130/130/130 79/79/79 129/129/129
f 131/131/131 126/126/126 109/109/109
f 126/126/126 131/131/131 127/127/127
f 132/132/132 125/125/125 127/127/127
f 125/125/125 132/132/132 128/128/128
f 133/133/133 123/123/123 128/128/128
f 123/123/123 133/133/133 129/129/129
f 129/129/129 134/134/134 130/130/130
f 134/134/134 129/129/129 133/133/133
f 135/135/135 130/130/130 134/134/134
f 128/128/128 136/136/136 133/133/133
f 136/136/136 128/128/128 132/132/132
f 127/127/127 137/137/137 132/132/132
f 137/137/137 127/127/127 131/131/131
f 109/109/109 138/138/138 131/131/131
f 138/138/138 109/109/109 104/104/104
f 104/104/104 110/110/110 138/138/138
f 134/134/134 139/139/139 135/135/135
f 140/140/140 135/135/135 139/139/139
f 140/140/140 139/139/139 141/141/141
f 133/133/133 142/142/142 134/134/134
f 139/139/139 134/134/134 142/142/142
f 142/142/142 133/133/133 136/136/136
f 143/143/143 141/141/141 139/139/139
f 139/139/139 142/142/142 143/143/143
f 141/141/141 143/143/143 144/144/144
f 145/145/145 131/131/131 138/138/138
f 131/131/131 145/145/145 137/137/137
f 146/146/146 138/138/138 110/110/110
f 138/138/138 146/146/146 145/145/145
f 147/147/147 143/143/143 142/142/142
f 142/142/142 136/136/136 147/147/147
f 148/148/148 144/144/144 143/143/143
f 143/143/143 147/147/147 148/148/148
f 144/144/144 148/148/148 149/149/149
f 110/110/110 150/150/150 146/146/146
f 150/150/150 110/110/110 111/111/111
f 111/111/111 151/151/151 150/150/150
f 152/152/152 150/150/150 151/151/151
f 151/151/151 153/153/153 152/152/152
f 154/154/154 146/146/146 150/150/150
f 150/150/150 152/152/152 154/154/154
f 155/155/155 152/152/152 153/153/153
f 153/153/153 156/156/156 155/155/155
f 146/146/146 154/154/154 157/157/157
f 157/157/157 145/145/145 146/146/146
f 158/158/158 154/154/154 152/152/152
f 152/152/152 155/155/155 158/158/158
f 159/159/159 155/155/155 156/156/156
f 156/156/156 160/160/160 159/159/159
f 145/145/145 157/157/157 161/161/161
f 161/161/161 137/137/137 145/145/145
f 162/162/162 157/157/157 154/154/154
f 154/154/154 158/158/158 162/162/162
f 163/163/163 158/158/158 155/155/155
f 155/155/155 159/159/159 163/163/163
f 164/164/164 159/159/159 160/160/160
f 160/160/160 165/165/165 164/164/164
f 166/166/166 164/164/164 165/165/165
f 159/159/159 164/164/164 167/167/167
f 167/167/167 163/163/163 159/159/159
f 164/164/164 166/166/166 168/168/168
f 168/168/168 167/167/167 164/164/164
f 169/169/169 168/168/168 166/166/166
f 158/158/158 163/163/163 170/170/170
f 170/170/170 162/162/162 158/158/158
f 157/157/157 162/162/162 171/171/171
f 171/171/171 161/161/161 157/157/157
f 163/163/163 167/167/167 172/172/172
f 172/172/172 170/170/170 163/163/163
f 167/167/167 168/168/168 173/173/173
f 173/173/173 172/172/172 167/167/167
f 168/168/168 169/169/169 174/174/174
f 174/174/174 173/173/173 168/168/168
f 175/175/175 174/174/174 169/169/169
f 162/162/162 170/170/170 176/176/176
f 176/176/176 171/171/171 162/162/162
f 170/170/170 172/172/172 177/177/177
f 177/177/177 176/176/176 170/170/170
f 172/172/172 173/173/173 178/178/178
f 178/178/178 177/177/177 172/172/172
f 173/173/173 174/174/174 179/179/179
f 179/179/179 178/178/178 173/173/173
f 174/174/174 175/175/175 180/180/180
f 180/180/180 179/179/179 174/174/174
f 181/181/181 180/180/180 175/175/175
f 180/180/180 181/181/181 182/182/182
f 180/180/180 182/182/182 179/179/179
f 183/183/183 182/182/182 181/181/181
f 179/179/179 184/184/184 178/178/178
f 184/184/184 179/179/179 182/182/182
f 178/178/178 185/185/185 177/177/177
f 185/185/185 178/178/178 184/184/184
f 177/177/177 186/186/186 176/176/176
f 186/186/186 177/177/177 185/185/185
f 182/182/182 183/183/183 187/187/187
f 188/188/188 187/187/187 183/183/183
f 184/184/184 182/182/182 189/189/189
f 187/187/187 189/189/189 182/182/182
f 185/185/185 184/184/184 190/190/190
f 189/189/189 190/190/190 184/184/184
f 187/187/187 188/188/188 191/191/191
f 192/192/192 191/191/191 188/188/188
f 189/189/189 187/187/187 193/193/193
f 191/191/191 193/193/193 187/187/187
f 191/191/191 192/192/192 194/194/194
f 195/195/195 194/194/194 192/192/192
f 194/194/194 195/195/195 196/196/196
f 197/197/197 196/196/196 195/195/195
f 196/196/196 198/198/198 194/194/194
f 194/194/194 199/199/199 191/191/191
f 199/199/199 194/194/194 198/198/198
f 193/193/193 191/191/191 199/199/199
f 198/198/198 200/200/200 199/199/199
f 201/201/201 199/199/199 200/200/200
f 199/199/199 201/201/201 193/193/193
f 200/200/200 202/202/202 201/201/201
f 193/193/193 203/203/203 189/189/189
f 203/203/203 193/193/193 201/201/201
f 190/190/190 189/189/189 203/203/203
f 204/204/204 201/201/201 202/202/202
f 201/201/201 204/204/204 203/203/203
f 202/202/202 205/205/205 204/204/204
f 203/203/203 206/206/206 190/190/190
f 206/206/206 203/203/203 204/204/204
f 207/207/207 204/204/204 205/205/205
f 204/204/204 207/207/207 206/206/206
f 205/205/205 149/149/149 207/207/207
f 208/208/208 190/190/190 206/206/206
f 190/190/190 208/208/208 185/185/185
f 186/186/186 185/185/185 208/208/208
f 209/209/209 207/207/207 149/149/149
f 209/209/209 149/149/149 148/148/148
f 210/210/210 206/206/206 207/207/207
f 206/206/206 210/210/210 208/208/208
f 207/207/207 209/209/209 210/210/210
f 208/208/208 211/211/211 186/186/186
f 211/211/211 208/208/208 210/210/210
f 148/148/148 212/212/212 209/209/209
f 212/212/212 148/148/148 147/147/147
f 213/213/213 210/210/210 209/209/209
f 210/210/210 213/213/213 211/211/211
f 213/213/213 209/209/209 212/212/212
f 214/214/214 186/186/186 211/211/211
f 214/214/214 176/176/176 186/186/186
f 176/176/176 214/214/214 171/171/171
f 147/147/147 215/215/215 212/212/212
f 215/215/215 147/147/147 136/136/136
f 216/216/216 211/211/211 213/213/213
f 211/211/211 216/216/216 214/214/214
f 217/217/217 171/171/171 214/214/214
f 217/217/217 214/214/214 216/216/216
f 171/171/171 217/217/217 161/161/161
f 212/212/212 218/218/218 213/213/213
f 218/218/218 212/212/212 215/215/215
f 216/216/216 213/213/213 218/218/218
f 215/215/215 136/136/136 219/219/219
f 215/215/215 219/219/219 218/218/218
f 132/132/132 219/219/219 136/136/136
f 219/219/219 132/132/132 137/137/137
f 137/137/137 161/161/161 219/219/219
f 217/217/217 216/216/216 220/220/220
f 218/218/218 220/220/220 216/216/216
f 220/220/220 218/218/218 219/219/219
f 220/220/220 219/219/219 161/161/161
f 220/220/220 161/161/161 217/217/217
f 223/223/223 222/222/222 221/221/221
f 224/224/224 221/221/221 222/222/222
f 224/224/224 225/225/225 221/221/221
f 226/226/226 221/221/221 225/225/225
f 226/226/226 225/225/225 227/227/227
f 228/228/228 227/227/227 225/225/225
f 228/228/228 229/229/229 227/227/227
f 230/230/230 227/227/227 229/229/229
f 230/230/230 229/229/229 231/231/231
f 232/232/232 231/231/231 229/229/229
f 231/231/231 232/232/232 233/233/233
f 234/234/234 233/233/233 232/232/232
f 233/233/233 234/234/234 235/235/235
f 236/236/236 235/235/235 234/234/234
f 235/235/235 236/236/236 237/237/237
f 238/238/238 237/237/237 236/236/236
f 238/238/238 239/239/239 237/237/237
f 240/240/240 237/237/237 239/239/239
f 239/239/239 241/241/241 240/240/240
f 242/242/242 240/240/240 241/241/241
f 242/242/242 241/241/241 243/243/243
f 244/244/244 243/243/243 241/241/241
f 244/244/244 245/245/245 243/243/243
f 246/246/246 243/243/243 245/245/245
f 246/246/246 245/245/245 247/247/247
f 248/248/248 247/247/247 245/245/245
f 247/247/247 248/248/248 249/249/249
f 250/250/250 249/249/249 248/248/248
f 250/250/250 251/251/251 249/249/249
f 252/252/252 249/249/249 251/251/251
f 252/252/252 251/251/251 253/253/253
f 254/254/254 253/253/253 251/251/251
f 254/254/254 255/255/255 253/253/253
f 256/256/256 253/253/253 255/255/255
f 256/256/256 255/255/255 257/257/257
f 258/258/258 257/257/257 255/255/255
f 258/258/258 259/259/259 257/257/257
f 260/260/260 257/257/257 259/259/259
f 259/259/259 261/261/261 260/260/260
f 262/262/262 260/260/260 261/261/261
f 261/261/261 263/263/263 262/262/262
f 264/264/264 262/262/262 263/263/263
f 267/267/267 266/266/266 265/265/265
f 266/266/266 268/268/268 265/265/265
f 268/268/268 269/269/269 265/265/265
f 269/269/269 270/270/270 265/265/265
f 270/270/270 271/271/271 265/265/265
f 274/274/274 273/273/273 272/272/272
f 275/275/275 272/272/272 273/273/273
f 273/273/273 276/276/276 275/275/275
f 272/272/272 275/275/275 277/277/277
f 278/278/278 275/275/275 276/276/276
f 276/276/276 279/279/279 278/278/278
f 280/280/280 277/277/277 275/275/275
f 275/275/275 278/278/278 280/280/280
f 277/277/277 280/280/280 281/281/281
f 282/282/282 278/278/278 279/279/279
f 279/279/279 283/283/283 282/282/282
f 284/284/284 281/281/281 280/280/280
f 281/281/281 284/284/284 285/285/285
f 286/286/286 285/285/285 284/284/284
f 286/286/286 284/284/284 287/287/287
f 288/288/288 280/280/280 278/278/278
f 280/280/280 288/288/288 284/284/284
f 278/278/278 282/282/282 288/288/288
f 289/289/289 282/282/282 283/283/283
f 283/283/283 290/290/290 289/289/289
f 291/291/291 287/287/287 284/284/284
f 291/291/291 284/284/284 288/288/288
f 292/292/292 288/288/288 282/282/282
f 288/288/288 292/292/292 291/291/291
f 282/282/282 289/289/289 292/292/292
f 291/291/291 293/293/293 287/287/287
f 293/293/293 291/291/291 292/292/292
f 294/294/294 287/287/287 293/293/293
f 295/295/295 289/289/289 290/290/290
f 290/290/290 296/296/296 295/295/295
f 297/297/297 292/292/292 289/289/289
f 292/292/292 297/297/297 293/293/293
f 289/289/289 295/295/295 297/297/297
f 293/293/293 298/298/298 294/294/294
f 298/298/298 293/293/293 297/297/297
f 299/299/299 294/294/294 298/298/298
f 300/300/300 295/295/295 296/296/296
f 296/296/296 301/301/301 300/300/300
f 302/302/302 300/300/300 301/301/301
f 303/303/303 297/297/297 295/295/295
f 297/297/297 303/303/303 298/298/298
f 295/295/295 300/300/300 303/303/303
f 298/298/298 304/304/304 299/299/299
f 304/304/304 298/298/298 303/303/303
f 305/305/305 299/299/299 304/304/304
f 305/305/305 304/304/304 306/306/306
f 300/300/300 302/302/302 307/307/307
f 307/307/307 303/303/303 300/300/300
f 303/303/303 307/307/307 304/304/304
f 308/308/308 307/307/307 302/302/302
f 309/309/309 304/304/304 307/307/307
f 307/307/307 308/308/308 309/309/309
f 309/309/309 306/306/306 304/304/304
f 310/310/310 309/309/309 308/308/308
f 309/309/309 310/310/310 306/306/306
f 311/311/311 306/306/306 310/310/310
f 314/314/314 313/313/313 312/312/312
f 315/315/315 312/312/312 313/313/313
f 312/312/312 315/315/315 316/316/316
f 315/315/315 313/313/313 317/317/317
f 318/318/318 317/317/317 313/313/313
f 318/318/318 319/319/319 317/317/317
f 320/320/320 316/316/316 315/315/315
f 315/315/315 317/317/317 320/320/320
f 316/316/316 320/320/320 321/321/321
f 322/322/322 317/317/317 319/319/319
f 319/319/319 323/323/323 322/322/322
f 324/324/324 321/321/321 320/320/320
f 321/321/321 324/324/324 325/325/325
f 326/326/326 325/325/325 324/324/324
f 326/326/326 324/324/324 327/327/327
f 328/328/328 320/320/320 317/317/317
f 320/320/320 328/328/328 324/324/324
f 317/317/317 322/322/322 328/328/328
f 329/329/329 322/322/322 323/323/323
f 323/323/323 330/330/330 329/329/329
f 331/331/331 327/327/327 324/324/324
f 331/331/331 324/324/324 328/328/328
f 332/332/332 328/328/328 322/322/322
f 328/328/328 332/332/332 331/331/331
f 322/322/322 329/329/329 332/332/332
f 331/331/331 333/333/333 327/327/327
f 333/333/333 331/331/331 332/332/332
f 334/334/334 327/327/327 333/333/333
f 335/335/335 332/332/332 329/329/329
f 332/332/332 335/335/335 333/333/333
f 333/333/333 336/336/336 334/334/334
f 336/336/336 333/333/333 335/335/335
f 337/337/337 334/334/334 336/336/336
f 338/338/338 329/329/329 330/330/330
f 329/329/329 338/338/338 335/335/335
f 335/335/335 339/339/339 336/336/336
f 339/339/339 335/335/335 338/338/338
f 336/336/336 340/340/340 337/337/337
f 340/340/340 336/336/336 339/339/339
f 341/341/341 337/337/337 340/340/340
f 341/341/341 340/340/340 342/342/342
f 338/338/338 330/330/330 343/343/343
f 338/338/338 343/343/343 339/339/339
f 344/344/344 343/343/343 330/330/330
f 344/344/344 345/345/345 343/343/343
f 346/346/346 343/343/343 345/345/345
f 347/347/347 339/339/339 343/343/343
f 343/343/343 346/346/346 347/347/347
f 339/339/339 347/347/347 340/340/340
f 348/348/348 347/347/347 346/346/346
f 349/349/349 340/340/340 347/347/347
f 347/347/347 348/348/348 349/349/349
f 349/349/349 342/342/342 340/340/340
f 350/350/350 349/349/349 348/348/348
f 349/349/349 350/350/350 342/342/342
f 351/351/351 342/342/342 350/350/350
f 354/354/354 353/353/353 352/352/352
f 353/353/353 355/355/355 352/352/352
f 355/355/355 356/356/356 352/352/352
f 356/356/356 357/357/357 352/352/352
f 357/357/357 358/358/358 352/352/352
f 361/361/361 360/360/360 359/359/359
f 362/362/362 359/359/359 360/360/360
f 360/360/360 363/363/363 362/362/362
f 359/359/359 362/362/362 364/364/364
f 365/365/365 362/362/362 363/363/363
f 363/363/363 366/366/366 365/365/365
f 367/367/367 364/364/364 362/362/362
f 362/362/362 365/365/365 367/367/367
f 364/364/364 367/367/367 368/368/368
f 369/369/369 365/365/365 366/366/366
f 366/366/366 370/370/370 369/369/369
f 371/371/371 368/368/368 367/367/367
f 368/368/368 371/371/371 372/372/372
f 373/373/373 372/372/372 371/371/371
f 373/373/373 371/371/371 374/374/374
f 375/375/375 367/367/367 365/365/365
f 367/367/367 375/375/375 371/371/371
f 365/365/365 369/369/369 375/375/375
f 376/376/376 369/369/369 370/370/370
f 370/370/370 377/377/377 376/376/376
f 378/378/378 374/374/374 371/371/371
f 378/378/378 371/371/371 375/375/375
f 379/379/379 375/375/375 369/369/369
f 375/375/375 379/379/379 378/378/378
f 369/369/369 376/376/376 379/379/379
f 378/378/378 380/380/380 374/374/374
f 380/380/380 378/378/378 379/379/379
f 381/381/381 374/374/374 380/380/380
f 382/382/382 376/376/376 377/377/377
f 377/377/377 383/383/383 382/382/382
f 384/384/384 379/379/379 376/376/376
f 379/379/379 384/384/384 380/380/380
f 376/376/376 382/382/382 384/384/384
f 380/380/380 385/385/385 381/381/381
f 385/385/385 380/380/380 384/384/384
f 386/386/386 381/381/381 385/385/385
f 387/387/387 382/382/382 383/383/383
f 383/383/383 388/388/388 387/387/387
f 389/389/389 387/387/387 388/388/388
f 390/390/390 384/384/384 382/382/382
f 384/384/384 390/390/390 385/385/385
f 382/382/382 387/387/387 390/390/390
f 385/385/385 391/391/391 386/386/386
f 391/391/391 385/385/385 390/390/390
f 392/392/392 386/386/386 391/391/391
f 392/392/392 391/391/391 393/393/393
f 387/387/387 389/389/389 394/394/394
f 394/394/394 390/390/390 387/387/387
f 390/390/390 394/394/394 391/391/391
f 395/395/395 394/394/394 389/389/389
f 396/396/396 391/391/391 394/394/394
f 394/394/394 395/395/395 396/396/396
f 396/396/396 393/393/393 391/391/391
f 397/397/397 396/396/396 395/395/395
f 396/396/396 397/397/397 393/393/393
f 398/398/398 393/393/393 397/397/397
f 401/401/401 400/400/400 399/399/399
f 402/402/402 399/399/399 400/400/400
f 399/399/399 402/402/402 403/403/403
f 402/402/402 400/400/400 404/404/404
f 405/405/405 404/404/404 400/400/400
f 405/405/405 406/406/406 404/404/404
f 407/407/407 403/403/403 402/402/402
f 402/402/402 404/404/404 407/407/407
f 403/403/403 407/407/407 408/408/408
f 409/409/409 404/404/404 406/406/406
f 406/406/406 410/410/410 409/409/409
f 411/411/411 408/408/408 407/407/407
f 408/408/408 411/411/411 412/412/412
f 413/413/413 412/412/412 411/411/411
f 413/413/413 411/411/411 414/414/414
f 415/415/415 407/407/407 404/404/404
f 407/407/407 415/415/415 411/411/411
f 404/404/404 409/409/409 415/415/415
f 416/416/416 409/409/409 410/410/410
f 410/410/410 417/417/417 416/416/416
f 418/418/418 414/414/414 411/411/411
f 418/418/418 411/411/411 415/415/415
f 419/419/419 415/415/415 409/409/409
f 415/415/415 419/419/419 418/418/418
f 409/409/409 416/416/416 419/419/419
f 418/418/418 420/420/420 414/414/414
f 420/420/420 418/418/418 419/419/419
f 421/421/421 414/414/414 420/420/420
f 422/422/422 419/419/419 416/416/416
f 419/419/419 422/422/422 420/420/420
f 420/420/420 423/423/423 421/421/421
f 423/423/423 420/420/420 422/422/422
f 424/424/424 421/421/421 423/423/423
f 425/425/425 416/416/416 417/417/417
f 416/416/416 425/425/425 422/422/422
f 422/422/422 426/426/426 423/423/423
f 426/426/426 422/422/422 425/425/425
f 423/423/423 427/427/427 424/424/424
f 427/427/427 423/423/423 426/426/426
f 428/428/428 424/424/424 427/427/427
f 428/428/428 427/427/427 429/429/429
f 425/425/425 417/417/417 430/430/430
f 425/425/425 430/430/430 426/426/426
f 431/431/431 430/430/430 417/417/417
f 431/431/431 432/432/432 430/430/430
f 433/433/433 430/430/430 432/432/432
f 434/434/434 426/426/426 430/430/430
f 430/430/430 433/433/433 434/434/434
f 426/426/426 434/434/434 427/427/427
f 435/435/435 434/434/434 433/433/433
f 436/436/436 427/427/427 434/434/434
f 434/434/434 435/435/435 436/436/436
f 436/436/436 429/429/429 427/427/427
f 437/437/437 436/436/436 435/435/435
f 436/436/436 437/437/437 429/429/429
f 438/438/438 429/429/429 437/437/437
f 441/441/441 440/440/440 439/439/439
f 440/440/440 442/442/442 439/439/439
f 442/442/442 443/443/443 439/439/439
f 443/443/443 444/444/444 439/439/439
f 444/444/444 445/445/445 439/439/439
f 448/448/448 447/447/447 446/446/446
f 449/449/449 446/446/446 447/447/447
f 447/447/447 450/450/450 449/449/449
f 446/446/446 449/449/449 451/451/451
f 452/452/452 449/449/449 450/450/450
f 450/450/450 453/453/453 452/452/452
f 454/454/454 451/451/451 449/449/449
f 449/449/449 452/452/452 454/454/454
f 451/451/451 454/454/454 455/455/455
f 456/456/456 452/452/452 453/453/453
f 453/453/453 457/457/457 456/456/456
f 458/458/458 455/455/455 454/454/454
f 455/455/455 458/458/458 459/459/459
f 460/460/460 459/459/459 458/458/458
f 460/460/460 458/458/458 461/461/461
f 462/462/462 454/454/454 452/452/452
f 454/454/454 462/462/462 458/458/458
f 452/452/452 456/456/456 462/462/462
f 463/463/463 456/456/456 457/457/457
f 457/457/457 464/464/464 463/463/463
f 465/465/465 461/461/461 458/458/458
f 465/465/465 458/458/458 462/462/462
f 466/466/466 462/462/462 456/456/456
f 462/462/462 466/466/466 465/465/465
f 456/456/456 463/463/463 466/466/466
f 465/465/465 467/467/467 461/461/461
f 467/467/467 465/465/465 466/466/466
f 468/468/468 461/461/461 467/467/467
f 469/469/469 463/463/463 464/464/464
f 464/464/464 470/470/470 469/469/469
f 471/471/471 466/466/466 463/463/463
f 466/466/466 471/471/471 467/467/467
f 463/463/463 469/469/469 471/471/471
f 467/467/467 472/472/472 468/468/468
f 472/472/472 467/467/467 471/471/471
f 473/473/473 468/468/468 472/472/472
f 474/474/474 469/469/469 470/470/470
f 470/470/470 475/475/475 474/474/474
f 476/476/476 474/474/474 475/475/475
f 477/477/477 471/471/471 469/469/469
f 471/471/471 477/477/477 472/472/472
f 469/469/469 474/474/474 477/477/477
f 472/472/472 478/478/478 473/473/473
f 478/478/478 472/472/472 477/477/477
f 479/479/479 473/473/473 478/478/478
f 479/479/479 478/478/478 480/480/480
f 474/474/474 476/476/476 481/481/481
f 481/481/481 477/477/477 474/474/474
f 477/477/477 481/481/481 478/478/478
f 482/482/482 481/481/481 476/476/476
f 483/483/483 478/478/478 481/481/481
f 481/481/481 482/482/482 483/483/483
f 483/483/483 480/480/480 478/478/478
f 484/484/484 483/483/483 482/482/482
f 483/483/483 484/484/484 480/480/480
f 485/485/485 480/480/480 484/484/484
f 488/488/488 487/487/487 486/486/486
f 489/489/489 486/486/486 487/487/487
f 486/486/486 489/489/489 490/490/490
f 489/489/489 487/487/487 491/491/491
f 492/492/492 491/491/491 487/487/487
f 492/492/492 493/493/493 491/491/491
f 494/494/494 490/490/490 489/489/489
f 489/489/489 491/491/491 494/494/494
f 490/490/490 494/494/494 495/495/495
f 496/496/496 491/491/491 493/493/493
f 493/493/493 497/497/497 496/496/496
f 498/498/498 495/495/495 494/494/494
f 495/495/495 498/498/498 499/499/499
f 500/500/500 499/499/499 498/498/498
f 500/500/500 498/498/498 501/501/501
f 502/502/502 494/494/494 491/491/491
f 494/494/494 502/502/502 498/498/498
f 491/491/491 496/496/496 502/502/502
f 503/503/503 496/496/496 497/497/497
f 497/497/497 504/504/504 503/503/503
f 505/505/505 501/501/501 498/498/498
f 505/505/505 498/498/498 502/502/502
f 506/506/506 502/502/502 496/496/496
f 502/502/502 506/506/506 505/505/505
f 496/496/496 503/503/503 506/506/506
f 505/505/505 507/507/507 501/501/501
f 507/507/507 505/505/505 506/506/506
f 508/508/508 501/501/501 507/507/507
f 509/509/509 506/506/506 503/503/503
f 506/506/506 509/509/509 507/507/507
f 507/507/507 510/510/510 508/508/508
f 510/510/510 507/507/507 509/509/509
f 511/511/511 508/508/508 510/510/510
f 512/512/512 503/503/503 504/504/504
f 503/503/503 512/512/512 509/509/509
f 509/509/509 513/513/513 510/510/510
f 513/513/513 509/509/509 512/512/512
f 510/510/510 514/514/514 511/511/511
f 514/514/514 510/510/510 513/513/513
f 515/515/515 511/511/511 514/514/514
f 515/515/515 514/514/514 516/516/516
f 512/512/512 504/504/504 517/517/517
f 512/512/512 517/517/517 513/513/513
f 518/518/518 517/517/517 504/504/504
f 518/518/518 519/519/519 517/517/517
f 520/520/520 517/517/517 519/519/519
f 521/521/521 513/513/513 517/517/517
f 517/517/517 520/520/520 521/521/521
f 513/513/513 521/521/521 514/514/514
f 522/522/522 521/521/521 520/520/520
f 523/523/523 514/514/514 521/521/521
f 521/521/521 522/522/522 523/523/523
f 523/523/523 516/516/516 514/514/514
f 524/524/524 523/523/523 522/522/522
f 523/523/523 524/524/524 516/516/516
f 525/525/525 516/516/516 524/524/524
f 528/528/528 527/527/527 526/526/526
f 527/527/527 529/529/529 526/526/526
f 529/529/529 530/530/530 526/526/526
f 530/530/530 531/531/531 526/526/526
f 531/531/531 532/532/532 526/526/526
f 535/535/535 534/534/534 533/533/533
f 536/536/536 533/533/533 534/534/534
f 534/534/534 537/537/537 536/536/536
f 533/533/533 536/536/536 538/538/538
f 539/539/539 536/536/536 537/537/537
f 537/537/537 540/540/540 539/539/539
f 541/541/541 538/538/538 536/536/536
f 536/536/536 539/539/539 541/541/541
f 538/538/538 541/541/541 542/542/542
f 543/543/543 539/539/539 540/540/540
f 540/540/540 544/544/544 543/543/543
f 545/545/545 542/542/542 541/541/541
f 542/542/542 545/545/545 546/546/546
f 547/547/547 546/546/546 545/545/545
f 547/547/547 545/545/545 548/548/548
f 549/549/549 541/541/541 539/539/539
f 541/541/541 549/549/549 545/545/545
f 539/539/539 543/543/543 549/549/549
f 550/550/550 543/543/543 544/544/544
f 544/544/544 551/551/551 550/550/550
f 552/552/552 548/548/548 545/545/545
f 552/552/552 545/545/545 549/549/549
f 553/553/553 549/549/549 543/543/543
f 549/549/549 553/553/553 552/552/552
f 543/543/543 550/550/550 553/553/553
f 552/552/552 554/554/554 548/548/548
f 554/554/554 552/552/552 553/553/553
f 555/555/555 548/548/548 554/554/554
f 556/556/556 550/550/550 551/551/551
f 551/551/551 557/557/557 556/556/556
f 558/558/558 553/553/553 550/550/550
f 553/553/553 558/558/558 554/554/554
f 550/550/550 556/556/556 558/558/558
f 554/554/554 559/559/559 555/555/555
f 559/559/559 554/554/554 558/558/558
f 560/560/560 555/555/555 559/559/559
f 561/561/561 556/556/556 557/557/557
f 557/557/557 562/562/562 561/561/561
f 563/563/563 561/561/561 562/562/562
f 564/564/564 558/558/558 556/556/556
f 558/558/558 564/564/564 559/559/559
f 556/556/556 561/561/561 564/564/564
f 559/559/559 565/565/565 560/560/560
f 565/565/565 559/559/559 564/564/564
f 566/566/566 560/560/560 565/565/565
f 566/566/566 565/565/565 567/567/567
f 561/561/561 563/563/563 568/568/568
f 568/568/568 564/564/564 561/561/561
f 564/564/564 568/568/568 565/565/565
f 569/569/569 568/568/568 563/563/563
f 570/570/570 565/565/565 568/568/568
f 568/568/568 569/569/569 570/570/570
f 570/570/570 567/567/567 565/565/565
f 571/571/571 570/570/570 569/569/569
f 570/570/570 571/571/571 567/567/567
f 572/572/572 567/567/567 571/571/571
f 575/575/575 574/574/574 573/573/573
f 576/576/576 573/573/573 574/574/574
f 573/573/573 576/576/576 577/577/577
f 576/576/576 574/574/574 578/578/578
f 579/579/579 578/578/578 574/574/574
f 579/579/579 580/580/580 578/578/578
f 581/581/581 577/577/577 576/576/576
f 576/576/576 578/578/578 581/581/581
f 577/577/577 581/581/581 582/582/582
f 583/583/583 578/578/578 580/580/580
f 580/580/580 584/584/584 583/583/583
f 585/585/585 582/582/582 581/581/581
f 582/582/582 585/585/585 586/586/586
f 587/587/587 586/586/586 585/585/585
f 587/587/587 585/585/585 588/588/588
f 589/589/589 581/581/581 578/578/578
f 581/581/581 589/589/589 585/585/585
f 578/578/578 583/583/583 589/589/589
f 590/590/590 583/583/583 584/584/584
f 584/584/584 591/591/591 590/590/590
f 592/592/592 588/588/588 585/585/585
f 592/592/592 585/585/585 589/589/589
f 593/593/593 589/589/589 583/583/583
f 589/589/589 593/593/593 592/592/592
f 583/583/583 590/590/590 593/593/593
f 592/592/592 594/594/594 588/588/588
f 594/594/594 592/592/592 593/593/593
f 595/595/595 588/588/588 594/594/594
f 596/596/596 593/593/593 590/590/590
f 593/593/593 596/596/596 594/594/594
f 594/594/594 597/597/597 595/595/595
f 597/597/597 594/594/594 596/596/596
f 598/598/598 595/595/595 597/597/597
f 599/599/599 590/590/590 591/591/591
f 590/590/590 599/599/599 596/596/596
f 596/596/596 600/600/600 597/597/597
f 600/600/600 596/596/596 599/599/599
f 597/597/597 601/601/601 598/598/598
f 601/601/601 597/597/597 600/600/600
f 602/602/602 598/598/598 601/601/601
f 602/602/602 601/601/601 603/603/603
f 599/599/599 591/591/591 604/604/604
f 599/599/599 604/604/604 600/600/600
f 605/605/605 604/604/604 591/591/591
f 605/605/605 606/606/606 604/604/604
f 607/607/607 604/604/604 606/606/606
f 608/608/608 600/600/600 604/604/604
f 604/604/604 607/607/607 608/608/608
f 600/600/600 608/608/608 601/601/601
f 609/609/609 608/608/608 607/607/607
f 610/610/610 601/601/601 608/608/608
f 608/608/608 609/609/609 610/610/610
f 610/610/610 603/603/603 601/601/601
f 611/611/611 610/610/610 609/609/609
f 610/610/610 611/611/611 603/603/603
f 612/612/612 603/603/603 611/611/611
f 615/615/615 614/614/614 613/613/613
f 614/614/614 616/616/616 613/613/613
f 616/616/616 617/617/617 613/613/613
f 617/617/617 618/618/618 613/613/613
f 618/618/618 619/619/619 613/613/613
f 622/622/622 621/621/621 620/620/620
f 623/623/623 620/620/620 621/621/621
f 621/621/621 624/624/624 623/623/623
f 620/620/620 623/623/623 625/625/625
f 626/626/626 623/623/623 624/624/624
f 624/624/624 627/627/627 626/626/626
f 628/628/628 625/625/625 623/623/623
f 623/623/623 626/626/626 628/628/628
f 625/625/625 628/628/628 629/629/629
f 630/630/630 626/626/626 627/627/627
f 627/627/627 631/631/631 630/630/630
f 632/632/632 629/629/629 628/628/628
f 629/629/629 632/632/632 633/633/633
f 634/634/634 633/633/633 632/632/632
f 634/634/634 632/632/632 635/635/635
f 636/636/636 628/628/628 626/626/626
f 628/628/628 636/636/636 632/632/632
f 626/626/626 630/630/630 636/636/636
f 637/637/637 630/630/630 631/631/631
f 631/631/631 638/638/638 637/637/637
f 639/639/639 635/635/635 632/632/632
f 639/639/639 632/632/632 636/636/636
f 640/640/640 636/636/636 630/630/630
f 636/636/636 640/640/640 639/639/639
f 630/630/630 637/637/637 640/640/640
f 639/639/639 641/641/641 635/635/635
f 641/641/641 639/639/639 640/640/640
f 642/642/642 635/635/635 641/641/641
f 643/643/643 637/637/637 638/638/638
f 638/638/638 644/644/644 643/643/643
f 645/645/645 640/640/640 637/637/637
f 640/640/640 645/645/645 641/641/641
f 637/637/637 643/643/643 645/645/645
f 641/641/641 646/646/646 642/642/642
f 646/646/646 641/641/641 645/645/645
f 647/647/647 642/642/642 646/646/646
f 648/648/648 643/643/643 644/644/644
f 644/644/644 649/649/649 648/648/648
f 650/650/650 648/648/648 649/649/649
f 651/651/651 645/645/645 643/643/643
f 645/645/645 651/651/651 646/646/646
f 643/643/643 648/648/648 651/651/651
f 646/646/646 652/652/652 647/647/647
f 652/652/652 646/646/646 651/651/651
f 653/653/653 647/647/647 652/652/652
f 653/653/653 652/652/652 654/654/654
f 648/648/648 650/650/650 655/655/655
f 655/655/655 651/651/651 648/648/648
f 651/651/651 655/655/655 652/652/652
f 656/656/656 655/655/655 650/650/650
f 657/657/657 652/652/652 655/655/655
f 655/655/655 656/656/656 657/657/657
f 657/657/657 654/654/654 652/652/652
f 658/658/658 657/657/657 656/656/656
f 657/657/657 658/658/658 654/654/654
f 659/659/659 654/654/654 658/658/658
f 662/662/662 661/661/661 660/660/660
f 663/663/663 660/660/660 661/661/661
f 660/660/660 663/663/663 664/664/664
f 663/663/663 661/661/661 665/665/665
f 666/666/666 665/665/665 661/661/661
f 666/666/666 667/667/667 665/665/665
f 668/668/668 664/664/664 663/663/663
f 663/663/663 665/665/665 668/668/668
f 664/664/664 668/668/668 669/669/669
f 670/670/670 665/665/665 667/667/667
f 667/667/667 671/671/671 670/670/670
f 672/672/672 669/669/669 668/668/668
f 669/669/669 672/672/672 673/673/673
f 674/674/674 673/673/673 672/672/672
f 674/674/674 672/672/672 675/675/675
f 676/676/676 668/668/668 665/665/665
f 668/668/668 676/676/676 672/672/672
f 665/665/665 670/670/670 676/676/676
f 677/677/677 670/670/670 671/671/671
f 671/671/671 678/678/678 677/677/677
f 679/679/679 675/675/675 672/672/672
f 679/679/679 672/672/672 676/676/676
f 680/680/680 676/676/676 670/670/670
f 676/676/676 680/680/680 679/679/679
f 670/670/670 677/677/677 680/680/680
f 679/679/679 681/681/681 675/675/675
f 681/681/681 679/679/679 680/680/680
f 682/682/682 675/675/675 681/681/681
f 683/683/683 680/680/680 677/677/677
f 680/680/680 683/683/683 681/681/681
f 681/681/681 684/684/684 682/682/682
f 684/684/684 681/681/681 683/683/683
f 685/685/685 682/682/682 684/684/684
f 686/686/686 677/677/677 678/678/678
f 677/677/677 686/686/686 683/683/683
f 683/683/683 687/687/687 684/684/684
f 687/687/687 683/683/683 686/686/686
f 684/684/684 688/688/688 685/685/685
f 688/688/688 684/684/684 687/687/687
f 689/689/689 685/685/685 688/688/688
f 689/689/689 688/688/688 690/690/690
f 686/686/686 678/678/678 691/691/691
f 686/686/686 691/691/691 687/687/687
f 692/692/692 691/691/691 678/678/678
f 692/692/692 693/693/693 691/691/691
f 694/694/694 691/691/691 693/693/693
f 695/695/695 687/687/687 691/691/691
f 691/691/691 694/694/694 695/695/695
f 687/687/687 695/695/695 688/688/688
f 696/696/696 695/695/695 694/694/694
f 697/697/697 688/688/688 695/695/695
f 695/695/695 696/696/696 697/697/697
f 697/697/697 690/690/690 688/688/688
f 698/698/698 697/697/697 696/696/696
f 697/697/697 698/698/698 690/690/690
f 699/699/699 690/690/690 698/698/698
f 702/702/702 701/701/701 700/700/700
f 701/701/701 703/703/703 700/700/700
f 703/703/703 704/704/704 700/700/700
f 704/704/704 705/705/705 700/700/700
f 705/705/705 706/706/706 700/700/700
f 709/709/709 708/708/708 707/707/707
f 710/710/710 707/707/707 708/708/708
f 708/708/708 711/711/711 710/710/710
f 707/707/707 710/710/710 712/712/712
f 713/713/713 710/710/710 711/711/711
f 711/711/711 714/714/714 713/713/713
f 715/715/715 712/712/712 710/710/710
f 710/710/710 713/713/713 715/715/715
f 712/712/712 715/715/715 716/716/716
f 717/717/717 713/713/713 714/714/714
f 714/714/714 718/718/718 717/717/717
f 719/719/719 716/716/716 715/715/715
f 716/716/716 719/719/719 720/720/720
f 721/721/721 720/720/720 719/719/719
f 721/721/721 719/719/719 722/722/722
f 723/723/723 715/715/715 713/713/713
f 715/715/715 723/723/723 719/719/719
f 713/713/713 717/717/717 723/723/723
f 724/724/724 717/717/717 718/718/718
f 718/718/718 725/725/725 724/724/724
f 726/726/726 722/722/722 719/719/719
f 726/726/726 719/719/719 723/723/723
f 727/727/727 723/723/723 717/717/717
f 723/723/723 727/727/727 726/726/726
f 717/717/717 724/724/724 727/727/727
f 726/726/726 728/728/728 722/722/722
f 728/728/728 726/726/726 727/727/727
f 729/729/729 722/722/722 728/728/728
f 730/730/730 724/724/724 725/725/725
f 725/725/725 731/731/731 730/730/730
f 732/732/732 727/727/727 724/724/724
f 727/727/727 732/732/732 728/728/728
f 724/724/724 730/730/730 732/732/732
f 728/728/728 733/733/733 729/729/729
f 733/733/733 728/728/728 732/732/732
f 734/734/734 729/729/729 733/733/733
f 735/735/735 730/730/730 731/731/731
f 731/731/731 736/736/736 735/735/735
f 737/737/737 735/735/735 736/736/736
f 738/738/738 732/732/732 730/730/730
f 732/732/732 738/738/738 733/733/733
f 730/730/730 735/735/735 738/738/738
f 733/733/733 739/739/739 734/734/734
f 739/739/739 733/733/733 738/738/738
f 740/740/740 734/734/734 739/739/739
f 740/740/740 739/739/739 741/741/741
f 735/735/735 737/737/737 742/742/742
f 742/742/742 738/738/738 735/735/735
f 738/738/738 742/742/742 739/739/739
f 743/743/743 742/742/742 737/737/737
f 744/744/744 739/739/739 742/742/742
f 742/742/742 743/743/743 744/744/744
f 744/744/744 741/741/741 739/739/739
f 745/745/745 744/744/744 743/743/743
f 744/744/744 745/745/745 741/741/741
f 746/746/746 741/741/741 745/745/745
f 749/749/749 748/748/748 747/747/747
f 750/750/750 747/747/747 748/748/748
f 747/747/747 750/750/750 751/751/751
f 750/750/750 748/748/748 752/752/752
f 753/753/753 752/752/752 748/748/748
f 753/753/753 754/754/754 752/752/752
f 755/755/755 751/751/751 750/750/750
f 750/750/750 752/752/752 755/755/755
f 751/751/751 755/755/755 756/756/756
f 757/757/757 752/752/752 754/754/754
f 754/754/754 758/758/758 757/757/757
f 759/759/759 756/756/756 755/755/755
f 756/756/756 759/759/759 760/760/760
f 761/761/761 760/760/760 759/759/759
f 761/761/761 759/759/759 762/762/762
f 763/763/763 755/755/755 752/752/752
f 755/755/755 763/763/763 759/759/759
f 752/752/752 757/757/757 763/763/763
f 764/764/764 757/757/757 758/758/758
f 758/758/758 765/765/765 764/764/764
f 766/766/766 762/762/762 759/759/759
f 766/766/766 759/759/759 763/763/763
f 767/767/767 763/763/763 757/757/757
f 763/763/763 767/767/767 766/766/766
f 757/757/757 764/764/764 767/767/767
f 766/766/766 768/768/768 762/762/762
f 768/768/768 766/766/766 767/767/767
f 769/769/769 762/762/762 768/768/768
f 770/770/770 767/767/767 764/764/764
f 767/767/767 770/770/770 768/768/768
f 768/768/768 771/771/771 769/769/769
f 771/771/771 768/768/768 770/770/770
f 772/772/772 769/769/769 771/771/771
f 773/773/773 764/764/764 765/765/765
f 764/764/764 773/773/773 770/770/770
f 770/770/770 774/774/774 771/771/771
f 774/774/774 770/770/770 773/773/773
f 771/771/771 775/775/775 772/772/772
f 775/775/775 771/771/771 774/774/774
f 776/776/776 772/772/772 775/775/775
f 776/776/776 775/775/775 777/777/777
f 773/773/773 765/765/765 778/778/778
f 773/773/773 778/778/778 774/774/774
f 779/779/779 778/778/778 765/765/765
f 779/779/779 780/780/780 778/778/778
f 781/781/781 778/778/778 780/780/780
f 782/782/782 774/774/774 778/778/778
f 778/778/778 781/781/781 782/782/782
f 774/774/774 782/782/782 775/775/775
f 783/783/783 782/782/782 781/781/781
f 784/784/784 775/775/775 782/782/782
f 782/782/782 783/783/783 784/784/784
f 784/784/784 777/777/777 775/775/775
f 785/785/785 784/784/784 783/783/783
f 784/784/784 785/785/785 777/777/777
f 786/786/786 777/777/777 785/785/785
f 789/789/789 788/788/788 787/787/787
f 788/788/788 790/790/790 787/787/787
f 790/790/790 791/791/791 787/787/787
f 791/791/791 792/792/792 787/787/787
f 792/792/792 793/793/793 787/787/787
f 796/796/796 795/795/795 794/794/794
f 797/797/797 794/794/794 795/795/795
f 795/795/795 798/798/798 797/797/797
f 794/794/794 797/797/797 799/799/799
f 800/800/800 797/797/797 798/798/798
f 798/798/798 801/801/801 800/800/800
f 802/802/802 799/799/799 797/797/797
f 797/797/797 800/800/800 802/802/802
f 799/799/799 802/802/802 803/803/803
f 804/804/804 800/800/800 801/801/801
f 801/801/801 805/805/805 804/804/804
f 806/806/806 803/803/803 802/802/802
f 803/803/803 806/806/806 807/807/807
f 808/808/808 807/807/807 806/806/806
f 808/808/808 806/806/806 809/809/809
f 810/810/810 802/802/802 800/800/800
f 802/802/802 810/810/810 806/806/806
f 800/800/800 804/804/804 810/810/810
f 811/811/811 804/804/804 805/805/805
f 805/805/805 812/812/812 811/811/811
f 813/813/813 809/809/809 806/806/806
f 813/813/813 806/806/806 810/810/810
f 814/814/814 810/810/810 804/804/804
f 810/810/810 814/814/814 813/813/813
f 804/804/804 811/811/811 814/814/814
f 813/813/813 815/815/815 809/809/809
f 815/815/815 813/813/813 814/814/814
f 816/816/816 809/809/809 815/815/815
f 817/817/817 811/811/811 812/812/812
f 812/812/812 818/818/818 817/817/817
f 819/819/819 814/814/814 811/811/811
f 814/814/814 819/819/819 815/815/815
f 811/811/811 817/817/817 819/819/819
f 815/815/815 820/820/820 816/816/816
f 820/820/820 815/815/815 819/819/819
f 821/821/821 816/816/816 820/820/820
f 822/822/822 817/817/817 818/818/818
f 818/818/818 823/823/823 822/822/822
f 824/824/824 822/822/822 823/823/823
f 825/825/825 819/819/819 817/817/817
f 819/819/819 825/825/825 820/820/820
f 817/817/817 822/822/822 825/825/825
f 820/820/820 826/826/826 821/821/821
f 826/826/826 820/820/820 825/825/825
f 827/827/827 821/821/821 826/826/826
f 827/827/827 826/826/826 828/828/828
f 822/822/822 824/824/824 829/829/829
f 829/829/829 825/825/825 822/822/822
f 825/825/825 829/829/829 826/826/826
f 830/830/830 829/829/829 824/824/824
f 831/831/831 826/826/826 829/829/829
f 829/829/829 830/830/830 831/831/831
f 831/831/831 828/828/828 826/826/826
f 832/832/832 831/831/831 830/830/830
f 831/831/831 832/832/832 828/828/828
f 833/833/833 828/828/828 832/832/832
f 836/836/836 835/835/835 834/834/834
f 837/837/837 834/834/834 835/835/835
f 834/834/834 837/837/837 838/838/838
f 837/837/837 835/835/835 839/839/839
f 840/840/840 839/839/839 835/835/835
f 840/840/840 841/841/841 839/839/839
f 842/842/842 838/838/838 837/837/837
f 837/837/837 839/839/839 842/842/842
f 838/838/838 842/842/842 843/843/843
f 844/844/844 839/839/839 841/841/841
f 841/841/841 845/845/845 844/844/844
f 846/846/846 843/843/843 842/842/842
f 843/843/843 846/846/846 847/847/847
f 848/848/848 847/847/847 846/846/846
f 848/848/848 846/846/846 849/849/849
f 850/850/850 842/842/842 839/839/839
f 842/842/842 850/850/850 846/846/846
f 839/839/839 844/844/844 850/850/850
f 851/851/851 844/844/844 845/845/845
f 845/845/845 852/852/852 851/851/851
f 853/853/853 849/849/849 846/846/846
f 853/853/853 846/846/846 850/850/850
f 854/854/854 850/850/850 844/844/844
f 850/850/850 854/854/854 853/853/853
f 844/844/844 851/851/851 854/854/854
f 853/853/853 855/855/855 849/849/849
f 855/855/855 853/853/853 854/854/854
f 856/856/856 849/849/849 855/855/855
f 857/857/857 854/854/854 851/851/851
f 854/854/854 857/857/857 855/855/855
f 855/855/855 858/858/858 856/856/856
f 858/858/858 855/855/855 857/857/857
f 859/859/859 856/856/856 858/858/858
f 860/860/860 851/851/851 852/852/852
f 851/851/851 860/860/860 857/857/857
f 857/857/857 861/861/861 858/858/858
f 861/861/861 857/857/857 860/860/860
f 858/858/858 862/862/862 859/859/859
f 862/862/862 858/858/858 861/861/861
f 863/863/863 859/859/859 862/862/862
f 863/863/863 862/862/862 864/864/864
f 860/860/860 852/852/852 865/865/865
f 860/860/860 865/865/865 861/861/861
f 866/866/866 865/865/865 852/852/852
f 866/866/866 867/867/867 865/865/865
f 868/868/868 865/865/865 867/867/867
f 869/869/869 861/861/861 865/865/865
f 865/865/865 868/868/868 869/869/869
f 861/861/861 869/869/869 862/862/862
f 870/870/870 869/869/869 868/868/868
f 871/871/871 862/862/862 869/869/869
f 869/869/869 870/870/870 871/871/871
f 871/871/871 864/864/864 862/862/862
f 872/872/872 871/871/871 870/870/870
f 871/871/871 872/872/872 864/864/864
f 873/873/873 864/864/864 872/872/872
f 876/876/876 875/875/875 874/874/874
f 875/875/875 877/877/877 874/874/874
f 877/877/877 878/878/878 874/874/874
f 878/878/878 879/879/879 874/874/874
f 879/879/879 880/880/880 874/874/874
f 883/883/883 882/882/882 881/881/881
f 884/884/884 881/881/881 882/882/882
f 882/882/882 885/885/885 884/884/884
f 881/881/881 884/884/884 886/886/886
f 887/887/887 884/884/884 885/885/885
f 885/885/885 888/888/888 887/887/887
f 889/889/889 886/886/886 884/884/884
f 884/884/884 887/887/887 889/889/889
f 886/886/886 889/889/889 890/890/890
f 891/891/891 887/887/887 888/888/888
f 888/888/888 892/892/892 891/891/891
f 893/893/893 890/890/890 889/889/889
f 890/890/890 893/893/893 894/894/894
f 895/895/895 894/894/894 893/893/893
f 895/895/895 893/893/893 896/896/896
f 897/897/897 889/889/889 887/887/887
f 889/889/889 897/897/897 893/893/893
f 887/887/887 891/891/891 897/897/897
f 898/898/898 891/891/891 892/892/892
f 892/892/892 899/899/899 898/898/898
f 900/900/900 896/896/896 893/893/893
f 900/900/900 893/893/893 897/897/897
f 901/901/901 897/897/897 891/891/891
f 897/897/897 901/901/901 900/900/900
f 891/891/891 898/898/898 901/901/901
f 900/900/900 902/902/902 896/896/896
f 902/902/902 900/900/900 901/901/901
f 903/903/903 896/896/896 902/902/902
f 904/904/904 898/898/898 899/899/899
f 899/899/899 905/905/905 904/904/904
f 906/906/906 901/901/901 898/898/898
f 901/901/901 906/906/906 902/902/902
f 898/898/898 904/904/904 906/906/906
f 902/902/902 907/907/907 903/903/903
f 907/907/907 902/902/902 906/906/906
f 908/908/908 903/903/903 907/907/907
f 909/909/909 904/904/904 905/905/905
f 905/905/905 910/910/910 909/909/909
f 911/911/911 909/909/909 910/910/910
f 912/912/912 906/906/906 904/904/904
f 906/906/906 912/912/912 907/907/907
f 904/904/904 909/909/909 912/912/912
f 907/907/907 913/913/913 908/908/908
f 913/913/913 907/907/907 912/912/912
f 914/914/914 908/908/908 913/913/913
f 914/914/914 913/913/913 915/915/915
f 909/909/909 911/911/911 916/916/916
f 916/916/916 912/912/912 909/909/909
f 912/912/912 916/916/916 913/913/913
f 917/917/917 916/916/916 911/911/911
f 918/918/918 913/913/913 916/916/916
f 916/916/916 917/917/917 918/918/918
f 918/918/918 915/915/915 913/913/913
f 919/919/919 918/918/918 917/917/917
f 918/918/918 919/919/919 915/915/915
f 920/920/920 915/915/915 919/919/919
f 923/923/923 922/922/922 921/921/921
f 924/924/924 921/921/921 922/922/922
f 921/921/921 924/924/924 925/925/925
f 924/924/924 922/922/922 926/926/926
f 927/927/927 926/926/926 922/922/922
f 927/927/927 928/928/928 926/926/926
f 929/929/929 925/925/925 924/924/924
f 924/924/924 926/926/926 929/929/929
f 925/925/925 929/929/929 930/930/930
f 931/931/931 926/926/926 928/928/928
f 928/928/928 932/932/932 931/931/931
f 933/933/933 930/930/930 929/929/929
f 930/930/930 933/933/933 934/934/934
f 935/935/935 934/934/934 933/933/933
f 935/935/935 933/933/933 936/936/936
f 937/937/937 929/929/929 926/926/926
f 929/929/929 937/937/937 933/933/933
f 926/926/926 931/931/931 937/937/937
f 938/938/938 931/931/931 932/932/932
f 932/932/932 939/939/939 938/938/938
f 940/940/940 936/936/936 933/933/933
f 940/940/940 933/933/933 937/937/937
f 941/941/941 937/937/937 931/931/931
f 937/937/937 941/941/941 940/940/940
f 931/931/931 938/938/938 941/941/941
f 940/940/940 942/942/942 936/936/936
f 942/942/942 940/940/940 941/941/941
f 943/943/943 936/936/936 942/942/942
f 944/944/944 941/941/941 938/938/938
f 941/941/941 944/944/944 942/942/942
f 942/942/942 945/945/945 943/943/943
f 945/945/945 942/942/942 944/944/944
f 946/946/946 943/943/943 945/945/945
f 947/947/947 938/938/938 939/939/939
f 938/938/938 947/947/947 944/944/944
f 944/944/944 948/948/948 945/945/945
f 948/948/948 944/944/944 947/947/947
f 945/945/945 949/949/949 946/946/946
f 949/949/949 945/945/945 948/948/948
f 950/950/950 946/946/946 949/949/949
f 950/950/950 949/949/949 951/951/951
f 947/947/947 939/939/939 952/952/952
f 947/947/947 952/952/952 948/948/948
f 953/953/953 952/952/952 939/939/939
f 953/953/953 954/954/954 952/952/952
f 955/955/955 952/952/952 954/954/954
f 956/956/956 948/948/948 952/952/952
f 952/952/952 955/955/955 956/956/956
f 948/948/948 956/956/956 949/949/949
f 957/957/957 956/956/956 955/955/955
f 958/958/958 949/949/949 956/956/956
f 956/956/956 957/957/957 958/958/958
f 958/958/958 951/951/951 949/949/949
f 959/959/959 958/958/958 957/957/957
f 958/958/958 959/959/959 951/951/951
f 960/960/960 951/951/951 959/959/959
f 963/963/963 962/962/962 961/961/961
f 962/962/962 964/964/964 961/961/961
f 964/964/964 965/965/965 961/961/961
f 965/965/965 966/966/966 961/961/961
f 966/966/966 967/967/967 961/961/961
f 970/970/970 969/969/969 968/968/968
f 971/971/971 968/968/968 969/969/969
f 969/969/969 972/972/972 971/971/971
f 968/968/968 971/971/971 973/973/973
f 974/974/974 971/971/971 972/972/972
f 972/972/972 975/975/975 974/974/974
f 976/976/976 973/973/973 971/971/971
f 971/971/971 974/974/974 976/976/976
f 973/973/973 976/976/976 977/977/977
f 978/978/978 974/974/974 975/975/975
f 975/975/975 979/979/979 978/978/978
f 980/980/980 977/977/977 976/976/976
f 977/977/977 980/980/980 981/981/981
f 982/982/982 981/981/981 980/980/980
f 982/982/982 980/980/980 983/983/983
f 984/984/984 976/976/976 974/974/974
f 976/976/976 984/984/984 980/980/980
f 974/974/974 978/978/978 984/984/984
f 985/985/985 978/978/978 979/979/979
f 979/979/979 986/986/986 985/985/985
f 987/987/987 983/983/983 980/980/980
f 987/987/987 980/980/980 984/984/984
f 988/988/988 984/984/984 978/978/978
f 984/984/984 988/988/988 987/987/987
f 978/978/978 985/985/985 988/988/988
f 987/987/987 989/989/989 983/983/983
f 989/989/989 987/987/987 988/988/988
f 990/990/990 983/983/983 989/989/989
f 991/991/991 985/985/985 986/986/986
f 986/986/986 992/992/992 991/991/991
f 993/993/993 988/988/988 985/985/985
f 988/988/988 993/993/993 989/989/989
f 985/985/985 991/991/991 993/993/993
f 989/989/989 994/994/994 990/990/990
f 994/994/994 989/989/989 993/993/993
f 995/995/995 990/990/990 994/994/994
f 996/996/996 991/991/991 992/992/992
f 992/992/992 997/997/997 996/996/996
f 998/998/998 996/996/996 997/997/997
f 999/999/999 993/993/993 991/991/991
f 993/993/993 999/999/999 994/994/994
f 991/991/991 996/996/996 999/999/999
f 994/994/994 1000/1000/1000 995/995/995
f 1000/1000/1000 994/994/994 999/999/999
f 1001/1001/1001 995/995/995 1000/1000/1000
f 1001/1001/1001 1000/1000/1000 1002/1002/1002
f 996/996/996 998/998/998 1003/1003/1003
f 1003/1003/1003 999/999/999 996/996/996
f 999/999/999 1003/1003/1003 1000/1000/1000
f 1004/1004/1004 1003/1003/1003 998/998/998
f 1005/1005/1005 1000/1000/1000 1003/1003/1003
f 1003/1003/1003 1004/1004/1004 1005/1005/1005
f 1005/1005/1005 1002/1002/1002 1000/1000/1000
f 1006/1006/1006 1005/1005/1005 1004/1004/1004
f 1005/1005/1005 1006/1006/1006 1002/1002/1002
f 1007/1007/1007 1002/1002/1002 1006/1006/1006
f 1010/1010/1010 1009/1009/1009 1008/1008/1008
f 1011/1011/1011 1008/1008/1008 1009/1009/1009
f 1008/1008/1008 1011/1011/1011 1012/1012/1012
f 1011/1011/1011 1009/1009/1009 1013/1013/1013
f 1014/1014/1014 1013/1013/1013 1009/1009/1009
f 1014/1014/1014 1015/1015/1015 1013/1013/1013
f 1016/1016/1016 1012/1012/1012 1011/1011/1011
f 1011/1011/1011 1013/1013/1013 1016/1016/1016
f 1012/1012/1012 1016/1016/1016 1017/1017/1017
f 1018/1018/1018 1013/1013/1013 1015/1015/1015
f 1015/1015/1015 1019/1019/1019 1018/1018/1018
f 1020/1020/1020 1017/1017/1017 1016/1016/1016
f 1017/1017/1017 1020/1020/1020 1021/1021/1021
f 1022/1022/1022 1021/1021/1021 1020/1020/1020
f 1022/1022/1022 1020/1020/1020 1023/1023/1023
f 1024/1024/1024 1016/1016/1016 1013/1013/1013
f 1016/1016/1016 1024/1024/1024 1020/1020/1020
f 1013/1013/1013 1018/1018/1018 1024/1024/1024
f 1025/1025/1025 1018/1018/1018 1019/1019/1019
f 1019/1019/1019 1026/1026/1026 1025/1025/1025
f 1027/1027/1027 1023/1023/1023 1020/1020/1020
f 1027/1027/1027 1020/1020/1020 1024/1024/1024
f 1028/1028/1028 1024/1024/1024 1018/1018/1018
f 1024/1024/1024 1028/1028/1028 1027/1027/1027
f 1018/1018/1018 1025/1025/1025 1028/1028/1028
f 1027/1027/1027 1029/1029/1029 1023/1023/1023
f 1029/1029/1029 1027/1027/1027 1028/1028/1028
f 1030/1030/1030 1023/1023/1023 1029/1029/1029
f 1031/1031/1031 1028/1028/1028 1025/1025/1025
f 1028/1028/1028 1031/1031/1031 1029/1029/1029
f 1029/1029/1029 1032/1032/1032 1030/1030/1030
f 1032/1032/1032 1029/1029/1029 1031/1031/1031
f 1033/1033/1033 1030/1030/1030 1032/1032/1032
f 1034/1034/1034 1025/1025/1025 1026/1026/1026
f 1025/1025/1025 1034/1034/1034 1031/1031/1031
f 1031/1031/1031 1035/1035/1035 1032/1032/1032
f 1035/1035/1035 1031/1031/1031 1034/1034/1034
f 1032/1032/1032 1036/1036/1036 1033/1033/1033
f 1036/1036/1036 1032/1032/1032 1035/1035/1035
f 1037/1037/1037 1033/1033/1033 1036/1036/1036
f 1037/1037/1037 1036/1036/1036 1038/1038/1038
f 1034/1034/1034 1026/1026/1026 1039/1039/1039
f 1034/1034/1034 1039/1039/1039 1035/1035/1035
f 1040/1040/1040 1039/1039/1039 1026/1026/1026
f 1040/1040/1040 1041/1041/1041 1039/1039/1039
f 1042/1042/1042 1039/1039/1039 1041/1041/1041
f 1043/1043/1043 1035/1035/1035 1039/1039/1039
f 1039/1039/1039 1042/1042/1042 1043/1043/1043
f 1035/1035/1035 1043/1043/1043 1036/1036/1036
f 1044/1044/1044 1043/1043/1043 1042/1042/1042
f 1045/1045/1045 1036/1036/1036 1043/1043/1043
f 1043/1043/1043 1044/1044/1044 1045/1045/1045
f 1045/1045/1045 1038/1038/1038 1036/1036/1036
f 1046/1046/1046 1045/1045/1045 1044/1044/1044
f 1045/1045/1045 1046/1046/1046 1038/1038/1038
f 1047/1047/1047 1038/1038/1038 1046/1046/1046
f 1050/1050/1050 1049/1049/1049 1048/1048/1048
f 1049/1049/1049 1051/1051/1051 1048/1048/1048
f 1051/1051/1051 1052/1052/1052 1048/1048/1048
f 1052/1052/1052 1053/1053/1053 1048/1048/1048
f 1053/1053/1053 1054/1054/1054 1048/1048/1048
f 1057/1057/1057 1056/1056/1056 1055/1055/1055
f 1058/1058/1058 1055/1055/1055 1056/1056/1056
f 1056/1056/1056 1059/1059/1059 1058/1058/1058
f 1055/1055/1055 1058/1058/1058 1060/1060/1060
f 1061/1061/1061 1058/1058/1058 1059/1059/1059
f 1059/1059/1059 1062/1062/1062 1061/1061/1061
f 1063/1063/1063 1060/1060/1060 1058/1058/1058
f 1058/1058/1058 1061/1061/1061 1063/1063/1063
f 1060/1060/1060 1063/1063/1063 1064/1064/1064
f 1065/1065/1065 1061/1061/1061 1062/1062/1062
f 1062/1062/1062 1066/1066/1066 1065/1065/1065
f 1067/1067/1067 1064/1064/1064 1063/1063/1063
f 1064/1064/1064 1067/1067/1067 1068/1068/1068
f 1069/1069/1069 1068/1068/1068 1067/1067/1067
f 1069/1069/1069 1067/1067/1067 1070/1070/1070
f 1071/1071/1071 1063/1063/1063 1061/1061/1061
f 1063/1063/1063 1071/1071/1071 1067/1067/1067
f 1061/1061/1061 1065/1065/1065 1071/1071/1071
f 1072/1072/1072 1065/1065/1065 1066/1066/1066
f 1066/1066/1066 1073/1073/1073 1072/1072/1072
f 1074/1074/1074 1070/1070/1070 1067/1067/1067
f 1074/1074/1074 1067/1067/1067 1071/1071/1071
f 1075/1075/1075 1071/1071/1071 1065/1065/1065
f 1071/1071/1071 1075/1075/1075 1074/1074/1074
f 1065/1065/1065 1072/1072/1072 1075/1075/1075
f 1074/1074/1074 1076/1076/1076 1070/1070/1070
f 1076/1076/1076 1074/1074/1074 1075/1075/1075
f 1077/1077/1077 1070/1070/1070 1076/1076/1076
f 1078/1078/1078 1072/1072/1072 1073/1073/1073
f 1073/1073/1073 1079/1079/1079 1078/1078/1078
f 1080/1080/1080 1075/1075/1075 1072/1072/1072
f 1075/1075/1075 1080/1080/1080 1076/1076/1076
f 1072/1072/1072 1078/1078/1078 1080/1080/1080
f 1076/1076/1076 1081/1081/1081 1077/1077/1077
f 1081/1081/1081 1076/1076/1076 1080/1080/1080
f 1082/1082/1082 1077/1077/1077 1081/1081/1081
f 1083/1083/1083 1078/1078/1078 1079/1079/1079
f 1079/1079/1079 1084/1084/1084 1083/1083/1083
f 1085/1085/1085 1083/1083/1083 1084/1084/1084
f 1086/1086/1086 1080/1080/1080 1078/1078/1078
f 1080/1080/1080 1086/1086/1086 1081/1081/1081
f 1078/1078/1078 1083/1083/1083 1086/1086/1086
f 1081/1081/1081 1087/1087/1087 1082/1082/1082
f 1087/1087/1087 1081/1081/1081 1086/1086/1086
f 1088/1088/1088 1082/1082/1082 1087/1087/1087
f 1088/1088/1088 1087/1087/1087 1089/1089/1089
f 1083/1083/1083 1085/1085/1085 1090/1090/1090
f 1090/1090/1090 1086/1086/1086 1083/1083/1083
f 1086/1086/1086 1090/1090/1090 1087/1087/1087
f 1091/1091/1091 1090/1090/1090 1085/1085/1085
f 1092/1092/1092 1087/1087/1087 1090/1090/1090
f 1090/1090/1090 1091/1091/1091 1092/1092/1092
f 1092/1092/1092 1089/1089/1089 1087/1087/1087
f 1093/1093/1093 1092/1092/1092 1091/1091/1091
f 1092/1092/1092 1093/1093/1093 1089/1089/1089
f 1094/1094/1094 1089/1089/1089 1093/1093/1093
f 1097/1097/1097 1096/1096/1096 1095/1095/1095
f 1098/1098/1098 1095/1095/1095 1096/1096/1096
f 1095/1095/1095 1098/1098/1098 1099/1099/1099
f 1098/1098/1098 1096/1096/1096 1100/1100/1100
f 1101/1101/1101 1100/1100/1100 1096/1096/1096
f 1101/1101/1101 1102/1102/1102 1100/1100/1100
f 1103/1103/1103 1099/1099/1099 1098/1098/1098
f 1098/1098/1098 1100/1100/1100 1103/1103/1103
f 1099/1099/1099 1103/1103/1103 1104/1104/1104
f 1105/1105/1105 1100/1100/1100 1102/1102/1102
f 1102/1102/1102 1106/1106/1106 1105/1105/1105
f 1107/1107/1107 1104/1104/1104 1103/1103/1103
f 1104/1104/1104 1107/1107/1107 1108/1108/1108
f 1109/1109/1109 1108/1108/1108 1107/1107/1107
f 1109/1109/1109 1107/1107/1107 1110/1110/1110
f 1111/1111/1111 1103/1103/1103 1100/1100/1100
f 1103/1103/1103 1111/1111/1111 1107/1107/1107
f 1100/1100/1100 1105/1105/1105 1111/1111/1111
f 1112/1112/1112 1105/1105/1105 1106/1106/1106
f 1106/1106/1106 1113/1113/1113 1112/1112/1112
f 1114/1114/1114 1110/1110/1110 1107/1107/1107
f 1114/1114/1114 1107/1107/1107 1111/1111/1111
f 1115/1115/1115 1111/1111/1111 1105/1105/1105
f 1111/1111/1111 1115/1115/1115 1114/1114/1114
f 1105/1105/1105 1112/1112/1112 1115/1115/1115
f 1114/1114/1114 1116/1116/1116 1110/1110/1110
f 1116/1116/1116 1114/1114/1114 1115/1115/1115
f 1117/1117/1117 1110/1110/1110 1116/1116/1116
f 1118/1118/1118 1115/1115/1115 1112/1112/1112
f 1115/1115/1115 1118/1118/1118 1116/1116/1116
f 1116/1116/1116 1119/1119/1119 1117/1117/1117
f 1119/1119/1119 1116/1116/1116 1118/1118/1118
f 1120/1120/1120 1117/1117/1117 1119/1119/1119
f 1121/1121/1121 1112/1112/1112 1113/1113/1113
f 1112/1112/1112 1121/1121/1121 1118/1118/1118
f 1118/1118/1118 1122/1122/1122 1119/1119/1119
f 1122/1122/1122 1118/1118/1118 1121/1121/1121
f 1119/1119/1119 1123/1123/1123 1120/1120/1120
f 1123/1123/1123 1119/1119/1119 1122/1122/1122
f 1124/1124/1124 1120/1120/1120 1123/1123/1123
f 1124/1124/1124 1123/1123/1123 1125/1125/1125
f 1121/1121/1121 1113/1113/1113 1126/1126/1126
f 1121/1121/1121 1126/1126/1126 1122/1122/1122
f 1127/1127/1127 1126/1126/1126 1113/1113/1113
f 1127/1127/1127 1128/1128/1128 1126/1126/1126
f 1129/1129/1129 1126/1126/1126 1128/1128/1128
f 1130/1130/1130 1122/1122/1122 1126/1126/1126
f 1126/1126/1126 1129/1129/1129 1130/1130/1130
f 1122/1122/1122 1130/1130/1130 1123/1123/1123
f 1131/1131/1131 1130/1130/1130 1129/1129/1129
f 1132/1132/1132 1123/1123/1123 1130/1130/1130
f 1130/1130/1130 1131/1131/1131 1132/1132/1132
f 1132/1132/1132 1125/1125/1125 1123/1123/1123
f 1133/1133/1133 1132/1132/1132 1131/1131/1131
f 1132/1132/1132 1133/1133/1133 1125/1125/1125
f 1134/1134/1134 1125/1125/1125 1133/1133/1133
f 1137/1137/1137 1136/1136/1136 1135/1135/1135
f 1136/1136/1136 1138/1138/1138 1135/1135/1135
f 1138/1138/1138 1139/1139/1139 1135/1135/1135
f 1139/1139/1139 1140/1140/1140 1135/1135/1135
f 1140/1140/1140 1141/1141/1141 1135/1135/1135
f 1144/1144/1144 1143/1143/1143 1142/1142/1142
f 1145/1145/1145 1142/1142/1142 1143/1143/1143
f 1143/1143/1143 1146/1146/1146 1145/1145/1145
f 1142/1142/1142 1145/1145/1145 1147/1147/1147
f 1148/1148/1148 1145/1145/1145 1146/1146/1146
f 1146/1146/1146 1149/1149/1149 1148/1148/1148
f 1150/1150/1150 1147/1147/1147 1145/1145/1145
f 1145/1145/1145 1148/1148/1148 1150/1150/1150
f 1147/1147/1147 1150/1150/1150 1151/1151/1151
f 1152/1152/1152 1148/1148/1148 1149/1149/1149
f 1149/1149/1149 1153/1153/1153 1152/1152/1152
f 1154/1154/1154 1151/1151/1151 1150/1150/1150
f 1151/1151/1151 1154/1154/1154 1155/1155/1155
f 1156/1156/1156 1155/1155/1155 1154/1154/1154
f 1156/1156/1156 1154/1154/1154 1157/1157/1157
f 1158/1158/1158 1150/1150/1150 1148/1148/1148
f 1150/1150/1150 1158/1158/1158 1154/1154/1154
f 1148/1148/1148 1152/1152/1152 1158/1158/1158
f 1159/1159/1159 1152/1152/1152 1153/1153/1153
f 1153/1153/1153 1160/1160/1160 1159/1159/1159
f 1161/1161/1161 1157/1157/1157 1154/1154/1154
f 1161/1161/1161 1154/1154/1154 1158/1158/1158
f 1162/1162/1162 1158/1158/1158 1152/1152/1152
f 1158/1158/1158 1162/1162/1162 1161/1161/1161
f 1152/1152/1152 1159/1159/1159 1162/1162/1162
f 1161/1161/1161 1163/1163/1163 1157/1157/1157
f 1163/1163/1163 1161/1161/1161 1162/1162/1162
f 1164/1164/1164 1157/1157/1157 1163/1163/1163
f 1165/1165/1165 1159/1159/1159 1160/1160/1160
f 1160/1160/1160 1166/1166/1166 1165/1165/1165
f 1167/1167/1167 1162/1162/1162 1159/1159/1159
f 1162/1162/1162 1167/1167/1167 1163/1163/1163
f 1159/1159/1159 1165/1165/1165 1167/1167/1167
f 1163/1163/1163 1168/1168/1168 1164/1164/1164
f 1168/1168/1168 1163/1163/1163 1167/1167/1167
f 1169/1169/1169 1164/1164/1164 1168/1168/1168
f 1170/1170/1170 1165/1165/1165 1166/1166/1166
f 1166/1166/1166 1171/1171/1171 1170/1170/1170
f 1172/1172/1172 1170/1170/1170 1171/1171/1171
f 1173/1173/1173 1167/1167/1167 1165/1165/1165
f 1167/1167/1167 1173/1173/1173 1168/1168/1168
f 1165/1165/1165 1170/1170/1170 1173/1173/1173
f 1168/1168/1168 1174/1174/1174 1169/1169/1169
f 1174/1174/1174 1168/1168/1168 1173/1173/1173
f 1175/1175/1175 1169/1169/1169 1174/1174/1174
f 1175/1175/1175 1174/1174/1174 1176/1176/1176
f 1170/1170/1170 1172/1172/1172 1177/1177/1177
f 1177/1177/1177 1173/1173/1173 1170/1170/1170
f 1173/1173/1173 1177/1177/1177 1174/1174/1174
f 1178/1178/1178 1177/1177/1177 1172/1172/1172
f 1179/1179/1179 1174/1174/1174 1177/1177/1177
f 1177/1177/1177 1178/1178/1178 1179/1179/1179
f 1179/1179/1179 1176/1176/1176 1174/1174/1174
f 1180/1180/1180 1179/1179/1179 1178/1178/1178
f 1179/1179/1179 1180/1180/1180 1176/1176/1176
f 1181/1181/1181 1176/1176/1176 1180/1180/1180
f 1184/1184/1184 1183/1183/1183 1182/1182/1182
f 1185/1185/1185 1182/1182/1182 1183/1183/1183
f 1182/1182/1182 1185/1185/1185 1186/1186/1186
f 1185/1185/1185 1183/1183/1183 1187/1187/1187
f 1188/1188/1188 1187/1187/1187 1183/1183/1183
f 1188/1188/1188 1189/1189/1189 1187/1187/1187
f 1190/1190/1190 1186/1186/1186 1185/1185/1185
f 1185/1185/1185 1187/1187/1187 1190/1190/1190
f 1186/1186/1186 1190/1190/1190 1191/1191/1191
f 1192/1192/1192 1187/1187/1187 1189/1189/1189
f 1189/1189/1189 1193/1193/1193 1192/1192/1192
f 1194/1194/1194 1191/1191/1191 1190/1190/1190
f 1191/1191/1191 1194/1194/1194 1195/1195/1195
f 1196/1196/1196 1195/1195/1195 1194/1194/1194
f 1196/1196/1196 1194/1194/1194 1197/1197/1197
f 1198/1198/1198 1190/1190/1190 1187/1187/1187
f 1190/1190/1190 1198/1198/1198 1194/1194/1194
f 1187/1187/1187 1192/1192/1192 1198/1198/1198
f 1199/1199/1199 1192/1192/1192 1193/1193/1193
f 1193/1193/1193 1200/1200/1200 1199/1199/1199
f 1201/1201/1201 1197/1197/1197 1194/1194/1194
f 1201/1201/1201 1194/1194/1194 1198/1198/1198
f 1202/1202/1202 1198/1198/1198 1192/1192/1192
f 1198/1198/1198 1202/1202/1202 1201/1201/1201
f 1192/1192/1192 1199/1199/1199 1202/1202/1202
f 1201/1201/1201 1203/1203/1203 1197/1197/1197
f 1203/1203/1203 1201/1201/1201 1202/1202/1202
f 1204/1204/1204 1197/1197/1197 1203/1203/1203
f 1205/1205/1205 1202/1202/1202 1199/1199/1199
f 1202/1202/1202 1205/1205/1205 1203/1203/1203
f 1203/1203/1203 1206/1206/1206 1204/1204/1204
f 1206/1206/1206 1203/1203/1203 1205/1205/1205
f 1207/1207/1207 1204/1204/1204 1206/1206/1206
f 1208/1208/1208 1199/1199/1199 1200/1200/1200
f 1199/1199/1199 1208/1208/1208 1205/1205/1205
f 1205/1205/1205 1209/1209/1209 1206/1206/1206
f 1209/1209/1209 1205/1205/1205 1208/1208/1208
f 1206/1206/1206 1210/1210/1210 1207/1207/1207
f 1210/1210/1210 1206/1206/1206 1209/1209/1209
f 1211/1211/1211 1207/1207/1207 1210/1210/1210
f 1211/1211/1211 1210/1210/1210 1212/1212/1212
f 1208/1208/1208 1200/1200/1200 1213/1213/1213
f 1208/1208/1208 1213/1213/1213 1209/1209/1209
f 1214/1214/1214 1213/1213/1213 1200/1200/1200
f 1214/1214/1214 1215/1215/1215 1213/1213/1213
f 1216/1216/1216 1213/1213/1213 1215/1215/1215
f 1217/1217/1217 1209/1209/1209 1213/1213/1213
f 1213/1213/1213 1216/1216/1216 1217/1217/1217
f 1209/1209/1209 1217/1217/1217 1210/1210/1210
f 1218/1218/1218 1217/1217/1217 1216/1216/1216
f 1219/1219/1219 1210/1210/1210 1217/1217/1217
f 1217/1217/1217 1218/1218/1218 1219/1219/1219
f 1219/1219/1219 1212/1212/1212 1210/1210/1210
f 1220/1220/1220 1219/1219/1219 1218/1218/1218
f 1219/1219/1219 1220/1220/1220 1212/1212/1212
f 1221/1221/1221 1212/1212/1212 1220/1220/1220
f 1224/1224/1224 1223/1223/1223 1222/1222/1222
f 1223/1223/1223 1225/1225/1225 1222/1222/1222
f 1225/1225/1225 1226/1226/1226 1222/1222/1222
f 1226/1226/1226 1227/1227/1227 1222/1222/1222
f 1227/1227/1227 1228/1228/1228 1222/1222/1222
f 1231/1231/1231 1230/1230/1230 1229/1229/1229
f 1232/1232/1232 1229/1229/1229 1230/1230/1230
f 1230/1230/1230 1233/1233/1233 1232/1232/1232
f 1229/1229/1229 1232/1232/1232 1234/1234/1234
f 1235/1235/1235 1232/1232/1232 1233/1233/1233
f 1233/1233/1233 1236/1236/1236 1235/1235/1235
f 1237/1237/1237 1234/1234/1234 1232/1232/1232
f 1232/1232/1232 1235/1235/1235 1237/1237/1237
f 1234/1234/1234 1237/1237/1237 1238/1238/1238
f 1239/1239/1239 1235/1235/1235 1236/1236/1236
f 1236/1236/1236 1240/1240/1240 1239/1239/1239
f 1241/1241/1241 1238/1238/1238 1237/1237/1237
f 1238/1238/1238 1241/1241/1241 1242/1242/1242
f 1243/1243/1243 1242/1242/1242 1241/1241/1241
f 1243/1243/1243 1241/1241/1241 1244/1244/1244
f 1245/1245/1245 1237/1237/1237 1235/1235/1235
f 1237/1237/1237 1245/1245/1245 1241/1241/1241
f 1235/1235/1235 1239/1239/1239 1245/1245/1245
f 1246/1246/1246 1239/1239/1239 1240/1240/1240
f 1240/1240/1240 1247/1247/1247 1246/1246/1246
f 1248/1248/1248 1244/1244/1244 1241/1241/1241
f 1248/1248/1248 1241/1241/1241 1245/1245/1245
f 1249/1249/1249 1245/1245/1245 1239/1239/1239
f 1245/1245/1245 1249/1249/1249 1248/1248/1248
f 1239/1239/1239 1246/1246/1246 1249/1249/1249
f 1248/1248/1248 1250/1250/1250 1244/1244/1244
f 1250/1250/1250 1248/1248/1248 1249/1249/1249
f 1251/1251/1251 1244/1244/1244 1250/1250/1250
f 1252/1252/1252 1246/1246/1246 1247/1247/1247
f 1247/1247/1247 1253/1253/1253 1252/1252/1252
f 1254/1254/1254 1249/1249/1249 1246/1246/1246
f 1249/1249/1249 1254/1254/1254 1250/1250/1250
f 1246/1246/1246 1252/1252/1252 1254/1254/1254
f 1250/1250/1250 1255/1255/1255 1251/1251/1251
f 1255/1255/1255 1250/1250/1250 1254/1254/1254
f 1256/1256/1256 1251/1251/1251 1255/1255/1255
f 1257/1257/1257 1252/1252/1252 1253/1253/1253
f 1253/1253/1253 1258/1258/1258 1257/1257/1257
f 1259/1259/1259 1257/1257/1257 1258/1258/1258
f 1260/1260/1260 1254/1254/1254 1252/1252/1252
f 1254/1254/1254 1260/1260/1260 1255/1255/1255
f 1252/1252/1252 1257/1257/1257 1260/1260/1260
f 1255/1255/1255 1261/1261/1261 1256/1256/1256
f 1261/1261/1261 1255/1255/1255 1260/1260/1260
f 1262/1262/1262 1256/1256/1256 1261/1261/1261
f 1262/1262/1262 1261/1261/1261 1263/1263/1263
f 1257/1257/1257 1259/1259/1259 1264/1264/1264
f 1264/1264/1264 1260/1260/1260 1257/1257/1257
f 1260/1260/1260 1264/1264/1264 1261/1261/1261
f 1265/1265/1265 1264/1264/1264 1259/1259/1259
f 1266/1266/1266 1261/1261/1261 1264/1264/1264
f 1264/1264/1264 1265/1265/1265 1266/1266/1266
f 1266/1266/1266 1263/1263/1263 1261/1261/1261
f 1267/1267/1267 1266/1266/1266 1265/1265/1265
f 1266/1266/1266 1267/1267/1267 1263/1263/1263
f 1268/1268/1268 1263/1263/1263 1267/1267/1267
f 1271/1271/1271 1270/1270/1270 1269/1269/1269
f 1272/1272/1272 1269/1269/1269 1270/1270/1270
f 1269/1269/1269 1272/1272/1272 1273/1273/1273
f 1272/1272/1272 1270/1270/1270 1274/1274/1274
f 1275/1275/1275 1274/1274/1274 1270/1270/1270
f 1275/1275/1275 1276/1276/1276 1274/1274/1274
f 1277/1277/1277 1273/1273/1273 1272/1272/1272
f 1272/1272/1272 1274/1274/1274 1277/1277/1277
f 1273/1273/1273 1277/1277/1277 1278/1278/1278
f 1279/1279/1279 1274/1274/1274 1276/1276/1276
f 1276/1276/1276 1280/1280/1280 1279/1279/1279
f 1281/1281/1281 1278/1278/1278 1277/1277/1277
f 1278/1278/1278 1281/1281/1281 1282/1282/1282
f 1283/1283/1283 1282/1282/1282 1281/1281/1281
f 1283/1283/1283 1281/1281/1281 1284/1284/1284
f 1285/1285/1285 1277/1277/1277 1274/1274/1274
f 1277/1277/1277 1285/1285/1285 1281/1281/1281
f 1274/1274/1274 1279/1279/1279 1285/1285/1285
f 1286/1286/1286 1279/1279/1279 1280/1280/1280
f 1280/1280/1280 1287/1287/1287 1286/1286/1286
f 1288/1288/1288 1284/1284/1284 1281/1281/1281
f 1288/1288/1288 1281/1281/1281 1285/1285/1285
f 1289/1289/1289 1285/1285/1285 1279/1279/1279
f 1285/1285/1285 1289/1289/1289 1288/1288/1288
f 1279/1279/1279 1286/1286/1286 1289/1289/1289
f 1288/1288/1288 1290/1290/1290 1284/1284/1284
f 1290/1290/1290 1288/1288/1288 1289/1289/1289
f 1291/1291/1291 1284/1284/1284 1290/1290/1290
f 1292/1292/1292 1289/1289/1289 1286/1286/1286
f 1289/1289/1289 1292/1292/1292 1290/1290/1290
f 1290/1290/1290 1293/1293/1293 1291/1291/1291
f 1293/1293/1293 1290/1290/1290 1292/1292/1292
f 1294/1294/1294 1291/1291/1291 1293/1293/1293
f 1295/1295/1295 1286/1286/1286 1287/1287/1287
f 1286/1286/1286 1295/1295/1295 1292/1292/1292
f 1292/1292/1292 1296/1296/1296 1293/1293/1293
f 1296/1296/1296 1292/1292/1292 1295/1295/1295
f 1293/1293/1293 1297/1297/1297 1294/1294/1294
f 1297/1297/1297 1293/1293/1293 1296/1296/1296
f 1298/1298/1298 1294/1294/1294 1297/1297/1297
f 1298/1298/1298 1297/1297/1297 1299/1299/1299
f 1295/1295/1295 1287/1287/1287 1300/1300/1300
f 1295/1295/1295 1300/1300/1300 1296/1296/1296
f 1301/1301/1301 1300/1300/1300 1287/1287/1287
f 1301/1301/1301 1302/1302/1302 1300/1300/1300
f 1303/1303/1303 1300/1300/1300 1302/1302/1302
f 1304/1304/1304 1296/1296/1296 1300/1300/1300
f 1300/1300/1300 1303/1303/1303 1304/1304/1304
f 1296/1296/1296 1304/1304/1304 1297/1297/1297
f 1305/1305/1305 1304/1304/1304 1303/1303/1303
f 1306/1306/1306 1297/1297/1297 1304/1304/1304
f 1304/1304/1304 1305/1305/1305 1306/1306/1306
f 1306/1306/1306 1299/1299/1299 1297/1297/1297
f 1307/1307/1307 1306/1306/1306 1305/1305/1305
f 1306/1306/1306 1307/1307/1307 1299/1299/1299
f 1308/1308/1308 1299/1299/1299 1307/1307/1307
f 1311/1311/1311 1310/1310/1310 1309/1309/1309
f 1310/1310/1310 1312/1312/1312 1309/1309/1309
f 1312/1312/1312 1313/1313/1313 1309/1309/1309
f 1313/1313/1313 1314/1314/1314 1309/1309/1309
f 1314/1314/1314 1315/1315/1315 1309/1309/1309
f 1318/1318/1318 1317/1317/1317 1316/1316/1316
f 1319/1319/1319 1316/1316/1316 1317/1317/1317
f 1317/1317/1317 1320/1320/1320 1319/1319/1319
f 1316/1316/1316 1319/1319/1319 1321/1321/1321
f 1322/1322/1322 1319/1319/1319 1320/1320/1320
f 1320/1320/1320 1323/1323/1323 1322/1322/1322
f 1324/1324/1324 1321/1321/1321 1319/1319/1319
f 1319/1319/1319 1322/1322/1322 1324/1324/1324
f 1321/1321/1321 1324/1324/1324 1325/1325/1325
f 1326/1326/1326 1322/1322/1322 1323/1323/1323
f 1323/1323/1323 1327/1327/1327 1326/1326/1326
f 1328/1328/1328 1325/1325/1325 1324/1324/1324
f 1325/1325/1325 1328/1328/1328 1329/1329/1329
f 1330/1330/1330 1329/1329/1329 1328/1328/1328
f 1330/1330/1330 1328/1328/1328 1331/1331/1331
f 1332/1332/1332 1324/1324/1324 1322/1322/1322
f 1324/1324/1324 1332/1332/1332 1328/1328/1328
f 1322/1322/1322 1326/1326/1326 1332/1332/1332
f 1333/1333/1333 1326/1326/1326 1327/1327/1327
f 1327/1327/1327 1334/1334/1334 1333/1333/1333
f 1335/1335/1335 1331/1331/1331 1328/1328/1328
f 1335/1335/1335 1328/1328/1328 1332/1332/1332
f 1336/1336/1336 1332/1332/1332 1326/1326/1326
f 1332/1332/1332 1336/1336/1336 1335/1335/1335
f 1326/1326/1326 1333/1333/1333 1336/1336/1336
f 1335/1335/1335 1337/1337/1337 1331/1331/1331
f 1337/1337/1337 1335/1335/1335 1336/1336/1336
f 1338/1338/1338 1331/1331/1331 1337/1337/1337
f 1339/1339/1339 1333/1333/1333 1334/1334/1334
f 1334/1334/1334 1340/1340/1340 1339/1339/1339
f 1341/1341/1341 1336/1336/1336 1333/1333/1333
f 1336/1336/1336 1341/1341/1341 1337/1337/1337
f 1333/1333/1333 1339/1339/1339 1341/1341/1341
f 1337/1337/1337 1342/1342/1342 1338/1338/1338
f 1342/1342/1342 1337/1337/1337 1341/1341/1341
f 1343/1343/1343 1338/1338/1338 1342/1342/1342
f 1344/1344/1344 1339/1339/1339 1340/1340/1340
f 1340/1340/1340 1345/1345/1345 1344/1344/1344
f 1346/1346/1346 1344/1344/1344 1345/1345/1345
f 1347/1347/1347 1341/1341/1341 1339/1339/1339
f 1341/1341/1341 1347/1347/1347 1342/1342/1342
f 1339/1339/1339 1344/1344/1344 1347/1347/1347
f 1342/1342/1342 1348/1348/1348 1343/1343/1343
f 1348/1348/1348 1342/1342/1342 1347/1347/1347
f 1349/1349/1349 1343/1343/1343 1348/1348/1348
f 1349/1349/1349 1348/1348/1348 1350/1350/1350
f 1344/1344/1344 1346/1346/1346 1351/1351/1351
f 1351/1351/1351 1347/1347/1347 1344/1344/1344
f 1347/1347/1347 1351/1351/1351 1348/1348/1348
f 1352/1352/1352 1351/1351/1351 1346/1346/1346
f 1353/1353/1353 1348/1348/1348 1351/1351/1351
f 1351/1351/1351 1352/1352/1352 1353/1353/1353
f 1353/1353/1353 1350/1350/1350 1348/1348/1348
f 1354/1354/1354 1353/1353/1353 1352/1352/1352
f 1353/1353/1353 1354/1354/1354 1350/1350/1350
f 1355/1355/1355 1350/1350/1350 1354/1354/1354
f 1358/1358/1358 1357/1357/1357 1356/1356/1356
f 1359/1359/1359 1356/1356/1356 1357/1357/1357
f 1356/1356/1356 1359/1359/1359 1360/1360/1360
f 1359/1359/1359 1357/1357/1357 1361/1361/1361
f 1362/1362/1362 1361/1361/1361 1357/1357/1357
f 1362/1362/1362 1363/1363/1363 1361/1361/1361
f 1364/1364/1364 1360/1360/1360 1359/1359/1359
f 1359/1359/1359 1361/1361/1361 1364/1364/1364
f 1360/1360/1360 1364/1364/1364 1365/1365/1365
f 1366/1366/1366 1361/1361/1361 1363/1363/1363
f 1363/1363/1363 1367/1367/1367 1366/1366/1366
f 1368/1368/1368 1365/1365/1365 1364/1364/1364
f 1365/1365/1365 1368/1368/1368 1369/1369/1369
f 1370/1370/1370 1369/1369/1369 1368/1368/1368
f 1370/1370/1370 1368/1368/1368 1371/1371/1371
f 1372/1372/1372 1364/1364/1364 1361/1361/1361
f 1364/1364/1364 1372/1372/1372 1368/1368/1368
f 1361/1361/1361 1366/1366/1366 1372/1372/1372
f 1373/1373/1373 1366/1366/1366 1367/1367/1367
f 1367/1367/1367 1374/1374/1374 1373/1373/1373
f 1375/1375/1375 1371/1371/1371 1368/1368/1368
f 1375/1375/1375 1368/1368/1368 1372/1372/1372
f 1376/1376/1376 1372/1372/1372 1366/1366/1366
f 1372/1372/1372 1376/1376/1376 1375/1375/1375
f 1366/1366/1366 1373/1373/1373 1376/1376/1376
f 1375/1375/1375 1377/1377/1377 1371/1371/1371
f 1377/1377/1377 1375/1375/1375 1376/1376/1376
f 1378/1378/1378 1371/1371/1371 1377/1377/1377
f 1379/1379/1379 1376/1376/1376 1373/1373/1373
f 1376/1376/1376 1379/1379/1379 1377/1377/1377
f 1377/1377/1377 1380/1380/1380 1378/1378/1378
f 1380/1380/1380 1377/1377/1377 1379/1379/1379
f 1381/1381/1381 1378/1378/1378 1380/1380/1380
f 1382/1382/1382 1373/1373/1373 1374/1374/1374
f 1373/1373/1373 1382/1382/1382 1379/1379/1379
f 1379/1379/1379 1383/1383/1383 1380/1380/1380
f 1383/1383/1383 1379/1379/1379 1382/1382/1382
f 1380/1380/1380 1384/1384/1384 1381/1381/1381
f 1384/1384/1384 1380/1380/1380 1383/1383/1383
f 1385/1385/1385 1381/1381/1381 1384/1384/1384
f 1385/1385/1385 1384/1384/1384 1386/1386/1386
f 1382/1382/1382 1374/1374/1374 1387/1387/1387
f 1382/1382/1382 1387/1387/1387 1383/1383/1383
f 1388/1388/1388 1387/1387/1387 1374/1374/1374
f 1388/1388/1388 1389/1389/1389 1387/1387/1387
f 1390/1390/1390 1387/1387/1387 1389/1389/1389
f 1391/1391/1391 1383/1383/1383 1387/1387/1387
f 1387/1387/1387 1390/1390/1390 1391/1391/1391
f 1383/1383/1383 1391/1391/1391 1384/1384/1384
f 1392/1392/1392 1391/1391/1391 1390/1390/1390
f 1393/1393/1393 1384/1384/1384 1391/1391/1391
f 1391/1391/1391 1392/1392/1392 1393/1393/1393
f 1393/1393/1393 1386/1386/1386 1384/1384/1384
f 1394/1394/1394 1393/1393/1393 1392/1392/1392
f 1393/1393/1393 1394/1394/1394 1386/1386/1386
f 1395/1395/1395 1386/1386/1386 1394/1394/1394
f 1398/1398/1398 1397/1397/1397 1396/1396/1396
f 1399/1399/1399 1396/1396/1396 1397/1397/1397
f 1397/1397/1397 1400/1400/1400 1399/1399/1399
f 1396/1396/1396 1399/1399/1399 1401/1401/1401
f 1402/1402/1402 1399/1399/1399 1400/1400/1400
f 1400/1400/1400 1403/1403/1403 1402/1402/1402
f 1404/1404/1404 1402/1402/1402 1403/1403/1403
f 1405/1405/1405 1401/1401/1401 1399/1399/1399
f 1399/1399/1399 1402/1402/1402 1405/1405/1405
f 1401/1401/1401 1405/1405/1405 1406/1406/1406
f 1407/1407/1407 1406/1406/1406 1405/1405/1405
f 1402/1402/1402 1404/1404/1404 1408/1408/1408
f 1408/1408/1408 1405/1405/1405 1402/1402/1402
f 1405/1405/1405 1408/1408/1408 1407/1407/1407
f 1409/1409/1409 1408/1408/1408 1404/1404/1404
f 1410/1410/1410 1407/1407/1407 1408/1408/1408
f 1408/1408/1408 1409/1409/1409 1410/1410/1410
f 1411/1411/1411 1410/1410/1410 1409/1409/1409
f 1414/1414/1414 1413/1413/1413 1412/1412/1412
f 1415/1415/1415 1412/1412/1412 1413/1413/1413
f 1412/1412/1412 1415/1415/1415 1416/1416/1416
f 1413/1413/1413 1417/1417/1417 1415/1415/1415
f 1418/1418/1418 1416/1416/1416 1415/1415/1415
f 1416/1416/1416 1418/1418/1418 1419/1419/1419
f 1420/1420/1420 1419/1419/1419 1418/1418/1418
f 1419/1419/1419 1420/1420/1420 1421/1421/1421
f 1422/1422/1422 1421/1421/1421 1420/1420/1420
f 1421/1421/1421 1422/1422/1422 1423/1423/1423
f 1424/1424/1424 1423/1423/1423 1422/1422/1422
f 1424/1424/1424 1422/1422/1422 1425/1425/1425
f 1426/1426/1426 1425/1425/1425 1422/1422/1422
f 1422/1422/1422 1420/1420/1420 1426/1426/1426
f 1425/1425/1425 1426/1426/1426 1427/1427/1427
f 1420/1420/1420 1418/1418/1418 1428/1428/1428
f 1428/1428/1428 1426/1426/1426 1420/1420/1420
f 1429/1429/1429 1427/1427/1427 1426/1426/1426
f 1426/1426/1426 1428/1428/1428 1429/1429/1429
f 1427/1427/1427 1429/1429/1429 1430/1430/1430
f 1418/1418/1418 1415/1415/1415 1431/1431/1431
f 1431/1431/1431 1428/1428/1428 1418/1418/1418
f 1432/1432/1432 1430/1430/1430 1429/1429/1429
f 1430/1430/1430 1432/1432/1432 1433/1433/1433
f 1434/1434/1434 1429/1429/1429 1428/1428/1428
f 1428/1428/1428 1431/1431/1431 1434/1434/1434
f 1429/1429/1429 1434/1434/1434 1432/1432/1432
f 1435/1435/1435 1431/1431/1431 1415/1415/1415
f 1435/1435/1435 1415/1415/1415 1417/1417/1417
f 1436/1436/1436 1433/1433/1433 1432/1432/1432
f 1433/1433/1433 1436/1436/1436 1437/1437/1437
f 1438/1438/1438 1434/1434/1434 1431/1431/1431
f 1431/1431/1431 1435/1435/1435 1438/1438/1438
f 1435/1435/1435 1417/1417/1417 1439/1439/1439
f 1439/1439/1439 1438/1438/1438 1435/1435/1435
f 1440/1440/1440 1439/1439/1439 1417/1417/1417
f 1441/1441/1441 1432/1432/1432 1434/1434/1434
f 1434/1434/1434 1438/1438/1438 1441/1441/1441
f 1432/1432/1432 1441/1441/1441 1436/1436/1436
f 1439/1439/1439 1440/1440/1440 1442/1442/1442
f 1443/1443/1443 1442/1442/1442 1440/1440/1440
f 1438/1438/1438 1439/1439/1439 1444/1444/1444
f 1444/1444/1444 1441/1441/1441 1438/1438/1438
f 1442/1442/1442 1444/1444/1444 1439/1439/1439
f 1445/1445/1445 1436/1436/1436 1441/1441/1441
f 1441/1441/1441 1444/1444/1444 1445/1445/1445
f 1446/1446/1446 1437/1437/1437 1436/1436/1436
f 1436/1436/1436 1445/1445/1445 1446/1446/1446
f 1442/1442/1442 1443/1443/1443 1447/1447/1447
f 1448/1448/1448 1447/1447/1447 1443/1443/1443
f 1448/1448/1448 1449/1449/1449 1447/1447/1447
f 1444/1444/1444 1442/1442/1442 1450/1450/1450
f 1450/1450/1450 1445/1445/1445 1444/1444/1444
f 1447/1447/1447 1450/1450/1450 1442/1442/1442
f 1451/1451/1451 1447/1447/1447 1449/1449/1449
f 1449/1449/1449 1452/1452/1452 1451/1451/1451
f 1445/1445/1445 1450/1450/1450 1453/1453/1453
f 1453/1453/1453 1446/1446/1446 1445/1445/1445
f 1450/1450/1450 1447/1447/1447 1454/1454/1454
f 1451/1451/1451 1454/1454/1454 1447/1447/1447
f 1454/1454/1454 1453/1453/1453 1450/1450/1450
f 1455/1455/1455 1451/1451/1451 1452/1452/1452
f 1451/1451/1451 1455/1455/1455 1454/1454/1454
f 1452/1452/1452 1456/1456/1456 1455/1455/1455
f 1454/1454/1454 1457/1457/1457 1453/1453/1453
f 1457/1457/1457 1454/1454/1454 1455/1455/1455
f 1453/1453/1453 1458/1458/1458 1446/1446/1446
f 1458/1458/1458 1453/1453/1453 1457/1457/1457
f 1459/1459/1459 1455/1455/1455 1456/1456/1456
f 1456/1456/1456 1460/1460/1460 1459/1459/1459
f 1457/1457/1457 1455/1455/1455 1461/1461/1461
f 1459/1459/1459 1461/1461/1461 1455/1455/1455
f 1462/1462/1462 1446/1446/1446 1458/1458/1458
f 1446/1446/1446 1462/1462/1462 1437/1437/1437
f 1463/1463/1463 1437/1437/1437 1462/1462/1462
f 1463/1463/1463 1462/1462/1462 1464/1464/1464
f 1465/1465/1465 1464/1464/1464 1462/1462/1462
f 1462/1462/1462 1458/1458/1458 1465/1465/1465
f 1464/1464/1464 1465/1465/1465 1466/1466/1466
f 1458/1458/1458 1457/1457/1457 1467/1467/1467
f 1467/1467/1467 1465/1465/1465 1458/1458/1458
f 1461/1461/1461 1467/1467/1467 1457/1457/1457
f 1468/1468/1468 1466/1466/1466 1465/1465/1465
f 1465/1465/1465 1467/1467/1467 1468/1468/1468
f 1466/1466/1466 1468/1468/1468 1469/1469/1469
f 1467/1467/1467 1461/1461/1461 1470/1470/1470
f 1470/1470/1470 1468/1468/1468 1467/1467/1467
f 1471/1471/1471 1469/1469/1469 1468/1468/1468
f 1468/1468/1468 1470/1470/1470 1471/1471/1471
f 1469/1469/1469 1471/1471/1471 1472/1472/1472
f 1473/1473/1473 1470/1470/1470 1461/1461/1461
f 1461/1461/1461 1459/1459/1459 1473/1473/1473
f 1474/1474/1474 1472/1472/1472 1471/1471/1471
f 1472/1472/1472 1474/1474/1474 1475/1475/1475
f 1476/1476/1476 1475/1475/1475 1474/1474/1474
f 1477/1477/1477 1471/1471/1471 1470/1470/1470
f 1471/1471/1471 1477/1477/1477 1474/1474/1474
f 1470/1470/1470 1473/1473/1473 1477/1477/1477
f 1474/1474/1474 1478/1478/1478 1476/1476/1476
f 1478/1478/1478 1474/1474/1474 1477/1477/1477
f 1479/1479/1479 1476/1476/1476 1478/1478/1478
f 1480/1480/1480 1473/1473/1473 1459/1459/1459
f 1480/1480/1480 1459/1459/1459 1460/1460/1460
f 1481/1481/1481 1477/1477/1477 1473/1473/1473
f 1477/1477/1477 1481/1481/1481 1478/1478/1478
f 1473/1473/1473 1480/1480/1480 1481/1481/1481
f 1478/1478/1478 1482/1482/1482 1479/1479/1479
f 1482/1482/1482 1478/1478/1478 1481/1481/1481
f 1483/1483/1483 1479/1479/1479 1482/1482/1482
f 1480/1480/1480 1460/1460/1460 1484/1484/1484
f 1484/1484/1484 1481/1481/1481 1480/1480/1480
f 1481/1481/1481 1484/1484/1484 1482/1482/1482
f 1485/1485/1485 1484/1484/1484 1460/1460/1460
f 1485/1485/1485 1486/1486/1486 1484/1484/1484
f 1482/1482/1482 1487/1487/1487 1483/1483/1483
f 1487/1487/1487 1482/1482/1482 1484/1484/1484
f 1487/1487/1487 1484/1484/1484 1486/1486/1486
f 1488/1488/1488 1483/1483/1483 1487/1487/1487
f 1486/1486/1486 1489/1489/1489 1487/1487/1487
f 1488/1488/1488 1487/1487/1487 1489/1489/1489
f 1492/1492/1492 1491/1491/1491 1490/1490/1490
f 1491/1491/1491 1493/1493/1493 1490/1490/1490
f 1493/1493/1493 1494/1494/1494 1490/1490/1490
f 1494/1494/1494 1495/1495/1495 1490/1490/1490
f 1495/1495/1495 1496/1496/1496 1490/1490/1490
f 1499/1499/1499 1498/1498/1498 1497/1497/1497
f 1498/1498/1498 1500/1500/1500 1497/1497/1497
f 1500/1500/1500 1501/1501/1501 1497/1497/1497
f 1501/1501/1501 1502/1502/1502 1497/1497/1497
f 1502/1502/1502 1503/1503/1503 1497/1497/1497
f 1506/1506/1506 1505/1505/1505 1504/1504/1504
f 1507/1507/1507 1504/1504/1504 1505/1505/1505
f 1505/1505/1505 1508/1508/1508 1507/1507/1507
f 1504/1504/1504 1507/1507/1507 1509/1509/1509
f 1510/1510/1510 1507/1507/1507 1508/1508/1508
f 1508/1508/1508 1511/1511/1511 1510/1510/1510
f 1512/1512/1512 1509/1509/1509 1507/1507/1507
f 1507/1507/1507 1510/1510/1510 1512/1512/1512
f 1509/1509/1509 1512/1512/1512 1513/1513/1513
f 1514/1514/1514 1510/1510/1510 1511/1511/1511
f 1511/1511/1511 1515/1515/1515 1514/1514/1514
f 1516/1516/1516 1513/1513/1513 1512/1512/1512
f 1513/1513/1513 1516/1516/1516 1517/1517/1517
f 1518/1518/1518 1517/1517/1517 1516/1516/1516
f 1518/1518/1518 1516/1516/1516 1519/1519/1519
f 1520/1520/1520 1512/1512/1512 1510/1510/1510
f 1512/1512/1512 1520/1520/1520 1516/1516/1516
f 1510/1510/1510 1514/1514/1514 1520/1520/1520
f 1521/1521/1521 1514/1514/1514 1515/1515/1515
f 1515/1515/1515 1522/1522/1522 1521/1521/1521
f 1523/1523/1523 1519/1519/1519 1516/1516/1516
f 1523/1523/1523 1516/1516/1516 1520/1520/1520
f 1524/1524/1524 1520/1520/1520 1514/1514/1514
f 1520/1520/1520 1524/1524/1524 1523/1523/1523
f 1514/1514/1514 1521/1521/1521 1524/1524/1524
f 1523/1523/1523 1525/1525/1525 1519/1519/1519
f 1525/1525/1525 1523/1523/1523 1524/1524/1524
f 1526/1526/1526 1519/1519/1519 1525/1525/1525
f 1527/1527/1527 1524/1524/1524 1521/1521/1521
f 1524/1524/1524 1527/1527/1527 1525/1525/1525
f 1525/1525/1525 1528/1528/1528 1526/1526/1526
f 1528/1528/1528 1525/1525/1525 1527/1527/1527
f 1529/1529/1529 1526/1526/1526 1528/1528/1528
f 1530/1530/1530 1521/1521/1521 1522/1522/1522
f 1521/1521/1521 1530/1530/1530 1527/1527/1527
f 1527/1527/1527 1531/1531/1531 1528/1528/1528
f 1531/1531/1531 1527/1527/1527 1530/1530/1530
f 1528/1528/1528 1532/1532/1532 1529/1529/1529
f 1532/1532/1532 1528/1528/1528 1531/1531/1531
f 1533/1533/1533 1529/1529/1529 1532/1532/1532
f 1533/1533/1533 1532/1532/1532 1534/1534/1534
f 1530/1530/1530 1522/1522/1522 1535/1535/1535
f 1530/1530/1530 1535/1535/1535 1531/1531/1531
f 1536/1536/1536 1535/1535/1535 1522/1522/1522
f 1536/1536/1536 1537/1537/1537 1535/1535/1535
f 1538/1538/1538 1535/1535/1535 1537/1537/1537
f 1539/1539/1539 1531/1531/1531 1535/1535/1535
f 1535/1535/1535 1538/1538/1538 1539/1539/1539
f 1531/1531/1531 1539/1539/1539 1532/1532/1532
f 1540/1540/1540 1539/1539/1539 1538/1538/1538
f 1541/1541/1541 1532/1532/1532 1539/1539/1539
f 1539/1539/1539 1540/1540/1540 1541/1541/1541
f 1541/1541/1541 1534/1534/1534 1532/1532/1532
f 1542/1542/1542 1541/1541/1541 1540/1540/1540
f 1541/1541/1541 1542/1542/1542 1534/1534/1534
f 1543/1543/1543 1534/1534/1534 1542/1542/1542
f 1546/1546/1546 1545/1545/1545 1544/1544/1544
f 1547/1547/1547 1544/1544/1544 1545/1545/1545
f 1544/1544/1544 1547/1547/1547 1548/1548/1548
f 1549/1549/1549 1548/1548/1548 1547/1547/1547
f 1548/1548/1548 1549/1549/1549 1550/1550/1550
f 1551/1551/1551 1550/1550/1550 1549/1549/1549
f 1550/1550/1550 1551/1551/1551 1552/1552/1552
f 1553/1553/1553 1552/1552/1552 1551/1551/1551
f 1556/1556/1556 1555/1555/1555 1554/1554/1554
f 1557/1557/1557 1554/1554/1554 1555/1555/1555
f 1554/1554/1554 1557/1557/1557 1558/1558/1558
f 1559/1559/1559 1558/1558/1558 1557/1557/1557
f 1558/1558/1558 1559/1559/1559 1560/1560/1560
f 1561/1561/1561 1560/1560/1560 1559/1559/1559
f 1560/1560/1560 1561/1561/1561 1562/1562/1562
f 1563/1563/1563 1562/1562/1562 1561/1561/1561
f 1566/1566/1566 1565/1565/1565 1564/1564/1564
f 1567/1567/1567 1564/1564/1564 1565/1565/1565
f 1567/1567/1567 1565/1565/1565 1568/1568/1568
f 1569/1569/1569 1568/1568/1568 1565/1565/1565
f 1568/1568/1568 1569/1569/1569 1570/1570/1570
f 1571/1571/1571 1570/1570/1570 1569/1569/1569
f 1571/1571/1571 1572/1572/1572 1570/1570/1570
f 1573/1573/1573 1570/1570/1570 1572/1572/1572
f 1576/1576/1576 1575/1575/1575 1574/1574/1574
f 1577/1577/1577 1574/1574/1574 1575/1575/1575
f 1575/1575/1575 1578/1578/1578 1577/1577/1577
f 1574/1574/1574 1577/1577/1577 1579/1579/1579
f 1580/1580/1580 1577/1577/1577 1578/1578/1578
f 1578/1578/1578 1581/1581/1581 1580/1580/1580
f 1582/1582/1582 1580/1580/1580 1581/1581/1581
f 1583/1583/1583 1579/1579/1579 1577/1577/1577
f 1577/1577/1577 1580/1580/1580 1583/1583/1583
f 1579/1579/1579 1583/1583/1583 1584/1584/1584
f 1580/1580/1580 1582/1582/1582 1585/1585/1585
f 1585/1585/1585 1583/1583/1583 1580/1580/1580
f 1586/1586/1586 1585/1585/1585 1582/1582/1582
f 1587/1587/1587 1584/1584/1584 1583/1583/1583
f 1583/1583/1583 1585/1585/1585 1587/1587/1587
f 1584/1584/1584 1587/1587/1587 1588/1588/1588
f 1589/1589/1589 1588/1588/1588 1587/1587/1587
f 1585/1585/1585 1586/1586/1586 1590/1590/1590
f 1590/1590/1590 1587/1587/1587 1585/1585/1585
f 1587/1587/1587 1590/1590/1590 1589/1589/1589
f 1591/1591/1591 1590/1590/1590 1586/1586/1586
f 1592/1592/1592 1589/1589/1589 1590/1590/1590
f 1590/1590/1590 1591/1591/1591 1592/1592/1592
f 1593/1593/1593 1592/1592/1592 1591/1591/1591
f 1596/1596/1596 1595/1595/1595 1594/1594/1594
f 1597/1597/1597 1594/1594/1594 1595/1595/1595
f 1597/1597/1597 1595/1595/1595 1598/1598/1598
f 1599/1599/1599 1598/1598/1598 1595/1595/1595
f 1599/1599/1599 1600/1600/1600 1598/1598/1598
f 1601/1601/1601 1598/1598/1598 1600/1600/1600
f 1600/1600/1600 1602/1602/1602 1601/1601/1601
f 1603/1603/1603 1601/1601/1601 1602/1602/1602
f 1606/1606/1606 1605/1605/1605 1604/1604/1604
f 1605/1605/1605 1607/1607/1607 1604/1604/1604
f 1607/1607/1607 1608/1608/1608 1604/1604/1604
f 1608/1608/1608 1609/1609/1609 1604/1604/1604
f 1609/1609/1609 1610/1610/1610 1604/1604/1604
f 1613/1613/1613 1612/1612/1612 1611/1611/1611
f 1612/1612/1612 1614/1614/1614 1611/1611/1611
f 1614/1614/1614 1615/1615/1615 1611/1611/1611
f 1615/1615/1615 1616/1616/1616 1611/1611/1611
f 1616/1616/1616 1617/1617/1617 1611/1611/1611
f 1620/1620/1620 1619/1619/1619 1618/1618/1618
f 1621/1621/1621 1618/1618/1618 1619/1619/1619
f 1619/1619/1619 1622/1622/1622 1621/1621/1621
f 1618/1618/1618 1621/1621/1621 1623/1623/1623
f 1624/1624/1624 1621/1621/1621 1622/1622/1622
f 1622/1622/1622 1625/1625/1625 1624/1624/1624
f 1626/1626/1626 1623/1623/1623 1621/1621/1621
f 1621/1621/1621 1624/1624/1624 1626/1626/1626
f 1623/1623/1623 1626/1626/1626 1627/1627/1627
f 1628/1628/1628 1624/1624/1624 1625/1625/1625
f 1625/1625/1625 1629/1629/1629 1628/1628/1628
f 1630/1630/1630 1627/1627/1627 1626/1626/1626
f 1627/1627/1627 1630/1630/1630 1631/1631/1631
f 1632/1632/1632 1631/1631/1631 1630/1630/1630
f 1632/1632/1632 1630/1630/1630 1633/1633/1633
f 1634/1634/1634 1626/1626/1626 1624/1624/1624
f 1626/1626/1626 1634/1634/1634 1630/1630/1630
f 1624/1624/1624 1628/1628/1628 1634/1634/1634
f 1635/1635/1635 1628/1628/1628 1629/1629/1629
f 1629/1629/1629 1636/1636/1636 1635/1635/1635
f 1637/1637/1637 1633/1633/1633 1630/1630/1630
f 1637/1637/1637 1630/1630/1630 1634/1634/1634
f 1638/1638/1638 1634/1634/1634 1628/1628/1628
f 1634/1634/1634 1638/1638/1638 1637/1637/1637
f 1628/1628/1628 1635/1635/1635 1638/1638/1638
f 1637/1637/1637 1639/1639/1639 1633/1633/1633
f 1639/1639/1639 1637/1637/1637 1638/1638/1638
f 1640/1640/1640 1633/1633/1633 1639/1639/1639
f 1641/1641/1641 1638/1638/1638 1635/1635/1635
f 1638/1638/1638 1641/1641/1641 1639/1639/1639
f 1639/1639/1639 1642/1642/1642 1640/1640/1640
f 1642/1642/1642 1639/1639/1639 1641/1641/1641
f 1643/1643/1643 1640/1640/1640 1642/1642/1642
f 1644/1644/1644 1635/1635/1635 1636/1636/1636
f 1635/1635/1635 1644/1644/1644 1641/1641/1641
f 1641/1641/1641 1645/1645/1645 1642/1642/1642
f 1645/1645/1645 1641/1641/1641 1644/1644/1644
f 1642/1642/1642 1646/1646/1646 1643/1643/1643
f 1646/1646/1646 1642/1642/1642 1645/1645/1645
f 1647/1647/1647 1643/1643/1643 1646/1646/1646
f 1647/1647/1647 1646/1646/1646 1648/1648/1648
f 1644/1644/1644 1636/1636/1636 1649/1649/1649
f 1644/1644/1644 1649/1649/1649 1645/1645/1645
f 1650/1650/1650 1649/1649/1649 1636/1636/1636
f 1650/1650/1650 1651/1651/1651 1649/1649/1649
f 1652/1652/1652 1649/1649/1649 1651/1651/1651
f 1653/1653/1653 1645/1645/1645 1649/1649/1649
f 1649/1649/1649 1652/1652/1652 1653/1653/1653
f 1645/1645/1645 1653/1653/1653 1646/1646/1646
f 1654/1654/1654 1653/1653/1653 1652/1652/1652
f 1655/1655/1655 1646/1646/1646 1653/1653/1653
f 1653/1653/1653 1654/1654/1654 1655/1655/1655
f 1655/1655/1655 1648/1648/1648 1646/1646/1646
f 1656/1656/1656 1655/1655/1655 1654/1654/1654
f 1655/1655/1655 1656/1656/1656 1648/1648/1648
f 1657/1657/1657 1648/1648/1648 1656/1656/1656
f 1660/1660/1660 1659/1659/1659 1658/1658/1658
f 1661/1661/1661 1658/1658/1658 1659/1659/1659
f 1658/1658/1658 1661/1661/1661 1662/1662/1662
f 1663/1663/1663 1662/1662/1662 1661/1661/1661
f 1662/1662/1662 1663/1663/1663 1664/1664/1664
f 1665/1665/1665 1664/1664/1664 1663/1663/1663
f 1664/1664/1664 1665/1665/1665 1666/1666/1666
f 1667/1667/1667 1666/1666/1666 1665/1665/1665
f 1670/1670/1670 1669/1669/1669 1668/1668/1668
f 1671/1671/1671 1668/1668/1668 1669/1669/1669
f 1668/1668/1668 1671/1671/1671 1672/1672/1672
f 1673/1673/1673 1672/1672/1672 1671/1671/1671
f 1672/1672/1672 1673/1673/1673 1674/1674/1674
f 1675/1675/1675 1674/1674/1674 1673/1673/1673
f 1674/1674/1674 1675/1675/1675 1676/1676/1676
f 1677/1677/1677 1676/1676/1676 1675/1675/1675
f 1680/1680/1680 1679/1679/1679 1678/1678/1678
f 1681/1681/1681 1678/1678/1678 1679/1679/1679
f 1681/1681/1681 1679/1679/1679 1682/1682/1682
f 1683/1683/1683 1682/1682/1682 1679/1679/1679
f 1682/1682/1682 1683/1683/1683 1684/1684/1684
f 1685/1685/1685 1684/1684/1684 1683/1683/1683
f 1685/1685/1685 1686/1686/1686 1684/1684/1684
f 1687/1687/1687 1684/1684/1684 1686/1686/1686
f 1690/1690/1690 1689/1689/1689 1688/1688/1688
f 1691/1691/1691 1688/1688/1688 1689/1689/1689
f 1689/1689/1689 1692/1692/1692 1691/1691/1691
f 1688/1688/1688 1691/1691/1691 1693/1693/1693
f 1694/1694/1694 1691/1691/1691 1692/1692/1692
f 1692/1692/1692 1695/1695/1695 1694/1694/1694
f 1696/1696/1696 1694/1694/1694 1695/1695/1695
f 1697/1697/1697 1693/1693/1693 1691/1691/1691
f 1691/1691/1691 1694/1694/1694 1697/1697/1697
f 1693/1693/1693 1697/1697/1697 1698/1698/1698
f 1694/1694/1694 1696/1696/1696 1699/1699/1699
f 1699/1699/1699 1697/1697/1697 1694/1694/1694
f 1700/1700/1700 1699/1699/1699 1696/1696/1696
f 1701/1701/1701 1698/1698/1698 1697/1697/1697
f 1697/1697/1697 1699/1699/1699 1701/1701/1701
f 1698/1698/1698 1701/1701/1701 1702/1702/1702
f 1703/1703/1703 1702/1702/1702 1701/1701/1701
f 1699/1699/1699 1700/1700/1700 1704/1704/1704
f 1704/1704/1704 1701/1701/1701 1699/1699/1699
f 1701/1701/1701 1704/1704/1704 1703/1703/1703
f 1705/1705/1705 1704/1704/1704 1700/1700/1700
f 1706/1706/1706 1703/1703/1703 1704/1704/1704
f 1704/1704/1704 1705/1705/1705 1706/1706/1706
f 1707/1707/1707 1706/1706/1706 1705/1705/1705
f 1710/1710/1710 1709/1709/1709 1708/1708/1708
f 1711/1711/1711 1708/1708/1708 1709/1709/1709
f 1711/1711/1711 1709/1709/1709 1712/1712/1712
f 1713/1713/1713 1712/1712/1712 1709/1709/1709
f 1712/1712/1712 1713/1713/1713 1714/1714/1714
f 1715/1715/1715 1714/1714/1714 1713/1713/1713
f 1715/1715/1715 1716/1716/1716 1714/1714/1714
f 1717/1717/1717 1714/1714/1714 1716/1716/1716
f 1720/1720/1720 1719/1719/1719 1718/1718/1718
f 1721/1721/1721 1718/1718/1718 1719/1719/1719
f 1721/1721/1721 1722/1722/1722 1718/1718/1718
f 1723/1723/1723 1718/1718/1718 1722/1722/1722
f 1722/1722/1722 1721/1721/1721 1724/1724/1724
f 1721/1721/1721 1719/1719/1719 1725/1725/1725
f 1725/1725/1725 1724/1724/1724 1721/1721/1721
f 1726/1726/1726 1725/1725/1725 1719/1719/1719
f 1724/1724/1724 1725/1725/1725 1727/1727/1727
f 1725/1725/1725 1726/1726/1726 1728/1728/1728
f 1728/1728/1728 1727/1727/1727 1725/1725/1725
f 1729/1729/1729 1728/1728/1728 1726/1726/1726
f 1727/1727/1727 1728/1728/1728 1730/1730/1730
f 1728/1728/1728 1729/1729/1729 1731/1731/1731
f 1731/1731/1731 1730/1730/1730 1728/1728/1728
f 1732/1732/1732 1731/1731/1731 1729/1729/1729
f 1730/1730/1730 1731/1731/1731 1733/1733/1733
f 1732/1732/1732 1734/1734/1734 1731/1731/1731
f 1735/1735/1735 1733/1733/1733 1731/1731/1731
f 1735/1735/1735 1731/1731/1731 1734/1734/1734
f 1733/1733/1733 1735/1735/1735 1736/1736/1736
f 1734/1734/1734 1737/1737/1737 1735/1735/1735
f 1738/1738/1738 1736/1736/1736 1735/1735/1735
f 1738/1738/1738 1735/1735/1735 1737/1737/1737
f 1736/1736/1736 1738/1738/1738 1739/1739/1739
f 1737/1737/1737 1740/1740/1740 1738/1738/1738
f 1741/1741/1741 1739/1739/1739 1738/1738/1738
f 1741/1741/1741 1738/1738/1738 1740/1740/1740
f 1739/1739/1739 1741/1741/1741 1742/1742/1742
f 1740/1740/1740 1743/1743/1743 1741/1741/1741
f 1744/1744/1744 1742/1742/1742 1741/1741/1741
f 1744/1744/1744 1741/1741/1741 1743/1743/1743
f 1742/1742/1742 1744/1744/1744 1745/1745/1745
f 1744/1744/1744 1743/1743/1743 1746/1746/1746
f 1746/1746/1746 1745/1745/1745 1744/1744/1744
f 1747/1747/1747 1746/1746/1746 1743/1743/1743
f 1745/1745/1745 1746/1746/1746 1748/1748/1748
f 1747/1747/1747 1749/1749/1749 1746/1746/1746
f 1750/1750/1750 1748/1748/1748 1746/1746/1746
f 1750/1750/1750 1746/1746/1746 1749/1749/1749
f 1748/1748/1748 1750/1750/1750 1751/1751/1751
f 1749/1749/1749 1752/1752/1752 1750/1750/1750
f 1753/1753/1753 1751/1751/1751 1750/1750/1750
f 1753/1753/1753 1750/1750/1750 1752/1752/1752
f 1751/1751/1751 1753/1753/1753 1754/1754/1754
f 1752/1752/1752 1755/1755/1755 1753/1753/1753
f 1756/1756/1756 1754/1754/1754 1753/1753/1753
f 1756/1756/1756 1753/1753/1753 1755/1755/1755
f 1759/1759/1759 1758/1758/1758 1757/1757/1757
f 1760/1760/1760 1757/1757/1757 1758/1758/1758
f 1758/1758/1758 1761/1761/1761 1760/1760/1760
f 1757/1757/1757 1760/1760/1760 1762/1762/1762
f 1763/1763/1763 1760/1760/1760 1761/1761/1761
f 1761/1761/1761 1764/1764/1764 1763/1763/1763
f 1765/1765/1765 1763/1763/1763 1764/1764/1764
f 1766/1766/1766 1762/1762/1762 1760/1760/1760
f 1760/1760/1760 1763/1763/1763 1766/1766/1766
f 1762/1762/1762 1766/1766/1766 1767/1767/1767
f 1768/1768/1768 1767/1767/1767 1766/1766/1766
f 1763/1763/1763 1765/1765/1765 1769/1769/1769
f 1769/1769/1769 1766/1766/1766 1763/1763/1763
f 1766/1766/1766 1769/1769/1769 1768/1768/1768
f 1770/1770/1770 1769/1769/1769 1765/1765/1765
f 1771/1771/1771 1768/1768/1768 1769/1769/1769
f 1769/1769/1769 1770/1770/1770 1771/1771/1771
f 1772/1772/1772 1771/1771/1771 1770/1770/1770
f 1775/1775/1775 1774/1774/1774 1773/1773/1773
f 1776/1776/1776 1773/1773/1773 1774/1774/1774
f 1774/1774/1774 1777/1777/1777 1776/1776/1776
f 1773/1773/1773 1776/1776/1776 1778/1778/1778
f 1779/1779/1779 1776/1776/1776 1777/1777/1777
f 1777/1777/1777 1780/1780/1780 1779/1779/1779
f 1781/1781/1781 1778/1778/1778 1776/1776/1776
f 1776/1776/1776 1779/1779/1779 1781/1781/1781
f 1778/1778/1778 1781/1781/1781 1782/1782/1782
f 1783/1783/1783 1779/1779/1779 1780/1780/1780
f 1780/1780/1780 1784/1784/1784 1783/1783/1783
f 1785/1785/1785 1782/1782/1782 1781/1781/1781
f 1782/1782/1782 1785/1785/1785 1786/1786/1786
f 1787/1787/1787 1781/1781/1781 1779/1779/1779
f 1779/1779/1779 1783/1783/1783 1787/1787/1787
f 1781/1781/1781 1787/1787/1787 1785/1785/1785
f 1788/1788/1788 1783/1783/1783 1784/1784/1784
f 1784/1784/1784 1789/1789/1789 1788/1788/1788
f 1790/1790/1790 1787/1787/1787 1783/1783/1783
f 1783/1783/1783 1788/1788/1788 1790/1790/1790
f 1791/1791/1791 1788/1788/1788 1789/1789/1789
f 1789/1789/1789 1792/1792/1792 1791/1791/1791
f 1793/1793/1793 1785/1785/1785 1787/1787/1787
f 1787/1787/1787 1790/1790/1790 1793/1793/1793
f 1794/1794/1794 1790/1790/1790 1788/1788/1788
f 1788/1788/1788 1791/1791/1791 1794/1794/1794
f 1795/1795/1795 1793/1793/1793 1790/1790/1790
f 1790/1790/1790 1794/1794/1794 1795/1795/1795
f 1793/1793/1793 1796/1796/1796 1785/1785/1785
f 1793/1793/1793 1795/1795/1795 1796/1796/1796
f 1797/1797/1797 1785/1785/1785 1796/1796/1796
f 1797/1797/1797 1786/1786/1786 1785/1785/1785
f 1797/1797/1797 1798/1798/1798 1786/1786/1786
f 1797/1797/1797 1796/1796/1796 1798/1798/1798
f 1799/1799/1799 1786/1786/1786 1798/1798/1798
f 1799/1799/1799 1798/1798/1798 1800/1800/1800
f 1801/1801/1801 1800/1800/1800 1798/1798/1798
f 1800/1800/1800 1801/1801/1801 1802/1802/1802
f 1803/1803/1803 1802/1802/1802 1801/1801/1801
f 1804/1804/1804 1798/1798/1798 1796/1796/1796
f 1798/1798/1798 1804/1804/1804 1801/1801/1801
f 1801/1801/1801 1805/1805/1805 1803/1803/1803
f 1805/1805/1805 1801/1801/1801 1804/1804/1804
f 1806/1806/1806 1803/1803/1803 1805/1805/1805
f 1807/1807/1807 1796/1796/1796 1795/1795/1795
f 1796/1796/1796 1807/1807/1807 1804/1804/1804
f 1804/1804/1804 1808/1808/1808 1805/1805/1805
f 1808/1808/1808 1804/1804/1804 1807/1807/1807
f 1805/1805/1805 1809/1809/1809 1806/1806/1806
f 1809/1809/1809 1805/1805/1805 1808/1808/1808
f 1810/1810/1810 1806/1806/1806 1809/1809/1809
f 1795/1795/1795 1811/1811/1811 1807/1807/1807
f 1811/1811/1811 1795/1795/1795 1794/1794/1794
f 1807/1807/1807 1812/1812/1812 1808/1808/1808
f 1812/1812/1812 1807/1807/1807 1811/1811/1811
f 1808/1808/1808 1813/1813/1813 1809/1809/1809
f 1813/1813/1813 1808/1808/1808 1812/1812/1812
f 1809/1809/1809 1814/1814/1814 1810/1810/1810
f 1814/1814/1814 1809/1809/1809 1813/1813/1813
f 1815/1815/1815 1810/1810/1810 1814/1814/1814
f 1794/1794/1794 1816/1816/1816 1811/1811/1811
f 1816/1816/1816 1794/1794/1794 1791/1791/1791
f 1811/1811/1811 1817/1817/1817 1812/1812/1812
f 1817/1817/1817 1811/1811/1811 1816/1816/1816
f 1812/1812/1812 1818/1818/1818 1813/1813/1813
f 1818/1818/1818 1812/1812/1812 1817/1817/1817
f 1813/1813/1813 1819/1819/1819 1814/1814/1814
f 1819/1819/1819 1813/1813/1813 1818/1818/1818
f 1814/1814/1814 1820/1820/1820 1815/1815/1815
f 1820/1820/1820 1814/1814/1814 1819/1819/1819
f 1821/1821/1821 1815/1815/1815 1820/1820/1820
f 1791/1791/1791 1822/1822/1822 1816/1816/1816
f 1822/1822/1822 1791/1791/1791 1792/1792/1792
f 1816/1816/1816 1823/1823/1823 1817/1817/1817
f 1823/1823/1823 1816/1816/1816 1822/1822/1822
f 1822/1822/1822 1792/1792/1792 1824/1824/1824
f 1822/1822/1822 1824/1824/1824 1823/1823/1823
f 1825/1825/1825 1824/1824/1824 1792/1792/1792
f 1825/1825/1825 1826/1826/1826 1824/1824/1824
f 1817/1817/1817 1827/1827/1827 1818/1818/1818
f 1827/1827/1827 1817/1817/1817 1823/1823/1823
f 1818/1818/1818 1828/1828/1828 1819/1819/1819
f 1828/1828/1828 1818/1818/1818 1827/1827/1827
f 1819/1819/1819 1829/1829/1829 1820/1820/1820
f 1829/1829/1829 1819/1819/1819 1828/1828/1828
f 1820/1820/1820 1830/1830/1830 1821/1821/1821
f 1830/1830/1830 1820/1820/1820 1829/1829/1829
f 1831/1831/1831 1821/1821/1821 1830/1830/1830
f 1831/1831/1831 1830/1830/1830 1832/1832/1832
f 1833/1833/1833 1823/1823/1823 1824/1824/1824
f 1823/1823/1823 1833/1833/1833 1827/1827/1827
f 1834/1834/1834 1824/1824/1824 1826/1826/1826
f 1824/1824/1824 1834/1834/1834 1833/1833/1833
f 1826/1826/1826 1835/1835/1835 1834/1834/1834
f 1827/1827/1827 1836/1836/1836 1828/1828/1828
f 1836/1836/1836 1827/1827/1827 1833/1833/1833
f 1828/1828/1828 1837/1837/1837 1829/1829/1829
f 1837/1837/1837 1828/1828/1828 1836/1836/1836
f 1829/1829/1829 1838/1838/1838 1830/1830/1830
f 1838/1838/1838 1829/1829/1829 1837/1837/1837
f 1839/1839/1839 1832/1832/1832 1830/1830/1830
f 1839/1839/1839 1830/1830/1830 1838/1838/1838
f 1840/1840/1840 1833/1833/1833 1834/1834/1834
f 1833/1833/1833 1840/1840/1840 1836/1836/1836
f 1841/1841/1841 1834/1834/1834 1835/1835/1835
f 1834/1834/1834 1841/1841/1841 1840/1840/1840
f 1835/1835/1835 1842/1842/1842 1841/1841/1841
f 1837/1837/1837 1843/1843/1843 1838/1838/1838
f 1837/1837/1837 1836/1836/1836 1843/1843/1843
f 1839/1839/1839 1844/1844/1844 1832/1832/1832
f 1845/1845/1845 1832/1832/1832 1844/1844/1844
f 1838/1838/1838 1846/1846/1846 1839/1839/1839
f 1846/1846/1846 1838/1838/1838 1843/1843/1843
f 1844/1844/1844 1839/1839/1839 1846/1846/1846
f 1847/1847/1847 1841/1841/1841 1842/1842/1842
f 1842/1842/1842 1848/1848/1848 1847/1847/1847
f 1844/1844/1844 1849/1849/1849 1845/1845/1845
f 1850/1850/1850 1845/1845/1845 1849/1849/1849
f 1846/1846/1846 1851/1851/1851 1844/1844/1844
f 1846/1846/1846 1843/1843/1843 1851/1851/1851
f 1849/1849/1849 1844/1844/1844 1851/1851/1851
f 1852/1852/1852 1843/1843/1843 1836/1836/1836
f 1852/1852/1852 1836/1836/1836 1840/1840/1840
f 1853/1853/1853 1840/1840/1840 1841/1841/1841
f 1841/1841/1841 1847/1847/1847 1853/1853/1853
f 1854/1854/1854 1847/1847/1847 1848/1848/1848
f 1848/1848/1848 1855/1855/1855 1854/1854/1854
f 1849/1849/1849 1856/1856/1856 1850/1850/1850
f 1857/1857/1857 1850/1850/1850 1856/1856/1856
f 1843/1843/1843 1852/1852/1852 1858/1858/1858
f 1858/1858/1858 1851/1851/1851 1843/1843/1843
f 1852/1852/1852 1840/1840/1840 1859/1859/1859
f 1853/1853/1853 1859/1859/1859 1840/1840/1840
f 1859/1859/1859 1858/1858/1858 1852/1852/1852
f 1860/1860/1860 1853/1853/1853 1847/1847/1847
f 1847/1847/1847 1854/1854/1854 1860/1860/1860
f 1853/1853/1853 1860/1860/1860 1859/1859/1859
f 1861/1861/1861 1854/1854/1854 1855/1855/1855
f 1855/1855/1855 1862/1862/1862 1861/1861/1861
f 1858/1858/1858 1863/1863/1863 1851/1851/1851
f 1858/1858/1858 1859/1859/1859 1863/1863/1863
f 1864/1864/1864 1860/1860/1860 1854/1854/1854
f 1854/1854/1854 1861/1861/1861 1864/1864/1864
f 1865/1865/1865 1859/1859/1859 1860/1860/1860
f 1865/1865/1865 1863/1863/1863 1859/1859/1859
f 1860/1860/1860 1864/1864/1864 1865/1865/1865
f 1866/1866/1866 1861/1861/1861 1862/1862/1862
f 1862/1862/1862 1867/1867/1867 1866/1866/1866
f 1868/1868/1868 1851/1851/1851 1863/1863/1863
f 1851/1851/1851 1868/1868/1868 1849/1849/1849
f 1856/1856/1856 1849/1849/1849 1868/1868/1868
f 1863/1863/1863 1865/1865/1865 1869/1869/1869
f 1863/1863/1863 1869/1869/1869 1868/1868/1868
f 1870/1870/1870 1865/1865/1865 1864/1864/1864
f 1870/1870/1870 1869/1869/1869 1865/1865/1865
f 1871/1871/1871 1864/1864/1864 1861/1861/1861
f 1864/1864/1864 1871/1871/1871 1870/1870/1870
f 1861/1861/1861 1866/1866/1866 1871/1871/1871
f 1872/1872/1872 1866/1866/1866 1867/1867/1867
f 1867/1867/1867 1873/1873/1873 1872/1872/1872
f 1868/1868/1868 1874/1874/1874 1856/1856/1856
f 1874/1874/1874 1868/1868/1868 1869/1869/1869
f 1875/1875/1875 1870/1870/1870 1871/1871/1871
f 1870/1870/1870 1875/1875/1875 1869/1869/1869
f 1876/1876/1876 1871/1871/1871 1866/1866/1866
f 1866/1866/1866 1872/1872/1872 1876/1876/1876
f 1871/1871/1871 1876/1876/1876 1875/1875/1875
f 1877/1877/1877 1872/1872/1872 1873/1873/1873
f 1873/1873/1873 1878/1878/1878 1877/1877/1877
f 1879/1879/1879 1876/1876/1876 1872/1872/1872
f 1872/1872/1872 1877/1877/1877 1879/1879/1879
f 1880/1880/1880 1856/1856/1856 1874/1874/1874
f 1856/1856/1856 1880/1880/1880 1857/1857/1857
f 1881/1881/1881 1857/1857/1857 1880/1880/1880
f 1869/1869/1869 1882/1882/1882 1874/1874/1874
f 1882/1882/1882 1869/1869/1869 1875/1875/1875
f 1883/1883/1883 1875/1875/1875 1876/1876/1876
f 1876/1876/1876 1879/1879/1879 1883/1883/1883
f 1874/1874/1874 1884/1884/1884 1880/1880/1880
f 1884/1884/1884 1874/1874/1874 1882/1882/1882
f 1880/1880/1880 1885/1885/1885 1881/1881/1881
f 1885/1885/1885 1880/1880/1880 1884/1884/1884
f 1886/1886/1886 1881/1881/1881 1885/1885/1885
f 1882/1882/1882 1875/1875/1875 1887/1887/1887
f 1882/1882/1882 1887/1887/1887 1884/1884/1884
f 1883/1883/1883 1887/1887/1887 1875/1875/1875
f 1884/1884/1884 1888/1888/1888 1885/1885/1885
f 1888/1888/1888 1884/1884/1884 1887/1887/1887
f 1885/1885/1885 1889/1889/1889 1886/1886/1886
f 1889/1889/1889 1885/1885/1885 1888/1888/1888
f 1890/1890/1890 1886/1886/1886 1889/1889/1889
f 1887/1887/1887 1883/1883/1883 1891/1891/1891
f 1887/1887/1887 1891/1891/1891 1888/1888/1888
f 1892/1892/1892 1883/1883/1883 1879/1879/1879
f 1892/1892/1892 1891/1891/1891 1883/1883/1883
f 1888/1888/1888 1893/1893/1893 1889/1889/1889
f 1893/1893/1893 1888/1888/1888 1891/1891/1891
f 1889/1889/1889 1894/1894/1894 1890/1890/1890
f 1894/1894/1894 1889/1889/1889 1893/1893/1893
f 1895/1895/1895 1890/1890/1890 1894/1894/1894
f 1891/1891/1891 1896/1896/1896 1893/1893/1893
f 1891/1891/1891 1892/1892/1892 1896/1896/1896
f 1879/1879/1879 1897/1897/1897 1892/1892/1892
f 1897/1897/1897 1879/1879/1879 1877/1877/1877
f 1893/1893/1893 1898/1898/1898 1894/1894/1894
f 1898/1898/1898 1893/1893/1893 1896/1896/1896
f 1894/1894/1894 1899/1899/1899 1895/1895/1895
f 1899/1899/1899 1894/1894/1894 1898/1898/1898
f 1900/1900/1900 1895/1895/1895 1899/1899/1899
f 1899/1899/1899 1901/1901/1901 1900/1900/1900
f 1899/1899/1899 1898/1898/1898 1901/1901/1901
f 1902/1902/1902 1900/1900/1900 1901/1901/1901
f 1902/1902/1902 1901/1901/1901 1903/1903/1903
f 1904/1904/1904 1903/1903/1903 1901/1901/1901
f 1905/1905/1905 1901/1901/1901 1898/1898/1898
f 1901/1901/1901 1905/1905/1905 1904/1904/1904
f 1898/1898/1898 1896/1896/1896 1905/1905/1905
f 1906/1906/1906 1904/1904/1904 1905/1905/1905
f 1905/1905/1905 1907/1907/1907 1906/1906/1906
f 1907/1907/1907 1905/1905/1905 1896/1896/1896
f 1908/1908/1908 1906/1906/1906 1907/1907/1907
f 1896/1896/1896 1909/1909/1909 1907/1907/1907
f 1909/1909/1909 1896/1896/1896 1892/1892/1892
f 1909/1909/1909 1892/1892/1892 1897/1897/1897
f 1907/1907/1907 1910/1910/1910 1908/1908/1908
f 1910/1910/1910 1907/1907/1907 1909/1909/1909
f 1909/1909/1909 1897/1897/1897 1910/1910/1910
f 1911/1911/1911 1908/1908/1908 1910/1910/1910
f 1910/1910/1910 1912/1912/1912 1911/1911/1911
f 1912/1912/1912 1910/1910/1910 1897/1897/1897
f 1913/1913/1913 1911/1911/1911 1912/1912/1912
f 1912/1912/1912 1897/1897/1897 1914/1914/1914
f 1912/1912/1912 1914/1914/1914 1913/1913/1913
f 1877/1877/1877 1914/1914/1914 1897/1897/1897
f 1915/1915/1915 1913/1913/1913 1914/1914/1914
f 1914/1914/1914 1877/1877/1877 1878/1878/1878
f 1914/1914/1914 1878/1878/1878 1915/1915/1915
f 1916/1916/1916 1915/1915/1915 1878/1878/1878
f 1919/1919/1919 1918/1918/1918 1917/1917/1917
f 1920/1920/1920 1917/1917/1917 1918/1918/1918
f 1918/1918/1918 1921/1921/1921 1920/1920/1920
f 1917/1917/1917 1920/1920/1920 1922/1922/1922
f 1923/1923/1923 1920/1920/1920 1921/1921/1921
f 1921/1921/1921 1924/1924/1924 1923/1923/1923
f 1925/1925/1925 1922/1922/1922 1920/1920/1920
f 1920/1920/1920 1923/1923/1923 1925/1925/1925
f 1922/1922/1922 1925/1925/1925 1926/1926/1926
f 1927/1927/1927 1923/1923/1923 1924/1924/1924
f 1924/1924/1924 1928/1928/1928 1927/1927/1927
f 1929/1929/1929 1926/1926/1926 1925/1925/1925
f 1926/1926/1926 1929/1929/1929 1930/1930/1930
f 1931/1931/1931 1930/1930/1930 1929/1929/1929
f 1931/1931/1931 1929/1929/1929 1932/1932/1932
f 1933/1933/1933 1925/1925/1925 1923/1923/1923
f 1925/1925/1925 1933/1933/1933 1929/1929/1929
f 1923/1923/1923 1927/1927/1927 1933/1933/1933
f 1934/1934/1934 1927/1927/1927 1928/1928/1928
f 1928/1928/1928 1935/1935/1935 1934/1934/1934
f 1936/1936/1936 1932/1932/1932 1929/1929/1929
f 1936/1936/1936 1929/1929/1929 1933/1933/1933
f 1937/1937/1937 1933/1933/1933 1927/1927/1927
f 1933/1933/1933 1937/1937/1937 1936/1936/1936
f 1927/1927/1927 1934/1934/1934 1937/1937/1937
f 1936/1936/1936 1938/1938/1938 1932/1932/1932
f 1938/1938/1938 1936/1936/1936 1937/1937/1937
f 1939/1939/1939 1932/1932/1932 1938/1938/1938
f 1940/1940/1940 1934/1934/1934 1935/1935/1935
f 1935/1935/1935 1941/1941/1941 1940/1940/1940
f 1942/1942/1942 1937/1937/1937 1934/1934/1934
f 1937/1937/1937 1942/1942/1942 1938/1938/1938
f 1934/1934/1934 1940/1940/1940 1942/1942/1942
f 1938/1938/1938 1943/1943/1943 1939/1939/1939
f 1943/1943/1943 1938/1938/1938 1942/1942/1942
f 1944/1944/1944 1939/1939/1939 1943/1943/1943
f 1945/1945/1945 1942/1942/1942 1940/1940/1940
f 1942/1942/1942 1945/1945/1945 1943/1943/1943
f 1943/1943/1943 1946/1946/1946 1944/1944/1944
f 1946/1946/1946 1943/1943/1943 1945/1945/1945
f 1947/1947/1947 1944/1944/1944 1946/1946/1946
f 1948/1948/1948 1940/1940/1940 1941/1941/1941
f 1940/1940/1940 1948/1948/1948 1945/1945/1945
f 1945/1945/1945 1949/1949/1949 1946/1946/1946
f 1949/1949/1949 1945/1945/1945 1948/1948/1948
f 1946/1946/1946 1950/1950/1950 1947/1947/1947
f 1950/1950/1950 1946/1946/1946 1949/1949/1949
f 1950/1950/1950 1949/1949/1949 1951/1951/1951
f 1952/1952/1952 1947/1947/1947 1950/1950/1950
f 1950/1950/1950 1951/1951/1951 1952/1952/1952
f 1953/1953/1953 1952/1952/1952 1951/1951/1951
f 1953/1953/1953 1951/1951/1951 1954/1954/1954
f 1948/1948/1948 1941/1941/1941 1955/1955/1955
f 1956/1956/1956 1955/1955/1955 1941/1941/1941
f 1956/1956/1956 1957/1957/1957 1955/1955/1955
f 1949/1949/1949 1948/1948/1948 1958/1958/1958
f 1955/1955/1955 1958/1958/1958 1948/1948/1948
f 1958/1958/1958 1951/1951/1951 1949/1949/1949
f 1959/1959/1959 1955/1955/1955 1957/1957/1957
f 1955/1955/1955 1959/1959/1959 1958/1958/1958
f 1957/1957/1957 1960/1960/1960 1959/1959/1959
f 1961/1961/1961 1954/1954/1954 1951/1951/1951
f 1954/1954/1954 1961/1961/1961 1962/1962/1962
f 1958/1958/1958 1963/1963/1963 1951/1951/1951
f 1963/1963/1963 1958/1958/1958 1959/1959/1959
f 1961/1961/1961 1951/1951/1951 1963/1963/1963
f 1964/1964/1964 1959/1959/1959 1960/1960/1960
f 1959/1959/1959 1964/1964/1964 1963/1963/1963
f 1960/1960/1960 1965/1965/1965 1964/1964/1964
f 1966/1966/1966 1962/1962/1962 1961/1961/1961
f 1961/1961/1961 1963/1963/1963 1966/1966/1966
f 1962/1962/1962 1966/1966/1966 1967/1967/1967
f 1968/1968/1968 1963/1963/1963 1964/1964/1964
f 1968/1968/1968 1966/1966/1966 1963/1963/1963
f 1969/1969/1969 1964/1964/1964 1965/1965/1965
f 1964/1964/1964 1969/1969/1969 1968/1968/1968
f 1965/1965/1965 1970/1970/1970 1969/1969/1969
f 1971/1971/1971 1967/1967/1967 1966/1966/1966
f 1967/1967/1967 1971/1971/1971 1972/1972/1972
f 1968/1968/1968 1973/1973/1973 1966/1966/1966
f 1973/1973/1973 1968/1968/1968 1969/1969/1969
f 1971/1971/1971 1966/1966/1966 1973/1973/1973
f 1974/1974/1974 1969/1969/1969 1970/1970/1970
f 1969/1969/1969 1974/1974/1974 1973/1973/1973
f 1970/1970/1970 1975/1975/1975 1974/1974/1974
f 1973/1973/1973 1976/1976/1976 1971/1971/1971
f 1976/1976/1976 1973/1973/1973 1974/1974/1974
f 1977/1977/1977 1974/1974/1974 1975/1975/1975
f 1974/1974/1974 1977/1977/1977 1976/1976/1976
f 1975/1975/1975 1978/1978/1978 1977/1977/1977
f 1979/1979/1979 1972/1972/1972 1971/1971/1971
f 1979/1979/1979 1971/1971/1971 1976/1976/1976
f 1980/1980/1980 1976/1976/1976 1977/1977/1977
f 1976/1976/1976 1980/1980/1980 1979/1979/1979
f 1981/1981/1981 1977/1977/1977 1978/1978/1978
f 1977/1977/1977 1981/1981/1981 1980/1980/1980
f 1978/1978/1978 1982/1982/1982 1981/1981/1981
f 1979/1979/1979 1983/1983/1983 1972/1972/1972
f 1983/1983/1983 1979/1979/1979 1980/1980/1980
f 1984/1984/1984 1972/1972/1972 1983/1983/1983
f 1984/1984/1984 1983/1983/1983 1985/1985/1985
f 1986/1986/1986 1980/1980/1980 1981/1981/1981
f 1980/1980/1980 1986/1986/1986 1983/1983/1983
f 1987/1987/1987 1981/1981/1981 1982/1982/1982
f 1981/1981/1981 1987/1987/1987 1986/1986/1986
f 1982/1982/1982 1988/1988/1988 1987/1987/1987
f 1989/1989/1989 1985/1985/1985 1983/1983/1983
f 1989/1989/1989 1983/1983/1983 1986/1986/1986
f 1985/1985/1985 1989/1989/1989 1990/1990/1990
f 1991/1991/1991 1986/1986/1986 1987/1987/1987
f 1986/1986/1986 1991/1991/1991 1989/1989/1989
f 1992/1992/1992 1987/1987/1987 1988/1988/1988
f 1987/1987/1987 1992/1992/1992 1991/1991/1991
f 1988/1988/1988 1993/1993/1993 1992/1992/1992
f 1994/1994/1994 1990/1990/1990 1989/1989/1989
f 1994/1994/1994 1989/1989/1989 1991/1991/1991
f 1990/1990/1990 1994/1994/1994 1995/1995/1995
f 1996/1996/1996 1991/1991/1991 1992/1992/1992
f 1991/1991/1991 1996/1996/1996 1994/1994/1994
f 1997/1997/1997 1995/1995/1995 1994/1994/1994
f 1997/1997/1997 1994/1994/1994 1996/1996/1996
f 1995/1995/1995 1997/1997/1997 1998/1998/1998
f 1999/1999/1999 1998/1998/1998 1997/1997/1997
f 1997/1997/1997 1996/1996/1996 1999/1999/1999
f 1998/1998/1998 1999/1999/1999 2000/2000/2000
f 2001/2001/2001 2000/2000/2000 1999/1999/1999
f 1999/1999/1999 2002/2002/2002 2001/2001/2001
f 2002/2002/2002 1999/1999/1999 1996/1996/1996
f 2003/2003/2003 2001/2001/2001 2002/2002/2002
f 1992/1992/1992 2004/2004/2004 1996/1996/1996
f 2002/2002/2002 1996/1996/1996 2004/2004/2004
f 2002/2002/2002 2004/2004/2004 2003/2003/2003
f 2004/2004/2004 1992/1992/1992 1993/1993/1993
f 2005/2005/2005 2003/2003/2003 2004/2004/2004
f 2004/2004/2004 1993/1993/1993 2005/2005/2005
f 2006/2006/2006 2005/2005/2005 1993/1993/1993
f 2009/2009/2009 2008/2008/2008 2007/2007/2007
f 2010/2010/2010 2007/2007/2007 2008/2008/2008
f 2008/2008/2008 2011/2011/2011 2010/2010/2010
f 2012/2012/2012 2010/2010/2010 2011/2011/2011
f 2011/2011/2011 2013/2013/2013 2012/2012/2012
f 2014/2014/2014 2012/2012/2012 2013/2013/2013
f 2013/2013/2013 2015/2015/2015 2014/2014/2014
f 2016/2016/2016 2014/2014/2014 2015/2015/2015
f 2015/2015/2015 2017/2017/2017 2016/2016/2016
f 2018/2018/2018 2016/2016/2016 2017/2017/2017
f 2017/2017/2017 2019/2019/2019 2018/2018/2018
f 2020/2020/2020 2018/2018/2018 2019/2019/2019
f 2019/2019/2019 2021/2021/2021 2020/2020/2020
f 2022/2022/2022 2020/2020/2020 2021/2021/2021
f 2021/2021/2021 2023/2023/2023 2022/2022/2022
f 2024/2024/2024 2022/2022/2022 2023/2023/2023
f 2023/2023/2023 2025/2025/2025 2024/2024/2024
f 2026/2026/2026 2024/2024/2024 2025/2025/2025
f 2025/2025/2025 2027/2027/2027 2026/2026/2026
f 2028/2028/2028 2026/2026/2026 2027/2027/2027
f 2027/2027/2027 2029/2029/2029 2028/2028/2028
f 2030/2030/2030 2028/2028/2028 2029/2029/2029
f 2029/2029/2029 2031/2031/2031 2030/2030/2030
f 2032/2032/2032 2030/2030/2030 2031/2031/2031
f 2031/2031/2031 2033/2033/2033 2032/2032/2032
f 2034/2034/2034 2032/2032/2032 2033/2033/2033
f 2033/2033/2033 2035/2035/2035 2034/2034/2034
f 2036/2036/2036 2034/2034/2034 2035/2035/2035
f 2035/2035/2035 2037/2037/2037 2036/2036/2036
f 2038/2038/2038 2036/2036/2036 2037/2037/2037
f 2038/2038/2038 2037/2037/2037 2039/2039/2039
f 2040/2040/2040 2039/2039/2039 2037/2037/2037
f 2039/2039/2039 2040/2040/2040 2041/2041/2041
f 2042/2042/2042 2041/2041/2041 2040/2040/2040
f 2045/2045/2045 2044/2044/2044 2043/2043/2043
f 2046/2046/2046 2043/2043/2043 2044/2044/2044
f 2044/2044/2044 2047/2047/2047 2046/2046/2046
f 2043/2043/2043 2046/2046/2046 2048/2048/2048
f 2049/2049/2049 2046/2046/2046 2047/2047/2047
f 2047/2047/2047 2050/2050/2050 2049/2049/2049
f 2051/2051/2051 2048/2048/2048 2046/2046/2046
f 2046/2046/2046 2049/2049/2049 2051/2051/2051
f 2048/2048/2048 2051/2051/2051 2052/2052/2052
f 2053/2053/2053 2049/2049/2049 2050/2050/2050
f 2050/2050/2050 2054/2054/2054 2053/2053/2053
f 2055/2055/2055 2051/2051/2051 2049/2049/2049
f 2049/2049/2049 2053/2053/2053 2055/2055/2055
f 2056/2056/2056 2052/2052/2052 2051/2051/2051
f 2051/2051/2051 2055/2055/2055 2056/2056/2056
f 2057/2057/2057 2053/2053/2053 2054/2054/2054
f 2054/2054/2054 2058/2058/2058 2057/2057/2057
f 2059/2059/2059 2055/2055/2055 2053/2053/2053
f 2053/2053/2053 2057/2057/2057 2059/2059/2059
f 2060/2060/2060 2057/2057/2057 2058/2058/2058
f 2058/2058/2058 2061/2061/2061 2060/2060/2060
f 2056/2056/2056 2062/2062/2062 2052/2052/2052
f 2063/2063/2063 2052/2052/2052 2062/2062/2062
f 2063/2063/2063 2062/2062/2062 2064/2064/2064
f 2065/2065/2065 2056/2056/2056 2055/2055/2055
f 2055/2055/2055 2059/2059/2059 2065/2065/2065
f 2066/2066/2066 2059/2059/2059 2057/2057/2057
f 2057/2057/2057 2060/2060/2060 2066/2066/2066
f 2067/2067/2067 2060/2060/2060 2061/2061/2061
f 2061/2061/2061 2068/2068/2068 2067/2067/2067
f 2069/2069/2069 2064/2064/2064 2062/2062/2062
f 2064/2064/2064 2069/2069/2069 2070/2070/2070
f 2071/2071/2071 2070/2070/2070 2069/2069/2069
f 2062/2062/2062 2056/2056/2056 2072/2072/2072
f 2062/2062/2062 2072/2072/2072 2069/2069/2069
f 2065/2065/2065 2072/2072/2072 2056/2056/2056
f 2069/2069/2069 2073/2073/2073 2071/2071/2071
f 2073/2073/2073 2069/2069/2069 2072/2072/2072
f 2074/2074/2074 2071/2071/2071 2073/2073/2073
f 2072/2072/2072 2065/2065/2065 2075/2075/2075
f 2072/2072/2072 2075/2075/2075 2073/2073/2073
f 2073/2073/2073 2076/2076/2076 2074/2074/2074
f 2076/2076/2076 2073/2073/2073 2075/2075/2075
f 2077/2077/2077 2074/2074/2074 2076/2076/2076
f 2076/2076/2076 2078/2078/2078 2077/2077/2077
f 2079/2079/2079 2077/2077/2077 2078/2078/2078
f 2080/2080/2080 2075/2075/2075 2065/2065/2065
f 2080/2080/2080 2065/2065/2065 2059/2059/2059
f 2059/2059/2059 2066/2066/2066 2080/2080/2080
f 2075/2075/2075 2081/2081/2081 2076/2076/2076
f 2078/2078/2078 2076/2076/2076 2081/2081/2081
f 2080/2080/2080 2082/2082/2082 2075/2075/2075
f 2082/2082/2082 2080/2080/2080 2066/2066/2066
f 2081/2081/2081 2075/2075/2075 2082/2082/2082
f 2078/2078/2078 2083/2083/2083 2079/2079/2079
f 2084/2084/2084 2079/2079/2079 2083/2083/2083
f 2066/2066/2066 2085/2085/2085 2082/2082/2082
f 2085/2085/2085 2066/2066/2066 2060/2060/2060
f 2060/2060/2060 2067/2067/2067 2085/2085/2085
f 2081/2081/2081 2086/2086/2086 2078/2078/2078
f 2083/2083/2083 2078/2078/2078 2086/2086/2086
f 2082/2082/2082 2087/2087/2087 2081/2081/2081
f 2087/2087/2087 2082/2082/2082 2085/2085/2085
f 2086/2086/2086 2081/2081/2081 2087/2087/2087
f 2083/2083/2083 2088/2088/2088 2084/2084/2084
f 2089/2089/2089 2084/2084/2084 2088/2088/2088
f 2090/2090/2090 2085/2085/2085 2067/2067/2067
f 2085/2085/2085 2090/2090/2090 2087/2087/2087
f 2086/2086/2086 2091/2091/2091 2083/2083/2083
f 2088/2088/2088 2083/2083/2083 2091/2091/2091
f 2087/2087/2087 2092/2092/2092 2086/2086/2086
f 2092/2092/2092 2087/2087/2087 2090/2090/2090
f 2091/2091/2091 2086/2086/2086 2092/2092/2092
f 2088/2088/2088 2093/2093/2093 2089/2089/2089
f 2094/2094/2094 2089/2089/2089 2093/2093/2093
f 2067/2067/2067 2095/2095/2095 2090/2090/2090
f 2095/2095/2095 2067/2067/2067 2068/2068/2068
f 2068/2068/2068 2096/2096/2096 2095/2095/2095
f 2090/2090/2090 2097/2097/2097 2092/2092/2092
f 2097/2097/2097 2090/2090/2090 2095/2095/2095
f 2098/2098/2098 2095/2095/2095 2096/2096/2096
f 2095/2095/2095 2098/2098/2098 2097/2097/2097
f 2096/2096/2096 2099/2099/2099 2098/2098/2098
f 2091/2091/2091 2100/2100/2100 2088/2088/2088
f 2093/2093/2093 2088/2088/2088 2100/2100/2100
f 2092/2092/2092 2101/2101/2101 2091/2091/2091
f 2101/2101/2101 2092/2092/2092 2097/2097/2097
f 2100/2100/2100 2091/2091/2091 2101/2101/2101
f 2093/2093/2093 2102/2102/2102 2094/2094/2094
f 2103/2103/2103 2094/2094/2094 2102/2102/2102
f 2100/2100/2100 2104/2104/2104 2093/2093/2093
f 2102/2102/2102 2093/2093/2093 2104/2104/2104
f 2100/2100/2100 2101/2101/2101 2104/2104/2104
f 2102/2102/2102 2105/2105/2105 2103/2103/2103
f 2102/2102/2102 2104/2104/2104 2105/2105/2105
f 2106/2106/2106 2103/2103/2103 2105/2105/2105
f 2107/2107/2107 2097/2097/2097 2098/2098/2098
f 2097/2097/2097 2107/2107/2107 2101/2101/2101
f 2108/2108/2108 2104/2104/2104 2101/2101/2101
f 2108/2108/2108 2101/2101/2101 2107/2107/2107
f 2104/2104/2104 2108/2108/2108 2109/2109/2109
f 2109/2109/2109 2105/2105/2105 2104/2104/2104
f 2105/2105/2105 2110/2110/2110 2106/2106/2106
f 2111/2111/2111 2106/2106/2106 2110/2110/2110
f 2112/2112/2112 2109/2109/2109 2108/2108/2108
f 2108/2108/2108 2107/2107/2107 2112/2112/2112
f 2109/2109/2109 2113/2113/2113 2105/2105/2105
f 2110/2110/2110 2105/2105/2105 2113/2113/2113
f 2109/2109/2109 2112/2112/2112 2113/2113/2113
f 2098/2098/2098 2114/2114/2114 2107/2107/2107
f 2114/2114/2114 2098/2098/2098 2099/2099/2099
f 2099/2099/2099 2115/2115/2115 2114/2114/2114
f 2110/2110/2110 2116/2116/2116 2111/2111/2111
f 2117/2117/2117 2111/2111/2111 2116/2116/2116
f 2113/2113/2113 2118/2118/2118 2110/2110/2110
f 2116/2116/2116 2110/2110/2110 2118/2118/2118
f 2119/2119/2119 2107/2107/2107 2114/2114/2114
f 2119/2119/2119 2112/2112/2112 2107/2107/2107
f 2120/2120/2120 2114/2114/2114 2115/2115/2115
f 2114/2114/2114 2120/2120/2120 2119/2119/2119
f 2115/2115/2115 2121/2121/2121 2120/2120/2120
f 2116/2116/2116 2122/2122/2122 2117/2117/2117
f 2123/2123/2123 2117/2117/2117 2122/2122/2122
f 2124/2124/2124 2113/2113/2113 2112/2112/2112
f 2113/2113/2113 2124/2124/2124 2118/2118/2118
f 2119/2119/2119 2125/2125/2125 2112/2112/2112
f 2125/2125/2125 2119/2119/2119 2120/2120/2120
f 2124/2124/2124 2112/2112/2112 2125/2125/2125
f 2126/2126/2126 2120/2120/2120 2121/2121/2121
f 2120/2120/2120 2126/2126/2126 2125/2125/2125
f 2121/2121/2121 2127/2127/2127 2126/2126/2126
f 2125/2125/2125 2128/2128/2128 2124/2124/2124
f 2128/2128/2128 2125/2125/2125 2126/2126/2126
f 2129/2129/2129 2126/2126/2126 2127/2127/2127
f 2126/2126/2126 2129/2129/2129 2128/2128/2128
f 2127/2127/2127 2130/2130/2130 2129/2129/2129
f 2131/2131/2131 2124/2124/2124 2128/2128/2128
f 2131/2131/2131 2118/2118/2118 2124/2124/2124
f 2132/2132/2132 2128/2128/2128 2129/2129/2129
f 2128/2128/2128 2132/2132/2132 2131/2131/2131
f 2133/2133/2133 2129/2129/2129 2130/2130/2130
f 2129/2129/2129 2133/2133/2133 2132/2132/2132
f 2130/2130/2130 2134/2134/2134 2133/2133/2133
f 2131/2131/2131 2135/2135/2135 2118/2118/2118
f 2135/2135/2135 2131/2131/2131 2132/2132/2132
f 2136/2136/2136 2132/2132/2132 2133/2133/2133
f 2132/2132/2132 2136/2136/2136 2135/2135/2135
f 2137/2137/2137 2133/2133/2133 2134/2134/2134
f 2133/2133/2133 2137/2137/2137 2136/2136/2136
f 2134/2134/2134 2138/2138/2138 2137/2137/2137
f 2139/2139/2139 2137/2137/2137 2138/2138/2138
f 2138/2138/2138 2140/2140/2140 2139/2139/2139
f 2141/2141/2141 2136/2136/2136 2137/2137/2137
f 2137/2137/2137 2139/2139/2139 2141/2141/2141
f 2142/2142/2142 2118/2118/2118 2135/2135/2135
f 2118/2118/2118 2142/2142/2142 2116/2116/2116
f 2122/2122/2122 2116/2116/2116 2142/2142/2142
f 2143/2143/2143 2135/2135/2135 2136/2136/2136
f 2136/2136/2136 2141/2141/2141 2143/2143/2143
f 2142/2142/2142 2135/2135/2135 2144/2144/2144
f 2142/2142/2142 2144/2144/2144 2122/2122/2122
f 2143/2143/2143 2144/2144/2144 2135/2135/2135
f 2145/2145/2145 2122/2122/2122 2144/2144/2144
f 2122/2122/2122 2145/2145/2145 2123/2123/2123
f 2146/2146/2146 2123/2123/2123 2145/2145/2145
f 2144/2144/2144 2143/2143/2143 2147/2147/2147
f 2144/2144/2144 2147/2147/2147 2145/2145/2145
f 2145/2145/2145 2148/2148/2148 2146/2146/2146
f 2148/2148/2148 2145/2145/2145 2147/2147/2147
f 2149/2149/2149 2146/2146/2146 2148/2148/2148
f 2150/2150/2150 2143/2143/2143 2141/2141/2141
f 2150/2150/2150 2147/2147/2147 2143/2143/2143
f 2147/2147/2147 2151/2151/2151 2148/2148/2148
f 2147/2147/2147 2150/2150/2150 2151/2151/2151
f 2148/2148/2148 2152/2152/2152 2149/2149/2149
f 2152/2152/2152 2148/2148/2148 2151/2151/2151
f 2153/2153/2153 2149/2149/2149 2152/2152/2152
f 2152/2152/2152 2154/2154/2154 2153/2153/2153
f 2152/2152/2152 2151/2151/2151 2154/2154/2154
f 2155/2155/2155 2153/2153/2153 2154/2154/2154
f 2155/2155/2155 2154/2154/2154 2156/2156/2156
f 2157/2157/2157 2156/2156/2156 2154/2154/2154
f 2154/2154/2154 2158/2158/2158 2157/2157/2157
f 2158/2158/2158 2154/2154/2154 2151/2151/2151
f 2159/2159/2159 2157/2157/2157 2158/2158/2158
f 2141/2141/2141 2160/2160/2160 2150/2150/2150
f 2160/2160/2160 2141/2141/2141 2139/2139/2139
f 2161/2161/2161 2151/2151/2151 2150/2150/2150
f 2151/2151/2151 2161/2161/2161 2158/2158/2158
f 2161/2161/2161 2150/2150/2150 2160/2160/2160
f 2158/2158/2158 2162/2162/2162 2159/2159/2159
f 2162/2162/2162 2158/2158/2158 2161/2161/2161
f 2161/2161/2161 2160/2160/2160 2162/2162/2162
f 2163/2163/2163 2159/2159/2159 2162/2162/2162
f 2162/2162/2162 2164/2164/2164 2163/2163/2163
f 2164/2164/2164 2162/2162/2162 2160/2160/2160
f 2165/2165/2165 2163/2163/2163 2164/2164/2164
f 2139/2139/2139 2166/2166/2166 2160/2160/2160
f 2164/2164/2164 2160/2160/2160 2166/2166/2166
f 2164/2164/2164 2166/2166/2166 2165/2165/2165
f 2166/2166/2166 2139/2139/2139 2140/2140/2140
f 2167/2167/2167 2165/2165/2165 2166/2166/2166
f 2166/2166/2166 2140/2140/2140 2167/2167/2167
f 2168/2168/2168 2167/2167/2167 2140/2140/2140
f 2171/2171/2171 2170/2170/2170 2169/2169/2169
f 2172/2172/2172 2169/2169/2169 2170/2170/2170
f 2169/2169/2169 2172/2172/2172 2173/2173/2173
f 2172/2172/2172 2170/2170/2170 2174/2174/2174
f 2175/2175/2175 2174/2174/2174 2170/2170/2170
f 2176/2176/2176 2173/2173/2173 2172/2172/2172
f 2172/2172/2172 2174/2174/2174 2176/2176/2176
f 2173/2173/2173 2176/2176/2176 2177/2177/2177
f 2178/2178/2178 2177/2177/2177 2176/2176/2176
f 2176/2176/2176 2179/2179/2179 2178/2178/2178
f 2179/2179/2179 2176/2176/2176 2174/2174/2174
f 2180/2180/2180 2178/2178/2178 2179/2179/2179
f 2174/2174/2174 2175/2175/2175 2181/2181/2181
f 2174/2174/2174 2181/2181/2181 2179/2179/2179
f 2182/2182/2182 2181/2181/2181 2175/2175/2175
f 2182/2182/2182 2183/2183/2183 2181/2181/2181
f 2179/2179/2179 2184/2184/2184 2180/2180/2180
f 2184/2184/2184 2179/2179/2179 2181/2181/2181
f 2185/2185/2185 2180/2180/2180 2184/2184/2184
f 2186/2186/2186 2181/2181/2181 2183/2183/2183
f 2181/2181/2181 2186/2186/2186 2184/2184/2184
f 2183/2183/2183 2187/2187/2187 2186/2186/2186
f 2184/2184/2184 2188/2188/2188 2185/2185/2185
f 2188/2188/2188 2184/2184/2184 2186/2186/2186
f 2189/2189/2189 2185/2185/2185 2188/2188/2188
f 2190/2190/2190 2186/2186/2186 2187/2187/2187
f 2186/2186/2186 2190/2190/2190 2188/2188/2188
f 2187/2187/2187 2191/2191/2191 2190/2190/2190
f 2188/2188/2188 2192/2192/2192 2189/2189/2189
f 2192/2192/2192 2188/2188/2188 2190/2190/2190
f 2193/2193/2193 2189/2189/2189 2192/2192/2192
f 2194/2194/2194 2190/2190/2190 2191/2191/2191
f 2190/2190/2190 2194/2194/2194 2192/2192/2192
f 2191/2191/2191 2195/2195/2195 2194/2194/2194
f 2192/2192/2192 2196/2196/2196 2193/2193/2193
f 2196/2196/2196 2192/2192/2192 2194/2194/2194
f 2197/2197/2197 2193/2193/2193 2196/2196/2196
f 2198/2198/2198 2194/2194/2194 2195/2195/2195
f 2194/2194/2194 2198/2198/2198 2196/2196/2196
f 2198/2198/2198 2195/2195/2195 2199/2199/2199
f 2200/2200/2200 2199/2199/2199 2195/2195/2195
f 2200/2200/2200 2201/2201/2201 2199/2199/2199
f 2196/2196/2196 2202/2202/2202 2197/2197/2197
f 2202/2202/2202 2196/2196/2196 2198/2198/2198
f 2198/2198/2198 2199/2199/2199 2202/2202/2202
f 2203/2203/2203 2197/2197/2197 2202/2202/2202
f 2202/2202/2202 2204/2204/2204 2203/2203/2203
f 2204/2204/2204 2202/2202/2202 2199/2199/2199
f 2205/2205/2205 2203/2203/2203 2204/2204/2204
f 2204/2204/2204 2206/2206/2206 2205/2205/2205
f 2204/2204/2204 2199/2199/2199 2206/2206/2206
f 2207/2207/2207 2205/2205/2205 2206/2206/2206
f 2208/2208/2208 2199/2199/2199 2201/2201/2201
f 2208/2208/2208 2206/2206/2206 2199/2199/2199
f 2208/2208/2208 2201/2201/2201 2209/2209/2209
f 2208/2208/2208 2209/2209/2209 2206/2206/2206
f 2210/2210/2210 2209/2209/2209 2201/2201/2201
f 2210/2210/2210 2211/2211/2211 2209/2209/2209
f 2206/2206/2206 2212/2212/2212 2207/2207/2207
f 2212/2212/2212 2206/2206/2206 2209/2209/2209
f 2213/2213/2213 2207/2207/2207 2212/2212/2212
f 2214/2214/2214 2209/2209/2209 2211/2211/2211
f 2209/2209/2209 2214/2214/2214 2212/2212/2212
f 2211/2211/2211 2215/2215/2215 2214/2214/2214
f 2212/2212/2212 2216/2216/2216 2213/2213/2213
f 2216/2216/2216 2212/2212/2212 2214/2214/2214
f 2217/2217/2217 2213/2213/2213 2216/2216/2216
f 2218/2218/2218 2214/2214/2214 2215/2215/2215
f 2214/2214/2214 2218/2218/2218 2216/2216/2216
f 2216/2216/2216 2219/2219/2219 2217/2217/2217
f 2219/2219/2219 2216/2216/2216 2218/2218/2218
f 2220/2220/2220 2217/2217/2217 2219/2219/2219
f 2218/2218/2218 2215/2215/2215 2221/2221/2221
f 2218/2218/2218 2221/2221/2221 2219/2219/2219
f 2222/2222/2222 2221/2221/2221 2215/2215/2215
f 2219/2219/2219 2223/2223/2223 2220/2220/2220
f 2223/2223/2223 2219/2219/2219 2221/2221/2221
f 2224/2224/2224 2220/2220/2220 2223/2223/2223
f 2221/2221/2221 2222/2222/2222 2225/2225/2225
f 2221/2221/2221 2225/2225/2225 2223/2223/2223
f 2226/2226/2226 2225/2225/2225 2222/2222/2222
f 2223/2223/2223 2227/2227/2227 2224/2224/2224
f 2227/2227/2227 2223/2223/2223 2225/2225/2225
f 2228/2228/2228 2224/2224/2224 2227/2227/2227
f 2225/2225/2225 2226/2226/2226 2229/2229/2229
f 2225/2225/2225 2229/2229/2229 2227/2227/2227
f 2230/2230/2230 2229/2229/2229 2226/2226/2226
f 2227/2227/2227 2231/2231/2231 2228/2228/2228
f 2231/2231/2231 2227/2227/2227 2229/2229/2229
f 2232/2232/2232 2228/2228/2228 2231/2231/2231
f 2231/2231/2231 2233/2233/2233 2232/2232/2232
f 2231/2231/2231 2229/2229/2229 2233/2233/2233
f 2234/2234/2234 2232/2232/2232 2233/2233/2233
f 2234/2234/2234 2233/2233/2233 2235/2235/2235
f 2236/2236/2236 2235/2235/2235 2233/2233/2233
f 2229/2229/2229 2230/2230/2230 2237/2237/2237
f 2237/2237/2237 2233/2233/2233 2229/2229/2229
f 2233/2233/2233 2237/2237/2237 2236/2236/2236
f 2238/2238/2238 2237/2237/2237 2230/2230/2230
f 2239/2239/2239 2236/2236/2236 2237/2237/2237
f 2237/2237/2237 2238/2238/2238 2239/2239/2239
f 2240/2240/2240 2239/2239/2239 2238/2238/2238
f 2243/2243/2243 2242/2242/2242 2241/2241/2241
f 2244/2244/2244 2241/2241/2241 2242/2242/2242
f 2242/2242/2242 2245/2245/2245 2244/2244/2244
f 2241/2241/2241 2244/2244/2244 2246/2246/2246
f 2247/2247/2247 2244/2244/2244 2245/2245/2245
f 2245/2245/2245 2248/2248/2248 2247/2247/2247
f 2249/2249/2249 2246/2246/2246 2244/2244/2244
f 2244/2244/2244 2247/2247/2247 2249/2249/2249
f 2250/2250/2250 2247/2247/2247 2248/2248/2248
f 2248/2248/2248 2251/2251/2251 2250/2250/2250
f 2249/2249/2249 2252/2252/2252 2246/2246/2246
f 2253/2253/2253 2246/2246/2246 2252/2252/2252
f 2253/2253/2253 2252/2252/2252 2254/2254/2254
f 2255/2255/2255 2249/2249/2249 2247/2247/2247
f 2247/2247/2247 2250/2250/2250 2255/2255/2255
f 2249/2249/2249 2255/2255/2255 2252/2252/2252
f 2256/2256/2256 2250/2250/2250 2251/2251/2251
f 2251/2251/2251 2257/2257/2257 2256/2256/2256
f 2258/2258/2258 2254/2254/2254 2252/2252/2252
f 2254/2254/2254 2258/2258/2258 2259/2259/2259
f 2260/2260/2260 2252/2252/2252 2255/2255/2255
f 2252/2252/2252 2260/2260/2260 2258/2258/2258
f 2261/2261/2261 2255/2255/2255 2250/2250/2250
f 2250/2250/2250 2256/2256/2256 2261/2261/2261
f 2255/2255/2255 2261/2261/2261 2260/2260/2260
f 2262/2262/2262 2256/2256/2256 2257/2257/2257
f 2257/2257/2257 2263/2263/2263 2262/2262/2262
f 2264/2264/2264 2259/2259/2259 2258/2258/2258
f 2259/2259/2259 2264/2264/2264 2265/2265/2265
f 2266/2266/2266 2258/2258/2258 2260/2260/2260
f 2258/2258/2258 2266/2266/2266 2264/2264/2264
f 2267/2267/2267 2260/2260/2260 2261/2261/2261
f 2260/2260/2260 2267/2267/2267 2266/2266/2266
f 2268/2268/2268 2261/2261/2261 2256/2256/2256
f 2256/2256/2256 2262/2262/2262 2268/2268/2268
f 2261/2261/2261 2268/2268/2268 2267/2267/2267
f 2269/2269/2269 2262/2262/2262 2263/2263/2263
f 2263/2263/2263 2270/2270/2270 2269/2269/2269
f 2271/2271/2271 2268/2268/2268 2262/2262/2262
f 2262/2262/2262 2269/2269/2269 2271/2271/2271
f 2272/2272/2272 2267/2267/2267 2268/2268/2268
f 2268/2268/2268 2271/2271/2271 2272/2272/2272
f 2273/2273/2273 2266/2266/2266 2267/2267/2267
f 2267/2267/2267 2272/2272/2272 2273/2273/2273
f 2274/2274/2274 2264/2264/2264 2266/2266/2266
f 2266/2266/2266 2273/2273/2273 2274/2274/2274
f 2275/2275/2275 2269/2269/2269 2270/2270/2270
f 2270/2270/2270 2276/2276/2276 2275/2275/2275
f 2277/2277/2277 2271/2271/2271 2269/2269/2269
f 2269/2269/2269 2275/2275/2275 2277/2277/2277
f 2278/2278/2278 2272/2272/2272 2271/2271/2271
f 2271/2271/2271 2277/2277/2277 2278/2278/2278
f 2279/2279/2279 2273/2273/2273 2272/2272/2272
f 2272/2272/2272 2278/2278/2278 2279/2279/2279
f 2280/2280/2280 2275/2275/2275 2276/2276/2276
f 2276/2276/2276 2281/2281/2281 2280/2280/2280
f 2282/2282/2282 2277/2277/2277 2275/2275/2275
f 2275/2275/2275 2280/2280/2280 2282/2282/2282
f 2283/2283/2283 2278/2278/2278 2277/2277/2277
f 2277/2277/2277 2282/2282/2282 2283/2283/2283
f 2284/2284/2284 2280/2280/2280 2281/2281/2281
f 2281/2281/2281 2285/2285/2285 2284/2284/2284
f 2286/2286/2286 2282/2282/2282 2280/2280/2280
f 2280/2280/2280 2284/2284/2284 2286/2286/2286
f 2287/2287/2287 2284/2284/2284 2285/2285/2285
f 2285/2285/2285 2288/2288/2288 2287/2287/2287
f 2273/2273/2273 2279/2279/2279 2289/2289/2289
f 2289/2289/2289 2274/2274/2274 2273/2273/2273
f 2290/2290/2290 2279/2279/2279 2278/2278/2278
f 2278/2278/2278 2283/2283/2283 2290/2290/2290
f 2291/2291/2291 2283/2283/2283 2282/2282/2282
f 2282/2282/2282 2286/2286/2286 2291/2291/2291
f 2292/2292/2292 2286/2286/2286 2284/2284/2284
f 2284/2284/2284 2287/2287/2287 2292/2292/2292
f 2293/2293/2293 2289/2289/2289 2279/2279/2279
f 2279/2279/2279 2290/2290/2290 2293/2293/2293
f 2294/2294/2294 2290/2290/2290 2283/2283/2283
f 2283/2283/2283 2291/2291/2291 2294/2294/2294
f 2295/2295/2295 2291/2291/2291 2286/2286/2286
f 2286/2286/2286 2292/2292/2292 2295/2295/2295
f 2296/2296/2296 2293/2293/2293 2290/2290/2290
f 2290/2290/2290 2294/2294/2294 2296/2296/2296
f 2297/2297/2297 2294/2294/2294 2291/2291/2291
f 2291/2291/2291 2295/2295/2295 2297/2297/2297
f 2298/2298/2298 2296/2296/2296 2294/2294/2294
f 2294/2294/2294 2297/2297/2297 2298/2298/2298
f 2299/2299/2299 2292/2292/2292 2287/2287/2287
f 2300/2300/2300 2295/2295/2295 2292/2292/2292
f 2292/2292/2292 2299/2299/2299 2300/2300/2300
f 2301/2301/2301 2297/2297/2297 2295/2295/2295
f 2295/2295/2295 2300/2300/2300 2301/2301/2301
f 2302/2302/2302 2298/2298/2298 2297/2297/2297
f 2297/2297/2297 2301/2301/2301 2302/2302/2302
f 2287/2287/2287 2303/2303/2303 2299/2299/2299
f 2303/2303/2303 2287/2287/2287 2288/2288/2288
f 2303/2303/2303 2288/2288/2288 2304/2304/2304
f 2305/2305/2305 2304/2304/2304 2288/2288/2288
f 2305/2305/2305 2306/2306/2306 2304/2304/2304
f 2307/2307/2307 2304/2304/2304 2306/2306/2306
f 2306/2306/2306 2308/2308/2308 2307/2307/2307
f 2304/2304/2304 2309/2309/2309 2303/2303/2303
f 2304/2304/2304 2307/2307/2307 2309/2309/2309
f 2310/2310/2310 2307/2307/2307 2308/2308/2308
f 2308/2308/2308 2311/2311/2311 2310/2310/2310
f 2312/2312/2312 2299/2299/2299 2303/2303/2303
f 2312/2312/2312 2303/2303/2303 2309/2309/2309
f 2313/2313/2313 2309/2309/2309 2307/2307/2307
f 2307/2307/2307 2310/2310/2310 2313/2313/2313
f 2314/2314/2314 2310/2310/2310 2311/2311/2311
f 2311/2311/2311 2315/2315/2315 2314/2314/2314
f 2309/2309/2309 2316/2316/2316 2312/2312/2312
f 2309/2309/2309 2313/2313/2313 2316/2316/2316
f 2312/2312/2312 2317/2317/2317 2299/2299/2299
f 2317/2317/2317 2312/2312/2312 2316/2316/2316
f 2310/2310/2310 2314/2314/2314 2318/2318/2318
f 2318/2318/2318 2313/2313/2313 2310/2310/2310
f 2319/2319/2319 2314/2314/2314 2315/2315/2315
f 2315/2315/2315 2320/2320/2320 2319/2319/2319
f 2321/2321/2321 2299/2299/2299 2317/2317/2317
f 2321/2321/2321 2300/2300/2300 2299/2299/2299
f 2300/2300/2300 2321/2321/2321 2322/2322/2322
f 2322/2322/2322 2301/2301/2301 2300/2300/2300
f 2323/2323/2323 2322/2322/2322 2321/2321/2321
f 2321/2321/2321 2317/2317/2317 2323/2323/2323
f 2322/2322/2322 2324/2324/2324 2301/2301/2301
f 2322/2322/2322 2323/2323/2323 2324/2324/2324
f 2325/2325/2325 2318/2318/2318 2314/2314/2314
f 2314/2314/2314 2319/2319/2319 2325/2325/2325
f 2326/2326/2326 2319/2319/2319 2320/2320/2320
f 2320/2320/2320 2327/2327/2327 2326/2326/2326
f 2328/2328/2328 2325/2325/2325 2319/2319/2319
f 2319/2319/2319 2326/2326/2326 2328/2328/2328
f 2325/2325/2325 2329/2329/2329 2318/2318/2318
f 2325/2325/2325 2328/2328/2328 2329/2329/2329
f 2330/2330/2330 2326/2326/2326 2327/2327/2327
f 2327/2327/2327 2331/2331/2331 2330/2330/2330
f 2332/2332/2332 2328/2328/2328 2326/2326/2326
f 2326/2326/2326 2330/2330/2330 2332/2332/2332
f 2333/2333/2333 2330/2330/2330 2331/2331/2331
f 2331/2331/2331 2334/2334/2334 2333/2333/2333
f 2335/2335/2335 2333/2333/2333 2334/2334/2334
f 2330/2330/2330 2333/2333/2333 2336/2336/2336
f 2336/2336/2336 2332/2332/2332 2330/2330/2330
f 2333/2333/2333 2335/2335/2335 2337/2337/2337
f 2337/2337/2337 2336/2336/2336 2333/2333/2333
f 2338/2338/2338 2337/2337/2337 2335/2335/2335
f 2328/2328/2328 2332/2332/2332 2339/2339/2339
f 2339/2339/2339 2329/2329/2329 2328/2328/2328
f 2340/2340/2340 2318/2318/2318 2329/2329/2329
f 2318/2318/2318 2340/2340/2340 2313/2313/2313
f 2332/2332/2332 2336/2336/2336 2341/2341/2341
f 2341/2341/2341 2339/2339/2339 2332/2332/2332
f 2337/2337/2337 2338/2338/2338 2342/2342/2342
f 2343/2343/2343 2342/2342/2342 2338/2338/2338
f 2336/2336/2336 2337/2337/2337 2344/2344/2344
f 2344/2344/2344 2341/2341/2341 2336/2336/2336
f 2342/2342/2342 2344/2344/2344 2337/2337/2337
f 2329/2329/2329 2339/2339/2339 2345/2345/2345
f 2329/2329/2329 2345/2345/2345 2340/2340/2340
f 2346/2346/2346 2313/2313/2313 2340/2340/2340
f 2346/2346/2346 2316/2316/2316 2313/2313/2313
f 2342/2342/2342 2343/2343/2343 2347/2347/2347
f 2348/2348/2348 2347/2347/2347 2343/2343/2343
f 2348/2348/2348 2349/2349/2349 2347/2347/2347
f 2339/2339/2339 2341/2341/2341 2350/2350/2350
f 2350/2350/2350 2345/2345/2345 2339/2339/2339
f 2341/2341/2341 2344/2344/2344 2351/2351/2351
f 2351/2351/2351 2350/2350/2350 2341/2341/2341
f 2344/2344/2344 2342/2342/2342 2352/2352/2352
f 2347/2347/2347 2352/2352/2352 2342/2342/2342
f 2352/2352/2352 2351/2351/2351 2344/2344/2344
f 2353/2353/2353 2340/2340/2340 2345/2345/2345
f 2340/2340/2340 2353/2353/2353 2346/2346/2346
f 2316/2316/2316 2346/2346/2346 2354/2354/2354
f 2316/2316/2316 2354/2354/2354 2317/2317/2317
f 2347/2347/2347 2355/2355/2355 2352/2352/2352
f 2355/2355/2355 2347/2347/2347 2349/2349/2349
f 2352/2352/2352 2356/2356/2356 2351/2351/2351
f 2356/2356/2356 2352/2352/2352 2355/2355/2355
f 2355/2355/2355 2349/2349/2349 2357/2357/2357
f 2358/2358/2358 2357/2357/2357 2349/2349/2349
f 2345/2345/2345 2359/2359/2359 2353/2353/2353
f 2345/2345/2345 2350/2350/2350 2359/2359/2359
f 2360/2360/2360 2346/2346/2346 2353/2353/2353
f 2360/2360/2360 2354/2354/2354 2346/2346/2346
f 2351/2351/2351 2361/2361/2361 2350/2350/2350
f 2361/2361/2361 2351/2351/2351 2356/2356/2356
f 2356/2356/2356 2355/2355/2355 2362/2362/2362
f 2357/2357/2357 2362/2362/2362 2355/2355/2355
f 2357/2357/2357 2358/2358/2358 2363/2363/2363
f 2364/2364/2364 2363/2363/2363 2358/2358/2358
f 2353/2353/2353 2365/2365/2365 2360/2360/2360
f 2365/2365/2365 2353/2353/2353 2359/2359/2359
f 2366/2366/2366 2359/2359/2359 2350/2350/2350
f 2366/2366/2366 2350/2350/2350 2361/2361/2361
f 2361/2361/2361 2356/2356/2356 2367/2367/2367
f 2362/2362/2362 2367/2367/2367 2356/2356/2356
f 2362/2362/2362 2357/2357/2357 2368/2368/2368
f 2363/2363/2363 2368/2368/2368 2357/2357/2357
f 2363/2363/2363 2364/2364/2364 2369/2369/2369
f 2370/2370/2370 2369/2369/2369 2364/2364/2364
f 2359/2359/2359 2366/2366/2366 2371/2371/2371
f 2359/2359/2359 2371/2371/2371 2365/2365/2365
f 2366/2366/2366 2361/2361/2361 2372/2372/2372
f 2367/2367/2367 2372/2372/2372 2361/2361/2361
f 2372/2372/2372 2371/2371/2371 2366/2366/2366
f 2367/2367/2367 2362/2362/2362 2373/2373/2373
f 2368/2368/2368 2373/2373/2373 2362/2362/2362
f 2368/2368/2368 2363/2363/2363 2374/2374/2374
f 2369/2369/2369 2374/2374/2374 2363/2363/2363
f 2369/2369/2369 2370/2370/2370 2375/2375/2375
f 2376/2376/2376 2375/2375/2375 2370/2370/2370
f 2375/2375/2375 2377/2377/2377 2369/2369/2369
f 2374/2374/2374 2369/2369/2369 2377/2377/2377
f 2377/2377/2377 2378/2378/2378 2374/2374/2374
f 2374/2374/2374 2379/2379/2379 2368/2368/2368
f 2379/2379/2379 2374/2374/2374 2378/2378/2378
f 2373/2373/2373 2368/2368/2368 2379/2379/2379
f 2378/2378/2378 2380/2380/2380 2379/2379/2379
f 2381/2381/2381 2379/2379/2379 2380/2380/2380
f 2379/2379/2379 2381/2381/2381 2373/2373/2373
f 2380/2380/2380 2382/2382/2382 2381/2381/2381
f 2373/2373/2373 2383/2383/2383 2367/2367/2367
f 2383/2383/2383 2373/2373/2373 2381/2381/2381
f 2372/2372/2372 2367/2367/2367 2383/2383/2383
f 2384/2384/2384 2381/2381/2381 2382/2382/2382
f 2381/2381/2381 2384/2384/2384 2383/2383/2383
f 2382/2382/2382 2385/2385/2385 2384/2384/2384
f 2383/2383/2383 2386/2386/2386 2372/2372/2372
f 2386/2386/2386 2383/2383/2383 2384/2384/2384
f 2371/2371/2371 2372/2372/2372 2386/2386/2386
f 2387/2387/2387 2384/2384/2384 2385/2385/2385
f 2384/2384/2384 2387/2387/2387 2386/2386/2386
f 2385/2385/2385 2388/2388/2388 2387/2387/2387
f 2371/2371/2371 2386/2386/2386 2389/2389/2389
f 2389/2389/2389 2365/2365/2365 2371/2371/2371
f 2390/2390/2390 2386/2386/2386 2387/2387/2387
f 2390/2390/2390 2389/2389/2389 2386/2386/2386
f 2391/2391/2391 2387/2387/2387 2388/2388/2388
f 2387/2387/2387 2391/2391/2391 2390/2390/2390
f 2388/2388/2388 2392/2392/2392 2391/2391/2391
f 2365/2365/2365 2389/2389/2389 2393/2393/2393
f 2393/2393/2393 2360/2360/2360 2365/2365/2365
f 2360/2360/2360 2393/2393/2393 2354/2354/2354
f 2389/2389/2389 2390/2390/2390 2394/2394/2394
f 2394/2394/2394 2393/2393/2393 2389/2389/2389
f 2395/2395/2395 2391/2391/2391 2392/2392/2392
f 2392/2392/2392 2396/2396/2396 2395/2395/2395
f 2397/2397/2397 2390/2390/2390 2391/2391/2391
f 2397/2397/2397 2394/2394/2394 2390/2390/2390
f 2391/2391/2391 2395/2395/2395 2397/2397/2397
f 2397/2397/2397 2398/2398/2398 2394/2394/2394
f 2398/2398/2398 2397/2397/2397 2395/2395/2395
f 2394/2394/2394 2399/2399/2399 2393/2393/2393
f 2399/2399/2399 2394/2394/2394 2398/2398/2398
f 2400/2400/2400 2354/2354/2354 2393/2393/2393
f 2400/2400/2400 2393/2393/2393 2399/2399/2399
f 2401/2401/2401 2395/2395/2395 2396/2396/2396
f 2396/2396/2396 2402/2402/2402 2401/2401/2401
f 2398/2398/2398 2395/2395/2395 2403/2403/2403
f 2401/2401/2401 2403/2403/2403 2395/2395/2395
f 2404/2404/2404 2401/2401/2401 2402/2402/2402
f 2401/2401/2401 2404/2404/2404 2403/2403/2403
f 2402/2402/2402 2405/2405/2405 2404/2404/2404
f 2354/2354/2354 2400/2400/2400 2406/2406/2406
f 2406/2406/2406 2317/2317/2317 2354/2354/2354
f 2406/2406/2406 2323/2323/2323 2317/2317/2317
f 2400/2400/2400 2399/2399/2399 2407/2407/2407
f 2407/2407/2407 2406/2406/2406 2400/2400/2400
f 2399/2399/2399 2398/2398/2398 2408/2408/2408
f 2403/2403/2403 2408/2408/2408 2398/2398/2398
f 2408/2408/2408 2407/2407/2407 2399/2399/2399
f 2323/2323/2323 2406/2406/2406 2409/2409/2409
f 2407/2407/2407 2409/2409/2409 2406/2406/2406
f 2409/2409/2409 2324/2324/2324 2323/2323/2323
f 2408/2408/2408 2410/2410/2410 2407/2407/2407
f 2408/2408/2408 2403/2403/2403 2410/2410/2410
f 2409/2409/2409 2407/2407/2407 2410/2410/2410
f 2411/2411/2411 2404/2404/2404 2405/2405/2405
f 2405/2405/2405 2412/2412/2412 2411/2411/2411
f 2413/2413/2413 2403/2403/2403 2404/2404/2404
f 2413/2413/2413 2410/2410/2410 2403/2403/2403
f 2404/2404/2404 2411/2411/2411 2413/2413/2413
f 2410/2410/2410 2414/2414/2414 2409/2409/2409
f 2324/2324/2324 2409/2409/2409 2414/2414/2414
f 2413/2413/2413 2415/2415/2415 2410/2410/2410
f 2415/2415/2415 2413/2413/2413 2411/2411/2411
f 2414/2414/2414 2410/2410/2410 2415/2415/2415
f 2416/2416/2416 2411/2411/2411 2412/2412/2412
f 2411/2411/2411 2416/2416/2416 2415/2415/2415
f 2412/2412/2412 2417/2417/2417 2416/2416/2416
f 2414/2414/2414 2418/2418/2418 2324/2324/2324
f 2414/2414/2414 2415/2415/2415 2418/2418/2418
f 2419/2419/2419 2416/2416/2416 2417/2417/2417
f 2417/2417/2417 2420/2420/2420 2419/2419/2419
f 2421/2421/2421 2415/2415/2415 2416/2416/2416
f 2421/2421/2421 2418/2418/2418 2415/2415/2415
f 2416/2416/2416 2419/2419/2419 2421/2421/2421
f 2422/2422/2422 2419/2419/2419 2420/2420/2420
f 2420/2420/2420 2423/2423/2423 2422/2422/2422
f 2424/2424/2424 2421/2421/2421 2419/2419/2419
f 2421/2421/2421 2424/2424/2424 2418/2418/2418
f 2419/2419/2419 2422/2422/2422 2424/2424/2424
f 2425/2425/2425 2324/2324/2324 2418/2418/2418
f 2425/2425/2425 2301/2301/2301 2324/2324/2324
f 2425/2425/2425 2302/2302/2302 2301/2301/2301
f 2418/2418/2418 2426/2426/2426 2425/2425/2425
f 2426/2426/2426 2418/2418/2418 2424/2424/2424
f 2302/2302/2302 2425/2425/2425 2426/2426/2426
f 2427/2427/2427 2422/2422/2422 2423/2423/2423
f 2423/2423/2423 2428/2428/2428 2427/2427/2427
f 2429/2429/2429 2424/2424/2424 2422/2422/2422
f 2424/2424/2424 2429/2429/2429 2426/2426/2426
f 2422/2422/2422 2427/2427/2427 2429/2429/2429
f 2426/2426/2426 2430/2430/2430 2302/2302/2302
f 2430/2430/2430 2426/2426/2426 2429/2429/2429
f 2298/2298/2298 2302/2302/2302 2430/2430/2430
f 2431/2431/2431 2427/2427/2427 2428/2428/2428
f 2428/2428/2428 2432/2432/2432 2431/2431/2431
f 2433/2433/2433 2429/2429/2429 2427/2427/2427
f 2429/2429/2429 2433/2433/2433 2430/2430/2430
f 2427/2427/2427 2431/2431/2431 2433/2433/2433
f 2430/2430/2430 2434/2434/2434 2298/2298/2298
f 2434/2434/2434 2430/2430/2430 2433/2433/2433
f 2296/2296/2296 2298/2298/2298 2434/2434/2434
f 2435/2435/2435 2431/2431/2431 2432/2432/2432
f 2432/2432/2432 2436/2436/2436 2435/2435/2435
f 2437/2437/2437 2433/2433/2433 2431/2431/2431
f 2433/2433/2433 2437/2437/2437 2434/2434/2434
f 2431/2431/2431 2435/2435/2435 2437/2437/2437
f 2434/2434/2434 2438/2438/2438 2296/2296/2296
f 2438/2438/2438 2434/2434/2434 2437/2437/2437
f 2293/2293/2293 2296/2296/2296 2438/2438/2438
f 2439/2439/2439 2435/2435/2435 2436/2436/2436
f 2436/2436/2436 2440/2440/2440 2439/2439/2439
f 2441/2441/2441 2437/2437/2437 2435/2435/2435
f 2437/2437/2437 2441/2441/2441 2438/2438/2438
f 2435/2435/2435 2439/2439/2439 2441/2441/2441
f 2438/2438/2438 2442/2442/2442 2293/2293/2293
f 2442/2442/2442 2438/2438/2438 2441/2441/2441
f 2289/2289/2289 2293/2293/2293 2442/2442/2442
f 2443/2443/2443 2439/2439/2439 2440/2440/2440
f 2440/2440/2440 2444/2444/2444 2443/2443/2443
f 2445/2445/2445 2443/2443/2443 2444/2444/2444
f 2446/2446/2446 2441/2441/2441 2439/2439/2439
f 2441/2441/2441 2446/2446/2446 2442/2442/2442
f 2439/2439/2439 2443/2443/2443 2446/2446/2446
f 2442/2442/2442 2447/2447/2447 2289/2289/2289
f 2447/2447/2447 2442/2442/2442 2446/2446/2446
f 2274/2274/2274 2289/2289/2289 2447/2447/2447
f 2443/2443/2443 2445/2445/2445 2448/2448/2448
f 2448/2448/2448 2446/2446/2446 2443/2443/2443
f 2446/2446/2446 2448/2448/2448 2447/2447/2447
f 2449/2449/2449 2448/2448/2448 2445/2445/2445
f 2449/2449/2449 2265/2265/2265 2448/2448/2448
f 2447/2447/2447 2450/2450/2450 2274/2274/2274
f 2450/2450/2450 2447/2447/2447 2448/2448/2448
f 2450/2450/2450 2448/2448/2448 2265/2265/2265
f 2264/2264/2264 2274/2274/2274 2450/2450/2450
f 2450/2450/2450 2265/2265/2265 2264/2264/2264
f 2453/2453/2453 2452/2452/2452 2451/2451/2451
f 2452/2452/2452 2454/2454/2454 2451/2451/2451
f 2454/2454/2454 2455/2455/2455 2451/2451/2451
f 2455/2455/2455 2456/2456/2456 2451/2451/2451
f 2456/2456/2456 2457/2457/2457 2451/2451/2451
f 2460/2460/2460 2459/2459/2459 2458/2458/2458
f 2461/2461/2461 2458/2458/2458 2459/2459/2459
f 2459/2459/2459 2462/2462/2462 2461/2461/2461
f 2458/2458/2458 2461/2461/2461 2463/2463/2463
f 2464/2464/2464 2461/2461/2461 2462/2462/2462
f 2462/2462/2462 2465/2465/2465 2464/2464/2464
f 2466/2466/2466 2463/2463/2463 2461/2461/2461
f 2461/2461/2461 2464/2464/2464 2466/2466/2466
f 2463/2463/2463 2466/2466/2466 2467/2467/2467
f 2468/2468/2468 2464/2464/2464 2465/2465/2465
f 2465/2465/2465 2469/2469/2469 2468/2468/2468
f 2470/2470/2470 2467/2467/2467 2466/2466/2466
f 2467/2467/2467 2470/2470/2470 2471/2471/2471
f 2472/2472/2472 2471/2471/2471 2470/2470/2470
f 2472/2472/2472 2470/2470/2470 2473/2473/2473
f 2474/2474/2474 2466/2466/2466 2464/2464/2464
f 2466/2466/2466 2474/2474/2474 2470/2470/2470
f 2464/2464/2464 2468/2468/2468 2474/2474/2474
f 2475/2475/2475 2468/2468/2468 2469/2469/2469
f 2469/2469/2469 2476/2476/2476 2475/2475/2475
f 2477/2477/2477 2473/2473/2473 2470/2470/2470
f 2477/2477/2477 2470/2470/2470 2474/2474/2474
f 2478/2478/2478 2474/2474/2474 2468/2468/2468
f 2474/2474/2474 2478/2478/2478 2477/2477/2477
f 2468/2468/2468 2475/2475/2475 2478/2478/2478
f 2477/2477/2477 2479/2479/2479 2473/2473/2473
f 2479/2479/2479 2477/2477/2477 2478/2478/2478
f 2480/2480/2480 2473/2473/2473 2479/2479/2479
f 2481/2481/2481 2475/2475/2475 2476/2476/2476
f 2476/2476/2476 2482/2482/2482 2481/2481/2481
f 2483/2483/2483 2478/2478/2478 2475/2475/2475
f 2478/2478/2478 2483/2483/2483 2479/2479/2479
f 2475/2475/2475 2481/2481/2481 2483/2483/2483
f 2479/2479/2479 2484/2484/2484 2480/2480/2480
f 2484/2484/2484 2479/2479/2479 2483/2483/2483
f 2485/2485/2485 2480/2480/2480 2484/2484/2484
f 2486/2486/2486 2481/2481/2481 2482/2482/2482
f 2482/2482/2482 2487/2487/2487 2486/2486/2486
f 2488/2488/2488 2486/2486/2486 2487/2487/2487
f 2489/2489/2489 2483/2483/2483 2481/2481/2481
f 2483/2483/2483 2489/2489/2489 2484/2484/2484
f 2481/2481/2481 2486/2486/2486 2489/2489/2489
f 2484/2484/2484 2490/2490/2490 2485/2485/2485
f 2490/2490/2490 2484/2484/2484 2489/2489/2489
f 2491/2491/2491 2485/2485/2485 2490/2490/2490
f 2491/2491/2491 2490/2490/2490 2492/2492/2492
f 2486/2486/2486 2488/2488/2488 2493/2493/2493
f 2493/2493/2493 2489/2489/2489 2486/2486/2486
f 2489/2489/2489 2493/2493/2493 2490/2490/2490
f 2494/2494/2494 2493/2493/2493 2488/2488/2488
f 2495/2495/2495 2490/2490/2490 2493/2493/2493
f 2493/2493/2493 2494/2494/2494 2495/2495/2495
f 2495/2495/2495 2492/2492/2492 2490/2490/2490
f 2496/2496/2496 2495/2495/2495 2494/2494/2494
f 2495/2495/2495 2496/2496/2496 2492/2492/2492
f 2497/2497/2497 2492/2492/2492 2496/2496/2496
f 2500/2500/2500 2499/2499/2499 2498/2498/2498
f 2501/2501/2501 2498/2498/2498 2499/2499/2499
f 2498/2498/2498 2501/2501/2501 2502/2502/2502
f 2501/2501/2501 2499/2499/2499 2503/2503/2503
f 2504/2504/2504 2503/2503/2503 2499/2499/2499
f 2504/2504/2504 2505/2505/2505 2503/2503/2503
f 2506/2506/2506 2502/2502/2502 2501/2501/2501
f 2501/2501/2501 2503/2503/2503 2506/2506/2506
f 2502/2502/2502 2506/2506/2506 2507/2507/2507
f 2508/2508/2508 2503/2503/2503 2505/2505/2505
f 2505/2505/2505 2509/2509/2509 2508/2508/2508
f 2510/2510/2510 2507/2507/2507 2506/2506/2506
f 2507/2507/2507 2510/2510/2510 2511/2511/2511
f 2512/2512/2512 2511/2511/2511 2510/2510/2510
f 2512/2512/2512 2510/2510/2510 2513/2513/2513
f 2514/2514/2514 2506/2506/2506 2503/2503/2503
f 2506/2506/2506 2514/2514/2514 2510/2510/2510
f 2503/2503/2503 2508/2508/2508 2514/2514/2514
f 2515/2515/2515 2508/2508/2508 2509/2509/2509
f 2509/2509/2509 2516/2516/2516 2515/2515/2515
f 2517/2517/2517 2513/2513/2513 2510/2510/2510
f 2517/2517/2517 2510/2510/2510 2514/2514/2514
f 2518/2518/2518 2514/2514/2514 2508/2508/2508
f 2514/2514/2514 2518/2518/2518 2517/2517/2517
f 2508/2508/2508 2515/2515/2515 2518/2518/2518
f 2517/2517/2517 2519/2519/2519 2513/2513/2513
f 2519/2519/2519 2517/2517/2517 2518/2518/2518
f 2520/2520/2520 2513/2513/2513 2519/2519/2519
f 2521/2521/2521 2518/2518/2518 2515/2515/2515
f 2518/2518/2518 2521/2521/2521 2519/2519/2519
f 2519/2519/2519 2522/2522/2522 2520/2520/2520
f 2522/2522/2522 2519/2519/2519 2521/2521/2521
f 2523/2523/2523 2520/2520/2520 2522/2522/2522
f 2524/2524/2524 2515/2515/2515 2516/2516/2516
f 2515/2515/2515 2524/2524/2524 2521/2521/2521
f 2521/2521/2521 2525/2525/2525 2522/2522/2522
f 2525/2525/2525 2521/2521/2521 2524/2524/2524
f 2522/2522/2522 2526/2526/2526 2523/2523/2523
f 2526/2526/2526 2522/2522/2522 2525/2525/2525
f 2527/2527/2527 2523/2523/2523 2526/2526/2526
f 2527/2527/2527 2526/2526/2526 2528/2528/2528
f 2524/2524/2524 2516/2516/2516 2529/2529/2529
f 2524/2524/2524 2529/2529/2529 2525/2525/2525
f 2530/2530/2530 2529/2529/2529 2516/2516/2516
f 2530/2530/2530 2531/2531/2531 2529/2529/2529
f 2532/2532/2532 2529/2529/2529 2531/2531/2531
f 2533/2533/2533 2525/2525/2525 2529/2529/2529
f 2529/2529/2529 2532/2532/2532 2533/2533/2533
f 2525/2525/2525 2533/2533/2533 2526/2526/2526
f 2534/2534/2534 2533/2533/2533 2532/2532/2532
f 2535/2535/2535 2526/2526/2526 2533/2533/2533
f 2533/2533/2533 2534/2534/2534 2535/2535/2535
f 2535/2535/2535 2528/2528/2528 2526/2526/2526
f 2536/2536/2536 2535/2535/2535 2534/2534/2534
f 2535/2535/2535 2536/2536/2536 2528/2528/2528
f 2537/2537/2537 2528/2528/2528 2536/2536/2536
f 2540/2540/2540 2539/2539/2539 2538/2538/2538
f 2539/2539/2539 2541/2541/2541 2538/2538/2538
f 2541/2541/2541 2542/2542/2542 2538/2538/2538
f 2542/2542/2542 2543/2543/2543 2538/2538/2538
f 2543/2543/2543 2544/2544/2544 2538/2538/2538
f 2547/2547/2547 2546/2546/2546 2545/2545/2545
f 2548/2548/2548 2545/2545/2545 2546/2546/2546
f 2546/2546/2546 2549/2549/2549 2548/2548/2548
f 2545/2545/2545 2548/2548/2548 2550/2550/2550
f 2551/2551/2551 2548/2548/2548 2549/2549/2549
f 2549/2549/2549 2552/2552/2552 2551/2551/2551
f 2553/2553/2553 2550/2550/2550 2548/2548/2548
f 2548/2548/2548 2551/2551/2551 2553/2553/2553
f 2550/2550/2550 2553/2553/2553 2554/2554/2554
f 2555/2555/2555 2551/2551/2551 2552/2552/2552
f 2552/2552/2552 2556/2556/2556 2555/2555/2555
f 2557/2557/2557 2554/2554/2554 2553/2553/2553
f 2554/2554/2554 2557/2557/2557 2558/2558/2558
f 2559/2559/2559 2558/2558/2558 2557/2557/2557
f 2559/2559/2559 2557/2557/2557 2560/2560/2560
f 2561/2561/2561 2553/2553/2553 2551/2551/2551
f 2553/2553/2553 2561/2561/2561 2557/2557/2557
f 2551/2551/2551 2555/2555/2555 2561/2561/2561
f 2562/2562/2562 2555/2555/2555 2556/2556/2556
f 2556/2556/2556 2563/2563/2563 2562/2562/2562
f 2564/2564/2564 2560/2560/2560 2557/2557/2557
f 2564/2564/2564 2557/2557/2557 2561/2561/2561
f 2565/2565/2565 2561/2561/2561 2555/2555/2555
f 2561/2561/2561 2565/2565/2565 2564/2564/2564
f 2555/2555/2555 2562/2562/2562 2565/2565/2565
f 2564/2564/2564 2566/2566/2566 2560/2560/2560
f 2566/2566/2566 2564/2564/2564 2565/2565/2565
f 2567/2567/2567 2560/2560/2560 2566/2566/2566
f 2568/2568/2568 2562/2562/2562 2563/2563/2563
f 2563/2563/2563 2569/2569/2569 2568/2568/2568
f 2570/2570/2570 2565/2565/2565 2562/2562/2562
f 2565/2565/2565 2570/2570/2570 2566/2566/2566
f 2562/2562/2562 2568/2568/2568 2570/2570/2570
f 2566/2566/2566 2571/2571/2571 2567/2567/2567
f 2571/2571/2571 2566/2566/2566 2570/2570/2570
f 2572/2572/2572 2567/2567/2567 2571/2571/2571
f 2573/2573/2573 2568/2568/2568 2569/2569/2569
f 2569/2569/2569 2574/2574/2574 2573/2573/2573
f 2575/2575/2575 2573/2573/2573 2574/2574/2574
f 2576/2576/2576 2570/2570/2570 2568/2568/2568
f 2570/2570/2570 2576/2576/2576 2571/2571/2571
f 2568/2568/2568 2573/2573/2573 2576/2576/2576
f 2571/2571/2571 2577/2577/2577 2572/2572/2572
f 2577/2577/2577 2571/2571/2571 2576/2576/2576
f 2578/2578/2578 2572/2572/2572 2577/2577/2577
f 2578/2578/2578 2577/2577/2577 2579/2579/2579
f 2573/2573/2573 2575/2575/2575 2580/2580/2580
f 2580/2580/2580 2576/2576/2576 2573/2573/2573
f 2576/2576/2576 2580/2580/2580 2577/2577/2577
f 2581/2581/2581 2580/2580/2580 2575/2575/2575
f 2582/2582/2582 2577/2577/2577 2580/2580/2580
f 2580/2580/2580 2581/2581/2581 2582/2582/2582
f 2582/2582/2582 2579/2579/2579 2577/2577/2577
f 2583/2583/2583 2582/2582/2582 2581/2581/2581
f 2582/2582/2582 2583/2583/2583 2579/2579/2579
f 2584/2584/2584 2579/2579/2579 2583/2583/2583
f 2587/2587/2587 2586/2586/2586 2585/2585/2585
f 2588/2588/2588 2585/2585/2585 2586/2586/2586
f 2585/2585/2585 2588/2588/2588 2589/2589/2589
f 2588/2588/2588 2586/2586/2586 2590/2590/2590
f 2591/2591/2591 2590/2590/2590 2586/2586/2586
f 2591/2591/2591 2592/2592/2592 2590/2590/2590
f 2593/2593/2593 2589/2589/2589 2588/2588/2588
f 2588/2588/2588 2590/2590/2590 2593/2593/2593
f 2589/2589/2589 2593/2593/2593 2594/2594/2594
f 2595/2595/2595 2590/2590/2590 2592/2592/2592
f 2592/2592/2592 2596/2596/2596 2595/2595/2595
f 2597/2597/2597 2594/2594/2594 2593/2593/2593
f 2594/2594/2594 2597/2597/2597 2598/2598/2598
f 2599/2599/2599 2598/2598/2598 2597/2597/2597
f 2599/2599/2599 2597/2597/2597 2600/2600/2600
f 2601/2601/2601 2593/2593/2593 2590/2590/2590
f 2593/2593/2593 2601/2601/2601 2597/2597/2597
f 2590/2590/2590 2595/2595/2595 2601/2601/2601
f 2602/2602/2602 2595/2595/2595 2596/2596/2596
f 2596/2596/2596 2603/2603/2603 2602/2602/2602
f 2604/2604/2604 2600/2600/2600 2597/2597/2597
f 2604/2604/2604 2597/2597/2597 2601/2601/2601
f 2605/2605/2605 2601/2601/2601 2595/2595/2595
f 2601/2601/2601 2605/2605/2605 2604/2604/2604
f 2595/2595/2595 2602/2602/2602 2605/2605/2605
f 2604/2604/2604 2606/2606/2606 2600/2600/2600
f 2606/2606/2606 2604/2604/2604 2605/2605/2605
f 2607/2607/2607 2600/2600/2600 2606/2606/2606
f 2608/2608/2608 2605/2605/2605 2602/2602/2602
f 2605/2605/2605 2608/2608/2608 2606/2606/2606
f 2606/2606/2606 2609/2609/2609 2607/2607/2607
f 2609/2609/2609 2606/2606/2606 2608/2608/2608
f 2610/2610/2610 2607/2607/2607 2609/2609/2609
f 2611/2611/2611 2602/2602/2602 2603/2603/2603
f 2602/2602/2602 2611/2611/2611 2608/2608/2608
f 2608/2608/2608 2612/2612/2612 2609/2609/2609
f 2612/2612/2612 2608/2608/2608 2611/2611/2611
f 2609/2609/2609 2613/2613/2613 2610/2610/2610
f 2613/2613/2613 2609/2609/2609 2612/2612/2612
f 2614/2614/2614 2610/2610/2610 2613/2613/2613
f 2614/2614/2614 2613/2613/2613 2615/2615/2615
f 2611/2611/2611 2603/2603/2603 2616/2616/2616
f 2611/2611/2611 2616/2616/2616 2612/2612/2612
f 2617/2617/2617 2616/2616/2616 2603/2603/2603
f 2617/2617/2617 2618/2618/2618 2616/2616/2616
f 2619/2619/2619 2616/2616/2616 2618/2618/2618
f 2620/2620/2620 2612/2612/2612 2616/2616/2616
f 2616/2616/2616 2619/2619/2619 2620/2620/2620
f 2612/2612/2612 2620/2620/2620 2613/2613/2613
f 2621/2621/2621 2620/2620/2620 2619/2619/2619
f 2622/2622/2622 2613/2613/2613 2620/2620/2620
f 2620/2620/2620 2621/2621/2621 2622/2622/2622
f 2622/2622/2622 2615/2615/2615 2613/2613/2613
f 2623/2623/2623 2622/2622/2622 2621/2621/2621
f 2622/2622/2622 2623/2623/2623 2615/2615/2615
f 2624/2624/2624 2615/2615/2615 2623/2623/2623
f 2627/2627/2627 2626/2626/2626 2625/2625/2625
f 2626/2626/2626 2628/2628/2628 2625/2625/2625
f 2628/2628/2628 2629/2629/2629 2625/2625/2625
f 2629/2629/2629 2630/2630/2630 2625/2625/2625
f 2630/2630/2630 2631/2631/2631 2625/2625/2625
f 2634/2634/2634 2633/2633/2633 2632/2632/2632
f 2635/2635/2635 2632/2632/2632 2633/2633/2633
f 2633/2633/2633 2636/2636/2636 2635/2635/2635
f 2632/2632/2632 2635/2635/2635 2637/2637/2637
f 2638/2638/2638 2635/2635/2635 2636/2636/2636
f 2636/2636/2636 2639/2639/2639 2638/2638/2638
f 2640/2640/2640 2637/2637/2637 2635/2635/2635
f 2635/2635/2635 2638/2638/2638 2640/2640/2640
f 2637/2637/2637 2640/2640/2640 2641/2641/2641
f 2642/2642/2642 2638/2638/2638 2639/2639/2639
f 2639/2639/2639 2643/2643/2643 2642/2642/2642
f 2644/2644/2644 2641/2641/2641 2640/2640/2640
f 2641/2641/2641 2644/2644/2644 2645/2645/2645
f 2646/2646/2646 2645/2645/2645 2644/2644/2644
f 2646/2646/2646 2644/2644/2644 2647/2647/2647
f 2648/2648/2648 2640/2640/2640 2638/2638/2638
f 2640/2640/2640 2648/2648/2648 2644/2644/2644
f 2638/2638/2638 2642/2642/2642 2648/2648/2648
f 2649/2649/2649 2642/2642/2642 2643/2643/2643
f 2643/2643/2643 2650/2650/2650 2649/2649/2649
f 2651/2651/2651 2647/2647/2647 2644/2644/2644
f 2651/2651/2651 2644/2644/2644 2648/2648/2648
f 2652/2652/2652 2648/2648/2648 2642/2642/2642
f 2648/2648/2648 2652/2652/2652 2651/2651/2651
f 2642/2642/2642 2649/2649/2649 2652/2652/2652
f 2651/2651/2651 2653/2653/2653 2647/2647/2647
f 2653/2653/2653 2651/2651/2651 2652/2652/2652
f 2654/2654/2654 2647/2647/2647 2653/2653/2653
f 2655/2655/2655 2649/2649/2649 2650/2650/2650
f 2650/2650/2650 2656/2656/2656 2655/2655/2655
f 2657/2657/2657 2652/2652/2652 2649/2649/2649
f 2652/2652/2652 2657/2657/2657 2653/2653/2653
f 2649/2649/2649 2655/2655/2655 2657/2657/2657
f 2653/2653/2653 2658/2658/2658 2654/2654/2654
f 2658/2658/2658 2653/2653/2653 2657/2657/2657
f 2659/2659/2659 2654/2654/2654 2658/2658/2658
f 2660/2660/2660 2655/2655/2655 2656/2656/2656
f 2656/2656/2656 2661/2661/2661 2660/2660/2660
f 2662/2662/2662 2660/2660/2660 2661/2661/2661
f 2663/2663/2663 2657/2657/2657 2655/2655/2655
f 2657/2657/2657 2663/2663/2663 2658/2658/2658
f 2655/2655/2655 2660/2660/2660 2663/2663/2663
f 2658/2658/2658 2664/2664/2664 2659/2659/2659
f 2664/2664/2664 2658/2658/2658 2663/2663/2663
f 2665/2665/2665 2659/2659/2659 2664/2664/2664
f 2665/2665/2665 2664/2664/2664 2666/2666/2666
f 2660/2660/2660 2662/2662/2662 2667/2667/2667
f 2667/2667/2667 2663/2663/2663 2660/2660/2660
f 2663/2663/2663 2667/2667/2667 2664/2664/2664
f 2668/2668/2668 2667/2667/2667 2662/2662/2662
f 2669/2669/2669 2664/2664/2664 2667/2667/2667
f 2667/2667/2667 2668/2668/2668 2669/2669/2669
f 2669/2669/2669 2666/2666/2666 2664/2664/2664
f 2670/2670/2670 2669/2669/2669 2668/2668/2668
f 2669/2669/2669 2670/2670/2670 2666/2666/2666
f 2671/2671/2671 2666/2666/2666 2670/2670/2670
f 2674/2674/2674 2673/2673/2673 2672/2672/2672
f 2675/2675/2675 2672/2672/2672 2673/2673/2673
f 2672/2672/2672 2675/2675/2675 2676/2676/2676
f 2675/2675/2675 2673/2673/2673 2677/2677/2677
f 2678/2678/2678 2677/2677/2677 2673/2673/2673
f 2678/2678/2678 2679/2679/2679 2677/2677/2677
f 2680/2680/2680 2676/2676/2676 2675/2675/2675
f 2675/2675/2675 2677/2677/2677 2680/2680/2680
f 2676/2676/2676 2680/2680/2680 2681/2681/2681
f 2682/2682/2682 2677/2677/2677 2679/2679/2679
f 2679/2679/2679 2683/2683/2683 2682/2682/2682
f 2684/2684/2684 2681/2681/2681 2680/2680/2680
f 2681/2681/2681 2684/2684/2684 2685/2685/2685
f 2686/2686/2686 2685/2685/2685 2684/2684/2684
f 2686/2686/2686 2684/2684/2684 2687/2687/2687
f 2688/2688/2688 2680/2680/2680 2677/2677/2677
f 2680/2680/2680 2688/2688/2688 2684/2684/2684
f 2677/2677/2677 2682/2682/2682 2688/2688/2688
f 2689/2689/2689 2682/2682/2682 2683/2683/2683
f 2683/2683/2683 2690/2690/2690 2689/2689/2689
f 2691/2691/2691 2687/2687/2687 2684/2684/2684
f 2691/2691/2691 2684/2684/2684 2688/2688/2688
f 2692/2692/2692 2688/2688/2688 2682/2682/2682
f 2688/2688/2688 2692/2692/2692 2691/2691/2691
f 2682/2682/2682 2689/2689/2689 2692/2692/2692
f 2691/2691/2691 2693/2693/2693 2687/2687/2687
f 2693/2693/2693 2691/2691/2691 2692/2692/2692
f 2694/2694/2694 2687/2687/2687 2693/2693/2693
f 2695/2695/2695 2692/2692/2692 2689/2689/2689
f 2692/2692/2692 2695/2695/2695 2693/2693/2693
f 2693/2693/2693 2696/2696/2696 2694/2694/2694
f 2696/2696/2696 2693/2693/2693 2695/2695/2695
f 2697/2697/2697 2694/2694/2694 2696/2696/2696
f 2698/2698/2698 2689/2689/2689 2690/2690/2690
f 2689/2689/2689 2698/2698/2698 2695/2695/2695
f 2695/2695/2695 2699/2699/2699 2696/2696/2696
f 2699/2699/2699 2695/2695/2695 2698/2698/2698
f 2696/2696/2696 2700/2700/2700 2697/2697/2697
f 2700/2700/2700 2696/2696/2696 2699/2699/2699
f 2701/2701/2701 2697/2697/2697 2700/2700/2700
f 2701/2701/2701 2700/2700/2700 2702/2702/2702
f 2698/2698/2698 2690/2690/2690 2703/2703/2703
f 2698/2698/2698 2703/2703/2703 2699/2699/2699
f 2704/2704/2704 2703/2703/2703 2690/2690/2690
f 2704/2704/2704 2705/2705/2705 2703/2703/2703
f 2706/2706/2706 2703/2703/2703 2705/2705/2705
f 2707/2707/2707 2699/2699/2699 2703/2703/2703
f 2703/2703/2703 2706/2706/2706 2707/2707/2707
f 2699/2699/2699 2707/2707/2707 2700/2700/2700
f 2708/2708/2708 2707/2707/2707 2706/2706/2706
f 2709/2709/2709 2700/2700/2700 2707/2707/2707
f 2707/2707/2707 2708/2708/2708 2709/2709/2709
f 2709/2709/2709 2702/2702/2702 2700/2700/2700
f 2710/2710/2710 2709/2709/2709 2708/2708/2708
f 2709/2709/2709 2710/2710/2710 2702/2702/2702
f 2711/2711/2711 2702/2702/2702 2710/2710/2710
f 2714/2714/2714 2713/2713/2713 2712/2712/2712
f 2713/2713/2713 2715/2715/2715 2712/2712/2712
f 2715/2715/2715 2716/2716/2716 2712/2712/2712
f 2716/2716/2716 2717/2717/2717 2712/2712/2712
f 2717/2717/2717 2718/2718/2718 2712/2712/2712
f 2721/2721/2721 2720/2720/2720 2719/2719/2719
f 2722/2722/2722 2719/2719/2719 2720/2720/2720
f 2720/2720/2720 2723/2723/2723 2722/2722/2722
f 2719/2719/2719 2722/2722/2722 2724/2724/2724
f 2725/2725/2725 2722/2722/2722 2723/2723/2723
f 2723/2723/2723 2726/2726/2726 2725/2725/2725
f 2727/2727/2727 2724/2724/2724 2722/2722/2722
f 2722/2722/2722 2725/2725/2725 2727/2727/2727
f 2724/2724/2724 2727/2727/2727 2728/2728/2728
f 2729/2729/2729 2725/2725/2725 2726/2726/2726
f 2726/2726/2726 2730/2730/2730 2729/2729/2729
f 2731/2731/2731 2728/2728/2728 2727/2727/2727
f 2728/2728/2728 2731/2731/2731 2732/2732/2732
f 2733/2733/2733 2732/2732/2732 2731/2731/2731
f 2733/2733/2733 2731/2731/2731 2734/2734/2734
f 2735/2735/2735 2727/2727/2727 2725/2725/2725
f 2727/2727/2727 2735/2735/2735 2731/2731/2731
f 2725/2725/2725 2729/2729/2729 2735/2735/2735
f 2736/2736/2736 2729/2729/2729 2730/2730/2730
f 2730/2730/2730 2737/2737/2737 2736/2736/2736
f 2738/2738/2738 2734/2734/2734 2731/2731/2731
f 2738/2738/2738 2731/2731/2731 2735/2735/2735
f 2739/2739/2739 2735/2735/2735 2729/2729/2729
f 2735/2735/2735 2739/2739/2739 2738/2738/2738
f 2729/2729/2729 2736/2736/2736 2739/2739/2739
f 2738/2738/2738 2740/2740/2740 2734/2734/2734
f 2740/2740/2740 2738/2738/2738 2739/2739/2739
f 2741/2741/2741 2734/2734/2734 2740/2740/2740
f 2742/2742/2742 2736/2736/2736 2737/2737/2737
f 2737/2737/2737 2743/2743/2743 2742/2742/2742
f 2744/2744/2744 2739/2739/2739 2736/2736/2736
f 2739/2739/2739 2744/2744/2744 2740/2740/2740
f 2736/2736/2736 2742/2742/2742 2744/2744/2744
f 2740/2740/2740 2745/2745/2745 2741/2741/2741
f 2745/2745/2745 2740/2740/2740 2744/2744/2744
f 2746/2746/2746 2741/2741/2741 2745/2745/2745
f 2747/2747/2747 2742/2742/2742 2743/2743/2743
f 2743/2743/2743 2748/2748/2748 2747/2747/2747
f 2749/2749/2749 2747/2747/2747 2748/2748/2748
f 2750/2750/2750 2744/2744/2744 2742/2742/2742
f 2744/2744/2744 2750/2750/2750 2745/2745/2745
f 2742/2742/2742 2747/2747/2747 2750/2750/2750
f 2745/2745/2745 2751/2751/2751 2746/2746/2746
f 2751/2751/2751 2745/2745/2745 2750/2750/2750
f 2752/2752/2752 2746/2746/2746 2751/2751/2751
f 2752/2752/2752 2751/2751/2751 2753/2753/2753
f 2747/2747/2747 2749/2749/2749 2754/2754/2754
f 2754/2754/2754 2750/2750/2750 2747/2747/2747
f 2750/2750/2750 2754/2754/2754 2751/2751/2751
f 2755/2755/2755 2754/2754/2754 2749/2749/2749
f 2756/2756/2756 2751/2751/2751 2754/2754/2754
f 2754/2754/2754 2755/2755/2755 2756/2756/2756
f 2756/2756/2756 2753/2753/2753 2751/2751/2751
f 2757/2757/2757 2756/2756/2756 2755/2755/2755
f 2756/2756/2756 2757/2757/2757 2753/2753/2753
f 2758/2758/2758 2753/2753/2753 2757/2757/2757
f 2761/2761/2761 2760/2760/2760 2759/2759/2759
f 2762/2762/2762 2759/2759/2759 2760/2760/2760
f 2759/2759/2759 2762/2762/2762 2763/2763/2763
f 2762/2762/2762 2760/2760/2760 2764/2764/2764
f 2765/2765/2765 2764/2764/2764 2760/2760/2760
f 2765/2765/2765 2766/2766/2766 2764/2764/2764
f 2767/2767/2767 2763/2763/2763 2762/2762/2762
f 2762/2762/2762 2764/2764/2764 2767/2767/2767
f 2763/2763/2763 2767/2767/2767 2768/2768/2768
f 2769/2769/2769 2764/2764/2764 2766/2766/2766
f 2766/2766/2766 2770/2770/2770 2769/2769/2769
f 2771/2771/2771 2768/2768/2768 2767/2767/2767
f 2768/2768/2768 2771/2771/2771 2772/2772/2772
f 2773/2773/2773 2772/2772/2772 2771/2771/2771
f 2773/2773/2773 2771/2771/2771 2774/2774/2774
f 2775/2775/2775 2767/2767/2767 2764/2764/2764
f 2767/2767/2767 2775/2775/2775 2771/2771/2771
f 2764/2764/2764 2769/2769/2769 2775/2775/2775
f 2776/2776/2776 2769/2769/2769 2770/2770/2770
f 2770/2770/2770 2777/2777/2777 2776/2776/2776
f 2778/2778/2778 2774/2774/2774 2771/2771/2771
f 2778/2778/2778 2771/2771/2771 2775/2775/2775
f 2779/2779/2779 2775/2775/2775 2769/2769/2769
f 2775/2775/2775 2779/2779/2779 2778/2778/2778
f 2769/2769/2769 2776/2776/2776 2779/2779/2779
f 2778/2778/2778 2780/2780/2780 2774/2774/2774
f 2780/2780/2780 2778/2778/2778 2779/2779/2779
f 2781/2781/2781 2774/2774/2774 2780/2780/2780
f 2782/2782/2782 2779/2779/2779 2776/2776/2776
f 2779/2779/2779 2782/2782/2782 2780/2780/2780
f 2780/2780/2780 2783/2783/2783 2781/2781/2781
f 2783/2783/2783 2780/2780/2780 2782/2782/2782
f 2784/2784/2784 2781/2781/2781 2783/2783/2783
f 2785/2785/2785 2776/2776/2776 2777/2777/2777
f 2776/2776/2776 2785/2785/2785 2782/2782/2782
f 2782/2782/2782 2786/2786/2786 2783/2783/2783
f 2786/2786/2786 2782/2782/2782 2785/2785/2785
f 2783/2783/2783 2787/2787/2787 2784/2784/2784
f 2787/2787/2787 2783/2783/2783 2786/2786/2786
f 2788/2788/2788 2784/2784/2784 2787/2787/2787
f 2788/2788/2788 2787/2787/2787 2789/2789/2789
f 2785/2785/2785 2777/2777/2777 2790/2790/2790
f 2785/2785/2785 2790/2790/2790 2786/2786/2786
f 2791/2791/2791 2790/2790/2790 2777/2777/2777
f 2791/2791/2791 2792/2792/2792 2790/2790/2790
f 2793/2793/2793 2790/2790/2790 2792/2792/2792
f 2794/2794/2794 2786/2786/2786 2790/2790/2790
f 2790/2790/2790 2793/2793/2793 2794/2794/2794
f 2786/2786/2786 2794/2794/2794 2787/2787/2787
f 2795/2795/2795 2794/2794/2794 2793/2793/2793
f 2796/2796/2796 2787/2787/2787 2794/2794/2794
f 2794/2794/2794 2795/2795/2795 2796/2796/2796
f 2796/2796/2796 2789/2789/2789 2787/2787/2787
f 2797/2797/2797 2796/2796/2796 2795/2795/2795
f 2796/2796/2796 2797/2797/2797 2789/2789/2789
f 2798/2798/2798 2789/2789/2789 2797/2797/2797
f 2801/2801/2801 2800/2800/2800 2799/2799/2799
f 2800/2800/2800 2802/2802/2802 2799/2799/2799
f 2802/2802/2802 2803/2803/2803 2799/2799/2799
f 2803/2803/2803 2804/2804/2804 2799/2799/2799
f 2804/2804/2804 2805/2805/2805 2799/2799/2799
f 2808/2808/2808 2807/2807/2807 2806/2806/2806
f 2809/2809/2809 2806/2806/2806 2807/2807/2807
f 2807/2807/2807 2810/2810/2810 2809/2809/2809
f 2806/2806/2806 2809/2809/2809 2811/2811/2811
f 2812/2812/2812 2809/2809/2809 2810/2810/2810
f 2810/2810/2810 2813/2813/2813 2812/2812/2812
f 2814/2814/2814 2811/2811/2811 2809/2809/2809
f 2809/2809/2809 2812/2812/2812 2814/2814/2814
f 2811/2811/2811 2814/2814/2814 2815/2815/2815
f 2816/2816/2816 2812/2812/2812 2813/2813/2813
f 2813/2813/2813 2817/2817/2817 2816/2816/2816
f 2818/2818/2818 2815/2815/2815 2814/2814/2814
f 2815/2815/2815 2818/2818/2818 2819/2819/2819
f 2820/2820/2820 2819/2819/2819 2818/2818/2818
f 2820/2820/2820 2818/2818/2818 2821/2821/2821
f 2822/2822/2822 2814/2814/2814 2812/2812/2812
f 2814/2814/2814 2822/2822/2822 2818/2818/2818
f 2812/2812/2812 2816/2816/2816 2822/2822/2822
f 2823/2823/2823 2816/2816/2816 2817/2817/2817
f 2817/2817/2817 2824/2824/2824 2823/2823/2823
f 2825/2825/2825 2821/2821/2821 2818/2818/2818
f 2825/2825/2825 2818/2818/2818 2822/2822/2822
f 2826/2826/2826 2822/2822/2822 2816/2816/2816
f 2822/2822/2822 2826/2826/2826 2825/2825/2825
f 2816/2816/2816 2823/2823/2823 2826/2826/2826
f 2825/2825/2825 2827/2827/2827 2821/2821/2821
f 2827/2827/2827 2825/2825/2825 2826/2826/2826
f 2828/2828/2828 2821/2821/2821 2827/2827/2827
f 2829/2829/2829 2823/2823/2823 2824/2824/2824
f 2824/2824/2824 2830/2830/2830 2829/2829/2829
f 2831/2831/2831 2826/2826/2826 2823/2823/2823
f 2826/2826/2826 2831/2831/2831 2827/2827/2827
f 2823/2823/2823 2829/2829/2829 2831/2831/2831
f 2827/2827/2827 2832/2832/2832 2828/2828/2828
f 2832/2832/2832 2827/2827/2827 2831/2831/2831
f 2833/2833/2833 2828/2828/2828 2832/2832/2832
f 2834/2834/2834 2829/2829/2829 2830/2830/2830
f 2830/2830/2830 2835/2835/2835 2834/2834/2834
f 2836/2836/2836 2834/2834/2834 2835/2835/2835
f 2837/2837/2837 2831/2831/2831 2829/2829/2829
f 2831/2831/2831 2837/2837/2837 2832/2832/2832
f 2829/2829/2829 2834/2834/2834 2837/2837/2837
f 2832/2832/2832 2838/2838/2838 2833/2833/2833
f 2838/2838/2838 2832/2832/2832 2837/2837/2837
f 2839/2839/2839 2833/2833/2833 2838/2838/2838
f 2839/2839/2839 2838/2838/2838 2840/2840/2840
f 2834/2834/2834 2836/2836/2836 2841/2841/2841
f 2841/2841/2841 2837/2837/2837 2834/2834/2834
f 2837/2837/2837 2841/2841/2841 2838/2838/2838
f 2842/2842/2842 2841/2841/2841 2836/2836/2836
f 2843/2843/2843 2838/2838/2838 2841/2841/2841
f 2841/2841/2841 2842/2842/2842 2843/2843/2843
f 2843/2843/2843 2840/2840/2840 2838/2838/2838
f 2844/2844/2844 2843/2843/2843 2842/2842/2842
f 2843/2843/2843 2844/2844/2844 2840/2840/2840
f 2845/2845/2845 2840/2840/2840 2844/2844/2844
f 2848/2848/2848 2847/2847/2847 2846/2846/2846
f 2849/2849/2849 2846/2846/2846 2847/2847/2847
f 2846/2846/2846 2849/2849/2849 2850/2850/2850
f 2849/2849/2849 2847/2847/2847 2851/2851/2851
f 2852/2852/2852 2851/2851/2851 2847/2847/2847
f 2852/2852/2852 2853/2853/2853 2851/2851/2851
f 2854/2854/2854 2850/2850/2850 2849/2849/2849
f 2849/2849/2849 2851/2851/2851 2854/2854/2854
f 2850/2850/2850 2854/2854/2854 2855/2855/2855
f 2856/2856/2856 2851/2851/2851 2853/2853/2853
f 2853/2853/2853 2857/2857/2857 2856/2856/2856
f 2858/2858/2858 2855/2855/2855 2854/2854/2854
f 2855/2855/2855 2858/2858/2858 2859/2859/2859
f 2860/2860/2860 2859/2859/2859 2858/2858/2858
f 2860/2860/2860 2858/2858/2858 2861/2861/2861
f 2862/2862/2862 2854/2854/2854 2851/2851/2851
f 2854/2854/2854 2862/2862/2862 2858/2858/2858
f 2851/2851/2851 2856/2856/2856 2862/2862/2862
f 2863/2863/2863 2856/2856/2856 2857/2857/2857
f 2857/2857/2857 2864/2864/2864 2863/2863/2863
f 2865/2865/2865 2861/2861/2861 2858/2858/2858
f 2865/2865/2865 2858/2858/2858 2862/2862/2862
f 2866/2866/2866 2862/2862/2862 2856/2856/2856
f 2862/2862/2862 2866/2866/2866 2865/2865/2865
f 2856/2856/2856 2863/2863/2863 2866/2866/2866
f 2865/2865/2865 2867/2867/2867 2861/2861/2861
f 2867/2867/2867 2865/2865/2865 2866/2866/2866
f 2868/2868/2868 2861/2861/2861 2867/2867/2867
f 2869/2869/2869 2866/2866/2866 2863/2863/2863
f 2866/2866/2866 2869/2869/2869 2867/2867/2867
f 2867/2867/2867 2870/2870/2870 2868/2868/2868
f 2870/2870/2870 2867/2867/2867 2869/2869/2869
f 2871/2871/2871 2868/2868/2868 2870/2870/2870
f 2872/2872/2872 2863/2863/2863 2864/2864/2864
f 2863/2863/2863 2872/2872/2872 2869/2869/2869
f 2869/2869/2869 2873/2873/2873 2870/2870/2870
f 2873/2873/2873 2869/2869/2869 2872/2872/2872
f 2870/2870/2870 2874/2874/2874 2871/2871/2871
f 2874/2874/2874 2870/2870/2870 2873/2873/2873
f 2875/2875/2875 2871/2871/2871 2874/2874/2874
f 2875/2875/2875 2874/2874/2874 2876/2876/2876
f 2872/2872/2872 2864/2864/2864 2877/2877/2877
f 2872/2872/2872 2877/2877/2877 2873/2873/2873
f 2878/2878/2878 2877/2877/2877 2864/2864/2864
f 2878/2878/2878 2879/2879/2879 2877/2877/2877
f 2880/2880/2880 2877/2877/2877 2879/2879/2879
f 2881/2881/2881 2873/2873/2873 2877/2877/2877
f 2877/2877/2877 2880/2880/2880 2881/2881/2881
f 2873/2873/2873 2881/2881/2881 2874/2874/2874
f 2882/2882/2882 2881/2881/2881 2880/2880/2880
f 2883/2883/2883 2874/2874/2874 2881/2881/2881
f 2881/2881/2881 2882/2882/2882 2883/2883/2883
f 2883/2883/2883 2876/2876/2876 2874/2874/2874
f 2884/2884/2884 2883/2883/2883 2882/2882/2882
f 2883/2883/2883 2884/2884/2884 2876/2876/2876
f 2885/2885/2885 2876/2876/2876 2884/2884/2884
f 2888/2888/2888 2887/2887/2887 2886/2886/2886
f 2887/2887/2887 2889/2889/2889 2886/2886/2886
f 2889/2889/2889 2890/2890/2890 2886/2886/2886
f 2890/2890/2890 2891/2891/2891 2886/2886/2886
f 2891/2891/2891 2892/2892/2892 2886/2886/2886
f 2895/2895/2895 2894/2894/2894 2893/2893/2893
f 2896/2896/2896 2893/2893/2893 2894/2894/2894
f 2894/2894/2894 2897/2897/2897 2896/2896/2896
f 2893/2893/2893 2896/2896/2896 2898/2898/2898
f 2899/2899/2899 2896/2896/2896 2897/2897/2897
f 2897/2897/2897 2900/2900/2900 2899/2899/2899
f 2901/2901/2901 2898/2898/2898 2896/2896/2896
f 2896/2896/2896 2899/2899/2899 2901/2901/2901
f 2898/2898/2898 2901/2901/2901 2902/2902/2902
f 2903/2903/2903 2899/2899/2899 2900/2900/2900
f 2900/2900/2900 2904/2904/2904 2903/2903/2903
f 2905/2905/2905 2902/2902/2902 2901/2901/2901
f 2902/2902/2902 2905/2905/2905 2906/2906/2906
f 2907/2907/2907 2906/2906/2906 2905/2905/2905
f 2907/2907/2907 2905/2905/2905 2908/2908/2908
f 2909/2909/2909 2901/2901/2901 2899/2899/2899
f 2901/2901/2901 2909/2909/2909 2905/2905/2905
f 2899/2899/2899 2903/2903/2903 2909/2909/2909
f 2910/2910/2910 2903/2903/2903 2904/2904/2904
f 2904/2904/2904 2911/2911/2911 2910/2910/2910
f 2912/2912/2912 2908/2908/2908 2905/2905/2905
f 2912/2912/2912 2905/2905/2905 2909/2909/2909
f 2913/2913/2913 2909/2909/2909 2903/2903/2903
f 2909/2909/2909 2913/2913/2913 2912/2912/2912
f 2903/2903/2903 2910/2910/2910 2913/2913/2913
f 2912/2912/2912 2914/2914/2914 2908/2908/2908
f 2914/2914/2914 2912/2912/2912 2913/2913/2913
f 2915/2915/2915 2908/2908/2908 2914/2914/2914
f 2916/2916/2916 2910/2910/2910 2911/2911/2911
f 2911/2911/2911 2917/2917/2917 2916/2916/2916
f 2918/2918/2918 2913/2913/2913 2910/2910/2910
f 2913/2913/2913 2918/2918/2918 2914/2914/2914
f 2910/2910/2910 2916/2916/2916 2918/2918/2918
f 2914/2914/2914 2919/2919/2919 2915/2915/2915
f 2919/2919/2919 2914/2914/2914 2918/2918/2918
f 2920/2920/2920 2915/2915/2915 2919/2919/2919
f 2921/2921/2921 2916/2916/2916 2917/2917/2917
f 2917/2917/2917 2922/2922/2922 2921/2921/2921
f 2923/2923/2923 2921/2921/2921 2922/2922/2922
f 2924/2924/2924 2918/2918/2918 2916/2916/2916
f 2918/2918/2918 2924/2924/2924 2919/2919/2919
f 2916/2916/2916 2921/2921/2921 2924/2924/2924
f 2919/2919/2919 2925/2925/2925 2920/2920/2920
f 2925/2925/2925 2919/2919/2919 2924/2924/2924
f 2926/2926/2926 2920/2920/2920 2925/2925/2925
f 2926/2926/2926 2925/2925/2925 2927/2927/2927
f 2921/2921/2921 2923/2923/2923 2928/2928/2928
f 2928/2928/2928 2924/2924/2924 2921/2921/2921
f 2924/2924/2924 2928/2928/2928 2925/2925/2925
f 2929/2929/2929 2928/2928/2928 2923/2923/2923
f 2930/2930/2930 2925/2925/2925 2928/2928/2928
f 2928/2928/2928 2929/2929/2929 2930/2930/2930
f 2930/2930/2930 2927/2927/2927 2925/2925/2925
f 2931/2931/2931 2930/2930/2930 2929/2929/2929
f 2930/2930/2930 2931/2931/2931 2927/2927/2927
f 2932/2932/2932 2927/2927/2927 2931/2931/2931
f 2935/2935/2935 2934/2934/2934 2933/2933/2933
f 2936/2936/2936 2933/2933/2933 2934/2934/2934
f 2933/2933/2933 2936/2936/2936 2937/2937/2937
f 2936/2936/2936 2934/2934/2934 2938/2938/2938
f 2939/2939/2939 2938/2938/2938 2934/2934/2934
f 2939/2939/2939 2940/2940/2940 2938/2938/2938
f 2941/2941/2941 2937/2937/2937 2936/2936/2936
f 2936/2936/2936 2938/2938/2938 2941/2941/2941
f 2937/2937/2937 2941/2941/2941 2942/2942/2942
f 2943/2943/2943 2938/2938/2938 2940/2940/2940
f 2940/2940/2940 2944/2944/2944 2943/2943/2943
f 2945/2945/2945 2942/2942/2942 2941/2941/2941
f 2942/2942/2942 2945/2945/2945 2946/2946/2946
f 2947/2947/2947 2946/2946/2946 2945/2945/2945
f 2947/2947/2947 2945/2945/2945 2948/2948/2948
f 2949/2949/2949 2941/2941/2941 2938/2938/2938
f 2941/2941/2941 2949/2949/2949 2945/2945/2945
f 2938/2938/2938 2943/2943/2943 2949/2949/2949
f 2950/2950/2950 2943/2943/2943 2944/2944/2944
f 2944/2944/2944 2951/2951/2951 2950/2950/2950
f 2952/2952/2952 2948/2948/2948 2945/2945/2945
f 2952/2952/2952 2945/2945/2945 2949/2949/2949
f 2953/2953/2953 2949/2949/2949 2943/2943/2943
f 2949/2949/2949 2953/2953/2953 2952/2952/2952
f 2943/2943/2943 2950/2950/2950 2953/2953/2953
f 2952/2952/2952 2954/2954/2954 2948/2948/2948
f 2954/2954/2954 2952/2952/2952 2953/2953/2953
f 2955/2955/2955 2948/2948/2948 2954/2954/2954
f 2956/2956/2956 2953/2953/2953 2950/2950/2950
f 2953/2953/2953 2956/2956/2956 2954/2954/2954
f 2954/2954/2954 2957/2957/2957 2955/2955/2955
f 2957/2957/2957 2954/2954/2954 2956/2956/2956
f 2958/2958/2958 2955/2955/2955 2957/2957/2957
f 2959/2959/2959 2950/2950/2950 2951/2951/2951
f 2950/2950/2950 2959/2959/2959 2956/2956/2956
f 2956/2956/2956 2960/2960/2960 2957/2957/2957
f 2960/2960/2960 2956/2956/2956 2959/2959/2959
f 2957/2957/2957 2961/2961/2961 2958/2958/2958
f 2961/2961/2961 2957/2957/2957 2960/2960/2960
f 2962/2962/2962 2958/2958/2958 2961/2961/2961
f 2962/2962/2962 2961/2961/2961 2963/2963/2963
f 2959/2959/2959 2951/2951/2951 2964/2964/2964
f 2959/2959/2959 2964/2964/2964 2960/2960/2960
f 2965/2965/2965 2964/2964/2964 2951/2951/2951
f 2965/2965/2965 2966/2966/2966 2964/2964/2964
f 2967/2967/2967 2964/2964/2964 2966/2966/2966
f 2968/2968/2968 2960/2960/2960 2964/2964/2964
f 2964/2964/2964 2967/2967/2967 2968/2968/2968
f 2960/2960/2960 2968/2968/2968 2961/2961/2961
f 2969/2969/2969 2968/2968/2968 2967/2967/2967
f 2970/2970/2970 2961/2961/2961 2968/2968/2968
f 2968/2968/2968 2969/2969/2969 2970/2970/2970
f 2970/2970/2970 2963/2963/2963 2961/2961/2961
f 2971/2971/2971 2970/2970/2970 2969/2969/2969
f 2970/2970/2970 2971/2971/2971 2963/2963/2963
f 2972/2972/2972 2963/2963/2963 2971/2971/2971
f 2975/2975/2975 2974/2974/2974 2973/2973/2973
f 2974/2974/2974 2976/2976/2976 2973/2973/2973
f 2976/2976/2976 2977/2977/2977 2973/2973/2973
f 2977/2977/2977 2978/2978/2978 2973/2973/2973
f 2978/2978/2978 2979/2979/2979 2973/2973/2973
f 2982/2982/2982 2981/2981/2981 2980/2980/2980
f 2983/2983/2983 2980/2980/2980 2981/2981/2981
f 2981/2981/2981 2984/2984/2984 2983/2983/2983
f 2980/2980/2980 2983/2983/2983 2985/2985/2985
f 2986/2986/2986 2983/2983/2983 2984/2984/2984
f 2984/2984/2984 2987/2987/2987 2986/2986/2986
f 2988/2988/2988 2985/2985/2985 2983/2983/2983
f 2983/2983/2983 2986/2986/2986 2988/2988/2988
f 2985/2985/2985 2988/2988/2988 2989/2989/2989
f 2990/2990/2990 2986/2986/2986 2987/2987/2987
f 2987/2987/2987 2991/2991/2991 2990/2990/2990
f 2992/2992/2992 2989/2989/2989 2988/2988/2988
f 2989/2989/2989 2992/2992/2992 2993/2993/2993
f 2994/2994/2994 2993/2993/2993 2992/2992/2992
f 2994/2994/2994 2992/2992/2992 2995/2995/2995
f 2996/2996/2996 2988/2988/2988 2986/2986/2986
f 2988/2988/2988 2996/2996/2996 2992/2992/2992
f 2986/2986/2986 2990/2990/2990 2996/2996/2996
f 2997/2997/2997 2990/2990/2990 2991/2991/2991
f 2991/2991/2991 2998/2998/2998 2997/2997/2997
f 2999/2999/2999 2995/2995/2995 2992/2992/2992
f 2999/2999/2999 2992/2992/2992 2996/2996/2996
f 3000/3000/3000 2996/2996/2996 2990/2990/2990
f 2996/2996/2996 3000/3000/3000 2999/2999/2999
f 2990/2990/2990 2997/2997/2997 3000/3000/3000
f 2999/2999/2999 3001/3001/3001 2995/2995/2995
f 3001/3001/3001 2999/2999/2999 3000/3000/3000
f 3002/3002/3002 2995/2995/2995 3001/3001/3001
f 3003/3003/3003 2997/2997/2997 2998/2998/2998
f 2998/2998/2998 3004/3004/3004 3003/3003/3003
f 3005/3005/3005 3000/3000/3000 2997/2997/2997
f 3000/3000/3000 3005/3005/3005 3001/3001/3001
f 2997/2997/2997 3003/3003/3003 3005/3005/3005
f 3001/3001/3001 3006/3006/3006 3002/3002/3002
f 3006/3006/3006 3001/3001/3001 3005/3005/3005
f 3007/3007/3007 3002/3002/3002 3006/3006/3006
f 3008/3008/3008 3003/3003/3003 3004/3004/3004
f 3004/3004/3004 3009/3009/3009 3008/3008/3008
f 3010/3010/3010 3008/3008/3008 3009/3009/3009
f 3011/3011/3011 3005/3005/3005 3003/3003/3003
f 3005/3005/3005 3011/3011/3011 3006/3006/3006
f 3003/3003/3003 3008/3008/3008 3011/3011/3011
f 3006/3006/3006 3012/3012/3012 3007/3007/3007
f 3012/3012/3012 3006/3006/3006 3011/3011/3011
f 3013/3013/3013 3007/3007/3007 3012/3012/3012
f 3013/3013/3013 3012/3012/3012 3014/3014/3014
f 3008/3008/3008 3010/3010/3010 3015/3015/3015
f 3015/3015/3015 3011/3011/3011 3008/3008/3008
f 3011/3011/3011 3015/3015/3015 3012/3012/3012
f 3016/3016/3016 3015/3015/3015 3010/3010/3010
f 3017/3017/3017 3012/3012/3012 3015/3015/3015
f 3015/3015/3015 3016/3016/3016 3017/3017/3017
f 3017/3017/3017 3014/3014/3014 3012/3012/3012
f 3018/3018/3018 3017/3017/3017 3016/3016/3016
f 3017/3017/3017 3018/3018/3018 3014/3014/3014
f 3019/3019/3019 3014/3014/3014 3018/3018/3018
f 3022/3022/3022 3021/3021/3021 3020/3020/3020
f 3023/3023/3023 3020/3020/3020 3021/3021/3021
f 3020/3020/3020 3023/3023/3023 3024/3024/3024
f 3023/3023/3023 3021/3021/3021 3025/3025/3025
f 3026/3026/3026 3025/3025/3025 3021/3021/3021
f 3026/3026/3026 3027/3027/3027 3025/3025/3025
f 3028/3028/3028 3024/3024/3024 3023/3023/3023
f 3023/3023/3023 3025/3025/3025 3028/3028/3028
f 3024/3024/3024 3028/3028/3028 3029/3029/3029
f 3030/3030/3030 3025/3025/3025 3027/3027/3027
f 3027/3027/3027 3031/3031/3031 3030/3030/3030
f 3032/3032/3032 3029/3029/3029 3028/3028/3028
f 3029/3029/3029 3032/3032/3032 3033/3033/3033
f 3034/3034/3034 3033/3033/3033 3032/3032/3032
f 3034/3034/3034 3032/3032/3032 3035/3035/3035
f 3036/3036/3036 3028/3028/3028 3025/3025/3025
f 3028/3028/3028 3036/3036/3036 3032/3032/3032
f 3025/3025/3025 3030/3030/3030 3036/3036/3036
f 3037/3037/3037 3030/3030/3030 3031/3031/3031
f 3031/3031/3031 3038/3038/3038 3037/3037/3037
f 3039/3039/3039 3035/3035/3035 3032/3032/3032
f 3039/3039/3039 3032/3032/3032 3036/3036/3036
f 3040/3040/3040 3036/3036/3036 3030/3030/3030
f 3036/3036/3036 3040/3040/3040 3039/3039/3039
f 3030/3030/3030 3037/3037/3037 3040/3040/3040
f 3039/3039/3039 3041/3041/3041 3035/3035/3035
f 3041/3041/3041 3039/3039/3039 3040/3040/3040
f 3042/3042/3042 3035/3035/3035 3041/3041/3041
f 3043/3043/3043 3040/3040/3040 3037/3037/3037
f 3040/3040/3040 3043/3043/3043 3041/3041/3041
f 3041/3041/3041 3044/3044/3044 3042/3042/3042
f 3044/3044/3044 3041/3041/3041 3043/3043/3043
f 3045/3045/3045 3042/3042/3042 3044/3044/3044
f 3046/3046/3046 3037/3037/3037 3038/3038/3038
f 3037/3037/3037 3046/3046/3046 3043/3043/3043
f 3043/3043/3043 3047/3047/3047 3044/3044/3044
f 3047/3047/3047 3043/3043/3043 3046/3046/3046
f 3044/3044/3044 3048/3048/3048 3045/3045/3045
f 3048/3048/3048 3044/3044/3044 3047/3047/3047
f 3049/3049/3049 3045/3045/3045 3048/3048/3048
f 3049/3049/3049 3048/3048/3048 3050/3050/3050
f 3046/3046/3046 3038/3038/3038 3051/3051/3051
f 3046/3046/3046 3051/3051/3051 3047/3047/3047
f 3052/3052/3052 3051/3051/3051 3038/3038/3038
f 3052/3052/3052 3053/3053/3053 3051/3051/3051
f 3054/3054/3054 3051/3051/3051 3053/3053/3053
f 3055/3055/3055 3047/3047/3047 3051/3051/3051
f 3051/3051/3051 3054/3054/3054 3055/3055/3055
f 3047/3047/3047 3055/3055/3055 3048/3048/3048
f 3056/3056/3056 3055/3055/3055 3054/3054/3054
f 3057/3057/3057 3048/3048/3048 3055/3055/3055
f 3055/3055/3055 3056/3056/3056 3057/3057/3057
f 3057/3057/3057 3050/3050/3050 3048/3048/3048
f 3058/3058/3058 3057/3057/3057 3056/3056/3056
f 3057/3057/3057 3058/3058/3058 3050/3050/3050
f 3059/3059/3059 3050/3050/3050 3058/3058/3058
f 3062/3062/3062 3061/3061/3061 3060/3060/3060
f 3061/3061/3061 3063/3063/3063 3060/3060/3060
f 3063/3063/3063 3064/3064/3064 3060/3060/3060
f 3064/3064/3064 3065/3065/3065 3060/3060/3060
f 3065/3065/3065 3066/3066/3066 3060/3060/3060
f 3069/3069/3069 3068/3068/3068 3067/3067/3067
f 3070/3070/3070 3067/3067/3067 3068/3068/3068
f 3068/3068/3068 3071/3071/3071 3070/3070/3070
f 3067/3067/3067 3070/3070/3070 3072/3072/3072
f 3073/3073/3073 3070/3070/3070 3071/3071/3071
f 3071/3071/3071 3074/3074/3074 3073/3073/3073
f 3075/3075/3075 3072/3072/3072 3070/3070/3070
f 3070/3070/3070 3073/3073/3073 3075/3075/3075
f 3072/3072/3072 3075/3075/3075 3076/3076/3076
f 3077/3077/3077 3073/3073/3073 3074/3074/3074
f 3074/3074/3074 3078/3078/3078 3077/3077/3077
f 3079/3079/3079 3076/3076/3076 3075/3075/3075
f 3076/3076/3076 3079/3079/3079 3080/3080/3080
f 3081/3081/3081 3080/3080/3080 3079/3079/3079
f 3081/3081/3081 3079/3079/3079 3082/3082/3082
f 3083/3083/3083 3075/3075/3075 3073/3073/3073
f 3075/3075/3075 3083/3083/3083 3079/3079/3079
f 3073/3073/3073 3077/3077/3077 3083/3083/3083
f 3084/3084/3084 3077/3077/3077 3078/3078/3078
f 3078/3078/3078 3085/3085/3085 3084/3084/3084
f 3086/3086/3086 3082/3082/3082 3079/3079/3079
f 3086/3086/3086 3079/3079/3079 3083/3083/3083
f 3087/3087/3087 3083/3083/3083 3077/3077/3077
f 3083/3083/3083 3087/3087/3087 3086/3086/3086
f 3077/3077/3077 3084/3084/3084 3087/3087/3087
f 3086/3086/3086 3088/3088/3088 3082/3082/3082
f 3088/3088/3088 3086/3086/3086 3087/3087/3087
f 3089/3089/3089 3082/3082/3082 3088/3088/3088
f 3090/3090/3090 3084/3084/3084 3085/3085/3085
f 3085/3085/3085 3091/3091/3091 3090/3090/3090
f 3092/3092/3092 3087/3087/3087 3084/3084/3084
f 3087/3087/3087 3092/3092/3092 3088/3088/3088
f 3084/3084/3084 3090/3090/3090 3092/3092/3092
f 3088/3088/3088 3093/3093/3093 3089/3089/3089
f 3093/3093/3093 3088/3088/3088 3092/3092/3092
f 3094/3094/3094 3089/3089/3089 3093/3093/3093
f 3095/3095/3095 3090/3090/3090 3091/3091/3091
f 3091/3091/3091 3096/3096/3096 3095/3095/3095
f 3097/3097/3097 3095/3095/3095 3096/3096/3096
f 3098/3098/3098 3092/3092/3092 3090/3090/3090
f 3092/3092/3092 3098/3098/3098 3093/3093/3093
f 3090/3090/3090 3095/3095/3095 3098/3098/3098
f 3093/3093/3093 3099/3099/3099 3094/3094/3094
f 3099/3099/3099 3093/3093/3093 3098/3098/3098
f 3100/3100/3100 3094/3094/3094 3099/3099/3099
f 3100/3100/3100 3099/3099/3099 3101/3101/3101
f 3095/3095/3095 3097/3097/3097 3102/3102/3102
f 3102/3102/3102 3098/3098/3098 3095/3095/3095
f 3098/3098/3098 3102/3102/3102 3099/3099/3099
f 3103/3103/3103 3102/3102/3102 3097/3097/3097
f 3104/3104/3104 3099/3099/3099 3102/3102/3102
f 3102/3102/3102 3103/3103/3103 3104/3104/3104
f 3104/3104/3104 3101/3101/3101 3099/3099/3099
f 3105/3105/3105 3104/3104/3104 3103/3103/3103
f 3104/3104/3104 3105/3105/3105 3101/3101/3101
f 3106/3106/3106 3101/3101/3101 3105/3105/3105
f 3109/3109/3109 3108/3108/3108 3107/3107/3107
f 3110/3110/3110 3107/3107/3107 3108/3108/3108
f 3107/3107/3107 3110/3110/3110 3111/3111/3111
f 3110/3110/3110 3108/3108/3108 3112/3112/3112
f 3113/3113/3113 3112/3112/3112 3108/3108/3108
f 3113/3113/3113 3114/3114/3114 3112/3112/3112
f 3115/3115/3115 3111/3111/3111 3110/3110/3110
f 3110/3110/3110 3112/3112/3112 3115/3115/3115
f 3111/3111/3111 3115/3115/3115 3116/3116/3116
f 3117/3117/3117 3112/3112/3112 3114/3114/3114
f 3114/3114/3114 3118/3118/3118 3117/3117/3117
f 3119/3119/3119 3116/3116/3116 3115/3115/3115
f 3116/3116/3116 3119/3119/3119 3120/3120/3120
f 3121/3121/3121 3120/3120/3120 3119/3119/3119
f 3121/3121/3121 3119/3119/3119 3122/3122/3122
f 3123/3123/3123 3115/3115/3115 3112/3112/3112
f 3115/3115/3115 3123/3123/3123 3119/3119/3119
f 3112/3112/3112 3117/3117/3117 3123/3123/3123
f 3124/3124/3124 3117/3117/3117 3118/3118/3118
f 3118/3118/3118 3125/3125/3125 3124/3124/3124
f 3126/3126/3126 3122/3122/3122 3119/3119/3119
f 3126/3126/3126 3119/3119/3119 3123/3123/3123
f 3127/3127/3127 3123/3123/3123 3117/3117/3117
f 3123/3123/3123 3127/3127/3127 3126/3126/3126
f 3117/3117/3117 3124/3124/3124 3127/3127/3127
f 3126/3126/3126 3128/3128/3128 3122/3122/3122
f 3128/3128/3128 3126/3126/3126 3127/3127/3127
f 3129/3129/3129 3122/3122/3122 3128/3128/3128
f 3130/3130/3130 3127/3127/3127 3124/3124/3124
f 3127/3127/3127 3130/3130/3130 3128/3128/3128
f 3128/3128/3128 3131/3131/3131 3129/3129/3129
f 3131/3131/3131 3128/3128/3128 3130/3130/3130
f 3132/3132/3132 3129/3129/3129 3131/3131/3131
f 3133/3133/3133 3124/3124/3124 3125/3125/3125
f 3124/3124/3124 3133/3133/3133 3130/3130/3130
f 3130/3130/3130 3134/3134/3134 3131/3131/3131
f 3134/3134/3134 3130/3130/3130 3133/3133/3133
f 3131/3131/3131 3135/3135/3135 3132/3132/3132
f 3135/3135/3135 3131/3131/3131 3134/3134/3134
f 3136/3136/3136 3132/3132/3132 3135/3135/3135
f 3136/3136/3136 3135/3135/3135 3137/3137/3137
f 3133/3133/3133 3125/3125/3125 3138/3138/3138
f 3133/3133/3133 3138/3138/3138 3134/3134/3134
f 3139/3139/3139 3138/3138/3138 3125/3125/3125
f 3139/3139/3139 3140/3140/3140 3138/3138/3138
f 3141/3141/3141 3138/3138/3138 3140/3140/3140
f 3142/3142/3142 3134/3134/3134 3138/3138/3138
f 3138/3138/3138 3141/3141/3141 3142/3142/3142
f 3134/3134/3134 3142/3142/3142 3135/3135/3135
f 3143/3143/3143 3142/3142/3142 3141/3141/3141
f 3144/3144/3144 3135/3135/3135 3142/3142/3142
f 3142/3142/3142 3143/3143/3143 3144/3144/3144
f 3144/3144/3144 3137/3137/3137 3135/3135/3135
f 3145/3145/3145 3144/3144/3144 3143/3143/3143
f 3144/3144/3144 3145/3145/3145 3137/3137/3137
f 3146/3146/3146 3137/3137/3137 3145/3145/3145
f 3149/3149/3149 3148/3148/3148 3147/3147/3147
f 3148/3148/3148 3150/3150/3150 3147/3147/3147
f 3150/3150/3150 3151/3151/3151 3147/3147/3147
f 3151/3151/3151 3152/3152/3152 3147/3147/3147
f 3152/3152/3152 3153/3153/3153 3147/3147/3147
f 3156/3156/3156 3155/3155/3155 3154/3154/3154
f 3157/3157/3157 3154/3154/3154 3155/3155/3155
f 3155/3155/3155 3158/3158/3158 3157/3157/3157
f 3154/3154/3154 3157/3157/3157 3159/3159/3159
f 3160/3160/3160 3157/3157/3157 3158/3158/3158
f 3158/3158/3158 3161/3161/3161 3160/3160/3160
f 3162/3162/3162 3159/3159/3159 3157/3157/3157
f 3157/3157/3157 3160/3160/3160 3162/3162/3162
f 3159/3159/3159 3162/3162/3162 3163/3163/3163
f 3164/3164/3164 3160/3160/3160 3161/3161/3161
f 3161/3161/3161 3165/3165/3165 3164/3164/3164
f 3166/3166/3166 3163/3163/3163 3162/3162/3162
f 3163/3163/3163 3166/3166/3166 3167/3167/3167
f 3168/3168/3168 3167/3167/3167 3166/3166/3166
f 3168/3168/3168 3166/3166/3166 3169/3169/3169
f 3170/3170/3170 3162/3162/3162 3160/3160/3160
f 3162/3162/3162 3170/3170/3170 3166/3166/3166
f 3160/3160/3160 3164/3164/3164 3170/3170/3170
f 3171/3171/3171 3164/3164/3164 3165/3165/3165
f 3165/3165/3165 3172/3172/3172 3171/3171/3171
f 3173/3173/3173 3169/3169/3169 3166/3166/3166
f 3173/3173/3173 3166/3166/3166 3170/3170/3170
f 3174/3174/3174 3170/3170/3170 3164/3164/3164
f 3170/3170/3170 3174/3174/3174 3173/3173/3173
f 3164/3164/3164 3171/3171/3171 3174/3174/3174
f 3173/3173/3173 3175/3175/3175 3169/3169/3169
f 3175/3175/3175 3173/3173/3173 3174/3174/3174
f 3176/3176/3176 3169/3169/3169 3175/3175/3175
f 3177/3177/3177 3171/3171/3171 3172/3172/3172
f 3172/3172/3172 3178/3178/3178 3177/3177/3177
f 3179/3179/3179 3174/3174/3174 3171/3171/3171
f 3174/3174/3174 3179/3179/3179 3175/3175/3175
f 3171/3171/3171 3177/3177/3177 3179/3179/3179
f 3175/3175/3175 3180/3180/3180 3176/3176/3176
f 3180/3180/3180 3175/3175/3175 3179/3179/3179
f 3181/3181/3181 3176/3176/3176 3180/3180/3180
f 3182/3182/3182 3177/3177/3177 3178/3178/3178
f 3178/3178/3178 3183/3183/3183 3182/3182/3182
f 3184/3184/3184 3182/3182/3182 3183/3183/3183
f 3185/3185/3185 3179/3179/3179 3177/3177/3177
f 3179/3179/3179 3185/3185/3185 3180/3180/3180
f 3177/3177/3177 3182/3182/3182 3185/3185/3185
f 3180/3180/3180 3186/3186/3186 3181/3181/3181
f 3186/3186/3186 3180/3180/3180 3185/3185/3185
f 3187/3187/3187 3181/3181/3181 3186/3186/3186
f 3187/3187/3187 3186/3186/3186 3188/3188/3188
f 3182/3182/3182 3184/3184/3184 3189/3189/3189
f 3189/3189/3189 3185/3185/3185 3182/3182/3182
f 3185/3185/3185 3189/3189/3189 3186/3186/3186
f 3190/3190/3190 3189/3189/3189 3184/3184/3184
f 3191/3191/3191 3186/3186/3186 3189/3189/3189
f 3189/3189/3189 3190/3190/3190 3191/3191/3191
f 3191/3191/3191 3188/3188/3188 3186/3186/3186
f 3192/3192/3192 3191/3191/3191 3190/3190/3190
f 3191/3191/3191 3192/3192/3192 3188/3188/3188
f 3193/3193/3193 3188/3188/3188 3192/3192/3192
f 3196/3196/3196 3195/3195/3195 3194/3194/3194
f 3197/3197/3197 3194/3194/3194 3195/3195/3195
f 3194/3194/3194 3197/3197/3197 3198/3198/3198
f 3197/3197/3197 3195/3195/3195 3199/3199/3199
f 3200/3200/3200 3199/3199/3199 3195/3195/3195
f 3200/3200/3200 3201/3201/3201 3199/3199/3199
f 3202/3202/3202 3198/3198/3198 3197/3197/3197
f 3197/3197/3197 3199/3199/3199 3202/3202/3202
f 3198/3198/3198 3202/3202/3202 3203/3203/3203
f 3204/3204/3204 3199/3199/3199 3201/3201/3201
f 3201/3201/3201 3205/3205/3205 3204/3204/3204
f 3206/3206/3206 3203/3203/3203 3202/3202/3202
f 3203/3203/3203 3206/3206/3206 3207/3207/3207
f 3208/3208/3208 3207/3207/3207 3206/3206/3206
f 3208/3208/3208 3206/3206/3206 3209/3209/3209
f 3210/3210/3210 3202/3202/3202 3199/3199/3199
f 3202/3202/3202 3210/3210/3210 3206/3206/3206
f 3199/3199/3199 3204/3204/3204 3210/3210/3210
f 3211/3211/3211 3204/3204/3204 3205/3205/3205
f 3205/3205/3205 3212/3212/3212 3211/3211/3211
f 3213/3213/3213 3209/3209/3209 3206/3206/3206
f 3213/3213/3213 3206/3206/3206 3210/3210/3210
f 3214/3214/3214 3210/3210/3210 3204/3204/3204
f 3210/3210/3210 3214/3214/3214 3213/3213/3213
f 3204/3204/3204 3211/3211/3211 3214/3214/3214
f 3213/3213/3213 3215/3215/3215 3209/3209/3209
f 3215/3215/3215 3213/3213/3213 3214/3214/3214
f 3216/3216/3216 3209/3209/3209 3215/3215/3215
f 3217/3217/3217 3214/3214/3214 3211/3211/3211
f 3214/3214/3214 3217/3217/3217 3215/3215/3215
f 3215/3215/3215 3218/3218/3218 3216/3216/3216
f 3218/3218/3218 3215/3215/3215 3217/3217/3217
f 3219/3219/3219 3216/3216/3216 3218/3218/3218
f 3220/3220/3220 3211/3211/3211 3212/3212/3212
f 3211/3211/3211 3220/3220/3220 3217/3217/3217
f 3217/3217/3217 3221/3221/3221 3218/3218/3218
f 3221/3221/3221 3217/3217/3217 3220/3220/3220
f 3218/3218/3218 3222/3222/3222 3219/3219/3219
f 3222/3222/3222 3218/3218/3218 3221/3221/3221
f 3223/3223/3223 3219/3219/3219 3222/3222/3222
f 3223/3223/3223 3222/3222/3222 3224/3224/3224
f 3220/3220/3220 3212/3212/3212 3225/3225/3225
f 3220/3220/3220 3225/3225/3225 3221/3221/3221
f 3226/3226/3226 3225/3225/3225 3212/3212/3212
f 3226/3226/3226 3227/3227/3227 3225/3225/3225
f 3228/3228/3228 3225/3225/3225 3227/3227/3227
f 3229/3229/3229 3221/3221/3221 3225/3225/3225
f 3225/3225/3225 3228/3228/3228 3229/3229/3229
f 3221/3221/3221 3229/3229/3229 3222/3222/3222
f 3230/3230/3230 3229/3229/3229 3228/3228/3228
f 3231/3231/3231 3222/3222/3222 3229/3229/3229
f 3229/3229/3229 3230/3230/3230 3231/3231/3231
f 3231/3231/3231 3224/3224/3224 3222/3222/3222
f 3232/3232/3232 3231/3231/3231 3230/3230/3230
f 3231/3231/3231 3232/3232/3232 3224/3224/3224
f 3233/3233/3233 3224/3224/3224 3232/3232/3232
f 3236/3236/3236 3235/3235/3235 3234/3234/3234
f 3235/3235/3235 3237/3237/3237 3234/3234/3234
f 3237/3237/3237 3238/3238/3238 3234/3234/3234
f 3238/3238/3238 3239/3239/3239 3234/3234/3234
f 3239/3239/3239 3240/3240/3240 3234/3234/3234
f 3243/3243/3243 3242/3242/3242 3241/3241/3241
f 3244/3244/3244 3241/3241/3241 3242/3242/3242
f 3242/3242/3242 3245/3245/3245 3244/3244/3244
f 3241/3241/3241 3244/3244/3244 3246/3246/3246
f 3247/3247/3247 3244/3244/3244 3245/3245/3245
f 3245/3245/3245 3248/3248/3248 3247/3247/3247
f 3249/3249/3249 3246/3246/3246 3244/3244/3244
f 3244/3244/3244 3247/3247/3247 3249/3249/3249
f 3246/3246/3246 3249/3249/3249 3250/3250/3250
f 3251/3251/3251 3247/3247/3247 3248/3248/3248
f 3248/3248/3248 3252/3252/3252 3251/3251/3251
f 3253/3253/3253 3250/3250/3250 3249/3249/3249
f 3250/3250/3250 3253/3253/3253 3254/3254/3254
f 3255/3255/3255 3254/3254/3254 3253/3253/3253
f 3255/3255/3255 3253/3253/3253 3256/3256/3256
f 3257/3257/3257 3249/3249/3249 3247/3247/3247
f 3249/3249/3249 3257/3257/3257 3253/3253/3253
f 3247/3247/3247 3251/3251/3251 3257/3257/3257
f 3258/3258/3258 3251/3251/3251 3252/3252/3252
f 3252/3252/3252 3259/3259/3259 3258/3258/3258
f 3260/3260/3260 3256/3256/3256 3253/3253/3253
f 3260/3260/3260 3253/3253/3253 3257/3257/3257
f 3261/3261/3261 3257/3257/3257 3251/3251/3251
f 3257/3257/3257 3261/3261/3261 3260/3260/3260
f 3251/3251/3251 3258/3258/3258 3261/3261/3261
f 3260/3260/3260 3262/3262/3262 3256/3256/3256
f 3262/3262/3262 3260/3260/3260 3261/3261/3261
f 3263/3263/3263 3256/3256/3256 3262/3262/3262
f 3264/3264/3264 3258/3258/3258 3259/3259/3259
f 3259/3259/3259 3265/3265/3265 3264/3264/3264
f 3266/3266/3266 3261/3261/3261 3258/3258/3258
f 3261/3261/3261 3266/3266/3266 3262/3262/3262
f 3258/3258/3258 3264/3264/3264 3266/3266/3266
f 3262/3262/3262 3267/3267/3267 3263/3263/3263
f 3267/3267/3267 3262/3262/3262 3266/3266/3266
f 3268/3268/3268 3263/3263/3263 3267/3267/3267
f 3269/3269/3269 3264/3264/3264 3265/3265/3265
f 3265/3265/3265 3270/3270/3270 3269/3269/3269
f 3271/3271/3271 3269/3269/3269 3270/3270/3270
f 3272/3272/3272 3266/3266/3266 3264/3264/3264
f 3266/3266/3266 3272/3272/3272 3267/3267/3267
f 3264/3264/3264 3269/3269/3269 3272/3272/3272
f 3267/3267/3267 3273/3273/3273 3268/3268/3268
f 3273/3273/3273 3267/3267/3267 3272/3272/3272
f 3274/3274/3274 3268/3268/3268 3273/3273/3273
f 3274/3274/3274 3273/3273/3273 3275/3275/3275
f 3269/3269/3269 3271/3271/3271 3276/3276/3276
f 3276/3276/3276 3272/3272/3272 3269/3269/3269
f 3272/3272/3272 3276/3276/3276 3273/3273/3273
f 3277/3277/3277 3276/3276/3276 3271/3271/3271
f 3278/3278/3278 3273/3273/3273 3276/3276/3276
f 3276/3276/3276 3277/3277/3277 3278/3278/3278
f 3278/3278/3278 3275/3275/3275 3273/3273/3273
f 3279/3279/3279 3278/3278/3278 3277/3277/3277
f 3278/3278/3278 3279/3279/3279 3275/3275/3275
f 3280/3280/3280 3275/3275/3275 3279/3279/3279
f 3283/3283/3283 3282/3282/3282 3281/3281/3281
f 3284/3284/3284 3281/3281/3281 3282/3282/3282
f 3281/3281/3281 3284/3284/3284 3285/3285/3285
f 3284/3284/3284 3282/3282/3282 3286/3286/3286
f 3287/3287/3287 3286/3286/3286 3282/3282/3282
f 3287/3287/3287 3288/3288/3288 3286/3286/3286
f 3289/3289/3289 3285/3285/3285 3284/3284/3284
f 3284/3284/3284 3286/3286/3286 3289/3289/3289
f 3285/3285/3285 3289/3289/3289 3290/3290/3290
f 3291/3291/3291 3286/3286/3286 3288/3288/3288
f 3288/3288/3288 3292/3292/3292 3291/3291/3291
f 3293/3293/3293 3290/3290/3290 3289/3289/3289
f 3290/3290/3290 3293/3293/3293 3294/3294/3294
f 3295/3295/3295 3294/3294/3294 3293/3293/3293
f 3295/3295/3295 3293/3293/3293 3296/3296/3296
f 3297/3297/3297 3289/3289/3289 3286/3286/3286
f 3289/3289/3289 3297/3297/3297 3293/3293/3293
f 3286/3286/3286 3291/3291/3291 3297/3297/3297
f 3298/3298/3298 3291/3291/3291 3292/3292/3292
f 3292/3292/3292 3299/3299/3299 3298/3298/3298
f 3300/3300/3300 3296/3296/3296 3293/3293/3293
f 3300/3300/3300 3293/3293/3293 3297/3297/3297
f 3301/3301/3301 3297/3297/3297 3291/3291/3291
f 3297/3297/3297 3301/3301/3301 3300/3300/3300
f 3291/3291/3291 3298/3298/3298 3301/3301/3301
f 3300/3300/3300 3302/3302/3302 3296/3296/3296
f 3302/3302/3302 3300/3300/3300 3301/3301/3301
f 3303/3303/3303 3296/3296/3296 3302/3302/3302
f 3304/3304/3304 3301/3301/3301 3298/3298/3298
f 3301/3301/3301 3304/3304/3304 3302/3302/3302
f 3302/3302/3302 3305/3305/3305 3303/3303/3303
f 3305/3305/3305 3302/3302/3302 3304/3304/3304
f 3306/3306/3306 3303/3303/3303 3305/3305/3305
f 3307/3307/3307 3298/3298/3298 3299/3299/3299
f 3298/3298/3298 3307/3307/3307 3304/3304/3304
f 3304/3304/3304 3308/3308/3308 3305/3305/3305
f 3308/3308/3308 3304/3304/3304 3307/3307/3307
f 3305/3305/3305 3309/3309/3309 3306/3306/3306
f 3309/3309/3309 3305/3305/3305 3308/3308/3308
f 3310/3310/3310 3306/3306/3306 3309/3309/3309
f 3310/3310/3310 3309/3309/3309 3311/3311/3311
f 3307/3307/3307 3299/3299/3299 3312/3312/3312
f 3307/3307/3307 3312/3312/3312 3308/3308/3308
f 3313/3313/3313 3312/3312/3312 3299/3299/3299
f 3313/3313/3313 3314/3314/3314 3312/3312/3312
f 3315/3315/3315 3312/3312/3312 3314/3314/3314
f 3316/3316/3316 3308/3308/3308 3312/3312/3312
f 3312/3312/3312 3315/3315/3315 3316/3316/3316
f 3308/3308/3308 3316/3316/3316 3309/3309/3309
f 3317/3317/3317 3316/3316/3316 3315/3315/3315
f 3318/3318/3318 3309/3309/3309 3316/3316/3316
f 3316/3316/3316 3317/3317/3317 3318/3318/3318
f 3318/3318/3318 3311/3311/3311 3309/3309/3309
f 3319/3319/3319 3318/3318/3318 3317/3317/3317
f 3318/3318/3318 3319/3319/3319 3311/3311/3311
f 3320/3320/3320 3311/3311/3311 3319/3319/3319
f 3323/3323/3323 3322/3322/3322 3321/3321/3321
f 3322/3322/3322 3324/3324/3324 3321/3321/3321
f 3324/3324/3324 3325/3325/3325 3321/3321/3321
f 3325/3325/3325 3326/3326/3326 3321/3321/3321
f 3326/3326/3326 3327/3327/3327 3321/3321/3321
f 3330/3330/3330 3329/3329/3329 3328/3328/3328
f 3331/3331/3331 3328/3328/3328 3329/3329/3329
f 3329/3329/3329 3332/3332/3332 3331/3331/3331
f 3328/3328/3328 3331/3331/3331 3333/3333/3333
f 3334/3334/3334 3331/3331/3331 3332/3332/3332
f 3332/3332/3332 3335/3335/3335 3334/3334/3334
f 3336/3336/3336 3333/3333/3333 3331/3331/3331
f 3331/3331/3331 3334/3334/3334 3336/3336/3336
f 3333/3333/3333 3336/3336/3336 3337/3337/3337
f 3338/3338/3338 3334/3334/3334 3335/3335/3335
f 3335/3335/3335 3339/3339/3339 3338/3338/3338
f 3340/3340/3340 3337/3337/3337 3336/3336/3336
f 3337/3337/3337 3340/3340/3340 3341/3341/3341
f 3342/3342/3342 3341/3341/3341 3340/3340/3340
f 3342/3342/3342 3340/3340/3340 3343/3343/3343
f 3344/3344/3344 3336/3336/3336 3334/3334/3334
f 3336/3336/3336 3344/3344/3344 3340/3340/3340
f 3334/3334/3334 3338/3338/3338 3344/3344/3344
f 3345/3345/3345 3338/3338/3338 3339/3339/3339
f 3339/3339/3339 3346/3346/3346 3345/3345/3345
f 3347/3347/3347 3343/3343/3343 3340/3340/3340
f 3347/3347/3347 3340/3340/3340 3344/3344/3344
f 3348/3348/3348 3344/3344/3344 3338/3338/3338
f 3344/3344/3344 3348/3348/3348 3347/3347/3347
f 3338/3338/3338 3345/3345/3345 3348/3348/3348
f 3347/3347/3347 3349/3349/3349 3343/3343/3343
f 3349/3349/3349 3347/3347/3347 3348/3348/3348
f 3350/3350/3350 3343/3343/3343 3349/3349/3349
f 3351/3351/3351 3345/3345/3345 3346/3346/3346
f 3346/3346/3346 3352/3352/3352 3351/3351/3351
f 3353/3353/3353 3348/3348/3348 3345/3345/3345
f 3348/3348/3348 3353/3353/3353 3349/3349/3349
f 3345/3345/3345 3351/3351/3351 3353/3353/3353
f 3349/3349/3349 3354/3354/3354 3350/3350/3350
f 3354/3354/3354 3349/3349/3349 3353/3353/3353
f 3355/3355/3355 3350/3350/3350 3354/3354/3354
f 3356/3356/3356 3351/3351/3351 3352/3352/3352
f 3352/3352/3352 3357/3357/3357 3356/3356/3356
f 3358/3358/3358 3356/3356/3356 3357/3357/3357
f 3359/3359/3359 3353/3353/3353 3351/3351/3351
f 3353/3353/3353 3359/3359/3359 3354/3354/3354
f 3351/3351/3351 3356/3356/3356 3359/3359/3359
f 3354/3354/3354 3360/3360/3360 3355/3355/3355
f 3360/3360/3360 3354/3354/3354 3359/3359/3359
f 3361/3361/3361 3355/3355/3355 3360/3360/3360
f 3361/3361/3361 3360/3360/3360 3362/3362/3362
f 3356/3356/3356 3358/3358/3358 3363/3363/3363
f 3363/3363/3363 3359/3359/3359 3356/3356/3356
f 3359/3359/3359 3363/3363/3363 3360/3360/3360
f 3364/3364/3364 3363/3363/3363 3358/3358/3358
f 3365/3365/3365 3360/3360/3360 3363/3363/3363
f 3363/3363/3363 3364/3364/3364 3365/3365/3365
f 3365/3365/3365 3362/3362/3362 3360/3360/3360
f 3366/3366/3366 3365/3365/3365 3364/3364/3364
f 3365/3365/3365 3366/3366/3366 3362/3362/3362
f 3367/3367/3367 3362/3362/3362 3366/3366/3366
f 3370/3370/3370 3369/3369/3369 3368/3368/3368
f 3371/3371/3371 3368/3368/3368 3369/3369/3369
f 3368/3368/3368 3371/3371/3371 3372/3372/3372
f 3371/3371/3371 3369/3369/3369 3373/3373/3373
f 3374/3374/3374 3373/3373/3373 3369/3369/3369
f 3374/3374/3374 3375/3375/3375 3373/3373/3373
f 3376/3376/3376 3372/3372/3372 3371/3371/3371
f 3371/3371/3371 3373/3373/3373 3376/3376/3376
f 3372/3372/3372 3376/3376/3376 3377/3377/3377
f 3378/3378/3378 3373/3373/3373 3375/3375/3375
f 3375/3375/3375 3379/3379/3379 3378/3378/3378
f 3380/3380/3380 3377/3377/3377 3376/3376/3376
f 3377/3377/3377 3380/3380/3380 3381/3381/3381
f 3382/3382/3382 3381/3381/3381 3380/3380/3380
f 3382/3382/3382 3380/3380/3380 3383/3383/3383
f 3384/3384/3384 3376/3376/3376 3373/3373/3373
f 3376/3376/3376 3384/3384/3384 3380/3380/3380
f 3373/3373/3373 3378/3378/3378 3384/3384/3384
f 3385/3385/3385 3378/3378/3378 3379/3379/3379
f 3379/3379/3379 3386/3386/3386 3385/3385/3385
f 3387/3387/3387 3383/3383/3383 3380/3380/3380
f 3387/3387/3387 3380/3380/3380 3384/3384/3384
f 3388/3388/3388 3384/3384/3384 3378/3378/3378
f 3384/3384/3384 3388/3388/3388 3387/3387/3387
f 3378/3378/3378 3385/3385/3385 3388/3388/3388
f 3387/3387/3387 3389/3389/3389 3383/3383/3383
f 3389/3389/3389 3387/3387/3387 3388/3388/3388
f 3390/3390/3390 3383/3383/3383 3389/3389/3389
f 3391/3391/3391 3388/3388/3388 3385/3385/3385
f 3388/3388/3388 3391/3391/3391 3389/3389/3389
f 3389/3389/3389 3392/3392/3392 3390/3390/3390
f 3392/3392/3392 3389/3389/3389 3391/3391/3391
f 3393/3393/3393 3390/3390/3390 3392/3392/3392
f 3394/3394/3394 3385/3385/3385 3386/3386/3386
f 3385/3385/3385 3394/3394/3394 3391/3391/3391
f 3391/3391/3391 3395/3395/3395 3392/3392/3392
f 3395/3395/3395 3391/3391/3391 3394/3394/3394
f 3392/3392/3392 3396/3396/3396 3393/3393/3393
f 3396/3396/3396 3392/3392/3392 3395/3395/3395
f 3397/3397/3397 3393/3393/3393 3396/3396/3396
f 3397/3397/3397 3396/3396/3396 3398/3398/3398
f 3394/3394/3394 3386/3386/3386 3399/3399/3399
f 3394/3394/3394 3399/3399/3399 3395/3395/3395
f 3400/3400/3400 3399/3399/3399 3386/3386/3386
f 3400/3400/3400 3401/3401/3401 3399/3399/3399
f 3402/3402/3402 3399/3399/3399 3401/3401/3401
f 3403/3403/3403 3395/3395/3395 3399/3399/3399
f 3399/3399/3399 3402/3402/3402 3403/3403/3403
f 3395/3395/3395 3403/3403/3403 3396/3396/3396
f 3404/3404/3404 3403/3403/3403 3402/3402/3402
f 3405/3405/3405 3396/3396/3396 3403/3403/3403
f 3403/3403/3403 3404/3404/3404 3405/3405/3405
f 3405/3405/3405 3398/3398/3398 3396/3396/3396
f 3406/3406/3406 3405/3405/3405 3404/3404/3404
f 3405/3405/3405 3406/3406/3406 3398/3398/3398
f 3407/3407/3407 3398/3398/3398 3406/3406/3406
f 3410/3410/3410 3409/3409/3409 3408/3408/3408
f 3409/3409/3409 3411/3411/3411 3408/3408/3408
f 3411/3411/3411 3412/3412/3412 3408/3408/3408
f 3412/3412/3412 3413/3413/3413 3408/3408/3408
f 3413/3413/3413 3414/3414/3414 3408/3408/3408
f 3417/3417/3417 3416/3416/3416 3415/3415/3415
f 3418/3418/3418 3415/3415/3415 3416/3416/3416
f 3416/3416/3416 3419/3419/3419 3418/3418/3418
f 3415/3415/3415 3418/3418/3418 3420/3420/3420
f 3421/3421/3421 3418/3418/3418 3419/3419/3419
f 3419/3419/3419 3422/3422/3422 3421/3421/3421
f 3423/3423/3423 3420/3420/3420 3418/3418/3418
f 3418/3418/3418 3421/3421/3421 3423/3423/3423
f 3420/3420/3420 3423/3423/3423 3424/3424/3424
f 3425/3425/3425 3421/3421/3421 3422/3422/3422
f 3422/3422/3422 3426/3426/3426 3425/3425/3425
f 3427/3427/3427 3424/3424/3424 3423/3423/3423
f 3424/3424/3424 3427/3427/3427 3428/3428/3428
f 3429/3429/3429 3428/3428/3428 3427/3427/3427
f 3429/3429/3429 3427/3427/3427 3430/3430/3430
f 3431/3431/3431 3423/3423/3423 3421/3421/3421
f 3423/3423/3423 3431/3431/3431 3427/3427/3427
f 3421/3421/3421 3425/3425/3425 3431/3431/3431
f 3432/3432/3432 3425/3425/3425 3426/3426/3426
f 3426/3426/3426 3433/3433/3433 3432/3432/3432
f 3434/3434/3434 3430/3430/3430 3427/3427/3427
f 3434/3434/3434 3427/3427/3427 3431/3431/3431
f 3435/3435/3435 3431/3431/3431 3425/3425/3425
f 3431/3431/3431 3435/3435/3435 3434/3434/3434
f 3425/3425/3425 3432/3432/3432 3435/3435/3435
f 3434/3434/3434 3436/3436/3436 3430/3430/3430
f 3436/3436/3436 3434/3434/3434 3435/3435/3435
f 3437/3437/3437 3430/3430/3430 3436/3436/3436
f 3438/3438/3438 3432/3432/3432 3433/3433/3433
f 3433/3433/3433 3439/3439/3439 3438/3438/3438
f 3440/3440/3440 3435/3435/3435 3432/3432/3432
f 3435/3435/3435 3440/3440/3440 3436/3436/3436
f 3432/3432/3432 3438/3438/3438 3440/3440/3440
f 3436/3436/3436 3441/3441/3441 3437/3437/3437
f 3441/3441/3441 3436/3436/3436 3440/3440/3440
f 3442/3442/3442 3437/3437/3437 3441/3441/3441
f 3443/3443/3443 3438/3438/3438 3439/3439/3439
f 3439/3439/3439 3444/3444/3444 3443/3443/3443
f 3445/3445/3445 3443/3443/3443 3444/3444/3444
f 3446/3446/3446 3440/3440/3440 3438/3438/3438
f 3440/3440/3440 3446/3446/3446 3441/3441/3441
f 3438/3438/3438 3443/3443/3443 3446/3446/3446
f 3441/3441/3441 3447/3447/3447 3442/3442/3442
f 3447/3447/3447 3441/3441/3441 3446/3446/3446
f 3448/3448/3448 3442/3442/3442 3447/3447/3447
f 3448/3448/3448 3447/3447/3447 3449/3449/3449
f 3443/3443/3443 3445/3445/3445 3450/3450/3450
f 3450/3450/3450 3446/3446/3446 3443/3443/3443
f 3446/3446/3446 3450/3450/3450 3447/3447/3447
f 3451/3451/3451 3450/3450/3450 3445/3445/3445
f 3452/3452/3452 3447/3447/3447 3450/3450/3450
f 3450/3450/3450 3451/3451/3451 3452/3452/3452
f 3452/3452/3452 3449/3449/3449 3447/3447/3447
f 3453/3453/3453 3452/3452/3452 3451/3451/3451
f 3452/3452/3452 3453/3453/3453 3449/3449/3449
f 3454/3454/3454 3449/3449/3449 3453/3453/3453
f 3457/3457/3457 3456/3456/3456 3455/3455/3455
f 3458/3458/3458 3455/3455/3455 3456/3456/3456
f 3455/3455/3455 3458/3458/3458 3459/3459/3459
f 3458/3458/3458 3456/3456/3456 3460/3460/3460
f 3461/3461/3461 3460/3460/3460 3456/3456/3456
f 3461/3461/3461 3462/3462/3462 3460/3460/3460
f 3463/3463/3463 3459/3459/3459 3458/3458/3458
f 3458/3458/3458 3460/3460/3460 3463/3463/3463
f 3459/3459/3459 3463/3463/3463 3464/3464/3464
f 3465/3465/3465 3460/3460/3460 3462/3462/3462
f 3462/3462/3462 3466/3466/3466 3465/3465/3465
f 3467/3467/3467 3464/3464/3464 3463/3463/3463
f 3464/3464/3464 3467/3467/3467 3468/3468/3468
f 3469/3469/3469 3468/3468/3468 3467/3467/3467
f 3469/3469/3469 3467/3467/3467 3470/3470/3470
f 3471/3471/3471 3463/3463/3463 3460/3460/3460
f 3463/3463/3463 3471/3471/3471 3467/3467/3467
f 3460/3460/3460 3465/3465/3465 3471/3471/3471
f 3472/3472/3472 3465/3465/3465 3466/3466/3466
f 3466/3466/3466 3473/3473/3473 3472/3472/3472
f 3474/3474/3474 3470/3470/3470 3467/3467/3467
f 3474/3474/3474 3467/3467/3467 3471/3471/3471
f 3475/3475/3475 3471/3471/3471 3465/3465/3465
f 3471/3471/3471 3475/3475/3475 3474/3474/3474
f 3465/3465/3465 3472/3472/3472 3475/3475/3475
f 3474/3474/3474 3476/3476/3476 3470/3470/3470
f 3476/3476/3476 3474/3474/3474 3475/3475/3475
f 3477/3477/3477 3470/3470/3470 3476/3476/3476
f 3478/3478/3478 3475/3475/3475 3472/3472/3472
f 3475/3475/3475 3478/3478/3478 3476/3476/3476
f 3476/3476/3476 3479/3479/3479 3477/3477/3477
f 3479/3479/3479 3476/3476/3476 3478/3478/3478
f 3480/3480/3480 3477/3477/3477 3479/3479/3479
f 3481/3481/3481 3472/3472/3472 3473/3473/3473
f 3472/3472/3472 3481/3481/3481 3478/3478/3478
f 3478/3478/3478 3482/3482/3482 3479/3479/3479
f 3482/3482/3482 3478/3478/3478 3481/3481/3481
f 3479/3479/3479 3483/3483/3483 3480/3480/3480
f 3483/3483/3483 3479/3479/3479 3482/3482/3482
f 3484/3484/3484 3480/3480/3480 3483/3483/3483
f 3484/3484/3484 3483/3483/3483 3485/3485/3485
f 3481/3481/3481 3473/3473/3473 3486/3486/3486
f 3481/3481/3481 3486/3486/3486 3482/3482/3482
f 3487/3487/3487 3486/3486/3486 3473/3473/3473
f 3487/3487/3487 3488/3488/3488 3486/3486/3486
f 3489/3489/3489 3486/3486/3486 3488/3488/3488
f 3490/3490/3490 3482/3482/3482 3486/3486/3486
f 3486/3486/3486 3489/3489/3489 3490/3490/3490
f 3482/3482/3482 3490/3490/3490 3483/3483/3483
f 3491/3491/3491 3490/3490/3490 3489/3489/3489
f 3492/3492/3492 3483/3483/3483 3490/3490/3490
f 3490/3490/3490 3491/3491/3491 3492/3492/3492
f 3492/3492/3492 3485/3485/3485 3483/3483/3483
f 3493/3493/3493 3492/3492/3492 3491/3491/3491
f 3492/3492/3492 3493/3493/3493 3485/3485/3485
f 3494/3494/3494 3485/3485/3485 3493/3493/3493
f 3497/3497/3497 3496/3496/3496 3495/3495/3495
f 3496/3496/3496 3498/3498/3498 3495/3495/3495
f 3498/3498/3498 3499/3499/3499 3495/3495/3495
f 3499/3499/3499 3500/3500/3500 3495/3495/3495
f 3500/3500/3500 3501/3501/3501 3495/3495/3495
f 3504/3504/3504 3503/3503/3503 3502/3502/3502
f 3505/3505/3505 3502/3502/3502 3503/3503/3503
f 3503/3503/3503 3506/3506/3506 3505/3505/3505
f 3502/3502/3502 3505/3505/3505 3507/3507/3507
f 3508/3508/3508 3505/3505/3505 3506/3506/3506
f 3506/3506/3506 3509/3509/3509 3508/3508/3508
f 3510/3510/3510 3507/3507/3507 3505/3505/3505
f 3505/3505/3505 3508/3508/3508 3510/3510/3510
f 3507/3507/3507 3510/3510/3510 3511/3511/3511
f 3512/3512/3512 3508/3508/3508 3509/3509/3509
f 3509/3509/3509 3513/3513/3513 3512/3512/3512
f 3514/3514/3514 3511/3511/3511 3510/3510/3510
f 3511/3511/3511 3514/3514/3514 3515/3515/3515
f 3516/3516/3516 3515/3515/3515 3514/3514/3514
f 3516/3516/3516 3514/3514/3514 3517/3517/3517
f 3518/3518/3518 3510/3510/3510 3508/3508/3508
f 3510/3510/3510 3518/3518/3518 3514/3514/3514
f 3508/3508/3508 3512/3512/3512 3518/3518/3518
f 3519/3519/3519 3512/3512/3512 3513/3513/3513
f 3513/3513/3513 3520/3520/3520 3519/3519/3519
f 3521/3521/3521 3517/3517/3517 3514/3514/3514
f 3521/3521/3521 3514/3514/3514 3518/3518/3518
f 3522/3522/3522 3518/3518/3518 3512/3512/3512
f 3518/3518/3518 3522/3522/3522 3521/3521/3521
f 3512/3512/3512 3519/3519/3519 3522/3522/3522
f 3521/3521/3521 3523/3523/3523 3517/3517/3517
f 3523/3523/3523 3521/3521/3521 3522/3522/3522
f 3524/3524/3524 3517/3517/3517 3523/3523/3523
f 3525/3525/3525 3519/3519/3519 3520/3520/3520
f 3520/3520/3520 3526/3526/3526 3525/3525/3525
f 3527/3527/3527 3522/3522/3522 3519/3519/3519
f 3522/3522/3522 3527/3527/3527 3523/3523/3523
f 3519/3519/3519 3525/3525/3525 3527/3527/3527
f 3523/3523/3523 3528/3528/3528 3524/3524/3524
f 3528/3528/3528 3523/3523/3523 3527/3527/3527
f 3529/3529/3529 3524/3524/3524 3528/3528/3528
f 3530/3530/3530 3525/3525/3525 3526/3526/3526
f 3526/3526/3526 3531/3531/3531 3530/3530/3530
f 3532/3532/3532 3530/3530/3530 3531/3531/3531
f 3533/3533/3533 3527/3527/3527 3525/3525/3525
f 3527/3527/3527 3533/3533/3533 3528/3528/3528
f 3525/3525/3525 3530/3530/3530 3533/3533/3533
f 3528/3528/3528 3534/3534/3534 3529/3529/3529
f 3534/3534/3534 3528/3528/3528 3533/3533/3533
f 3535/3535/3535 3529/3529/3529 3534/3534/3534
f 3535/3535/3535 3534/3534/3534 3536/3536/3536
f 3530/3530/3530 3532/3532/3532 3537/3537/3537
f 3537/3537/3537 3533/3533/3533 3530/3530/3530
f 3533/3533/3533 3537/3537/3537 3534/3534/3534
f 3538/3538/3538 3537/3537/3537 3532/3532/3532
f 3539/3539/3539 3534/3534/3534 3537/3537/3537
f 3537/3537/3537 3538/3538/3538 3539/3539/3539
f 3539/3539/3539 3536/3536/3536 3534/3534/3534
f 3540/3540/3540 3539/3539/3539 3538/3538/3538
f 3539/3539/3539 3540/3540/3540 3536/3536/3536
f 3541/3541/3541 3536/3536/3536 3540/3540/3540
f 3544/3544/3544 3543/3543/3543 3542/3542/3542
f 3545/3545/3545 3542/3542/3542 3543/3543/3543
f 3542/3542/3542 3545/3545/3545 3546/3546/3546
f 3545/3545/3545 3543/3543/3543 3547/3547/3547
f 3548/3548/3548 3547/3547/3547 3543/3543/3543
f 3548/3548/3548 3549/3549/3549 3547/3547/3547
f 3550/3550/3550 3546/3546/3546 3545/3545/3545
f 3545/3545/3545 3547/3547/3547 3550/3550/3550
f 3546/3546/3546 3550/3550/3550 3551/3551/3551
f 3552/3552/3552 3547/3547/3547 3549/3549/3549
f 3549/3549/3549 3553/3553/3553 3552/3552/3552
f 3554/3554/3554 3551/3551/3551 3550/3550/3550
f 3551/3551/3551 3554/3554/3554 3555/3555/3555
f 3556/3556/3556 3555/3555/3555 3554/3554/3554
f 3556/3556/3556 3554/3554/3554 3557/3557/3557
f 3558/3558/3558 3550/3550/3550 3547/3547/3547
f 3550/3550/3550 3558/3558/3558 3554/3554/3554
f 3547/3547/3547 3552/3552/3552 3558/3558/3558
f 3559/3559/3559 3552/3552/3552 3553/3553/3553
f 3553/3553/3553 3560/3560/3560 3559/3559/3559
f 3561/3561/3561 3557/3557/3557 3554/3554/3554
f 3561/3561/3561 3554/3554/3554 3558/3558/3558
f 3562/3562/3562 3558/3558/3558 3552/3552/3552
f 3558/3558/3558 3562/3562/3562 3561/3561/3561
f 3552/3552/3552 3559/3559/3559 3562/3562/3562
f 3561/3561/3561 3563/3563/3563 3557/3557/3557
f 3563/3563/3563 3561/3561/3561 3562/3562/3562
f 3564/3564/3564 3557/3557/3557 3563/3563/3563
f 3565/3565/3565 3562/3562/3562 3559/3559/3559
f 3562/3562/3562 3565/3565/3565 3563/3563/3563
f 3563/3563/3563 3566/3566/3566 3564/3564/3564
f 3566/3566/3566 3563/3563/3563 3565/3565/3565
f 3567/3567/3567 3564/3564/3564 3566/3566/3566
f 3568/3568/3568 3559/3559/3559 3560/3560/3560
f 3559/3559/3559 3568/3568/3568 3565/3565/3565
f 3565/3565/3565 3569/3569/3569 3566/3566/3566
f 3569/3569/3569 3565/3565/3565 3568/3568/3568
f 3566/3566/3566 3570/3570/3570 3567/3567/3567
f 3570/3570/3570 3566/3566/3566 3569/3569/3569
f 3571/3571/3571 3567/3567/3567 3570/3570/3570
f 3571/3571/3571 3570/3570/3570 3572/3572/3572
f 3568/3568/3568 3560/3560/3560 3573/3573/3573
f 3568/3568/3568 3573/3573/3573 3569/3569/3569
f 3574/3574/3574 3573/3573/3573 3560/3560/3560
f 3574/3574/3574 3575/3575/3575 3573/3573/3573
f 3576/3576/3576 3573/3573/3573 3575/3575/3575
f 3577/3577/3577 3569/3569/3569 3573/3573/3573
f 3573/3573/3573 3576/3576/3576 3577/3577/3577
f 3569/3569/3569 3577/3577/3577 3570/3570/3570
f 3578/3578/3578 3577/3577/3577 3576/3576/3576
f 3579/3579/3579 3570/3570/3570 3577/3577/3577
f 3577/3577/3577 3578/3578/3578 3579/3579/3579
f 3579/3579/3579 3572/3572/3572 3570/3570/3570
f 3580/3580/3580 3579/3579/3579 3578/3578/3578
f 3579/3579/3579 3580/3580/3580 3572/3572/3572
f 3581/3581/3581 3572/3572/3572 3580/3580/3580
f 3584/3584/3584 3583/3583/3583 3582/3582/3582
f 3585/3585/3585 3582/3582/3582 3583/3583/3583
f 3583/3583/3583 3586/3586/3586 3585/3585/3585
f 3585/3585/3585 3587/3587/3587 3582/3582/3582
f 3588/3588/3588 3582/3582/3582 3587/3587/3587
f 3587/3587/3587 3589/3589/3589 3588/3588/3588
f 3590/3590/3590 3588/3588/3588 3589/3589/3589
f 3589/3589/3589 3587/3587/3587 3591/3591/3591
f 3592/3592/3592 3591/3591/3591 3587/3587/3587
f 3587/3587/3587 3585/3585/3585 3592/3592/3592
f 3591/3591/3591 3592/3592/3592 3593/3593/3593
f 3594/3594/3594 3593/3593/3593 3592/3592/3592
f 3595/3595/3595 3592/3592/3592 3585/3585/3585
f 3592/3592/3592 3595/3595/3595 3594/3594/3594
f 3595/3595/3595 3585/3585/3585 3586/3586/3586
f 3596/3596/3596 3594/3594/3594 3595/3595/3595
f 3595/3595/3595 3586/3586/3586 3596/3596/3596
f 3597/3597/3597 3596/3596/3596 3586/3586/3586
f 3600/3600/3600 3599/3599/3599 3598/3598/3598
f 3601/3601/3601 3598/3598/3598 3599/3599/3599
f 3599/3599/3599 3602/3602/3602 3601/3601/3601
f 3601/3601/3601 3603/3603/3603 3598/3598/3598
f 3604/3604/3604 3598/3598/3598 3603/3603/3603
f 3604/3604/3604 3603/3603/3603 3605/3605/3605
f 3606/3606/3606 3605/3605/3605 3603/3603/3603
f 3607/3607/3607 3601/3601/3601 3602/3602/3602
f 3601/3601/3601 3607/3607/3607 3603/3603/3603
f 3602/3602/3602 3608/3608/3608 3607/3607/3607
f 3609/3609/3609 3607/3607/3607 3608/3608/3608
f 3609/3609/3609 3610/3610/3610 3607/3607/3607
f 3603/3603/3603 3611/3611/3611 3606/3606/3606
f 3611/3611/3611 3603/3603/3603 3607/3607/3607
f 3611/3611/3611 3607/3607/3607 3610/3610/3610
f 3612/3612/3612 3606/3606/3606 3611/3611/3611
f 3611/3611/3611 3610/3610/3610 3612/3612/3612
f 3613/3613/3613 3612/3612/3612 3610/3610/3610
f 3616/3616/3616 3615/3615/3615 3614/3614/3614
f 3617/3617/3617 3614/3614/3614 3615/3615/3615
f 3615/3615/3615 3618/3618/3618 3617/3617/3617
f 3614/3614/3614 3617/3617/3617 3619/3619/3619
f 3620/3620/3620 3617/3617/3617 3618/3618/3618
f 3618/3618/3618 3621/3621/3621 3620/3620/3620
f 3622/3622/3622 3620/3620/3620 3621/3621/3621
f 3622/3622/3622 3623/3623/3623 3620/3620/3620
f 3624/3624/3624 3619/3619/3619 3617/3617/3617
f 3617/3617/3617 3620/3620/3620 3624/3624/3624
f 3619/3619/3619 3624/3624/3624 3625/3625/3625
f 3626/3626/3626 3620/3620/3620 3623/3623/3623
f 3626/3626/3626 3624/3624/3624 3620/3620/3620
f 3623/3623/3623 3627/3627/3627 3626/3626/3626
f 3628/3628/3628 3625/3625/3625 3624/3624/3624
f 3624/3624/3624 3626/3626/3626 3628/3628/3628
f 3629/3629/3629 3626/3626/3626 3627/3627/3627
f 3629/3629/3629 3628/3628/3628 3626/3626/3626
f 3627/3627/3627 3630/3630/3630 3629/3629/3629
f 3628/3628/3628 3631/3631/3631 3625/3625/3625
f 3628/3628/3628 3629/3629/3629 3631/3631/3631
f 3632/3632/3632 3625/3625/3625 3631/3631/3631
f 3633/3633/3633 3629/3629/3629 3630/3630/3630
f 3633/3633/3633 3631/3631/3631 3629/3629/3629
f 3630/3630/3630 3634/3634/3634 3633/3633/3633
f 3635/3635/3635 3633/3633/3633 3634/3634/3634
f 3633/3633/3633 3635/3635/3635 3631/3631/3631
f 3636/3636/3636 3631/3631/3631 3635/3635/3635
f 3631/3631/3631 3636/3636/3636 3632/3632/3632
f 3637/3637/3637 3632/3632/3632 3636/3636/3636
f 3640/3640/3640 3639/3639/3639 3638/3638/3638
f 3641/3641/3641 3638/3638/3638 3639/3639/3639
f 3641/3641/3641 3639/3639/3639 3642/3642/3642
f 3643/3643/3643 3642/3642/3642 3639/3639/3639
f 3641/3641/3641 3644/3644/3644 3638/3638/3638
f 3645/3645/3645 3638/3638/3638 3644/3644/3644
f 3645/3645/3645 3644/3644/3644 3646/3646/3646
f 3647/3647/3647 3646/3646/3646 3644/3644/3644
f 3644/3644/3644 3641/3641/3641 3648/3648/3648
f 3644/3644/3644 3648/3648/3648 3647/3647/3647
f 3642/3642/3642 3648/3648/3648 3641/3641/3641
f 3649/3649/3649 3647/3647/3647 3648/3648/3648
f 3648/3648/3648 3650/3650/3650 3649/3649/3649
f 3648/3648/3648 3642/3642/3642 3650/3650/3650
f 3651/3651/3651 3649/3649/3649 3650/3650/3650
f 3651/3651/3651 3650/3650/3650 3652/3652/3652
f 3653/3653/3653 3652/3652/3652 3650/3650/3650
f 3642/3642/3642 3643/3643/3643 3654/3654/3654
f 3654/3654/3654 3650/3650/3650 3642/3642/3642
f 3650/3650/3650 3654/3654/3654 3653/3653/3653
f 3655/3655/3655 3654/3654/3654 3643/3643/3643
f 3656/3656/3656 3653/3653/3653 3654/3654/3654
f 3654/3654/3654 3655/3655/3655 3656/3656/3656
f 3657/3657/3657 3656/3656/3656 3655/3655/3655
f 3660/3660/3660 3659/3659/3659 3658/3658/3658
f 3661/3661/3661 3658/3658/3658 3659/3659/3659
f 3658/3658/3658 3661/3661/3661 3662/3662/3662
f 3659/3659/3659 3663/3663/3663 3661/3661/3661
f 3664/3664/3664 3662/3662/3662 3661/3661/3661
f 3662/3662/3662 3664/3664/3664 3665/3665/3665
f 3666/3666/3666 3665/3665/3665 3664/3664/3664
f 3667/3667/3667 3661/3661/3661 3663/3663/3663
f 3661/3661/3661 3667/3667/3667 3664/3664/3664
f 3664/3664/3664 3668/3668/3668 3666/3666/3666
f 3668/3668/3668 3664/3664/3664 3667/3667/3667
f 3669/3669/3669 3666/3666/3666 3668/3668/3668
f 3668/3668/3668 3670/3670/3670 3669/3669/3669
f 3668/3668/3668 3667/3667/3667 3670/3670/3670
f 3671/3671/3671 3669/3669/3669 3670/3670/3670
f 3672/3672/3672 3670/3670/3670 3667/3667/3667
f 3667/3667/3667 3663/3663/3663 3672/3672/3672
f 3673/3673/3673 3672/3672/3672 3663/3663/3663
f 3676/3676/3676 3675/3675/3675 3674/3674/3674
f 3677/3677/3677 3674/3674/3674 3675/3675/3675
f 3675/3675/3675 3678/3678/3678 3677/3677/3677
f 3677/3677/3677 3679/3679/3679 3674/3674/3674
f 3680/3680/3680 3674/3674/3674 3679/3679/3679
f 3679/3679/3679 3681/3681/3681 3680/3680/3680
f 3682/3682/3682 3680/3680/3680 3681/3681/3681
f 3681/3681/3681 3679/3679/3679 3683/3683/3683
f 3684/3684/3684 3683/3683/3683 3679/3679/3679
f 3679/3679/3679 3677/3677/3677 3684/3684/3684
f 3683/3683/3683 3684/3684/3684 3685/3685/3685
f 3686/3686/3686 3685/3685/3685 3684/3684/3684
f 3687/3687/3687 3684/3684/3684 3677/3677/3677
f 3684/3684/3684 3687/3687/3687 3686/3686/3686
f 3687/3687/3687 3677/3677/3677 3678/3678/3678
f 3688/3688/3688 3686/3686/3686 3687/3687/3687
f 3687/3687/3687 3678/3678/3678 3688/3688/3688
f 3689/3689/3689 3688/3688/3688 3678/3678/3678
f 3692/3692/3692 3691/3691/3691 3690/3690/3690
f 3693/3693/3693 3690/3690/3690 3691/3691/3691
f 3691/3691/3691 3694/3694/3694 3693/3693/3693
f 3693/3693/3693 3695/3695/3695 3690/3690/3690
f 3696/3696/3696 3690/3690/3690 3695/3695/3695
f 3696/3696/3696 3695/3695/3695 3697/3697/3697
f 3698/3698/3698 3697/3697/3697 3695/3695/3695
f 3699/3699/3699 3693/3693/3693 3694/3694/3694
f 3693/3693/3693 3699/3699/3699 3695/3695/3695
f 3694/3694/3694 3700/3700/3700 3699/3699/3699
f 3701/3701/3701 3699/3699/3699 3700/3700/3700
f 3701/3701/3701 3702/3702/3702 3699/3699/3699
f 3695/3695/3695 3703/3703/3703 3698/3698/3698
f 3703/3703/3703 3695/3695/3695 3699/3699/3699
f 3703/3703/3703 3699/3699/3699 3702/3702/3702
f 3704/3704/3704 3698/3698/3698 3703/3703/3703
f 3703/3703/3703 3702/3702/3702 3704/3704/3704
f 3705/3705/3705 3704/3704/3704 3702/3702/3702
f 3708/3708/3708 3707/3707/3707 3706/3706/3706
f 3709/3709/3709 3706/3706/3706 3707/3707/3707
f 3707/3707/3707 3710/3710/3710 3709/3709/3709
f 3706/3706/3706 3709/3709/3709 3711/3711/3711
f 3712/3712/3712 3709/3709/3709 3710/3710/3710
f 3710/3710/3710 3713/3713/3713 3712/3712/3712
f 3714/3714/3714 3712/3712/3712 3713/3713/3713
f 3714/3714/3714 3715/3715/3715 3712/3712/3712
f 3716/3716/3716 3711/3711/3711 3709/3709/3709
f 3709/3709/3709 3712/3712/3712 3716/3716/3716
f 3711/3711/3711 3716/3716/3716 3717/3717/3717
f 3718/3718/3718 3712/3712/3712 3715/3715/3715
f 3718/3718/3718 3716/3716/3716 3712/3712/3712
f 3715/3715/3715 3719/3719/3719 3718/3718/3718
f 3720/3720/3720 3717/3717/3717 3716/3716/3716
f 3716/3716/3716 3718/3718/3718 3720/3720/3720
f 3721/3721/3721 3718/3718/3718 3719/3719/3719
f 3721/3721/3721 3720/3720/3720 3718/3718/3718
f 3719/3719/3719 3722/3722/3722 3721/3721/3721
f 3720/3720/3720 3723/3723/3723 3717/3717/3717
f 3720/3720/3720 3721/3721/3721 3723/3723/3723
f 3724/3724/3724 3717/3717/3717 3723/3723/3723
f 3725/3725/3725 3721/3721/3721 3722/3722/3722
f 3725/3725/3725 3723/3723/3723 3721/3721/3721
f 3722/3722/3722 3726/3726/3726 3725/3725/3725
f 3727/3727/3727 3725/3725/3725 3726/3726/3726
f 3725/3725/3725 3727/3727/3727 3723/3723/3723
f 3728/3728/3728 3723/3723/3723 3727/3727/3727
f 3723/3723/3723 3728/3728/3728 3724/3724/3724
f 3729/3729/3729 3724/3724/3724 3728/3728/3728
f 3732/3732/3732 3731/3731/3731 3730/3730/3730
f 3733/3733/3733 3730/3730/3730 3731/3731/3731
f 3733/3733/3733 3731/3731/3731 3734/3734/3734
f 3735/3735/3735 3734/3734/3734 3731/3731/3731
f 3733/3733/3733 3736/3736/3736 3730/3730/3730
f 3737/3737/3737 3730/3730/3730 3736/3736/3736
f 3737/3737/3737 3736/3736/3736 3738/3738/3738
f 3739/3739/3739 3738/3738/3738 3736/3736/3736
f 3736/3736/3736 3733/3733/3733 3740/3740/3740
f 3736/3736/3736 3740/3740/3740 3739/3739/3739
f 3734/3734/3734 3740/3740/3740 3733/3733/3733
f 3741/3741/3741 3739/3739/3739 3740/3740/3740
f 3740/3740/3740 3742/3742/3742 3741/3741/3741
f 3740/3740/3740 3734/3734/3734 3742/3742/3742
f 3743/3743/3743 3741/3741/3741 3742/3742/3742
f 3743/3743/3743 3742/3742/3742 3744/3744/3744
f 3745/3745/3745 3744/3744/3744 3742/3742/3742
f 3734/3734/3734 3735/3735/3735 3746/3746/3746
f 3746/3746/3746 3742/3742/3742 3734/3734/3734
f 3742/3742/3742 3746/3746/3746 3745/3745/3745
f 3747/3747/3747 3746/3746/3746 3735/3735/3735
f 3748/3748/3748 3745/3745/3745 3746/3746/3746
f 3746/3746/3746 3747/3747/3747 3748/3748/3748
f 3749/3749/3749 3748/3748/3748 3747/3747/3747
f 3752/3752/3752 3751/3751/3751 3750/3750/3750
f 3753/3753/3753 3750/3750/3750 3751/3751/3751
f 3750/3750/3750 3753/3753/3753 3754/3754/3754
f 3751/3751/3751 3755/3755/3755 3753/3753/3753
f 3756/3756/3756 3754/3754/3754 3753/3753/3753
f 3754/3754/3754 3756/3756/3756 3757/3757/3757
f 3758/3758/3758 3757/3757/3757 3756/3756/3756
f 3759/3759/3759 3753/3753/3753 3755/3755/3755
f 3753/3753/3753 3759/3759/3759 3756/3756/3756
f 3756/3756/3756 3760/3760/3760 3758/3758/3758
f 3760/3760/3760 3756/3756/3756 3759/3759/3759
f 3761/3761/3761 3758/3758/3758 3760/3760/3760
f 3760/3760/3760 3762/3762/3762 3761/3761/3761
f 3760/3760/3760 3759/3759/3759 3762/3762/3762
f 3763/3763/3763 3761/3761/3761 3762/3762/3762
f 3764/3764/3764 3762/3762/3762 3759/3759/3759
f 3759/3759/3759 3755/3755/3755 3764/3764/3764
f 3765/3765/3765 3764/3764/3764 3755/3755/3755
f 3768/3768/3768 3767/3767/3767 3766/3766/3766
f 3769/3769/3769 3766/3766/3766 3767/3767/3767
f 3767/3767/3767 3770/3770/3770 3769/3769/3769
f 3771/3771/3771 3769/3769/3769 3770/3770/3770
f 3770/3770/3770 3772/3772/3772 3771/3771/3771
f 3773/3773/3773 3771/3771/3771 3772/3772/3772
f 3772/3772/3772 3774/3774/3774 3773/3773/3773
f 3775/3775/3775 3773/3773/3773 3774/3774/3774
f 3774/3774/3774 3776/3776/3776 3775/3775/3775
f 3777/3777/3777 3775/3775/3775 3776/3776/3776
f 3776/3776/3776 3778/3778/3778 3777/3777/3777
f 3779/3779/3779 3777/3777/3777 3778/3778/3778
f 3778/3778/3778 3780/3780/3780 3779/3779/3779
f 3781/3781/3781 3779/3779/3779 3780/3780/3780
f 3781/3781/3781 3780/3780/3780 3782/3782/3782
f 3783/3783/3783 3782/3782/3782 3780/3780/3780
f 3783/3783/3783 3784/3784/3784 3782/3782/3782
f 3785/3785/3785 3782/3782/3782 3784/3784/3784
f 3784/3784/3784 3786/3786/3786 3785/3785/3785
f 3787/3787/3787 3785/3785/3785 3786/3786/3786
f 3786/3786/3786 3788/3788/3788 3787/3787/3787
f 3789/3789/3789 3787/3787/3787 3788/3788/3788
f 3788/3788/3788 3790/3790/3790 3789/3789/3789
f 3791/3791/3791 3789/3789/3789 3790/3790/3790
f 3791/3791/3791 3790/3790/3790 3792/3792/3792
f 3793/3793/3793 3792/3792/3792 3790/3790/3790
f 3793/3793/3793 3794/3794/3794 3792/3792/3792
f 3795/3795/3795 3792/3792/3792 3794/3794/3794
f 3794/3794/3794 3796/3796/3796 3795/3795/3795
f 3797/3797/3797 3795/3795/3795 3796/3796/3796
f 3796/3796/3796 3798/3798/3798 3797/3797/3797
f 3799/3799/3799 3797/3797/3797 3798/3798/3798
f 3798/3798/3798 3800/3800/3800 3799/3799/3799
f 3801/3801/3801 3799/3799/3799 3800/3800/3800
f 3800/3800/3800 3802/3802/3802 3801/3801/3801
f 3803/3803/3803 3801/3801/3801 3802/3802/3802
f 3802/3802/3802 3804/3804/3804 3803/3803/3803
f 3805/3805/3805 3803/3803/3803 3804/3804/3804
f 3804/3804/3804 3806/3806/3806 3805/3805/3805
f 3807/3807/3807 3805/3805/3805 3806/3806/3806
f 3806/3806/3806 3808/3808/3808 3807/3807/3807
f 3809/3809/3809 3807/3807/3807 3808/3808/3808
f 3812/3812/3812 3811/3811/3811 3810/3810/3810
f 3813/3813/3813 3810/3810/3810 3811/3811/3811
f 3810/3810/3810 3813/3813/3813 3814/3814/3814
f 3811/3811/3811 3815/3815/3815 3813/3813/3813
f 3816/3816/3816 3814/3814/3814 3813/3813/3813
f 3817/3817/3817 3813/3813/3813 3815/3815/3815
f 3816/3816/3816 3813/3813/3813 3817/3817/3817
f 3815/3815/3815 3818/3818/3818 3817/3817/3817
f 3819/3819/3819 3816/3816/3816 3817/3817/3817
f 3820/3820/3820 3817/3817/3817 3818/3818/3818
f 3817/3817/3817 3820/3820/3820 3819/3819/3819
f 3818/3818/3818 3821/3821/3821 3820/3820/3820
f 3822/3822/3822 3819/3819/3819 3820/3820/3820
f 3823/3823/3823 3820/3820/3820 3821/3821/3821
f 3822/3822/3822 3820/3820/3820 3823/3823/3823
f 3821/3821/3821 3824/3824/3824 3823/3823/3823
f 3823/3823/3823 3825/3825/3825 3822/3822/3822
f 3825/3825/3825 3823/3823/3823 3824/3824/3824
f 3824/3824/3824 3826/3826/3826 3825/3825/3825
f 3827/3827/3827 3822/3822/3822 3825/3825/3825
f 3828/3828/3828 3825/3825/3825 3826/3826/3826
f 3827/3827/3827 3825/3825/3825 3828/3828/3828
f 3826/3826/3826 3829/3829/3829 3828/3828/3828
f 3828/3828/3828 3830/3830/3830 3827/3827/3827
f 3830/3830/3830 3828/3828/3828 3829/3829/3829
f 3831/3831/3831 3827/3827/3827 3830/3830/3830
f 3830/3830/3830 3829/3829/3829 3832/3832/3832
f 3831/3831/3831 3830/3830/3830 3832/3832/3832
f 3833/3833/3833 3832/3832/3832 3829/3829/3829
f 3833/3833/3833 3834/3834/3834 3832/3832/3832
f 3832/3832/3832 3835/3835/3835 3831/3831/3831
f 3835/3835/3835 3832/3832/3832 3834/3834/3834
f 3836/3836/3836 3831/3831/3831 3835/3835/3835
f 3834/3834/3834 3837/3837/3837 3835/3835/3835
f 3836/3836/3836 3835/3835/3835 3838/3838/3838
f 3838/3838/3838 3835/3835/3835 3837/3837/3837
f 3837/3837/3837 3839/3839/3839 3838/3838/3838
f 3836/3836/3836 3838/3838/3838 3840/3840/3840
f 3841/3841/3841 3838/3838/3838 3839/3839/3839
f 3841/3841/3841 3840/3840/3840 3838/3838/3838
f 3839/3839/3839 3842/3842/3842 3841/3841/3841
f 3841/3841/3841 3843/3843/3843 3840/3840/3840
f 3843/3843/3843 3841/3841/3841 3842/3842/3842
f 3844/3844/3844 3840/3840/3840 3843/3843/3843
f 3842/3842/3842 3845/3845/3845 3843/3843/3843
f 3843/3843/3843 3846/3846/3846 3844/3844/3844
f 3846/3846/3846 3843/3843/3843 3845/3845/3845
f 3847/3847/3847 3844/3844/3844 3846/3846/3846
f 3845/3845/3845 3848/3848/3848 3846/3846/3846
f 3847/3847/3847 3846/3846/3846 3849/3849/3849
f 3850/3850/3850 3846/3846/3846 3848/3848/3848
f 3850/3850/3850 3849/3849/3849 3846/3846/3846
f 3848/3848/3848 3851/3851/3851 3850/3850/3850
f 3849/3849/3849 3850/3850/3850 3852/3852/3852
f 3853/3853/3853 3850/3850/3850 3851/3851/3851
f 3853/3853/3853 3852/3852/3852 3850/3850/3850
f 3852/3852/3852 3853/3853/3853 3854/3854/3854
f 3851/3851/3851 3855/3855/3855 3853/3853/3853
f 3856/3856/3856 3854/3854/3854 3853/3853/3853
f 3856/3856/3856 3853/3853/3853 3855/3855/3855
f 3854/3854/3854 3856/3856/3856 3857/3857/3857
f 3858/3858/3858 3857/3857/3857 3856/3856/3856
f 3856/3856/3856 3855/3855/3855 3858/3858/3858
f 3859/3859/3859 3858/3858/3858 3855/3855/3855
f 3862/3862/3862 3861/3861/3861 3860/3860/3860
f 3863/3863/3863 3860/3860/3860 3861/3861/3861
f 3861/3861/3861 3864/3864/3864 3863/3863/3863
f 3865/3865/3865 3863/3863/3863 3864/3864/3864
f 3864/3864/3864 3866/3866/3866 3865/3865/3865
f 3867/3867/3867 3865/3865/3865 3866/3866/3866
f 3866/3866/3866 3868/3868/3868 3867/3867/3867
f 3869/3869/3869 3867/3867/3867 3868/3868/3868
f 3868/3868/3868 3870/3870/3870 3869/3869/3869
f 3871/3871/3871 3869/3869/3869 3870/3870/3870
f 3870/3870/3870 3872/3872/3872 3871/3871/3871
f 3873/3873/3873 3871/3871/3871 3872/3872/3872
f 3872/3872/3872 3874/3874/3874 3873/3873/3873
f 3875/3875/3875 3873/3873/3873 3874/3874/3874
f 3874/3874/3874 3876/3876/3876 3875/3875/3875
f 3877/3877/3877 3875/3875/3875 3876/3876/3876
f 3876/3876/3876 3878/3878/3878 3877/3877/3877
f 3879/3879/3879 3877/3877/3877 3878/3878/3878
f 3878/3878/3878 3880/3880/3880 3879/3879/3879
f 3881/3881/3881 3879/3879/3879 3880/3880/3880
f 3880/3880/3880 3882/3882/3882 3881/3881/3881
f 3883/3883/3883 3881/3881/3881 3882/3882/3882
f 3883/3883/3883 3882/3882/3882 3884/3884/3884
f 3885/3885/3885 3884/3884/3884 3882/3882/3882
f 3885/3885/3885 3886/3886/3886 3884/3884/3884
f 3887/3887/3887 3884/3884/3884 3886/3886/3886
f 3886/3886/3886 3888/3888/3888 3887/3887/3887
f 3889/3889/3889 3887/3887/3887 3888/3888/3888
f 3888/3888/3888 3890/3890/3890 3889/3889/3889
f 3891/3891/3891 3889/3889/3889 3890/3890/3890
f 3890/3890/3890 3892/3892/3892 3891/3891/3891
f 3893/3893/3893 3891/3891/3891 3892/3892/3892
f 3892/3892/3892 3894/3894/3894 3893/3893/3893
f 3895/3895/3895 3893/3893/3893 3894/3894/3894
f 3898/3898/3898 3897/3897/3897 3896/3896/3896
f 3899/3899/3899 3896/3896/3896 3897/3897/3897
f 3896/3896/3896 3899/3899/3899 3900/3900/3900
f 3897/3897/3897 3901/3901/3901 3899/3899/3899
f 3902/3902/3902 3900/3900/3900 3899/3899/3899
f 3903/3903/3903 3899/3899/3899 3901/3901/3901
f 3899/3899/3899 3903/3903/3903 3902/3902/3902
f 3901/3901/3901 3904/3904/3904 3903/3903/3903
f 3905/3905/3905 3902/3902/3902 3903/3903/3903
f 3906/3906/3906 3903/3903/3903 3904/3904/3904
f 3903/3903/3903 3906/3906/3906 3905/3905/3905
f 3907/3907/3907 3905/3905/3905 3906/3906/3906
f 3910/3910/3910 3909/3909/3909 3908/3908/3908
f 3911/3911/3911 3908/3908/3908 3909/3909/3909
f 3909/3909/3909 3912/3912/3912 3911/3911/3911
f 3913/3913/3913 3911/3911/3911 3912/3912/3912
f 3912/3912/3912 3914/3914/3914 3913/3913/3913
f 3915/3915/3915 3913/3913/3913 3914/3914/3914
f 3918/3918/3918 3917/3917/3917 3916/3916/3916
f 3919/3919/3919 3916/3916/3916 3917/3917/3917
f 3917/3917/3917 3920/3920/3920 3919/3919/3919
f 3921/3921/3921 3919/3919/3919 3920/3920/3920
f 3920/3920/3920 3922/3922/3922 3921/3921/3921
f 3923/3923/3923 3921/3921/3921 3922/3922/3922
f 3926/3926/3926 3925/3925/3925 3924/3924/3924
f 3927/3927/3927 3924/3924/3924 3925/3925/3925
f 3925/3925/3925 3928/3928/3928 3927/3927/3927
f 3929/3929/3929 3927/3927/3927 3928/3928/3928
f 3928/3928/3928 3930/3930/3930 3929/3929/3929
f 3931/3931/3931 3929/3929/3929 3930/3930/3930
f 3934/3934/3934 3933/3933/3933 3932/3932/3932
f 3935/3935/3935 3932/3932/3932 3933/3933/3933
f 3932/3932/3932 3935/3935/3935 3936/3936/3936
f 3933/3933/3933 3937/3937/3937 3935/3935/3935
f 3938/3938/3938 3936/3936/3936 3935/3935/3935
f 3939/3939/3939 3935/3935/3935 3937/3937/3937
f 3935/3935/3935 3939/3939/3939 3938/3938/3938
f 3937/3937/3937 3940/3940/3940 3939/3939/3939
f 3941/3941/3941 3938/3938/3938 3939/3939/3939
f 3942/3942/3942 3939/3939/3939 3940/3940/3940
f 3939/3939/3939 3942/3942/3942 3941/3941/3941
f 3943/3943/3943 3941/3941/3941 3942/3942/3942
f 3946/3946/3946 3945/3945/3945 3944/3944/3944
f 3947/3947/3947 3944/3944/3944 3945/3945/3945
f 3945/3945/3945 3948/3948/3948 3947/3947/3947
f 3949/3949/3949 3947/3947/3947 3948/3948/3948
f 3948/3948/3948 3950/3950/3950 3949/3949/3949
f 3951/3951/3951 3949/3949/3949 3950/3950/3950
f 3954/3954/3954 3953/3953/3953 3952/3952/3952
f 3955/3955/3955 3952/3952/3952 3953/3953/3953
f 3953/3953/3953 3956/3956/3956 3955/3955/3955
f 3957/3957/3957 3955/3955/3955 3956/3956/3956
f 3956/3956/3956 3958/3958/3958 3957/3957/3957
f 3959/3959/3959 3957/3957/3957 3958/3958/3958
f 3962/3962/3962 3961/3961/3961 3960/3960/3960
f 3963/3963/3963 3960/3960/3960 3961/3961/3961
f 3961/3961/3961 3964/3964/3964 3963/3963/3963
f 3965/3965/3965 3963/3963/3963 3964/3964/3964
f 3964/3964/3964 3966/3966/3966 3965/3965/3965
f 3967/3967/3967 3965/3965/3965 3966/3966/3966
f 3970/3970/3970 3969/3969/3969 3968/3968/3968
f 3971/3971/3971 3968/3968/3968 3969/3969/3969
f 3968/3968/3968 3971/3971/3971 3972/3972/3972
f 3969/3969/3969 3973/3973/3973 3971/3971/3971
f 3974/3974/3974 3972/3972/3972 3971/3971/3971
f 3975/3975/3975 3971/3971/3971 3973/3973/3973
f 3971/3971/3971 3975/3975/3975 3974/3974/3974
f 3973/3973/3973 3976/3976/3976 3975/3975/3975
f 3977/3977/3977 3974/3974/3974 3975/3975/3975
f 3978/3978/3978 3975/3975/3975 3976/3976/3976
f 3975/3975/3975 3978/3978/3978 3977/3977/3977
f 3979/3979/3979 3977/3977/3977 3978/3978/3978
f 3982/3982/3982 3981/3981/3981 3980/3980/3980
f 3983/3983/3983 3980/3980/3980 3981/3981/3981
f 3981/3981/3981 3984/3984/3984 3983/3983/3983
f 3985/3985/3985 3983/3983/3983 3984/3984/3984
f 3984/3984/3984 3986/3986/3986 3985/3985/3985
f 3987/3987/3987 3985/3985/3985 3986/3986/3986
f 3990/3990/3990 3989/3989/3989 3988/3988/3988
f 3991/3991/3991 3988/3988/3988 3989/3989/3989
f 3989/3989/3989 3992/3992/3992 3991/3991/3991
f 3993/3993/3993 3991/3991/3991 3992/3992/3992
f 3992/3992/3992 3994/3994/3994 3993/3993/3993
f 3995/3995/3995 3993/3993/3993 3994/3994/3994
f 3998/3998/3998 3997/3997/3997 3996/3996/3996
f 3999/3999/3999 3996/3996/3996 3997/3997/3997
f 3997/3997/3997 4000/4000/4000 3999/3999/3999
f 4001/4001/4001 3999/3999/3999 4000/4000/4000
f 4000/4000/4000 4002/4002/4002 4001/4001/4001
f 4003/4003/4003 4001/4001/4001 4002/4002/4002
f 4006/4006/4006 4005/4005/4005 4004/4004/4004
f 4007/4007/4007 4004/4004/4004 4005/4005/4005
f 4007/4007/4007 4005/4005/4005 4008/4008/4008
f 4009/4009/4009 4008/4008/4008 4005/4005/4005
f 4008/4008/4008 4010/4010/4010 4007/4007/4007
f 4007/4007/4007 4011/4011/4011 4004/4004/4004
f 4011/4011/4011 4007/4007/4007 4010/4010/4010
f 4012/4012/4012 4004/4004/4004 4011/4011/4011
f 4010/4010/4010 4013/4013/4013 4011/4011/4011
f 4012/4012/4012 4011/4011/4011 4014/4014/4014
f 4015/4015/4015 4011/4011/4011 4013/4013/4013
f 4015/4015/4015 4014/4014/4014 4011/4011/4011
f 4018/4018/4018 4017/4017/4017 4016/4016/4016
f 4019/4019/4019 4016/4016/4016 4017/4017/4017
f 4017/4017/4017 4020/4020/4020 4019/4019/4019
f 4021/4021/4021 4019/4019/4019 4020/4020/4020
f 4020/4020/4020 4022/4022/4022 4021/4021/4021
f 4023/4023/4023 4021/4021/4021 4022/4022/4022
f 4026/4026/4026 4025/4025/4025 4024/4024/4024
f 4027/4027/4027 4024/4024/4024 4025/4025/4025
f 4025/4025/4025 4028/4028/4028 4027/4027/4027
f 4029/4029/4029 4027/4027/4027 4028/4028/4028
f 4028/4028/4028 4030/4030/4030 4029/4029/4029
f 4031/4031/4031 4029/4029/4029 4030/4030/4030
f 4034/4034/4034 4033/4033/4033 4032/4032/4032
f 4035/4035/4035 4032/4032/4032 4033/4033/4033
f 4033/4033/4033 4036/4036/4036 4035/4035/4035
f 4037/4037/4037 4035/4035/4035 4036/4036/4036
f 4036/4036/4036 4038/4038/4038 4037/4037/4037
f 4039/4039/4039 4037/4037/4037 4038/4038/4038
f 4042/4042/4042 4041/4041/4041 4040/4040/4040
f 4043/4043/4043 4040/4040/4040 4041/4041/4041
f 4040/4040/4040 4043/4043/4043 4044/4044/4044
f 4041/4041/4041 4045/4045/4045 4043/4043/4043
f 4046/4046/4046 4044/4044/4044 4043/4043/4043
f 4047/4047/4047 4043/4043/4043 4045/4045/4045
f 4043/4043/4043 4047/4047/4047 4046/4046/4046
f 4045/4045/4045 4048/4048/4048 4047/4047/4047
f 4049/4049/4049 4046/4046/4046 4047/4047/4047
f 4050/4050/4050 4047/4047/4047 4048/4048/4048
f 4049/4049/4049 4047/4047/4047 4051/4051/4051
f 4050/4050/4050 4051/4051/4051 4047/4047/4047
f 4054/4054/4054 4053/4053/4053 4052/4052/4052
f 4055/4055/4055 4052/4052/4052 4053/4053/4053
f 4053/4053/4053 4056/4056/4056 4055/4055/4055
f 4057/4057/4057 4055/4055/4055 4056/4056/4056
f 4056/4056/4056 4058/4058/4058 4057/4057/4057
f 4059/4059/4059 4057/4057/4057 4058/4058/4058
f 4062/4062/4062 4061/4061/4061 4060/4060/4060
f 4063/4063/4063 4060/4060/4060 4061/4061/4061
f 4061/4061/4061 4064/4064/4064 4063/4063/4063
f 4065/4065/4065 4063/4063/4063 4064/4064/4064
f 4064/4064/4064 4066/4066/4066 4065/4065/4065
f 4067/4067/4067 4065/4065/4065 4066/4066/4066
f 4070/4070/4070 4069/4069/4069 4068/4068/4068
f 4071/4071/4071 4068/4068/4068 4069/4069/4069
f 4069/4069/4069 4072/4072/4072 4071/4071/4071
f 4073/4073/4073 4071/4071/4071 4072/4072/4072
f 4072/4072/4072 4074/4074/4074 4073/4073/4073
f 4075/4075/4075 4073/4073/4073 4074/4074/4074
f 4078/4078/4078 4077/4077/4077 4076/4076/4076
f 4079/4079/4079 4076/4076/4076 4077/4077/4077
f 4076/4076/4076 4079/4079/4079 4080/4080/4080
f 4079/4079/4079 4077/4077/4077 4081/4081/4081
f 4082/4082/4082 4081/4081/4081 4077/4077/4077
f 4081/4081/4081 4083/4083/4083 4079/4079/4079
f 4084/4084/4084 4080/4080/4080 4079/4079/4079
f 4084/4084/4084 4079/4079/4079 4083/4083/4083
f 4080/4080/4080 4084/4084/4084 4085/4085/4085
f 4083/4083/4083 4086/4086/4086 4084/4084/4084
f 4087/4087/4087 4085/4085/4085 4084/4084/4084
f 4087/4087/4087 4084/4084/4084 4086/4086/4086
f 4090/4090/4090 4089/4089/4089 4088/4088/4088
f 4091/4091/4091 4088/4088/4088 4089/4089/4089
f 4089/4089/4089 4092/4092/4092 4091/4091/4091
f 4093/4093/4093 4091/4091/4091 4092/4092/4092
f 4092/4092/4092 4094/4094/4094 4093/4093/4093
f 4095/4095/4095 4093/4093/4093 4094/4094/4094
f 4098/4098/4098 4097/4097/4097 4096/4096/4096
f 4099/4099/4099 4096/4096/4096 4097/4097/4097
f 4097/4097/4097 4100/4100/4100 4099/4099/4099
f 4101/4101/4101 4099/4099/4099 4100/4100/4100
f 4100/4100/4100 4102/4102/4102 4101/4101/4101
f 4103/4103/4103 4101/4101/4101 4102/4102/4102
f 4106/4106/4106 4105/4105/4105 4104/4104/4104
f 4107/4107/4107 4104/4104/4104 4105/4105/4105
f 4105/4105/4105 4108/4108/4108 4107/4107/4107
f 4109/4109/4109 4107/4107/4107 4108/4108/4108
f 4108/4108/4108 4110/4110/4110 4109/4109/4109
f 4111/4111/4111 4109/4109/4109 4110/4110/4110
f 4114/4114/4114 4113/4113/4113 4112/4112/4112
f 4115/4115/4115 4112/4112/4112 4113/4113/4113
f 4112/4112/4112 4115/4115/4115 4116/4116/4116
f 4115/4115/4115 4113/4113/4113 4117/4117/4117
f 4118/4118/4118 4117/4117/4117 4113/4113/4113
f 4117/4117/4117 4119/4119/4119 4115/4115/4115
f 4120/4120/4120 4116/4116/4116 4115/4115/4115
f 4120/4120/4120 4115/4115/4115 4119/4119/4119
f 4116/4116/4116 4120/4120/4120 4121/4121/4121
f 4119/4119/4119 4122/4122/4122 4120/4120/4120
f 4123/4123/4123 4121/4121/4121 4120/4120/4120
f 4123/4123/4123 4120/4120/4120 4122/4122/4122
f 4126/4126/4126 4125/4125/4125 4124/4124/4124
f 4127/4127/4127 4124/4124/4124 4125/4125/4125
f 4125/4125/4125 4128/4128/4128 4127/4127/4127
f 4129/4129/4129 4127/4127/4127 4128/4128/4128
f 4128/4128/4128 4130/4130/4130 4129/4129/4129
f 4131/4131/4131 4129/4129/4129 4130/4130/4130
f 4134/4134/4134 4133/4133/4133 4132/4132/4132
f 4135/4135/4135 4132/4132/4132 4133/4133/4133
f 4133/4133/4133 4136/4136/4136 4135/4135/4135
f 4137/4137/4137 4135/4135/4135 4136/4136/4136
f 4136/4136/4136 4138/4138/4138 4137/4137/4137
f 4139/4139/4139 4137/4137/4137 4138/4138/4138
f 4142/4142/4142 4141/4141/4141 4140/4140/4140
f 4143/4143/4143 4140/4140/4140 4141/4141/4141
f 4141/4141/4141 4144/4144/4144 4143/4143/4143
f 4145/4145/4145 4143/4143/4143 4144/4144/4144
f 4144/4144/4144 4146/4146/4146 4145/4145/4145
f 4147/4147/4147 4145/4145/4145 4146/4146/4146
f 4150/4150/4150 4149/4149/4149 4148/4148/4148
f 4151/4151/4151 4148/4148/4148 4149/4149/4149
f 4148/4148/4148 4151/4151/4151 4152/4152/4152
f 4151/4151/4151 4149/4149/4149 4153/4153/4153
f 4154/4154/4154 4153/4153/4153 4149/4149/4149
f 4153/4153/4153 4155/4155/4155 4151/4151/4151
f 4156/4156/4156 4152/4152/4152 4151/4151/4151
f 4156/4156/4156 4151/4151/4151 4155/4155/4155
f 4152/4152/4152 4156/4156/4156 4157/4157/4157
f 4155/4155/4155 4158/4158/4158 4156/4156/4156
f 4159/4159/4159 4157/4157/4157 4156/4156/4156
f 4159/4159/4159 4156/4156/4156 4158/4158/4158
f 4162/4162/4162 4161/4161/4161 4160/4160/4160
f 4163/4163/4163 4160/4160/4160 4161/4161/4161
f 4161/4161/4161 4164/4164/4164 4163/4163/4163
f 4165/4165/4165 4163/4163/4163 4164/4164/4164
f 4164/4164/4164 4166/4166/4166 4165/4165/4165
f 4167/4167/4167 4165/4165/4165 4166/4166/4166
f 4170/4170/4170 4169/4169/4169 4168/4168/4168
f 4171/4171/4171 4168/4168/4168 4169/4169/4169
f 4169/4169/4169 4172/4172/4172 4171/4171/4171
f 4173/4173/4173 4171/4171/4171 4172/4172/4172
f 4172/4172/4172 4174/4174/4174 4173/4173/4173
f 4175/4175/4175 4173/4173/4173 4174/4174/4174
f 4178/4178/4178 4177/4177/4177 4176/4176/4176
f 4179/4179/4179 4176/4176/4176 4177/4177/4177
f 4177/4177/4177 4180/4180/4180 4179/4179/4179
f 4181/4181/4181 4179/4179/4179 4180/4180/4180
f 4180/4180/4180 4182/4182/4182 4181/4181/4181
f 4183/4183/4183 4181/4181/4181 4182/4182/4182
f 4186/4186/4186 4185/4185/4185 4184/4184/4184
f 4187/4187/4187 4184/4184/4184 4185/4185/4185
f 4184/4184/4184 4187/4187/4187 4188/4188/4188
f 4187/4187/4187 4185/4185/4185 4189/4189/4189
f 4190/4190/4190 4189/4189/4189 4185/4185/4185
f 4189/4189/4189 4191/4191/4191 4187/4187/4187
f 4192/4192/4192 4188/4188/4188 4187/4187/4187
f 4192/4192/4192 4187/4187/4187 4191/4191/4191
f 4188/4188/4188 4192/4192/4192 4193/4193/4193
f 4191/4191/4191 4194/4194/4194 4192/4192/4192
f 4195/4195/4195 4193/4193/4193 4192/4192/4192
f 4195/4195/4195 4192/4192/4192 4194/4194/4194
f 4198/4198/4198 4197/4197/4197 4196/4196/4196
f 4199/4199/4199 4196/4196/4196 4197/4197/4197
f 4197/4197/4197 4200/4200/4200 4199/4199/4199
f 4201/4201/4201 4199/4199/4199 4200/4200/4200
f 4200/4200/4200 4202/4202/4202 4201/4201/4201
f 4203/4203/4203 4201/4201/4201 4202/4202/4202
f 4206/4206/4206 4205/4205/4205 4204/4204/4204
f 4207/4207/4207 4204/4204/4204 4205/4205/4205
f 4205/4205/4205 4208/4208/4208 4207/4207/4207
f 4209/4209/4209 4207/4207/4207 4208/4208/4208
f 4208/4208/4208 4210/4210/4210 4209/4209/4209
f 4211/4211/4211 4209/4209/4209 4210/4210/4210
f 4214/4214/4214 4213/4213/4213 4212/4212/4212
f 4215/4215/4215 4212/4212/4212 4213/4213/4213
f 4213/4213/4213 4216/4216/4216 4215/4215/4215
f 4217/4217/4217 4215/4215/4215 4216/4216/4216
f 4216/4216/4216 4218/4218/4218 4217/4217/4217
f 4219/4219/4219 4217/4217/4217 4218/4218/4218
f 4222/4222/4222 4221/4221/4221 4220/4220/4220
f 4223/4223/4223 4220/4220/4220 4221/4221/4221
f 4220/4220/4220 4223/4223/4223 4224/4224/4224
f 4221/4221/4221 4225/4225/4225 4223/4223/4223
f 4226/4226/4226 4224/4224/4224 4223/4223/4223
f 4227/4227/4227 4223/4223/4223 4225/4225/4225
f 4223/4223/4223 4227/4227/4227 4226/4226/4226
f 4225/4225/4225 4228/4228/4228 4227/4227/4227
f 4229/4229/4229 4226/4226/4226 4227/4227/4227
f 4230/4230/4230 4227/4227/4227 4228/4228/4228
f 4227/4227/4227 4230/4230/4230 4229/4229/4229
f 4231/4231/4231 4229/4229/4229 4230/4230/4230
f 4234/4234/4234 4233/4233/4233 4232/4232/4232
f 4235/4235/4235 4232/4232/4232 4233/4233/4233
f 4233/4233/4233 4236/4236/4236 4235/4235/4235
f 4237/4237/4237 4235/4235/4235 4236/4236/4236
f 4236/4236/4236 4238/4238/4238 4237/4237/4237
f 4239/4239/4239 4237/4237/4237 4238/4238/4238
f 4242/4242/4242 4241/4241/4241 4240/4240/4240
f 4243/4243/4243 4240/4240/4240 4241/4241/4241
f 4241/4241/4241 4244/4244/4244 4243/4243/4243
f 4245/4245/4245 4243/4243/4243 4244/4244/4244
f 4244/4244/4244 4246/4246/4246 4245/4245/4245
f 4247/4247/4247 4245/4245/4245 4246/4246/4246
f 4250/4250/4250 4249/4249/4249 4248/4248/4248
f 4251/4251/4251 4248/4248/4248 4249/4249/4249
f 4249/4249/4249 4252/4252/4252 4251/4251/4251
f 4253/4253/4253 4251/4251/4251 4252/4252/4252
f 4252/4252/4252 4254/4254/4254 4253/4253/4253
f 4255/4255/4255 4253/4253/4253 4254/4254/4254
f 4258/4258/4258 4257/4257/4257 4256/4256/4256
f 4259/4259/4259 4256/4256/4256 4257/4257/4257
f 4256/4256/4256 4259/4259/4259 4260/4260/4260
f 4257/4257/4257 4261/4261/4261 4259/4259/4259
f 4262/4262/4262 4260/4260/4260 4259/4259/4259
f 4263/4263/4263 4259/4259/4259 4261/4261/4261
f 4259/4259/4259 4263/4263/4263 4262/4262/4262
f 4261/4261/4261 4264/4264/4264 4263/4263/4263
f 4265/4265/4265 4262/4262/4262 4263/4263/4263
f 4266/4266/4266 4263/4263/4263 4264/4264/4264
f 4263/4263/4263 4266/4266/4266 4265/4265/4265
f 4267/4267/4267 4265/4265/4265 4266/4266/4266
f 4270/4270/4270 4269/4269/4269 4268/4268/4268
f 4271/4271/4271 4268/4268/4268 4269/4269/4269
f 4269/4269/4269 4272/4272/4272 4271/4271/4271
f 4273/4273/4273 4271/4271/4271 4272/4272/4272
f 4272/4272/4272 4274/4274/4274 4273/4273/4273
f 4275/4275/4275 4273/4273/4273 4274/4274/4274
f 4278/4278/4278 4277/4277/4277 4276/4276/4276
f 4279/4279/4279 4276/4276/4276 4277/4277/4277
f 4277/4277/4277 4280/4280/4280 4279/4279/4279
f 4281/4281/4281 4279/4279/4279 4280/4280/4280
f 4280/4280/4280 4282/4282/4282 4281/4281/4281
f 4283/4283/4283 4281/4281/4281 4282/4282/4282
f 4286/4286/4286 4285/4285/4285 4284/4284/4284
f 4287/4287/4287 4284/4284/4284 4285/4285/4285
f 4285/4285/4285 4288/4288/4288 4287/4287/4287
f 4289/4289/4289 4287/4287/4287 4288/4288/4288
f 4288/4288/4288 4290/4290/4290 4289/4289/4289
f 4291/4291/4291 4289/4289/4289 4290/4290/4290
f 4294/4294/4294 4293/4293/4293 4292/4292/4292
f 4295/4295/4295 4292/4292/4292 4293/4293/4293
f 4292/4292/4292 4295/4295/4295 4296/4296/4296
f 4293/4293/4293 4297/4297/4297 4295/4295/4295
f 4298/4298/4298 4296/4296/4296 4295/4295/4295
f 4299/4299/4299 4295/4295/4295 4297/4297/4297
f 4295/4295/4295 4299/4299/4299 4298/4298/4298
f 4297/4297/4297 4300/4300/4300 4299/4299/4299
f 4301/4301/4301 4298/4298/4298 4299/4299/4299
f 4302/4302/4302 4299/4299/4299 4300/4300/4300
f 4299/4299/4299 4302/4302/4302 4301/4301/4301
f 4303/4303/4303 4301/4301/4301 4302/4302/4302
f 4306/4306/4306 4305/4305/4305 4304/4304/4304
f 4307/4307/4307 4304/4304/4304 4305/4305/4305
f 4305/4305/4305 4308/4308/4308 4307/4307/4307
f 4309/4309/4309 4307/4307/4307 4308/4308/4308
f 4308/4308/4308 4310/4310/4310 4309/4309/4309
f 4311/4311/4311 4309/4309/4309 4310/4310/4310
f 4314/4314/4314 4313/4313/4313 4312/4312/4312
f 4315/4315/4315 4312/4312/4312 4313/4313/4313
f 4313/4313/4313 4316/4316/4316 4315/4315/4315
f 4317/4317/4317 4315/4315/4315 4316/4316/4316
f 4316/4316/4316 4318/4318/4318 4317/4317/4317
f 4319/4319/4319 4317/4317/4317 4318/4318/4318
f 4322/4322/4322 4321/4321/4321 4320/4320/4320
f 4323/4323/4323 4320/4320/4320 4321/4321/4321
f 4321/4321/4321 4324/4324/4324 4323/4323/4323
f 4325/4325/4325 4323/4323/4323 4324/4324/4324
f 4324/4324/4324 4326/4326/4326 4325/4325/4325
f 4327/4327/4327 4325/4325/4325 4326/4326/4326
f 4330/4330/4330 4329/4329/4329 4328/4328/4328
f 4331/4331/4331 4328/4328/4328 4329/4329/4329
f 4328/4328/4328 4331/4331/4331 4332/4332/4332
f 4329/4329/4329 4333/4333/4333 4331/4331/4331
f 4334/4334/4334 4332/4332/4332 4331/4331/4331
f 4335/4335/4335 4331/4331/4331 4333/4333/4333
f 4331/4331/4331 4335/4335/4335 4334/4334/4334
f 4333/4333/4333 4336/4336/4336 4335/4335/4335
f 4337/4337/4337 4334/4334/4334 4335/4335/4335
f 4338/4338/4338 4335/4335/4335 4336/4336/4336
f 4335/4335/4335 4338/4338/4338 4337/4337/4337
f 4339/4339/4339 4337/4337/4337 4338/4338/4338
f 4342/4342/4342 4341/4341/4341 4340/4340/4340
f 4343/4343/4343 4340/4340/4340 4341/4341/4341
f 4341/4341/4341 4344/4344/4344 4343/4343/4343
f 4345/4345/4345 4343/4343/4343 4344/4344/4344
f 4344/4344/4344 4346/4346/4346 4345/4345/4345
f 4347/4347/4347 4345/4345/4345 4346/4346/4346
f 4350/4350/4350 4349/4349/4349 4348/4348/4348
f 4351/4351/4351 4348/4348/4348 4349/4349/4349
f 4349/4349/4349 4352/4352/4352 4351/4351/4351
f 4353/4353/4353 4351/4351/4351 4352/4352/4352
f 4352/4352/4352 4354/4354/4354 4353/4353/4353
f 4355/4355/4355 4353/4353/4353 4354/4354/4354
f 4358/4358/4358 4357/4357/4357 4356/4356/4356
f 4359/4359/4359 4356/4356/4356 4357/4357/4357
f 4357/4357/4357 4360/4360/4360 4359/4359/4359
f 4361/4361/4361 4359/4359/4359 4360/4360/4360
f 4360/4360/4360 4362/4362/4362 4361/4361/4361
f 4363/4363/4363 4361/4361/4361 4362/4362/4362
f 4366/4366/4366 4365/4365/4365 4364/4364/4364
f 4367/4367/4367 4364/4364/4364 4365/4365/4365
f 4364/4364/4364 4367/4367/4367 4368/4368/4368
f 4365/4365/4365 4369/4369/4369 4367/4367/4367
f 4370/4370/4370 4368/4368/4368 4367/4367/4367
f 4371/4371/4371 4367/4367/4367 4369/4369/4369
f 4367/4367/4367 4371/4371/4371 4370/4370/4370
f 4369/4369/4369 4372/4372/4372 4371/4371/4371
f 4373/4373/4373 4370/4370/4370 4371/4371/4371
f 4374/4374/4374 4371/4371/4371 4372/4372/4372
f 4371/4371/4371 4374/4374/4374 4373/4373/4373
f 4375/4375/4375 4373/4373/4373 4374/4374/4374
f 4378/4378/4378 4377/4377/4377 4376/4376/4376
f 4379/4379/4379 4376/4376/4376 4377/4377/4377
f 4376/4376/4376 4379/4379/4379 4380/4380/4380
f 4377/4377/4377 4381/4381/4381 4379/4379/4379
f 4382/4382/4382 4380/4380/4380 4379/4379/4379
f 4383/4383/4383 4379/4379/4379 4381/4381/4381
f 4379/4379/4379 4383/4383/4383 4382/4382/4382
f 4381/4381/4381 4384/4384/4384 4383/4383/4383
f 4385/4385/4385 4382/4382/4382 4383/4383/4383
f 4386/4386/4386 4383/4383/4383 4384/4384/4384
f 4383/4383/4383 4386/4386/4386 4385/4385/4385
f 4387/4387/4387 4385/4385/4385 4386/4386/4386
f 4390/4390/4390 4389/4389/4389 4388/4388/4388
f 4391/4391/4391 4388/4388/4388 4389/4389/4389
f 4389/4389/4389 4392/4392/4392 4391/4391/4391
f 4388/4388/4388 4391/4391/4391 4393/4393/4393
f 4394/4394/4394 4391/4391/4391 4392/4392/4392
f 4392/4392/4392 4395/4395/4395 4394/4394/4394
f 4396/4396/4396 4393/4393/4393 4391/4391/4391
f 4391/4391/4391 4394/4394/4394 4396/4396/4396
f 4393/4393/4393 4396/4396/4396 4397/4397/4397
f 4398/4398/4398 4397/4397/4397 4396/4396/4396
f 4396/4396/4396 4399/4399/4399 4398/4398/4398
f 4399/4399/4399 4396/4396/4396 4394/4394/4394
f 4400/4400/4400 4398/4398/4398 4399/4399/4399
f 4401/4401/4401 4394/4394/4394 4395/4395/4395
f 4394/4394/4394 4401/4401/4401 4399/4399/4399
f 4395/4395/4395 4402/4402/4402 4401/4401/4401
f 4399/4399/4399 4403/4403/4403 4400/4400/4400
f 4403/4403/4403 4399/4399/4399 4401/4401/4401
f 4404/4404/4404 4400/4400/4400 4403/4403/4403
f 4405/4405/4405 4401/4401/4401 4402/4402/4402
f 4401/4401/4401 4405/4405/4405 4403/4403/4403
f 4402/4402/4402 4406/4406/4406 4405/4405/4405
f 4403/4403/4403 4407/4407/4407 4404/4404/4404
f 4407/4407/4407 4403/4403/4403 4405/4405/4405
f 4408/4408/4408 4404/4404/4404 4407/4407/4407
f 4409/4409/4409 4405/4405/4405 4406/4406/4406
f 4405/4405/4405 4409/4409/4409 4407/4407/4407
f 4406/4406/4406 4410/4410/4410 4409/4409/4409
f 4407/4407/4407 4411/4411/4411 4408/4408/4408
f 4411/4411/4411 4407/4407/4407 4409/4409/4409
f 4412/4412/4412 4408/4408/4408 4411/4411/4411
f 4411/4411/4411 4413/4413/4413 4412/4412/4412
f 4411/4411/4411 4409/4409/4409 4413/4413/4413
f 4414/4414/4414 4412/4412/4412 4413/4413/4413
f 4415/4415/4415 4409/4409/4409 4410/4410/4410
f 4415/4415/4415 4413/4413/4413 4409/4409/4409
f 4410/4410/4410 4416/4416/4416 4415/4415/4415
f 4417/4417/4417 4415/4415/4415 4416/4416/4416
f 4417/4417/4417 4418/4418/4418 4415/4415/4415
f 4413/4413/4413 4415/4415/4415 4418/4418/4418
f 4413/4413/4413 4418/4418/4418 4414/4414/4414
f 4419/4419/4419 4414/4414/4414 4418/4418/4418
f 4422/4422/4422 4421/4421/4421 4420/4420/4420
f 4423/4423/4423 4420/4420/4420 4421/4421/4421
f 4421/4421/4421 4424/4424/4424 4423/4423/4423
f 4425/4425/4425 4423/4423/4423 4424/4424/4424
f 4424/4424/4424 4426/4426/4426 4425/4425/4425
f 4427/4427/4427 4425/4425/4425 4426/4426/4426
f 4426/4426/4426 4428/4428/4428 4427/4427/4427
f 4429/4429/4429 4427/4427/4427 4428/4428/4428
f 4428/4428/4428 4430/4430/4430 4429/4429/4429
f 4431/4431/4431 4429/4429/4429 4430/4430/4430
f 4430/4430/4430 4432/4432/4432 4431/4431/4431
f 4433/4433/4433 4431/4431/4431 4432/4432/4432
f 4432/4432/4432 4434/4434/4434 4433/4433/4433
f 4435/4435/4435 4433/4433/4433 4434/4434/4434
f 4438/4438/4438 4437/4437/4437 4436/4436/4436
f 4439/4439/4439 4436/4436/4436 4437/4437/4437
f 4437/4437/4437 4440/4440/4440 4439/4439/4439
f 4441/4441/4441 4439/4439/4439 4440/4440/4440
f 4440/4440/4440 4442/4442/4442 4441/4441/4441
f 4443/4443/4443 4441/4441/4441 4442/4442/4442
f 4442/4442/4442 4444/4444/4444 4443/4443/4443
f 4445/4445/4445 4443/4443/4443 4444/4444/4444
f 4444/4444/4444 4446/4446/4446 4445/4445/4445
f 4447/4447/4447 4445/4445/4445 4446/4446/4446
f 4446/4446/4446 4448/4448/4448 4447/4447/4447
f 4449/4449/4449 4447/4447/4447 4448/4448/4448
f 4448/4448/4448 4450/4450/4450 4449/4449/4449
f 4451/4451/4451 4449/4449/4449 4450/4450/4450
f 4454/4454/4454 4453/4453/4453 4452/4452/4452
f 4455/4455/4455 4452/4452/4452 4453/4453/4453
f 4453/4453/4453 4456/4456/4456 4455/4455/4455
f 4452/4452/4452 4455/4455/4455 4457/4457/4457
f 4458/4458/4458 4455/4455/4455 4456/4456/4456
f 4456/4456/4456 4459/4459/4459 4458/4458/4458
f 4460/4460/4460 4457/4457/4457 4455/4455/4455
f 4455/4455/4455 4458/4458/4458 4460/4460/4460
f 4457/4457/4457 4460/4460/4460 4461/4461/4461
f 4462/4462/4462 4461/4461/4461 4460/4460/4460
f 4460/4460/4460 4463/4463/4463 4462/4462/4462
f 4463/4463/4463 4460/4460/4460 4458/4458/4458
f 4464/4464/4464 4462/4462/4462 4463/4463/4463
f 4465/4465/4465 4458/4458/4458 4459/4459/4459
f 4458/4458/4458 4465/4465/4465 4463/4463/4463
f 4459/4459/4459 4466/4466/4466 4465/4465/4465
f 4463/4463/4463 4467/4467/4467 4464/4464/4464
f 4467/4467/4467 4463/4463/4463 4465/4465/4465
f 4468/4468/4468 4464/4464/4464 4467/4467/4467
f 4469/4469/4469 4465/4465/4465 4466/4466/4466
f 4465/4465/4465 4469/4469/4469 4467/4467/4467
f 4466/4466/4466 4470/4470/4470 4469/4469/4469
f 4467/4467/4467 4471/4471/4471 4468/4468/4468
f 4471/4471/4471 4467/4467/4467 4469/4469/4469
f 4472/4472/4472 4468/4468/4468 4471/4471/4471
f 4473/4473/4473 4469/4469/4469 4470/4470/4470
f 4469/4469/4469 4473/4473/4473 4471/4471/4471
f 4470/4470/4470 4474/4474/4474 4473/4473/4473
f 4471/4471/4471 4475/4475/4475 4472/4472/4472
f 4475/4475/4475 4471/4471/4471 4473/4473/4473
f 4476/4476/4476 4472/4472/4472 4475/4475/4475
f 4477/4477/4477 4473/4473/4473 4474/4474/4474
f 4473/4473/4473 4477/4477/4477 4475/4475/4475
f 4474/4474/4474 4478/4478/4478 4477/4477/4477
f 4475/4475/4475 4479/4479/4479 4476/4476/4476
f 4479/4479/4479 4475/4475/4475 4477/4477/4477
f 4480/4480/4480 4476/4476/4476 4479/4479/4479
f 4481/4481/4481 4477/4477/4477 4478/4478/4478
f 4477/4477/4477 4481/4481/4481 4479/4479/4479
f 4478/4478/4478 4482/4482/4482 4481/4481/4481
f 4479/4479/4479 4483/4483/4483 4480/4480/4480
f 4483/4483/4483 4479/4479/4479 4481/4481/4481
f 4484/4484/4484 4480/4480/4480 4483/4483/4483
f 4483/4483/4483 4485/4485/4485 4484/4484/4484
f 4483/4483/4483 4481/4481/4481 4485/4485/4485
f 4486/4486/4486 4484/4484/4484 4485/4485/4485
f 4487/4487/4487 4481/4481/4481 4482/4482/4482
f 4487/4487/4487 4485/4485/4485 4481/4481/4481
f 4482/4482/4482 4488/4488/4488 4487/4487/4487
f 4485/4485/4485 4489/4489/4489 4486/4486/4486
f 4485/4485/4485 4487/4487/4487 4489/4489/4489
f 4490/4490/4490 4486/4486/4486 4489/4489/4489
f 4491/4491/4491 4487/4487/4487 4488/4488/4488
f 4491/4491/4491 4489/4489/4489 4487/4487/4487
f 4489/4489/4489 4492/4492/4492 4490/4490/4490
f 4489/4489/4489 4491/4491/4491 4492/4492/4492
f 4493/4493/4493 4490/4490/4490 4492/4492/4492
f 4494/4494/4494 4492/4492/4492 4491/4491/4491
f 4491/4491/4491 4488/4488/4488 4494/4494/4494
f 4495/4495/4495 4494/4494/4494 4488/4488/4488
f 4498/4498/4498 4497/4497/4497 4496/4496/4496
f 4499/4499/4499 4496/4496/4496 4497/4497/4497
f 4497/4497/4497 4500/4500/4500 4499/4499/4499
f 4501/4501/4501 4499/4499/4499 4500/4500/4500
f 4500/4500/4500 4502/4502/4502 4501/4501/4501
f 4503/4503/4503 4501/4501/4501 4502/4502/4502
f 4502/4502/4502 4504/4504/4504 4503/4503/4503
f 4505/4505/4505 4503/4503/4503 4504/4504/4504
f 4504/4504/4504 4506/4506/4506 4505/4505/4505
f 4507/4507/4507 4505/4505/4505 4506/4506/4506
f 4506/4506/4506 4508/4508/4508 4507/4507/4507
f 4509/4509/4509 4507/4507/4507 4508/4508/4508
f 4508/4508/4508 4510/4510/4510 4509/4509/4509
f 4511/4511/4511 4509/4509/4509 4510/4510/4510
f 4510/4510/4510 4512/4512/4512 4511/4511/4511
f 4513/4513/4513 4511/4511/4511 4512/4512/4512
f 4512/4512/4512 4514/4514/4514 4513/4513/4513
f 4515/4515/4515 4513/4513/4513 4514/4514/4514
f 4514/4514/4514 4516/4516/4516 4515/4515/4515
f 4517/4517/4517 4515/4515/4515 4516/4516/4516
f 4520/4520/4520 4519/4519/4519 4518/4518/4518
f 4521/4521/4521 4518/4518/4518 4519/4519/4519
f 4519/4519/4519 4522/4522/4522 4521/4521/4521
f 4523/4523/4523 4521/4521/4521 4522/4522/4522
f 4522/4522/4522 4524/4524/4524 4523/4523/4523
f 4525/4525/4525 4523/4523/4523 4524/4524/4524
f 4524/4524/4524 4526/4526/4526 4525/4525/4525
f 4527/4527/4527 4525/4525/4525 4526/4526/4526
f 4526/4526/4526 4528/4528/4528 4527/4527/4527
f 4529/4529/4529 4527/4527/4527 4528/4528/4528
f 4528/4528/4528 4530/4530/4530 4529/4529/4529
f 4531/4531/4531 4529/4529/4529 4530/4530/4530
f 4530/4530/4530 4532/4532/4532 4531/4531/4531
f 4533/4533/4533 4531/4531/4531 4532/4532/4532
f 4532/4532/4532 4534/4534/4534 4533/4533/4533
f 4535/4535/4535 4533/4533/4533 4534/4534/4534
f 4534/4534/4534 4536/4536/4536 4535/4535/4535
f 4537/4537/4537 4535/4535/4535 4536/4536/4536
f 4536/4536/4536 4538/4538/4538 4537/4537/4537
f 4539/4539/4539 4537/4537/4537 4538/4538/4538
f 4542/4542/4542 4541/4541/4541 4540/4540/4540
f 4543/4543/4543 4540/4540/4540 4541/4541/4541
f 4541/4541/4541 4544/4544/4544 4543/4543/4543
f 4540/4540/4540 4543/4543/4543 4545/4545/4545
f 4546/4546/4546 4543/4543/4543 4544/4544/4544
f 4544/4544/4544 4547/4547/4547 4546/4546/4546
f 4548/4548/4548 4545/4545/4545 4543/4543/4543
f 4543/4543/4543 4546/4546/4546 4548/4548/4548
f 4549/4549/4549 4546/4546/4546 4547/4547/4547
f 4547/4547/4547 4550/4550/4550 4549/4549/4549
f 4548/4548/4548 4551/4551/4551 4545/4545/4545
f 4552/4552/4552 4545/4545/4545 4551/4551/4551
f 4552/4552/4552 4551/4551/4551 4553/4553/4553
f 4554/4554/4554 4548/4548/4548 4546/4546/4546
f 4546/4546/4546 4549/4549/4549 4554/4554/4554
f 4555/4555/4555 4549/4549/4549 4550/4550/4550
f 4550/4550/4550 4556/4556/4556 4555/4555/4555
f 4551/4551/4551 4548/4548/4548 4557/4557/4557
f 4554/4554/4554 4557/4557/4557 4548/4548/4548
f 4558/4558/4558 4554/4554/4554 4549/4549/4549
f 4549/4549/4549 4555/4555/4555 4558/4558/4558
f 4554/4554/4554 4558/4558/4558 4557/4557/4557
f 4559/4559/4559 4553/4553/4553 4551/4551/4551
f 4551/4551/4551 4557/4557/4557 4559/4559/4559
f 4560/4560/4560 4555/4555/4555 4556/4556/4556
f 4556/4556/4556 4561/4561/4561 4560/4560/4560
f 4562/4562/4562 4558/4558/4558 4555/4555/4555
f 4555/4555/4555 4560/4560/4560 4562/4562/4562
f 4559/4559/4559 4563/4563/4563 4553/4553/4553
f 4564/4564/4564 4553/4553/4553 4563/4563/4563
f 4559/4559/4559 4565/4565/4565 4563/4563/4563
f 4565/4565/4565 4559/4559/4559 4557/4557/4557
f 4566/4566/4566 4563/4563/4563 4565/4565/4565
f 4567/4567/4567 4557/4557/4557 4558/4558/4558
f 4557/4557/4557 4567/4567/4567 4565/4565/4565
f 4558/4558/4558 4562/4562/4562 4567/4567/4567
f 4565/4565/4565 4568/4568/4568 4566/4566/4566
f 4568/4568/4568 4565/4565/4565 4567/4567/4567
f 4569/4569/4569 4566/4566/4566 4568/4568/4568
f 4570/4570/4570 4560/4560/4560 4561/4561/4561
f 4561/4561/4561 4571/4571/4571 4570/4570/4570
f 4572/4572/4572 4562/4562/4562 4560/4560/4560
f 4560/4560/4560 4570/4570/4570 4572/4572/4572
f 4573/4573/4573 4567/4567/4567 4562/4562/4562
f 4567/4567/4567 4573/4573/4573 4568/4568/4568
f 4562/4562/4562 4572/4572/4572 4573/4573/4573
f 4568/4568/4568 4574/4574/4574 4569/4569/4569
f 4574/4574/4574 4568/4568/4568 4573/4573/4573
f 4575/4575/4575 4569/4569/4569 4574/4574/4574
f 4576/4576/4576 4570/4570/4570 4571/4571/4571
f 4571/4571/4571 4577/4577/4577 4576/4576/4576
f 4578/4578/4578 4572/4572/4572 4570/4570/4570
f 4570/4570/4570 4576/4576/4576 4578/4578/4578
f 4579/4579/4579 4573/4573/4573 4572/4572/4572
f 4573/4573/4573 4579/4579/4579 4574/4574/4574
f 4572/4572/4572 4578/4578/4578 4579/4579/4579
f 4574/4574/4574 4580/4580/4580 4575/4575/4575
f 4580/4580/4580 4574/4574/4574 4579/4579/4579
f 4581/4581/4581 4575/4575/4575 4580/4580/4580
f 4582/4582/4582 4576/4576/4576 4577/4577/4577
f 4577/4577/4577 4583/4583/4583 4582/4582/4582
f 4584/4584/4584 4578/4578/4578 4576/4576/4576
f 4576/4576/4576 4582/4582/4582 4584/4584/4584
f 4585/4585/4585 4579/4579/4579 4578/4578/4578
f 4579/4579/4579 4585/4585/4585 4580/4580/4580
f 4578/4578/4578 4584/4584/4584 4585/4585/4585
f 4580/4580/4580 4586/4586/4586 4581/4581/4581
f 4586/4586/4586 4580/4580/4580 4585/4585/4585
f 4587/4587/4587 4581/4581/4581 4586/4586/4586
f 4588/4588/4588 4582/4582/4582 4583/4583/4583
f 4583/4583/4583 4589/4589/4589 4588/4588/4588
f 4590/4590/4590 4584/4584/4584 4582/4582/4582
f 4582/4582/4582 4588/4588/4588 4590/4590/4590
f 4591/4591/4591 4585/4585/4585 4584/4584/4584
f 4585/4585/4585 4591/4591/4591 4586/4586/4586
f 4584/4584/4584 4590/4590/4590 4591/4591/4591
f 4586/4586/4586 4592/4592/4592 4587/4587/4587
f 4592/4592/4592 4586/4586/4586 4591/4591/4591
f 4593/4593/4593 4587/4587/4587 4592/4592/4592
f 4594/4594/4594 4588/4588/4588 4589/4589/4589
f 4589/4589/4589 4595/4595/4595 4594/4594/4594
f 4596/4596/4596 4594/4594/4594 4595/4595/4595
f 4597/4597/4597 4590/4590/4590 4588/4588/4588
f 4588/4588/4588 4594/4594/4594 4597/4597/4597
f 4598/4598/4598 4591/4591/4591 4590/4590/4590
f 4591/4591/4591 4598/4598/4598 4592/4592/4592
f 4590/4590/4590 4597/4597/4597 4598/4598/4598
f 4592/4592/4592 4599/4599/4599 4593/4593/4593
f 4599/4599/4599 4592/4592/4592 4598/4598/4598
f 4600/4600/4600 4593/4593/4593 4599/4599/4599
f 4594/4594/4594 4596/4596/4596 4601/4601/4601
f 4601/4601/4601 4597/4597/4597 4594/4594/4594
f 4602/4602/4602 4601/4601/4601 4596/4596/4596
f 4603/4603/4603 4598/4598/4598 4597/4597/4597
f 4598/4598/4598 4603/4603/4603 4599/4599/4599
f 4597/4597/4597 4601/4601/4601 4603/4603/4603
f 4599/4599/4599 4604/4604/4604 4600/4600/4600
f 4604/4604/4604 4599/4599/4599 4603/4603/4603
f 4605/4605/4605 4600/4600/4600 4604/4604/4604
f 4601/4601/4601 4602/4602/4602 4606/4606/4606
f 4606/4606/4606 4603/4603/4603 4601/4601/4601
f 4603/4603/4603 4606/4606/4606 4604/4604/4604
f 4607/4607/4607 4606/4606/4606 4602/4602/4602
f 4604/4604/4604 4608/4608/4608 4605/4605/4605
f 4608/4608/4608 4604/4604/4604 4606/4606/4606
f 4606/4606/4606 4607/4607/4607 4608/4608/4608
f 4609/4609/4609 4605/4605/4605 4608/4608/4608
f 4610/4610/4610 4608/4608/4608 4607/4607/4607
f 4608/4608/4608 4610/4610/4610 4609/4609/4609
f 4611/4611/4611 4609/4609/4609 4610/4610/4610
f 4614/4614/4614 4613/4613/4613 4612/4612/4612
f 4615/4615/4615 4612/4612/4612 4613/4613/4613
f 4613/4613/4613 4616/4616/4616 4615/4615/4615
f 4612/4612/4612 4615/4615/4615 4617/4617/4617
f 4618/4618/4618 4615/4615/4615 4616/4616/4616
f 4616/4616/4616 4619/4619/4619 4618/4618/4618
f 4620/4620/4620 4617/4617/4617 4615/4615/4615
f 4615/4615/4615 4618/4618/4618 4620/4620/4620
f 4621/4621/4621 4618/4618/4618 4619/4619/4619
f 4619/4619/4619 4622/4622/4622 4621/4621/4621
f 4620/4620/4620 4623/4623/4623 4617/4617/4617
f 4624/4624/4624 4617/4617/4617 4623/4623/4623
f 4624/4624/4624 4623/4623/4623 4625/4625/4625
f 4626/4626/4626 4620/4620/4620 4618/4618/4618
f 4618/4618/4618 4621/4621/4621 4626/4626/4626
f 4620/4620/4620 4626/4626/4626 4623/4623/4623
f 4627/4627/4627 4621/4621/4621 4622/4622/4622
f 4622/4622/4622 4628/4628/4628 4627/4627/4627
f 4629/4629/4629 4625/4625/4625 4623/4623/4623
f 4625/4625/4625 4629/4629/4629 4630/4630/4630
f 4631/4631/4631 4630/4630/4630 4629/4629/4629
f 4632/4632/4632 4626/4626/4626 4621/4621/4621
f 4621/4621/4621 4627/4627/4627 4632/4632/4632
f 4633/4633/4633 4623/4623/4623 4626/4626/4626
f 4623/4623/4623 4633/4633/4633 4629/4629/4629
f 4626/4626/4626 4632/4632/4632 4633/4633/4633
f 4629/4629/4629 4634/4634/4634 4631/4631/4631
f 4634/4634/4634 4629/4629/4629 4633/4633/4633
f 4635/4635/4635 4631/4631/4631 4634/4634/4634
f 4636/4636/4636 4627/4627/4627 4628/4628/4628
f 4628/4628/4628 4637/4637/4637 4636/4636/4636
f 4638/4638/4638 4632/4632/4632 4627/4627/4627
f 4627/4627/4627 4636/4636/4636 4638/4638/4638
f 4639/4639/4639 4633/4633/4633 4632/4632/4632
f 4633/4633/4633 4639/4639/4639 4634/4634/4634
f 4632/4632/4632 4638/4638/4638 4639/4639/4639
f 4634/4634/4634 4640/4640/4640 4635/4635/4635
f 4640/4640/4640 4634/4634/4634 4639/4639/4639
f 4641/4641/4641 4635/4635/4635 4640/4640/4640
f 4642/4642/4642 4636/4636/4636 4637/4637/4637
f 4637/4637/4637 4643/4643/4643 4642/4642/4642
f 4644/4644/4644 4642/4642/4642 4643/4643/4643
f 4645/4645/4645 4638/4638/4638 4636/4636/4636
f 4636/4636/4636 4642/4642/4642 4645/4645/4645
f 4646/4646/4646 4639/4639/4639 4638/4638/4638
f 4639/4639/4639 4646/4646/4646 4640/4640/4640
f 4638/4638/4638 4645/4645/4645 4646/4646/4646
f 4640/4640/4640 4647/4647/4647 4641/4641/4641
f 4647/4647/4647 4640/4640/4640 4646/4646/4646
f 4648/4648/4648 4641/4641/4641 4647/4647/4647
f 4642/4642/4642 4644/4644/4644 4649/4649/4649
f 4649/4649/4649 4645/4645/4645 4642/4642/4642
f 4650/4650/4650 4649/4649/4649 4644/4644/4644
f 4651/4651/4651 4646/4646/4646 4645/4645/4645
f 4646/4646/4646 4651/4651/4651 4647/4647/4647
f 4645/4645/4645 4649/4649/4649 4651/4651/4651
f 4647/4647/4647 4652/4652/4652 4648/4648/4648
f 4652/4652/4652 4647/4647/4647 4651/4651/4651
f 4653/4653/4653 4648/4648/4648 4652/4652/4652
f 4649/4649/4649 4650/4650/4650 4654/4654/4654
f 4654/4654/4654 4651/4651/4651 4649/4649/4649
f 4651/4651/4651 4654/4654/4654 4652/4652/4652
f 4655/4655/4655 4654/4654/4654 4650/4650/4650
f 4652/4652/4652 4656/4656/4656 4653/4653/4653
f 4656/4656/4656 4652/4652/4652 4654/4654/4654
f 4654/4654/4654 4655/4655/4655 4656/4656/4656
f 4657/4657/4657 4653/4653/4653 4656/4656/4656
f 4658/4658/4658 4656/4656/4656 4655/4655/4655
f 4656/4656/4656 4658/4658/4658 4657/4657/4657
f 4659/4659/4659 4657/4657/4657 4658/4658/4658
f 4662/4662/4662 4661/4661/4661 4660/4660/4660
f 4663/4663/4663 4660/4660/4660 4661/4661/4661
f 4660/4660/4660 4663/4663/4663 4664/4664/4664
f 4663/4663/4663 4661/4661/4661 4665/4665/4665
f 4666/4666/4666 4665/4665/4665 4661/4661/4661
f 4666/4666/4666 4667/4667/4667 4665/4665/4665
f 4668/4668/4668 4664/4664/4664 4663/4663/4663
f 4663/4663/4663 4665/4665/4665 4668/4668/4668
f 4664/4664/4664 4668/4668/4668 4669/4669/4669
f 4670/4670/4670 4665/4665/4665 4667/4667/4667
f 4667/4667/4667 4671/4671/4671 4670/4670/4670
f 4672/4672/4672 4669/4669/4669 4668/4668/4668
f 4669/4669/4669 4672/4672/4672 4673/4673/4673
f 4674/4674/4674 4673/4673/4673 4672/4672/4672
f 4674/4674/4674 4672/4672/4672 4675/4675/4675
f 4676/4676/4676 4668/4668/4668 4665/4665/4665
f 4668/4668/4668 4676/4676/4676 4672/4672/4672
f 4665/4665/4665 4670/4670/4670 4676/4676/4676
f 4677/4677/4677 4675/4675/4675 4672/4672/4672
f 4677/4677/4677 4672/4672/4672 4676/4676/4676
f 4678/4678/4678 4676/4676/4676 4670/4670/4670
f 4676/4676/4676 4678/4678/4678 4677/4677/4677
f 4677/4677/4677 4679/4679/4679 4675/4675/4675
f 4679/4679/4679 4677/4677/4677 4678/4678/4678
f 4680/4680/4680 4675/4675/4675 4679/4679/4679
f 4681/4681/4681 4670/4670/4670 4671/4671/4671
f 4670/4670/4670 4681/4681/4681 4678/4678/4678
f 4678/4678/4678 4682/4682/4682 4679/4679/4679
f 4682/4682/4682 4678/4678/4678 4681/4681/4681
f 4679/4679/4679 4683/4683/4683 4680/4680/4680
f 4683/4683/4683 4679/4679/4679 4682/4682/4682
f 4684/4684/4684 4680/4680/4680 4683/4683/4683
f 4681/4681/4681 4671/4671/4671 4685/4685/4685
f 4681/4681/4681 4685/4685/4685 4682/4682/4682
f 4686/4686/4686 4685/4685/4685 4671/4671/4671
f 4682/4682/4682 4687/4687/4687 4683/4683/4683
f 4687/4687/4687 4682/4682/4682 4685/4685/4685
f 4683/4683/4683 4688/4688/4688 4684/4684/4684
f 4688/4688/4688 4683/4683/4683 4687/4687/4687
f 4689/4689/4689 4684/4684/4684 4688/4688/4688
f 4685/4685/4685 4686/4686/4686 4690/4690/4690
f 4685/4685/4685 4690/4690/4690 4687/4687/4687
f 4691/4691/4691 4690/4690/4690 4686/4686/4686
f 4691/4691/4691 4692/4692/4692 4690/4690/4690
f 4693/4693/4693 4690/4690/4690 4692/4692/4692
f 4694/4694/4694 4687/4687/4687 4690/4690/4690
f 4690/4690/4690 4693/4693/4693 4694/4694/4694
f 4687/4687/4687 4694/4694/4694 4688/4688/4688
f 4695/4695/4695 4694/4694/4694 4693/4693/4693
f 4688/4688/4688 4696/4696/4696 4689/4689/4689
f 4696/4696/4696 4688/4688/4688 4694/4694/4694
f 4694/4694/4694 4695/4695/4695 4696/4696/4696
f 4697/4697/4697 4689/4689/4689 4696/4696/4696
f 4698/4698/4698 4696/4696/4696 4695/4695/4695
f 4696/4696/4696 4698/4698/4698 4697/4697/4697
f 4699/4699/4699 4697/4697/4697 4698/4698/4698
f 4702/4702/4702 4701/4701/4701 4700/4700/4700
f 4703/4703/4703 4700/4700/4700 4701/4701/4701
f 4700/4700/4700 4703/4703/4703 4704/4704/4704
f 4703/4703/4703 4701/4701/4701 4705/4705/4705
f 4706/4706/4706 4705/4705/4705 4701/4701/4701
f 4706/4706/4706 4707/4707/4707 4705/4705/4705
f 4708/4708/4708 4704/4704/4704 4703/4703/4703
f 4703/4703/4703 4705/4705/4705 4708/4708/4708
f 4704/4704/4704 4708/4708/4708 4709/4709/4709
f 4710/4710/4710 4709/4709/4709 4708/4708/4708
f 4709/4709/4709 4710/4710/4710 4711/4711/4711
f 4712/4712/4712 4711/4711/4711 4710/4710/4710
f 4712/4712/4712 4710/4710/4710 4713/4713/4713
f 4710/4710/4710 4708/4708/4708 4714/4714/4714
f 4714/4714/4714 4713/4713/4713 4710/4710/4710
f 4715/4715/4715 4708/4708/4708 4705/4705/4705
f 4715/4715/4715 4714/4714/4714 4708/4708/4708
f 4716/4716/4716 4705/4705/4705 4707/4707/4707
f 4705/4705/4705 4716/4716/4716 4715/4715/4715
f 4714/4714/4714 4717/4717/4717 4713/4713/4713
f 4718/4718/4718 4713/4713/4713 4717/4717/4717
f 4715/4715/4715 4719/4719/4719 4714/4714/4714
f 4719/4719/4719 4715/4715/4715 4716/4716/4716
f 4717/4717/4717 4714/4714/4714 4719/4719/4719
f 4716/4716/4716 4707/4707/4707 4720/4720/4720
f 4716/4716/4716 4720/4720/4720 4719/4719/4719
f 4721/4721/4721 4720/4720/4720 4707/4707/4707
f 4717/4717/4717 4722/4722/4722 4718/4718/4718
f 4723/4723/4723 4718/4718/4718 4722/4722/4722
f 4719/4719/4719 4724/4724/4724 4717/4717/4717
f 4724/4724/4724 4719/4719/4719 4720/4720/4720
f 4722/4722/4722 4717/4717/4717 4724/4724/4724
f 4720/4720/4720 4721/4721/4721 4725/4725/4725
f 4720/4720/4720 4725/4725/4725 4724/4724/4724
f 4726/4726/4726 4725/4725/4725 4721/4721/4721
f 4722/4722/4722 4727/4727/4727 4723/4723/4723
f 4728/4728/4728 4723/4723/4723 4727/4727/4727
f 4724/4724/4724 4729/4729/4729 4722/4722/4722
f 4729/4729/4729 4724/4724/4724 4725/4725/4725
f 4727/4727/4727 4722/4722/4722 4729/4729/4729
f 4725/4725/4725 4726/4726/4726 4730/4730/4730
f 4725/4725/4725 4730/4730/4730 4729/4729/4729
f 4731/4731/4731 4730/4730/4730 4726/4726/4726
f 4731/4731/4731 4732/4732/4732 4730/4730/4730
f 4733/4733/4733 4730/4730/4730 4732/4732/4732
f 4734/4734/4734 4729/4729/4729 4730/4730/4730
f 4730/4730/4730 4733/4733/4733 4734/4734/4734
f 4729/4729/4729 4734/4734/4734 4727/4727/4727
f 4735/4735/4735 4734/4734/4734 4733/4733/4733
f 4727/4727/4727 4736/4736/4736 4728/4728/4728
f 4736/4736/4736 4727/4727/4727 4734/4734/4734
f 4734/4734/4734 4735/4735/4735 4736/4736/4736
f 4737/4737/4737 4728/4728/4728 4736/4736/4736
f 4738/4738/4738 4736/4736/4736 4735/4735/4735
f 4736/4736/4736 4738/4738/4738 4737/4737/4737
f 4739/4739/4739 4737/4737/4737 4738/4738/4738
f 4742/4742/4742 4741/4741/4741 4740/4740/4740
f 4743/4743/4743 4740/4740/4740 4741/4741/4741
f 4743/4743/4743 4741/4741/4741 4744/4744/4744
f 4745/4745/4745 4744/4744/4744 4741/4741/4741
f 4743/4743/4743 4746/4746/4746 4740/4740/4740
f 4747/4747/4747 4740/4740/4740 4746/4746/4746
f 4744/4744/4744 4745/4745/4745 4748/4748/4748
f 4749/4749/4749 4748/4748/4748 4745/4745/4745
f 4749/4749/4749 4750/4750/4750 4748/4748/4748
f 4751/4751/4751 4748/4748/4748 4750/4750/4750
f 4751/4751/4751 4752/4752/4752 4748/4748/4748
f 4753/4753/4753 4748/4748/4748 4752/4752/4752
f 4748/4748/4748 4753/4753/4753 4744/4744/4744
f 4752/4752/4752 4754/4754/4754 4753/4753/4753
f 4744/4744/4744 4755/4755/4755 4743/4743/4743
f 4755/4755/4755 4744/4744/4744 4753/4753/4753
f 4746/4746/4746 4743/4743/4743 4755/4755/4755
f 4756/4756/4756 4753/4753/4753 4754/4754/4754
f 4753/4753/4753 4756/4756/4756 4755/4755/4755
f 4754/4754/4754 4757/4757/4757 4756/4756/4756
f 4746/4746/4746 4758/4758/4758 4747/4747/4747
f 4759/4759/4759 4747/4747/4747 4758/4758/4758
f 4755/4755/4755 4760/4760/4760 4746/4746/4746
f 4760/4760/4760 4755/4755/4755 4756/4756/4756
f 4758/4758/4758 4746/4746/4746 4760/4760/4760
f 4761/4761/4761 4756/4756/4756 4757/4757/4757
f 4756/4756/4756 4761/4761/4761 4760/4760/4760
f 4757/4757/4757 4762/4762/4762 4761/4761/4761
f 4758/4758/4758 4763/4763/4763 4759/4759/4759
f 4764/4764/4764 4759/4759/4759 4763/4763/4763
f 4764/4764/4764 4763/4763/4763 4765/4765/4765
f 4760/4760/4760 4766/4766/4766 4758/4758/4758
f 4766/4766/4766 4760/4760/4760 4761/4761/4761
f 4763/4763/4763 4758/4758/4758 4766/4766/4766
f 4767/4767/4767 4761/4761/4761 4762/4762/4762
f 4761/4761/4761 4767/4767/4767 4766/4766/4766
f 4762/4762/4762 4768/4768/4768 4767/4767/4767
f 4766/4766/4766 4769/4769/4769 4763/4763/4763
f 4769/4769/4769 4766/4766/4766 4767/4767/4767
f 4770/4770/4770 4767/4767/4767 4768/4768/4768
f 4767/4767/4767 4770/4770/4770 4769/4769/4769
f 4768/4768/4768 4771/4771/4771 4770/4770/4770
f 4772/4772/4772 4770/4770/4770 4771/4771/4771
f 4770/4770/4770 4772/4772/4772 4773/4773/4773
f 4773/4773/4773 4769/4769/4769 4770/4770/4770
f 4774/4774/4774 4773/4773/4773 4772/4772/4772
f 4775/4775/4775 4763/4763/4763 4769/4769/4769
f 4769/4769/4769 4773/4773/4773 4775/4775/4775
f 4775/4775/4775 4765/4765/4765 4763/4763/4763
f 4773/4773/4773 4774/4774/4774 4776/4776/4776
f 4776/4776/4776 4775/4775/4775 4773/4773/4773
f 4775/4775/4775 4776/4776/4776 4765/4765/4765
f 4777/4777/4777 4776/4776/4776 4774/4774/4774
f 4778/4778/4778 4765/4765/4765 4776/4776/4776
f 4776/4776/4776 4777/4777/4777 4778/4778/4778
f 4779/4779/4779 4778/4778/4778 4777/4777/4777
f 4782/4782/4782 4781/4781/4781 4780/4780/4780
f 4783/4783/4783 4780/4780/4780 4781/4781/4781
f 4780/4780/4780 4783/4783/4783 4784/4784/4784
f 4783/4783/4783 4781/4781/4781 4785/4785/4785
f 4786/4786/4786 4785/4785/4785 4781/4781/4781
f 4787/4787/4787 4784/4784/4784 4783/4783/4783
f 4783/4783/4783 4785/4785/4785 4787/4787/4787
f 4784/4784/4784 4787/4787/4787 4788/4788/4788
f 4789/4789/4789 4788/4788/4788 4787/4787/4787
f 4788/4788/4788 4789/4789/4789 4790/4790/4790
f 4791/4791/4791 4790/4790/4790 4789/4789/4789
f 4787/4787/4787 4792/4792/4792 4789/4789/4789
f 4792/4792/4792 4787/4787/4787 4785/4785/4785
f 4789/4789/4789 4793/4793/4793 4791/4791/4791
f 4793/4793/4793 4789/4789/4789 4792/4792/4792
f 4794/4794/4794 4791/4791/4791 4793/4793/4793
f 4794/4794/4794 4793/4793/4793 4795/4795/4795
f 4785/4785/4785 4786/4786/4786 4796/4796/4796
f 4797/4797/4797 4796/4796/4796 4786/4786/4786
f 4792/4792/4792 4785/4785/4785 4798/4798/4798
f 4792/4792/4792 4798/4798/4798 4793/4793/4793
f 4796/4796/4796 4798/4798/4798 4785/4785/4785
f 4796/4796/4796 4797/4797/4797 4799/4799/4799
f 4796/4796/4796 4799/4799/4799 4798/4798/4798
f 4800/4800/4800 4799/4799/4799 4797/4797/4797
f 4800/4800/4800 4801/4801/4801 4799/4799/4799
f 4802/4802/4802 4795/4795/4795 4793/4793/4793
f 4802/4802/4802 4793/4793/4793 4798/4798/4798
f 4803/4803/4803 4798/4798/4798 4799/4799/4799
f 4798/4798/4798 4803/4803/4803 4802/4802/4802
f 4804/4804/4804 4799/4799/4799 4801/4801/4801
f 4799/4799/4799 4804/4804/4804 4803/4803/4803
f 4801/4801/4801 4805/4805/4805 4804/4804/4804
f 4802/4802/4802 4806/4806/4806 4795/4795/4795
f 4806/4806/4806 4802/4802/4802 4803/4803/4803
f 4807/4807/4807 4795/4795/4795 4806/4806/4806
f 4808/4808/4808 4803/4803/4803 4804/4804/4804
f 4803/4803/4803 4808/4808/4808 4806/4806/4806
f 4809/4809/4809 4804/4804/4804 4805/4805/4805
f 4804/4804/4804 4809/4809/4809 4808/4808/4808
f 4805/4805/4805 4810/4810/4810 4809/4809/4809
f 4811/4811/4811 4809/4809/4809 4810/4810/4810
f 4806/4806/4806 4812/4812/4812 4807/4807/4807
f 4812/4812/4812 4806/4806/4806 4808/4808/4808
f 4813/4813/4813 4807/4807/4807 4812/4812/4812
f 4809/4809/4809 4811/4811/4811 4814/4814/4814
f 4814/4814/4814 4808/4808/4808 4809/4809/4809
f 4808/4808/4808 4814/4814/4814 4812/4812/4812
f 4815/4815/4815 4814/4814/4814 4811/4811/4811
f 4812/4812/4812 4816/4816/4816 4813/4813/4813
f 4816/4816/4816 4812/4812/4812 4814/4814/4814
f 4814/4814/4814 4815/4815/4815 4816/4816/4816
f 4817/4817/4817 4813/4813/4813 4816/4816/4816
f 4818/4818/4818 4816/4816/4816 4815/4815/4815
f 4817/4817/4817 4816/4816/4816 4819/4819/4819
f 4818/4818/4818 4819/4819/4819 4816/4816/4816
f 4822/4822/4822 4821/4821/4821 4820/4820/4820
f 4823/4823/4823 4820/4820/4820 4821/4821/4821
f 4820/4820/4820 4823/4823/4823 4824/4824/4824
f 4823/4823/4823 4821/4821/4821 4825/4825/4825
f 4826/4826/4826 4825/4825/4825 4821/4821/4821
f 4826/4826/4826 4827/4827/4827 4825/4825/4825
f 4828/4828/4828 4824/4824/4824 4823/4823/4823
f 4823/4823/4823 4825/4825/4825 4828/4828/4828
f 4824/4824/4824 4828/4828/4828 4829/4829/4829
f 4830/4830/4830 4825/4825/4825 4827/4827/4827
f 4827/4827/4827 4831/4831/4831 4830/4830/4830
f 4832/4832/4832 4829/4829/4829 4828/4828/4828
f 4829/4829/4829 4832/4832/4832 4833/4833/4833
f 4834/4834/4834 4833/4833/4833 4832/4832/4832
f 4834/4834/4834 4832/4832/4832 4835/4835/4835
f 4836/4836/4836 4828/4828/4828 4825/4825/4825
f 4828/4828/4828 4836/4836/4836 4832/4832/4832
f 4825/4825/4825 4830/4830/4830 4836/4836/4836
f 4837/4837/4837 4835/4835/4835 4832/4832/4832
f 4837/4837/4837 4832/4832/4832 4836/4836/4836
f 4838/4838/4838 4836/4836/4836 4830/4830/4830
f 4836/4836/4836 4838/4838/4838 4837/4837/4837
f 4837/4837/4837 4839/4839/4839 4835/4835/4835
f 4839/4839/4839 4837/4837/4837 4838/4838/4838
f 4840/4840/4840 4835/4835/4835 4839/4839/4839
f 4841/4841/4841 4830/4830/4830 4831/4831/4831
f 4830/4830/4830 4841/4841/4841 4838/4838/4838
f 4838/4838/4838 4842/4842/4842 4839/4839/4839
f 4842/4842/4842 4838/4838/4838 4841/4841/4841
f 4839/4839/4839 4843/4843/4843 4840/4840/4840
f 4843/4843/4843 4839/4839/4839 4842/4842/4842
f 4844/4844/4844 4840/4840/4840 4843/4843/4843
f 4841/4841/4841 4831/4831/4831 4845/4845/4845
f 4841/4841/4841 4845/4845/4845 4842/4842/4842
f 4846/4846/4846 4845/4845/4845 4831/4831/4831
f 4846/4846/4846 4847/4847/4847 4845/4845/4845
f 4842/4842/4842 4848/4848/4848 4843/4843/4843
f 4848/4848/4848 4842/4842/4842 4845/4845/4845
f 4843/4843/4843 4849/4849/4849 4844/4844/4844
f 4849/4849/4849 4843/4843/4843 4848/4848/4848
f 4850/4850/4850 4844/4844/4844 4849/4849/4849
f 4851/4851/4851 4845/4845/4845 4847/4847/4847
f 4845/4845/4845 4851/4851/4851 4848/4848/4848
f 4847/4847/4847 4852/4852/4852 4851/4851/4851
f 4853/4853/4853 4851/4851/4851 4852/4852/4852
f 4854/4854/4854 4848/4848/4848 4851/4851/4851
f 4851/4851/4851 4853/4853/4853 4854/4854/4854
f 4848/4848/4848 4854/4854/4854 4849/4849/4849
f 4855/4855/4855 4854/4854/4854 4853/4853/4853
f 4849/4849/4849 4856/4856/4856 4850/4850/4850
f 4856/4856/4856 4849/4849/4849 4854/4854/4854
f 4854/4854/4854 4855/4855/4855 4856/4856/4856
f 4857/4857/4857 4850/4850/4850 4856/4856/4856
f 4858/4858/4858 4856/4856/4856 4855/4855/4855
f 4856/4856/4856 4858/4858/4858 4857/4857/4857
f 4859/4859/4859 4857/4857/4857 4858/4858/4858
f 4862/4862/4862 4861/4861/4861 4860/4860/4860
f 4863/4863/4863 4860/4860/4860 4861/4861/4861
f 4861/4861/4861 4864/4864/4864 4863/4863/4863
f 4860/4860/4860 4863/4863/4863 4865/4865/4865
f 4866/4866/4866 4863/4863/4863 4864/4864/4864
f 4864/4864/4864 4867/4867/4867 4866/4866/4866
f 4868/4868/4868 4865/4865/4865 4863/4863/4863
f 4863/4863/4863 4866/4866/4866 4868/4868/4868
f 4865/4865/4865 4868/4868/4868 4869/4869/4869
f 4870/4870/4870 4866/4866/4866 4867/4867/4867
f 4867/4867/4867 4871/4871/4871 4870/4870/4870
f 4872/4872/4872 4869/4869/4869 4868/4868/4868
f 4869/4869/4869 4872/4872/4872 4873/4873/4873
f 4874/4874/4874 4873/4873/4873 4872/4872/4872
f 4874/4874/4874 4872/4872/4872 4875/4875/4875
f 4876/4876/4876 4868/4868/4868 4866/4866/4866
f 4868/4868/4868 4876/4876/4876 4872/4872/4872
f 4866/4866/4866 4870/4870/4870 4876/4876/4876
f 4877/4877/4877 4875/4875/4875 4872/4872/4872
f 4877/4877/4877 4872/4872/4872 4876/4876/4876
f 4878/4878/4878 4876/4876/4876 4870/4870/4870
f 4876/4876/4876 4878/4878/4878 4877/4877/4877
f 4877/4877/4877 4879/4879/4879 4875/4875/4875
f 4879/4879/4879 4877/4877/4877 4878/4878/4878
f 4880/4880/4880 4875/4875/4875 4879/4879/4879
f 4881/4881/4881 4870/4870/4870 4871/4871/4871
f 4870/4870/4870 4881/4881/4881 4878/4878/4878
f 4878/4878/4878 4882/4882/4882 4879/4879/4879
f 4882/4882/4882 4878/4878/4878 4881/4881/4881
f 4879/4879/4879 4883/4883/4883 4880/4880/4880
f 4883/4883/4883 4879/4879/4879 4882/4882/4882
f 4884/4884/4884 4880/4880/4880 4883/4883/4883
f 4884/4884/4884 4883/4883/4883 4885/4885/4885
f 4881/4881/4881 4871/4871/4871 4886/4886/4886
f 4887/4887/4887 4886/4886/4886 4871/4871/4871
f 4882/4882/4882 4881/4881/4881 4888/4888/4888
f 4882/4882/4882 4888/4888/4888 4883/4883/4883
f 4886/4886/4886 4888/4888/4888 4881/4881/4881
f 4886/4886/4886 4887/4887/4887 4889/4889/4889
f 4886/4886/4886 4889/4889/4889 4888/4888/4888
f 4890/4890/4890 4889/4889/4889 4887/4887/4887
f 4890/4890/4890 4891/4891/4891 4889/4889/4889
f 4892/4892/4892 4889/4889/4889 4891/4891/4891
f 4889/4889/4889 4892/4892/4892 4893/4893/4893
f 4893/4893/4893 4888/4888/4888 4889/4889/4889
f 4894/4894/4894 4893/4893/4893 4892/4892/4892
f 4895/4895/4895 4883/4883/4883 4888/4888/4888
f 4895/4895/4895 4885/4885/4885 4883/4883/4883
f 4888/4888/4888 4893/4893/4893 4895/4895/4895
f 4893/4893/4893 4894/4894/4894 4896/4896/4896
f 4896/4896/4896 4895/4895/4895 4893/4893/4893
f 4895/4895/4895 4896/4896/4896 4885/4885/4885
f 4897/4897/4897 4896/4896/4896 4894/4894/4894
f 4898/4898/4898 4885/4885/4885 4896/4896/4896
f 4896/4896/4896 4897/4897/4897 4898/4898/4898
f 4899/4899/4899 4898/4898/4898 4897/4897/4897
f 4902/4902/4902 4901/4901/4901 4900/4900/4900
f 4903/4903/4903 4900/4900/4900 4901/4901/4901
f 4901/4901/4901 4904/4904/4904 4903/4903/4903
f 4900/4900/4900 4903/4903/4903 4905/4905/4905
f 4906/4906/4906 4903/4903/4903 4904/4904/4904
f 4904/4904/4904 4907/4907/4907 4906/4906/4906
f 4908/4908/4908 4905/4905/4905 4903/4903/4903
f 4903/4903/4903 4906/4906/4906 4908/4908/4908
f 4905/4905/4905 4908/4908/4908 4909/4909/4909
f 4910/4910/4910 4906/4906/4906 4907/4907/4907
f 4907/4907/4907 4911/4911/4911 4910/4910/4910
f 4912/4912/4912 4909/4909/4909 4908/4908/4908
f 4909/4909/4909 4912/4912/4912 4913/4913/4913
f 4914/4914/4914 4913/4913/4913 4912/4912/4912
f 4914/4914/4914 4912/4912/4912 4915/4915/4915
f 4916/4916/4916 4908/4908/4908 4906/4906/4906
f 4908/4908/4908 4916/4916/4916 4912/4912/4912
f 4906/4906/4906 4910/4910/4910 4916/4916/4916
f 4917/4917/4917 4910/4910/4910 4911/4911/4911
f 4911/4911/4911 4918/4918/4918 4917/4917/4917
f 4919/4919/4919 4915/4915/4915 4912/4912/4912
f 4919/4919/4919 4912/4912/4912 4916/4916/4916
f 4920/4920/4920 4916/4916/4916 4910/4910/4910
f 4916/4916/4916 4920/4920/4920 4919/4919/4919
f 4910/4910/4910 4917/4917/4917 4920/4920/4920
f 4919/4919/4919 4921/4921/4921 4915/4915/4915
f 4921/4921/4921 4919/4919/4919 4920/4920/4920
f 4922/4922/4922 4915/4915/4915 4921/4921/4921
f 4923/4923/4923 4917/4917/4917 4918/4918/4918
f 4918/4918/4918 4924/4924/4924 4923/4923/4923
f 4925/4925/4925 4920/4920/4920 4917/4917/4917
f 4920/4920/4920 4925/4925/4925 4921/4921/4921
f 4917/4917/4917 4923/4923/4923 4925/4925/4925
f 4921/4921/4921 4926/4926/4926 4922/4922/4922
f 4926/4926/4926 4921/4921/4921 4925/4925/4925
f 4927/4927/4927 4922/4922/4922 4926/4926/4926
f 4927/4927/4927 4926/4926/4926 4928/4928/4928
f 4929/4929/4929 4923/4923/4923 4924/4924/4924
f 4924/4924/4924 4930/4930/4930 4929/4929/4929
f 4931/4931/4931 4929/4929/4929 4930/4930/4930
f 4932/4932/4932 4925/4925/4925 4923/4923/4923
f 4925/4925/4925 4932/4932/4932 4926/4926/4926
f 4923/4923/4923 4929/4929/4929 4932/4932/4932
f 4929/4929/4929 4931/4931/4931 4933/4933/4933
f 4933/4933/4933 4932/4932/4932 4929/4929/4929
f 4934/4934/4934 4933/4933/4933 4931/4931/4931
f 4935/4935/4935 4926/4926/4926 4932/4932/4932
f 4935/4935/4935 4928/4928/4928 4926/4926/4926
f 4932/4932/4932 4933/4933/4933 4935/4935/4935
f 4933/4933/4933 4934/4934/4934 4936/4936/4936
f 4936/4936/4936 4935/4935/4935 4933/4933/4933
f 4935/4935/4935 4936/4936/4936 4928/4928/4928
f 4937/4937/4937 4936/4936/4936 4934/4934/4934
f 4938/4938/4938 4928/4928/4928 4936/4936/4936
f 4936/4936/4936 4937/4937/4937 4938/4938/4938
f 4939/4939/4939 4938/4938/4938 4937/4937/4937
f 4942/4942/4942 4941/4941/4941 4940/4940/4940
f 4943/4943/4943 4940/4940/4940 4941/4941/4941
f 4940/4940/4940 4943/4943/4943 4944/4944/4944
f 4943/4943/4943 4941/4941/4941 4945/4945/4945
f 4946/4946/4946 4945/4945/4945 4941/4941/4941
f 4946/4946/4946 4947/4947/4947 4945/4945/4945
f 4948/4948/4948 4944/4944/4944 4943/4943/4943
f 4943/4943/4943 4945/4945/4945 4948/4948/4948
f 4944/4944/4944 4948/4948/4948 4949/4949/4949
f 4950/4950/4950 4945/4945/4945 4947/4947/4947
f 4947/4947/4947 4951/4951/4951 4950/4950/4950
f 4952/4952/4952 4949/4949/4949 4948/4948/4948
f 4949/4949/4949 4952/4952/4952 4953/4953/4953
f 4954/4954/4954 4953/4953/4953 4952/4952/4952
f 4954/4954/4954 4952/4952/4952 4955/4955/4955
f 4956/4956/4956 4948/4948/4948 4945/4945/4945
f 4948/4948/4948 4956/4956/4956 4952/4952/4952
f 4945/4945/4945 4950/4950/4950 4956/4956/4956
f 4957/4957/4957 4955/4955/4955 4952/4952/4952
f 4957/4957/4957 4952/4952/4952 4956/4956/4956
f 4958/4958/4958 4956/4956/4956 4950/4950/4950
f 4956/4956/4956 4958/4958/4958 4957/4957/4957
f 4957/4957/4957 4959/4959/4959 4955/4955/4955
f 4959/4959/4959 4957/4957/4957 4958/4958/4958
f 4960/4960/4960 4955/4955/4955 4959/4959/4959
f 4961/4961/4961 4950/4950/4950 4951/4951/4951
f 4950/4950/4950 4961/4961/4961 4958/4958/4958
f 4958/4958/4958 4962/4962/4962 4959/4959/4959
f 4962/4962/4962 4958/4958/4958 4961/4961/4961
f 4959/4959/4959 4963/4963/4963 4960/4960/4960
f 4963/4963/4963 4959/4959/4959 4962/4962/4962
f 4964/4964/4964 4960/4960/4960 4963/4963/4963
f 4961/4961/4961 4951/4951/4951 4965/4965/4965
f 4961/4961/4961 4965/4965/4965 4962/4962/4962
f 4966/4966/4966 4965/4965/4965 4951/4951/4951
f 4966/4966/4966 4967/4967/4967 4965/4965/4965
f 4962/4962/4962 4968/4968/4968 4963/4963/4963
f 4968/4968/4968 4962/4962/4962 4965/4965/4965
f 4963/4963/4963 4969/4969/4969 4964/4964/4964
f 4969/4969/4969 4963/4963/4963 4968/4968/4968
f 4970/4970/4970 4964/4964/4964 4969/4969/4969
f 4971/4971/4971 4965/4965/4965 4967/4967/4967
f 4965/4965/4965 4971/4971/4971 4968/4968/4968
f 4967/4967/4967 4972/4972/4972 4971/4971/4971
f 4973/4973/4973 4971/4971/4971 4972/4972/4972
f 4974/4974/4974 4968/4968/4968 4971/4971/4971
f 4971/4971/4971 4973/4973/4973 4974/4974/4974
f 4968/4968/4968 4974/4974/4974 4969/4969/4969
f 4975/4975/4975 4974/4974/4974 4973/4973/4973
f 4969/4969/4969 4976/4976/4976 4970/4970/4970
f 4976/4976/4976 4969/4969/4969 4974/4974/4974
f 4974/4974/4974 4975/4975/4975 4976/4976/4976
f 4977/4977/4977 4970/4970/4970 4976/4976/4976
f 4978/4978/4978 4976/4976/4976 4975/4975/4975
f 4976/4976/4976 4978/4978/4978 4977/4977/4977
f 4979/4979/4979 4977/4977/4977 4978/4978/4978
f 4982/4982/4982 4981/4981/4981 4980/4980/4980
f 4983/4983/4983 4980/4980/4980 4981/4981/4981
f 4981/4981/4981 4984/4984/4984 4983/4983/4983
f 4980/4980/4980 4983/4983/4983 4985/4985/4985
f 4986/4986/4986 4983/4983/4983 4984/4984/4984
f 4984/4984/4984 4987/4987/4987 4986/4986/4986
f 4988/4988/4988 4985/4985/4985 4983/4983/4983
f 4983/4983/4983 4986/4986/4986 4988/4988/4988
f 4985/4985/4985 4988/4988/4988 4989/4989/4989
f 4990/4990/4990 4986/4986/4986 4987/4987/4987
f 4987/4987/4987 4991/4991/4991 4990/4990/4990
f 4992/4992/4992 4989/4989/4989 4988/4988/4988
f 4989/4989/4989 4992/4992/4992 4993/4993/4993
f 4994/4994/4994 4993/4993/4993 4992/4992/4992
f 4994/4994/4994 4992/4992/4992 4995/4995/4995
f 4996/4996/4996 4988/4988/4988 4986/4986/4986
f 4988/4988/4988 4996/4996/4996 4992/4992/4992
f 4986/4986/4986 4990/4990/4990 4996/4996/4996
f 4997/4997/4997 4990/4990/4990 4991/4991/4991
f 4991/4991/4991 4998/4998/4998 4997/4997/4997
f 4999/4999/4999 4995/4995/4995 4992/4992/4992
f 4999/4999/4999 4992/4992/4992 4996/4996/4996
f 5000/5000/5000 4996/4996/4996 4990/4990/4990
f 4996/4996/4996 5000/5000/5000 4999/4999/4999
f 4990/4990/4990 4997/4997/4997 5000/5000/5000
f 4999/4999/4999 5001/5001/5001 4995/4995/4995
f 5001/5001/5001 4999/4999/4999 5000/5000/5000
f 5002/5002/5002 4995/4995/4995 5001/5001/5001
f 5003/5003/5003 4997/4997/4997 4998/4998/4998
f 4998/4998/4998 5004/5004/5004 5003/5003/5003
f 5005/5005/5005 5000/5000/5000 4997/4997/4997
f 5000/5000/5000 5005/5005/5005 5001/5001/5001
f 4997/4997/4997 5003/5003/5003 5005/5005/5005
f 5001/5001/5001 5006/5006/5006 5002/5002/5002
f 5006/5006/5006 5001/5001/5001 5005/5005/5005
f 5007/5007/5007 5002/5002/5002 5006/5006/5006
f 5007/5007/5007 5006/5006/5006 5008/5008/5008
f 5009/5009/5009 5003/5003/5003 5004/5004/5004
f 5004/5004/5004 5010/5010/5010 5009/5009/5009
f 5011/5011/5011 5009/5009/5009 5010/5010/5010
f 5012/5012/5012 5005/5005/5005 5003/5003/5003
f 5005/5005/5005 5012/5012/5012 5006/5006/5006
f 5003/5003/5003 5009/5009/5009 5012/5012/5012
f 5009/5009/5009 5011/5011/5011 5013/5013/5013
f 5013/5013/5013 5012/5012/5012 5009/5009/5009
f 5014/5014/5014 5013/5013/5013 5011/5011/5011
f 5015/5015/5015 5006/5006/5006 5012/5012/5012
f 5015/5015/5015 5008/5008/5008 5006/5006/5006
f 5012/5012/5012 5013/5013/5013 5015/5015/5015
f 5013/5013/5013 5014/5014/5014 5016/5016/5016
f 5016/5016/5016 5015/5015/5015 5013/5013/5013
f 5015/5015/5015 5016/5016/5016 5008/5008/5008
f 5017/5017/5017 5016/5016/5016 5014/5014/5014
f 5018/5018/5018 5008/5008/5008 5016/5016/5016
f 5016/5016/5016 5017/5017/5017 5018/5018/5018
f 5019/5019/5019 5018/5018/5018 5017/5017/5017
f 5022/5022/5022 5021/5021/5021 5020/5020/5020
f 5023/5023/5023 5020/5020/5020 5021/5021/5021
f 5020/5020/5020 5023/5023/5023 5024/5024/5024
f 5023/5023/5023 5021/5021/5021 5025/5025/5025
f 5026/5026/5026 5025/5025/5025 5021/5021/5021
f 5026/5026/5026 5027/5027/5027 5025/5025/5025
f 5028/5028/5028 5024/5024/5024 5023/5023/5023
f 5023/5023/5023 5025/5025/5025 5028/5028/5028
f 5024/5024/5024 5028/5028/5028 5029/5029/5029
f 5030/5030/5030 5025/5025/5025 5027/5027/5027
f 5027/5027/5027 5031/5031/5031 5030/5030/5030
f 5032/5032/5032 5029/5029/5029 5028/5028/5028
f 5029/5029/5029 5032/5032/5032 5033/5033/5033
f 5034/5034/5034 5033/5033/5033 5032/5032/5032
f 5034/5034/5034 5032/5032/5032 5035/5035/5035
f 5036/5036/5036 5028/5028/5028 5025/5025/5025
f 5028/5028/5028 5036/5036/5036 5032/5032/5032
f 5025/5025/5025 5030/5030/5030 5036/5036/5036
f 5037/5037/5037 5035/5035/5035 5032/5032/5032
f 5037/5037/5037 5032/5032/5032 5036/5036/5036
f 5038/5038/5038 5036/5036/5036 5030/5030/5030
f 5036/5036/5036 5038/5038/5038 5037/5037/5037
f 5037/5037/5037 5039/5039/5039 5035/5035/5035
f 5039/5039/5039 5037/5037/5037 5038/5038/5038
f 5040/5040/5040 5035/5035/5035 5039/5039/5039
f 5041/5041/5041 5030/5030/5030 5031/5031/5031
f 5030/5030/5030 5041/5041/5041 5038/5038/5038
f 5038/5038/5038 5042/5042/5042 5039/5039/5039
f 5042/5042/5042 5038/5038/5038 5041/5041/5041
f 5039/5039/5039 5043/5043/5043 5040/5040/5040
f 5043/5043/5043 5039/5039/5039 5042/5042/5042
f 5044/5044/5044 5040/5040/5040 5043/5043/5043
f 5044/5044/5044 5043/5043/5043 5045/5045/5045
f 5041/5041/5041 5031/5031/5031 5046/5046/5046
f 5041/5041/5041 5046/5046/5046 5042/5042/5042
f 5047/5047/5047 5046/5046/5046 5031/5031/5031
f 5047/5047/5047 5048/5048/5048 5046/5046/5046
f 5042/5042/5042 5049/5049/5049 5043/5043/5043
f 5049/5049/5049 5042/5042/5042 5046/5046/5046
f 5050/5050/5050 5046/5046/5046 5048/5048/5048
f 5046/5046/5046 5050/5050/5050 5049/5049/5049
f 5048/5048/5048 5051/5051/5051 5050/5050/5050
f 5052/5052/5052 5050/5050/5050 5051/5051/5051
f 5050/5050/5050 5052/5052/5052 5053/5053/5053
f 5053/5053/5053 5049/5049/5049 5050/5050/5050
f 5054/5054/5054 5053/5053/5053 5052/5052/5052
f 5055/5055/5055 5043/5043/5043 5049/5049/5049
f 5055/5055/5055 5045/5045/5045 5043/5043/5043
f 5049/5049/5049 5053/5053/5053 5055/5055/5055
f 5053/5053/5053 5054/5054/5054 5056/5056/5056
f 5056/5056/5056 5055/5055/5055 5053/5053/5053
f 5055/5055/5055 5056/5056/5056 5045/5045/5045
f 5057/5057/5057 5056/5056/5056 5054/5054/5054
f 5058/5058/5058 5045/5045/5045 5056/5056/5056
f 5056/5056/5056 5057/5057/5057 5058/5058/5058
f 5059/5059/5059 5058/5058/5058 5057/5057/5057
f 5062/5062/5062 5061/5061/5061 5060/5060/5060
f 5063/5063/5063 5060/5060/5060 5061/5061/5061
f 5060/5060/5060 5063/5063/5063 5064/5064/5064
f 5063/5063/5063 5061/5061/5061 5065/5065/5065
f 5066/5066/5066 5065/5065/5065 5061/5061/5061
f 5066/5066/5066 5067/5067/5067 5065/5065/5065
f 5068/5068/5068 5064/5064/5064 5063/5063/5063
f 5063/5063/5063 5065/5065/5065 5068/5068/5068
f 5064/5064/5064 5068/5068/5068 5069/5069/5069
f 5070/5070/5070 5065/5065/5065 5067/5067/5067
f 5067/5067/5067 5071/5071/5071 5070/5070/5070
f 5072/5072/5072 5069/5069/5069 5068/5068/5068
f 5069/5069/5069 5072/5072/5072 5073/5073/5073
f 5074/5074/5074 5073/5073/5073 5072/5072/5072
f 5074/5074/5074 5072/5072/5072 5075/5075/5075
f 5076/5076/5076 5068/5068/5068 5065/5065/5065
f 5068/5068/5068 5076/5076/5076 5072/5072/5072
f 5065/5065/5065 5070/5070/5070 5076/5076/5076
f 5077/5077/5077 5075/5075/5075 5072/5072/5072
f 5077/5077/5077 5072/5072/5072 5076/5076/5076
f 5078/5078/5078 5076/5076/5076 5070/5070/5070
f 5076/5076/5076 5078/5078/5078 5077/5077/5077
f 5077/5077/5077 5079/5079/5079 5075/5075/5075
f 5079/5079/5079 5077/5077/5077 5078/5078/5078
f 5080/5080/5080 5075/5075/5075 5079/5079/5079
f 5081/5081/5081 5070/5070/5070 5071/5071/5071
f 5070/5070/5070 5081/5081/5081 5078/5078/5078
f 5078/5078/5078 5082/5082/5082 5079/5079/5079
f 5082/5082/5082 5078/5078/5078 5081/5081/5081
f 5079/5079/5079 5083/5083/5083 5080/5080/5080
f 5083/5083/5083 5079/5079/5079 5082/5082/5082
f 5084/5084/5084 5080/5080/5080 5083/5083/5083
f 5081/5081/5081 5071/5071/5071 5085/5085/5085
f 5081/5081/5081 5085/5085/5085 5082/5082/5082
f 5086/5086/5086 5085/5085/5085 5071/5071/5071
f 5086/5086/5086 5087/5087/5087 5085/5085/5085
f 5082/5082/5082 5088/5088/5088 5083/5083/5083
f 5088/5088/5088 5082/5082/5082 5085/5085/5085
f 5083/5083/5083 5089/5089/5089 5084/5084/5084
f 5089/5089/5089 5083/5083/5083 5088/5088/5088
f 5090/5090/5090 5084/5084/5084 5089/5089/5089
f 5091/5091/5091 5085/5085/5085 5087/5087/5087
f 5085/5085/5085 5091/5091/5091 5088/5088/5088
f 5087/5087/5087 5092/5092/5092 5091/5091/5091
f 5093/5093/5093 5091/5091/5091 5092/5092/5092
f 5094/5094/5094 5088/5088/5088 5091/5091/5091
f 5091/5091/5091 5093/5093/5093 5094/5094/5094
f 5088/5088/5088 5094/5094/5094 5089/5089/5089
f 5095/5095/5095 5094/5094/5094 5093/5093/5093
f 5089/5089/5089 5096/5096/5096 5090/5090/5090
f 5096/5096/5096 5089/5089/5089 5094/5094/5094
f 5094/5094/5094 5095/5095/5095 5096/5096/5096
f 5097/5097/5097 5090/5090/5090 5096/5096/5096
f 5098/5098/5098 5096/5096/5096 5095/5095/5095
f 5096/5096/5096 5098/5098/5098 5097/5097/5097
f 5099/5099/5099 5097/5097/5097 5098/5098/5098
f 5102/5102/5102 5101/5101/5101 5100/5100/5100
f 5103/5103/5103 5100/5100/5100 5101/5101/5101
f 5101/5101/5101 5104/5104/5104 5103/5103/5103
f 5100/5100/5100 5103/5103/5103 5105/5105/5105
f 5106/5106/5106 5103/5103/5103 5104/5104/5104
f 5104/5104/5104 5107/5107/5107 5106/5106/5106
f 5108/5108/5108 5105/5105/5105 5103/5103/5103
f 5103/5103/5103 5106/5106/5106 5108/5108/5108
f 5105/5105/5105 5108/5108/5108 5109/5109/5109
f 5110/5110/5110 5106/5106/5106 5107/5107/5107
f 5107/5107/5107 5111/5111/5111 5110/5110/5110
f 5112/5112/5112 5109/5109/5109 5108/5108/5108
f 5109/5109/5109 5112/5112/5112 5113/5113/5113
f 5114/5114/5114 5113/5113/5113 5112/5112/5112
f 5114/5114/5114 5112/5112/5112 5115/5115/5115
f 5116/5116/5116 5108/5108/5108 5106/5106/5106
f 5106/5106/5106 5110/5110/5110 5116/5116/5116
f 5112/5112/5112 5108/5108/5108 5117/5117/5117
f 5117/5117/5117 5115/5115/5115 5112/5112/5112
f 5116/5116/5116 5117/5117/5117 5108/5108/5108
f 5118/5118/5118 5116/5116/5116 5110/5110/5110
f 5116/5116/5116 5118/5118/5118 5117/5117/5117
f 5117/5117/5117 5119/5119/5119 5115/5115/5115
f 5119/5119/5119 5117/5117/5117 5118/5118/5118
f 5120/5120/5120 5115/5115/5115 5119/5119/5119
f 5121/5121/5121 5110/5110/5110 5111/5111/5111
f 5110/5110/5110 5121/5121/5121 5118/5118/5118
f 5118/5118/5118 5122/5122/5122 5119/5119/5119
f 5122/5122/5122 5118/5118/5118 5121/5121/5121
f 5119/5119/5119 5123/5123/5123 5120/5120/5120
f 5123/5123/5123 5119/5119/5119 5122/5122/5122
f 5124/5124/5124 5120/5120/5120 5123/5123/5123
f 5124/5124/5124 5123/5123/5123 5125/5125/5125
f 5121/5121/5121 5111/5111/5111 5126/5126/5126
f 5121/5121/5121 5126/5126/5126 5122/5122/5122
f 5127/5127/5127 5126/5126/5126 5111/5111/5111
f 5122/5122/5122 5128/5128/5128 5123/5123/5123
f 5128/5128/5128 5122/5122/5122 5126/5126/5126
f 5126/5126/5126 5127/5127/5127 5129/5129/5129
f 5126/5126/5126 5129/5129/5129 5128/5128/5128
f 5130/5130/5130 5129/5129/5129 5127/5127/5127
f 5130/5130/5130 5131/5131/5131 5129/5129/5129
f 5132/5132/5132 5129/5129/5129 5131/5131/5131
f 5129/5129/5129 5132/5132/5132 5133/5133/5133
f 5133/5133/5133 5128/5128/5128 5129/5129/5129
f 5134/5134/5134 5133/5133/5133 5132/5132/5132
f 5135/5135/5135 5123/5123/5123 5128/5128/5128
f 5135/5135/5135 5125/5125/5125 5123/5123/5123
f 5128/5128/5128 5133/5133/5133 5135/5135/5135
f 5133/5133/5133 5134/5134/5134 5136/5136/5136
f 5136/5136/5136 5135/5135/5135 5133/5133/5133
f 5135/5135/5135 5136/5136/5136 5125/5125/5125
f 5137/5137/5137 5136/5136/5136 5134/5134/5134
f 5138/5138/5138 5125/5125/5125 5136/5136/5136
f 5136/5136/5136 5137/5137/5137 5138/5138/5138
f 5139/5139/5139 5138/5138/5138 5137/5137/5137
f 5142/5142/5142 5141/5141/5141 5140/5140/5140
f 5143/5143/5143 5140/5140/5140 5141/5141/5141
f 5140/5140/5140 5143/5143/5143 5144/5144/5144
f 5143/5143/5143 5141/5141/5141 5145/5145/5145
f 5146/5146/5146 5145/5145/5145 5141/5141/5141
f 5146/5146/5146 5147/5147/5147 5145/5145/5145
f 5148/5148/5148 5144/5144/5144 5143/5143/5143
f 5143/5143/5143 5145/5145/5145 5148/5148/5148
f 5144/5144/5144 5148/5148/5148 5149/5149/5149
f 5150/5150/5150 5145/5145/5145 5147/5147/5147
f 5147/5147/5147 5151/5151/5151 5150/5150/5150
f 5152/5152/5152 5149/5149/5149 5148/5148/5148
f 5149/5149/5149 5152/5152/5152 5153/5153/5153
f 5154/5154/5154 5153/5153/5153 5152/5152/5152
f 5154/5154/5154 5152/5152/5152 5155/5155/5155
f 5156/5156/5156 5148/5148/5148 5145/5145/5145
f 5148/5148/5148 5156/5156/5156 5152/5152/5152
f 5145/5145/5145 5150/5150/5150 5156/5156/5156
f 5157/5157/5157 5155/5155/5155 5152/5152/5152
f 5157/5157/5157 5152/5152/5152 5156/5156/5156
f 5158/5158/5158 5156/5156/5156 5150/5150/5150
f 5156/5156/5156 5158/5158/5158 5157/5157/5157
f 5157/5157/5157 5159/5159/5159 5155/5155/5155
f 5159/5159/5159 5157/5157/5157 5158/5158/5158
f 5160/5160/5160 5155/5155/5155 5159/5159/5159
f 5161/5161/5161 5150/5150/5150 5151/5151/5151
f 5150/5150/5150 5161/5161/5161 5158/5158/5158
f 5158/5158/5158 5162/5162/5162 5159/5159/5159
f 5162/5162/5162 5158/5158/5158 5161/5161/5161
f 5159/5159/5159 5163/5163/5163 5160/5160/5160
f 5163/5163/5163 5159/5159/5159 5162/5162/5162
f 5164/5164/5164 5160/5160/5160 5163/5163/5163
f 5161/5161/5161 5151/5151/5151 5165/5165/5165
f 5161/5161/5161 5165/5165/5165 5162/5162/5162
f 5166/5166/5166 5165/5165/5165 5151/5151/5151
f 5162/5162/5162 5167/5167/5167 5163/5163/5163
f 5167/5167/5167 5162/5162/5162 5165/5165/5165
f 5163/5163/5163 5168/5168/5168 5164/5164/5164
f 5168/5168/5168 5163/5163/5163 5167/5167/5167
f 5169/5169/5169 5164/5164/5164 5168/5168/5168
f 5165/5165/5165 5166/5166/5166 5170/5170/5170
f 5165/5165/5165 5170/5170/5170 5167/5167/5167
f 5171/5171/5171 5170/5170/5170 5166/5166/5166
f 5171/5171/5171 5172/5172/5172 5170/5170/5170
f 5173/5173/5173 5170/5170/5170 5172/5172/5172
f 5174/5174/5174 5167/5167/5167 5170/5170/5170
f 5170/5170/5170 5173/5173/5173 5174/5174/5174
f 5167/5167/5167 5174/5174/5174 5168/5168/5168
f 5175/5175/5175 5174/5174/5174 5173/5173/5173
f 5168/5168/5168 5176/5176/5176 5169/5169/5169
f 5176/5176/5176 5168/5168/5168 5174/5174/5174
f 5174/5174/5174 5175/5175/5175 5176/5176/5176
f 5177/5177/5177 5169/5169/5169 5176/5176/5176
f 5178/5178/5178 5176/5176/5176 5175/5175/5175
f 5176/5176/5176 5178/5178/5178 5177/5177/5177
f 5179/5179/5179 5177/5177/5177 5178/5178/5178
f 5182/5182/5182 5181/5181/5181 5180/5180/5180
f 5183/5183/5183 5180/5180/5180 5181/5181/5181
f 5181/5181/5181 5184/5184/5184 5183/5183/5183
f 5180/5180/5180 5183/5183/5183 5185/5185/5185
f 5186/5186/5186 5183/5183/5183 5184/5184/5184
f 5184/5184/5184 5187/5187/5187 5186/5186/5186
f 5188/5188/5188 5185/5185/5185 5183/5183/5183
f 5183/5183/5183 5186/5186/5186 5188/5188/5188
f 5185/5185/5185 5188/5188/5188 5189/5189/5189
f 5190/5190/5190 5186/5186/5186 5187/5187/5187
f 5187/5187/5187 5191/5191/5191 5190/5190/5190
f 5192/5192/5192 5189/5189/5189 5188/5188/5188
f 5189/5189/5189 5192/5192/5192 5193/5193/5193
f 5194/5194/5194 5193/5193/5193 5192/5192/5192
f 5194/5194/5194 5192/5192/5192 5195/5195/5195
f 5196/5196/5196 5188/5188/5188 5186/5186/5186
f 5186/5186/5186 5190/5190/5190 5196/5196/5196
f 5192/5192/5192 5188/5188/5188 5197/5197/5197
f 5197/5197/5197 5195/5195/5195 5192/5192/5192
f 5196/5196/5196 5197/5197/5197 5188/5188/5188
f 5198/5198/5198 5196/5196/5196 5190/5190/5190
f 5196/5196/5196 5198/5198/5198 5197/5197/5197
f 5197/5197/5197 5199/5199/5199 5195/5195/5195
f 5199/5199/5199 5197/5197/5197 5198/5198/5198
f 5200/5200/5200 5195/5195/5195 5199/5199/5199
f 5201/5201/5201 5190/5190/5190 5191/5191/5191
f 5190/5190/5190 5201/5201/5201 5198/5198/5198
f 5198/5198/5198 5202/5202/5202 5199/5199/5199
f 5202/5202/5202 5198/5198/5198 5201/5201/5201
f 5199/5199/5199 5203/5203/5203 5200/5200/5200
f 5203/5203/5203 5199/5199/5199 5202/5202/5202
f 5204/5204/5204 5200/5200/5200 5203/5203/5203
f 5201/5201/5201 5191/5191/5191 5205/5205/5205
f 5201/5201/5201 5205/5205/5205 5202/5202/5202
f 5206/5206/5206 5205/5205/5205 5191/5191/5191
f 5202/5202/5202 5207/5207/5207 5203/5203/5203
f 5207/5207/5207 5202/5202/5202 5205/5205/5205
f 5203/5203/5203 5208/5208/5208 5204/5204/5204
f 5208/5208/5208 5203/5203/5203 5207/5207/5207
f 5209/5209/5209 5204/5204/5204 5208/5208/5208
f 5205/5205/5205 5206/5206/5206 5210/5210/5210
f 5205/5205/5205 5210/5210/5210 5207/5207/5207
f 5211/5211/5211 5210/5210/5210 5206/5206/5206
f 5211/5211/5211 5212/5212/5212 5210/5210/5210
f 5213/5213/5213 5210/5210/5210 5212/5212/5212
f 5214/5214/5214 5207/5207/5207 5210/5210/5210
f 5210/5210/5210 5213/5213/5213 5214/5214/5214
f 5207/5207/5207 5214/5214/5214 5208/5208/5208
f 5215/5215/5215 5214/5214/5214 5213/5213/5213
f 5208/5208/5208 5216/5216/5216 5209/5209/5209
f 5216/5216/5216 5208/5208/5208 5214/5214/5214
f 5214/5214/5214 5215/5215/5215 5216/5216/5216
f 5217/5217/5217 5209/5209/5209 5216/5216/5216
f 5218/5218/5218 5216/5216/5216 5215/5215/5215
f 5216/5216/5216 5218/5218/5218 5217/5217/5217
f 5219/5219/5219 5217/5217/5217 5218/5218/5218
f 5222/5222/5222 5221/5221/5221 5220/5220/5220
f 5223/5223/5223 5220/5220/5220 5221/5221/5221
f 5220/5220/5220 5223/5223/5223 5224/5224/5224
f 5223/5223/5223 5221/5221/5221 5225/5225/5225
f 5226/5226/5226 5225/5225/5225 5221/5221/5221
f 5226/5226/5226 5227/5227/5227 5225/5225/5225
f 5228/5228/5228 5224/5224/5224 5223/5223/5223
f 5223/5223/5223 5225/5225/5225 5228/5228/5228
f 5224/5224/5224 5228/5228/5228 5229/5229/5229
f 5230/5230/5230 5225/5225/5225 5227/5227/5227
f 5227/5227/5227 5231/5231/5231 5230/5230/5230
f 5232/5232/5232 5229/5229/5229 5228/5228/5228
f 5229/5229/5229 5232/5232/5232 5233/5233/5233
f 5234/5234/5234 5233/5233/5233 5232/5232/5232
f 5234/5234/5234 5232/5232/5232 5235/5235/5235
f 5236/5236/5236 5228/5228/5228 5225/5225/5225
f 5228/5228/5228 5236/5236/5236 5232/5232/5232
f 5225/5225/5225 5230/5230/5230 5236/5236/5236
f 5237/5237/5237 5235/5235/5235 5232/5232/5232
f 5237/5237/5237 5232/5232/5232 5236/5236/5236
f 5238/5238/5238 5236/5236/5236 5230/5230/5230
f 5236/5236/5236 5238/5238/5238 5237/5237/5237
f 5237/5237/5237 5239/5239/5239 5235/5235/5235
f 5239/5239/5239 5237/5237/5237 5238/5238/5238
f 5240/5240/5240 5235/5235/5235 5239/5239/5239
f 5241/5241/5241 5230/5230/5230 5231/5231/5231
f 5230/5230/5230 5241/5241/5241 5238/5238/5238
f 5238/5238/5238 5242/5242/5242 5239/5239/5239
f 5242/5242/5242 5238/5238/5238 5241/5241/5241
f 5239/5239/5239 5243/5243/5243 5240/5240/5240
f 5243/5243/5243 5239/5239/5239 5242/5242/5242
f 5244/5244/5244 5240/5240/5240 5243/5243/5243
f 5241/5241/5241 5231/5231/5231 5245/5245/5245
f 5241/5241/5241 5245/5245/5245 5242/5242/5242
f 5246/5246/5246 5245/5245/5245 5231/5231/5231
f 5246/5246/5246 5247/5247/5247 5245/5245/5245
f 5242/5242/5242 5248/5248/5248 5243/5243/5243
f 5248/5248/5248 5242/5242/5242 5245/5245/5245
f 5243/5243/5243 5249/5249/5249 5244/5244/5244
f 5249/5249/5249 5243/5243/5243 5248/5248/5248
f 5250/5250/5250 5244/5244/5244 5249/5249/5249
f 5251/5251/5251 5245/5245/5245 5247/5247/5247
f 5245/5245/5245 5251/5251/5251 5248/5248/5248
f 5247/5247/5247 5252/5252/5252 5251/5251/5251
f 5253/5253/5253 5251/5251/5251 5252/5252/5252
f 5254/5254/5254 5248/5248/5248 5251/5251/5251
f 5251/5251/5251 5253/5253/5253 5254/5254/5254
f 5248/5248/5248 5254/5254/5254 5249/5249/5249
f 5255/5255/5255 5254/5254/5254 5253/5253/5253
f 5249/5249/5249 5256/5256/5256 5250/5250/5250
f 5256/5256/5256 5249/5249/5249 5254/5254/5254
f 5254/5254/5254 5255/5255/5255 5256/5256/5256
f 5257/5257/5257 5250/5250/5250 5256/5256/5256
f 5258/5258/5258 5256/5256/5256 5255/5255/5255
f 5256/5256/5256 5258/5258/5258 5257/5257/5257
f 5259/5259/5259 5257/5257/5257 5258/5258/5258
f 5262/5262/5262 5261/5261/5261 5260/5260/5260
f 5263/5263/5263 5260/5260/5260 5261/5261/5261
f 5261/5261/5261 5264/5264/5264 5263/5263/5263
f 5260/5260/5260 5263/5263/5263 5265/5265/5265
f 5266/5266/5266 5263/5263/5263 5264/5264/5264
f 5264/5264/5264 5267/5267/5267 5266/5266/5266
f 5268/5268/5268 5265/5265/5265 5263/5263/5263
f 5263/5263/5263 5266/5266/5266 5268/5268/5268
f 5265/5265/5265 5268/5268/5268 5269/5269/5269
f 5270/5270/5270 5266/5266/5266 5267/5267/5267
f 5267/5267/5267 5271/5271/5271 5270/5270/5270
f 5272/5272/5272 5269/5269/5269 5268/5268/5268
f 5269/5269/5269 5272/5272/5272 5273/5273/5273
f 5274/5274/5274 5273/5273/5273 5272/5272/5272
f 5274/5274/5274 5272/5272/5272 5275/5275/5275
f 5276/5276/5276 5268/5268/5268 5266/5266/5266
f 5266/5266/5266 5270/5270/5270 5276/5276/5276
f 5272/5272/5272 5268/5268/5268 5277/5277/5277
f 5277/5277/5277 5275/5275/5275 5272/5272/5272
f 5276/5276/5276 5277/5277/5277 5268/5268/5268
f 5278/5278/5278 5276/5276/5276 5270/5270/5270
f 5276/5276/5276 5278/5278/5278 5277/5277/5277
f 5277/5277/5277 5279/5279/5279 5275/5275/5275
f 5279/5279/5279 5277/5277/5277 5278/5278/5278
f 5280/5280/5280 5275/5275/5275 5279/5279/5279
f 5281/5281/5281 5270/5270/5270 5271/5271/5271
f 5270/5270/5270 5281/5281/5281 5278/5278/5278
f 5278/5278/5278 5282/5282/5282 5279/5279/5279
f 5282/5282/5282 5278/5278/5278 5281/5281/5281
f 5279/5279/5279 5283/5283/5283 5280/5280/5280
f 5283/5283/5283 5279/5279/5279 5282/5282/5282
f 5284/5284/5284 5280/5280/5280 5283/5283/5283
f 5284/5284/5284 5283/5283/5283 5285/5285/5285
f 5281/5281/5281 5271/5271/5271 5286/5286/5286
f 5281/5281/5281 5286/5286/5286 5282/5282/5282
f 5287/5287/5287 5286/5286/5286 5271/5271/5271
f 5282/5282/5282 5288/5288/5288 5283/5283/5283
f 5288/5288/5288 5282/5282/5282 5286/5286/5286
f 5286/5286/5286 5287/5287/5287 5289/5289/5289
f 5286/5286/5286 5289/5289/5289 5288/5288/5288
f 5290/5290/5290 5289/5289/5289 5287/5287/5287
f 5290/5290/5290 5291/5291/5291 5289/5289/5289
f 5292/5292/5292 5289/5289/5289 5291/5291/5291
f 5289/5289/5289 5292/5292/5292 5293/5293/5293
f 5293/5293/5293 5288/5288/5288 5289/5289/5289
f 5294/5294/5294 5293/5293/5293 5292/5292/5292
f 5295/5295/5295 5283/5283/5283 5288/5288/5288
f 5295/5295/5295 5285/5285/5285 5283/5283/5283
f 5288/5288/5288 5293/5293/5293 5295/5295/5295
f 5293/5293/5293 5294/5294/5294 5296/5296/5296
f 5296/5296/5296 5295/5295/5295 5293/5293/5293
f 5295/5295/5295 5296/5296/5296 5285/5285/5285
f 5297/5297/5297 5296/5296/5296 5294/5294/5294
f 5298/5298/5298 5285/5285/5285 5296/5296/5296
f 5296/5296/5296 5297/5297/5297 5298/5298/5298
f 5299/5299/5299 5298/5298/5298 5297/5297/5297
f 5302/5302/5302 5301/5301/5301 5300/5300/5300
f 5303/5303/5303 5300/5300/5300 5301/5301/5301
f 5300/5300/5300 5303/5303/5303 5304/5304/5304
f 5303/5303/5303 5301/5301/5301 5305/5305/5305
f 5306/5306/5306 5305/5305/5305 5301/5301/5301
f 5306/5306/5306 5307/5307/5307 5305/5305/5305
f 5308/5308/5308 5304/5304/5304 5303/5303/5303
f 5303/5303/5303 5305/5305/5305 5308/5308/5308
f 5304/5304/5304 5308/5308/5308 5309/5309/5309
f 5310/5310/5310 5305/5305/5305 5307/5307/5307
f 5307/5307/5307 5311/5311/5311 5310/5310/5310
f 5312/5312/5312 5309/5309/5309 5308/5308/5308
f 5309/5309/5309 5312/5312/5312 5313/5313/5313
f 5314/5314/5314 5313/5313/5313 5312/5312/5312
f 5314/5314/5314 5312/5312/5312 5315/5315/5315
f 5316/5316/5316 5308/5308/5308 5305/5305/5305
f 5308/5308/5308 5316/5316/5316 5312/5312/5312
f 5305/5305/5305 5310/5310/5310 5316/5316/5316
f 5317/5317/5317 5315/5315/5315 5312/5312/5312
f 5317/5317/5317 5312/5312/5312 5316/5316/5316
f 5318/5318/5318 5316/5316/5316 5310/5310/5310
f 5316/5316/5316 5318/5318/5318 5317/5317/5317
f 5317/5317/5317 5319/5319/5319 5315/5315/5315
f 5319/5319/5319 5317/5317/5317 5318/5318/5318
f 5320/5320/5320 5315/5315/5315 5319/5319/5319
f 5321/5321/5321 5310/5310/5310 5311/5311/5311
f 5310/5310/5310 5321/5321/5321 5318/5318/5318
f 5318/5318/5318 5322/5322/5322 5319/5319/5319
f 5322/5322/5322 5318/5318/5318 5321/5321/5321
f 5319/5319/5319 5323/5323/5323 5320/5320/5320
f 5323/5323/5323 5319/5319/5319 5322/5322/5322
f 5324/5324/5324 5320/5320/5320 5323/5323/5323
f 5321/5321/5321 5311/5311/5311 5325/5325/5325
f 5321/5321/5321 5325/5325/5325 5322/5322/5322
f 5326/5326/5326 5325/5325/5325 5311/5311/5311
f 5322/5322/5322 5327/5327/5327 5323/5323/5323
f 5327/5327/5327 5322/5322/5322 5325/5325/5325
f 5323/5323/5323 5328/5328/5328 5324/5324/5324
f 5328/5328/5328 5323/5323/5323 5327/5327/5327
f 5329/5329/5329 5324/5324/5324 5328/5328/5328
f 5325/5325/5325 5326/5326/5326 5330/5330/5330
f 5325/5325/5325 5330/5330/5330 5327/5327/5327
f 5331/5331/5331 5330/5330/5330 5326/5326/5326
f 5331/5331/5331 5332/5332/5332 5330/5330/5330
f 5333/5333/5333 5330/5330/5330 5332/5332/5332
f 5334/5334/5334 5327/5327/5327 5330/5330/5330
f 5330/5330/5330 5333/5333/5333 5334/5334/5334
f 5327/5327/5327 5334/5334/5334 5328/5328/5328
f 5335/5335/5335 5334/5334/5334 5333/5333/5333
f 5328/5328/5328 5336/5336/5336 5329/5329/5329
f 5336/5336/5336 5328/5328/5328 5334/5334/5334
f 5334/5334/5334 5335/5335/5335 5336/5336/5336
f 5337/5337/5337 5329/5329/5329 5336/5336/5336
f 5338/5338/5338 5336/5336/5336 5335/5335/5335
f 5336/5336/5336 5338/5338/5338 5337/5337/5337
f 5339/5339/5339 5337/5337/5337 5338/5338/5338
f 5342/5342/5342 5341/5341/5341 5340/5340/5340
f 5343/5343/5343 5340/5340/5340 5341/5341/5341
f 5341/5341/5341 5344/5344/5344 5343/5343/5343
f 5340/5340/5340 5343/5343/5343 5345/5345/5345
f 5346/5346/5346 5343/5343/5343 5344/5344/5344
f 5344/5344/5344 5347/5347/5347 5346/5346/5346
f 5348/5348/5348 5345/5345/5345 5343/5343/5343
f 5343/5343/5343 5346/5346/5346 5348/5348/5348
f 5345/5345/5345 5348/5348/5348 5349/5349/5349
f 5350/5350/5350 5346/5346/5346 5347/5347/5347
f 5347/5347/5347 5351/5351/5351 5350/5350/5350
f 5352/5352/5352 5349/5349/5349 5348/5348/5348
f 5349/5349/5349 5352/5352/5352 5353/5353/5353
f 5354/5354/5354 5353/5353/5353 5352/5352/5352
f 5354/5354/5354 5352/5352/5352 5355/5355/5355
f 5356/5356/5356 5348/5348/5348 5346/5346/5346
f 5346/5346/5346 5350/5350/5350 5356/5356/5356
f 5352/5352/5352 5348/5348/5348 5357/5357/5357
f 5357/5357/5357 5355/5355/5355 5352/5352/5352
f 5356/5356/5356 5357/5357/5357 5348/5348/5348
f 5358/5358/5358 5356/5356/5356 5350/5350/5350
f 5356/5356/5356 5358/5358/5358 5357/5357/5357
f 5357/5357/5357 5359/5359/5359 5355/5355/5355
f 5359/5359/5359 5357/5357/5357 5358/5358/5358
f 5360/5360/5360 5355/5355/5355 5359/5359/5359
f 5361/5361/5361 5350/5350/5350 5351/5351/5351
f 5350/5350/5350 5361/5361/5361 5358/5358/5358
f 5358/5358/5358 5362/5362/5362 5359/5359/5359
f 5362/5362/5362 5358/5358/5358 5361/5361/5361
f 5359/5359/5359 5363/5363/5363 5360/5360/5360
f 5363/5363/5363 5359/5359/5359 5362/5362/5362
f 5364/5364/5364 5360/5360/5360 5363/5363/5363
f 5361/5361/5361 5351/5351/5351 5365/5365/5365
f 5361/5361/5361 5365/5365/5365 5362/5362/5362
f 5366/5366/5366 5365/5365/5365 5351/5351/5351
f 5362/5362/5362 5367/5367/5367 5363/5363/5363
f 5367/5367/5367 5362/5362/5362 5365/5365/5365
f 5363/5363/5363 5368/5368/5368 5364/5364/5364
f 5368/5368/5368 5363/5363/5363 5367/5367/5367
f 5369/5369/5369 5364/5364/5364 5368/5368/5368
f 5365/5365/5365 5366/5366/5366 5370/5370/5370
f 5365/5365/5365 5370/5370/5370 5367/5367/5367
f 5371/5371/5371 5370/5370/5370 5366/5366/5366
f 5371/5371/5371 5372/5372/5372 5370/5370/5370
f 5373/5373/5373 5370/5370/5370 5372/5372/5372
f 5374/5374/5374 5367/5367/5367 5370/5370/5370
f 5370/5370/5370 5373/5373/5373 5374/5374/5374
f 5367/5367/5367 5374/5374/5374 5368/5368/5368
f 5375/5375/5375 5374/5374/5374 5373/5373/5373
f 5368/5368/5368 5376/5376/5376 5369/5369/5369
f 5376/5376/5376 5368/5368/5368 5374/5374/5374
f 5374/5374/5374 5375/5375/5375 5376/5376/5376
f 5377/5377/5377 5369/5369/5369 5376/5376/5376
f 5378/5378/5378 5376/5376/5376 5375/5375/5375
f 5376/5376/5376 5378/5378/5378 5377/5377/5377
f 5379/5379/5379 5377/5377/5377 5378/5378/5378
f 5382/5382/5382 5381/5381/5381 5380/5380/5380
f 5383/5383/5383 5380/5380/5380 5381/5381/5381
f 5380/5380/5380 5383/5383/5383 5384/5384/5384
f 5383/5383/5383 5381/5381/5381 5385/5385/5385
f 5386/5386/5386 5385/5385/5385 5381/5381/5381
f 5386/5386/5386 5387/5387/5387 5385/5385/5385
f 5388/5388/5388 5384/5384/5384 5383/5383/5383
f 5383/5383/5383 5385/5385/5385 5388/5388/5388
f 5384/5384/5384 5388/5388/5388 5389/5389/5389
f 5390/5390/5390 5385/5385/5385 5387/5387/5387
f 5387/5387/5387 5391/5391/5391 5390/5390/5390
f 5392/5392/5392 5389/5389/5389 5388/5388/5388
f 5389/5389/5389 5392/5392/5392 5393/5393/5393
f 5394/5394/5394 5393/5393/5393 5392/5392/5392
f 5394/5394/5394 5392/5392/5392 5395/5395/5395
f 5396/5396/5396 5388/5388/5388 5385/5385/5385
f 5388/5388/5388 5396/5396/5396 5392/5392/5392
f 5385/5385/5385 5390/5390/5390 5396/5396/5396
f 5397/5397/5397 5395/5395/5395 5392/5392/5392
f 5397/5397/5397 5392/5392/5392 5396/5396/5396
f 5398/5398/5398 5396/5396/5396 5390/5390/5390
f 5396/5396/5396 5398/5398/5398 5397/5397/5397
f 5397/5397/5397 5399/5399/5399 5395/5395/5395
f 5399/5399/5399 5397/5397/5397 5398/5398/5398
f 5400/5400/5400 5395/5395/5395 5399/5399/5399
f 5401/5401/5401 5390/5390/5390 5391/5391/5391
f 5390/5390/5390 5401/5401/5401 5398/5398/5398
f 5398/5398/5398 5402/5402/5402 5399/5399/5399
f 5402/5402/5402 5398/5398/5398 5401/5401/5401
f 5399/5399/5399 5403/5403/5403 5400/5400/5400
f 5403/5403/5403 5399/5399/5399 5402/5402/5402
f 5404/5404/5404 5400/5400/5400 5403/5403/5403
f 5401/5401/5401 5391/5391/5391 5405/5405/5405
f 5401/5401/5401 5405/5405/5405 5402/5402/5402
f 5406/5406/5406 5405/5405/5405 5391/5391/5391
f 5402/5402/5402 5407/5407/5407 5403/5403/5403
f 5407/5407/5407 5402/5402/5402 5405/5405/5405
f 5403/5403/5403 5408/5408/5408 5404/5404/5404
f 5408/5408/5408 5403/5403/5403 5407/5407/5407
f 5409/5409/5409 5404/5404/5404 5408/5408/5408
f 5405/5405/5405 5406/5406/5406 5410/5410/5410
f 5405/5405/5405 5410/5410/5410 5407/5407/5407
f 5411/5411/5411 5410/5410/5410 5406/5406/5406
f 5411/5411/5411 5412/5412/5412 5410/5410/5410
f 5413/5413/5413 5410/5410/5410 5412/5412/5412
f 5414/5414/5414 5407/5407/5407 5410/5410/5410
f 5410/5410/5410 5413/5413/5413 5414/5414/5414
f 5407/5407/5407 5414/5414/5414 5408/5408/5408
f 5415/5415/5415 5414/5414/5414 5413/5413/5413
f 5408/5408/5408 5416/5416/5416 5409/5409/5409
f 5416/5416/5416 5408/5408/5408 5414/5414/5414
f 5414/5414/5414 5415/5415/5415 5416/5416/5416
f 5417/5417/5417 5409/5409/5409 5416/5416/5416
f 5418/5418/5418 5416/5416/5416 5415/5415/5415
f 5416/5416/5416 5418/5418/5418 5417/5417/5417
f 5419/5419/5419 5417/5417/5417 5418/5418/5418
f 5422/5422/5422 5421/5421/5421 5420/5420/5420
f 5423/5423/5423 5420/5420/5420 5421/5421/5421
f 5421/5421/5421 5424/5424/5424 5423/5423/5423
f 5420/5420/5420 5423/5423/5423 5425/5425/5425
f 5426/5426/5426 5423/5423/5423 5424/5424/5424
f 5424/5424/5424 5427/5427/5427 5426/5426/5426
f 5428/5428/5428 5425/5425/5425 5423/5423/5423
f 5423/5423/5423 5426/5426/5426 5428/5428/5428
f 5425/5425/5425 5428/5428/5428 5429/5429/5429
f 5430/5430/5430 5426/5426/5426 5427/5427/5427
f 5427/5427/5427 5431/5431/5431 5430/5430/5430
f 5432/5432/5432 5429/5429/5429 5428/5428/5428
f 5429/5429/5429 5432/5432/5432 5433/5433/5433
f 5434/5434/5434 5433/5433/5433 5432/5432/5432
f 5434/5434/5434 5432/5432/5432 5435/5435/5435
f 5436/5436/5436 5428/5428/5428 5426/5426/5426
f 5426/5426/5426 5430/5430/5430 5436/5436/5436
f 5432/5432/5432 5428/5428/5428 5437/5437/5437
f 5437/5437/5437 5435/5435/5435 5432/5432/5432
f 5436/5436/5436 5437/5437/5437 5428/5428/5428
f 5438/5438/5438 5436/5436/5436 5430/5430/5430
f 5436/5436/5436 5438/5438/5438 5437/5437/5437
f 5437/5437/5437 5439/5439/5439 5435/5435/5435
f 5439/5439/5439 5437/5437/5437 5438/5438/5438
f 5440/5440/5440 5435/5435/5435 5439/5439/5439
f 5441/5441/5441 5430/5430/5430 5431/5431/5431
f 5430/5430/5430 5441/5441/5441 5438/5438/5438
f 5438/5438/5438 5442/5442/5442 5439/5439/5439
f 5442/5442/5442 5438/5438/5438 5441/5441/5441
f 5439/5439/5439 5443/5443/5443 5440/5440/5440
f 5443/5443/5443 5439/5439/5439 5442/5442/5442
f 5444/5444/5444 5440/5440/5440 5443/5443/5443
f 5441/5441/5441 5431/5431/5431 5445/5445/5445
f 5441/5441/5441 5445/5445/5445 5442/5442/5442
f 5446/5446/5446 5445/5445/5445 5431/5431/5431
f 5442/5442/5442 5447/5447/5447 5443/5443/5443
f 5447/5447/5447 5442/5442/5442 5445/5445/5445
f 5443/5443/5443 5448/5448/5448 5444/5444/5444
f 5448/5448/5448 5443/5443/5443 5447/5447/5447
f 5449/5449/5449 5444/5444/5444 5448/5448/5448
f 5445/5445/5445 5446/5446/5446 5450/5450/5450
f 5445/5445/5445 5450/5450/5450 5447/5447/5447
f 5451/5451/5451 5450/5450/5450 5446/5446/5446
f 5451/5451/5451 5452/5452/5452 5450/5450/5450
f 5453/5453/5453 5450/5450/5450 5452/5452/5452
f 5454/5454/5454 5447/5447/5447 5450/5450/5450
f 5450/5450/5450 5453/5453/5453 5454/5454/5454
f 5447/5447/5447 5454/5454/5454 5448/5448/5448
f 5455/5455/5455 5454/5454/5454 5453/5453/5453
f 5448/5448/5448 5456/5456/5456 5449/5449/5449
f 5456/5456/5456 5448/5448/5448 5454/5454/5454
f 5454/5454/5454 5455/5455/5455 5456/5456/5456
f 5457/5457/5457 5449/5449/5449 5456/5456/5456
f 5458/5458/5458 5456/5456/5456 5455/5455/5455
f 5456/5456/5456 5458/5458/5458 5457/5457/5457
f 5459/5459/5459 5457/5457/5457 5458/5458/5458
f 5462/5462/5462 5461/5461/5461 5460/5460/5460
f 5463/5463/5463 5460/5460/5460 5461/5461/5461
f 5460/5460/5460 5463/5463/5463 5464/5464/5464
f 5463/5463/5463 5461/5461/5461 5465/5465/5465
f 5466/5466/5466 5465/5465/5465 5461/5461/5461
f 5466/5466/5466 5467/5467/5467 5465/5465/5465
f 5468/5468/5468 5464/5464/5464 5463/5463/5463
f 5463/5463/5463 5465/5465/5465 5468/5468/5468
f 5464/5464/5464 5468/5468/5468 5469/5469/5469
f 5470/5470/5470 5465/5465/5465 5467/5467/5467
f 5467/5467/5467 5471/5471/5471 5470/5470/5470
f 5472/5472/5472 5469/5469/5469 5468/5468/5468
f 5469/5469/5469 5472/5472/5472 5473/5473/5473
f 5474/5474/5474 5473/5473/5473 5472/5472/5472
f 5474/5474/5474 5472/5472/5472 5475/5475/5475
f 5476/5476/5476 5468/5468/5468 5465/5465/5465
f 5468/5468/5468 5476/5476/5476 5472/5472/5472
f 5465/5465/5465 5470/5470/5470 5476/5476/5476
f 5477/5477/5477 5475/5475/5475 5472/5472/5472
f 5477/5477/5477 5472/5472/5472 5476/5476/5476
f 5478/5478/5478 5476/5476/5476 5470/5470/5470
f 5476/5476/5476 5478/5478/5478 5477/5477/5477
f 5477/5477/5477 5479/5479/5479 5475/5475/5475
f 5479/5479/5479 5477/5477/5477 5478/5478/5478
f 5480/5480/5480 5475/5475/5475 5479/5479/5479
f 5481/5481/5481 5470/5470/5470 5471/5471/5471
f 5470/5470/5470 5481/5481/5481 5478/5478/5478
f 5478/5478/5478 5482/5482/5482 5479/5479/5479
f 5482/5482/5482 5478/5478/5478 5481/5481/5481
f 5479/5479/5479 5483/5483/5483 5480/5480/5480
f 5483/5483/5483 5479/5479/5479 5482/5482/5482
f 5484/5484/5484 5480/5480/5480 5483/5483/5483
f 5481/5481/5481 5471/5471/5471 5485/5485/5485
f 5481/5481/5481 5485/5485/5485 5482/5482/5482
f 5486/5486/5486 5485/5485/5485 5471/5471/5471
f 5482/5482/5482 5487/5487/5487 5483/5483/5483
f 5487/5487/5487 5482/5482/5482 5485/5485/5485
f 5483/5483/5483 5488/5488/5488 5484/5484/5484
f 5488/5488/5488 5483/5483/5483 5487/5487/5487
f 5489/5489/5489 5484/5484/5484 5488/5488/5488
f 5485/5485/5485 5486/5486/5486 5490/5490/5490
f 5485/5485/5485 5490/5490/5490 5487/5487/5487
f 5491/5491/5491 5490/5490/5490 5486/5486/5486
f 5491/5491/5491 5492/5492/5492 5490/5490/5490
f 5493/5493/5493 5490/5490/5490 5492/5492/5492
f 5494/5494/5494 5487/5487/5487 5490/5490/5490
f 5490/5490/5490 5493/5493/5493 5494/5494/5494
f 5487/5487/5487 5494/5494/5494 5488/5488/5488
f 5495/5495/5495 5494/5494/5494 5493/5493/5493
f 5488/5488/5488 5496/5496/5496 5489/5489/5489
f 5496/5496/5496 5488/5488/5488 5494/5494/5494
f 5494/5494/5494 5495/5495/5495 5496/5496/5496
f 5497/5497/5497 5489/5489/5489 5496/5496/5496
f 5498/5498/5498 5496/5496/5496 5495/5495/5495
f 5496/5496/5496 5498/5498/5498 5497/5497/5497
f 5499/5499/5499 5497/5497/5497 5498/5498/5498
f 5502/5502/5502 5501/5501/5501 5500/5500/5500
f 5503/5503/5503 5500/5500/5500 5501/5501/5501
f 5501/5501/5501 5504/5504/5504 5503/5503/5503
f 5500/5500/5500 5503/5503/5503 5505/5505/5505
f 5506/5506/5506 5503/5503/5503 5504/5504/5504
f 5504/5504/5504 5507/5507/5507 5506/5506/5506
f 5508/5508/5508 5505/5505/5505 5503/5503/5503
f 5503/5503/5503 5506/5506/5506 5508/5508/5508
f 5505/5505/5505 5508/5508/5508 5509/5509/5509
f 5510/5510/5510 5506/5506/5506 5507/5507/5507
f 5507/5507/5507 5511/5511/5511 5510/5510/5510
f 5512/5512/5512 5509/5509/5509 5508/5508/5508
f 5509/5509/5509 5512/5512/5512 5513/5513/5513
f 5514/5514/5514 5513/5513/5513 5512/5512/5512
f 5514/5514/5514 5512/5512/5512 5515/5515/5515
f 5516/5516/5516 5508/5508/5508 5506/5506/5506
f 5506/5506/5506 5510/5510/5510 5516/5516/5516
f 5512/5512/5512 5508/5508/5508 5517/5517/5517
f 5517/5517/5517 5515/5515/5515 5512/5512/5512
f 5516/5516/5516 5517/5517/5517 5508/5508/5508
f 5518/5518/5518 5516/5516/5516 5510/5510/5510
f 5516/5516/5516 5518/5518/5518 5517/5517/5517
f 5517/5517/5517 5519/5519/5519 5515/5515/5515
f 5519/5519/5519 5517/5517/5517 5518/5518/5518
f 5520/5520/5520 5515/5515/5515 5519/5519/5519
f 5521/5521/5521 5510/5510/5510 5511/5511/5511
f 5510/5510/5510 5521/5521/5521 5518/5518/5518
f 5518/5518/5518 5522/5522/5522 5519/5519/5519
f 5522/5522/5522 5518/5518/5518 5521/5521/5521
f 5519/5519/5519 5523/5523/5523 5520/5520/5520
f 5523/5523/5523 5519/5519/5519 5522/5522/5522
f 5524/5524/5524 5520/5520/5520 5523/5523/5523
f 5521/5521/5521 5511/5511/5511 5525/5525/5525
f 5521/5521/5521 5525/5525/5525 5522/5522/5522
f 5526/5526/5526 5525/5525/5525 5511/5511/5511
f 5522/5522/5522 5527/5527/5527 5523/5523/5523
f 5527/5527/5527 5522/5522/5522 5525/5525/5525
f 5523/5523/5523 5528/5528/5528 5524/5524/5524
f 5528/5528/5528 5523/5523/5523 5527/5527/5527
f 5529/5529/5529 5524/5524/5524 5528/5528/5528
f 5525/5525/5525 5526/5526/5526 5530/5530/5530
f 5525/5525/5525 5530/5530/5530 5527/5527/5527
f 5531/5531/5531 5530/5530/5530 5526/5526/5526
f 5531/5531/5531 5532/5532/5532 5530/5530/5530
f 5533/5533/5533 5530/5530/5530 5532/5532/5532
f 5534/5534/5534 5527/5527/5527 5530/5530/5530
f 5530/5530/5530 5533/5533/5533 5534/5534/5534
f 5527/5527/5527 5534/5534/5534 5528/5528/5528
f 5535/5535/5535 5534/5534/5534 5533/5533/5533
f 5528/5528/5528 5536/5536/5536 5529/5529/5529
f 5536/5536/5536 5528/5528/5528 5534/5534/5534
f 5534/5534/5534 5535/5535/5535 5536/5536/5536
f 5537/5537/5537 5529/5529/5529 5536/5536/5536
f 5538/5538/5538 5536/5536/5536 5535/5535/5535
f 5536/5536/5536 5538/5538/5538 5537/5537/5537
f 5539/5539/5539 5537/5537/5537 5538/5538/5538
f 5542/5542/5542 5541/5541/5541 5540/5540/5540
f 5543/5543/5543 5540/5540/5540 5541/5541/5541
f 5540/5540/5540 5543/5543/5543 5544/5544/5544
f 5543/5543/5543 5541/5541/5541 5545/5545/5545
f 5546/5546/5546 5545/5545/5545 5541/5541/5541
f 5546/5546/5546 5547/5547/5547 5545/5545/5545
f 5548/5548/5548 5544/5544/5544 5543/5543/5543
f 5543/5543/5543 5545/5545/5545 5548/5548/5548
f 5544/5544/5544 5548/5548/5548 5549/5549/5549
f 5550/5550/5550 5545/5545/5545 5547/5547/5547
f 5547/5547/5547 5551/5551/5551 5550/5550/5550
f 5552/5552/5552 5549/5549/5549 5548/5548/5548
f 5549/5549/5549 5552/5552/5552 5553/5553/5553
f 5554/5554/5554 5553/5553/5553 5552/5552/5552
f 5554/5554/5554 5552/5552/5552 5555/5555/5555
f 5556/5556/5556 5548/5548/5548 5545/5545/5545
f 5548/5548/5548 5556/5556/5556 5552/5552/5552
f 5545/5545/5545 5550/5550/5550 5556/5556/5556
f 5557/5557/5557 5555/5555/5555 5552/5552/5552
f 5557/5557/5557 5552/5552/5552 5556/5556/5556
f 5558/5558/5558 5556/5556/5556 5550/5550/5550
f 5556/5556/5556 5558/5558/5558 5557/5557/5557
f 5557/5557/5557 5559/5559/5559 5555/5555/5555
f 5559/5559/5559 5557/5557/5557 5558/5558/5558
f 5560/5560/5560 5555/5555/5555 5559/5559/5559
f 5561/5561/5561 5550/5550/5550 5551/5551/5551
f 5550/5550/5550 5561/5561/5561 5558/5558/5558
f 5558/5558/5558 5562/5562/5562 5559/5559/5559
f 5562/5562/5562 5558/5558/5558 5561/5561/5561
f 5559/5559/5559 5563/5563/5563 5560/5560/5560
f 5563/5563/5563 5559/5559/5559 5562/5562/5562
f 5564/5564/5564 5560/5560/5560 5563/5563/5563
f 5561/5561/5561 5551/5551/5551 5565/5565/5565
f 5561/5561/5561 5565/5565/5565 5562/5562/5562
f 5566/5566/5566 5565/5565/5565 5551/5551/5551
f 5562/5562/5562 5567/5567/5567 5563/5563/5563
f 5567/5567/5567 5562/5562/5562 5565/5565/5565
f 5563/5563/5563 5568/5568/5568 5564/5564/5564
f 5568/5568/5568 5563/5563/5563 5567/5567/5567
f 5569/5569/5569 5564/5564/5564 5568/5568/5568
f 5565/5565/5565 5566/5566/5566 5570/5570/5570
f 5565/5565/5565 5570/5570/5570 5567/5567/5567
f 5571/5571/5571 5570/5570/5570 5566/5566/5566
f 5571/5571/5571 5572/5572/5572 5570/5570/5570
f 5573/5573/5573 5570/5570/5570 5572/5572/5572
f 5574/5574/5574 5567/5567/5567 5570/5570/5570
f 5570/5570/5570 5573/5573/5573 5574/5574/5574
f 5567/5567/5567 5574/5574/5574 5568/5568/5568
f 5575/5575/5575 5574/5574/5574 5573/5573/5573
f 5568/5568/5568 5576/5576/5576 5569/5569/5569
f 5576/5576/5576 5568/5568/5568 5574/5574/5574
f 5574/5574/5574 5575/5575/5575 5576/5576/5576
f 5577/5577/5577 5569/5569/5569 5576/5576/5576
f 5578/5578/5578 5576/5576/5576 5575/5575/5575
f 5576/5576/5576 5578/5578/5578 5577/5577/5577
f 5579/5579/5579 5577/5577/5577 5578/5578/5578
f 5582/5582/5582 5581/5581/5581 5580/5580/5580
f 5583/5583/5583 5580/5580/5580 5581/5581/5581
f 5581/5581/5581 5584/5584/5584 5583/5583/5583
f 5580/5580/5580 5583/5583/5583 5585/5585/5585
f 5586/5586/5586 5583/5583/5583 5584/5584/5584
f 5584/5584/5584 5587/5587/5587 5586/5586/5586
f 5588/5588/5588 5585/5585/5585 5583/5583/5583
f 5583/5583/5583 5586/5586/5586 5588/5588/5588
f 5585/5585/5585 5588/5588/5588 5589/5589/5589
f 5590/5590/5590 5586/5586/5586 5587/5587/5587
f 5587/5587/5587 5591/5591/5591 5590/5590/5590
f 5592/5592/5592 5589/5589/5589 5588/5588/5588
f 5589/5589/5589 5592/5592/5592 5593/5593/5593
f 5594/5594/5594 5593/5593/5593 5592/5592/5592
f 5594/5594/5594 5592/5592/5592 5595/5595/5595
f 5596/5596/5596 5588/5588/5588 5586/5586/5586
f 5586/5586/5586 5590/5590/5590 5596/5596/5596
f 5592/5592/5592 5588/5588/5588 5597/5597/5597
f 5597/5597/5597 5595/5595/5595 5592/5592/5592
f 5596/5596/5596 5597/5597/5597 5588/5588/5588
f 5598/5598/5598 5596/5596/5596 5590/5590/5590
f 5596/5596/5596 5598/5598/5598 5597/5597/5597
f 5597/5597/5597 5599/5599/5599 5595/5595/5595
f 5599/5599/5599 5597/5597/5597 5598/5598/5598
f 5600/5600/5600 5595/5595/5595 5599/5599/5599
f 5601/5601/5601 5590/5590/5590 5591/5591/5591
f 5590/5590/5590 5601/5601/5601 5598/5598/5598
f 5598/5598/5598 5602/5602/5602 5599/5599/5599
f 5602/5602/5602 5598/5598/5598 5601/5601/5601
f 5599/5599/5599 5603/5603/5603 5600/5600/5600
f 5603/5603/5603 5599/5599/5599 5602/5602/5602
f 5604/5604/5604 5600/5600/5600 5603/5603/5603
f 5601/5601/5601 5591/5591/5591 5605/5605/5605
f 5601/5601/5601 5605/5605/5605 5602/5602/5602
f 5606/5606/5606 5605/5605/5605 5591/5591/5591
f 5602/5602/5602 5607/5607/5607 5603/5603/5603
f 5607/5607/5607 5602/5602/5602 5605/5605/5605
f 5603/5603/5603 5608/5608/5608 5604/5604/5604
f 5608/5608/5608 5603/5603/5603 5607/5607/5607
f 5609/5609/5609 5604/5604/5604 5608/5608/5608
f 5605/5605/5605 5606/5606/5606 5610/5610/5610
f 5605/5605/5605 5610/5610/5610 5607/5607/5607
f 5611/5611/5611 5610/5610/5610 5606/5606/5606
f 5611/5611/5611 5612/5612/5612 5610/5610/5610
f 5613/5613/5613 5610/5610/5610 5612/5612/5612
f 5614/5614/5614 5607/5607/5607 5610/5610/5610
f 5610/5610/5610 5613/5613/5613 5614/5614/5614
f 5607/5607/5607 5614/5614/5614 5608/5608/5608
f 5615/5615/5615 5614/5614/5614 5613/5613/5613
f 5608/5608/5608 5616/5616/5616 5609/5609/5609
f 5616/5616/5616 5608/5608/5608 5614/5614/5614
f 5614/5614/5614 5615/5615/5615 5616/5616/5616
f 5617/5617/5617 5609/5609/5609 5616/5616/5616
f 5618/5618/5618 5616/5616/5616 5615/5615/5615
f 5616/5616/5616 5618/5618/5618 5617/5617/5617
f 5619/5619/5619 5617/5617/5617 5618/5618/5618
f 5622/5622/5622 5621/5621/5621 5620/5620/5620
f 5623/5623/5623 5620/5620/5620 5621/5621/5621
f 5621/5621/5621 5624/5624/5624 5623/5623/5623
f 5623/5623/5623 5625/5625/5625 5620/5620/5620
f 5626/5626/5626 5620/5620/5620 5625/5625/5625
f 5626/5626/5626 5625/5625/5625 5627/5627/5627
f 5628/5628/5628 5623/5623/5623 5624/5624/5624
f 5624/5624/5624 5629/5629/5629 5628/5628/5628
f 5625/5625/5625 5623/5623/5623 5630/5630/5630
f 5628/5628/5628 5630/5630/5630 5623/5623/5623
f 5631/5631/5631 5627/5627/5627 5625/5625/5625
f 5630/5630/5630 5632/5632/5632 5625/5625/5625
f 5631/5631/5631 5625/5625/5625 5632/5632/5632
f 5631/5631/5631 5633/5633/5633 5627/5627/5627
f 5634/5634/5634 5627/5627/5627 5633/5633/5633
f 5634/5634/5634 5633/5633/5633 5635/5635/5635
f 5632/5632/5632 5636/5636/5636 5631/5631/5631
f 5633/5633/5633 5631/5631/5631 5636/5636/5636
f 5637/5637/5637 5635/5635/5635 5633/5633/5633
f 5635/5635/5635 5637/5637/5637 5638/5638/5638
f 5639/5639/5639 5638/5638/5638 5637/5637/5637
f 5637/5637/5637 5633/5633/5633 5640/5640/5640
f 5637/5637/5637 5640/5640/5640 5639/5639/5639
f 5636/5636/5636 5640/5640/5640 5633/5633/5633
f 5641/5641/5641 5639/5639/5639 5640/5640/5640
f 5640/5640/5640 5642/5642/5642 5641/5641/5641
f 5640/5640/5640 5636/5636/5636 5642/5642/5642
f 5643/5643/5643 5641/5641/5641 5642/5642/5642
f 5643/5643/5643 5642/5642/5642 5644/5644/5644
f 5636/5636/5636 5632/5632/5632 5645/5645/5645
f 5645/5645/5645 5642/5642/5642 5636/5636/5636
f 5646/5646/5646 5644/5644/5644 5642/5642/5642
f 5642/5642/5642 5645/5645/5645 5646/5646/5646
f 5647/5647/5647 5645/5645/5645 5632/5632/5632
f 5632/5632/5632 5630/5630/5630 5647/5647/5647
f 5646/5646/5646 5648/5648/5648 5644/5644/5644
f 5649/5649/5649 5644/5644/5644 5648/5648/5648
f 5649/5649/5649 5648/5648/5648 5650/5650/5650
f 5651/5651/5651 5646/5646/5646 5645/5645/5645
f 5645/5645/5645 5647/5647/5647 5651/5651/5651
f 5646/5646/5646 5651/5651/5651 5648/5648/5648
f 5652/5652/5652 5647/5647/5647 5630/5630/5630
f 5630/5630/5630 5628/5628/5628 5652/5652/5652
f 5653/5653/5653 5651/5651/5651 5647/5647/5647
f 5647/5647/5647 5652/5652/5652 5653/5653/5653
f 5654/5654/5654 5648/5648/5648 5651/5651/5651
f 5651/5651/5651 5653/5653/5653 5654/5654/5654
f 5655/5655/5655 5650/5650/5650 5648/5648/5648
f 5648/5648/5648 5654/5654/5654 5655/5655/5655
f 5656/5656/5656 5652/5652/5652 5628/5628/5628
f 5656/5656/5656 5628/5628/5628 5629/5629/5629
f 5652/5652/5652 5656/5656/5656 5657/5657/5657
f 5657/5657/5657 5653/5653/5653 5652/5652/5652
f 5656/5656/5656 5629/5629/5629 5658/5658/5658
f 5658/5658/5658 5657/5657/5657 5656/5656/5656
f 5659/5659/5659 5658/5658/5658 5629/5629/5629
f 5659/5659/5659 5660/5660/5660 5658/5658/5658
f 5658/5658/5658 5661/5661/5661 5657/5657/5657
f 5661/5661/5661 5658/5658/5658 5660/5660/5660
f 5657/5657/5657 5662/5662/5662 5653/5653/5653
f 5662/5662/5662 5657/5657/5657 5661/5661/5661
f 5663/5663/5663 5654/5654/5654 5653/5653/5653
f 5663/5663/5663 5653/5653/5653 5662/5662/5662
f 5661/5661/5661 5660/5660/5660 5664/5664/5664
f 5665/5665/5665 5664/5664/5664 5660/5660/5660
f 5665/5665/5665 5666/5666/5666 5664/5664/5664
f 5654/5654/5654 5663/5663/5663 5667/5667/5667
f 5667/5667/5667 5655/5655/5655 5654/5654/5654
f 5663/5663/5663 5662/5662/5662 5668/5668/5668
f 5668/5668/5668 5667/5667/5667 5663/5663/5663
f 5662/5662/5662 5661/5661/5661 5669/5669/5669
f 5664/5664/5664 5669/5669/5669 5661/5661/5661
f 5669/5669/5669 5668/5668/5668 5662/5662/5662
f 5670/5670/5670 5664/5664/5664 5666/5666/5666
f 5664/5664/5664 5670/5670/5670 5669/5669/5669
f 5669/5669/5669 5671/5671/5671 5668/5668/5668
f 5671/5671/5671 5669/5669/5669 5670/5670/5670
f 5668/5668/5668 5672/5672/5672 5667/5667/5667
f 5672/5672/5672 5668/5668/5668 5671/5671/5671
f 5667/5667/5667 5673/5673/5673 5655/5655/5655
f 5673/5673/5673 5667/5667/5667 5672/5672/5672
f 5670/5670/5670 5666/5666/5666 5674/5674/5674
f 5675/5675/5675 5674/5674/5674 5666/5666/5666
f 5675/5675/5675 5676/5676/5676 5674/5674/5674
f 5671/5671/5671 5670/5670/5670 5677/5677/5677
f 5674/5674/5674 5677/5677/5677 5670/5670/5670
f 5678/5678/5678 5674/5674/5674 5676/5676/5676
f 5674/5674/5674 5678/5678/5678 5677/5677/5677
f 5676/5676/5676 5679/5679/5679 5678/5678/5678
f 5680/5680/5680 5678/5678/5678 5679/5679/5679
f 5680/5680/5680 5681/5681/5681 5678/5678/5678
f 5682/5682/5682 5678/5678/5678 5681/5681/5681
f 5682/5682/5682 5677/5677/5677 5678/5678/5678
f 5681/5681/5681 5683/5683/5683 5682/5682/5682
f 5677/5677/5677 5684/5684/5684 5671/5671/5671
f 5677/5677/5677 5682/5682/5682 5684/5684/5684
f 5672/5672/5672 5671/5671/5671 5684/5684/5684
f 5685/5685/5685 5682/5682/5682 5683/5683/5683
f 5685/5685/5685 5684/5684/5684 5682/5682/5682
f 5683/5683/5683 5686/5686/5686 5685/5685/5685
f 5687/5687/5687 5685/5685/5685 5686/5686/5686
f 5685/5685/5685 5687/5687/5687 5684/5684/5684
f 5686/5686/5686 5688/5688/5688 5687/5687/5687
f 5684/5684/5684 5689/5689/5689 5672/5672/5672
f 5689/5689/5689 5684/5684/5684 5687/5687/5687
f 5673/5673/5673 5672/5672/5672 5689/5689/5689
f 5689/5689/5689 5687/5687/5687 5690/5690/5690
f 5689/5689/5689 5690/5690/5690 5673/5673/5673
f 5691/5691/5691 5687/5687/5687 5688/5688/5688
f 5691/5691/5691 5690/5690/5690 5687/5687/5687
f 5691/5691/5691 5688/5688/5688 5692/5692/5692
f 5693/5693/5693 5692/5692/5692 5688/5688/5688
f 5692/5692/5692 5694/5694/5694 5691/5691/5691
f 5690/5690/5690 5691/5691/5691 5694/5694/5694
f 5695/5695/5695 5673/5673/5673 5690/5690/5690
f 5690/5690/5690 5694/5694/5694 5695/5695/5695
f 5695/5695/5695 5655/5655/5655 5673/5673/5673
f 5696/5696/5696 5695/5695/5695 5694/5694/5694
f 5655/5655/5655 5695/5695/5695 5650/5650/5650
f 5696/5696/5696 5650/5650/5650 5695/5695/5695
f 5699/5699/5699 5698/5698/5698 5697/5697/5697
f 5697/5697/5697 5698/5698/5698 5700/5700/5700
f 5700/5700/5700 5698/5698/5698 5701/5701/5701
f 5702/5702/5702 5701/5701/5701 5698/5698/5698
f 5702/5702/5702 5698/5698/5698 5703/5703/5703
f 5704/5704/5704 5703/5703/5703 5698/5698/5698
f 5704/5704/5704 5698/5698/5698 5705/5705/5705
f 5706/5706/5706 5705/5705/5705 5698/5698/5698
f 5706/5706/5706 5698/5698/5698 5707/5707/5707
f 5708/5708/5708 5707/5707/5707 5698/5698/5698
f 5698/5698/5698 5709/5709/5709 5708/5708/5708
f 5712/5712/5712 5711/5711/5711 5710/5710/5710
f 5713/5713/5713 5710/5710/5710 5711/5711/5711
f 5713/5713/5713 5711/5711/5711 5714/5714/5714
f 5715/5715/5715 5714/5714/5714 5711/5711/5711
f 5715/5715/5715 5716/5716/5716 5714/5714/5714
f 5717/5717/5717 5714/5714/5714 5716/5716/5716
f 5717/5717/5717 5716/5716/5716 5718/5718/5718
f 5719/5719/5719 5718/5718/5718 5716/5716/5716
f 5719/5719/5719 5720/5720/5720 5718/5718/5718
f 5721/5721/5721 5718/5718/5718 5720/5720/5720
f 5721/5721/5721 5720/5720/5720 5722/5722/5722
f 5723/5723/5723 5722/5722/5722 5720/5720/5720
f 5723/5723/5723 5724/5724/5724 5722/5722/5722
f 5725/5725/5725 5722/5722/5722 5724/5724/5724
f 5725/5725/5725 5724/5724/5724 5726/5726/5726
f 5727/5727/5727 5726/5726/5726 5724/5724/5724
f 5726/5726/5726 5727/5727/5727 5728/5728/5728
f 5729/5729/5729 5728/5728/5728 5727/5727/5727
f 5728/5728/5728 5729/5729/5729 5730/5730/5730
f 5731/5731/5731 5730/5730/5730 5729/5729/5729
f 5734/5734/5734 5733/5733/5733 5732/5732/5732
f 5735/5735/5735 5732/5732/5732 5733/5733/5733
f 5733/5733/5733 5736/5736/5736 5735/5735/5735
f 5736/5736/5736 5737/5737/5737 5735/5735/5735
f 5738/5738/5738 5737/5737/5737 5736/5736/5736
f 5735/5735/5735 5737/5737/5737 5739/5739/5739
f 5739/5739/5739 5737/5737/5737 5740/5740/5740
f 5741/5741/5741 5735/5735/5735 5739/5739/5739
f 5742/5742/5742 5741/5741/5741 5739/5739/5739
f 5742/5742/5742 5743/5743/5743 5741/5741/5741
f 5744/5744/5744 5741/5741/5741 5743/5743/5743
f 5745/5745/5745 5741/5741/5741 5744/5744/5744
f 5741/5741/5741 5745/5745/5745 5746/5746/5746
f 5747/5747/5747 5746/5746/5746 5745/5745/5745
f 5750/5750/5750 5749/5749/5749 5748/5748/5748
f 5751/5751/5751 5748/5748/5748 5749/5749/5749
f 5749/5749/5749 5752/5752/5752 5751/5751/5751
f 5748/5748/5748 5751/5751/5751 5753/5753/5753
f 5754/5754/5754 5751/5751/5751 5752/5752/5752
f 5752/5752/5752 5755/5755/5755 5754/5754/5754
f 5756/5756/5756 5753/5753/5753 5751/5751/5751
f 5751/5751/5751 5754/5754/5754 5756/5756/5756
f 5753/5753/5753 5756/5756/5756 5757/5757/5757
f 5758/5758/5758 5757/5757/5757 5756/5756/5756
f 5756/5756/5756 5759/5759/5759 5758/5758/5758
f 5759/5759/5759 5756/5756/5756 5754/5754/5754
f 5760/5760/5760 5758/5758/5758 5759/5759/5759
f 5761/5761/5761 5754/5754/5754 5755/5755/5755
f 5754/5754/5754 5761/5761/5761 5759/5759/5759
f 5755/5755/5755 5762/5762/5762 5761/5761/5761
f 5759/5759/5759 5763/5763/5763 5760/5760/5760
f 5763/5763/5763 5759/5759/5759 5761/5761/5761
f 5764/5764/5764 5760/5760/5760 5763/5763/5763
f 5765/5765/5765 5761/5761/5761 5762/5762/5762
f 5761/5761/5761 5765/5765/5765 5763/5763/5763
f 5762/5762/5762 5766/5766/5766 5765/5765/5765
f 5763/5763/5763 5767/5767/5767 5764/5764/5764
f 5767/5767/5767 5763/5763/5763 5765/5765/5765
f 5768/5768/5768 5764/5764/5764 5767/5767/5767
f 5769/5769/5769 5765/5765/5765 5766/5766/5766
f 5765/5765/5765 5769/5769/5769 5767/5767/5767
f 5767/5767/5767 5770/5770/5770 5768/5768/5768
f 5770/5770/5770 5767/5767/5767 5769/5769/5769
f 5771/5771/5771 5768/5768/5768 5770/5770/5770
f 5769/5769/5769 5766/5766/5766 5772/5772/5772
f 5769/5769/5769 5772/5772/5772 5770/5770/5770
f 5773/5773/5773 5772/5772/5772 5766/5766/5766
f 5770/5770/5770 5774/5774/5774 5771/5771/5771
f 5774/5774/5774 5770/5770/5770 5772/5772/5772
f 5775/5775/5775 5771/5771/5771 5774/5774/5774
f 5772/5772/5772 5773/5773/5773 5776/5776/5776
f 5772/5772/5772 5776/5776/5776 5774/5774/5774
f 5777/5777/5777 5776/5776/5776 5773/5773/5773
f 5777/5777/5777 5778/5778/5778 5776/5776/5776
f 5774/5774/5774 5779/5779/5779 5775/5775/5775
f 5779/5779/5779 5774/5774/5774 5776/5776/5776
f 5780/5780/5780 5775/5775/5775 5779/5779/5779
f 5781/5781/5781 5776/5776/5776 5778/5778/5778
f 5776/5776/5776 5781/5781/5781 5779/5779/5779
f 5778/5778/5778 5782/5782/5782 5781/5781/5781
f 5779/5779/5779 5783/5783/5783 5780/5780/5780
f 5783/5783/5783 5779/5779/5779 5781/5781/5781
f 5784/5784/5784 5780/5780/5780 5783/5783/5783
f 5785/5785/5785 5781/5781/5781 5782/5782/5782
f 5781/5781/5781 5785/5785/5785 5783/5783/5783
f 5782/5782/5782 5786/5786/5786 5785/5785/5785
f 5783/5783/5783 5787/5787/5787 5784/5784/5784
f 5787/5787/5787 5783/5783/5783 5785/5785/5785
f 5788/5788/5788 5784/5784/5784 5787/5787/5787
f 5789/5789/5789 5785/5785/5785 5786/5786/5786
f 5785/5785/5785 5789/5789/5789 5787/5787/5787
f 5786/5786/5786 5790/5790/5790 5789/5789/5789
f 5787/5787/5787 5791/5791/5791 5788/5788/5788
f 5791/5791/5791 5787/5787/5787 5789/5789/5789
f 5792/5792/5792 5788/5788/5788 5791/5791/5791
f 5793/5793/5793 5789/5789/5789 5790/5790/5790
f 5789/5789/5789 5793/5793/5793 5791/5791/5791
f 5790/5790/5790 5794/5794/5794 5793/5793/5793
f 5791/5791/5791 5795/5795/5795 5792/5792/5792
f 5795/5795/5795 5791/5791/5791 5793/5793/5793
f 5796/5796/5796 5792/5792/5792 5795/5795/5795
f 5797/5797/5797 5793/5793/5793 5794/5794/5794
f 5793/5793/5793 5797/5797/5797 5795/5795/5795
f 5794/5794/5794 5798/5798/5798 5797/5797/5797
f 5795/5795/5795 5799/5799/5799 5796/5796/5796
f 5799/5799/5799 5795/5795/5795 5797/5797/5797
f 5800/5800/5800 5796/5796/5796 5799/5799/5799
f 5801/5801/5801 5797/5797/5797 5798/5798/5798
f 5797/5797/5797 5801/5801/5801 5799/5799/5799
f 5798/5798/5798 5802/5802/5802 5801/5801/5801
f 5799/5799/5799 5803/5803/5803 5800/5800/5800
f 5803/5803/5803 5799/5799/5799 5801/5801/5801
f 5804/5804/5804 5800/5800/5800 5803/5803/5803
f 5805/5805/5805 5801/5801/5801 5802/5802/5802
f 5801/5801/5801 5805/5805/5805 5803/5803/5803
f 5802/5802/5802 5806/5806/5806 5805/5805/5805
f 5803/5803/5803 5807/5807/5807 5804/5804/5804
f 5807/5807/5807 5803/5803/5803 5805/5805/5805
f 5808/5808/5808 5804/5804/5804 5807/5807/5807
f 5809/5809/5809 5805/5805/5805 5806/5806/5806
f 5805/5805/5805 5809/5809/5809 5807/5807/5807
f 5806/5806/5806 5810/5810/5810 5809/5809/5809
f 5807/5807/5807 5811/5811/5811 5808/5808/5808
f 5811/5811/5811 5807/5807/5807 5809/5809/5809
f 5812/5812/5812 5808/5808/5808 5811/5811/5811
f 5813/5813/5813 5809/5809/5809 5810/5810/5810
f 5809/5809/5809 5813/5813/5813 5811/5811/5811
f 5810/5810/5810 5814/5814/5814 5813/5813/5813
f 5811/5811/5811 5815/5815/5815 5812/5812/5812
f 5815/5815/5815 5811/5811/5811 5813/5813/5813
f 5816/5816/5816 5812/5812/5812 5815/5815/5815
f 5817/5817/5817 5813/5813/5813 5814/5814/5814
f 5813/5813/5813 5817/5817/5817 5815/5815/5815
f 5815/5815/5815 5818/5818/5818 5816/5816/5816
f 5818/5818/5818 5815/5815/5815 5817/5817/5817
f 5819/5819/5819 5816/5816/5816 5818/5818/5818
f 5817/5817/5817 5814/5814/5814 5820/5820/5820
f 5817/5817/5817 5820/5820/5820 5818/5818/5818
f 5821/5821/5821 5820/5820/5820 5814/5814/5814
f 5818/5818/5818 5822/5822/5822 5819/5819/5819
f 5822/5822/5822 5818/5818/5818 5820/5820/5820
f 5823/5823/5823 5819/5819/5819 5822/5822/5822
f 5820/5820/5820 5821/5821/5821 5824/5824/5824
f 5820/5820/5820 5824/5824/5824 5822/5822/5822
f 5825/5825/5825 5824/5824/5824 5821/5821/5821
f 5825/5825/5825 5826/5826/5826 5824/5824/5824
f 5822/5822/5822 5827/5827/5827 5823/5823/5823
f 5827/5827/5827 5822/5822/5822 5824/5824/5824
f 5828/5828/5828 5823/5823/5823 5827/5827/5827
f 5829/5829/5829 5824/5824/5824 5826/5826/5826
f 5824/5824/5824 5829/5829/5829 5827/5827/5827
f 5826/5826/5826 5830/5830/5830 5829/5829/5829
f 5827/5827/5827 5831/5831/5831 5828/5828/5828
f 5831/5831/5831 5827/5827/5827 5829/5829/5829
f 5832/5832/5832 5828/5828/5828 5831/5831/5831
f 5833/5833/5833 5829/5829/5829 5830/5830/5830
f 5829/5829/5829 5833/5833/5833 5831/5831/5831
f 5830/5830/5830 5834/5834/5834 5833/5833/5833
f 5831/5831/5831 5835/5835/5835 5832/5832/5832
f 5835/5835/5835 5831/5831/5831 5833/5833/5833
f 5836/5836/5836 5832/5832/5832 5835/5835/5835
f 5837/5837/5837 5833/5833/5833 5834/5834/5834
f 5833/5833/5833 5837/5837/5837 5835/5835/5835
f 5834/5834/5834 5838/5838/5838 5837/5837/5837
f 5835/5835/5835 5839/5839/5839 5836/5836/5836
f 5839/5839/5839 5835/5835/5835 5837/5837/5837
f 5840/5840/5840 5836/5836/5836 5839/5839/5839
f 5841/5841/5841 5837/5837/5837 5838/5838/5838
f 5837/5837/5837 5841/5841/5841 5839/5839/5839
f 5838/5838/5838 5842/5842/5842 5841/5841/5841
f 5843/5843/5843 5841/5841/5841 5842/5842/5842
f 5839/5839/5839 5844/5844/5844 5840/5840/5840
f 5844/5844/5844 5839/5839/5839 5841/5841/5841
f 5841/5841/5841 5843/5843/5843 5844/5844/5844
f 5845/5845/5845 5840/5840/5840 5844/5844/5844
f 5846/5846/5846 5844/5844/5844 5843/5843/5843
f 5844/5844/5844 5846/5846/5846 5845/5845/5845
f 5847/5847/5847 5845/5845/5845 5846/5846/5846
f 5850/5850/5850 5849/5849/5849 5848/5848/5848
f 5850/5850/5850 5851/5851/5851 5849/5849/5849
f 5851/5851/5851 5850/5850/5850 5852/5852/5852
f 5851/5851/5851 5852/5852/5852 5853/5853/5853
f 5851/5851/5851 5853/5853/5853 5854/5854/5854
f 5855/5855/5855 5853/5853/5853 5852/5852/5852
f 5854/5854/5854 5853/5853/5853 5856/5856/5856
f 5857/5857/5857 5853/5853/5853 5855/5855/5855
f 5858/5858/5858 5856/5856/5856 5853/5853/5853
f 5859/5859/5859 5856/5856/5856 5858/5858/5858
f 5860/5860/5860 5856/5856/5856 5859/5859/5859
f 5860/5860/5860 5859/5859/5859 5861/5861/5861
f 5858/5858/5858 5853/5853/5853 5862/5862/5862
f 5862/5862/5862 5853/5853/5853 5863/5863/5863
f 5864/5864/5864 5863/5863/5863 5853/5853/5853
f 5865/5865/5865 5863/5863/5863 5864/5864/5864
f 5865/5865/5865 5864/5864/5864 5866/5866/5866
f 5865/5865/5865 5866/5866/5866 5867/5867/5867
f 5864/5864/5864 5853/5853/5853 5868/5868/5868
f 5868/5868/5868 5853/5853/5853 5869/5869/5869
f 5857/5857/5857 5869/5869/5869 5853/5853/5853
f 5857/5857/5857 5870/5870/5870 5869/5869/5869
f 5870/5870/5870 5857/5857/5857 5871/5871/5871
f 5870/5870/5870 5871/5871/5871 5872/5872/5872
f 5875/5875/5875 5874/5874/5874 5873/5873/5873
f 5876/5876/5876 5873/5873/5873 5874/5874/5874
f 5874/5874/5874 5877/5877/5877 5876/5876/5876
f 5873/5873/5873 5876/5876/5876 5878/5878/5878
f 5879/5879/5879 5876/5876/5876 5877/5877/5877
f 5877/5877/5877 5880/5880/5880 5879/5879/5879
f 5881/5881/5881 5878/5878/5878 5876/5876/5876
f 5876/5876/5876 5879/5879/5879 5881/5881/5881
f 5878/5878/5878 5881/5881/5881 5882/5882/5882
f 5883/5883/5883 5882/5882/5882 5881/5881/5881
f 5881/5881/5881 5884/5884/5884 5883/5883/5883
f 5884/5884/5884 5881/5881/5881 5879/5879/5879
f 5885/5885/5885 5883/5883/5883 5884/5884/5884
f 5886/5886/5886 5879/5879/5879 5880/5880/5880
f 5879/5879/5879 5886/5886/5886 5884/5884/5884
f 5880/5880/5880 5887/5887/5887 5886/5886/5886
f 5884/5884/5884 5888/5888/5888 5885/5885/5885
f 5888/5888/5888 5884/5884/5884 5886/5886/5886
f 5889/5889/5889 5885/5885/5885 5888/5888/5888
f 5890/5890/5890 5886/5886/5886 5887/5887/5887
f 5886/5886/5886 5890/5890/5890 5888/5888/5888
f 5887/5887/5887 5891/5891/5891 5890/5890/5890
f 5888/5888/5888 5892/5892/5892 5889/5889/5889
f 5892/5892/5892 5888/5888/5888 5890/5890/5890
f 5893/5893/5893 5889/5889/5889 5892/5892/5892
f 5894/5894/5894 5890/5890/5890 5891/5891/5891
f 5890/5890/5890 5894/5894/5894 5892/5892/5892
f 5892/5892/5892 5895/5895/5895 5893/5893/5893
f 5895/5895/5895 5892/5892/5892 5894/5894/5894
f 5896/5896/5896 5893/5893/5893 5895/5895/5895
f 5894/5894/5894 5891/5891/5891 5897/5897/5897
f 5894/5894/5894 5897/5897/5897 5895/5895/5895
f 5898/5898/5898 5897/5897/5897 5891/5891/5891
f 5895/5895/5895 5899/5899/5899 5896/5896/5896
f 5899/5899/5899 5895/5895/5895 5897/5897/5897
f 5900/5900/5900 5896/5896/5896 5899/5899/5899
f 5897/5897/5897 5898/5898/5898 5901/5901/5901
f 5897/5897/5897 5901/5901/5901 5899/5899/5899
f 5902/5902/5902 5901/5901/5901 5898/5898/5898
f 5902/5902/5902 5903/5903/5903 5901/5901/5901
f 5899/5899/5899 5904/5904/5904 5900/5900/5900
f 5904/5904/5904 5899/5899/5899 5901/5901/5901
f 5905/5905/5905 5900/5900/5900 5904/5904/5904
f 5906/5906/5906 5901/5901/5901 5903/5903/5903
f 5901/5901/5901 5906/5906/5906 5904/5904/5904
f 5903/5903/5903 5907/5907/5907 5906/5906/5906
f 5904/5904/5904 5908/5908/5908 5905/5905/5905
f 5908/5908/5908 5904/5904/5904 5906/5906/5906
f 5909/5909/5909 5905/5905/5905 5908/5908/5908
f 5910/5910/5910 5906/5906/5906 5907/5907/5907
f 5906/5906/5906 5910/5910/5910 5908/5908/5908
f 5907/5907/5907 5911/5911/5911 5910/5910/5910
f 5908/5908/5908 5912/5912/5912 5909/5909/5909
f 5912/5912/5912 5908/5908/5908 5910/5910/5910
f 5913/5913/5913 5909/5909/5909 5912/5912/5912
f 5914/5914/5914 5910/5910/5910 5911/5911/5911
f 5910/5910/5910 5914/5914/5914 5912/5912/5912
f 5911/5911/5911 5915/5915/5915 5914/5914/5914
f 5912/5912/5912 5916/5916/5916 5913/5913/5913
f 5916/5916/5916 5912/5912/5912 5914/5914/5914
f 5917/5917/5917 5913/5913/5913 5916/5916/5916
f 5918/5918/5918 5914/5914/5914 5915/5915/5915
f 5914/5914/5914 5918/5918/5918 5916/5916/5916
f 5915/5915/5915 5919/5919/5919 5918/5918/5918
f 5916/5916/5916 5920/5920/5920 5917/5917/5917
f 5920/5920/5920 5916/5916/5916 5918/5918/5918
f 5921/5921/5921 5917/5917/5917 5920/5920/5920
f 5922/5922/5922 5918/5918/5918 5919/5919/5919
f 5918/5918/5918 5922/5922/5922 5920/5920/5920
f 5919/5919/5919 5923/5923/5923 5922/5922/5922
f 5920/5920/5920 5924/5924/5924 5921/5921/5921
f 5924/5924/5924 5920/5920/5920 5922/5922/5922
f 5925/5925/5925 5921/5921/5921 5924/5924/5924
f 5926/5926/5926 5922/5922/5922 5923/5923/5923
f 5922/5922/5922 5926/5926/5926 5924/5924/5924
f 5923/5923/5923 5927/5927/5927 5926/5926/5926
f 5924/5924/5924 5928/5928/5928 5925/5925/5925
f 5928/5928/5928 5924/5924/5924 5926/5926/5926
f 5929/5929/5929 5925/5925/5925 5928/5928/5928
f 5930/5930/5930 5926/5926/5926 5927/5927/5927
f 5926/5926/5926 5930/5930/5930 5928/5928/5928
f 5927/5927/5927 5931/5931/5931 5930/5930/5930
f 5928/5928/5928 5932/5932/5932 5929/5929/5929
f 5932/5932/5932 5928/5928/5928 5930/5930/5930
f 5933/5933/5933 5929/5929/5929 5932/5932/5932
f 5934/5934/5934 5930/5930/5930 5931/5931/5931
f 5930/5930/5930 5934/5934/5934 5932/5932/5932
f 5931/5931/5931 5935/5935/5935 5934/5934/5934
f 5932/5932/5932 5936/5936/5936 5933/5933/5933
f 5936/5936/5936 5932/5932/5932 5934/5934/5934
f 5937/5937/5937 5933/5933/5933 5936/5936/5936
f 5938/5938/5938 5934/5934/5934 5935/5935/5935
f 5934/5934/5934 5938/5938/5938 5936/5936/5936
f 5935/5935/5935 5939/5939/5939 5938/5938/5938
f 5936/5936/5936 5940/5940/5940 5937/5937/5937
f 5940/5940/5940 5936/5936/5936 5938/5938/5938
f 5941/5941/5941 5937/5937/5937 5940/5940/5940
f 5942/5942/5942 5938/5938/5938 5939/5939/5939
f 5938/5938/5938 5942/5942/5942 5940/5940/5940
f 5940/5940/5940 5943/5943/5943 5941/5941/5941
f 5943/5943/5943 5940/5940/5940 5942/5942/5942
f 5944/5944/5944 5941/5941/5941 5943/5943/5943
f 5942/5942/5942 5939/5939/5939 5945/5945/5945
f 5942/5942/5942 5945/5945/5945 5943/5943/5943
f 5946/5946/5946 5945/5945/5945 5939/5939/5939
f 5943/5943/5943 5947/5947/5947 5944/5944/5944
f 5947/5947/5947 5943/5943/5943 5945/5945/5945
f 5948/5948/5948 5944/5944/5944 5947/5947/5947
f 5945/5945/5945 5946/5946/5946 5949/5949/5949
f 5945/5945/5945 5949/5949/5949 5947/5947/5947
f 5950/5950/5950 5949/5949/5949 5946/5946/5946
f 5950/5950/5950 5951/5951/5951 5949/5949/5949
f 5947/5947/5947 5952/5952/5952 5948/5948/5948
f 5952/5952/5952 5947/5947/5947 5949/5949/5949
f 5953/5953/5953 5948/5948/5948 5952/5952/5952
f 5954/5954/5954 5949/5949/5949 5951/5951/5951
f 5949/5949/5949 5954/5954/5954 5952/5952/5952
f 5951/5951/5951 5955/5955/5955 5954/5954/5954
f 5952/5952/5952 5956/5956/5956 5953/5953/5953
f 5956/5956/5956 5952/5952/5952 5954/5954/5954
f 5957/5957/5957 5953/5953/5953 5956/5956/5956
f 5958/5958/5958 5954/5954/5954 5955/5955/5955
f 5954/5954/5954 5958/5958/5958 5956/5956/5956
f 5955/5955/5955 5959/5959/5959 5958/5958/5958
f 5956/5956/5956 5960/5960/5960 5957/5957/5957
f 5960/5960/5960 5956/5956/5956 5958/5958/5958
f 5961/5961/5961 5957/5957/5957 5960/5960/5960
f 5962/5962/5962 5958/5958/5958 5959/5959/5959
f 5958/5958/5958 5962/5962/5962 5960/5960/5960
f 5959/5959/5959 5963/5963/5963 5962/5962/5962
f 5960/5960/5960 5964/5964/5964 5961/5961/5961
f 5964/5964/5964 5960/5960/5960 5962/5962/5962
f 5965/5965/5965 5961/5961/5961 5964/5964/5964
f 5966/5966/5966 5962/5962/5962 5963/5963/5963
f 5962/5962/5962 5966/5966/5966 5964/5964/5964
f 5963/5963/5963 5967/5967/5967 5966/5966/5966
f 5968/5968/5968 5966/5966/5966 5967/5967/5967
f 5964/5964/5964 5969/5969/5969 5965/5965/5965
f 5969/5969/5969 5964/5964/5964 5966/5966/5966
f 5966/5966/5966 5968/5968/5968 5969/5969/5969
f 5970/5970/5970 5965/5965/5965 5969/5969/5969
f 5971/5971/5971 5969/5969/5969 5968/5968/5968
f 5969/5969/5969 5971/5971/5971 5970/5970/5970
f 5972/5972/5972 5970/5970/5970 5971/5971/5971
f 5975/5975/5975 5974/5974/5974 5973/5973/5973
f 5975/5975/5975 5976/5976/5976 5974/5974/5974
f 5976/5976/5976 5975/5975/5975 5977/5977/5977
f 5976/5976/5976 5977/5977/5977 5978/5978/5978
f 5976/5976/5976 5978/5978/5978 5979/5979/5979
f 5980/5980/5980 5978/5978/5978 5977/5977/5977
f 5979/5979/5979 5978/5978/5978 5981/5981/5981
f 5982/5982/5982 5978/5978/5978 5980/5980/5980
f 5983/5983/5983 5981/5981/5981 5978/5978/5978
f 5984/5984/5984 5981/5981/5981 5983/5983/5983
f 5985/5985/5985 5981/5981/5981 5984/5984/5984
f 5985/5985/5985 5984/5984/5984 5986/5986/5986
f 5983/5983/5983 5978/5978/5978 5987/5987/5987
f 5987/5987/5987 5978/5978/5978 5988/5988/5988
f 5989/5989/5989 5988/5988/5988 5978/5978/5978
f 5990/5990/5990 5988/5988/5988 5989/5989/5989
f 5990/5990/5990 5989/5989/5989 5991/5991/5991
f 5990/5990/5990 5991/5991/5991 5992/5992/5992
f 5989/5989/5989 5978/5978/5978 5993/5993/5993
f 5993/5993/5993 5978/5978/5978 5994/5994/5994
f 5982/5982/5982 5994/5994/5994 5978/5978/5978
f 5982/5982/5982 5995/5995/5995 5994/5994/5994
f 5995/5995/5995 5982/5982/5982 5996/5996/5996
f 5995/5995/5995 5996/5996/5996 5997/5997/5997
f 6000/6000/6000 5999/5999/5999 5998/5998/5998
f 6000/6000/6000 5998/5998/5998 6001/6001/6001
f 6002/6002/6002 5998/5998/5998 5999/5999/5999
f 6003/6003/6003 6001/6001/6001 5998/5998/5998
f 5998/5998/5998 6002/6002/6002 6004/6004/6004
f 5998/5998/5998 6004/6004/6004 6003/6003/6003
f 6005/6005/6005 6003/6003/6003 6004/6004/6004
f 6006/6006/6006 6004/6004/6004 6002/6002/6002
f 6005/6005/6005 6004/6004/6004 6007/6007/6007
f 6004/6004/6004 6006/6006/6006 6008/6008/6008
f 6008/6008/6008 6007/6007/6007 6004/6004/6004
f 6009/6009/6009 6008/6008/6008 6006/6006/6006
f 6009/6009/6009 6010/6010/6010 6008/6008/6008
f 6008/6008/6008 6011/6011/6011 6007/6007/6007
f 6011/6011/6011 6008/6008/6008 6010/6010/6010
f 6012/6012/6012 6007/6007/6007 6011/6011/6011
f 6012/6012/6012 6011/6011/6011 6013/6013/6013
f 6011/6011/6011 6010/6010/6010 6014/6014/6014
f 6014/6014/6014 6013/6013/6013 6011/6011/6011
f 6015/6015/6015 6014/6014/6014 6010/6010/6010
f 6015/6015/6015 6016/6016/6016 6014/6014/6014
f 6014/6014/6014 6017/6017/6017 6013/6013/6013
f 6017/6017/6017 6014/6014/6014 6016/6016/6016
f 6018/6018/6018 6013/6013/6013 6017/6017/6017
f 6018/6018/6018 6017/6017/6017 6019/6019/6019
f 6017/6017/6017 6016/6016/6016 6020/6020/6020
f 6020/6020/6020 6019/6019/6019 6017/6017/6017
f 6021/6021/6021 6020/6020/6020 6016/6016/6016
f 6021/6021/6021 6022/6022/6022 6020/6020/6020
f 6020/6020/6020 6023/6023/6023 6019/6019/6019
f 6023/6023/6023 6020/6020/6020 6022/6022/6022
f 6024/6024/6024 6019/6019/6019 6023/6023/6023
f 6024/6024/6024 6023/6023/6023 6025/6025/6025
f 6023/6023/6023 6022/6022/6022 6026/6026/6026
f 6026/6026/6026 6025/6025/6025 6023/6023/6023
f 6027/6027/6027 6026/6026/6026 6022/6022/6022
f 6025/6025/6025 6026/6026/6026 6028/6028/6028
f 6027/6027/6027 6029/6029/6029 6026/6026/6026
f 6030/6030/6030 6028/6028/6028 6026/6026/6026
f 6030/6030/6030 6026/6026/6026 6029/6029/6029
