g ground_04_4ground_04_4_mobile
v -58.2097491 213.233003 -245.697411
v -38.1950991 213.233003 -258.736395
v -38.1950991 218.022833 -260.808187
v -61.3839624 217.90879 -245.602375
v -80.2961911 213.213995 -226.005885
v -37.1496995 242.979372 -230.282519
v -83.6794843 217.680703 -225.777798
v -100.80503 213.233003 -201.695593
v -58.1717346 241.838937 -217.547652
v -37.0546632 244.575983 -224.656369
v -56.2900154 243.54959 -213.04293
v -78.4144719 240.299348 -200.992324
v -76.0005492 242.124045 -196.772711
v -104.131301 217.661695 -201.106368
v -118.842925 213.194988 -172.633485
v -97.0796061 238.455643 -180.44547
v -94.0954655 240.337363 -176.644017
v -121.941109 217.642688 -171.797165
v -131.653821 212.966901 -143.856485
v -113.501883 236.231793 -156.002128
v -110.004546 238.227556 -152.7899
v -124.164959 234.198016 -133.440504
v -121.123796 236.136757 -129.144862
v -132.946315 217.69971 -145.719197
v -169.516293 213.156974 -142.659028
v -152.124646 238.3416 -130.456363
v -150.14789 240.318355 -126.027671
v -167.140385 217.585666 -145.510117
v -200.954309 213.175981 -137.698131
v -179.305035 240.223319 -124.925249
v -176.758061 242.086031 -120.686629
v -198.635423 217.851768 -140.41617
v -229.142083 213.175981 -128.612659
v -203.881428 241.800922 -116.029849
v -200.821259 243.530583 -112.114353
v -227.241357 217.90879 -131.539778
v -250.468235 213.194988 -118.519801
v -225.530703 242.960365 -104.454425
v -220.683851 244.556975 -101.622342
v -252.197896 218.003826 -119.413143
v -249.688937 213.194988 -94.4566035
v -251.247533 217.870775 -91.7005501
v -244.309881 213.194988 -65.3564808
v -225.568718 241.838937 -79.8780313
v -220.740872 243.530583 -79.1557552
v -245.868477 217.661695 -62.3533329
v -234.198016 213.194988 -35.2299657
v -221.900316 240.299348 -53.9901363
v -217.053463 242.105038 -53.8570854
v -235.319445 217.680703 -32.0557525
v -211.02816 212.985908 9.11398358
v -214.031308 238.455643 -27.360958
v -209.260484 240.318355 -28.007205
v -213.156974 217.737724 8.96192546
v -229.65528 213.175981 43.4601115
v -196.772711 235.471503 6.9851699
v -191.564721 237.410244 6.62403186
v -210.381913 238.398622 34.4316606
v -205.516053 240.318355 35.0398931
v -230.947774 217.604674 39.981782
v -241.002617 213.194988 73.2064812
v -219.163269 240.223319 60.7757299
v -214.202373 242.105038 60.6616863
v -242.200075 217.870775 69.8421953
v -247.141963 213.194988 102.154546
v -223.667991 241.800922 86.5115668
v -218.74511 243.530583 85.8082979
v -248.738574 217.90879 99.0373544
v -248.795596 213.194988 125.799584
v -224.409274 242.960365 111.049946
v -219.543415 244.575983 108.255878
v -250.696322 217.984819 126.768954
v -227.754553 213.194988 136.994863
v -226.138936 217.870775 139.712902
v -199.832881 213.175981 146.802611
v -203.10213 241.838937 123.309632
v -200.060968 243.54959 119.489172
v -198.008183 217.661695 149.653701
v -168.717988 213.175981 153.036994
v -178.810846 240.299348 133.022344
v -176.301887 242.105038 128.87876
v -166.475131 217.680703 155.564961
v -122.777428 212.947894 154.443532
v -151.801522 238.455643 139.427793
v -149.93881 240.318355 134.980093
v -124.526097 217.604674 156.249222
v -114.129123 213.194988 173.184695
v -117.778518 234.844263 142.468955
v -115.155515 236.859033 137.85019
v -110.992924 236.136757 156.572346
v -107.571616 238.227556 153.170045
v -117.550431 217.623681 172.348376
v -95.8251266 213.213995 202.075738
v -94.4566035 238.322592 180.958667
v -91.5865065 240.337363 176.967141
v -99.5315433 217.642688 201.524527
v -75.2972804 213.233003 226.405037
v -75.6394112 240.242326 201.315447
v -73.3205248 242.105038 196.924769
v -78.8516389 217.90879 225.815812
v -52.9447367 213.233003 245.792448
v -55.3016376 241.800922 217.718717
v -53.5339619 243.54959 213.080945
v -56.4610808 217.946804 245.678404
v -32.9300867 213.233003 258.622352
v -34.1845661 242.979372 230.244505
v -34.2796025 244.575983 224.637362
v -33.1581738 218.003826 260.808187
v -13.1245165 213.233003 245.697411
v -9.95030324 217.90879 245.602375
v 8.96192546 213.213995 226.043899
v -13.1435238 241.838937 217.547652
v -15.025243 243.54959 213.04293
v 12.3642259 217.680703 225.815812
v 29.5087789 213.213995 201.752615
v 7.11822075 240.299348 201.011331
v 4.70429809 242.124045 196.791718
v 32.8350503 217.642688 201.144382
v 47.584688 213.175981 172.709514
v 25.8023623 238.455643 180.483485
v 22.8182217 240.337363 176.682032
v 50.6638649 217.623681 171.854187
v 56.0619282 212.928886 154.443532
v 42.2436465 236.231793 156.059149
v 38.7463097 238.227556 152.808907
v 48.0408623 234.768234 144.559754
v 45.2087799 236.802011 139.940989
v 57.126335 217.604674 156.724404
v 77.7872321 213.156974 155.127793
v 64.3490957 236.136757 144.825856
v 62.8665291 238.208549 140.226098
v 75.5253676 217.585666 157.788811
v 111.848251 213.175981 151.7445
v 93.5632621 238.322592 140.986388
v 91.3013975 240.318355 136.633725
v 109.70043 217.604674 154.766655
v 142.792078 213.194988 144.31266
v 120.211448 240.242326 133.307453
v 117.322343 242.105038 129.277913
v 140.701279 217.870775 147.201764
v 170.16254 213.194988 133.022344
v 144.008543 241.800922 122.492319
v 140.644258 243.54959 118.842925
v 168.489901 217.927797 136.101521
v 190.614357 213.213995 121.275854
v 164.669441 242.960365 109.263263
v 159.613508 244.575983 106.811326
v 192.420047 218.022833 122.055152
v 187.934333 213.233003 97.3647151
v 189.283849 217.889783 94.4946181
v 180.274405 213.213995 68.7967958
v 162.768714 241.838937 84.7438911
v 157.883847 243.54959 84.4017603
v 181.604914 217.680703 65.660597
v 167.881668 213.213995 39.6206439
v 157.066535 240.299348 59.2171342
v 152.219682 242.105038 59.4832359
v 168.698981 217.69971 36.2943726
v 139.541836 212.928886 -3.35478228
v 147.125735 238.455643 33.310232
v 142.392926 240.337363 34.317617
v 142.012781 217.585666 -2.93662245
v 151.668471 213.175981 -22.8942507
v 126.749947 234.692205 -0.807808763
v 121.465927 236.649953 -0.503692523
v 136.082514 236.136757 -16.3557516
v 131.349705 238.208549 -17.3441293
v 152.865929 217.604674 -19.6059939
v 165.676826 213.213995 -54.1231872
v 147.277793 238.322592 -43.6121696
v 142.373919 240.318355 -43.8022422
v 167.235421 217.623681 -50.739894
v 174.61024 213.213995 -84.6488548
v 153.873314 240.242326 -70.5264569
v 148.950432 242.105038 -70.032268
v 176.111814 217.889783 -81.3796052
v 178.449708 213.233003 -113.996072
v 156.344258 241.800922 -96.5474027
v 151.478399 243.54959 -95.4639886
v 180.31242 217.946804 -111.011931
v 178.145591 213.213995 -137.736146
v 155.127793 242.960365 -121.066775
v 150.509028 244.575983 -117.911569
v 180.084332 217.984819 -138.800553
v 156.40128 213.233003 -147.163749
v 154.576583 217.889783 -149.767745
v 127.814354 213.213995 -154.747648
v 132.927308 241.838937 -131.615807
v 130.209269 243.54959 -127.548252
v 125.742562 217.680703 -157.44668
v 96.2052719 213.213995 -158.454065
v 107.951762 240.299348 -139.370771
v 105.765926 242.105038 -135.037114
v 93.8863856 217.642688 -160.906002
v 63.3036962 213.233003 -157.712782
v 80.5242783 238.455643 -143.628398
v 79.0036971 240.318355 -139.047647
v 59.5782722 217.69971 -159.556486
v 50.9869884 212.928886 -156.135179
v 51.0630175 236.250801 -143.837478
v 50.1506688 238.208549 -139.161691
v 52.4315406 217.604674 -158.321014
v 42.8708863 213.175981 -173.279732
v 45.9120487 234.996321 -143.761449
v 43.498126 236.954069 -138.895589
v 39.7346875 236.136757 -156.667382
v 36.3133798 238.227556 -153.265082
v 46.2731867 217.604674 -172.462419
v 24.5288755 213.213995 -202.170774
v 23.1603524 238.322592 -181.034696
v 20.3092627 240.337363 -177.04317
v 28.2162849 217.623681 -201.619564
v 3.98202202 213.213995 -226.462059
v 4.32415279 240.242326 -201.372469
v 2.02427372 242.105038 -196.981791
v 7.53638058 217.889783 -225.891841
v -18.4085362 213.233003 -245.830462
v -16.032628 241.800922 -217.756732
v -17.7812964 243.54959 -213.118959
v -14.8731849 217.946804 -245.735426
v -38.1950991 213.233003 -258.736395
v -38.1950991 218.022833 -260.808187
v -37.1496995 242.979372 -230.282519
v -37.0546632 244.575983 -224.656369
v -48.1929205 245.051164 -158.853217
v -35.248973 245.032157 -167.292443
v -35.248973 248.149349 -168.641959
v -50.2457051 248.054312 -158.796196
v -62.4673765 245.032157 -146.137357
v -35.3630166 280.537728 -174.059029
v -64.653212 247.921261 -145.985299
v -75.7154402 245.032157 -130.418349
v -51.2530901 279.682401 -164.441353
v -35.2869875 281.754193 -169.820409
v -49.8275453 280.974895 -161.039053
v -66.5539385 278.522958 -151.934573
v -64.729241 279.891481 -148.741352
v -77.8822684 247.902254 -130.019196
v -87.4049082 245.01315 -111.620164
v -80.6763364 277.11642 -136.405637
v -78.4144719 278.541965 -133.53554
v -89.3816638 247.902254 -111.068953
v -95.6730685 244.861092 -93.0120514
v -93.0690732 275.443781 -117.930576
v -90.4270633 276.945355 -115.497646
v -101.147161 273.904193 -100.862052
v -98.8472818 275.367752 -97.6308168
v -96.5093882 247.921261 -94.2095091
v -120.154426 244.994143 -92.2517608
v -122.28324 277.040391 -98.6191946
v -120.781666 278.522958 -95.2739159
v -118.633845 247.86424 -94.0764582
v -140.492199 244.994143 -89.039533
v -142.811086 278.465936 -94.4375963
v -140.891352 279.872474 -91.2253685
v -138.990625 248.035305 -90.7882014
v -158.701159 244.994143 -83.1662881
v -161.400191 279.644387 -87.7090244
v -159.081305 280.955888 -84.7438911
v -157.465687 248.054312 -85.0480073
v -172.500434 245.01315 -76.6277889
v -177.765446 280.537728 -78.9656825
v -174.097044 281.735186 -76.8178616
v -173.621862 248.130341 -77.2170142
v -171.987238 245.01315 -61.0798462
v -172.994623 248.035305 -59.2931632
v -168.527915 245.01315 -42.2626538
v -177.784453 279.682401 -60.3955846
v -174.135059 280.955888 -59.8253667
v -169.516293 247.902254 -40.3239127
v -161.970409 245.01315 -22.7802071
v -175.0284 278.522958 -40.7990944
v -171.359998 279.872474 -40.7230653
v -162.692685 247.921261 -20.7274225
v -146.992684 244.880099 5.88274852
v -169.079126 277.11642 -20.689408
v -165.448738 278.541965 -21.1645896
v -148.361207 247.959276 5.7877122
v -159.04329 244.994143 28.1022413
v -156.021135 274.873563 5.27451604
v -152.086631 276.337123 5.00841433
v -166.304065 277.078406 26.0304494
v -162.635663 278.522958 26.4866238
v -159.87961 247.86424 25.8593841
v -166.380094 245.01315 47.3185863
v -172.937601 278.465936 45.9310559
v -169.19317 279.872474 45.8550269
v -167.159392 248.035305 45.1517581
v -170.333606 245.01315 66.0597496
v -176.358909 279.644387 65.3944953
v -172.633485 280.955888 64.8622919
v -171.379005 248.073319 64.0449795
v -171.41702 245.01315 81.3415907
v -176.910119 280.537728 83.945586
v -173.22271 281.735186 81.8357796
v -172.633485 248.111334 81.9688304
v -157.807818 245.01315 88.5833586
v -156.762418 248.035305 90.332027
v -139.750916 245.01315 94.9127779
v -160.810966 279.682401 93.202124
v -158.511087 280.974895 90.3130198
v -138.572466 247.902254 96.7564826
v -119.64123 245.01315 98.9423181
v -142.449948 278.522958 100.557936
v -140.549221 279.872474 97.4217369
v -118.17767 247.902254 100.59595
v -89.9328745 244.861092 99.8546668
v -122.036145 277.11642 105.404788
v -120.6106 278.541965 102.040502
v -91.0733104 247.86424 101.033117
v -84.3447385 245.01315 111.962295
v -96.3003082 274.398382 107.68566
v -94.3235527 275.918963 104.20733
v -91.1873539 275.367752 118.348736
v -88.5833586 276.945355 115.782755
v -86.5495813 247.883247 111.430091
v -72.5032124 245.032157 130.665443
v -78.6805736 277.021384 136.785783
v -76.5137454 278.541965 133.782635
v -74.8981278 247.883247 130.304305
v -59.2361414 245.032157 146.384452
v -64.4631393 278.465936 152.16266
v -62.7144709 279.891481 148.855396
v -61.5360205 248.054312 146.004306
v -44.7716128 245.051164 158.910239
v -49.0862619 279.644387 164.574404
v -47.7557534 280.974895 161.05806
v -47.0524846 248.092327 158.853217
v -31.8466725 245.032157 167.216414
v -33.1201593 280.537728 174.040022
v -33.1961884 281.754193 169.801402
v -31.9987307 248.130341 168.641959
v -19.0357759 245.032157 158.872225
v -16.9829913 248.054312 158.796196
v -4.74231262 245.032157 146.156364
v -17.2110785 279.682401 164.441353
v -18.6366234 280.974895 161.039053
v -2.55647715 247.921261 146.004306
v 8.52475836 245.032157 130.437356
v -1.91023013 278.522958 151.934573
v -3.73492758 279.891481 148.76036
v 10.6725793 247.883247 130.057211
v 20.2142264 245.01315 111.658178
v 12.2121678 277.11642 136.424645
v 9.9693105 278.541965 133.554548
v 22.2099892 247.883247 111.125975
v 25.7073259 244.842084 99.8546668
v 24.6429191 275.443781 117.949583
v 22.0009093 276.945355 115.516653
v 29.0335973 274.34136 109.263263
v 26.9047836 275.880948 105.784933
v 26.3915875 247.86424 101.337233
v 39.7536948 244.994143 100.291834
v 41.3693123 275.367752 109.472343
v 40.2288764 276.945355 105.994013
v 38.2901354 247.86424 102.021495
v 61.7641077 245.01315 98.1059984
v 63.4557543 277.021384 106.564231
v 61.7260932 278.541965 103.294982
v 60.3765773 247.86424 100.063747
v 81.7787578 245.01315 93.2971604
v 83.5844479 278.465936 100.767016
v 81.3986125 279.872474 97.7258531
v 80.4102347 248.035305 95.1788796
v 99.4745215 245.01315 86.0173779
v 101.565321 279.644387 92.5938916
v 99.0183471 280.974895 89.8188309
v 98.3911074 248.073319 87.9941334
v 112.703578 245.032157 78.4144719
v 117.189292 280.537728 82.5770629
v 113.368832 281.754193 80.7333582
v 113.863021 248.149349 78.9086607
v 110.973917 245.032157 62.9615654
v 111.829244 248.054312 61.0988534
v 106.013021 245.032157 44.4865038
v 115.763748 279.682401 64.0639868
v 112.076338 280.974895 63.797885
v 106.868348 247.902254 42.4527264
v 97.9919548 245.032157 25.6122896
v 111.449098 278.522958 44.7716128
v 107.780696 279.891481 44.9616854
v 98.5241582 247.921261 23.4644687
v 79.6689513 244.842084 -2.17633185
v 103.922222 277.11642 25.1751225
v 100.348856 278.541965 25.9354131
v 81.2655616 247.86424 -1.89122287
v 87.5189518 244.994143 -14.7971558
v 88.5263368 274.265331 -0.598728848
v 84.5348112 275.766905 -0.389648933
v 95.5780322 275.367752 -12.3642259
v 92.0046663 276.926348 -13.1055092
v 88.2792424 247.86424 -12.6683421
v 96.5664099 245.032157 -35.0018785
v 104.036265 277.021384 -32.9681012
v 100.348856 278.541965 -33.101152
v 97.5928023 247.883247 -32.7970358
v 102.363626 245.032157 -54.7314196
v 109.035176 278.465936 -53.324882
v 105.309752 279.872474 -52.9447367
v 103.313989 248.054312 -52.6216132
v 104.83457 245.032157 -73.7196774
v 110.897888 279.644387 -72.9974013
v 107.229486 280.955888 -72.1610817
v 106.032028 248.092327 -71.7809364
v 104.644498 245.032157 -89.0585403
v 109.985539 280.537728 -91.5294847
v 106.488202 281.754193 -89.1155621
v 105.87997 248.111334 -89.7428018
v 90.5791215 245.032157 -95.1598723
v 89.400671 248.054312 -96.8325117
v 72.0850526 245.01315 -100.063747
v 93.202124 279.682401 -99.4935288
v 91.1493394 280.974895 -96.4143518
v 70.754544 247.902254 -101.793408
v 51.6522427 245.032157 -102.458662
v 74.3279099 278.522958 -105.347766
v 72.6742778 279.891481 -102.078517
v 50.1506688 247.883247 -104.036265
v 30.3831131 245.051164 -101.964473
v 53.5909837 277.11642 -108.579001
v 52.4315406 278.541965 -105.100672
v 27.9691905 247.921261 -103.161931
v 22.4190691 244.842084 -100.957088
v 31.3334764 275.462788 -108.73106
v 30.6302076 276.926348 -105.195708
v 23.3504251 247.86424 -102.363626
v 17.1730639 245.01315 -112.038324
v 27.4369871 274.493418 -108.674038
v 25.5932824 275.975985 -104.986628
v 22.7611999 275.367752 -118.424765
v 20.1572046 276.945355 -115.858784
v 19.3779067 247.86424 -111.50612
v 5.31253057 245.01315 -130.722465
v 10.2354122 277.021384 -136.842805
v 8.068584 278.541965 -133.839657
v 7.6884387 247.883247 -130.361327
v -7.97354768 245.032157 -146.422466
v -4.00102929 278.465936 -152.219682
v -5.74969767 279.891481 -148.912418
v -5.67366861 248.054312 -146.061328
v -22.4570836 245.032157 -158.948254
v -19.396914 279.644387 -164.612419
v -20.7274225 280.974895 -161.096075
v -20.1762118 248.092327 -158.891232
v -35.248973 245.032157 -167.292443
v -35.248973 248.149349 -168.641959
v -35.3630166 280.537728 -174.059029
v -35.2869875 281.754193 -169.820409
v -113.615927 323.589183 35.6481256
v -113.615927 323.589183 -40.4379563
v -113.615927 450.842823 -40.4379563
v -113.615927 450.842823 35.6481256
v 45.9120487 325.090757 52.2984897
v -21.8488511 325.090757 91.4344484
v -21.8488511 449.341249 91.4344484
v 45.9120487 449.341249 52.2984897
v -21.3926768 559.792466 -12.1361387
v -30.2500623 566.901183 -26.429602
v -30.2500623 559.792466 -15.8045409
v -13.8657998 566.901183 -19.6440084
v -17.7242746 559.792466 -3.25974595
v -30.2500623 577.526244 -33.5383191
v -7.08020622 566.901183 -3.25974595
v -21.3926768 559.792466 5.59763955
v -8.84788187 577.526244 -24.6619264
v -30.2500623 590.071039 -36.0282709
v -13.8657998 566.901183 13.1055092
v -30.2500623 559.792466 9.2660417
v 0.00950363251 577.526244 -3.25974595
v -7.08020622 590.071039 -26.429602
v -30.2500623 602.596827 -33.5383191
v -30.2500623 566.901183 19.8911028
v -39.126455 559.792466 5.59763955
v -8.84788187 577.526244 18.1424345
v 2.49945535 590.071039 -3.25974595
v -8.84788187 602.596827 -24.6619264
v -30.2500623 613.221888 -26.429602
v -46.6343247 566.901183 13.1055092
v -42.7948572 559.792466 -3.25974595
v -30.2500623 577.526244 26.99982
v -7.08020622 590.071039 19.8911028
v 0.00950363251 602.596827 -3.25974595
v -13.8657998 613.221888 -19.6440084
v -30.2500623 620.330605 -15.8045409
v -21.3926768 620.330605 -12.1361387
v -7.08020622 613.221888 -3.25974595
v -17.7242746 620.330605 -3.25974595
v -53.4199183 566.901183 -3.25974595
v -39.126455 559.792466 -12.1361387
v -51.6522427 577.526244 18.1424345
v -30.2500623 590.071039 29.4897717
v -8.84788187 602.596827 18.1424345
v -13.8657998 613.221888 13.1055092
v -21.3926768 620.330605 5.59763955
v -46.6343247 566.901183 -19.6440084
v -30.2500623 559.792466 -15.8045409
v -30.2500623 566.901183 -26.429602
v -60.5286355 577.526244 -3.25974595
v -51.6522427 577.526244 -24.6619264
v -30.2500623 577.526244 -33.5383191
v -53.4199183 590.071039 19.8911028
v -30.2500623 602.596827 26.99982
v -30.2500623 613.221888 19.8911028
v -30.2500623 620.330605 9.2660417
v -53.4199183 590.071039 -26.429602
v -30.2500623 590.071039 -36.0282709
v -63.0185872 590.071039 -3.25974595
v -51.6522427 602.596827 18.1424345
v -46.6343247 613.221888 13.1055092
v -39.126455 620.330605 5.59763955
v -60.5286355 602.596827 -3.25974595
v -51.6522427 602.596827 -24.6619264
v -30.2500623 602.596827 -33.5383191
v -53.4199183 613.221888 -3.25974595
v -42.7948572 620.330605 -3.25974595
v -46.6343247 613.221888 -19.6440084
v -30.2500623 613.221888 -26.429602
v -39.126455 620.330605 -12.1361387
v -30.2500623 620.330605 -15.8045409
v -154.576583 469.184833 -84.6488548
v -125.47646 459.148998 -71.4958274
v -124.773191 460.327448 -72.7122923
v -153.892321 470.287255 -85.5612035
v -153.854307 481.140403 -85.5612035
v -124.773191 477.928175 -72.7122923
v -125.47646 479.068611 -71.4958274
v -154.405517 482.261832 -84.4967967
v -163.795106 482.280839 -68.3406214
v -138.002248 479.068611 -49.808538
v -138.705517 477.928175 -48.592073
v -164.365324 481.140403 -67.3522436
v -164.384332 470.287255 -67.3712509
v -138.705517 460.327448 -48.592073
v -138.002248 459.148998 -49.7895307
v -163.947164 469.184833 -68.4356577
v -154.576583 469.184833 -84.6488548
v -125.47646 459.148998 -71.4958274
v -107.609631 325.090757 -57.1073278
v -39.8487311 325.090757 -96.2242792
v -39.8487311 449.341249 -96.2242792
v -107.609631 449.341249 -57.1073278
v -22.1149529 325.48991 -93.8673783
v 43.9923149 325.48991 -55.7007901
v 43.9923149 448.942096 -55.7007901
v -22.1149529 448.942096 -93.8673783
v 92.8790005 469.184833 79.8400167
v 63.7788778 459.148998 66.7059966
v 63.075609 460.327448 67.9034543
v 92.194739 470.287255 80.7713727
v 92.1567245 481.140403 80.7523655
v 63.075609 477.928175 67.9034543
v 63.7788778 479.068611 66.6869893
v 92.7079351 482.261832 79.6879586
v 102.097524 482.280839 63.5317833
v 76.3046654 479.068611 44.9996999
v 77.0079342 477.928175 43.783235
v 102.667742 481.140403 62.5434056
v 102.705757 470.287255 62.5624128
v 77.0079342 460.327448 43.783235
v 76.3046654 459.148998 44.9996999
v 102.249582 469.184833 63.6268197
v 92.8790005 469.184833 79.8400167
v 63.7788778 459.148998 66.7059966
v -21.4877131 469.184833 -150.680093
v -18.3134998 459.148998 -118.899946
v -16.9259695 460.327448 -118.899946
v -20.3472772 470.287255 -150.547043
v -20.3472772 481.140403 -150.509028
v -16.9259695 477.928175 -118.899946
v -18.3325071 479.068611 -118.899946
v -21.5257276 482.261832 -150.452006
v -40.2288764 482.280839 -150.509028
v -43.3650751 479.068611 -118.899946
v -44.7716128 477.928175 -118.899946
v -41.3503051 481.140403 -150.509028
v -41.3503051 470.287255 -150.547043
v -44.7716128 460.327448 -118.899946
v -43.3840824 459.148998 -118.899946
v -40.2098692 469.184833 -150.680093
v -21.4877131 469.184833 -150.680093
v -18.3134998 459.148998 -118.899946
v 51.9183444 323.589183 -40.4379563
v 51.9183444 323.589183 35.6481256
v 51.9183444 450.842823 35.6481256
v 51.9183444 450.842823 -40.4379563
v -39.5826294 325.48991 89.0585403
v -105.689897 325.48991 50.8919521
v -105.689897 448.942096 50.8919521
v -39.5826294 448.942096 89.0585403
v -51.8613226 231.498984 -190.80443
v -36.3323871 231.479977 -200.935302
v -36.3133798 235.205401 -202.531912
v -54.3322671 235.110365 -190.728401
v -69.0058757 231.479977 -175.522589
v -36.4654379 274.113273 -209.051404
v -71.6478855 234.939299 -175.332516
v -84.9339638 231.479977 -156.629367
v -55.548732 273.08688 -197.513994
v -36.3704016 275.576832 -203.957457
v -53.8570854 274.645476 -193.427433
v -73.9287573 271.680343 -182.460241
v -71.7429218 273.333975 -178.63978
v -87.5379591 234.920292 -156.173193
v -98.9613253 231.46097 -134.067744
v -90.8832377 270.026711 -163.814114
v -88.1651988 271.718357 -160.373799
v -101.356241 234.901285 -133.40249
v -108.902125 231.270897 -111.7152
v -105.784933 267.992933 -141.632635
v -102.61072 269.798623 -138.705517
v -115.459631 266.149228 -121.142804
v -112.703578 267.916904 -117.246314
v -109.90951 234.958307 -113.159752
v -138.306364 231.422955 -110.783844
v -140.853337 269.912667 -118.443772
v -139.066655 271.69935 -114.414232
v -136.462659 234.86327 -112.988687
v -162.711692 231.441963 -106.925369
v -165.524767 271.623321 -113.425854
v -163.205881 273.314967 -109.567379
v -160.925009 235.07235 -109.035176
v -184.608062 231.441963 -99.8736741
v -187.839297 273.048866 -105.347766
v -185.045229 274.626469 -101.774401
v -183.125495 235.110365 -102.154546
v -201.163389 231.441963 -92.0426809
v -207.492809 274.113273 -94.8367488
v -203.10213 275.557825 -92.2707681
v -202.512905 235.186394 -92.7459497
v -200.574164 231.46097 -73.3585394
v -201.771622 235.091357 -71.2107184
v -196.392566 231.441963 -50.7589012
v -207.530823 273.08688 -72.5222197
v -203.140145 274.626469 -71.8569654
v -197.590024 234.920292 -48.4210076
v -188.523558 231.441963 -27.360958
v -204.204552 271.680343 -49.0102329
v -199.794866 273.314967 -48.8961893
v -189.397892 234.939299 -24.8900135
v -170.542685 231.289904 7.08020622
v -197.05782 270.007703 -24.851999
v -192.705156 271.69935 -25.422217
v -172.196317 234.977314 6.94715537
v -185.007214 231.422955 33.747399
v -181.376826 267.308672 6.33892289
v -176.663025 269.05734 5.99679211
v -193.731549 269.969689 31.2574473
v -189.321863 271.69935 31.808658
v -186.014599 234.882278 31.0483674
v -193.807578 231.441963 56.8412261
v -201.695593 271.623321 55.1685867
v -197.209878 273.314967 55.0735504
v -194.757941 235.091357 54.2372307
v -198.578401 231.441963 79.3268206
v -205.801162 273.048866 78.5475227
v -201.334455 274.626469 77.9012757
v -199.813874 235.110365 76.9128979
v -199.870895 231.441963 97.6878386
v -206.466416 274.113273 100.824037
v -202.056731 275.557825 98.2770638
v -201.334455 235.167386 98.4291219
v -183.524647 231.46097 106.374159
v -182.270168 235.091357 108.483965
v -161.856365 231.441963 113.996072
v -187.136028 273.08688 111.943287
v -184.379974 274.626469 108.483965
v -160.43082 234.920292 116.200915
v -137.679124 231.441963 118.842925
v -165.0876 271.680343 120.762658
v -162.787721 273.333975 116.99922
v -135.930456 234.939299 120.81968
v -102.002488 231.270897 119.945346
v -140.568228 270.026711 126.578881
v -138.857575 271.718357 122.549341
v -103.371011 234.882278 121.332876
v -95.2929232 231.46097 134.485904
v -109.662416 266.738454 129.334935
v -107.286507 268.563151 125.153337
v -103.523069 267.897897 142.145831
v -100.38687 269.798623 139.066655
v -97.9539403 234.882278 133.839657
v -81.075489 231.479977 156.933484
v -88.4883223 269.89366 164.270288
v -85.884327 271.718357 160.677915
v -83.945586 234.901285 156.496317
v -65.1283936 231.479977 175.807698
v -71.4007911 271.623321 182.764357
v -69.3099919 273.333975 178.791838
v -67.9034543 235.110365 175.370531
v -47.7747606 231.479977 190.861452
v -52.9447367 273.048866 197.666053
v -51.3481265 274.645476 193.44644
v -50.5118068 235.148379 190.785423
v -32.2268178 231.479977 200.840266
v -33.7664063 274.113273 209.032397
v -33.8614426 275.576832 203.93845
v -32.4168905 235.186394 202.531912
v -16.8689477 231.479977 190.80443
v -14.3980033 235.110365 190.728401
v 0.294612608 231.46097 175.541596
v -14.664105 273.08688 197.513994
v -16.3747588 274.645476 193.408425
v 2.93662245 234.939299 175.351523
v 16.241708 231.46097 156.667382
v 3.71592031 271.680343 182.479248
v 1.53008483 273.333975 178.658788
v 18.826696 234.901285 156.211208
v 30.2880768 231.441963 134.105758
v 20.689408 270.026711 163.852128
v 17.9713691 271.718357 160.411813
v 32.6829922 234.901285 133.459511
v 36.8835978 231.25189 119.945346
v 35.610111 267.992933 141.67065
v 32.4358978 269.798623 138.724524
v 40.8751234 266.662425 131.235661
v 38.3091427 268.506129 127.054063
v 37.7009102 234.882278 121.713022
v 53.7430419 231.422955 120.458542
v 55.6817829 267.897897 131.482756
v 54.3322671 269.798623 127.320165
v 51.9943735 234.86327 122.530334
v 80.1821475 231.441963 117.83554
v 82.2159249 269.89366 127.985419
v 80.144133 271.718357 124.050915
v 78.5285154 234.882278 120.19244
v 104.226338 231.441963 112.057331
v 106.393166 271.623321 121.02876
v 103.770163 273.333975 117.360358
v 102.591713 235.091357 114.319195
v 125.47646 231.46097 103.294982
v 128.004426 273.048866 111.202004
v 124.944257 274.626469 107.875733
v 124.183966 235.129372 105.689897
v 141.366534 231.46097 94.1905018
v 146.764597 274.113273 99.1894125
v 142.164839 275.576832 96.9655625
v 142.754064 235.205401 94.779727
v 139.275734 231.479977 75.6204039
v 140.321134 235.110365 73.3775466
v 133.345468 231.46097 53.4199183
v 145.034936 273.08688 76.9509124
v 140.606243 274.645476 76.6277889
v 134.352853 234.939299 50.9869884
v 123.708784 231.479977 30.7632584
v 139.86496 271.680343 53.7620491
v 135.455274 273.333975 54.0091436
v 124.336024 234.939299 28.1782704
v 101.698372 231.25189 -2.61349894
v 130.817502 270.007703 30.2500623
v 126.540867 271.718357 31.1434037
v 103.618105 234.86327 -2.27136817
v 111.125975 231.441963 -17.7812964
v 112.34244 266.586396 -0.731779703
v 107.533602 268.373078 -0.465677993
v 120.800673 267.897897 -14.8351704
v 116.505031 269.798623 -15.7475191
v 112.038324 234.882278 -15.2153157
v 121.998131 231.46097 -42.0345666
v 130.96956 269.89366 -39.6016367
v 126.52186 271.718357 -39.7727021
v 123.214596 234.901285 -39.3925568
v 128.935782 231.479977 -65.7366261
v 136.956848 271.623321 -64.0259722
v 132.490141 273.333975 -63.5888051
v 130.095225 235.110365 -63.1896526
v 131.919923 231.479977 -88.5263368
v 139.199705 273.048866 -87.6710099
v 134.79002 274.626469 -86.6636249
v 133.345468 235.129372 -86.2074505
v 131.691836 231.46097 -106.963384
v 138.097284 274.113273 -109.928517
v 133.896678 275.576832 -107.039413
v 133.174402 235.186394 -107.780696
v 114.794377 231.479977 -114.281181
v 113.368832 235.110365 -116.295951
v 92.5938916 231.46097 -120.173433
v 117.949583 273.08688 -119.489172
v 115.478639 274.645476 -115.801762
v 90.9972813 234.920292 -122.264232
v 68.0555124 231.46097 -123.062537
v 95.2739159 271.680343 -126.540867
v 93.2781531 273.333975 -122.587356
v 66.2498222 234.901285 -124.944257
v 42.490741 231.479977 -122.473312
v 70.3743987 270.007703 -130.399342
v 68.9868684 271.718357 -126.236751
v 39.6016367 234.958307 -123.898857
v 32.9300867 231.25189 -121.256847
v 43.6311769 268.01194 -130.589414
v 42.7948572 269.779616 -126.350794
v 34.0515153 234.86327 -122.948494
v 26.6196747 231.441963 -134.561933
v 38.9553897 266.871505 -130.513385
v 36.7505469 268.658187 -126.1037
v 33.3292392 267.897897 -142.221861
v 30.2120478 269.798623 -139.142684
v 29.2806918 234.882278 -133.915686
v 12.3832332 231.46097 -156.990505
v 18.2944926 269.89366 -164.346317
v 15.7095045 271.718357 -160.734937
v 15.2533302 234.901285 -156.572346
v -3.58286946 231.479977 -175.86472
v 1.18795406 271.623321 -182.821379
v -0.902845089 273.333975 -178.84886
v -0.807808763 235.110365 -175.427553
v -20.9555097 231.479977 -190.899466
v -17.2871075 273.048866 -197.704067
v -18.8837178 274.645476 -193.484454
v -18.2184635 235.148379 -190.823437
v -36.3323871 231.479977 -200.935302
v -36.3133798 235.205401 -202.531912
v -36.4654379 274.113273 -209.051404
v -36.3704016 275.576832 -203.957457
v -35.0018785 311.31049 -131.615807
v -35.0398931 270.159761 -131.596799
v -30.0409824 270.159761 -131.596799
v -30.0599896 311.272476 -131.596799
v -30.0029678 314.78882 -127.415201
v -35.0779076 314.78882 -127.415201
v 74.4609607 314.78882 -67.1051492
v 78.1293629 311.31049 -69.1389265
v 78.0913483 270.159761 -69.1579338
v 76.988927 314.78882 -62.7144709
v 80.5813001 270.159761 -64.8242774
v 80.5813001 311.272476 -64.8432846
v 76.988927 314.78882 57.9056329
v 80.5813001 311.31049 60.0724611
v 80.5813001 270.159761 60.0344466
v 74.4609607 314.78882 62.3153184
v 78.0913483 270.159761 64.368103
v 78.1103556 311.272476 64.3490957
v -30.0029678 314.78882 122.62537
v -30.0789969 311.31049 126.806969
v -30.0409824 270.159761 126.787961
v -35.0779076 314.78882 122.62537
v -35.0398931 270.159761 126.787961
v -35.0208858 311.272476 126.806969
v -139.541836 314.78882 62.3153184
v -143.210238 311.31049 64.3300885
v -143.172224 270.159761 64.368103
v -142.08881 314.78882 57.9056329
v -145.681183 270.159761 60.0344466
v -145.681183 311.272476 60.0534538
v -142.08881 314.78882 -62.7144709
v -145.681183 311.31049 -64.8812992
v -145.681183 270.159761 -64.8242774
v -139.541836 314.78882 -67.1051492
v -143.172224 270.159761 -69.1579338
v -143.191231 311.272476 -69.1579338
v -35.0779076 314.78882 -127.415201
v -35.0018785 311.31049 -131.615807
v -35.0398931 270.159761 -131.596799
v -28.8625319 -622.820557 -177.195228
v -28.8625319 221.482156 -177.195228
v -96.5474027 221.482156 -163.719077
v -96.5474027 -622.820557 -163.719077
v -153.949343 221.482156 -125.381424
v -153.949343 -622.820557 -125.381424
v -192.306004 221.482156 -67.9794834
v -192.306004 -622.820557 -67.9794834
v -205.763148 221.482156 -0.275605343
v -205.763148 -622.820557 -0.275605343
v -192.306004 221.482156 67.4092654
v -192.306004 -622.820557 67.4092654
v -153.949343 221.482156 124.811206
v -153.949343 -622.820557 124.811206
v -96.5474027 221.482156 163.167867
v -96.5474027 -622.820557 163.167867
v -28.8625319 221.482156 176.62501
v -28.8625319 -622.820557 176.62501
v 38.8413461 221.482156 163.167867
v 38.8413461 -622.820557 163.167867
v 96.2432864 221.482156 124.811206
v 96.2432864 -622.820557 124.811206
v 134.58094 221.482156 67.4092654
v 134.58094 -622.820557 67.4092654
v 148.057091 221.482156 -0.275605343
v 148.057091 -622.820557 -0.275605343
v 134.58094 221.482156 -67.9794834
v 134.58094 -622.820557 -67.9794834
v 96.2432864 221.482156 -125.381424
v 96.2432864 -622.820557 -125.381424
v 38.8413461 221.482156 -163.719077
v 38.8413461 -622.820557 -163.719077
v -28.8625319 221.482156 -177.195228
v -28.8625319 -622.820557 -177.195228
v -28.653452 554.926606 -26.429602
v -28.653452 562.491497 -19.396914
v -33.0441302 562.491497 -19.396914
v -33.0441302 554.926606 -26.429602
v -28.653452 535.425152 -47.3375935
v -44.4674965 562.491497 -12.801393
v -33.0441302 535.425152 -47.3375935
v -28.653452 515.220429 -73.8147137
v -50.5498213 554.926606 -16.317737
v -46.6723393 562.491497 -8.99993999
v -33.0441302 515.220429 -73.8147137
v -28.653452 499.140283 -99.7026087
v -52.7546641 554.926606 -12.4972768
v -46.6723393 562.491497 4.19110194
v -68.6637449 535.425152 -26.7717328
v -33.0441302 499.140283 -99.7026087
v -28.6914666 482.299846 -125.571496
v -91.6055138 515.220429 -40.0197965
v -52.7546641 554.926606 7.70744597
v -44.4674965 562.491497 8.01156221
v -70.8685876 535.425152 -22.9512725
v -50.5498213 554.926606 11.508899
v -33.0441302 562.491497 14.6070832
v -70.8685876 535.425152 18.1614417
v -33.0441302 554.926606 21.620764
v -28.653452 562.491497 14.6070832
v -68.6637449 535.425152 21.9628947
v -93.8103565 515.220429 31.4095055
v -93.8103565 515.220429 -36.1993362
v -28.653452 554.926606 21.620764
v -17.2300857 562.491497 8.01156221
v -33.0441302 535.425152 42.5287555
v -91.6055138 515.220429 35.2109585
v -114.015079 499.140283 -52.9447367
v -116.200915 499.140283 44.3344457
v -116.200915 499.140283 -49.1432837
v -135.531303 481.748636 -65.375488
v -11.1477609 554.926606 11.508899
v -15.025243 562.491497 4.19110194
v -8.94291819 554.926606 7.70744597
v -15.025243 562.491497 -8.99993999
v 6.96616263 535.425152 21.9628947
v -8.94291819 554.926606 -12.4972768
v -17.2300857 562.491497 -12.801393
v -137.679124 481.78665 -61.4599915
v -33.1201593 481.805657 -124.450068
v -33.1201593 478.783502 -126.122707
v -28.6914666 479.258684 -127.225128
v -28.653452 457.989554 -127.206121
v -136.994863 478.726481 -66.2118077
v -33.0441302 457.989554 -127.206121
v -139.123676 478.764495 -62.2963111
v -11.1477609 554.926606 -16.317737
v -28.653452 562.491497 -19.396914
v -28.653452 554.926606 -26.429602
v -28.653452 535.425152 -47.3375935
v 6.96616263 535.425152 -26.7717328
v -28.653452 515.220429 -73.8147137
v 9.17100537 535.425152 -22.9512725
v 29.9079315 515.220429 -40.0197965
v -28.653452 499.140283 -99.7026087
v -137.831182 457.989554 -66.7059966
v 9.17100537 535.425152 18.1614417
v 32.1127743 515.220429 -36.1993362
v 32.1127743 515.220429 31.4095055
v 29.9079315 515.220429 35.2109585
v -28.653452 535.425152 42.5287555
v -33.0441302 515.220429 69.0248829
v -28.653452 515.220429 69.0248829
v 52.317497 499.140283 48.1549059
v 54.5223397 499.140283 44.3534529
v 54.5223397 499.140283 -49.1432837
v -114.015079 499.140283 48.1549059
v -33.0441302 499.140283 94.8937706
v 52.317497 499.140283 -52.9447367
v -137.736146 481.748636 56.765197
v 76.0195565 481.767643 -61.498006
v 74.7460697 482.299846 -65.8506697
v -28.6914666 482.299846 -125.571496
v -28.6914666 479.258684 -127.225128
v 76.1906218 479.258684 -66.6679821
v -135.41726 481.805657 60.5856573
v -139.180698 478.726481 57.6015167
v 76.1336 457.989554 -66.7059966
v -28.653452 457.989554 -127.206121
v -29.2616845 455.670668 -124.887235
v -136.861812 478.764495 61.4219769
v -140.036025 457.989554 -62.9045436
v -140.036025 457.989554 58.0957055
v -33.0441302 481.748636 119.755273
v -33.0441302 478.726481 121.427913
v -137.831182 457.989554 61.8971585
v -28.653452 499.140283 94.8937706
v -28.577423 481.805657 119.64123
v -28.577423 478.764495 121.332876
v 73.8527282 481.748636 60.5856573
v -33.0441302 457.989554 122.397283
v 75.2972804 478.726481 61.4219769
v 75.9815419 481.78665 56.6701607
v 77.4260941 478.764495 57.5064803
v 77.4451013 478.764495 -62.3343256
v -28.653452 457.989554 122.397283
v 76.1336 457.989554 61.8971585
v 78.3384428 457.989554 -62.9045436
v 78.3384428 457.989554 58.0957055
v 74.4419535 455.670668 -65.01435
v 76.0195565 455.670668 -62.2773038
v 57.050306 455.670668 -55.2256085
v -29.0335973 455.670668 -104.929607
v 58.8559961 455.670668 -52.1084171
v 58.8559961 455.670668 47.299579
v 76.0195565 455.670668 57.4684658
v 57.050306 455.670668 50.4357777
v 74.4419535 455.670668 60.205512
v -29.0335973 455.689675 100.139776
v -29.2616845 455.689675 120.097404
v -32.6639849 455.689675 100.139776
v -32.4358978 455.689675 120.097404
v -118.747888 455.670668 50.4357777
v -136.139536 455.670668 60.205512
v -120.553578 455.670668 47.299579
v -137.717139 455.670668 57.4684658
v -120.553578 455.670668 -52.1084171
v -137.717139 455.670668 -62.2773038
v -118.747888 455.670668 -55.2256085
v -136.139536 455.670668 -65.01435
v -32.6639849 455.670668 -104.929607
v -32.4358978 455.670668 -124.887235
v -29.0335973 455.670668 -104.929607
v -29.2616845 455.670668 -124.887235
v 102.249582 469.184833 -68.4356577
v 76.3046654 459.148998 -49.7895307
v 77.0079342 460.327448 -48.592073
v 102.705757 470.287255 -67.3712509
v 102.667742 481.140403 -67.3522436
v 77.0079342 477.928175 -48.592073
v 76.3046654 479.068611 -49.808538
v 102.021495 482.261832 -68.3596287
v 92.7269424 482.280839 -84.5728257
v 63.7788778 479.068611 -71.4958274
v 63.075609 477.928175 -72.7122923
v 92.1567245 481.140403 -85.5612035
v 92.194739 470.287255 -85.5612035
v 63.075609 460.327448 -72.7122923
v 63.7788778 459.148998 -71.4958274
v 92.8790005 469.184833 -84.6488548
v 102.249582 469.184833 -68.4356577
v 76.3046654 459.148998 -49.7895307
v -163.947164 469.184833 63.6268197
v -138.002248 459.148998 44.9996999
v -138.686509 460.327448 43.783235
v -164.384332 470.287255 62.5624128
v -164.365324 481.140403 62.5434056
v -138.686509 477.928175 43.783235
v -138.002248 479.068611 44.9996999
v -163.719077 482.261832 63.5507906
v -154.424525 482.280839 79.7829949
v -125.47646 479.068611 66.6869893
v -124.773191 477.928175 67.9034543
v -153.854307 481.140403 80.7523655
v -153.892321 470.287255 80.7713727
v -124.773191 460.327448 67.9034543
v -125.47646 459.148998 66.7059966
v -154.576583 469.184833 79.859024
v -163.947164 469.184833 63.6268197
v -138.002248 459.148998 44.9996999
v -40.2098692 469.184833 145.871255
v -43.3840824 459.148998 114.091108
v -44.7716128 460.327448 114.091108
v -41.3503051 470.287255 145.738205
v -41.3503051 481.140403 145.70019
v -44.7716128 477.928175 114.091108
v -43.3650751 479.068611 114.091108
v -40.1718546 482.261832 145.643168
v -21.4687058 482.280839 145.719197
v -18.3325071 479.068611 114.091108
v -16.9259695 477.928175 114.091108
v -20.3472772 481.140403 145.70019
v -20.3472772 470.287255 145.738205
v -16.9259695 460.327448 114.091108
v -18.3134998 459.148998 114.091108
v -21.4877131 469.184833 145.890263
v -40.2098692 469.184833 145.871255
v -43.3840824 459.148998 114.091108
v -21.4877131 470.496335 146.840626
v -20.3472772 481.140403 145.70019
v -20.3472772 470.287255 145.738205
v -21.4877131 469.184833 145.890263
v -21.5637422 481.197425 146.840626
v -21.4687058 482.280839 145.719197
v -40.1718546 482.261832 145.643168
v -40.1338401 481.197425 146.840626
v -41.3503051 481.140403 145.70019
v -41.3503051 470.287255 145.738205
v -40.1908619 470.496335 146.840626
v -40.2098692 469.184833 145.871255
v -155.412902 470.496335 80.3151984
v -153.854307 481.140403 80.7523655
v -153.892321 470.287255 80.7713727
v -154.576583 469.184833 79.859024
v -155.450917 481.197425 80.2581766
v -154.424525 482.280839 79.7829949
v -163.719077 482.261832 63.5507906
v -164.726462 481.197425 64.1780304
v -164.365324 481.140403 62.5434056
v -164.384332 470.287255 62.5624128
v -164.764477 470.496335 64.1210086
v -163.947164 469.184833 63.6268197
v 93.7153202 470.496335 -85.1240364
v 92.1567245 481.140403 -85.5612035
v 92.194739 470.287255 -85.5612035
v 92.8790005 469.184833 -84.6488548
v 93.7533347 481.197425 -85.0670146
v 92.7269424 482.280839 -84.5728257
v 102.021495 482.261832 -68.3596287
v 103.047887 481.197425 -68.9678611
v 102.667742 481.140403 -67.3522436
v 102.705757 470.287255 -67.3712509
v 103.066895 470.496335 -68.9298466
v 102.249582 469.184833 -68.4356577
v -17.2300857 562.491497 8.01156221
v -30.8392875 562.491497 -2.40441903
v -15.025243 562.491497 4.19110194
v -28.653452 562.491497 14.6070832
v -15.025243 562.491497 -8.99993999
v -33.0441302 562.491497 14.6070832
v -17.2300857 562.491497 -12.801393
v -44.4674965 562.491497 8.01156221
v -28.653452 562.491497 -19.396914
v -46.6723393 562.491497 4.19110194
v -33.0441302 562.491497 -19.396914
v -46.6723393 562.491497 -8.99993999
v -44.4674965 562.491497 -12.801393
v 74.4609607 314.78882 62.3153184
v -27.5510307 314.78882 -2.40441903
v 76.988927 314.78882 57.9056329
v 76.988927 314.78882 -62.7144709
v -30.0409824 314.78882 1.9292374
v -30.0029678 314.78882 122.62537
v -35.0779076 314.78882 122.62537
v -35.0398931 314.78882 1.9292374
v -139.541836 314.78882 62.3153184
v -142.08881 314.78882 57.9056329
v -37.5488521 314.78882 -2.40441903
v -142.08881 314.78882 -62.7144709
v -139.541836 314.78882 -67.1051492
v -30.0409824 314.78882 -6.73807545
v 74.4609607 314.78882 -67.1051492
v -30.0029678 314.78882 -127.415201
v -35.0398931 314.78882 -6.73807545
v -35.0779076 314.78882 -127.415201
v 139.275734 231.479977 75.6204039
v 69.5760936 226.443052 61.783115
v 141.366534 231.46097 94.1905018
v 133.345468 231.46097 53.4199183
v 125.47646 231.46097 103.294982
v 123.708784 231.479977 30.7632584
v 104.226338 231.441963 112.057331
v 80.1821475 231.441963 117.83554
v 101.698372 231.25189 -2.61349894
v 53.7430419 231.422955 120.458542
v 63.3417107 226.443052 -1.81519381
v 17.4961875 226.443052 84.7438911
v 111.125975 231.441963 -17.7812964
v 36.8835978 231.25189 119.945346
v 64.0639868 226.443052 -62.1062385
v 121.998131 231.46097 -42.0345666
v 128.935782 231.479977 -65.7366261
v 131.919923 231.479977 -88.5263368
v -31.5615636 226.443052 117.436387
v 30.2880768 231.441963 134.105758
v 16.241708 231.46097 156.667382
v 0.294612608 231.46097 175.541596
v 131.691836 231.46097 -106.963384
v -16.8689477 231.479977 190.80443
v 114.794377 231.479977 -114.281181
v -32.2268178 231.479977 200.840266
v 92.5938916 231.46097 -120.173433
v -47.7747606 231.479977 190.861452
v 68.0555124 231.46097 -123.062537
v 42.490741 231.479977 -122.473312
v 32.9300867 231.25189 -121.256847
v 14.664105 226.443052 -85.8653197
v 26.6196747 231.441963 -134.561933
v -34.2605952 226.443052 -117.455394
v 12.3832332 231.46097 -156.990505
v -3.58286946 231.479977 -175.86472
v -20.9555097 231.479977 -190.899466
v -65.1283936 231.479977 175.807698
v -81.075489 231.479977 156.933484
v -95.2929232 231.46097 134.485904
v -80.9614454 226.443052 84.6868693
v -102.002488 231.270897 119.945346
v -134.694984 226.443052 60.4906209
v -137.679124 231.441963 118.842925
v -36.3323871 231.479977 -200.935302
v -161.856365 231.441963 113.996072
v -51.8613226 231.498984 -190.80443
v -183.524647 231.46097 106.374159
v -69.0058757 231.479977 -175.522589
v -199.870895 231.441963 97.6878386
v -84.9339638 231.479977 -156.629367
v -98.9613253 231.46097 -134.067744
v -108.902125 231.270897 -111.7152
v -85.7322689 226.443052 -79.0036971
v -138.306364 231.422955 -110.783844
v -135.835419 226.443052 -56.0619282
v -162.711692 231.441963 -106.925369
v -198.578401 231.441963 79.3268206
v -193.807578 231.441963 56.8412261
v -185.007214 231.422955 33.747399
v -129.201884 226.443052 4.98940707
v -170.542685 231.289904 7.08020622
v -184.608062 231.441963 -99.8736741
v -188.523558 231.441963 -27.360958
v -201.163389 231.441963 -92.0426809
v -196.392566 231.441963 -50.7589012
v -200.574164 231.46097 -73.3585394
v 126.540867 271.718357 31.1434037
v 135.455274 273.333975 54.0091436
v 61.1558752 267.46073 55.2446158
v 140.606243 274.645476 76.6277889
v 142.164839 275.576832 96.9655625
v 124.944257 274.626469 107.875733
v 103.770163 273.333975 117.360358
v 80.144133 271.718357 124.050915
v 54.3322671 269.798623 127.320165
v 107.533602 268.373078 -0.465677993
v 38.3091427 268.506129 127.054063
v -30.155026 241.059639 0.161561753
v 59.5592649 267.498744 -55.7578119
v 116.505031 269.798623 -15.7475191
v 126.52186 271.718357 -39.7727021
v 132.490141 273.333975 -63.5888051
v 134.79002 274.626469 -86.6636249
v -33.5953409 267.441723 110.080575
v -107.286507 268.563151 125.153337
v 32.4358978 269.798623 138.724524
v 17.9713691 271.718357 160.411813
v 1.53008483 273.333975 178.658788
v 133.896678 275.576832 -107.039413
v -16.3747588 274.645476 193.408425
v 115.478639 274.645476 -115.801762
v -33.8614426 275.576832 203.93845
v 93.2781531 273.333975 -122.587356
v -51.3481265 274.645476 193.44644
v 68.9868684 271.718357 -126.236751
v 42.7948572 269.779616 -126.350794
v -69.3099919 273.333975 178.791838
v -85.884327 271.718357 160.677915
v -100.38687 269.798623 139.066655
v 36.7505469 268.658187 -126.1037
v -123.04353 267.384701 54.3322671
v -138.857575 271.718357 122.549341
v -162.787721 273.333975 116.99922
v -184.379974 274.626469 108.483965
v -202.056731 275.557825 98.2770638
v -201.334455 274.626469 77.9012757
v -197.209878 273.314967 55.0735504
v -189.321863 271.69935 31.808658
v -176.663025 269.05734 5.99679211
v -125.723554 267.308672 -46.9764555
v -192.705156 271.69935 -25.422217
v -199.794866 273.314967 -48.8961893
v -203.140145 274.626469 -71.8569654
v -203.10213 275.557825 -92.2707681
v -185.045229 274.626469 -101.774401
v -163.205881 273.314967 -109.567379
v -139.066655 271.69935 -114.414232
v -112.703578 267.916904 -117.246314
v -36.5034525 267.422715 -109.415321
v -102.61072 269.798623 -138.705517
v -88.1651988 271.718357 -160.373799
v 30.2120478 269.798623 -139.142684
v -71.7429218 273.333975 -178.63978
v 15.7095045 271.718357 -160.734937
v -53.8570854 274.645476 -193.427433
v -0.902845089 273.333975 -178.84886
v -36.3704016 275.576832 -203.957457
v -18.8837178 274.645476 -193.484454
v -40.2098692 470.496335 -151.630457
v -41.3503051 481.140403 -150.509028
v -41.3503051 470.287255 -150.547043
v -40.2098692 469.184833 -150.680093
v -40.1338401 481.197425 -151.630457
v -40.2288764 482.280839 -150.509028
v -21.5257276 482.261832 -150.452006
v -21.5637422 481.197425 -151.630457
v -20.3472772 481.140403 -150.509028
v -20.3472772 470.287255 -150.547043
v -21.5067204 470.496335 -151.630457
v -21.4877131 469.184833 -150.680093
v 103.066895 470.496335 64.1210086
v 102.667742 481.140403 62.5434056
v 102.705757 470.287255 62.5624128
v 102.249582 469.184833 63.6268197
v 103.047887 481.197425 64.1780304
v 102.097524 482.280839 63.5317833
v 92.7079351 482.261832 79.6879586
v 93.7533347 481.197425 80.2581766
v 92.1567245 481.140403 80.7523655
v 92.194739 470.287255 80.7713727
v 93.7153202 470.496335 80.3151984
v 92.8790005 469.184833 79.8400167
v -123.062537 314.465696 -56.9362624
v -122.986508 460.859651 -56.9742769
v -124.183966 459.96631 -54.9785141
v -122.701399 464.166915 -57.126335
v -124.183966 313.572355 -54.9214923
v -124.183966 310.265091 -54.5793615
v -124.183966 321.517391 -46.6723393
v -124.183966 319.825745 -45.1517581
v -124.183966 319.825745 40.3619273
v -122.701399 310.265091 52.3365042
v -124.183966 452.914615 -46.6723393
v -122.777428 321.555406 -43.0799662
v -124.183966 454.606261 -45.1517581
v -122.967501 451.375026 -44.7526055
v -123.005516 323.018965 -44.7526055
v -124.183966 454.625268 40.34292
v -124.183966 464.166915 49.7895307
v -113.615927 323.589183 -38.7843243
v -113.615927 325.147779 -40.4379563
v -113.615927 323.589183 33.9754862
v -113.615927 449.303234 -40.4379563
v -122.777428 321.555406 38.2901354
v -113.615927 325.147779 35.6481256
v -122.777428 452.8766 -43.0799662
v -113.615927 450.842823 -38.7843243
v -122.777428 452.8766 38.2901354
v -113.615927 450.842823 33.9754862
v -123.005516 451.413041 39.9627747
v -113.615927 449.303234 35.6481256
v -123.005516 323.018965 39.9627747
v -124.183966 321.517391 41.8825085
v -124.183966 452.933622 41.8635012
v -124.183966 460.859651 50.1126542
v -124.183966 314.465696 50.1886833
v -123.062537 459.96631 52.1274243
v -122.986508 313.572355 52.1654389
v -115.61169 452.648513 56.4230662
v -115.592682 321.783493 56.4420735
v -114.224159 320.167876 57.2403786
v -114.224159 454.26413 57.2403786
v -32.3218542 464.166915 104.530454
v -40.7990944 320.167876 99.6265796
v -29.3757281 310.265091 104.530454
v -113.349825 450.86183 56.3470372
v -111.981302 322.049595 57.050306
v -113.368832 323.532162 56.3660444
v -105.689897 327.048506 50.8919521
v -104.321374 325.48991 51.6902572
v -105.689897 447.3835 50.8919521
v -40.9511525 325.48991 88.2602351
v -111.981302 452.401418 57.050306
v -104.321374 448.942096 51.6902572
v -41.7494576 322.049595 97.5928023
v -39.5826294 327.048506 89.0585403
v -41.7494576 452.401418 97.5928023
v -40.9511525 448.942096 88.2602351
v -39.411564 321.783493 100.424885
v -40.4759709 323.532162 98.4481292
v -39.5826294 447.3835 89.0585403
v -40.4759709 450.899845 98.4481292
v -40.7990944 454.283138 99.6265796
v -39.4305713 452.648513 100.424885
v -31.9797234 314.465696 104.720527
v -32.0367452 460.859651 104.682512
v -29.7178589 459.96631 104.720527
v -29.6608371 313.572355 104.682512
v -22.2289964 452.610498 100.38687
v -22.2099892 321.821508 100.38687
v -20.8224588 320.243905 99.5885651
v -20.8224588 454.188101 99.5885651
v 61.0228244 464.166915 52.3365042
v 52.4695551 320.243905 57.2593859
v 62.4863838 310.265091 49.7895307
v -21.1835969 450.785801 98.3340856
v -19.8911028 322.163639 97.5928023
v -21.1835969 323.646205 98.3530929
v -21.8488511 326.66836 91.4344484
v -20.4803281 325.090757 90.6361433
v -21.8488511 447.763646 91.4344484
v 44.5435256 325.090757 53.0967948
v -19.8911028 452.287375 97.5928023
v -20.4803281 449.341249 90.6361433
v 50.2837196 322.144631 57.0883205
v 45.9120487 326.66836 52.2984897
v 50.2837196 452.287375 57.0883205
v 44.5435256 449.341249 53.0967948
v 53.8570854 321.840515 56.4610808
v 51.5762136 323.646205 56.3470372
v 45.9120487 447.763646 52.2984897
v 51.5762136 450.785801 56.3470372
v 52.4695551 454.207109 57.2783931
v 53.8380782 452.610498 56.480088
v 61.3649551 314.465696 52.1274243
v 61.2889261 460.859651 52.1654389
v 62.4863838 459.96631 50.1886833
v 62.4863838 313.572355 50.1126542
v 62.4863838 452.914615 41.8825085
v 62.4863838 321.517391 41.8825085
v 62.4863838 319.806738 40.34292
v 62.4863838 454.606261 40.3619273
v 62.4863838 464.166915 -54.5793615
v 62.4863838 319.806738 -45.1517581
v 61.0228244 310.265091 -57.126335
v 61.3079333 451.413041 39.9627747
v 61.3079333 323.018965 39.9627747
v 61.0798462 452.8766 38.2901354
v 61.0798462 321.555406 38.2901354
v 51.9183444 325.147779 35.6481256
v 51.9183444 449.303234 35.6481256
v 51.9183444 323.589183 33.9944935
v 51.9183444 450.842823 33.9944935
v 51.9183444 323.589183 -38.7843243
v 61.0798462 452.8766 -43.0799662
v 51.9183444 450.842823 -38.7843243
v 61.0798462 321.555406 -43.0799662
v 51.9183444 325.147779 -40.4379563
v 62.4863838 454.625268 -45.1517581
v 61.3079333 451.413041 -44.7526055
v 51.9183444 449.303234 -40.4379563
v 61.2889261 323.05698 -44.7526055
v 62.4863838 321.517391 -46.6723393
v 62.4863838 452.933622 -46.6723393
v 62.4863838 460.859651 -54.9214923
v 62.4863838 314.465696 -54.9785141
v 61.3649551 459.96631 -56.9362624
v 61.2889261 313.572355 -56.9742769
v 53.9141072 452.648513 -61.2319043
v 53.9141072 321.783493 -61.2319043
v 52.5265769 320.167876 -62.0302094
v 52.5265769 454.26413 -62.0302094
v -29.3757281 464.166915 -109.320285
v -20.8984879 320.167876 -104.41641
v -32.3218542 310.265091 -109.320285
v 51.67125 450.899845 -61.1558752
v 51.67125 323.532162 -61.1558752
v 50.3027269 452.401418 -61.8401368
v 50.3027269 322.049595 -61.8401368
v 43.9923149 327.048506 -55.7007901
v 43.9923149 447.3835 -55.7007901
v 42.6237918 325.48991 -56.4990953
v 42.6237918 448.942096 -56.4990953
v -20.7274225 325.48991 -93.0690732
v -19.9291174 452.401418 -102.40164
v -20.7274225 448.942096 -93.0690732
v -19.9291174 322.049595 -102.40164
v -22.1149529 327.048506 -93.8673783
v -20.8984879 454.283138 -104.41641
v -21.2216114 450.899845 -103.256967
v -22.1149529 447.3835 -93.8673783
v -21.2216114 323.570176 -103.218953
v -22.2860182 321.783493 -105.233723
v -22.267011 452.648513 -105.214716
v -29.6608371 460.859651 -109.49135
v -29.7178589 314.465696 -109.529365
v -31.9797234 459.96631 -109.529365
v -32.0367452 313.572355 -109.49135
v -39.4685858 452.610498 -105.195708
v -39.4875931 321.821508 -105.176701
v -40.8561162 320.243905 -104.378396
v -40.8561162 454.188101 -104.378396
v -122.701399 464.166915 -57.126335
v -114.167137 320.243905 -62.0682239
v -124.183966 310.265091 -54.5793615
v -40.5139854 450.785801 -103.142924
v -41.8064794 322.163639 -102.40164
v -115.554668 321.840515 -61.2699188
v -123.062537 314.465696 -56.9362624
v -114.167137 454.207109 -62.0682239
v -122.986508 460.859651 -56.9742769
v -115.53566 452.610498 -61.2699188
v -111.981302 322.144631 -61.8971585
v -113.273796 323.646205 -61.1368679
v -113.273796 450.785801 -61.1368679
v -111.981302 452.287375 -61.8971585
v -40.5139854 323.646205 -103.142924
v -41.8064794 452.287375 -102.40164
v -107.609631 326.66836 -57.1073278
v -106.241108 325.090757 -57.9056329
v -107.609631 447.763646 -57.1073278
v -41.2172542 325.090757 -95.4449813
v -106.241108 449.341249 -57.9056329
v -39.8487311 326.66836 -96.2242792
v -41.2172542 449.341249 -95.4449813
v -39.8487311 447.763646 -96.2242792
v -164.764477 470.496335 -68.9108393
v -164.365324 481.140403 -67.3522436
v -164.384332 470.287255 -67.3712509
v -163.947164 469.184833 -68.4356577
v -164.726462 481.197425 -68.9678611
v -163.795106 482.280839 -68.3406214
v -154.405517 482.261832 -84.4967967
v -155.450917 481.197425 -85.0670146
v -153.854307 481.140403 -85.5612035
v -153.892321 470.287255 -85.5612035
v -155.412902 470.496335 -85.1050291
v -154.576583 469.184833 -84.6488548
v -21.3926768 620.330605 5.59763955
v -30.2500623 622.820557 -3.25974595
v -17.7242746 620.330605 -3.25974595
v -30.2500623 620.330605 9.2660417
v -21.3926768 620.330605 -12.1361387
v -39.126455 620.330605 5.59763955
v -30.2500623 620.330605 -15.8045409
v -42.7948572 620.330605 -3.25974595
v -39.126455 620.330605 -12.1361387
v -17.7242746 559.792466 -3.25974595
v -30.2500623 557.302514 -3.25974595
v -21.3926768 559.792466 5.59763955
v -21.3926768 559.792466 -12.1361387
v -30.2500623 559.792466 9.2660417
v -30.2500623 559.792466 -15.8045409
v -39.126455 559.792466 5.59763955
v -39.126455 559.792466 -12.1361387
v -42.7948572 559.792466 -3.25974595
v 110.973917 245.032157 62.9615654
v 52.9257295 240.831551 51.4431628
v 112.703578 245.032157 78.4144719
v 106.013021 245.032157 44.4865038
v 99.4745215 245.01315 86.0173779
v 97.9919548 245.032157 25.6122896
v 81.7787578 245.01315 93.2971604
v 61.7641077 245.01315 98.1059984
v 79.6689513 244.842084 -2.17633185
v 39.7536948 244.994143 100.291834
v 47.7367461 240.831551 -1.51107757
v 9.55115067 240.831551 70.5644714
v 87.5189518 244.994143 -14.7971558
v 25.7073259 244.842084 99.8546668
v 48.3449786 240.831551 -51.7092645
v 96.5664099 245.032157 -35.0018785
v 102.363626 245.032157 -54.7314196
v 104.83457 245.032157 -73.7196774
v -31.2764546 240.831551 97.7828749
v 20.2142264 245.01315 111.658178
v 8.52475836 245.032157 130.437356
v -4.74231262 245.032157 146.156364
v 104.644498 245.032157 -89.0585403
v -19.0357759 245.032157 158.872225
v 90.5791215 245.032157 -95.1598723
v -31.8466725 245.032157 167.216414
v 72.0850526 245.01315 -100.063747
v -44.7716128 245.051164 158.910239
v 51.6522427 245.032157 -102.458662
v 30.3831131 245.051164 -101.964473
v 22.4190691 244.842084 -100.957088
v 7.21325708 240.831551 -71.4958274
v 17.1730639 245.01315 -112.038324
v -33.5383191 240.831551 -97.8018822
v 5.31253057 245.01315 -130.722465
v -7.97354768 245.032157 -146.422466
v -22.4570836 245.032157 -158.948254
v -59.2361414 245.032157 146.384452
v -72.5032124 245.032157 130.665443
v -84.3447385 245.01315 111.962295
v -72.4081761 240.831551 70.5074496
v -89.9328745 244.861092 99.8546668
v -117.151278 240.831551 50.3787559
v -119.64123 245.01315 98.9423181
v -35.248973 245.032157 -167.292443
v -139.750916 245.01315 94.9127779
v -48.1929205 245.051164 -158.853217
v -157.807818 245.01315 88.5833586
v -62.4673765 245.032157 -146.137357
v -171.41702 245.01315 81.3415907
v -75.7154402 245.032157 -130.418349
v -87.4049082 245.01315 -111.620164
v -95.6730685 244.861092 -93.0120514
v -76.3806945 240.831551 -65.7936479
v -120.154426 244.994143 -92.2517608
v -118.101641 240.831551 -46.6723393
v -140.492199 244.994143 -89.039533
v -170.333606 245.01315 66.0597496
v -166.380094 245.01315 47.3185863
v -159.04329 244.994143 28.1022413
v -112.589534 240.831551 4.15308741
v -146.992684 244.880099 5.88274852
v -158.701159 244.994143 -83.1662881
v -161.970409 245.01315 -22.7802071
v -172.500434 245.01315 -76.6277889
v -168.527915 245.01315 -42.2626538
v -171.987238 245.01315 -61.0798462
v 100.348856 278.541965 25.9354131
v 107.780696 279.891481 44.9616854
v 45.9310559 274.987607 46.007085
v 112.076338 280.974895 63.797885
v 113.368832 281.754193 80.7333582
v 99.0183471 280.974895 89.8188309
v 81.3986125 279.872474 97.7258531
v 61.7260932 278.541965 103.294982
v 40.2288764 276.945355 105.994013
v 84.5348112 275.766905 -0.389648933
v 26.9047836 275.880948 105.784933
v -30.0980042 253.015208 0.123547223
v 44.6005474 275.025621 -46.4252448
v 92.0046663 276.926348 -13.1055092
v 100.348856 278.541965 -33.101152
v 105.309752 279.872474 -52.9447367
v 107.229486 280.955888 -72.1610817
v -32.9681012 274.968599 91.6625356
v -94.3235527 275.918963 104.20733
v 22.0009093 276.945355 115.516653
v 9.9693105 278.541965 133.554548
v -3.73492758 279.891481 148.76036
v 106.488202 281.754193 -89.1155621
v -18.6366234 280.974895 161.039053
v 91.1493394 280.974895 -96.4143518
v -33.1961884 281.754193 169.801402
v 72.6742778 279.891481 -102.078517
v -47.7557534 280.974895 161.05806
v 52.4315406 278.541965 -105.100672
v 30.6302076 276.926348 -105.195708
v -62.7144709 279.891481 148.855396
v -76.5137454 278.541965 133.782635
v -88.5833586 276.945355 115.782755
v 25.5932824 275.975985 -104.986628
v -107.457573 274.930585 45.2277871
v -120.6106 278.541965 102.040502
v -140.549221 279.872474 97.4217369
v -158.511087 280.974895 90.3130198
v -173.22271 281.735186 81.8357796
v -172.633485 280.955888 64.8622919
v -169.19317 279.872474 45.8550269
v -162.635663 278.522958 26.4866238
v -152.086631 276.337123 5.00841433
v -109.681423 274.873563 -39.1074478
v -165.448738 278.541965 -21.1645896
v -171.359998 279.872474 -40.7230653
v -174.135059 280.955888 -59.8253667
v -174.097044 281.735186 -76.8178616
v -159.081305 280.955888 -84.7438911
v -140.891352 279.872474 -91.2253685
v -120.781666 278.522958 -95.2739159
v -98.8472818 275.367752 -97.6308168
v -35.3820238 274.968599 -91.0923176
v -90.4270633 276.945355 -115.497646
v -78.4144719 278.541965 -133.53554
v 20.1572046 276.945355 -115.858784
v -64.729241 279.891481 -148.741352
v 8.068584 278.541965 -133.839657
v -49.8275453 280.974895 -161.039053
v -5.74969767 279.891481 -148.912418
v -35.2869875 281.754193 -169.820409
v -20.7274225 280.974895 -161.096075
v 187.934333 213.233003 97.3647151
v 98.1820275 206.732518 79.573915
v 190.614357 213.213995 121.275854
v 180.274405 213.213995 68.7967958
v 170.16254 213.194988 133.022344
v 167.881668 213.213995 39.6206439
v 142.792078 213.194988 144.31266
v 111.848251 213.175981 151.7445
v 139.541836 212.928886 -3.35478228
v 77.7872321 213.156974 155.127793
v 90.1419544 206.732518 -2.34739723
v 31.1053892 206.732518 109.130212
v 151.668471 213.175981 -22.8942507
v 56.0619282 212.928886 154.443532
v 91.0733104 206.732518 -79.9730676
v 165.676826 213.213995 -54.1231872
v 174.61024 213.213995 -84.6488548
v 178.449708 213.233003 -113.996072
v -32.0747597 206.732518 151.231304
v 47.584688 213.175981 172.709514
v 29.5087789 213.213995 201.752615
v 8.96192546 213.213995 226.043899
v 178.145591 213.213995 -137.736146
v -13.1245165 213.233003 245.697411
v 156.40128 213.233003 -147.163749
v -32.9300867 213.233003 258.622352
v 127.814354 213.213995 -154.747648
v -52.9447367 213.233003 245.792448
v 96.2052719 213.213995 -158.454065
v 63.3036962 213.233003 -157.712782
v 50.9869884 212.928886 -156.135179
v 27.4559943 206.732518 -110.555757
v 42.8708863 213.175981 -173.279732
v -35.5530892 206.732518 -151.250311
v 24.5288755 213.213995 -202.170774
v 3.98202202 213.213995 -226.462059
v -18.4085362 213.233003 -245.830462
v -75.2972804 213.233003 226.405037
v -95.8251266 213.213995 202.075738
v -114.129123 213.194988 173.184695
v -95.6730685 206.732518 109.054183
v -122.777428 212.947894 154.443532
v -164.859513 206.732518 77.9012757
v -168.717988 213.175981 153.036994
v -38.1950991 213.233003 -258.736395
v -199.832881 213.175981 146.802611
v -58.2097491 213.233003 -245.697411
v -227.754553 213.194988 136.994863
v -80.2961911 213.213995 -226.005885
v -248.795596 213.194988 125.799584
v -100.80503 213.233003 -201.695593
v -118.842925 213.194988 -172.633485
v -131.653821 212.966901 -143.856485
v -101.831422 206.732518 -101.736386
v -169.516293 213.156974 -142.659028
v -166.34208 206.732518 -72.1800889
v -200.954309 213.175981 -137.698131
v -247.141963 213.194988 102.154546
v -241.002617 213.194988 73.2064812
v -229.65528 213.175981 43.4601115
v -157.807818 206.732518 6.43395921
v -211.02816 212.985908 9.11398358
v -229.142083 213.175981 -128.612659
v -234.198016 213.194988 -35.2299657
v -250.468235 213.194988 -118.519801
v -244.309881 213.194988 -65.3564808
v -249.688937 213.194988 -94.4566035
v 142.392926 240.337363 34.317617
v 152.219682 242.105038 59.4832359
v 70.393406 235.642568 60.851759
v 157.883847 243.54959 84.4017603
v 159.613508 244.575983 106.811326
v 140.644258 243.54959 118.842925
v 117.322343 242.105038 129.277913
v 91.3013975 240.318355 136.633725
v 62.8665291 238.208549 140.226098
v 121.465927 236.649953 -0.503692523
v 45.2087799 236.802011 139.940989
v -30.2500623 225.568718 0.199576283
v 68.6257304 235.680583 -61.4219769
v 131.349705 238.208549 -17.3441293
v 142.373919 240.318355 -43.8022422
v 148.950432 242.105038 -70.032268
v 151.478399 243.54959 -95.4639886
v -33.9944935 235.623561 121.256847
v -115.155515 236.859033 137.85019
v 38.7463097 238.227556 152.808907
v 22.8182217 240.337363 176.682032
v 4.70429809 242.124045 196.791718
v 150.509028 244.575983 -117.911569
v -15.025243 243.54959 213.04293
v 130.209269 243.54959 -127.548252
v -34.2796025 244.575983 224.637362
v 105.765926 242.105038 -135.037114
v -53.5339619 243.54959 213.080945
v 79.0036971 240.318355 -139.047647
v 50.1506688 238.208549 -139.161691
v -73.3205248 242.105038 196.924769
v -91.5865065 240.337363 176.967141
v -107.571616 238.227556 153.170045
v 43.498126 236.954069 -138.895589
v -132.528155 235.566539 59.8443739
v -149.93881 240.318355 134.980093
v -176.301887 242.105038 128.87876
v -200.060968 243.54959 119.489172
v -219.543415 244.575983 108.255878
v -218.74511 243.530583 85.8082979
v -214.202373 242.105038 60.6616863
v -205.516053 240.318355 35.0398931
v -191.564721 237.410244 6.62403186
v -135.455274 235.471503 -51.747279
v -209.260484 240.318355 -28.007205
v -217.053463 242.105038 -53.8570854
v -220.740872 243.530583 -79.1557552
v -220.683851 244.556975 -101.622342
v -200.821259 243.530583 -112.114353
v -176.758061 242.086031 -120.686629
v -150.14789 240.318355 -126.027671
v -121.123796 236.136757 -129.144862
v -37.187714 235.604554 -120.515564
v -110.004546 238.227556 -152.7899
v -94.0954655 240.337363 -176.644017
v 36.3133798 238.227556 -153.265082
v -76.0005492 242.124045 -196.772711
v 20.3092627 240.337363 -177.04317
v -56.2900154 243.54959 -213.04293
v 2.02427372 242.105038 -196.981791
v -37.0546632 244.575983 -224.656369
v -17.7812964 243.54959 -213.118959
vt 0.827352428 0.569017851
vt 0.833325482 0.569764482
vt 0.833325482 0.568271219
vt 0.827352428 0.567524587
vt 0.820632743 0.568271219
vt 0.830338955 0.56005827
vt 0.820632743 0.566777956
vt 0.813913057 0.566777956
vt 0.824365901 0.56005827
vt 0.829592324 0.558565007
vt 0.824365901 0.558565007
vt 0.819139479 0.559311638
vt 0.818392848 0.558565007
vt 0.813913057 0.565284692
vt 0.80644674 0.56453806
vt 0.812419794 0.558565007
vt 0.812419794 0.557818375
vt 0.80644674 0.563044797
vt 0.800473686 0.562298165
vt 0.805700108 0.557818375
vt 0.80644674 0.556325111
vt 0.801220318 0.55557848
vt 0.801220318 0.554831848
vt 0.800473686 0.561551533
vt 0.792260737 0.563791429
vt 0.794500632 0.556325111
vt 0.794500632 0.554831848
vt 0.792260737 0.562298165
vt 0.78479442 0.56453806
vt 0.788527579 0.556325111
vt 0.788527579 0.554831848
vt 0.785541052 0.563044797
vt 0.778074734 0.56453806
vt 0.782554525 0.556325111
vt 0.782554525 0.554831848
vt 0.778821366 0.563791429
vt 0.772848312 0.563791429
vt 0.776581471 0.55557848
vt 0.777328103 0.554831848
vt 0.773594944 0.563044797
vt 0.769115154 0.560804902
vt 0.769115154 0.559311638
vt 0.764635363 0.556325111
vt 0.772101681 0.551845321
vt 0.772848312 0.551098689
vt 0.764635363 0.554831848
vt 0.760155573 0.550352058
vt 0.768368522 0.548112162
vt 0.768368522 0.546618899
vt 0.760155573 0.549605426
vt 0.753435887 0.541392477
vt 0.763888732 0.543632372
vt 0.763888732 0.542139109
vt 0.754182519 0.540645845
vt 0.74596957 0.53840595
vt 0.757915678 0.536912686
vt 0.758662309 0.536166055
vt 0.751942624 0.53392616
vt 0.752689256 0.532432896
vt 0.746716202 0.537659318
vt 0.739249885 0.535419423
vt 0.746716202 0.530193001
vt 0.747462834 0.529446369
vt 0.740743148 0.534672791
vt 0.733276831 0.531686264
vt 0.74148978 0.526459842
vt 0.742983043 0.525713211
vt 0.734770094 0.530939633
vt 0.729543672 0.528699737
vt 0.737009989 0.523473315
vt 0.738503253 0.522726684
vt 0.730290304 0.527953106
vt 0.728050409 0.523473315
vt 0.72879704 0.522726684
vt 0.726557145 0.51675363
vt 0.735516726 0.517500262
vt 0.737009989 0.517500262
vt 0.728050409 0.516006998
vt 0.725810513 0.510033944
vt 0.734023462 0.512273839
vt 0.735516726 0.511527208
vt 0.727303777 0.509287313
vt 0.725063882 0.4995811
vt 0.732530199 0.505554154
vt 0.734023462 0.505554154
vt 0.726557145 0.4995811
vt 0.722823987 0.496594573
vt 0.731783567 0.498087837
vt 0.732530199 0.498087837
vt 0.729543672 0.49510131
vt 0.731036936 0.49510131
vt 0.72431725 0.496594573
vt 0.719090828 0.489874888
vt 0.726557145 0.489874888
vt 0.728050409 0.489128256
vt 0.71983746 0.489874888
vt 0.715357669 0.483901834
vt 0.72431725 0.483901834
vt 0.725063882 0.483901834
vt 0.716850933 0.483901834
vt 0.712371142 0.47792878
vt 0.722077355 0.47792878
vt 0.723570618 0.47792878
vt 0.713864406 0.47792878
vt 0.710877879 0.472702358
vt 0.71983746 0.472702358
vt 0.721330723 0.472702358
vt 0.711624511 0.472702358
vt 0.712371142 0.467475936
vt 0.713864406 0.467475936
vt 0.714611038 0.461502882
vt 0.722077355 0.467475936
vt 0.722823987 0.467475936
vt 0.716104301 0.461502882
vt 0.718344196 0.455529828
vt 0.723570618 0.461502882
vt 0.725063882 0.461502882
vt 0.719090828 0.455529828
vt 0.722077355 0.448810143
vt 0.725810513 0.455529828
vt 0.727303777 0.45627646
vt 0.722823987 0.448810143
vt 0.723570618 0.445076984
vt 0.72879704 0.449556774
vt 0.729543672 0.450303406
vt 0.730290304 0.447316879
vt 0.731783567 0.447316879
vt 0.725063882 0.445076984
vt 0.72431725 0.440597194
vt 0.730290304 0.443583721
vt 0.731783567 0.444330352
vt 0.725063882 0.441343825
vt 0.72431725 0.433130876
vt 0.731036936 0.436864035
vt 0.732530199 0.437610667
vt 0.725810513 0.433877508
vt 0.725810513 0.425664559
vt 0.732530199 0.430890981
vt 0.734023462 0.431637613
vt 0.726557145 0.426411191
vt 0.726557145 0.418944874
vt 0.734023462 0.424917927
vt 0.735516726 0.425664559
vt 0.728050409 0.420438137
vt 0.72879704 0.414465083
vt 0.736263358 0.419691505
vt 0.737009989 0.420438137
vt 0.729543672 0.414465083
vt 0.732530199 0.410731925
vt 0.734023462 0.411478556
vt 0.738503253 0.407745398
vt 0.740743148 0.416704978
vt 0.74148978 0.41745161
vt 0.739249885 0.408492029
vt 0.745222938 0.404758871
vt 0.74596957 0.41297182
vt 0.746716202 0.413718452
vt 0.74596957 0.405505503
vt 0.754929151 0.40027908
vt 0.751195992 0.409985293
vt 0.751942624 0.410731925
vt 0.755675783 0.401025712
vt 0.757915678 0.396545922
vt 0.758662309 0.405505503
vt 0.759408941 0.406252134
vt 0.760902205 0.402518976
vt 0.761648836 0.403265607
vt 0.758662309 0.397292554
vt 0.762395468 0.390572868
vt 0.765381995 0.397292554
vt 0.766128627 0.398785817
vt 0.7631421 0.3913195
vt 0.766875258 0.384599814
vt 0.769861785 0.392812763
vt 0.770608417 0.394306027
vt 0.76762189 0.386093078
vt 0.772101681 0.380120024
vt 0.775088207 0.389079605
vt 0.775088207 0.390572868
vt 0.772101681 0.381613287
vt 0.775834839 0.377133497
vt 0.778821366 0.385346446
vt 0.779567998 0.386839709
vt 0.776581471 0.377880129
vt 0.781061261 0.376386865
vt 0.781807893 0.377880129
vt 0.787780947 0.377133497
vt 0.78479442 0.385346446
vt 0.78479442 0.386839709
vt 0.788527579 0.377880129
vt 0.795247264 0.377880129
vt 0.790767474 0.385346446
vt 0.791514105 0.386093078
vt 0.795247264 0.37862676
vt 0.80196695 0.37862676
vt 0.797487159 0.385346446
vt 0.797487159 0.386839709
vt 0.802713581 0.380120024
vt 0.804206845 0.379373392
vt 0.804206845 0.386093078
vt 0.804206845 0.386839709
vt 0.804206845 0.380120024
vt 0.807940003 0.377133497
vt 0.804953477 0.386093078
vt 0.804953477 0.386839709
vt 0.807940003 0.384599814
vt 0.807940003 0.385346446
vt 0.807940003 0.37862676
vt 0.814659689 0.37414697
vt 0.813913057 0.381613287
vt 0.814659689 0.383106551
vt 0.814659689 0.375640233
vt 0.821379375 0.371160443
vt 0.819886111 0.380120024
vt 0.819886111 0.381613287
vt 0.821379375 0.372653707
vt 0.827352428 0.36966718
vt 0.825859165 0.37862676
vt 0.825859165 0.380120024
vt 0.827352428 0.370413811
vt 0.83257885 0.368173916
vt 0.833325482 0.368920548
vt 0.831085587 0.377880129
vt 0.831085587 0.379373392
vt 0.559311638 0.840791799
vt 0.558565007 0.844524958
vt 0.559311638 0.844524958
vt 0.56005827 0.840791799
vt 0.560804902 0.837058641
vt 0.566031324 0.847511485
vt 0.561551533 0.836312009
vt 0.562298165 0.83257885
vt 0.566777956 0.843778326
vt 0.567524587 0.847511485
vt 0.568271219 0.843778326
vt 0.568271219 0.839298536
vt 0.569017851 0.839298536
vt 0.563044797 0.831832219
vt 0.563044797 0.827352428
vt 0.569017851 0.834818746
vt 0.569764482 0.834818746
vt 0.563791429 0.827352428
vt 0.563791429 0.82361927
vt 0.569764482 0.829592324
vt 0.570511114 0.829592324
vt 0.570511114 0.825112533
vt 0.571257746 0.825859165
vt 0.56453806 0.82361927
vt 0.566031324 0.819139479
vt 0.572751009 0.820632743
vt 0.573497641 0.820632743
vt 0.566031324 0.819139479
vt 0.566777956 0.814659689
vt 0.574244273 0.816152952
vt 0.574990905 0.816152952
vt 0.567524587 0.814659689
vt 0.567524587 0.810179899
vt 0.575737536 0.811673162
vt 0.576484168 0.812419794
vt 0.568271219 0.81092653
vt 0.569017851 0.80644674
vt 0.576484168 0.807940003
vt 0.5772308 0.808686635
vt 0.569764482 0.80644674
vt 0.569764482 0.802713581
vt 0.570511114 0.802713581
vt 0.570511114 0.798233791
vt 0.5772308 0.804206845
vt 0.577977431 0.804206845
vt 0.571257746 0.798233791
vt 0.571257746 0.793754001
vt 0.577977431 0.799727054
vt 0.578724063 0.799727054
vt 0.572004378 0.793754001
vt 0.572004378 0.787780947
vt 0.578724063 0.795247264
vt 0.579470695 0.795247264
vt 0.572751009 0.787780947
vt 0.572751009 0.782554525
vt 0.579470695 0.788527579
vt 0.580217327 0.788527579
vt 0.580217327 0.783301156
vt 0.580963958 0.783301156
vt 0.573497641 0.782554525
vt 0.573497641 0.778074734
vt 0.580963958 0.778821366
vt 0.58171059 0.778821366
vt 0.574244273 0.778074734
vt 0.573497641 0.773594944
vt 0.58171059 0.774341576
vt 0.582457222 0.774341576
vt 0.574244273 0.773594944
vt 0.574244273 0.769861785
vt 0.58171059 0.770608417
vt 0.583203854 0.770608417
vt 0.574990905 0.769861785
vt 0.574244273 0.766128627
vt 0.574990905 0.765381995
vt 0.574244273 0.761648836
vt 0.582457222 0.766128627
vt 0.583203854 0.766128627
vt 0.574990905 0.761648836
vt 0.574990905 0.757169046
vt 0.582457222 0.762395468
vt 0.583203854 0.761648836
vt 0.575737536 0.756422414
vt 0.574244273 0.751195992
vt 0.58171059 0.757169046
vt 0.583203854 0.757169046
vt 0.574990905 0.751195992
vt 0.574244273 0.748209465
vt 0.58171059 0.751195992
vt 0.582457222 0.751195992
vt 0.58171059 0.748209465
vt 0.582457222 0.748209465
vt 0.574990905 0.748956097
vt 0.574244273 0.743729675
vt 0.58171059 0.742983043
vt 0.582457222 0.743729675
vt 0.574990905 0.743729675
vt 0.574244273 0.738503253
vt 0.582457222 0.738503253
vt 0.583203854 0.739249885
vt 0.574990905 0.739249885
vt 0.574244273 0.734023462
vt 0.582457222 0.734023462
vt 0.583203854 0.734770094
vt 0.574990905 0.734770094
vt 0.574244273 0.730290304
vt 0.582457222 0.730290304
vt 0.583203854 0.730290304
vt 0.574990905 0.730290304
vt 0.574244273 0.727303777
vt 0.574244273 0.726557145
vt 0.573497641 0.722823987
vt 0.58171059 0.726557145
vt 0.582457222 0.726557145
vt 0.574244273 0.722077355
vt 0.573497641 0.717597564
vt 0.580963958 0.722077355
vt 0.582457222 0.722077355
vt 0.574244273 0.717597564
vt 0.572751009 0.713117774
vt 0.580217327 0.717597564
vt 0.58171059 0.717597564
vt 0.573497641 0.712371142
vt 0.572004378 0.710131247
vt 0.579470695 0.712371142
vt 0.580217327 0.712371142
vt 0.579470695 0.710131247
vt 0.580217327 0.710131247
vt 0.572751009 0.710131247
vt 0.572004378 0.707891352
vt 0.579470695 0.707891352
vt 0.580217327 0.707891352
vt 0.572751009 0.707891352
vt 0.572004378 0.70266493
vt 0.579470695 0.70266493
vt 0.580217327 0.70266493
vt 0.572751009 0.703411562
vt 0.572004378 0.69818514
vt 0.579470695 0.69818514
vt 0.580963958 0.69818514
vt 0.572751009 0.69818514
vt 0.572004378 0.693705349
vt 0.579470695 0.693705349
vt 0.580963958 0.693705349
vt 0.572751009 0.693705349
vt 0.572004378 0.689972191
vt 0.579470695 0.689972191
vt 0.580217327 0.689972191
vt 0.572751009 0.689972191
vt 0.571257746 0.686239032
vt 0.572004378 0.6854924
vt 0.571257746 0.681759242
vt 0.579470695 0.6854924
vt 0.580217327 0.6854924
vt 0.572004378 0.68101261
vt 0.571257746 0.677279451
vt 0.578724063 0.681759242
vt 0.579470695 0.68101261
vt 0.572004378 0.676532819
vt 0.569764482 0.670559766
vt 0.577977431 0.676532819
vt 0.578724063 0.676532819
vt 0.570511114 0.670559766
vt 0.569764482 0.667573239
vt 0.576484168 0.669813134
vt 0.577977431 0.669813134
vt 0.576484168 0.666826607
vt 0.5772308 0.666826607
vt 0.570511114 0.667573239
vt 0.569017851 0.663093448
vt 0.575737536 0.661600185
vt 0.576484168 0.661600185
vt 0.569764482 0.663093448
vt 0.567524587 0.657867026
vt 0.575737536 0.657120395
vt 0.576484168 0.657120395
vt 0.569017851 0.658613658
vt 0.566777956 0.654133868
vt 0.574990905 0.652640604
vt 0.575737536 0.652640604
vt 0.567524587 0.654133868
vt 0.566777956 0.650400709
vt 0.574244273 0.648907446
vt 0.574990905 0.648907446
vt 0.566777956 0.650400709
vt 0.565284692 0.64666755
vt 0.566031324 0.645920919
vt 0.56453806 0.64218776
vt 0.573497641 0.645174287
vt 0.574244273 0.644427655
vt 0.565284692 0.641441128
vt 0.563791429 0.63770797
vt 0.572004378 0.640694497
vt 0.572751009 0.640694497
vt 0.56453806 0.636961338
vt 0.562298165 0.633228179
vt 0.571257746 0.636214706
vt 0.572004378 0.636214706
vt 0.563044797 0.632481548
vt 0.561551533 0.631734916
vt 0.569764482 0.630988284
vt 0.570511114 0.630988284
vt 0.563044797 0.631734916
vt 0.561551533 0.629495021
vt 0.569017851 0.630241652
vt 0.569764482 0.630241652
vt 0.569017851 0.628001757
vt 0.569764482 0.628001757
vt 0.562298165 0.629495021
vt 0.560804902 0.624268599
vt 0.568271219 0.622775335
vt 0.569017851 0.622775335
vt 0.561551533 0.62501523
vt 0.56005827 0.619788808
vt 0.567524587 0.618295545
vt 0.568271219 0.618295545
vt 0.560804902 0.62053544
vt 0.559311638 0.615309018
vt 0.566777956 0.613815754
vt 0.567524587 0.613815754
vt 0.56005827 0.61605565
vt 0.558565007 0.612322491
vt 0.559311638 0.611575859
vt 0.566777956 0.610082596
vt 0.567524587 0.610082596
vt 0.843778326 0.574990905
vt 0.860950856 0.574990905
vt 0.860950856 0.546618899
vt 0.843778326 0.546618899
vt 0.72879704 0.542139109
vt 0.710877879 0.542139109
vt 0.710877879 0.569764482
vt 0.72879704 0.569764482
vt 0.746716202 0.478675412
vt 0.748956097 0.47344899
vt 0.74596957 0.476435517
vt 0.749702729 0.477182148
vt 0.747462834 0.48240857
vt 0.752689256 0.471209094
vt 0.749702729 0.481661939
vt 0.747462834 0.486141729
vt 0.752689256 0.476435517
vt 0.756422414 0.471209094
vt 0.749702729 0.485395097
vt 0.747462834 0.489874888
vt 0.752689256 0.480915307
vt 0.755675783 0.476435517
vt 0.760155573 0.472702358
vt 0.75044936 0.489874888
vt 0.747462834 0.493608046
vt 0.752689256 0.485395097
vt 0.755675783 0.480915307
vt 0.758662309 0.477182148
vt 0.7631421 0.474942253
vt 0.75044936 0.493608046
vt 0.747462834 0.496594573
vt 0.752689256 0.489874888
vt 0.755675783 0.485395097
vt 0.758662309 0.480915307
vt 0.761648836 0.47792878
vt 0.765381995 0.47792878
vt 0.763888732 0.479422043
vt 0.760902205 0.481661939
vt 0.763888732 0.48240857
vt 0.75044936 0.497341205
vt 0.747462834 0.4995811
vt 0.752689256 0.493608046
vt 0.755675783 0.489874888
vt 0.758662309 0.485395097
vt 0.760902205 0.485395097
vt 0.763888732 0.486141729
vt 0.749702729 0.501074364
vt 0.74596957 0.501820995
vt 0.748209465 0.504807522
vt 0.752689256 0.498087837
vt 0.752689256 0.502567627
vt 0.751195992 0.507047417
vt 0.755675783 0.493608046
vt 0.758662309 0.489874888
vt 0.760902205 0.489874888
vt 0.763888732 0.489874888
vt 0.755675783 0.503314259
vt 0.754929151 0.508540681
vt 0.755675783 0.498087837
vt 0.758662309 0.493608046
vt 0.761648836 0.493608046
vt 0.763888732 0.493608046
vt 0.758662309 0.498087837
vt 0.758662309 0.502567627
vt 0.758662309 0.507794049
vt 0.761648836 0.498087837
vt 0.763888732 0.497341205
vt 0.761648836 0.501820995
vt 0.762395468 0.506300786
vt 0.764635363 0.500327732
vt 0.765381995 0.503314259
vt 0.718344196 0.368173916
vt 0.710877879 0.368173916
vt 0.710877879 0.368920548
vt 0.718344196 0.368920548
vt 0.718344196 0.371907075
vt 0.710877879 0.371907075
vt 0.710877879 0.372653707
vt 0.718344196 0.372653707
vt 0.718344196 0.377133497
vt 0.710877879 0.377133497
vt 0.710877879 0.377880129
vt 0.718344196 0.377880129
vt 0.718344196 0.380866656
vt 0.710877879 0.380866656
vt 0.710877879 0.381613287
vt 0.718344196 0.381613287
vt 0.718344196 0.386093078
vt 0.710877879 0.386093078
vt 0.916201604 0.546618899
vt 0.898282442 0.546618899
vt 0.898282442 0.574244273
vt 0.916201604 0.574244273
vt 0.980411932 0.601123015
vt 0.997584462 0.601123015
vt 0.997584462 0.573497641
vt 0.980411932 0.573497641
vt 0.937853924 0.494354678
vt 0.94457361 0.494354678
vt 0.94457361 0.494354678
vt 0.937853924 0.494354678
vt 0.937853924 0.491368151
vt 0.94457361 0.491368151
vt 0.94457361 0.490621519
vt 0.937853924 0.490621519
vt 0.937853924 0.486141729
vt 0.94457361 0.486141729
vt 0.94457361 0.485395097
vt 0.937853924 0.485395097
vt 0.937853924 0.48240857
vt 0.94457361 0.48240857
vt 0.94457361 0.481661939
vt 0.937853924 0.481661939
vt 0.937853924 0.477182148
vt 0.94457361 0.477182148
vt 0.405505503 0.37862676
vt 0.398785817 0.37862676
vt 0.398785817 0.379373392
vt 0.405505503 0.379373392
vt 0.405505503 0.382359919
vt 0.398785817 0.382359919
vt 0.398785817 0.383106551
vt 0.405505503 0.383106551
vt 0.405505503 0.387586341
vt 0.398785817 0.387586341
vt 0.398785817 0.388332973
vt 0.405505503 0.388332973
vt 0.405505503 0.3913195
vt 0.398785817 0.3913195
vt 0.398785817 0.3913195
vt 0.405505503 0.3913195
vt 0.405505503 0.396545922
vt 0.398785817 0.396545922
vt 0.887829598 0.546618899
vt 0.8714037 0.546618899
vt 0.8714037 0.574990905
vt 0.887829598 0.574990905
vt 0.960999508 0.602616278
vt 0.978172037 0.602616278
vt 0.978172037 0.574990905
vt 0.960999508 0.574990905
vt 0.558565007 0.597389856
vt 0.558565007 0.601869647
vt 0.559311638 0.601869647
vt 0.559311638 0.597389856
vt 0.558565007 0.592163434
vt 0.567524587 0.601869647
vt 0.559311638 0.592163434
vt 0.558565007 0.586937012
vt 0.567524587 0.597389856
vt 0.569017851 0.601869647
vt 0.569017851 0.597389856
vt 0.567524587 0.592163434
vt 0.569017851 0.592163434
vt 0.559311638 0.586937012
vt 0.558565007 0.580963958
vt 0.567524587 0.586937012
vt 0.569017851 0.586937012
vt 0.559311638 0.580963958
vt 0.558565007 0.575737536
vt 0.567524587 0.580963958
vt 0.569017851 0.580963958
vt 0.567524587 0.575737536
vt 0.569017851 0.575737536
vt 0.559311638 0.575737536
vt 0.558565007 0.569764482
vt 0.567524587 0.569764482
vt 0.569017851 0.569764482
vt 0.559311638 0.569764482
vt 0.558565007 0.563791429
vt 0.567524587 0.563791429
vt 0.569017851 0.563791429
vt 0.559311638 0.563791429
vt 0.558565007 0.559311638
vt 0.567524587 0.559311638
vt 0.569017851 0.559311638
vt 0.559311638 0.559311638
vt 0.558565007 0.554085216
vt 0.567524587 0.554085216
vt 0.569017851 0.554085216
vt 0.559311638 0.554085216
vt 0.558565007 0.549605426
vt 0.559311638 0.549605426
vt 0.558565007 0.544379004
vt 0.567524587 0.549605426
vt 0.569017851 0.549605426
vt 0.559311638 0.544379004
vt 0.558565007 0.539152582
vt 0.567524587 0.544379004
vt 0.569017851 0.544379004
vt 0.559311638 0.539152582
vt 0.558565007 0.530939633
vt 0.567524587 0.539152582
vt 0.569017851 0.539152582
vt 0.559311638 0.530939633
vt 0.558565007 0.524219947
vt 0.567524587 0.530939633
vt 0.569017851 0.530939633
vt 0.567524587 0.524219947
vt 0.569017851 0.524219947
vt 0.559311638 0.524219947
vt 0.558565007 0.518993525
vt 0.567524587 0.518993525
vt 0.569017851 0.518993525
vt 0.559311638 0.518993525
vt 0.558565007 0.513767103
vt 0.567524587 0.513767103
vt 0.569017851 0.513767103
vt 0.559311638 0.513767103
vt 0.558565007 0.509287313
vt 0.567524587 0.509287313
vt 0.569017851 0.509287313
vt 0.559311638 0.509287313
vt 0.558565007 0.50406089
vt 0.559311638 0.50406089
vt 0.558565007 0.4995811
vt 0.567524587 0.50406089
vt 0.569017851 0.50406089
vt 0.559311638 0.4995811
vt 0.558565007 0.493608046
vt 0.567524587 0.4995811
vt 0.569017851 0.4995811
vt 0.559311638 0.493608046
vt 0.558565007 0.486141729
vt 0.567524587 0.493608046
vt 0.569017851 0.493608046
vt 0.559311638 0.486141729
vt 0.558565007 0.483155202
vt 0.567524587 0.486141729
vt 0.569017851 0.486141729
vt 0.567524587 0.483155202
vt 0.569017851 0.483155202
vt 0.559311638 0.483155202
vt 0.558565007 0.477182148
vt 0.567524587 0.477182148
vt 0.569017851 0.477182148
vt 0.559311638 0.477182148
vt 0.558565007 0.471955726
vt 0.567524587 0.471955726
vt 0.569017851 0.471955726
vt 0.559311638 0.471955726
vt 0.558565007 0.466729304
vt 0.567524587 0.466729304
vt 0.569017851 0.466729304
vt 0.559311638 0.466729304
vt 0.558565007 0.462249514
vt 0.567524587 0.462249514
vt 0.569017851 0.462249514
vt 0.559311638 0.462249514
vt 0.558565007 0.457023092
vt 0.559311638 0.457023092
vt 0.558565007 0.45179667
vt 0.567524587 0.457023092
vt 0.569017851 0.457023092
vt 0.559311638 0.45179667
vt 0.558565007 0.446570247
vt 0.567524587 0.45179667
vt 0.569017851 0.45179667
vt 0.559311638 0.446570247
vt 0.558565007 0.440597194
vt 0.567524587 0.446570247
vt 0.569017851 0.446570247
vt 0.559311638 0.440597194
vt 0.558565007 0.437610667
vt 0.567524587 0.440597194
vt 0.569017851 0.440597194
vt 0.567524587 0.437610667
vt 0.569017851 0.437610667
vt 0.559311638 0.437610667
vt 0.558565007 0.43462414
vt 0.567524587 0.43462414
vt 0.569017851 0.43462414
vt 0.559311638 0.43462414
vt 0.558565007 0.428651086
vt 0.567524587 0.428651086
vt 0.569017851 0.428651086
vt 0.559311638 0.428651086
vt 0.558565007 0.422678032
vt 0.567524587 0.422678032
vt 0.569017851 0.422678032
vt 0.559311638 0.422678032
vt 0.558565007 0.41745161
vt 0.567524587 0.41745161
vt 0.569017851 0.41745161
vt 0.559311638 0.41745161
vt 0.558565007 0.41297182
vt 0.567524587 0.41297182
vt 0.569017851 0.41297182
vt 0.559311638 0.41297182
vt 0.558565007 0.408492029
vt 0.559311638 0.408492029
vt 0.558565007 0.403265607
vt 0.567524587 0.408492029
vt 0.569017851 0.408492029
vt 0.559311638 0.403265607
vt 0.558565007 0.398039185
vt 0.567524587 0.403265607
vt 0.569017851 0.403265607
vt 0.559311638 0.398039185
vt 0.558565007 0.389079605
vt 0.567524587 0.398039185
vt 0.569017851 0.398039185
vt 0.559311638 0.389079605
vt 0.558565007 0.386093078
vt 0.567524587 0.389079605
vt 0.569017851 0.389079605
vt 0.567524587 0.386093078
vt 0.569017851 0.386093078
vt 0.559311638 0.386093078
vt 0.558565007 0.380120024
vt 0.567524587 0.380120024
vt 0.569017851 0.380120024
vt 0.559311638 0.380120024
vt 0.558565007 0.37414697
vt 0.567524587 0.37414697
vt 0.569017851 0.37414697
vt 0.559311638 0.37414697
vt 0.558565007 0.368920548
vt 0.567524587 0.368920548
vt 0.569017851 0.368920548
vt 0.559311638 0.368920548
vt 0.558565007 0.364440758
vt 0.567524587 0.364440758
vt 0.569017851 0.364440758
vt 0.559311638 0.364440758
vt 0.558565007 0.359960967
vt 0.559311638 0.359960967
vt 0.558565007 0.354734545
vt 0.567524587 0.359960967
vt 0.569017851 0.359960967
vt 0.559311638 0.354734545
vt 0.558565007 0.348761491
vt 0.567524587 0.354734545
vt 0.569017851 0.354734545
vt 0.559311638 0.348761491
vt 0.558565007 0.343535069
vt 0.567524587 0.348761491
vt 0.569017851 0.348761491
vt 0.559311638 0.343535069
vt 0.558565007 0.342041806
vt 0.567524587 0.343535069
vt 0.569017851 0.343535069
vt 0.559311638 0.342041806
vt 0.558565007 0.339055279
vt 0.567524587 0.342041806
vt 0.569017851 0.342041806
vt 0.567524587 0.339055279
vt 0.569017851 0.339055279
vt 0.559311638 0.339055279
vt 0.558565007 0.333082225
vt 0.567524587 0.333082225
vt 0.569017851 0.333082225
vt 0.559311638 0.333082225
vt 0.558565007 0.327109171
vt 0.567524587 0.327109171
vt 0.569017851 0.327109171
vt 0.559311638 0.327109171
vt 0.558565007 0.322629381
vt 0.567524587 0.322629381
vt 0.569017851 0.322629381
vt 0.559311638 0.322629381
vt 0.558565007 0.317402959
vt 0.559311638 0.317402959
vt 0.567524587 0.317402959
vt 0.569017851 0.317402959
vt 0.675786188 0.665333344
vt 0.669813134 0.658613658
vt 0.669066502 0.65936029
vt 0.675039556 0.666079975
vt 0.675786188 0.667573239
vt 0.676532819 0.666826607
vt 0.657120395 0.686239032
vt 0.655627131 0.6854924
vt 0.648907446 0.680265978
vt 0.655627131 0.686985664
vt 0.647414182 0.68101261
vt 0.654880499 0.686239032
vt 0.643681023 0.710131247
vt 0.642934392 0.710131247
vt 0.633974811 0.70714472
vt 0.643681023 0.711624511
vt 0.633228179 0.708637984
vt 0.64218776 0.710877879
vt 0.639201233 0.737009989
vt 0.638454601 0.737756621
vt 0.628748389 0.737009989
vt 0.639201233 0.738503253
vt 0.628748389 0.738503253
vt 0.638454601 0.738503253
vt 0.643681023 0.764635363
vt 0.642934392 0.764635363
vt 0.633974811 0.76762189
vt 0.644427655 0.765381995
vt 0.634721443 0.769115154
vt 0.642934392 0.765381995
vt 0.657120395 0.788527579
vt 0.656373763 0.78927421
vt 0.648907446 0.794500632
vt 0.657867026 0.78927421
vt 0.649654077 0.795993896
vt 0.656373763 0.790020842
vt 0.676532819 0.807940003
vt 0.676532819 0.809433267
vt 0.669813134 0.816152952
vt 0.359214335 0.670559766
vt 0.548112162 0.670559766
vt 0.548112162 0.655627131
vt 0.359214335 0.655627131
vt 0.548112162 0.639947865
vt 0.359214335 0.639947865
vt 0.548112162 0.624268599
vt 0.359214335 0.624268599
vt 0.548112162 0.609335964
vt 0.359214335 0.609335964
vt 0.548112162 0.593656698
vt 0.359214335 0.593656698
vt 0.548112162 0.577977431
vt 0.359214335 0.577977431
vt 0.548112162 0.563044797
vt 0.359214335 0.563044797
vt 0.548112162 0.547365531
vt 0.359214335 0.547365531
vt 0.548112162 0.531686264
vt 0.359214335 0.531686264
vt 0.548112162 0.51675363
vt 0.359214335 0.51675363
vt 0.548112162 0.501074364
vt 0.359214335 0.501074364
vt 0.548112162 0.485395097
vt 0.359214335 0.485395097
vt 0.548112162 0.470462463
vt 0.359214335 0.470462463
vt 0.548112162 0.454783196
vt 0.359214335 0.454783196
vt 0.548112162 0.43910393
vt 0.359214335 0.43910393
vt 0.548112162 0.424171296
vt 0.359214335 0.424171296
vt 0.689972191 0.792260737
vt 0.687732295 0.792260737
vt 0.687732295 0.793007369
vt 0.689972191 0.793007369
vt 0.695198613 0.792260737
vt 0.687732295 0.81092653
vt 0.695198613 0.793007369
vt 0.701918298 0.792260737
vt 0.689972191 0.81092653
vt 0.687732295 0.811673162
vt 0.701918298 0.793007369
vt 0.708637984 0.792260737
vt 0.689972191 0.811673162
vt 0.687732295 0.829592324
vt 0.695198613 0.81092653
vt 0.708637984 0.793007369
vt 0.714611038 0.792260737
vt 0.701918298 0.81092653
vt 0.689972191 0.829592324
vt 0.687732295 0.830338955
vt 0.695198613 0.811673162
vt 0.689972191 0.830338955
vt 0.687732295 0.848258117
vt 0.695198613 0.829592324
vt 0.689972191 0.848258117
vt 0.687732295 0.849004748
vt 0.695198613 0.830338955
vt 0.701918298 0.829592324
vt 0.701918298 0.811673162
vt 0.689972191 0.849004748
vt 0.687732295 0.86692391
vt 0.695198613 0.848258117
vt 0.701918298 0.830338955
vt 0.708637984 0.81092653
vt 0.708637984 0.829592324
vt 0.708637984 0.811673162
vt 0.714611038 0.81092653
vt 0.689972191 0.86692391
vt 0.687732295 0.867670542
vt 0.689972191 0.867670542
vt 0.687732295 0.885589703
vt 0.695198613 0.86692391
vt 0.689972191 0.885589703
vt 0.687732295 0.886336335
vt 0.714611038 0.811673162
vt 0.714611038 0.793007369
vt 0.715357669 0.793007369
vt 0.715357669 0.792260737
vt 0.71983746 0.792260737
vt 0.715357669 0.81092653
vt 0.71983746 0.793007369
vt 0.715357669 0.811673162
vt 0.689972191 0.886336335
vt 0.687732295 0.904255496
vt 0.689972191 0.904255496
vt 0.695198613 0.904255496
vt 0.695198613 0.886336335
vt 0.701918298 0.904255496
vt 0.695198613 0.885589703
vt 0.701918298 0.886336335
vt 0.708637984 0.904255496
vt 0.71983746 0.81092653
vt 0.695198613 0.867670542
vt 0.701918298 0.885589703
vt 0.701918298 0.867670542
vt 0.701918298 0.86692391
vt 0.695198613 0.849004748
vt 0.701918298 0.848258117
vt 0.701918298 0.849004748
vt 0.708637984 0.86692391
vt 0.708637984 0.867670542
vt 0.708637984 0.885589703
vt 0.708637984 0.830338955
vt 0.708637984 0.848258117
vt 0.708637984 0.886336335
vt 0.714611038 0.829592324
vt 0.714611038 0.885589703
vt 0.714611038 0.886336335
vt 0.714611038 0.904255496
vt 0.715357669 0.904255496
vt 0.715357669 0.886336335
vt 0.714611038 0.830338955
vt 0.715357669 0.829592324
vt 0.71983746 0.886336335
vt 0.71983746 0.904255496
vt 0.720584091 0.904255496
vt 0.715357669 0.830338955
vt 0.71983746 0.811673162
vt 0.71983746 0.829592324
vt 0.714611038 0.848258117
vt 0.715357669 0.848258117
vt 0.71983746 0.830338955
vt 0.708637984 0.849004748
vt 0.714611038 0.849004748
vt 0.715357669 0.849004748
vt 0.714611038 0.86692391
vt 0.71983746 0.848258117
vt 0.715357669 0.86692391
vt 0.714611038 0.867670542
vt 0.715357669 0.867670542
vt 0.715357669 0.885589703
vt 0.71983746 0.849004748
vt 0.71983746 0.86692391
vt 0.71983746 0.885589703
vt 0.71983746 0.867670542
vt 0.720584091 0.886336335
vt 0.720584091 0.885589703
vt 0.72431725 0.886336335
vt 0.72431725 0.904255496
vt 0.72431725 0.885589703
vt 0.72431725 0.867670542
vt 0.720584091 0.867670542
vt 0.72431725 0.86692391
vt 0.720584091 0.86692391
vt 0.72431725 0.849004748
vt 0.720584091 0.849004748
vt 0.72431725 0.848258117
vt 0.720584091 0.848258117
vt 0.72431725 0.830338955
vt 0.720584091 0.830338955
vt 0.72431725 0.829592324
vt 0.720584091 0.829592324
vt 0.72431725 0.811673162
vt 0.720584091 0.811673162
vt 0.72431725 0.81092653
vt 0.720584091 0.81092653
vt 0.72431725 0.793007369
vt 0.720584091 0.793007369
vt 0.72431725 0.792260737
vt 0.720584091 0.792260737
vt 0.933374134 0.468969199
vt 0.940840451 0.468969199
vt 0.940840451 0.468969199
vt 0.933374134 0.468969199
vt 0.933374134 0.465982672
vt 0.940840451 0.465982672
vt 0.940840451 0.465236041
vt 0.933374134 0.465236041
vt 0.933374134 0.46075625
vt 0.940840451 0.46075625
vt 0.940840451 0.460009619
vt 0.933374134 0.460009619
vt 0.933374134 0.457023092
vt 0.940840451 0.457023092
vt 0.940840451 0.45627646
vt 0.933374134 0.45627646
vt 0.933374134 0.45179667
vt 0.940840451 0.45179667
vt 0.941587083 0.418198242
vt 0.948306768 0.418198242
vt 0.948306768 0.418198242
vt 0.941587083 0.418198242
vt 0.941587083 0.415211715
vt 0.948306768 0.415211715
vt 0.948306768 0.414465083
vt 0.941587083 0.414465083
vt 0.941587083 0.409238661
vt 0.948306768 0.409238661
vt 0.948306768 0.409238661
vt 0.941587083 0.409238661
vt 0.941587083 0.406252134
vt 0.948306768 0.406252134
vt 0.948306768 0.405505503
vt 0.941587083 0.405505503
vt 0.941587083 0.401025712
vt 0.948306768 0.401025712
vt 0.937853924 0.443583721
vt 0.94457361 0.443583721
vt 0.94457361 0.443583721
vt 0.937853924 0.443583721
vt 0.937853924 0.440597194
vt 0.94457361 0.440597194
vt 0.94457361 0.439850562
vt 0.937853924 0.439850562
vt 0.937853924 0.435370772
vt 0.94457361 0.435370772
vt 0.94457361 0.43462414
vt 0.937853924 0.43462414
vt 0.937853924 0.431637613
vt 0.94457361 0.431637613
vt 0.94457361 0.430890981
vt 0.937853924 0.430890981
vt 0.937853924 0.426411191
vt 0.94457361 0.426411191
vt 0.488381624 0.262898843
vt 0.491368151 0.262898843
vt 0.488381624 0.262898843
vt 0.488381624 0.262898843
vt 0.491368151 0.262898843
vt 0.491368151 0.262898843
vt 0.491368151 0.267378633
vt 0.491368151 0.267378633
vt 0.491368151 0.267378633
vt 0.488381624 0.267378633
vt 0.488381624 0.267378633
vt 0.488381624 0.267378633
vt 0.371160443 0.406998766
vt 0.37414697 0.406998766
vt 0.371160443 0.406998766
vt 0.371160443 0.406998766
vt 0.37414697 0.406998766
vt 0.37414697 0.406998766
vt 0.37414697 0.411478556
vt 0.37414697 0.411478556
vt 0.37414697 0.411478556
vt 0.371160443 0.411478556
vt 0.371160443 0.411478556
vt 0.371160443 0.411478556
vt 0.414465083 0.404012239
vt 0.416704978 0.403265607
vt 0.414465083 0.403265607
vt 0.413718452 0.403265607
vt 0.416704978 0.404012239
vt 0.41745161 0.403265607
vt 0.41745161 0.407745398
vt 0.416704978 0.407745398
vt 0.416704978 0.408492029
vt 0.414465083 0.408492029
vt 0.414465083 0.407745398
vt 0.413718452 0.407745398
vt 0.477182148 0.239753259
vt 0.480168675 0.237513364
vt 0.476435517 0.239006627
vt 0.479422043 0.241246523
vt 0.476435517 0.2360201
vt 0.480915307 0.241246523
vt 0.477182148 0.235273469
vt 0.483155202 0.239753259
vt 0.479422043 0.233780205
vt 0.483901834 0.239006627
vt 0.480915307 0.233780205
vt 0.483901834 0.2360201
vt 0.483155202 0.235273469
vt 0.294257375 0.587683644
vt 0.293510743 0.560804902
vt 0.293510743 0.587683644
vt 0.27036516 0.574244273
vt 0.294257375 0.560804902
vt 0.31814959 0.574244273
vt 0.31814959 0.573497641
vt 0.295004007 0.56005827
vt 0.31814959 0.546618899
vt 0.31814959 0.545125635
vt 0.294257375 0.559311638
vt 0.294257375 0.531686264
vt 0.293510743 0.531686264
vt 0.292764112 0.56005827
vt 0.269618528 0.573497641
vt 0.269618528 0.546618899
vt 0.293510743 0.559311638
vt 0.27036516 0.545125635
vt 0.58619038 0.826605797
vt 0.601869647 0.830338955
vt 0.58619038 0.822126006
vt 0.586937012 0.831085587
vt 0.589923539 0.820632743
vt 0.589176907 0.836312009
vt 0.594403329 0.818392848
vt 0.599629752 0.817646216
vt 0.593656698 0.844524958
vt 0.605602805 0.816899584
vt 0.602616278 0.844524958
vt 0.613815754 0.825859165
vt 0.591416803 0.847511485
vt 0.609335964 0.817646216
vt 0.601869647 0.857964329
vt 0.588430276 0.852737907
vt 0.586937012 0.857964329
vt 0.58619038 0.863190751
vt 0.62501523 0.819139479
vt 0.610829227 0.814659689
vt 0.614562386 0.809433267
vt 0.618295545 0.805700108
vt 0.58619038 0.86692391
vt 0.622028703 0.80196695
vt 0.589923539 0.869163805
vt 0.625761862 0.800473686
vt 0.594403329 0.870657069
vt 0.629495021 0.802713581
vt 0.599629752 0.8714037
vt 0.605602805 0.8714037
vt 0.607842701 0.8714037
vt 0.612322491 0.863937383
vt 0.609335964 0.874390227
vt 0.622775335 0.8714037
vt 0.612322491 0.879616649
vt 0.615309018 0.88409644
vt 0.619042176 0.887829598
vt 0.633228179 0.80644674
vt 0.636214706 0.81092653
vt 0.639201233 0.815406321
vt 0.635468074 0.826605797
vt 0.640694497 0.819139479
vt 0.647414182 0.83257885
vt 0.648907446 0.819886111
vt 0.622775335 0.890069493
vt 0.654133868 0.821379375
vt 0.625761862 0.887829598
vt 0.658613658 0.822872638
vt 0.630241652 0.884843071
vt 0.662346817 0.825112533
vt 0.633974811 0.881109913
vt 0.636961338 0.875883491
vt 0.639947865 0.870657069
vt 0.634721443 0.863190751
vt 0.645920919 0.8714037
vt 0.645920919 0.858710961
vt 0.651893972 0.870657069
vt 0.661600185 0.828845692
vt 0.660106921 0.834072114
vt 0.658613658 0.839298536
vt 0.645174287 0.84527159
vt 0.654880499 0.84527159
vt 0.656373763 0.869163805
vt 0.658613658 0.852737907
vt 0.660853553 0.867670542
vt 0.660106921 0.857964329
vt 0.660853553 0.863190751
vt 0.547365531 0.857217697
vt 0.548858794 0.851991275
vt 0.532432896 0.851991275
vt 0.550352058 0.846764853
vt 0.550352058 0.842285063
vt 0.546618899 0.840045168
vt 0.541392477 0.837805273
vt 0.536166055 0.836312009
vt 0.530193001 0.836312009
vt 0.543632372 0.864684015
vt 0.526459842 0.836312009
vt 0.512273839 0.865430646
vt 0.533179528 0.877376754
vt 0.545872267 0.867670542
vt 0.548112162 0.872896964
vt 0.549605426 0.878123386
vt 0.550352058 0.883349808
vt 0.510780576 0.840791799
vt 0.493608046 0.837805273
vt 0.524966579 0.833325482
vt 0.521980052 0.828845692
vt 0.517500262 0.825112533
vt 0.550352058 0.887829598
vt 0.513767103 0.821379375
vt 0.545872267 0.890069493
vt 0.509287313 0.819886111
vt 0.541392477 0.892309389
vt 0.505554154 0.822126006
vt 0.536166055 0.89305602
vt 0.530193001 0.89305602
vt 0.501820995 0.825859165
vt 0.498087837 0.829592324
vt 0.49510131 0.834818746
vt 0.528699737 0.89305602
vt 0.490621519 0.854231171
vt 0.486888361 0.838551904
vt 0.481661939 0.840045168
vt 0.476435517 0.842285063
vt 0.472702358 0.844524958
vt 0.472702358 0.84975138
vt 0.474195621 0.854231171
vt 0.476435517 0.859457593
vt 0.479422043 0.865430646
vt 0.491368151 0.877376754
vt 0.475688885 0.872896964
vt 0.474195621 0.878123386
vt 0.474195621 0.883349808
vt 0.474195621 0.887829598
vt 0.47792878 0.890069493
vt 0.483155202 0.891562757
vt 0.488381624 0.892309389
vt 0.49510131 0.892309389
vt 0.511527208 0.890069493
vt 0.497341205 0.897535811
vt 0.500327732 0.902015601
vt 0.527206474 0.896042547
vt 0.504807522 0.906495391
vt 0.524219947 0.901268969
vt 0.508540681 0.909481918
vt 0.520486788 0.90574876
vt 0.513020471 0.911721814
vt 0.51675363 0.908735287
vt 0.398785817 0.404758871
vt 0.401025712 0.404012239
vt 0.398785817 0.404012239
vt 0.398785817 0.404758871
vt 0.401025712 0.404758871
vt 0.401772344 0.404758871
vt 0.401772344 0.408492029
vt 0.401025712 0.408492029
vt 0.401025712 0.409238661
vt 0.398785817 0.409238661
vt 0.398785817 0.408492029
vt 0.398785817 0.408492029
vt 0.414465083 0.390572868
vt 0.416704978 0.390572868
vt 0.414465083 0.390572868
vt 0.413718452 0.390572868
vt 0.416704978 0.3913195
vt 0.41745161 0.390572868
vt 0.41745161 0.395052658
vt 0.416704978 0.395052658
vt 0.416704978 0.39579929
vt 0.414465083 0.39579929
vt 0.414465083 0.395052658
vt 0.413718452 0.395052658
vt 0.446570247 0.830338955
vt 0.480168675 0.830338955
vt 0.480168675 0.829592324
vt 0.480915307 0.830338955
vt 0.445823616 0.830338955
vt 0.445076984 0.829592324
vt 0.448063511 0.82809906
vt 0.447316879 0.827352428
vt 0.447316879 0.807193372
vt 0.445076984 0.804953477
vt 0.478675412 0.82809906
vt 0.448063511 0.827352428
vt 0.478675412 0.827352428
vt 0.47792878 0.827352428
vt 0.448063511 0.827352428
vt 0.478675412 0.807193372
vt 0.480915307 0.804953477
vt 0.449556774 0.825859165
vt 0.449556774 0.825859165
vt 0.449556774 0.809433267
vt 0.477182148 0.825112533
vt 0.448063511 0.807940003
vt 0.449556774 0.809433267
vt 0.478675412 0.826605797
vt 0.476435517 0.825112533
vt 0.478675412 0.807940003
vt 0.476435517 0.809433267
vt 0.47792878 0.807193372
vt 0.477182148 0.809433267
vt 0.448810143 0.807193372
vt 0.448063511 0.807193372
vt 0.478675412 0.80644674
vt 0.480168675 0.804953477
vt 0.446570247 0.804953477
vt 0.480168675 0.804206845
vt 0.446570247 0.804953477
vt 0.478675412 0.802713581
vt 0.448063511 0.802713581
vt 0.447316879 0.80196695
vt 0.478675412 0.80196695
vt 0.480915307 0.779567998
vt 0.447316879 0.782554525
vt 0.445076984 0.779567998
vt 0.47792878 0.80196695
vt 0.448063511 0.80196695
vt 0.448810143 0.80196695
vt 0.449556774 0.800473686
vt 0.449556774 0.800473686
vt 0.476435517 0.799727054
vt 0.449556774 0.784047788
vt 0.478675412 0.801220318
vt 0.476435517 0.800473686
vt 0.448063511 0.782554525
vt 0.449556774 0.784047788
vt 0.478675412 0.782554525
vt 0.476435517 0.784047788
vt 0.448063511 0.781807893
vt 0.448810143 0.782554525
vt 0.476435517 0.784047788
vt 0.47792878 0.781807893
vt 0.478675412 0.781807893
vt 0.478675412 0.781807893
vt 0.446570247 0.779567998
vt 0.480168675 0.779567998
vt 0.480168675 0.778821366
vt 0.446570247 0.779567998
vt 0.47792878 0.777328103
vt 0.448063511 0.777328103
vt 0.447316879 0.776581471
vt 0.478675412 0.776581471
vt 0.480915307 0.754929151
vt 0.447316879 0.757169046
vt 0.445076984 0.754182519
vt 0.47792878 0.776581471
vt 0.448063511 0.776581471
vt 0.448810143 0.776581471
vt 0.449556774 0.775088207
vt 0.449556774 0.775088207
vt 0.477182148 0.775088207
vt 0.449556774 0.758662309
vt 0.47792878 0.776581471
vt 0.477182148 0.775088207
vt 0.448063511 0.757915678
vt 0.449556774 0.758662309
vt 0.47792878 0.757169046
vt 0.477182148 0.758662309
vt 0.448063511 0.756422414
vt 0.448810143 0.757169046
vt 0.477182148 0.758662309
vt 0.47792878 0.757169046
vt 0.478675412 0.757169046
vt 0.47792878 0.756422414
vt 0.446570247 0.754929151
vt 0.480168675 0.754929151
vt 0.480168675 0.754182519
vt 0.445823616 0.754182519
vt 0.478675412 0.751942624
vt 0.448063511 0.752689256
vt 0.447316879 0.751942624
vt 0.478675412 0.751942624
vt 0.480915307 0.729543672
vt 0.447316879 0.731783567
vt 0.445076984 0.72879704
vt 0.47792878 0.751942624
vt 0.448063511 0.751942624
vt 0.478675412 0.751195992
vt 0.448063511 0.751195992
vt 0.449556774 0.749702729
vt 0.477182148 0.749702729
vt 0.449556774 0.749702729
vt 0.476435517 0.749702729
vt 0.449556774 0.734023462
vt 0.478675412 0.731783567
vt 0.476435517 0.734023462
vt 0.448063511 0.732530199
vt 0.449556774 0.734023462
vt 0.478675412 0.731783567
vt 0.47792878 0.731783567
vt 0.477182148 0.734023462
vt 0.448810143 0.731783567
vt 0.448063511 0.731036936
vt 0.478675412 0.731036936
vt 0.480168675 0.729543672
vt 0.446570247 0.729543672
vt 0.480168675 0.72879704
vt 0.446570247 0.72879704
vt 0.478675412 0.726557145
vt 0.448063511 0.727303777
vt 0.447316879 0.726557145
vt 0.478675412 0.726557145
vt 0.480915307 0.704158193
vt 0.447316879 0.706398089
vt 0.445076984 0.703411562
vt 0.47792878 0.726557145
vt 0.448810143 0.726557145
vt 0.478675412 0.725810513
vt 0.448063511 0.725810513
vt 0.449556774 0.72431725
vt 0.476435517 0.72431725
vt 0.449556774 0.72431725
vt 0.476435517 0.72431725
vt 0.450303406 0.708637984
vt 0.478675412 0.70714472
vt 0.476435517 0.708637984
vt 0.448063511 0.70714472
vt 0.449556774 0.708637984
vt 0.478675412 0.706398089
vt 0.47792878 0.706398089
vt 0.476435517 0.708637984
vt 0.448810143 0.706398089
vt 0.448063511 0.705651457
vt 0.478675412 0.705651457
vt 0.480168675 0.704158193
vt 0.446570247 0.704158193
vt 0.480168675 0.703411562
vt 0.446570247 0.703411562
vt 0.478675412 0.701171666
vt 0.448063511 0.701918298
vt 0.447316879 0.701171666
vt 0.478675412 0.701171666
vt 0.480915307 0.678772715
vt 0.447316879 0.681759242
vt 0.445076984 0.678772715
vt 0.47792878 0.701171666
vt 0.448063511 0.700425035
vt 0.448063511 0.68101261
vt 0.446570247 0.678772715
vt 0.478675412 0.68101261
vt 0.480168675 0.678772715
vt 0.47792878 0.68101261
vt 0.448063511 0.681759242
vt 0.448810143 0.681759242
vt 0.47792878 0.681759242
vt 0.47792878 0.681759242
vt 0.448810143 0.701171666
vt 0.47792878 0.700425035
vt 0.449556774 0.683252505
vt 0.449556774 0.683252505
vt 0.477182148 0.683252505
vt 0.449556774 0.699678403
vt 0.477182148 0.682505873
vt 0.449556774 0.699678403
vt 0.477182148 0.699678403
vt 0.477182148 0.699678403
vt 0.359960967 0.406998766
vt 0.362200862 0.406998766
vt 0.359960967 0.406998766
vt 0.359214335 0.406998766
vt 0.362200862 0.406998766
vt 0.362200862 0.406998766
vt 0.362200862 0.411478556
vt 0.362200862 0.411478556
vt 0.362200862 0.411478556
vt 0.359960967 0.411478556
vt 0.359960967 0.411478556
vt 0.359214335 0.411478556
vt 0.507794049 0.26588537
vt 0.506300786 0.262898843
vt 0.505554154 0.26588537
vt 0.509287313 0.264392106
vt 0.50406089 0.264392106
vt 0.509287313 0.262152211
vt 0.50406089 0.262152211
vt 0.507794049 0.260658947
vt 0.505554154 0.260658947
vt 0.360707599 0.339055279
vt 0.362200862 0.342041806
vt 0.362947494 0.339055279
vt 0.359214335 0.341295174
vt 0.364440758 0.341295174
vt 0.359214335 0.342788437
vt 0.364440758 0.342788437
vt 0.360707599 0.344281701
vt 0.362947494 0.344281701
vt 0.710877879 0.322629381
vt 0.72431725 0.326362539
vt 0.710877879 0.319642854
vt 0.712371142 0.327109171
vt 0.713864406 0.31814959
vt 0.713864406 0.331588962
vt 0.718344196 0.316656327
vt 0.722823987 0.315909695
vt 0.717597564 0.337562015
vt 0.727303777 0.315163064
vt 0.72431725 0.338308647
vt 0.734023462 0.322629381
vt 0.715357669 0.340548542
vt 0.730290304 0.315909695
vt 0.723570618 0.349508123
vt 0.713117774 0.345028333
vt 0.711624511 0.349508123
vt 0.710877879 0.353241282
vt 0.742983043 0.316656327
vt 0.731783567 0.312923168
vt 0.734770094 0.30919001
vt 0.737756621 0.305456851
vt 0.710877879 0.35697444
vt 0.74148978 0.303216956
vt 0.713864406 0.358467704
vt 0.744476307 0.300977061
vt 0.718344196 0.359960967
vt 0.746716202 0.303216956
vt 0.722823987 0.360707599
vt 0.727303777 0.360707599
vt 0.729543672 0.360707599
vt 0.733276831 0.353987913
vt 0.730290304 0.362947494
vt 0.74148978 0.360707599
vt 0.732530199 0.367427284
vt 0.735516726 0.371160443
vt 0.738503253 0.37414697
vt 0.75044936 0.306203483
vt 0.752689256 0.309936641
vt 0.755675783 0.314416432
vt 0.751942624 0.323376013
vt 0.756422414 0.316656327
vt 0.761648836 0.328602435
vt 0.7631421 0.317402959
vt 0.74148978 0.376386865
vt 0.76762189 0.318896222
vt 0.744476307 0.37414697
vt 0.771355049 0.320389486
vt 0.747462834 0.371907075
vt 0.774341576 0.321882749
vt 0.75044936 0.368173916
vt 0.753435887 0.364440758
vt 0.755675783 0.359960967
vt 0.751942624 0.353987913
vt 0.760902205 0.359960967
vt 0.760902205 0.350254755
vt 0.765381995 0.359960967
vt 0.774341576 0.325615908
vt 0.772848312 0.329349066
vt 0.771355049 0.333828857
vt 0.760155573 0.338308647
vt 0.768368522 0.338308647
vt 0.769861785 0.358467704
vt 0.771355049 0.345028333
vt 0.772848312 0.35697444
vt 0.772848312 0.349508123
vt 0.772848312 0.353987913
vt 0.816152952 0.433877508
vt 0.817646216 0.43014435
vt 0.803460213 0.43014435
vt 0.818392848 0.425664559
vt 0.818392848 0.421931401
vt 0.815406321 0.419691505
vt 0.81092653 0.418198242
vt 0.80644674 0.41745161
vt 0.80196695 0.416704978
vt 0.812419794 0.440597194
vt 0.798980423 0.416704978
vt 0.787034315 0.441343825
vt 0.804206845 0.451050038
vt 0.814659689 0.442837089
vt 0.816899584 0.447316879
vt 0.817646216 0.45179667
vt 0.818392848 0.45627646
vt 0.785541052 0.420438137
vt 0.771355049 0.418198242
vt 0.797487159 0.414465083
vt 0.794500632 0.410731925
vt 0.791514105 0.407745398
vt 0.818392848 0.460009619
vt 0.787780947 0.404758871
vt 0.815406321 0.462249514
vt 0.78479442 0.403265607
vt 0.81092653 0.462996145
vt 0.781807893 0.404758871
vt 0.80644674 0.464489409
vt 0.80196695 0.464489409
vt 0.778074734 0.407745398
vt 0.775088207 0.411478556
vt 0.772848312 0.415958347
vt 0.800473686 0.464489409
vt 0.769115154 0.431637613
vt 0.765381995 0.418944874
vt 0.760902205 0.420438137
vt 0.757169046 0.421931401
vt 0.754182519 0.424171296
vt 0.754182519 0.427904454
vt 0.754929151 0.432384245
vt 0.756422414 0.436117403
vt 0.759408941 0.441343825
vt 0.769115154 0.451050038
vt 0.756422414 0.447316879
vt 0.755675783 0.45179667
vt 0.754929151 0.45627646
vt 0.754929151 0.460009619
vt 0.758662309 0.461502882
vt 0.762395468 0.462996145
vt 0.76762189 0.463742777
vt 0.772101681 0.463742777
vt 0.786287683 0.462249514
vt 0.774341576 0.467475936
vt 0.777328103 0.471955726
vt 0.798980423 0.466729304
vt 0.78031463 0.474942253
vt 0.796740528 0.471209094
vt 0.784047788 0.47792878
vt 0.793754001 0.474942253
vt 0.787034315 0.479422043
vt 0.790767474 0.477182148
vt 0.250206103 0.56453806
vt 0.252445998 0.565284692
vt 0.250206103 0.563791429
vt 0.250206103 0.565284692
vt 0.250206103 0.563791429
vt 0.250206103 0.566031324
vt 0.250952735 0.563791429
vt 0.251699367 0.563044797
vt 0.250952735 0.567524587
vt 0.25319263 0.563044797
vt 0.252445998 0.567524587
vt 0.253939262 0.56453806
vt 0.250952735 0.567524587
vt 0.25319263 0.563044797
vt 0.252445998 0.569017851
vt 0.250206103 0.568271219
vt 0.250206103 0.569017851
vt 0.250206103 0.569764482
vt 0.255432525 0.563791429
vt 0.253939262 0.563044797
vt 0.253939262 0.562298165
vt 0.254685894 0.561551533
vt 0.250206103 0.570511114
vt 0.255432525 0.560804902
vt 0.250206103 0.571257746
vt 0.256179157 0.560804902
vt 0.250952735 0.571257746
vt 0.256179157 0.560804902
vt 0.252445998 0.571257746
vt 0.25319263 0.571257746
vt 0.25319263 0.571257746
vt 0.253939262 0.570511114
vt 0.25319263 0.572004378
vt 0.255432525 0.571257746
vt 0.253939262 0.572751009
vt 0.254685894 0.573497641
vt 0.254685894 0.573497641
vt 0.256925789 0.561551533
vt 0.257672421 0.562298165
vt 0.257672421 0.563044797
vt 0.257672421 0.56453806
vt 0.258419052 0.563791429
vt 0.259165684 0.565284692
vt 0.259165684 0.563791429
vt 0.255432525 0.574244273
vt 0.259912316 0.563791429
vt 0.256179157 0.573497641
vt 0.260658947 0.563791429
vt 0.256179157 0.573497641
vt 0.261405579 0.56453806
vt 0.256925789 0.572751009
vt 0.257672421 0.572004378
vt 0.257672421 0.571257746
vt 0.256925789 0.569764482
vt 0.259165684 0.571257746
vt 0.259165684 0.569764482
vt 0.259912316 0.571257746
vt 0.261405579 0.565284692
vt 0.261405579 0.566031324
vt 0.260658947 0.566777956
vt 0.259165684 0.567524587
vt 0.259912316 0.567524587
vt 0.260658947 0.571257746
vt 0.260658947 0.568271219
vt 0.261405579 0.570511114
vt 0.260658947 0.569017851
vt 0.261405579 0.569764482
vt 0.716850933 0.726557145
vt 0.718344196 0.722077355
vt 0.704158193 0.722823987
vt 0.719090828 0.717597564
vt 0.71983746 0.713864406
vt 0.716104301 0.711624511
vt 0.711624511 0.710131247
vt 0.70714472 0.708637984
vt 0.701918298 0.708637984
vt 0.713864406 0.733276831
vt 0.698931771 0.708637984
vt 0.686239032 0.734023462
vt 0.704904825 0.744476307
vt 0.715357669 0.736263358
vt 0.717597564 0.740743148
vt 0.719090828 0.745222938
vt 0.71983746 0.749702729
vt 0.684745768 0.712371142
vt 0.670559766 0.710131247
vt 0.697438508 0.706398089
vt 0.694451981 0.701918298
vt 0.691465454 0.698931771
vt 0.71983746 0.754182519
vt 0.687732295 0.695945244
vt 0.716104301 0.755675783
vt 0.683999137 0.694451981
vt 0.711624511 0.757169046
vt 0.68101261 0.695945244
vt 0.70714472 0.757915678
vt 0.701918298 0.758662309
vt 0.677279451 0.699678403
vt 0.674292924 0.70266493
vt 0.671306397 0.70714472
vt 0.700425035 0.758662309
vt 0.667573239 0.72431725
vt 0.66384008 0.710877879
vt 0.65936029 0.712371142
vt 0.655627131 0.713864406
vt 0.651893972 0.716104301
vt 0.651893972 0.71983746
vt 0.653387236 0.72431725
vt 0.654880499 0.72879704
vt 0.657867026 0.734023462
vt 0.66831987 0.743729675
vt 0.654880499 0.739996516
vt 0.653387236 0.745222938
vt 0.653387236 0.749702729
vt 0.653387236 0.753435887
vt 0.657120395 0.754929151
vt 0.660853553 0.756422414
vt 0.666079975 0.757169046
vt 0.671306397 0.757915678
vt 0.686239032 0.755675783
vt 0.673546293 0.761648836
vt 0.676532819 0.766128627
vt 0.699678403 0.760902205
vt 0.679519346 0.769861785
vt 0.696691876 0.765381995
vt 0.683252505 0.772101681
vt 0.693705349 0.769115154
vt 0.686985664 0.774341576
vt 0.689972191 0.772101681
g ground_04_4ground_04_4_mobile_0
f 3/3/3 2/2/2 1/1/1
f 4/4/4 3/3/3 1/1/1
f 4/4/4 1/1/1 5/5/5
f 3/3/3 4/4/4 6/6/6
f 7/7/7 4/4/4 5/5/5
f 7/7/7 5/5/5 8/8/8
f 4/4/4 9/9/9 6/6/6
f 4/4/4 7/7/7 9/9/9
f 10/10/10 6/6/6 9/9/9
f 11/11/11 10/10/10 9/9/9
f 11/11/11 9/9/9 12/12/12
f 7/7/7 12/12/12 9/9/9
f 13/13/13 11/11/11 12/12/12
f 14/14/14 7/7/7 8/8/8
f 7/7/7 14/14/14 12/12/12
f 8/8/8 15/15/15 14/14/14
f 12/12/12 16/16/16 13/13/13
f 14/14/14 16/16/16 12/12/12
f 16/16/16 17/17/17 13/13/13
f 15/15/15 18/18/18 14/14/14
f 14/14/14 18/18/18 16/16/16
f 15/15/15 19/19/19 18/18/18
f 16/16/16 20/20/20 17/17/17
f 18/18/18 20/20/20 16/16/16
f 20/20/20 21/21/21 17/17/17
f 20/20/20 22/22/22 21/21/21
f 20/20/20 18/18/18 22/22/22
f 22/22/22 23/23/23 21/21/21
f 19/19/19 24/24/24 18/18/18
f 18/18/18 24/24/24 22/22/22
f 24/24/24 19/19/19 25/25/25
f 23/23/23 22/22/22 26/26/26
f 26/26/26 22/22/22 24/24/24
f 27/27/27 23/23/23 26/26/26
f 28/28/28 24/24/24 25/25/25
f 28/28/28 26/26/26 24/24/24
f 28/28/28 25/25/25 29/29/29
f 27/27/27 26/26/26 30/30/30
f 30/30/30 26/26/26 28/28/28
f 31/31/31 27/27/27 30/30/30
f 32/32/32 28/28/28 29/29/29
f 32/32/32 30/30/30 28/28/28
f 32/32/32 29/29/29 33/33/33
f 31/31/31 30/30/30 34/34/34
f 34/34/34 30/30/30 32/32/32
f 35/35/35 31/31/31 34/34/34
f 36/36/36 32/32/32 33/33/33
f 36/36/36 34/34/34 32/32/32
f 36/36/36 33/33/33 37/37/37
f 35/35/35 34/34/34 38/38/38
f 38/38/38 34/34/34 36/36/36
f 39/39/39 35/35/35 38/38/38
f 40/40/40 36/36/36 37/37/37
f 40/40/40 38/38/38 36/36/36
f 37/37/37 41/41/41 40/40/40
f 41/41/41 42/42/42 40/40/40
f 40/40/40 42/42/42 38/38/38
f 41/41/41 43/43/43 42/42/42
f 38/38/38 44/44/44 39/39/39
f 42/42/42 44/44/44 38/38/38
f 44/44/44 45/45/45 39/39/39
f 43/43/43 46/46/46 42/42/42
f 42/42/42 46/46/46 44/44/44
f 43/43/43 47/47/47 46/46/46
f 44/44/44 48/48/48 45/45/45
f 46/46/46 48/48/48 44/44/44
f 48/48/48 49/49/49 45/45/45
f 47/47/47 50/50/50 46/46/46
f 46/46/46 50/50/50 48/48/48
f 47/47/47 51/51/51 50/50/50
f 48/48/48 52/52/52 49/49/49
f 50/50/50 52/52/52 48/48/48
f 52/52/52 53/53/53 49/49/49
f 51/51/51 54/54/54 50/50/50
f 50/50/50 54/54/54 52/52/52
f 54/54/54 51/51/51 55/55/55
f 52/52/52 56/56/56 53/53/53
f 54/54/54 56/56/56 52/52/52
f 56/56/56 57/57/57 53/53/53
f 57/57/57 56/56/56 58/58/58
f 58/58/58 56/56/56 54/54/54
f 59/59/59 57/57/57 58/58/58
f 60/60/60 54/54/54 55/55/55
f 60/60/60 58/58/58 54/54/54
f 55/55/55 61/61/61 60/60/60
f 58/58/58 62/62/62 59/59/59
f 62/62/62 58/58/58 60/60/60
f 62/62/62 63/63/63 59/59/59
f 61/61/61 64/64/64 60/60/60
f 64/64/64 62/62/62 60/60/60
f 61/61/61 65/65/65 64/64/64
f 62/62/62 66/66/66 63/63/63
f 66/66/66 62/62/62 64/64/64
f 66/66/66 67/67/67 63/63/63
f 65/65/65 68/68/68 64/64/64
f 68/68/68 66/66/66 64/64/64
f 65/65/65 69/69/69 68/68/68
f 66/66/66 70/70/70 67/67/67
f 70/70/70 66/66/66 68/68/68
f 70/70/70 71/71/71 67/67/67
f 69/69/69 72/72/72 68/68/68
f 72/72/72 70/70/70 68/68/68
f 69/69/69 73/73/73 72/72/72
f 73/73/73 74/74/74 72/72/72
f 72/72/72 74/74/74 70/70/70
f 73/73/73 75/75/75 74/74/74
f 70/70/70 76/76/76 71/71/71
f 74/74/74 76/76/76 70/70/70
f 76/76/76 77/77/77 71/71/71
f 75/75/75 78/78/78 74/74/74
f 74/74/74 78/78/78 76/76/76
f 75/75/75 79/79/79 78/78/78
f 76/76/76 80/80/80 77/77/77
f 78/78/78 80/80/80 76/76/76
f 80/80/80 81/81/81 77/77/77
f 79/79/79 82/82/82 78/78/78
f 78/78/78 82/82/82 80/80/80
f 79/79/79 83/83/83 82/82/82
f 80/80/80 84/84/84 81/81/81
f 82/82/82 84/84/84 80/80/80
f 84/84/84 85/85/85 81/81/81
f 83/83/83 86/86/86 82/82/82
f 82/82/82 86/86/86 84/84/84
f 86/86/86 83/83/83 87/87/87
f 84/84/84 88/88/88 85/85/85
f 86/86/86 88/88/88 84/84/84
f 88/88/88 89/89/89 85/85/85
f 89/89/89 88/88/88 90/90/90
f 90/90/90 88/88/88 86/86/86
f 91/91/91 89/89/89 90/90/90
f 92/92/92 86/86/86 87/87/87
f 92/92/92 90/90/90 86/86/86
f 87/87/87 93/93/93 92/92/92
f 91/91/91 90/90/90 94/94/94
f 90/90/90 92/92/92 94/94/94
f 95/95/95 91/91/91 94/94/94
f 93/93/93 96/96/96 92/92/92
f 92/92/92 96/96/96 94/94/94
f 93/93/93 97/97/97 96/96/96
f 94/94/94 98/98/98 95/95/95
f 94/94/94 96/96/96 98/98/98
f 98/98/98 99/99/99 95/95/95
f 97/97/97 100/100/100 96/96/96
f 96/96/96 100/100/100 98/98/98
f 97/97/97 101/101/101 100/100/100
f 98/98/98 102/102/102 99/99/99
f 98/98/98 100/100/100 102/102/102
f 102/102/102 103/103/103 99/99/99
f 101/101/101 104/104/104 100/100/100
f 100/100/100 104/104/104 102/102/102
f 101/101/101 105/105/105 104/104/104
f 102/102/102 106/106/106 103/103/103
f 102/102/102 104/104/104 106/106/106
f 106/106/106 107/107/107 103/103/103
f 105/105/105 108/108/108 104/104/104
f 104/104/104 108/108/108 106/106/106
f 105/105/105 109/109/109 108/108/108
f 109/109/109 110/110/110 108/108/108
f 106/106/106 108/108/108 110/110/110
f 109/109/109 111/111/111 110/110/110
f 106/106/106 112/112/112 107/107/107
f 112/112/112 106/106/106 110/110/110
f 112/112/112 113/113/113 107/107/107
f 111/111/111 114/114/114 110/110/110
f 112/112/112 110/110/110 114/114/114
f 114/114/114 111/111/111 115/115/115
f 113/113/113 112/112/112 116/116/116
f 116/116/116 112/112/112 114/114/114
f 117/117/117 113/113/113 116/116/116
f 118/118/118 114/114/114 115/115/115
f 116/116/116 114/114/114 118/118/118
f 118/118/118 115/115/115 119/119/119
f 117/117/117 116/116/116 120/120/120
f 120/120/120 116/116/116 118/118/118
f 121/121/121 117/117/117 120/120/120
f 122/122/122 118/118/118 119/119/119
f 120/120/120 118/118/118 122/122/122
f 119/119/119 123/123/123 122/122/122
f 121/121/121 120/120/120 124/124/124
f 124/124/124 120/120/120 122/122/122
f 125/125/125 121/121/121 124/124/124
f 124/124/124 126/126/126 125/125/125
f 124/124/124 122/122/122 126/126/126
f 126/126/126 127/127/127 125/125/125
f 123/123/123 128/128/128 122/122/122
f 122/122/122 128/128/128 126/126/126
f 128/128/128 123/123/123 129/129/129
f 127/127/127 126/126/126 130/130/130
f 126/126/126 128/128/128 130/130/130
f 131/131/131 127/127/127 130/130/130
f 132/132/132 128/128/128 129/129/129
f 128/128/128 132/132/132 130/130/130
f 129/129/129 133/133/133 132/132/132
f 131/131/131 130/130/130 134/134/134
f 130/130/130 132/132/132 134/134/134
f 135/135/135 131/131/131 134/134/134
f 133/133/133 136/136/136 132/132/132
f 132/132/132 136/136/136 134/134/134
f 133/133/133 137/137/137 136/136/136
f 134/134/134 138/138/138 135/135/135
f 134/134/134 136/136/136 138/138/138
f 138/138/138 139/139/139 135/135/135
f 137/137/137 140/140/140 136/136/136
f 136/136/136 140/140/140 138/138/138
f 137/137/137 141/141/141 140/140/140
f 138/138/138 142/142/142 139/139/139
f 138/138/138 140/140/140 142/142/142
f 142/142/142 143/143/143 139/139/139
f 141/141/141 144/144/144 140/140/140
f 140/140/140 144/144/144 142/142/142
f 141/141/141 145/145/145 144/144/144
f 142/142/142 146/146/146 143/143/143
f 142/142/142 144/144/144 146/146/146
f 146/146/146 147/147/147 143/143/143
f 145/145/145 148/148/148 144/144/144
f 144/144/144 148/148/148 146/146/146
f 148/148/148 145/145/145 149/149/149
f 150/150/150 148/148/148 149/149/149
f 146/146/146 148/148/148 150/150/150
f 150/150/150 149/149/149 151/151/151
f 147/147/147 146/146/146 152/152/152
f 152/152/152 146/146/146 150/150/150
f 153/153/153 147/147/147 152/152/152
f 154/154/154 150/150/150 151/151/151
f 152/152/152 150/150/150 154/154/154
f 154/154/154 151/151/151 155/155/155
f 153/153/153 152/152/152 156/156/156
f 156/156/156 152/152/152 154/154/154
f 157/157/157 153/153/153 156/156/156
f 158/158/158 154/154/154 155/155/155
f 156/156/156 154/154/154 158/158/158
f 155/155/155 159/159/159 158/158/158
f 157/157/157 156/156/156 160/160/160
f 160/160/160 156/156/156 158/158/158
f 161/161/161 157/157/157 160/160/160
f 159/159/159 162/162/162 158/158/158
f 158/158/158 162/162/162 160/160/160
f 162/162/162 159/159/159 163/163/163
f 160/160/160 164/164/164 161/161/161
f 162/162/162 164/164/164 160/160/160
f 164/164/164 165/165/165 161/161/161
f 165/165/165 164/164/164 166/166/166
f 166/166/166 164/164/164 162/162/162
f 167/167/167 165/165/165 166/166/166
f 168/168/168 162/162/162 163/163/163
f 168/168/168 166/166/166 162/162/162
f 168/168/168 163/163/163 169/169/169
f 167/167/167 166/166/166 170/170/170
f 170/170/170 166/166/166 168/168/168
f 171/171/171 167/167/167 170/170/170
f 172/172/172 168/168/168 169/169/169
f 172/172/172 170/170/170 168/168/168
f 172/172/172 169/169/169 173/173/173
f 170/170/170 174/174/174 171/171/171
f 174/174/174 170/170/170 172/172/172
f 174/174/174 175/175/175 171/171/171
f 176/176/176 172/172/172 173/173/173
f 176/176/176 174/174/174 172/172/172
f 176/176/176 173/173/173 177/177/177
f 175/175/175 174/174/174 178/178/178
f 178/178/178 174/174/174 176/176/176
f 179/179/179 175/175/175 178/178/178
f 180/180/180 176/176/176 177/177/177
f 180/180/180 178/178/178 176/176/176
f 180/180/180 177/177/177 181/181/181
f 179/179/179 178/178/178 182/182/182
f 182/182/182 178/178/178 180/180/180
f 183/183/183 179/179/179 182/182/182
f 184/184/184 180/180/180 181/181/181
f 184/184/184 182/182/182 180/180/180
f 184/184/184 181/181/181 185/185/185
f 186/186/186 184/184/184 185/185/185
f 182/182/182 184/184/184 186/186/186
f 186/186/186 185/185/185 187/187/187
f 183/183/183 182/182/182 188/188/188
f 188/188/188 182/182/182 186/186/186
f 189/189/189 183/183/183 188/188/188
f 190/190/190 186/186/186 187/187/187
f 188/188/188 186/186/186 190/190/190
f 190/190/190 187/187/187 191/191/191
f 189/189/189 188/188/188 192/192/192
f 192/192/192 188/188/188 190/190/190
f 193/193/193 189/189/189 192/192/192
f 194/194/194 190/190/190 191/191/191
f 192/192/192 190/190/190 194/194/194
f 194/194/194 191/191/191 195/195/195
f 193/193/193 192/192/192 196/196/196
f 196/196/196 192/192/192 194/194/194
f 197/197/197 193/193/193 196/196/196
f 198/198/198 194/194/194 195/195/195
f 194/194/194 198/198/198 196/196/196
f 195/195/195 199/199/199 198/198/198
f 196/196/196 200/200/200 197/197/197
f 198/198/198 200/200/200 196/196/196
f 200/200/200 201/201/201 197/197/197
f 199/199/199 202/202/202 198/198/198
f 200/200/200 198/198/198 202/202/202
f 202/202/202 199/199/199 203/203/203
f 200/200/200 204/204/204 201/201/201
f 204/204/204 200/200/200 202/202/202
f 204/204/204 205/205/205 201/201/201
f 205/205/205 204/204/204 206/206/206
f 206/206/206 204/204/204 202/202/202
f 207/207/207 205/205/205 206/206/206
f 208/208/208 202/202/202 203/203/203
f 208/208/208 206/206/206 202/202/202
f 208/208/208 203/203/203 209/209/209
f 207/207/207 206/206/206 210/210/210
f 210/210/210 206/206/206 208/208/208
f 211/211/211 207/207/207 210/210/210
f 212/212/212 208/208/208 209/209/209
f 212/212/212 210/210/210 208/208/208
f 212/212/212 209/209/209 213/213/213
f 211/211/211 210/210/210 214/214/214
f 214/214/214 210/210/210 212/212/212
f 215/215/215 211/211/211 214/214/214
f 216/216/216 212/212/212 213/213/213
f 216/216/216 214/214/214 212/212/212
f 216/216/216 213/213/213 217/217/217
f 215/215/215 214/214/214 218/218/218
f 218/218/218 214/214/214 216/216/216
f 219/219/219 215/215/215 218/218/218
f 220/220/220 216/216/216 217/217/217
f 220/220/220 218/218/218 216/216/216
f 220/220/220 217/217/217 221/221/221
f 222/222/222 220/220/220 221/221/221
f 222/222/222 223/223/223 220/220/220
f 223/223/223 218/218/218 220/220/220
f 219/219/219 218/218/218 223/223/223
f 224/224/224 219/219/219 223/223/223
f 227/227/227 226/226/226 225/225/225
f 228/228/228 227/227/227 225/225/225
f 228/228/228 225/225/225 229/229/229
f 227/227/227 228/228/228 230/230/230
f 231/231/231 228/228/228 229/229/229
f 231/231/231 229/229/229 232/232/232
f 228/228/228 233/233/233 230/230/230
f 228/228/228 231/231/231 233/233/233
f 234/234/234 230/230/230 233/233/233
f 235/235/235 234/234/234 233/233/233
f 235/235/235 233/233/233 236/236/236
f 231/231/231 236/236/236 233/233/233
f 237/237/237 235/235/235 236/236/236
f 238/238/238 231/231/231 232/232/232
f 231/231/231 238/238/238 236/236/236
f 232/232/232 239/239/239 238/238/238
f 236/236/236 240/240/240 237/237/237
f 238/238/238 240/240/240 236/236/236
f 240/240/240 241/241/241 237/237/237
f 239/239/239 242/242/242 238/238/238
f 238/238/238 242/242/242 240/240/240
f 239/239/239 243/243/243 242/242/242
f 240/240/240 244/244/244 241/241/241
f 242/242/242 244/244/244 240/240/240
f 244/244/244 245/245/245 241/241/241
f 244/244/244 246/246/246 245/245/245
f 244/244/244 242/242/242 246/246/246
f 246/246/246 247/247/247 245/245/245
f 243/243/243 248/248/248 242/242/242
f 242/242/242 248/248/248 246/246/246
f 248/248/248 243/243/243 249/249/249
f 247/247/247 246/246/246 250/250/250
f 250/250/250 246/246/246 248/248/248
f 251/251/251 247/247/247 250/250/250
f 252/252/252 248/248/248 249/249/249
f 252/252/252 250/250/250 248/248/248
f 252/252/252 249/249/249 253/253/253
f 251/251/251 250/250/250 254/254/254
f 254/254/254 250/250/250 252/252/252
f 255/255/255 251/251/251 254/254/254
f 256/256/256 252/252/252 253/253/253
f 256/256/256 254/254/254 252/252/252
f 256/256/256 253/253/253 257/257/257
f 255/255/255 254/254/254 258/258/258
f 258/258/258 254/254/254 256/256/256
f 259/259/259 255/255/255 258/258/258
f 260/260/260 256/256/256 257/257/257
f 260/260/260 258/258/258 256/256/256
f 260/260/260 257/257/257 261/261/261
f 259/259/259 258/258/258 262/262/262
f 262/262/262 258/258/258 260/260/260
f 263/263/263 259/259/259 262/262/262
f 264/264/264 260/260/260 261/261/261
f 264/264/264 262/262/262 260/260/260
f 261/261/261 265/265/265 264/264/264
f 265/265/265 266/266/266 264/264/264
f 264/264/264 266/266/266 262/262/262
f 265/265/265 267/267/267 266/266/266
f 262/262/262 268/268/268 263/263/263
f 266/266/266 268/268/268 262/262/262
f 268/268/268 269/269/269 263/263/263
f 267/267/267 270/270/270 266/266/266
f 266/266/266 270/270/270 268/268/268
f 267/267/267 271/271/271 270/270/270
f 268/268/268 272/272/272 269/269/269
f 270/270/270 272/272/272 268/268/268
f 272/272/272 273/273/273 269/269/269
f 271/271/271 274/274/274 270/270/270
f 270/270/270 274/274/274 272/272/272
f 271/271/271 275/275/275 274/274/274
f 272/272/272 276/276/276 273/273/273
f 274/274/274 276/276/276 272/272/272
f 276/276/276 277/277/277 273/273/273
f 275/275/275 278/278/278 274/274/274
f 274/274/274 278/278/278 276/276/276
f 278/278/278 275/275/275 279/279/279
f 276/276/276 280/280/280 277/277/277
f 278/278/278 280/280/280 276/276/276
f 280/280/280 281/281/281 277/277/277
f 281/281/281 280/280/280 282/282/282
f 282/282/282 280/280/280 278/278/278
f 283/283/283 281/281/281 282/282/282
f 284/284/284 278/278/278 279/279/279
f 284/284/284 282/282/282 278/278/278
f 279/279/279 285/285/285 284/284/284
f 282/282/282 286/286/286 283/283/283
f 286/286/286 282/282/282 284/284/284
f 286/286/286 287/287/287 283/283/283
f 285/285/285 288/288/288 284/284/284
f 288/288/288 286/286/286 284/284/284
f 285/285/285 289/289/289 288/288/288
f 286/286/286 290/290/290 287/287/287
f 290/290/290 286/286/286 288/288/288
f 290/290/290 291/291/291 287/287/287
f 289/289/289 292/292/292 288/288/288
f 292/292/292 290/290/290 288/288/288
f 289/289/289 293/293/293 292/292/292
f 290/290/290 294/294/294 291/291/291
f 294/294/294 290/290/290 292/292/292
f 294/294/294 295/295/295 291/291/291
f 293/293/293 296/296/296 292/292/292
f 296/296/296 294/294/294 292/292/292
f 293/293/293 297/297/297 296/296/296
f 297/297/297 298/298/298 296/296/296
f 296/296/296 298/298/298 294/294/294
f 297/297/297 299/299/299 298/298/298
f 294/294/294 300/300/300 295/295/295
f 298/298/298 300/300/300 294/294/294
f 300/300/300 301/301/301 295/295/295
f 299/299/299 302/302/302 298/298/298
f 298/298/298 302/302/302 300/300/300
f 299/299/299 303/303/303 302/302/302
f 300/300/300 304/304/304 301/301/301
f 302/302/302 304/304/304 300/300/300
f 304/304/304 305/305/305 301/301/301
f 303/303/303 306/306/306 302/302/302
f 302/302/302 306/306/306 304/304/304
f 303/303/303 307/307/307 306/306/306
f 304/304/304 308/308/308 305/305/305
f 306/306/306 308/308/308 304/304/304
f 308/308/308 309/309/309 305/305/305
f 307/307/307 310/310/310 306/306/306
f 306/306/306 310/310/310 308/308/308
f 310/310/310 307/307/307 311/311/311
f 308/308/308 312/312/312 309/309/309
f 310/310/310 312/312/312 308/308/308
f 312/312/312 313/313/313 309/309/309
f 313/313/313 312/312/312 314/314/314
f 314/314/314 312/312/312 310/310/310
f 315/315/315 313/313/313 314/314/314
f 316/316/316 310/310/310 311/311/311
f 316/316/316 314/314/314 310/310/310
f 311/311/311 317/317/317 316/316/316
f 315/315/315 314/314/314 318/318/318
f 314/314/314 316/316/316 318/318/318
f 319/319/319 315/315/315 318/318/318
f 317/317/317 320/320/320 316/316/316
f 316/316/316 320/320/320 318/318/318
f 317/317/317 321/321/321 320/320/320
f 318/318/318 322/322/322 319/319/319
f 318/318/318 320/320/320 322/322/322
f 322/322/322 323/323/323 319/319/319
f 321/321/321 324/324/324 320/320/320
f 320/320/320 324/324/324 322/322/322
f 321/321/321 325/325/325 324/324/324
f 322/322/322 326/326/326 323/323/323
f 322/322/322 324/324/324 326/326/326
f 326/326/326 327/327/327 323/323/323
f 325/325/325 328/328/328 324/324/324
f 324/324/324 328/328/328 326/326/326
f 325/325/325 329/329/329 328/328/328
f 326/326/326 330/330/330 327/327/327
f 326/326/326 328/328/328 330/330/330
f 330/330/330 331/331/331 327/327/327
f 329/329/329 332/332/332 328/328/328
f 328/328/328 332/332/332 330/330/330
f 329/329/329 333/333/333 332/332/332
f 333/333/333 334/334/334 332/332/332
f 330/330/330 332/332/332 334/334/334
f 333/333/333 335/335/335 334/334/334
f 330/330/330 336/336/336 331/331/331
f 336/336/336 330/330/330 334/334/334
f 336/336/336 337/337/337 331/331/331
f 335/335/335 338/338/338 334/334/334
f 336/336/336 334/334/334 338/338/338
f 338/338/338 335/335/335 339/339/339
f 337/337/337 336/336/336 340/340/340
f 340/340/340 336/336/336 338/338/338
f 341/341/341 337/337/337 340/340/340
f 342/342/342 338/338/338 339/339/339
f 340/340/340 338/338/338 342/342/342
f 342/342/342 339/339/339 343/343/343
f 341/341/341 340/340/340 344/344/344
f 344/344/344 340/340/340 342/342/342
f 345/345/345 341/341/341 344/344/344
f 346/346/346 342/342/342 343/343/343
f 344/344/344 342/342/342 346/346/346
f 343/343/343 347/347/347 346/346/346
f 345/345/345 344/344/344 348/348/348
f 348/348/348 344/344/344 346/346/346
f 349/349/349 345/345/345 348/348/348
f 348/348/348 350/350/350 349/349/349
f 348/348/348 346/346/346 350/350/350
f 350/350/350 351/351/351 349/349/349
f 347/347/347 352/352/352 346/346/346
f 346/346/346 352/352/352 350/350/350
f 352/352/352 347/347/347 353/353/353
f 351/351/351 350/350/350 354/354/354
f 350/350/350 352/352/352 354/354/354
f 355/355/355 351/351/351 354/354/354
f 356/356/356 352/352/352 353/353/353
f 352/352/352 356/356/356 354/354/354
f 353/353/353 357/357/357 356/356/356
f 355/355/355 354/354/354 358/358/358
f 354/354/354 356/356/356 358/358/358
f 359/359/359 355/355/355 358/358/358
f 357/357/357 360/360/360 356/356/356
f 356/356/356 360/360/360 358/358/358
f 357/357/357 361/361/361 360/360/360
f 358/358/358 362/362/362 359/359/359
f 358/358/358 360/360/360 362/362/362
f 362/362/362 363/363/363 359/359/359
f 361/361/361 364/364/364 360/360/360
f 360/360/360 364/364/364 362/362/362
f 361/361/361 365/365/365 364/364/364
f 362/362/362 366/366/366 363/363/363
f 362/362/362 364/364/364 366/366/366
f 366/366/366 367/367/367 363/363/363
f 365/365/365 368/368/368 364/364/364
f 364/364/364 368/368/368 366/366/366
f 365/365/365 369/369/369 368/368/368
f 366/366/366 370/370/370 367/367/367
f 366/366/366 368/368/368 370/370/370
f 370/370/370 371/371/371 367/367/367
f 369/369/369 372/372/372 368/368/368
f 368/368/368 372/372/372 370/370/370
f 372/372/372 369/369/369 373/373/373
f 374/374/374 372/372/372 373/373/373
f 370/370/370 372/372/372 374/374/374
f 374/374/374 373/373/373 375/375/375
f 371/371/371 370/370/370 376/376/376
f 376/376/376 370/370/370 374/374/374
f 377/377/377 371/371/371 376/376/376
f 378/378/378 374/374/374 375/375/375
f 376/376/376 374/374/374 378/378/378
f 378/378/378 375/375/375 379/379/379
f 377/377/377 376/376/376 380/380/380
f 380/380/380 376/376/376 378/378/378
f 381/381/381 377/377/377 380/380/380
f 382/382/382 378/378/378 379/379/379
f 380/380/380 378/378/378 382/382/382
f 379/379/379 383/383/383 382/382/382
f 381/381/381 380/380/380 384/384/384
f 384/384/384 380/380/380 382/382/382
f 385/385/385 381/381/381 384/384/384
f 383/383/383 386/386/386 382/382/382
f 382/382/382 386/386/386 384/384/384
f 386/386/386 383/383/383 387/387/387
f 384/384/384 388/388/388 385/385/385
f 386/386/386 388/388/388 384/384/384
f 388/388/388 389/389/389 385/385/385
f 389/389/389 388/388/388 390/390/390
f 390/390/390 388/388/388 386/386/386
f 391/391/391 389/389/389 390/390/390
f 392/392/392 386/386/386 387/387/387
f 392/392/392 390/390/390 386/386/386
f 392/392/392 387/387/387 393/393/393
f 391/391/391 390/390/390 394/394/394
f 394/394/394 390/390/390 392/392/392
f 395/395/395 391/391/391 394/394/394
f 396/396/396 392/392/392 393/393/393
f 396/396/396 394/394/394 392/392/392
f 396/396/396 393/393/393 397/397/397
f 394/394/394 398/398/398 395/395/395
f 398/398/398 394/394/394 396/396/396
f 398/398/398 399/399/399 395/395/395
f 400/400/400 396/396/396 397/397/397
f 400/400/400 398/398/398 396/396/396
f 400/400/400 397/397/397 401/401/401
f 399/399/399 398/398/398 402/402/402
f 402/402/402 398/398/398 400/400/400
f 403/403/403 399/399/399 402/402/402
f 404/404/404 400/400/400 401/401/401
f 404/404/404 402/402/402 400/400/400
f 404/404/404 401/401/401 405/405/405
f 403/403/403 402/402/402 406/406/406
f 406/406/406 402/402/402 404/404/404
f 407/407/407 403/403/403 406/406/406
f 408/408/408 404/404/404 405/405/405
f 408/408/408 406/406/406 404/404/404
f 408/408/408 405/405/405 409/409/409
f 410/410/410 408/408/408 409/409/409
f 406/406/406 408/408/408 410/410/410
f 410/410/410 409/409/409 411/411/411
f 407/407/407 406/406/406 412/412/412
f 412/412/412 406/406/406 410/410/410
f 413/413/413 407/407/407 412/412/412
f 414/414/414 410/410/410 411/411/411
f 412/412/412 410/410/410 414/414/414
f 414/414/414 411/411/411 415/415/415
f 413/413/413 412/412/412 416/416/416
f 416/416/416 412/412/412 414/414/414
f 417/417/417 413/413/413 416/416/416
f 418/418/418 414/414/414 415/415/415
f 416/416/416 414/414/414 418/418/418
f 418/418/418 415/415/415 419/419/419
f 417/417/417 416/416/416 420/420/420
f 420/420/420 416/416/416 418/418/418
f 421/421/421 417/417/417 420/420/420
f 422/422/422 418/418/418 419/419/419
f 418/418/418 422/422/422 420/420/420
f 419/419/419 423/423/423 422/422/422
f 420/420/420 424/424/424 421/421/421
f 422/422/422 424/424/424 420/420/420
f 424/424/424 425/425/425 421/421/421
f 423/423/423 426/426/426 422/422/422
f 424/424/424 422/422/422 426/426/426
f 426/426/426 423/423/423 427/427/427
f 424/424/424 428/428/428 425/425/425
f 428/428/428 424/424/424 426/426/426
f 428/428/428 429/429/429 425/425/425
f 429/429/429 428/428/428 430/430/430
f 430/430/430 428/428/428 426/426/426
f 431/431/431 429/429/429 430/430/430
f 432/432/432 426/426/426 427/427/427
f 432/432/432 430/430/430 426/426/426
f 432/432/432 427/427/427 433/433/433
f 431/431/431 430/430/430 434/434/434
f 434/434/434 430/430/430 432/432/432
f 435/435/435 431/431/431 434/434/434
f 436/436/436 432/432/432 433/433/433
f 436/436/436 434/434/434 432/432/432
f 436/436/436 433/433/433 437/437/437
f 435/435/435 434/434/434 438/438/438
f 438/438/438 434/434/434 436/436/436
f 439/439/439 435/435/435 438/438/438
f 440/440/440 436/436/436 437/437/437
f 440/440/440 438/438/438 436/436/436
f 440/440/440 437/437/437 441/441/441
f 439/439/439 438/438/438 442/442/442
f 442/442/442 438/438/438 440/440/440
f 443/443/443 439/439/439 442/442/442
f 444/444/444 440/440/440 441/441/441
f 444/444/444 442/442/442 440/440/440
f 444/444/444 441/441/441 445/445/445
f 446/446/446 444/444/444 445/445/445
f 446/446/446 447/447/447 444/444/444
f 447/447/447 442/442/442 444/444/444
f 443/443/443 442/442/442 447/447/447
f 448/448/448 443/443/443 447/447/447
f 451/451/451 450/450/450 449/449/449
f 452/452/452 451/451/451 449/449/449
f 455/455/455 454/454/454 453/453/453
f 456/456/456 455/455/455 453/453/453
f 459/459/459 458/458/458 457/457/457
f 458/458/458 460/460/460 457/457/457
f 457/457/457 460/460/460 461/461/461
f 458/458/458 462/462/462 460/460/460
f 460/460/460 463/463/463 461/461/461
f 461/461/461 463/463/463 464/464/464
f 462/462/462 465/465/465 460/460/460
f 460/460/460 465/465/465 463/463/463
f 462/462/462 466/466/466 465/465/465
f 463/463/463 467/467/467 464/464/464
f 464/464/464 467/467/467 468/468/468
f 465/465/465 469/469/469 463/463/463
f 463/463/463 469/469/469 467/467/467
f 466/466/466 470/470/470 465/465/465
f 465/465/465 470/470/470 469/469/469
f 466/466/466 471/471/471 470/470/470
f 467/467/467 472/472/472 468/468/468
f 468/468/468 472/472/472 473/473/473
f 469/469/469 474/474/474 467/467/467
f 467/467/467 474/474/474 472/472/472
f 470/470/470 475/475/475 469/469/469
f 469/469/469 475/475/475 474/474/474
f 471/471/471 476/476/476 470/470/470
f 470/470/470 476/476/476 475/475/475
f 471/471/471 477/477/477 476/476/476
f 472/472/472 478/478/478 473/473/473
f 473/473/473 478/478/478 479/479/479
f 474/474/474 480/480/480 472/472/472
f 472/472/472 480/480/480 478/478/478
f 475/475/475 481/481/481 474/474/474
f 474/474/474 481/481/481 480/480/480
f 476/476/476 482/482/482 475/475/475
f 475/475/475 482/482/482 481/481/481
f 477/477/477 483/483/483 476/476/476
f 476/476/476 483/483/483 482/482/482
f 477/477/477 484/484/484 483/483/483
f 484/484/484 485/485/485 483/483/483
f 483/483/483 485/485/485 486/486/486
f 483/483/483 486/486/486 482/482/482
f 485/485/485 487/487/487 486/486/486
f 478/478/478 488/488/488 479/479/479
f 479/479/479 488/488/488 489/489/489
f 480/480/480 490/490/490 478/478/478
f 478/478/478 490/490/490 488/488/488
f 481/481/481 491/491/491 480/480/480
f 480/480/480 491/491/491 490/490/490
f 482/482/482 492/492/492 481/481/481
f 482/482/482 486/486/486 492/492/492
f 481/481/481 492/492/492 491/491/491
f 486/486/486 487/487/487 493/493/493
f 486/486/486 493/493/493 492/492/492
f 487/487/487 494/494/494 493/493/493
f 488/488/488 495/495/495 489/489/489
f 489/489/489 495/495/495 496/496/496
f 495/495/495 497/497/497 496/496/496
f 490/490/490 498/498/498 488/488/488
f 488/488/488 498/498/498 495/495/495
f 495/495/495 499/499/499 497/497/497
f 498/498/498 499/499/499 495/495/495
f 499/499/499 500/500/500 497/497/497
f 491/491/491 501/501/501 490/490/490
f 490/490/490 501/501/501 498/498/498
f 492/492/492 502/502/502 491/491/491
f 492/492/492 493/493/493 502/502/502
f 491/491/491 502/502/502 501/501/501
f 493/493/493 494/494/494 503/503/503
f 493/493/493 503/503/503 502/502/502
f 494/494/494 504/504/504 503/503/503
f 499/499/499 505/505/505 500/500/500
f 505/505/505 506/506/506 500/500/500
f 498/498/498 507/507/507 499/499/499
f 501/501/501 507/507/507 498/498/498
f 507/507/507 505/505/505 499/499/499
f 502/502/502 508/508/508 501/501/501
f 502/502/502 503/503/503 508/508/508
f 501/501/501 508/508/508 507/507/507
f 503/503/503 504/504/504 509/509/509
f 503/503/503 509/509/509 508/508/508
f 504/504/504 510/510/510 509/509/509
f 508/508/508 511/511/511 507/507/507
f 507/507/507 511/511/511 505/505/505
f 508/508/508 509/509/509 511/511/511
f 505/505/505 512/512/512 506/506/506
f 511/511/511 512/512/512 505/505/505
f 512/512/512 513/513/513 506/506/506
f 509/509/509 510/510/510 514/514/514
f 509/509/509 514/514/514 511/511/511
f 511/511/511 514/514/514 512/512/512
f 510/510/510 515/515/515 514/514/514
f 512/512/512 516/516/516 513/513/513
f 514/514/514 516/516/516 512/512/512
f 514/514/514 515/515/515 516/516/516
f 516/516/516 517/517/517 513/513/513
f 515/515/515 518/518/518 516/516/516
f 516/516/516 518/518/518 517/517/517
f 518/518/518 519/519/519 517/517/517
f 522/522/522 521/521/521 520/520/520
f 523/523/523 522/522/522 520/520/520
f 522/522/522 523/523/523 524/524/524
f 525/525/525 522/522/522 524/524/524
f 526/526/526 525/525/525 524/524/524
f 527/527/527 526/526/526 524/524/524
f 526/526/526 527/527/527 528/528/528
f 529/529/529 526/526/526 528/528/528
f 530/530/530 529/529/529 528/528/528
f 531/531/531 530/530/530 528/528/528
f 531/531/531 532/532/532 530/530/530
f 532/532/532 533/533/533 530/530/530
f 534/534/534 533/533/533 532/532/532
f 535/535/535 534/534/534 532/532/532
f 534/534/534 535/535/535 536/536/536
f 537/537/537 534/534/534 536/536/536
f 540/540/540 539/539/539 538/538/538
f 541/541/541 540/540/540 538/538/538
f 544/544/544 543/543/543 542/542/542
f 545/545/545 544/544/544 542/542/542
f 548/548/548 547/547/547 546/546/546
f 549/549/549 548/548/548 546/546/546
f 548/548/548 549/549/549 550/550/550
f 551/551/551 548/548/548 550/550/550
f 552/552/552 551/551/551 550/550/550
f 553/553/553 552/552/552 550/550/550
f 552/552/552 553/553/553 554/554/554
f 555/555/555 552/552/552 554/554/554
f 556/556/556 555/555/555 554/554/554
f 557/557/557 556/556/556 554/554/554
f 557/557/557 558/558/558 556/556/556
f 558/558/558 559/559/559 556/556/556
f 560/560/560 559/559/559 558/558/558
f 561/561/561 560/560/560 558/558/558
f 560/560/560 561/561/561 562/562/562
f 563/563/563 560/560/560 562/562/562
f 566/566/566 565/565/565 564/564/564
f 567/567/567 566/566/566 564/564/564
f 566/566/566 567/567/567 568/568/568
f 569/569/569 566/566/566 568/568/568
f 570/570/570 569/569/569 568/568/568
f 571/571/571 570/570/570 568/568/568
f 570/570/570 571/571/571 572/572/572
f 573/573/573 570/570/570 572/572/572
f 574/574/574 573/573/573 572/572/572
f 575/575/575 574/574/574 572/572/572
f 575/575/575 576/576/576 574/574/574
f 576/576/576 577/577/577 574/574/574
f 578/578/578 577/577/577 576/576/576
f 579/579/579 578/578/578 576/576/576
f 578/578/578 579/579/579 580/580/580
f 581/581/581 578/578/578 580/580/580
f 584/584/584 583/583/583 582/582/582
f 585/585/585 584/584/584 582/582/582
f 588/588/588 587/587/587 586/586/586
f 589/589/589 588/588/588 586/586/586
f 592/592/592 591/591/591 590/590/590
f 593/593/593 592/592/592 590/590/590
f 593/593/593 590/590/590 594/594/594
f 592/592/592 593/593/593 595/595/595
f 596/596/596 593/593/593 594/594/594
f 596/596/596 594/594/594 597/597/597
f 593/593/593 598/598/598 595/595/595
f 593/593/593 596/596/596 598/598/598
f 599/599/599 595/595/595 598/598/598
f 600/600/600 599/599/599 598/598/598
f 600/600/600 598/598/598 601/601/601
f 596/596/596 601/601/601 598/598/598
f 602/602/602 600/600/600 601/601/601
f 603/603/603 596/596/596 597/597/597
f 596/596/596 603/603/603 601/601/601
f 597/597/597 604/604/604 603/603/603
f 601/601/601 605/605/605 602/602/602
f 603/603/603 605/605/605 601/601/601
f 605/605/605 606/606/606 602/602/602
f 604/604/604 607/607/607 603/603/603
f 603/603/603 607/607/607 605/605/605
f 604/604/604 608/608/608 607/607/607
f 605/605/605 609/609/609 606/606/606
f 607/607/607 609/609/609 605/605/605
f 609/609/609 610/610/610 606/606/606
f 609/609/609 611/611/611 610/610/610
f 609/609/609 607/607/607 611/611/611
f 611/611/611 612/612/612 610/610/610
f 608/608/608 613/613/613 607/607/607
f 607/607/607 613/613/613 611/611/611
f 613/613/613 608/608/608 614/614/614
f 612/612/612 611/611/611 615/615/615
f 615/615/615 611/611/611 613/613/613
f 616/616/616 612/612/612 615/615/615
f 617/617/617 613/613/613 614/614/614
f 617/617/617 615/615/615 613/613/613
f 617/617/617 614/614/614 618/618/618
f 616/616/616 615/615/615 619/619/619
f 619/619/619 615/615/615 617/617/617
f 620/620/620 616/616/616 619/619/619
f 621/621/621 617/617/617 618/618/618
f 621/621/621 619/619/619 617/617/617
f 621/621/621 618/618/618 622/622/622
f 620/620/620 619/619/619 623/623/623
f 623/623/623 619/619/619 621/621/621
f 624/624/624 620/620/620 623/623/623
f 625/625/625 621/621/621 622/622/622
f 625/625/625 623/623/623 621/621/621
f 625/625/625 622/622/622 626/626/626
f 624/624/624 623/623/623 627/627/627
f 627/627/627 623/623/623 625/625/625
f 628/628/628 624/624/624 627/627/627
f 629/629/629 625/625/625 626/626/626
f 629/629/629 627/627/627 625/625/625
f 626/626/626 630/630/630 629/629/629
f 630/630/630 631/631/631 629/629/629
f 629/629/629 631/631/631 627/627/627
f 630/630/630 632/632/632 631/631/631
f 627/627/627 633/633/633 628/628/628
f 631/631/631 633/633/633 627/627/627
f 633/633/633 634/634/634 628/628/628
f 632/632/632 635/635/635 631/631/631
f 631/631/631 635/635/635 633/633/633
f 632/632/632 636/636/636 635/635/635
f 633/633/633 637/637/637 634/634/634
f 635/635/635 637/637/637 633/633/633
f 637/637/637 638/638/638 634/634/634
f 636/636/636 639/639/639 635/635/635
f 635/635/635 639/639/639 637/637/637
f 636/636/636 640/640/640 639/639/639
f 637/637/637 641/641/641 638/638/638
f 639/639/639 641/641/641 637/637/637
f 641/641/641 642/642/642 638/638/638
f 640/640/640 643/643/643 639/639/639
f 639/639/639 643/643/643 641/641/641
f 643/643/643 640/640/640 644/644/644
f 641/641/641 645/645/645 642/642/642
f 643/643/643 645/645/645 641/641/641
f 645/645/645 646/646/646 642/642/642
f 646/646/646 645/645/645 647/647/647
f 647/647/647 645/645/645 643/643/643
f 648/648/648 646/646/646 647/647/647
f 649/649/649 643/643/643 644/644/644
f 649/649/649 647/647/647 643/643/643
f 644/644/644 650/650/650 649/649/649
f 647/647/647 651/651/651 648/648/648
f 651/651/651 647/647/647 649/649/649
f 651/651/651 652/652/652 648/648/648
f 650/650/650 653/653/653 649/649/649
f 653/653/653 651/651/651 649/649/649
f 650/650/650 654/654/654 653/653/653
f 651/651/651 655/655/655 652/652/652
f 655/655/655 651/651/651 653/653/653
f 655/655/655 656/656/656 652/652/652
f 654/654/654 657/657/657 653/653/653
f 657/657/657 655/655/655 653/653/653
f 654/654/654 658/658/658 657/657/657
f 655/655/655 659/659/659 656/656/656
f 659/659/659 655/655/655 657/657/657
f 659/659/659 660/660/660 656/656/656
f 658/658/658 661/661/661 657/657/657
f 661/661/661 659/659/659 657/657/657
f 658/658/658 662/662/662 661/661/661
f 662/662/662 663/663/663 661/661/661
f 661/661/661 663/663/663 659/659/659
f 662/662/662 664/664/664 663/663/663
f 659/659/659 665/665/665 660/660/660
f 663/663/663 665/665/665 659/659/659
f 665/665/665 666/666/666 660/660/660
f 664/664/664 667/667/667 663/663/663
f 663/663/663 667/667/667 665/665/665
f 664/664/664 668/668/668 667/667/667
f 665/665/665 669/669/669 666/666/666
f 667/667/667 669/669/669 665/665/665
f 669/669/669 670/670/670 666/666/666
f 668/668/668 671/671/671 667/667/667
f 667/667/667 671/671/671 669/669/669
f 668/668/668 672/672/672 671/671/671
f 669/669/669 673/673/673 670/670/670
f 671/671/671 673/673/673 669/669/669
f 673/673/673 674/674/674 670/670/670
f 672/672/672 675/675/675 671/671/671
f 671/671/671 675/675/675 673/673/673
f 675/675/675 672/672/672 676/676/676
f 673/673/673 677/677/677 674/674/674
f 675/675/675 677/677/677 673/673/673
f 677/677/677 678/678/678 674/674/674
f 678/678/678 677/677/677 679/679/679
f 679/679/679 677/677/677 675/675/675
f 680/680/680 678/678/678 679/679/679
f 681/681/681 675/675/675 676/676/676
f 681/681/681 679/679/679 675/675/675
f 676/676/676 682/682/682 681/681/681
f 680/680/680 679/679/679 683/683/683
f 679/679/679 681/681/681 683/683/683
f 684/684/684 680/680/680 683/683/683
f 682/682/682 685/685/685 681/681/681
f 681/681/681 685/685/685 683/683/683
f 682/682/682 686/686/686 685/685/685
f 683/683/683 687/687/687 684/684/684
f 683/683/683 685/685/685 687/687/687
f 687/687/687 688/688/688 684/684/684
f 686/686/686 689/689/689 685/685/685
f 685/685/685 689/689/689 687/687/687
f 686/686/686 690/690/690 689/689/689
f 687/687/687 691/691/691 688/688/688
f 687/687/687 689/689/689 691/691/691
f 691/691/691 692/692/692 688/688/688
f 690/690/690 693/693/693 689/689/689
f 689/689/689 693/693/693 691/691/691
f 690/690/690 694/694/694 693/693/693
f 691/691/691 695/695/695 692/692/692
f 691/691/691 693/693/693 695/695/695
f 695/695/695 696/696/696 692/692/692
f 694/694/694 697/697/697 693/693/693
f 693/693/693 697/697/697 695/695/695
f 694/694/694 698/698/698 697/697/697
f 698/698/698 699/699/699 697/697/697
f 695/695/695 697/697/697 699/699/699
f 698/698/698 700/700/700 699/699/699
f 695/695/695 701/701/701 696/696/696
f 701/701/701 695/695/695 699/699/699
f 701/701/701 702/702/702 696/696/696
f 700/700/700 703/703/703 699/699/699
f 701/701/701 699/699/699 703/703/703
f 703/703/703 700/700/700 704/704/704
f 702/702/702 701/701/701 705/705/705
f 705/705/705 701/701/701 703/703/703
f 706/706/706 702/702/702 705/705/705
f 707/707/707 703/703/703 704/704/704
f 705/705/705 703/703/703 707/707/707
f 707/707/707 704/704/704 708/708/708
f 706/706/706 705/705/705 709/709/709
f 709/709/709 705/705/705 707/707/707
f 710/710/710 706/706/706 709/709/709
f 711/711/711 707/707/707 708/708/708
f 709/709/709 707/707/707 711/711/711
f 708/708/708 712/712/712 711/711/711
f 710/710/710 709/709/709 713/713/713
f 713/713/713 709/709/709 711/711/711
f 714/714/714 710/710/710 713/713/713
f 713/713/713 715/715/715 714/714/714
f 713/713/713 711/711/711 715/715/715
f 715/715/715 716/716/716 714/714/714
f 712/712/712 717/717/717 711/711/711
f 711/711/711 717/717/717 715/715/715
f 717/717/717 712/712/712 718/718/718
f 716/716/716 715/715/715 719/719/719
f 715/715/715 717/717/717 719/719/719
f 720/720/720 716/716/716 719/719/719
f 721/721/721 717/717/717 718/718/718
f 717/717/717 721/721/721 719/719/719
f 718/718/718 722/722/722 721/721/721
f 720/720/720 719/719/719 723/723/723
f 719/719/719 721/721/721 723/723/723
f 724/724/724 720/720/720 723/723/723
f 722/722/722 725/725/725 721/721/721
f 721/721/721 725/725/725 723/723/723
f 722/722/722 726/726/726 725/725/725
f 723/723/723 727/727/727 724/724/724
f 723/723/723 725/725/725 727/727/727
f 727/727/727 728/728/728 724/724/724
f 726/726/726 729/729/729 725/725/725
f 725/725/725 729/729/729 727/727/727
f 726/726/726 730/730/730 729/729/729
f 727/727/727 731/731/731 728/728/728
f 727/727/727 729/729/729 731/731/731
f 731/731/731 732/732/732 728/728/728
f 730/730/730 733/733/733 729/729/729
f 729/729/729 733/733/733 731/731/731
f 730/730/730 734/734/734 733/733/733
f 731/731/731 735/735/735 732/732/732
f 731/731/731 733/733/733 735/735/735
f 735/735/735 736/736/736 732/732/732
f 734/734/734 737/737/737 733/733/733
f 733/733/733 737/737/737 735/735/735
f 737/737/737 734/734/734 738/738/738
f 739/739/739 737/737/737 738/738/738
f 735/735/735 737/737/737 739/739/739
f 739/739/739 738/738/738 740/740/740
f 736/736/736 735/735/735 741/741/741
f 741/741/741 735/735/735 739/739/739
f 742/742/742 736/736/736 741/741/741
f 743/743/743 739/739/739 740/740/740
f 741/741/741 739/739/739 743/743/743
f 743/743/743 740/740/740 744/744/744
f 742/742/742 741/741/741 745/745/745
f 745/745/745 741/741/741 743/743/743
f 746/746/746 742/742/742 745/745/745
f 747/747/747 743/743/743 744/744/744
f 745/745/745 743/743/743 747/747/747
f 744/744/744 748/748/748 747/747/747
f 746/746/746 745/745/745 749/749/749
f 749/749/749 745/745/745 747/747/747
f 750/750/750 746/746/746 749/749/749
f 748/748/748 751/751/751 747/747/747
f 747/747/747 751/751/751 749/749/749
f 751/751/751 748/748/748 752/752/752
f 749/749/749 753/753/753 750/750/750
f 751/751/751 753/753/753 749/749/749
f 753/753/753 754/754/754 750/750/750
f 754/754/754 753/753/753 755/755/755
f 755/755/755 753/753/753 751/751/751
f 756/756/756 754/754/754 755/755/755
f 757/757/757 751/751/751 752/752/752
f 757/757/757 755/755/755 751/751/751
f 757/757/757 752/752/752 758/758/758
f 756/756/756 755/755/755 759/759/759
f 759/759/759 755/755/755 757/757/757
f 760/760/760 756/756/756 759/759/759
f 761/761/761 757/757/757 758/758/758
f 761/761/761 759/759/759 757/757/757
f 761/761/761 758/758/758 762/762/762
f 759/759/759 763/763/763 760/760/760
f 763/763/763 759/759/759 761/761/761
f 763/763/763 764/764/764 760/760/760
f 765/765/765 761/761/761 762/762/762
f 765/765/765 763/763/763 761/761/761
f 765/765/765 762/762/762 766/766/766
f 764/764/764 763/763/763 767/767/767
f 767/767/767 763/763/763 765/765/765
f 768/768/768 764/764/764 767/767/767
f 769/769/769 765/765/765 766/766/766
f 769/769/769 767/767/767 765/765/765
f 769/769/769 766/766/766 770/770/770
f 768/768/768 767/767/767 771/771/771
f 771/771/771 767/767/767 769/769/769
f 772/772/772 768/768/768 771/771/771
f 773/773/773 769/769/769 770/770/770
f 773/773/773 771/771/771 769/769/769
f 773/773/773 770/770/770 774/774/774
f 775/775/775 773/773/773 774/774/774
f 771/771/771 773/773/773 775/775/775
f 775/775/775 774/774/774 776/776/776
f 772/772/772 771/771/771 777/777/777
f 777/777/777 771/771/771 775/775/775
f 778/778/778 772/772/772 777/777/777
f 779/779/779 775/775/775 776/776/776
f 777/777/777 775/775/775 779/779/779
f 779/779/779 776/776/776 780/780/780
f 778/778/778 777/777/777 781/781/781
f 781/781/781 777/777/777 779/779/779
f 782/782/782 778/778/778 781/781/781
f 783/783/783 779/779/779 780/780/780
f 781/781/781 779/779/779 783/783/783
f 783/783/783 780/780/780 784/784/784
f 782/782/782 781/781/781 785/785/785
f 785/785/785 781/781/781 783/783/783
f 786/786/786 782/782/782 785/785/785
f 787/787/787 783/783/783 784/784/784
f 783/783/783 787/787/787 785/785/785
f 784/784/784 788/788/788 787/787/787
f 785/785/785 789/789/789 786/786/786
f 787/787/787 789/789/789 785/785/785
f 789/789/789 790/790/790 786/786/786
f 788/788/788 791/791/791 787/787/787
f 789/789/789 787/787/787 791/791/791
f 791/791/791 788/788/788 792/792/792
f 789/789/789 793/793/793 790/790/790
f 793/793/793 789/789/789 791/791/791
f 793/793/793 794/794/794 790/790/790
f 794/794/794 793/793/793 795/795/795
f 795/795/795 793/793/793 791/791/791
f 796/796/796 794/794/794 795/795/795
f 797/797/797 791/791/791 792/792/792
f 797/797/797 795/795/795 791/791/791
f 797/797/797 792/792/792 798/798/798
f 796/796/796 795/795/795 799/799/799
f 799/799/799 795/795/795 797/797/797
f 800/800/800 796/796/796 799/799/799
f 801/801/801 797/797/797 798/798/798
f 801/801/801 799/799/799 797/797/797
f 801/801/801 798/798/798 802/802/802
f 800/800/800 799/799/799 803/803/803
f 803/803/803 799/799/799 801/801/801
f 804/804/804 800/800/800 803/803/803
f 805/805/805 801/801/801 802/802/802
f 805/805/805 803/803/803 801/801/801
f 805/805/805 802/802/802 806/806/806
f 804/804/804 803/803/803 807/807/807
f 807/807/807 803/803/803 805/805/805
f 808/808/808 804/804/804 807/807/807
f 809/809/809 805/805/805 806/806/806
f 809/809/809 807/807/807 805/805/805
f 809/809/809 806/806/806 810/810/810
f 811/811/811 809/809/809 810/810/810
f 811/811/811 812/812/812 809/809/809
f 812/812/812 807/807/807 809/809/809
f 808/808/808 807/807/807 812/812/812
f 813/813/813 808/808/808 812/812/812
f 816/816/816 815/815/815 814/814/814
f 817/817/817 816/816/816 814/814/814
f 817/817/817 814/814/814 818/818/818
f 814/814/814 819/819/819 818/818/818
f 818/818/818 820/820/820 817/817/817
f 817/817/817 821/821/821 816/816/816
f 820/820/820 821/821/821 817/817/817
f 821/821/821 822/822/822 816/816/816
f 821/821/821 820/820/820 823/823/823
f 824/824/824 822/822/822 821/821/821
f 825/825/825 821/821/821 823/823/823
f 825/825/825 824/824/824 821/821/821
f 823/823/823 826/826/826 825/825/825
f 825/825/825 827/827/827 824/824/824
f 826/826/826 827/827/827 825/825/825
f 827/827/827 828/828/828 824/824/824
f 827/827/827 826/826/826 829/829/829
f 830/830/830 828/828/828 827/827/827
f 831/831/831 827/827/827 829/829/829
f 831/831/831 830/830/830 827/827/827
f 831/831/831 829/829/829 832/832/832
f 831/831/831 833/833/833 830/830/830
f 833/833/833 831/831/831 832/832/832
f 833/833/833 834/834/834 830/830/830
f 833/833/833 832/832/832 835/835/835
f 834/834/834 833/833/833 836/836/836
f 837/837/837 833/833/833 835/835/835
f 833/833/833 837/837/837 836/836/836
f 835/835/835 838/838/838 837/837/837
f 837/837/837 839/839/839 836/836/836
f 838/838/838 839/839/839 837/837/837
f 839/839/839 840/840/840 836/836/836
f 839/839/839 838/838/838 841/841/841
f 842/842/842 840/840/840 839/839/839
f 843/843/843 839/839/839 841/841/841
f 843/843/843 842/842/842 839/839/839
f 841/841/841 844/844/844 843/843/843
f 843/843/843 845/845/845 842/842/842
f 844/844/844 845/845/845 843/843/843
f 845/845/845 846/846/846 842/842/842
f 845/845/845 844/844/844 847/847/847
f 848/848/848 846/846/846 845/845/845
f 849/849/849 845/845/845 847/847/847
f 849/849/849 848/848/848 845/845/845
f 847/847/847 850/850/850 849/849/849
f 850/850/850 851/851/851 849/849/849
f 849/849/849 851/851/851 848/848/848
f 851/851/851 852/852/852 848/848/848
f 855/855/855 854/854/854 853/853/853
f 856/856/856 855/855/855 853/853/853
f 857/857/857 855/855/855 856/856/856
f 858/858/858 857/857/857 856/856/856
f 859/859/859 857/857/857 858/858/858
f 860/860/860 859/859/859 858/858/858
f 861/861/861 859/859/859 860/860/860
f 862/862/862 861/861/861 860/860/860
f 863/863/863 861/861/861 862/862/862
f 864/864/864 863/863/863 862/862/862
f 865/865/865 863/863/863 864/864/864
f 866/866/866 865/865/865 864/864/864
f 867/867/867 865/865/865 866/866/866
f 868/868/868 867/867/867 866/866/866
f 869/869/869 867/867/867 868/868/868
f 870/870/870 869/869/869 868/868/868
f 869/869/869 870/870/870 871/871/871
f 870/870/870 872/872/872 871/871/871
f 873/873/873 871/871/871 872/872/872
f 874/874/874 873/873/873 872/872/872
f 875/875/875 873/873/873 874/874/874
f 876/876/876 875/875/875 874/874/874
f 877/877/877 875/875/875 876/876/876
f 878/878/878 877/877/877 876/876/876
f 879/879/879 877/877/877 878/878/878
f 880/880/880 879/879/879 878/878/878
f 881/881/881 879/879/879 880/880/880
f 882/882/882 881/881/881 880/880/880
f 883/883/883 881/881/881 882/882/882
f 884/884/884 883/883/883 882/882/882
f 885/885/885 883/883/883 884/884/884
f 886/886/886 885/885/885 884/884/884
f 889/889/889 888/888/888 887/887/887
f 890/890/890 889/889/889 887/887/887
f 887/887/887 891/891/891 890/890/890
f 892/892/892 889/889/889 890/890/890
f 891/891/891 893/893/893 890/890/890
f 891/891/891 894/894/894 893/893/893
f 895/895/895 892/892/892 890/890/890
f 890/890/890 893/893/893 895/895/895
f 896/896/896 892/892/892 895/895/895
f 894/894/894 897/897/897 893/893/893
f 894/894/894 898/898/898 897/897/897
f 899/899/899 896/896/896 895/895/895
f 900/900/900 896/896/896 899/899/899
f 893/893/893 901/901/901 895/895/895
f 893/893/893 897/897/897 901/901/901
f 895/895/895 901/901/901 899/899/899
f 898/898/898 902/902/902 897/897/897
f 898/898/898 903/903/903 902/902/902
f 897/897/897 904/904/904 901/901/901
f 897/897/897 902/902/902 904/904/904
f 905/905/905 900/900/900 899/899/899
f 906/906/906 900/900/900 905/905/905
f 901/901/901 907/907/907 899/899/899
f 901/901/901 904/904/904 907/907/907
f 908/908/908 906/906/906 905/905/905
f 909/909/909 906/906/906 908/908/908
f 905/905/905 899/899/899 910/910/910
f 899/899/899 907/907/907 910/910/910
f 905/905/905 910/910/910 908/908/908
f 911/911/911 909/909/909 908/908/908
f 912/912/912 909/909/909 911/911/911
f 910/910/910 913/913/913 908/908/908
f 908/908/908 913/913/913 911/911/911
f 910/910/910 907/907/907 914/914/914
f 910/910/910 914/914/914 913/913/913
f 904/904/904 915/915/915 907/907/907
f 907/907/907 915/915/915 914/914/914
f 916/916/916 912/912/912 911/911/911
f 917/917/917 912/912/912 916/916/916
f 913/913/913 918/918/918 911/911/911
f 911/911/911 918/918/918 916/916/916
f 914/914/914 919/919/919 913/913/913
f 913/913/913 919/919/919 918/918/918
f 904/904/904 920/920/920 915/915/915
f 902/902/902 920/920/920 904/904/904
f 921/921/921 914/914/914 915/915/915
f 914/914/914 921/921/921 919/919/919
f 920/920/920 922/922/922 915/915/915
f 922/922/922 921/921/921 915/915/915
f 920/920/920 902/902/902 923/923/923
f 920/920/920 923/923/923 922/922/922
f 924/924/924 917/917/917 916/916/916
f 925/925/925 917/917/917 924/924/924
f 926/926/926 925/925/925 924/924/924
f 927/927/927 925/925/925 926/926/926
f 924/924/924 916/916/916 928/928/928
f 924/924/924 928/928/928 926/926/926
f 929/929/929 927/927/927 926/926/926
f 930/930/930 927/927/927 929/929/929
f 921/921/921 922/922/922 931/931/931
f 923/923/923 931/931/931 922/922/922
f 902/902/902 932/932/932 923/923/923
f 903/903/903 932/932/932 902/902/902
f 932/932/932 903/903/903 933/933/933
f 903/903/903 934/934/934 933/933/933
f 934/934/934 935/935/935 933/933/933
f 936/936/936 923/923/923 932/932/932
f 933/933/933 936/936/936 932/932/932
f 935/935/935 937/937/937 933/933/933
f 933/933/933 937/937/937 936/936/936
f 923/923/923 936/936/936 938/938/938
f 931/931/931 923/923/923 938/938/938
f 939/939/939 930/930/930 929/929/929
f 940/940/940 930/930/930 939/939/939
f 941/941/941 940/940/940 939/939/939
f 941/941/941 939/939/939 942/942/942
f 939/939/939 943/943/943 942/942/942
f 942/942/942 943/943/943 944/944/944
f 929/929/929 945/945/945 939/939/939
f 945/945/945 943/943/943 939/939/939
f 943/943/943 946/946/946 944/944/944
f 944/944/944 946/946/946 947/947/947
f 936/936/936 948/948/948 938/938/938
f 937/937/937 948/948/948 936/936/936
f 949/949/949 945/945/945 929/929/929
f 926/926/926 949/949/949 929/929/929
f 928/928/928 949/949/949 926/926/926
f 945/945/945 950/950/950 943/943/943
f 950/950/950 946/946/946 943/943/943
f 949/949/949 951/951/951 945/945/945
f 951/951/951 950/950/950 945/945/945
f 928/928/928 952/952/952 949/949/949
f 952/952/952 951/951/951 949/949/949
f 928/928/928 953/953/953 952/952/952
f 916/916/916 953/953/953 928/928/928
f 918/918/918 953/953/953 916/916/916
f 918/918/918 954/954/954 953/953/953
f 919/919/919 954/954/954 918/918/918
f 953/953/953 955/955/955 952/952/952
f 954/954/954 955/955/955 953/953/953
f 952/952/952 956/956/956 951/951/951
f 952/952/952 955/955/955 956/956/956
f 951/951/951 957/957/957 950/950/950
f 956/956/956 957/957/957 951/951/951
f 950/950/950 958/958/958 946/946/946
f 957/957/957 958/958/958 950/950/950
f 919/919/919 959/959/959 954/954/954
f 921/921/921 959/959/959 919/919/919
f 954/954/954 960/960/960 955/955/955
f 959/959/959 960/960/960 954/954/954
f 958/958/958 961/961/961 946/946/946
f 946/946/946 961/961/961 947/947/947
f 921/921/921 962/962/962 959/959/959
f 962/962/962 921/921/921 931/931/931
f 958/958/958 963/963/963 961/961/961
f 963/963/963 958/958/958 957/957/957
f 961/961/961 964/964/964 947/947/947
f 963/963/963 964/964/964 961/961/961
f 964/964/964 965/965/965 947/947/947
f 966/966/966 965/965/965 964/964/964
f 967/967/967 966/966/966 964/964/964
f 964/964/964 963/963/963 967/967/967
f 960/960/960 959/959/959 968/968/968
f 962/962/962 968/968/968 959/959/959
f 969/969/969 962/962/962 931/931/931
f 938/938/938 969/969/969 931/931/931
f 967/967/967 970/970/970 966/966/966
f 970/970/970 971/971/971 966/966/966
f 971/971/971 970/970/970 972/972/972
f 968/968/968 962/962/962 973/973/973
f 962/962/962 969/969/969 973/973/973
f 938/938/938 974/974/974 969/969/969
f 948/948/948 974/974/974 938/938/938
f 969/969/969 975/975/975 973/973/973
f 974/974/974 975/975/975 969/969/969
f 976/976/976 960/960/960 968/968/968
f 973/973/973 977/977/977 968/968/968
f 977/977/977 976/976/976 968/968/968
f 975/975/975 978/978/978 973/973/973
f 973/973/973 978/978/978 977/977/977
f 960/960/960 976/976/976 979/979/979
f 960/960/960 979/979/979 955/955/955
f 955/955/955 979/979/979 956/956/956
f 976/976/976 980/980/980 979/979/979
f 956/956/956 979/979/979 980/980/980
f 976/976/976 977/977/977 981/981/981
f 980/980/980 976/976/976 981/981/981
f 982/982/982 956/956/956 980/980/980
f 956/956/956 982/982/982 957/957/957
f 978/978/978 983/983/983 977/977/977
f 977/977/977 983/983/983 981/981/981
f 980/980/980 981/981/981 984/984/984
f 982/982/982 980/980/980 984/984/984
f 982/982/982 985/985/985 957/957/957
f 985/985/985 963/963/963 957/957/957
f 985/985/985 982/982/982 986/986/986
f 982/982/982 984/984/984 986/986/986
f 987/987/987 963/963/963 985/985/985
f 986/986/986 987/987/987 985/985/985
f 963/963/963 987/987/987 967/967/967
f 981/981/981 988/988/988 984/984/984
f 983/983/983 988/988/988 981/981/981
f 984/984/984 989/989/989 986/986/986
f 988/988/988 989/989/989 984/984/984
f 987/987/987 990/990/990 967/967/967
f 990/990/990 970/970/970 967/967/967
f 986/986/986 991/991/991 987/987/987
f 989/989/989 991/991/991 986/986/986
f 991/991/991 990/990/990 987/987/987
f 970/970/970 990/990/990 992/992/992
f 970/970/970 992/992/992 972/972/972
f 990/990/990 991/991/991 993/993/993
f 990/990/990 993/993/993 992/992/992
f 992/992/992 994/994/994 972/972/972
f 994/994/994 995/995/995 972/972/972
f 996/996/996 994/994/994 992/992/992
f 993/993/993 996/996/996 992/992/992
f 997/997/997 996/996/996 993/993/993
f 991/991/991 998/998/998 993/993/993
f 998/998/998 997/997/997 993/993/993
f 991/991/991 989/989/989 998/998/998
f 999/999/999 997/997/997 998/998/998
f 989/989/989 1000/1000/1000 998/998/998
f 1000/1000/1000 999/999/999 998/998/998
f 989/989/989 988/988/988 1000/1000/1000
f 1001/1001/1001 999/999/999 1000/1000/1000
f 988/988/988 1002/1002/1002 1000/1000/1000
f 1002/1002/1002 1001/1001/1001 1000/1000/1000
f 988/988/988 983/983/983 1002/1002/1002
f 1003/1003/1003 1001/1001/1001 1002/1002/1002
f 983/983/983 1004/1004/1004 1002/1002/1002
f 1004/1004/1004 1003/1003/1003 1002/1002/1002
f 1004/1004/1004 983/983/983 978/978/978
f 1005/1005/1005 1003/1003/1003 1004/1004/1004
f 1006/1006/1006 1004/1004/1004 978/978/978
f 1006/1006/1006 1005/1005/1005 1004/1004/1004
f 1006/1006/1006 978/978/978 975/975/975
f 1007/1007/1007 1005/1005/1005 1006/1006/1006
f 1008/1008/1008 1006/1006/1006 975/975/975
f 1008/1008/1008 1007/1007/1007 1006/1006/1006
f 975/975/975 974/974/974 1008/1008/1008
f 1009/1009/1009 1007/1007/1007 1008/1008/1008
f 974/974/974 1010/1010/1010 1008/1008/1008
f 1010/1010/1010 1009/1009/1009 1008/1008/1008
f 974/974/974 948/948/948 1010/1010/1010
f 1011/1011/1011 1009/1009/1009 1010/1010/1010
f 948/948/948 1012/1012/1012 1010/1010/1010
f 1012/1012/1012 1011/1011/1011 1010/1010/1010
f 948/948/948 937/937/937 1012/1012/1012
f 1013/1013/1013 1011/1011/1011 1012/1012/1012
f 937/937/937 1014/1014/1014 1012/1012/1012
f 1014/1014/1014 1013/1013/1013 1012/1012/1012
f 937/937/937 935/935/935 1014/1014/1014
f 1015/1015/1015 1013/1013/1013 1014/1014/1014
f 935/935/935 1016/1016/1016 1014/1014/1014
f 1016/1016/1016 1015/1015/1015 1014/1014/1014
f 1019/1019/1019 1018/1018/1018 1017/1017/1017
f 1020/1020/1020 1019/1019/1019 1017/1017/1017
f 1019/1019/1019 1020/1020/1020 1021/1021/1021
f 1022/1022/1022 1019/1019/1019 1021/1021/1021
f 1023/1023/1023 1022/1022/1022 1021/1021/1021
f 1024/1024/1024 1023/1023/1023 1021/1021/1021
f 1023/1023/1023 1024/1024/1024 1025/1025/1025
f 1026/1026/1026 1023/1023/1023 1025/1025/1025
f 1027/1027/1027 1026/1026/1026 1025/1025/1025
f 1028/1028/1028 1027/1027/1027 1025/1025/1025
f 1028/1028/1028 1029/1029/1029 1027/1027/1027
f 1029/1029/1029 1030/1030/1030 1027/1027/1027
f 1031/1031/1031 1030/1030/1030 1029/1029/1029
f 1032/1032/1032 1031/1031/1031 1029/1029/1029
f 1031/1031/1031 1032/1032/1032 1033/1033/1033
f 1034/1034/1034 1031/1031/1031 1033/1033/1033
f 1037/1037/1037 1036/1036/1036 1035/1035/1035
f 1038/1038/1038 1037/1037/1037 1035/1035/1035
f 1037/1037/1037 1038/1038/1038 1039/1039/1039
f 1040/1040/1040 1037/1037/1037 1039/1039/1039
f 1041/1041/1041 1040/1040/1040 1039/1039/1039
f 1042/1042/1042 1041/1041/1041 1039/1039/1039
f 1041/1041/1041 1042/1042/1042 1043/1043/1043
f 1044/1044/1044 1041/1041/1041 1043/1043/1043
f 1045/1045/1045 1044/1044/1044 1043/1043/1043
f 1046/1046/1046 1045/1045/1045 1043/1043/1043
f 1046/1046/1046 1047/1047/1047 1045/1045/1045
f 1047/1047/1047 1048/1048/1048 1045/1045/1045
f 1049/1049/1049 1048/1048/1048 1047/1047/1047
f 1050/1050/1050 1049/1049/1049 1047/1047/1047
f 1049/1049/1049 1050/1050/1050 1051/1051/1051
f 1052/1052/1052 1049/1049/1049 1051/1051/1051
f 1055/1055/1055 1054/1054/1054 1053/1053/1053
f 1056/1056/1056 1055/1055/1055 1053/1053/1053
f 1055/1055/1055 1056/1056/1056 1057/1057/1057
f 1058/1058/1058 1055/1055/1055 1057/1057/1057
f 1059/1059/1059 1058/1058/1058 1057/1057/1057
f 1060/1060/1060 1059/1059/1059 1057/1057/1057
f 1059/1059/1059 1060/1060/1060 1061/1061/1061
f 1062/1062/1062 1059/1059/1059 1061/1061/1061
f 1063/1063/1063 1062/1062/1062 1061/1061/1061
f 1064/1064/1064 1063/1063/1063 1061/1061/1061
f 1064/1064/1064 1065/1065/1065 1063/1063/1063
f 1065/1065/1065 1066/1066/1066 1063/1063/1063
f 1067/1067/1067 1066/1066/1066 1065/1065/1065
f 1068/1068/1068 1067/1067/1067 1065/1065/1065
f 1067/1067/1067 1068/1068/1068 1069/1069/1069
f 1070/1070/1070 1067/1067/1067 1069/1069/1069
f 1073/1073/1073 1072/1072/1072 1071/1071/1071
f 1071/1071/1071 1074/1074/1074 1073/1073/1073
f 1072/1072/1072 1075/1075/1075 1071/1071/1071
f 1075/1075/1075 1072/1072/1072 1076/1076/1076
f 1075/1075/1075 1076/1076/1076 1077/1077/1077
f 1078/1078/1078 1075/1075/1075 1077/1077/1077
f 1071/1071/1071 1075/1075/1075 1078/1078/1078
f 1079/1079/1079 1078/1078/1078 1077/1077/1077
f 1078/1078/1078 1079/1079/1079 1080/1080/1080
f 1074/1074/1074 1071/1071/1071 1081/1081/1081
f 1081/1081/1081 1071/1071/1071 1078/1078/1078
f 1081/1081/1081 1078/1078/1078 1080/1080/1080
f 1082/1082/1082 1074/1074/1074 1081/1081/1081
f 1080/1080/1080 1082/1082/1082 1081/1081/1081
f 1085/1085/1085 1084/1084/1084 1083/1083/1083
f 1083/1083/1083 1086/1086/1086 1085/1085/1085
f 1084/1084/1084 1087/1087/1087 1083/1083/1083
f 1087/1087/1087 1084/1084/1084 1088/1088/1088
f 1087/1087/1087 1088/1088/1088 1089/1089/1089
f 1090/1090/1090 1087/1087/1087 1089/1089/1089
f 1083/1083/1083 1087/1087/1087 1090/1090/1090
f 1091/1091/1091 1090/1090/1090 1089/1089/1089
f 1090/1090/1090 1091/1091/1091 1092/1092/1092
f 1086/1086/1086 1083/1083/1083 1093/1093/1093
f 1093/1093/1093 1083/1083/1083 1090/1090/1090
f 1093/1093/1093 1090/1090/1090 1092/1092/1092
f 1094/1094/1094 1086/1086/1086 1093/1093/1093
f 1092/1092/1092 1094/1094/1094 1093/1093/1093
f 1097/1097/1097 1096/1096/1096 1095/1095/1095
f 1095/1095/1095 1098/1098/1098 1097/1097/1097
f 1096/1096/1096 1099/1099/1099 1095/1095/1095
f 1099/1099/1099 1096/1096/1096 1100/1100/1100
f 1099/1099/1099 1100/1100/1100 1101/1101/1101
f 1102/1102/1102 1099/1099/1099 1101/1101/1101
f 1095/1095/1095 1099/1099/1099 1102/1102/1102
f 1103/1103/1103 1102/1102/1102 1101/1101/1101
f 1102/1102/1102 1103/1103/1103 1104/1104/1104
f 1098/1098/1098 1095/1095/1095 1105/1105/1105
f 1105/1105/1105 1095/1095/1095 1102/1102/1102
f 1105/1105/1105 1102/1102/1102 1104/1104/1104
f 1106/1106/1106 1098/1098/1098 1105/1105/1105
f 1104/1104/1104 1106/1106/1106 1105/1105/1105
f 1109/1109/1109 1108/1108/1108 1107/1107/1107
f 1108/1108/1108 1110/1110/1110 1107/1107/1107
f 1108/1108/1108 1109/1109/1109 1111/1111/1111
f 1110/1110/1110 1108/1108/1108 1112/1112/1112
f 1113/1113/1113 1108/1108/1108 1111/1111/1111
f 1114/1114/1114 1112/1112/1112 1108/1108/1108
f 1108/1108/1108 1113/1113/1113 1115/1115/1115
f 1114/1114/1114 1108/1108/1108 1116/1116/1116
f 1117/1117/1117 1108/1108/1108 1115/1115/1115
f 1118/1118/1118 1116/1116/1116 1108/1108/1108
f 1119/1119/1119 1108/1108/1108 1117/1117/1117
f 1118/1118/1118 1108/1108/1108 1119/1119/1119
f 1122/1122/1122 1121/1121/1121 1120/1120/1120
f 1122/1122/1122 1123/1123/1123 1121/1121/1121
f 1121/1121/1121 1124/1124/1124 1120/1120/1120
f 1125/1125/1125 1120/1120/1120 1124/1124/1124
f 1125/1125/1125 1124/1124/1124 1126/1126/1126
f 1124/1124/1124 1127/1127/1127 1126/1126/1126
f 1127/1127/1127 1124/1124/1124 1121/1121/1121
f 1126/1126/1126 1127/1127/1127 1128/1128/1128
f 1128/1128/1128 1127/1127/1127 1129/1129/1129
f 1127/1127/1127 1130/1130/1130 1129/1129/1129
f 1130/1130/1130 1127/1127/1127 1121/1121/1121
f 1130/1130/1130 1131/1131/1131 1129/1129/1129
f 1131/1131/1131 1130/1130/1130 1132/1132/1132
f 1133/1133/1133 1121/1121/1121 1123/1123/1123
f 1130/1130/1130 1121/1121/1121 1133/1133/1133
f 1134/1134/1134 1133/1133/1133 1123/1123/1123
f 1133/1133/1133 1134/1134/1134 1135/1135/1135
f 1130/1130/1130 1136/1136/1136 1132/1132/1132
f 1133/1133/1133 1136/1136/1136 1130/1130/1130
f 1136/1136/1136 1133/1133/1133 1135/1135/1135
f 1136/1136/1136 1137/1137/1137 1132/1132/1132
f 1137/1137/1137 1136/1136/1136 1135/1135/1135
f 1140/1140/1140 1139/1139/1139 1138/1138/1138
f 1138/1138/1138 1139/1139/1139 1141/1141/1141
f 1142/1142/1142 1139/1139/1139 1140/1140/1140
f 1141/1141/1141 1139/1139/1139 1143/1143/1143
f 1144/1144/1144 1139/1139/1139 1142/1142/1142
f 1145/1145/1145 1139/1139/1139 1144/1144/1144
f 1143/1143/1143 1139/1139/1139 1146/1146/1146
f 1147/1147/1147 1139/1139/1139 1145/1145/1145
f 1139/1139/1139 1148/1148/1148 1146/1146/1146
f 1149/1149/1149 1139/1139/1139 1147/1147/1147
f 1146/1146/1146 1148/1148/1148 1150/1150/1150
f 1151/1151/1151 1149/1149/1149 1147/1147/1147
f 1148/1148/1148 1152/1152/1152 1150/1150/1150
f 1150/1150/1150 1152/1152/1152 1153/1153/1153
f 1153/1153/1153 1152/1152/1152 1154/1154/1154
f 1154/1154/1154 1152/1152/1152 1155/1155/1155
f 1156/1156/1156 1149/1149/1149 1151/1151/1151
f 1157/1157/1157 1156/1156/1156 1151/1151/1151
f 1158/1158/1158 1156/1156/1156 1157/1157/1157
f 1159/1159/1159 1156/1156/1156 1158/1158/1158
f 1155/1155/1155 1152/1152/1152 1160/1160/1160
f 1161/1161/1161 1156/1156/1156 1159/1159/1159
f 1160/1160/1160 1152/1152/1152 1162/1162/1162
f 1163/1163/1163 1156/1156/1156 1161/1161/1161
f 1162/1162/1162 1152/1152/1152 1164/1164/1164
f 1165/1165/1165 1156/1156/1156 1163/1163/1163
f 1164/1164/1164 1152/1152/1152 1166/1166/1166
f 1166/1166/1166 1152/1152/1152 1167/1167/1167
f 1167/1167/1167 1152/1152/1152 1168/1168/1168
f 1152/1152/1152 1169/1169/1169 1168/1168/1168
f 1168/1168/1168 1169/1169/1169 1170/1170/1170
f 1169/1169/1169 1171/1171/1171 1170/1170/1170
f 1170/1170/1170 1171/1171/1171 1172/1172/1172
f 1172/1172/1172 1171/1171/1171 1173/1173/1173
f 1173/1173/1173 1171/1171/1171 1174/1174/1174
f 1175/1175/1175 1156/1156/1156 1165/1165/1165
f 1176/1176/1176 1156/1156/1156 1175/1175/1175
f 1177/1177/1177 1156/1156/1156 1176/1176/1176
f 1178/1178/1178 1156/1156/1156 1177/1177/1177
f 1179/1179/1179 1178/1178/1178 1177/1177/1177
f 1180/1180/1180 1178/1178/1178 1179/1179/1179
f 1181/1181/1181 1180/1180/1180 1179/1179/1179
f 1174/1174/1174 1171/1171/1171 1182/1182/1182
f 1183/1183/1183 1180/1180/1180 1181/1181/1181
f 1182/1182/1182 1171/1171/1171 1184/1184/1184
f 1185/1185/1185 1180/1180/1180 1183/1183/1183
f 1184/1184/1184 1171/1171/1171 1186/1186/1186
f 1187/1187/1187 1180/1180/1180 1185/1185/1185
f 1186/1186/1186 1171/1171/1171 1188/1188/1188
f 1188/1188/1188 1171/1171/1171 1189/1189/1189
f 1189/1189/1189 1171/1171/1171 1190/1190/1190
f 1171/1171/1171 1191/1191/1191 1190/1190/1190
f 1190/1190/1190 1191/1191/1191 1192/1192/1192
f 1191/1191/1191 1193/1193/1193 1192/1192/1192
f 1192/1192/1192 1193/1193/1193 1194/1194/1194
f 1195/1195/1195 1180/1180/1180 1187/1187/1187
f 1196/1196/1196 1180/1180/1180 1195/1195/1195
f 1197/1197/1197 1180/1180/1180 1196/1196/1196
f 1198/1198/1198 1180/1180/1180 1197/1197/1197
f 1199/1199/1199 1198/1198/1198 1197/1197/1197
f 1193/1193/1193 1198/1198/1198 1199/1199/1199
f 1194/1194/1194 1193/1193/1193 1200/1200/1200
f 1201/1201/1201 1193/1193/1193 1199/1199/1199
f 1200/1200/1200 1193/1193/1193 1202/1202/1202
f 1203/1203/1203 1193/1193/1193 1201/1201/1201
f 1202/1202/1202 1193/1193/1193 1204/1204/1204
f 1204/1204/1204 1193/1193/1193 1203/1203/1203
f 1207/1207/1207 1206/1206/1206 1205/1205/1205
f 1207/1207/1207 1208/1208/1208 1206/1206/1206
f 1207/1207/1207 1209/1209/1209 1208/1208/1208
f 1207/1207/1207 1210/1210/1210 1209/1209/1209
f 1211/1211/1211 1210/1210/1210 1207/1207/1207
f 1212/1212/1212 1211/1211/1211 1207/1207/1207
f 1213/1213/1213 1212/1212/1212 1207/1207/1207
f 1205/1205/1205 1214/1214/1214 1207/1207/1207
f 1215/1215/1215 1213/1213/1213 1207/1207/1207
f 1214/1214/1214 1216/1216/1216 1207/1207/1207
f 1216/1216/1216 1215/1215/1215 1207/1207/1207
f 1216/1216/1216 1214/1214/1214 1217/1217/1217
f 1214/1214/1214 1218/1218/1218 1217/1217/1217
f 1218/1218/1218 1219/1219/1219 1217/1217/1217
f 1219/1219/1219 1220/1220/1220 1217/1217/1217
f 1220/1220/1220 1221/1221/1221 1217/1217/1217
f 1215/1215/1215 1216/1216/1216 1222/1222/1222
f 1216/1216/1216 1223/1223/1223 1222/1222/1222
f 1224/1224/1224 1215/1215/1215 1222/1222/1222
f 1222/1222/1222 1225/1225/1225 1224/1224/1224
f 1222/1222/1222 1226/1226/1226 1225/1225/1225
f 1221/1221/1221 1227/1227/1227 1217/1217/1217
f 1222/1222/1222 1228/1228/1228 1226/1226/1226
f 1217/1217/1217 1227/1227/1227 1229/1229/1229
f 1222/1222/1222 1230/1230/1230 1228/1228/1228
f 1217/1217/1217 1229/1229/1229 1231/1231/1231
f 1232/1232/1232 1230/1230/1230 1222/1222/1222
f 1217/1217/1217 1231/1231/1231 1233/1233/1233
f 1217/1217/1217 1233/1233/1233 1234/1234/1234
f 1235/1235/1235 1232/1232/1232 1222/1222/1222
f 1236/1236/1236 1235/1235/1235 1222/1222/1222
f 1237/1237/1237 1236/1236/1236 1222/1222/1222
f 1223/1223/1223 1237/1237/1237 1222/1222/1222
f 1234/1234/1234 1238/1238/1238 1217/1217/1217
f 1238/1238/1238 1216/1216/1216 1217/1217/1217
f 1223/1223/1223 1216/1216/1216 1239/1239/1239
f 1240/1240/1240 1223/1223/1223 1239/1239/1239
f 1239/1239/1239 1241/1241/1241 1240/1240/1240
f 1239/1239/1239 1242/1242/1242 1241/1241/1241
f 1239/1239/1239 1243/1243/1243 1242/1242/1242
f 1244/1244/1244 1243/1243/1243 1239/1239/1239
f 1245/1245/1245 1244/1244/1244 1239/1239/1239
f 1246/1246/1246 1245/1245/1245 1239/1239/1239
f 1247/1247/1247 1246/1246/1246 1239/1239/1239
f 1216/1216/1216 1247/1247/1247 1239/1239/1239
f 1247/1247/1247 1216/1216/1216 1248/1248/1248
f 1249/1249/1249 1247/1247/1247 1248/1248/1248
f 1248/1248/1248 1250/1250/1250 1249/1249/1249
f 1248/1248/1248 1251/1251/1251 1250/1250/1250
f 1252/1252/1252 1251/1251/1251 1248/1248/1248
f 1253/1253/1253 1252/1252/1252 1248/1248/1248
f 1254/1254/1254 1253/1253/1253 1248/1248/1248
f 1255/1255/1255 1254/1254/1254 1248/1248/1248
f 1256/1256/1256 1255/1255/1255 1248/1248/1248
f 1216/1216/1216 1256/1256/1256 1248/1248/1248
f 1256/1256/1256 1216/1216/1216 1257/1257/1257
f 1258/1258/1258 1256/1256/1256 1257/1257/1257
f 1216/1216/1216 1238/1238/1238 1257/1257/1257
f 1257/1257/1257 1259/1259/1259 1258/1258/1258
f 1238/1238/1238 1260/1260/1260 1257/1257/1257
f 1257/1257/1257 1261/1261/1261 1259/1259/1259
f 1262/1262/1262 1257/1257/1257 1260/1260/1260
f 1263/1263/1263 1261/1261/1261 1257/1257/1257
f 1262/1262/1262 1264/1264/1264 1257/1257/1257
f 1265/1265/1265 1263/1263/1263 1257/1257/1257
f 1264/1264/1264 1266/1266/1266 1257/1257/1257
f 1266/1266/1266 1265/1265/1265 1257/1257/1257
f 1269/1269/1269 1268/1268/1268 1267/1267/1267
f 1267/1267/1267 1270/1270/1270 1269/1269/1269
f 1268/1268/1268 1271/1271/1271 1267/1267/1267
f 1271/1271/1271 1268/1268/1268 1272/1272/1272
f 1271/1271/1271 1272/1272/1272 1273/1273/1273
f 1274/1274/1274 1271/1271/1271 1273/1273/1273
f 1267/1267/1267 1271/1271/1271 1274/1274/1274
f 1275/1275/1275 1274/1274/1274 1273/1273/1273
f 1274/1274/1274 1275/1275/1275 1276/1276/1276
f 1270/1270/1270 1267/1267/1267 1277/1277/1277
f 1277/1277/1277 1267/1267/1267 1274/1274/1274
f 1277/1277/1277 1274/1274/1274 1276/1276/1276
f 1278/1278/1278 1270/1270/1270 1277/1277/1277
f 1276/1276/1276 1278/1278/1278 1277/1277/1277
f 1281/1281/1281 1280/1280/1280 1279/1279/1279
f 1279/1279/1279 1282/1282/1282 1281/1281/1281
f 1280/1280/1280 1283/1283/1283 1279/1279/1279
f 1283/1283/1283 1280/1280/1280 1284/1284/1284
f 1283/1283/1283 1284/1284/1284 1285/1285/1285
f 1286/1286/1286 1283/1283/1283 1285/1285/1285
f 1279/1279/1279 1283/1283/1283 1286/1286/1286
f 1287/1287/1287 1286/1286/1286 1285/1285/1285
f 1286/1286/1286 1287/1287/1287 1288/1288/1288
f 1282/1282/1282 1279/1279/1279 1289/1289/1289
f 1289/1289/1289 1279/1279/1279 1286/1286/1286
f 1289/1289/1289 1286/1286/1286 1288/1288/1288
f 1290/1290/1290 1282/1282/1282 1289/1289/1289
f 1288/1288/1288 1290/1290/1290 1289/1289/1289
f 1293/1293/1293 1292/1292/1292 1291/1291/1291
f 1293/1293/1293 1294/1294/1294 1292/1292/1292
f 1295/1295/1295 1293/1293/1293 1291/1291/1291
f 1291/1291/1291 1296/1296/1296 1295/1295/1295
f 1293/1293/1293 1295/1295/1295 1297/1297/1297
f 1295/1295/1295 1296/1296/1296 1298/1298/1298
f 1297/1297/1297 1295/1295/1295 1298/1298/1298
f 1298/1298/1298 1296/1296/1296 1299/1299/1299
f 1296/1296/1296 1300/1300/1300 1299/1299/1299
f 1294/1294/1294 1293/1293/1293 1301/1301/1301
f 1301/1301/1301 1293/1293/1293 1297/1297/1297
f 1298/1298/1298 1299/1299/1299 1302/1302/1302
f 1297/1297/1297 1298/1298/1298 1302/1302/1302
f 1303/1303/1303 1294/1294/1294 1301/1301/1301
f 1301/1301/1301 1297/1297/1297 1304/1304/1304
f 1301/1301/1301 1304/1304/1304 1303/1303/1303
f 1305/1305/1305 1297/1297/1297 1302/1302/1302
f 1297/1297/1297 1305/1305/1305 1304/1304/1304
f 1294/1294/1294 1303/1303/1303 1306/1306/1306
f 1307/1307/1307 1294/1294/1294 1306/1306/1306
f 1302/1302/1302 1308/1308/1308 1305/1305/1305
f 1308/1308/1308 1309/1309/1309 1305/1305/1305
f 1305/1305/1305 1309/1309/1309 1304/1304/1304
f 1310/1310/1310 1308/1308/1308 1302/1302/1302
f 1309/1309/1309 1311/1311/1311 1304/1304/1304
f 1312/1312/1312 1310/1310/1310 1302/1302/1302
f 1299/1299/1299 1312/1312/1312 1302/1302/1302
f 1313/1313/1313 1310/1310/1310 1312/1312/1312
f 1304/1304/1304 1311/1311/1311 1314/1314/1314
f 1304/1304/1304 1314/1314/1314 1303/1303/1303
f 1311/1311/1311 1315/1315/1315 1314/1314/1314
f 1314/1314/1314 1316/1316/1316 1303/1303/1303
f 1314/1314/1314 1315/1315/1315 1316/1316/1316
f 1315/1315/1315 1317/1317/1317 1316/1316/1316
f 1316/1316/1316 1306/1306/1306 1303/1303/1303
f 1316/1316/1316 1317/1317/1317 1318/1318/1318
f 1306/1306/1306 1316/1316/1316 1318/1318/1318
f 1317/1317/1317 1319/1319/1319 1318/1318/1318
f 1319/1319/1319 1313/1313/1313 1320/1320/1320
f 1320/1320/1320 1313/1313/1313 1312/1312/1312
f 1318/1318/1318 1319/1319/1319 1320/1320/1320
f 1299/1299/1299 1321/1321/1321 1312/1312/1312
f 1321/1321/1321 1320/1320/1320 1312/1312/1312
f 1321/1321/1321 1299/1299/1299 1300/1300/1300
f 1318/1318/1318 1320/1320/1320 1322/1322/1322
f 1322/1322/1322 1306/1306/1306 1318/1318/1318
f 1320/1320/1320 1321/1321/1321 1322/1322/1322
f 1306/1306/1306 1322/1322/1322 1323/1323/1323
f 1307/1307/1307 1306/1306/1306 1323/1323/1323
f 1321/1321/1321 1324/1324/1324 1322/1322/1322
f 1324/1324/1324 1323/1323/1323 1322/1322/1322
f 1324/1324/1324 1321/1321/1321 1300/1300/1300
f 1323/1323/1323 1324/1324/1324 1325/1325/1325
f 1325/1325/1325 1307/1307/1307 1323/1323/1323
f 1324/1324/1324 1300/1300/1300 1326/1326/1326
f 1324/1324/1324 1326/1326/1326 1325/1325/1325
f 1307/1307/1307 1325/1325/1325 1327/1327/1327
f 1325/1325/1325 1326/1326/1326 1328/1328/1328
f 1327/1327/1327 1325/1325/1325 1328/1328/1328
f 1326/1326/1326 1300/1300/1300 1329/1329/1329
f 1328/1328/1328 1326/1326/1326 1329/1329/1329
f 1330/1330/1330 1307/1307/1307 1327/1327/1327
f 1331/1331/1331 1307/1307/1307 1330/1330/1330
f 1329/1329/1329 1300/1300/1300 1332/1332/1332
f 1300/1300/1300 1333/1333/1333 1332/1332/1332
f 1334/1334/1334 1327/1327/1327 1328/1328/1328
f 1327/1327/1327 1334/1334/1334 1330/1330/1330
f 1328/1328/1328 1329/1329/1329 1335/1335/1335
f 1329/1329/1329 1332/1332/1332 1335/1335/1335
f 1336/1336/1336 1334/1334/1334 1328/1328/1328
f 1336/1336/1336 1328/1328/1328 1335/1335/1335
f 1336/1336/1336 1337/1337/1337 1334/1334/1334
f 1338/1338/1338 1337/1337/1337 1336/1336/1336
f 1335/1335/1335 1338/1338/1338 1336/1336/1336
f 1337/1337/1337 1339/1339/1339 1334/1334/1334
f 1340/1340/1340 1338/1338/1338 1335/1335/1335
f 1334/1334/1334 1339/1339/1339 1341/1341/1341
f 1334/1334/1334 1341/1341/1341 1330/1330/1330
f 1339/1339/1339 1342/1342/1342 1341/1341/1341
f 1343/1343/1343 1340/1340/1340 1335/1335/1335
f 1332/1332/1332 1343/1343/1343 1335/1335/1335
f 1344/1344/1344 1340/1340/1340 1343/1343/1343
f 1341/1341/1341 1342/1342/1342 1345/1345/1345
f 1341/1341/1341 1345/1345/1345 1330/1330/1330
f 1342/1342/1342 1346/1346/1346 1345/1345/1345
f 1332/1332/1332 1347/1347/1347 1343/1343/1343
f 1332/1332/1332 1333/1333/1333 1347/1347/1347
f 1348/1348/1348 1344/1344/1344 1343/1343/1343
f 1347/1347/1347 1348/1348/1348 1343/1343/1343
f 1349/1349/1349 1344/1344/1344 1348/1348/1348
f 1346/1346/1346 1349/1349/1349 1350/1350/1350
f 1345/1345/1345 1346/1346/1346 1350/1350/1350
f 1350/1350/1350 1349/1349/1349 1348/1348/1348
f 1345/1345/1345 1351/1351/1351 1330/1330/1330
f 1351/1351/1351 1345/1345/1345 1350/1350/1350
f 1351/1351/1351 1331/1331/1331 1330/1330/1330
f 1352/1352/1352 1350/1350/1350 1348/1348/1348
f 1347/1347/1347 1352/1352/1352 1348/1348/1348
f 1352/1352/1352 1351/1351/1351 1350/1350/1350
f 1347/1347/1347 1353/1353/1353 1352/1352/1352
f 1333/1333/1333 1353/1353/1353 1347/1347/1347
f 1352/1352/1352 1354/1354/1354 1351/1351/1351
f 1354/1354/1354 1331/1331/1331 1351/1351/1351
f 1353/1353/1353 1354/1354/1354 1352/1352/1352
f 1355/1355/1355 1354/1354/1354 1353/1353/1353
f 1355/1355/1355 1331/1331/1331 1354/1354/1354
f 1353/1353/1353 1333/1333/1333 1356/1356/1356
f 1356/1356/1356 1355/1355/1355 1353/1353/1353
f 1331/1331/1331 1355/1355/1355 1357/1357/1357
f 1355/1355/1355 1356/1356/1356 1358/1358/1358
f 1357/1357/1357 1355/1355/1355 1358/1358/1358
f 1356/1356/1356 1333/1333/1333 1359/1359/1359
f 1358/1358/1358 1356/1356/1356 1359/1359/1359
f 1360/1360/1360 1331/1331/1331 1357/1357/1357
f 1361/1361/1361 1331/1331/1331 1360/1360/1360
f 1359/1359/1359 1333/1333/1333 1362/1362/1362
f 1333/1333/1333 1363/1363/1363 1362/1362/1362
f 1364/1364/1364 1357/1357/1357 1358/1358/1358
f 1357/1357/1357 1364/1364/1364 1360/1360/1360
f 1358/1358/1358 1359/1359/1359 1365/1365/1365
f 1359/1359/1359 1362/1362/1362 1365/1365/1365
f 1366/1366/1366 1364/1364/1364 1358/1358/1358
f 1366/1366/1366 1358/1358/1358 1365/1365/1365
f 1366/1366/1366 1367/1367/1367 1364/1364/1364
f 1368/1368/1368 1367/1367/1367 1366/1366/1366
f 1365/1365/1365 1368/1368/1368 1366/1366/1366
f 1367/1367/1367 1369/1369/1369 1364/1364/1364
f 1370/1370/1370 1368/1368/1368 1365/1365/1365
f 1364/1364/1364 1369/1369/1369 1371/1371/1371
f 1364/1364/1364 1371/1371/1371 1360/1360/1360
f 1369/1369/1369 1372/1372/1372 1371/1371/1371
f 1373/1373/1373 1370/1370/1370 1365/1365/1365
f 1362/1362/1362 1373/1373/1373 1365/1365/1365
f 1374/1374/1374 1370/1370/1370 1373/1373/1373
f 1371/1371/1371 1372/1372/1372 1375/1375/1375
f 1371/1371/1371 1375/1375/1375 1360/1360/1360
f 1372/1372/1372 1376/1376/1376 1375/1375/1375
f 1362/1362/1362 1377/1377/1377 1373/1373/1373
f 1362/1362/1362 1363/1363/1363 1377/1377/1377
f 1378/1378/1378 1374/1374/1374 1373/1373/1373
f 1377/1377/1377 1378/1378/1378 1373/1373/1373
f 1379/1379/1379 1374/1374/1374 1378/1378/1378
f 1376/1376/1376 1379/1379/1379 1380/1380/1380
f 1375/1375/1375 1376/1376/1376 1380/1380/1380
f 1380/1380/1380 1379/1379/1379 1378/1378/1378
f 1375/1375/1375 1381/1381/1381 1360/1360/1360
f 1381/1381/1381 1375/1375/1375 1380/1380/1380
f 1381/1381/1381 1361/1361/1361 1360/1360/1360
f 1382/1382/1382 1380/1380/1380 1378/1378/1378
f 1377/1377/1377 1382/1382/1382 1378/1378/1378
f 1382/1382/1382 1381/1381/1381 1380/1380/1380
f 1377/1377/1377 1383/1383/1383 1382/1382/1382
f 1363/1363/1363 1383/1383/1383 1377/1377/1377
f 1382/1382/1382 1384/1384/1384 1381/1381/1381
f 1384/1384/1384 1361/1361/1361 1381/1381/1381
f 1383/1383/1383 1384/1384/1384 1382/1382/1382
f 1385/1385/1385 1384/1384/1384 1383/1383/1383
f 1385/1385/1385 1361/1361/1361 1384/1384/1384
f 1383/1383/1383 1363/1363/1363 1386/1386/1386
f 1386/1386/1386 1385/1385/1385 1383/1383/1383
f 1385/1385/1385 1387/1387/1387 1361/1361/1361
f 1385/1385/1385 1386/1386/1386 1388/1388/1388
f 1387/1387/1387 1385/1385/1385 1388/1388/1388
f 1386/1386/1386 1363/1363/1363 1389/1389/1389
f 1388/1388/1388 1386/1386/1386 1389/1389/1389
f 1387/1387/1387 1390/1390/1390 1361/1361/1361
f 1391/1391/1391 1361/1361/1361 1390/1390/1390
f 1389/1389/1389 1363/1363/1363 1392/1392/1392
f 1363/1363/1363 1393/1393/1393 1392/1392/1392
f 1394/1394/1394 1387/1387/1387 1388/1388/1388
f 1395/1395/1395 1388/1388/1388 1389/1389/1389
f 1395/1395/1395 1394/1394/1394 1388/1388/1388
f 1390/1390/1390 1387/1387/1387 1396/1396/1396
f 1387/1387/1387 1394/1394/1394 1396/1396/1396
f 1397/1397/1397 1389/1389/1389 1392/1392/1392
f 1397/1397/1397 1395/1395/1395 1389/1389/1389
f 1395/1395/1395 1398/1398/1398 1394/1394/1394
f 1398/1398/1398 1399/1399/1399 1394/1394/1394
f 1394/1394/1394 1399/1399/1399 1396/1396/1396
f 1400/1400/1400 1398/1398/1398 1395/1395/1395
f 1397/1397/1397 1400/1400/1400 1395/1395/1395
f 1399/1399/1399 1401/1401/1401 1396/1396/1396
f 1402/1402/1402 1400/1400/1400 1397/1397/1397
f 1396/1396/1396 1401/1401/1401 1403/1403/1403
f 1390/1390/1390 1396/1396/1396 1403/1403/1403
f 1401/1401/1401 1404/1404/1404 1403/1403/1403
f 1405/1405/1405 1402/1402/1402 1397/1397/1397
f 1405/1405/1405 1397/1397/1397 1392/1392/1392
f 1406/1406/1406 1402/1402/1402 1405/1405/1405
f 1407/1407/1407 1390/1390/1390 1403/1403/1403
f 1407/1407/1407 1391/1391/1391 1390/1390/1390
f 1403/1403/1403 1404/1404/1404 1408/1408/1408
f 1407/1407/1407 1403/1403/1403 1408/1408/1408
f 1404/1404/1404 1409/1409/1409 1408/1408/1408
f 1409/1409/1409 1406/1406/1406 1410/1410/1410
f 1410/1410/1410 1406/1406/1406 1405/1405/1405
f 1408/1408/1408 1409/1409/1409 1410/1410/1410
f 1405/1405/1405 1392/1392/1392 1411/1411/1411
f 1410/1410/1410 1405/1405/1405 1411/1411/1411
f 1392/1392/1392 1393/1393/1393 1411/1411/1411
f 1412/1412/1412 1408/1408/1408 1410/1410/1410
f 1412/1412/1412 1407/1407/1407 1408/1408/1408
f 1411/1411/1411 1412/1412/1412 1410/1410/1410
f 1407/1407/1407 1412/1412/1412 1413/1413/1413
f 1391/1391/1391 1407/1407/1407 1413/1413/1413
f 1411/1411/1411 1414/1414/1414 1412/1412/1412
f 1414/1414/1414 1413/1413/1413 1412/1412/1412
f 1393/1393/1393 1414/1414/1414 1411/1411/1411
f 1413/1413/1413 1414/1414/1414 1415/1415/1415
f 1415/1415/1415 1391/1391/1391 1413/1413/1413
f 1414/1414/1414 1393/1393/1393 1416/1416/1416
f 1414/1414/1414 1416/1416/1416 1415/1415/1415
f 1391/1391/1391 1415/1415/1415 1417/1417/1417
f 1415/1415/1415 1416/1416/1416 1418/1418/1418
f 1417/1417/1417 1415/1415/1415 1418/1418/1418
f 1416/1416/1416 1393/1393/1393 1419/1419/1419
f 1418/1418/1418 1416/1416/1416 1419/1419/1419
f 1420/1420/1420 1391/1391/1391 1417/1417/1417
f 1421/1421/1421 1391/1391/1391 1420/1420/1420
f 1419/1419/1419 1393/1393/1393 1422/1422/1422
f 1393/1393/1393 1423/1423/1423 1422/1422/1422
f 1424/1424/1424 1417/1417/1417 1418/1418/1418
f 1425/1425/1425 1418/1418/1418 1419/1419/1419
f 1425/1425/1425 1424/1424/1424 1418/1418/1418
f 1420/1420/1420 1417/1417/1417 1426/1426/1426
f 1417/1417/1417 1424/1424/1424 1426/1426/1426
f 1427/1427/1427 1419/1419/1419 1422/1422/1422
f 1427/1427/1427 1425/1425/1425 1419/1419/1419
f 1425/1425/1425 1428/1428/1428 1424/1424/1424
f 1428/1428/1428 1429/1429/1429 1424/1424/1424
f 1424/1424/1424 1429/1429/1429 1426/1426/1426
f 1430/1430/1430 1428/1428/1428 1425/1425/1425
f 1427/1427/1427 1430/1430/1430 1425/1425/1425
f 1429/1429/1429 1431/1431/1431 1426/1426/1426
f 1432/1432/1432 1430/1430/1430 1427/1427/1427
f 1426/1426/1426 1431/1431/1431 1433/1433/1433
f 1420/1420/1420 1426/1426/1426 1433/1433/1433
f 1431/1431/1431 1434/1434/1434 1433/1433/1433
f 1435/1435/1435 1432/1432/1432 1427/1427/1427
f 1435/1435/1435 1427/1427/1427 1422/1422/1422
f 1436/1436/1436 1432/1432/1432 1435/1435/1435
f 1437/1437/1437 1420/1420/1420 1433/1433/1433
f 1437/1437/1437 1421/1421/1421 1420/1420/1420
f 1433/1433/1433 1434/1434/1434 1438/1438/1438
f 1437/1437/1437 1433/1433/1433 1438/1438/1438
f 1434/1434/1434 1439/1439/1439 1438/1438/1438
f 1439/1439/1439 1436/1436/1436 1440/1440/1440
f 1440/1440/1440 1436/1436/1436 1435/1435/1435
f 1438/1438/1438 1439/1439/1439 1440/1440/1440
f 1435/1435/1435 1422/1422/1422 1441/1441/1441
f 1440/1440/1440 1435/1435/1435 1441/1441/1441
f 1422/1422/1422 1423/1423/1423 1441/1441/1441
f 1442/1442/1442 1438/1438/1438 1440/1440/1440
f 1442/1442/1442 1437/1437/1437 1438/1438/1438
f 1441/1441/1441 1442/1442/1442 1440/1440/1440
f 1442/1442/1442 1443/1443/1443 1437/1437/1437
f 1443/1443/1443 1421/1421/1421 1437/1437/1437
f 1441/1441/1441 1444/1444/1444 1442/1442/1442
f 1444/1444/1444 1443/1443/1443 1442/1442/1442
f 1423/1423/1423 1444/1444/1444 1441/1441/1441
f 1445/1445/1445 1443/1443/1443 1444/1444/1444
f 1445/1445/1445 1421/1421/1421 1443/1443/1443
f 1444/1444/1444 1423/1423/1423 1446/1446/1446
f 1446/1446/1446 1445/1445/1445 1444/1444/1444
f 1421/1421/1421 1445/1445/1445 1447/1447/1447
f 1445/1445/1445 1446/1446/1446 1448/1448/1448
f 1447/1447/1447 1445/1445/1445 1448/1448/1448
f 1446/1446/1446 1423/1423/1423 1449/1449/1449
f 1448/1448/1448 1446/1446/1446 1449/1449/1449
f 1450/1450/1450 1421/1421/1421 1447/1447/1447
f 1451/1451/1451 1421/1421/1421 1450/1450/1450
f 1449/1449/1449 1423/1423/1423 1452/1452/1452
f 1423/1423/1423 1453/1453/1453 1452/1452/1452
f 1447/1447/1447 1448/1448/1448 1454/1454/1454
f 1447/1447/1447 1454/1454/1454 1450/1450/1450
f 1448/1448/1448 1449/1449/1449 1455/1455/1455
f 1449/1449/1449 1452/1452/1452 1455/1455/1455
f 1452/1452/1452 1453/1453/1453 1456/1456/1456
f 1453/1453/1453 1457/1457/1457 1456/1456/1456
f 1458/1458/1458 1451/1451/1451 1450/1450/1450
f 1459/1459/1459 1451/1451/1451 1458/1458/1458
f 1457/1457/1457 1459/1459/1459 1460/1460/1460
f 1456/1456/1456 1457/1457/1457 1460/1460/1460
f 1460/1460/1460 1459/1459/1459 1458/1458/1458
f 1452/1452/1452 1456/1456/1456 1461/1461/1461
f 1452/1452/1452 1461/1461/1461 1455/1455/1455
f 1456/1456/1456 1460/1460/1460 1462/1462/1462
f 1456/1456/1456 1462/1462/1462 1461/1461/1461
f 1460/1460/1460 1458/1458/1458 1463/1463/1463
f 1460/1460/1460 1463/1463/1463 1462/1462/1462
f 1464/1464/1464 1458/1458/1458 1450/1450/1450
f 1458/1458/1458 1464/1464/1464 1463/1463/1463
f 1465/1465/1465 1448/1448/1448 1455/1455/1455
f 1448/1448/1448 1465/1465/1465 1454/1454/1454
f 1466/1466/1466 1464/1464/1464 1450/1450/1450
f 1454/1454/1454 1466/1466/1466 1450/1450/1450
f 1462/1462/1462 1467/1467/1467 1461/1461/1461
f 1467/1467/1467 1468/1468/1468 1461/1461/1461
f 1461/1461/1461 1468/1468/1468 1455/1455/1455
f 1469/1469/1469 1467/1467/1467 1462/1462/1462
f 1463/1463/1463 1469/1469/1469 1462/1462/1462
f 1468/1468/1468 1470/1470/1470 1455/1455/1455
f 1455/1455/1455 1470/1470/1470 1465/1465/1465
f 1471/1471/1471 1469/1469/1469 1463/1463/1463
f 1464/1464/1464 1471/1471/1471 1463/1463/1463
f 1470/1470/1470 1472/1472/1472 1465/1465/1465
f 1465/1465/1465 1472/1472/1472 1454/1454/1454
f 1473/1473/1473 1471/1471/1471 1464/1464/1464
f 1466/1466/1466 1473/1473/1473 1464/1464/1464
f 1472/1472/1472 1474/1474/1474 1454/1454/1454
f 1474/1474/1474 1473/1473/1473 1466/1466/1466
f 1454/1454/1454 1474/1474/1474 1466/1466/1466
f 1477/1477/1477 1476/1476/1476 1475/1475/1475
f 1475/1475/1475 1478/1478/1478 1477/1477/1477
f 1476/1476/1476 1479/1479/1479 1475/1475/1475
f 1479/1479/1479 1476/1476/1476 1480/1480/1480
f 1479/1479/1479 1480/1480/1480 1481/1481/1481
f 1482/1482/1482 1479/1479/1479 1481/1481/1481
f 1475/1475/1475 1479/1479/1479 1482/1482/1482
f 1483/1483/1483 1482/1482/1482 1481/1481/1481
f 1482/1482/1482 1483/1483/1483 1484/1484/1484
f 1478/1478/1478 1475/1475/1475 1485/1485/1485
f 1485/1485/1485 1475/1475/1475 1482/1482/1482
f 1485/1485/1485 1482/1482/1482 1484/1484/1484
f 1486/1486/1486 1478/1478/1478 1485/1485/1485
f 1484/1484/1484 1486/1486/1486 1485/1485/1485
f 1489/1489/1489 1488/1488/1488 1487/1487/1487
f 1487/1487/1487 1488/1488/1488 1490/1490/1490
f 1491/1491/1491 1488/1488/1488 1489/1489/1489
f 1490/1490/1490 1488/1488/1488 1492/1492/1492
f 1493/1493/1493 1488/1488/1488 1491/1491/1491
f 1492/1492/1492 1488/1488/1488 1494/1494/1494
f 1495/1495/1495 1488/1488/1488 1493/1493/1493
f 1494/1494/1494 1488/1488/1488 1495/1495/1495
f 1498/1498/1498 1497/1497/1497 1496/1496/1496
f 1496/1496/1496 1497/1497/1497 1499/1499/1499
f 1500/1500/1500 1497/1497/1497 1498/1498/1498
f 1499/1499/1499 1497/1497/1497 1501/1501/1501
f 1502/1502/1502 1497/1497/1497 1500/1500/1500
f 1501/1501/1501 1497/1497/1497 1503/1503/1503
f 1504/1504/1504 1497/1497/1497 1502/1502/1502
f 1503/1503/1503 1497/1497/1497 1504/1504/1504
f 1507/1507/1507 1506/1506/1506 1505/1505/1505
f 1505/1505/1505 1506/1506/1506 1508/1508/1508
f 1509/1509/1509 1506/1506/1506 1507/1507/1507
f 1508/1508/1508 1506/1506/1506 1510/1510/1510
f 1511/1511/1511 1506/1506/1506 1509/1509/1509
f 1512/1512/1512 1506/1506/1506 1511/1511/1511
f 1510/1510/1510 1506/1506/1506 1513/1513/1513
f 1514/1514/1514 1506/1506/1506 1512/1512/1512
f 1506/1506/1506 1515/1515/1515 1513/1513/1513
f 1516/1516/1516 1506/1506/1506 1514/1514/1514
f 1513/1513/1513 1515/1515/1515 1517/1517/1517
f 1518/1518/1518 1516/1516/1516 1514/1514/1514
f 1515/1515/1515 1519/1519/1519 1517/1517/1517
f 1517/1517/1517 1519/1519/1519 1520/1520/1520
f 1520/1520/1520 1519/1519/1519 1521/1521/1521
f 1521/1521/1521 1519/1519/1519 1522/1522/1522
f 1523/1523/1523 1516/1516/1516 1518/1518/1518
f 1524/1524/1524 1523/1523/1523 1518/1518/1518
f 1525/1525/1525 1523/1523/1523 1524/1524/1524
f 1526/1526/1526 1523/1523/1523 1525/1525/1525
f 1522/1522/1522 1519/1519/1519 1527/1527/1527
f 1528/1528/1528 1523/1523/1523 1526/1526/1526
f 1527/1527/1527 1519/1519/1519 1529/1529/1529
f 1530/1530/1530 1523/1523/1523 1528/1528/1528
f 1529/1529/1529 1519/1519/1519 1531/1531/1531
f 1532/1532/1532 1523/1523/1523 1530/1530/1530
f 1531/1531/1531 1519/1519/1519 1533/1533/1533
f 1533/1533/1533 1519/1519/1519 1534/1534/1534
f 1534/1534/1534 1519/1519/1519 1535/1535/1535
f 1519/1519/1519 1536/1536/1536 1535/1535/1535
f 1535/1535/1535 1536/1536/1536 1537/1537/1537
f 1536/1536/1536 1538/1538/1538 1537/1537/1537
f 1537/1537/1537 1538/1538/1538 1539/1539/1539
f 1539/1539/1539 1538/1538/1538 1540/1540/1540
f 1540/1540/1540 1538/1538/1538 1541/1541/1541
f 1542/1542/1542 1523/1523/1523 1532/1532/1532
f 1543/1543/1543 1523/1523/1523 1542/1542/1542
f 1544/1544/1544 1523/1523/1523 1543/1543/1543
f 1545/1545/1545 1523/1523/1523 1544/1544/1544
f 1546/1546/1546 1545/1545/1545 1544/1544/1544
f 1547/1547/1547 1545/1545/1545 1546/1546/1546
f 1548/1548/1548 1547/1547/1547 1546/1546/1546
f 1541/1541/1541 1538/1538/1538 1549/1549/1549
f 1550/1550/1550 1547/1547/1547 1548/1548/1548
f 1549/1549/1549 1538/1538/1538 1551/1551/1551
f 1552/1552/1552 1547/1547/1547 1550/1550/1550
f 1551/1551/1551 1538/1538/1538 1553/1553/1553
f 1554/1554/1554 1547/1547/1547 1552/1552/1552
f 1553/1553/1553 1538/1538/1538 1555/1555/1555
f 1555/1555/1555 1538/1538/1538 1556/1556/1556
f 1556/1556/1556 1538/1538/1538 1557/1557/1557
f 1538/1538/1538 1558/1558/1558 1557/1557/1557
f 1557/1557/1557 1558/1558/1558 1559/1559/1559
f 1558/1558/1558 1560/1560/1560 1559/1559/1559
f 1559/1559/1559 1560/1560/1560 1561/1561/1561
f 1562/1562/1562 1547/1547/1547 1554/1554/1554
f 1563/1563/1563 1547/1547/1547 1562/1562/1562
f 1564/1564/1564 1547/1547/1547 1563/1563/1563
f 1565/1565/1565 1547/1547/1547 1564/1564/1564
f 1566/1566/1566 1565/1565/1565 1564/1564/1564
f 1560/1560/1560 1565/1565/1565 1566/1566/1566
f 1561/1561/1561 1560/1560/1560 1567/1567/1567
f 1568/1568/1568 1560/1560/1560 1566/1566/1566
f 1567/1567/1567 1560/1560/1560 1569/1569/1569
f 1570/1570/1570 1560/1560/1560 1568/1568/1568
f 1569/1569/1569 1560/1560/1560 1571/1571/1571
f 1571/1571/1571 1560/1560/1560 1570/1570/1570
f 1574/1574/1574 1573/1573/1573 1572/1572/1572
f 1574/1574/1574 1575/1575/1575 1573/1573/1573
f 1574/1574/1574 1576/1576/1576 1575/1575/1575
f 1574/1574/1574 1577/1577/1577 1576/1576/1576
f 1578/1578/1578 1577/1577/1577 1574/1574/1574
f 1579/1579/1579 1578/1578/1578 1574/1574/1574
f 1580/1580/1580 1579/1579/1579 1574/1574/1574
f 1572/1572/1572 1581/1581/1581 1574/1574/1574
f 1582/1582/1582 1580/1580/1580 1574/1574/1574
f 1581/1581/1581 1583/1583/1583 1574/1574/1574
f 1583/1583/1583 1582/1582/1582 1574/1574/1574
f 1583/1583/1583 1581/1581/1581 1584/1584/1584
f 1581/1581/1581 1585/1585/1585 1584/1584/1584
f 1585/1585/1585 1586/1586/1586 1584/1584/1584
f 1586/1586/1586 1587/1587/1587 1584/1584/1584
f 1587/1587/1587 1588/1588/1588 1584/1584/1584
f 1582/1582/1582 1583/1583/1583 1589/1589/1589
f 1583/1583/1583 1590/1590/1590 1589/1589/1589
f 1591/1591/1591 1582/1582/1582 1589/1589/1589
f 1589/1589/1589 1592/1592/1592 1591/1591/1591
f 1589/1589/1589 1593/1593/1593 1592/1592/1592
f 1588/1588/1588 1594/1594/1594 1584/1584/1584
f 1589/1589/1589 1595/1595/1595 1593/1593/1593
f 1584/1584/1584 1594/1594/1594 1596/1596/1596
f 1589/1589/1589 1597/1597/1597 1595/1595/1595
f 1584/1584/1584 1596/1596/1596 1598/1598/1598
f 1599/1599/1599 1597/1597/1597 1589/1589/1589
f 1584/1584/1584 1598/1598/1598 1600/1600/1600
f 1584/1584/1584 1600/1600/1600 1601/1601/1601
f 1602/1602/1602 1599/1599/1599 1589/1589/1589
f 1603/1603/1603 1602/1602/1602 1589/1589/1589
f 1604/1604/1604 1603/1603/1603 1589/1589/1589
f 1590/1590/1590 1604/1604/1604 1589/1589/1589
f 1601/1601/1601 1605/1605/1605 1584/1584/1584
f 1605/1605/1605 1583/1583/1583 1584/1584/1584
f 1590/1590/1590 1583/1583/1583 1606/1606/1606
f 1607/1607/1607 1590/1590/1590 1606/1606/1606
f 1606/1606/1606 1608/1608/1608 1607/1607/1607
f 1606/1606/1606 1609/1609/1609 1608/1608/1608
f 1606/1606/1606 1610/1610/1610 1609/1609/1609
f 1611/1611/1611 1610/1610/1610 1606/1606/1606
f 1612/1612/1612 1611/1611/1611 1606/1606/1606
f 1613/1613/1613 1612/1612/1612 1606/1606/1606
f 1614/1614/1614 1613/1613/1613 1606/1606/1606
f 1583/1583/1583 1614/1614/1614 1606/1606/1606
f 1614/1614/1614 1583/1583/1583 1615/1615/1615
f 1616/1616/1616 1614/1614/1614 1615/1615/1615
f 1615/1615/1615 1617/1617/1617 1616/1616/1616
f 1615/1615/1615 1618/1618/1618 1617/1617/1617
f 1619/1619/1619 1618/1618/1618 1615/1615/1615
f 1620/1620/1620 1619/1619/1619 1615/1615/1615
f 1621/1621/1621 1620/1620/1620 1615/1615/1615
f 1622/1622/1622 1621/1621/1621 1615/1615/1615
f 1623/1623/1623 1622/1622/1622 1615/1615/1615
f 1583/1583/1583 1623/1623/1623 1615/1615/1615
f 1623/1623/1623 1583/1583/1583 1624/1624/1624
f 1625/1625/1625 1623/1623/1623 1624/1624/1624
f 1583/1583/1583 1605/1605/1605 1624/1624/1624
f 1624/1624/1624 1626/1626/1626 1625/1625/1625
f 1605/1605/1605 1627/1627/1627 1624/1624/1624
f 1624/1624/1624 1628/1628/1628 1626/1626/1626
f 1629/1629/1629 1624/1624/1624 1627/1627/1627
f 1630/1630/1630 1628/1628/1628 1624/1624/1624
f 1629/1629/1629 1631/1631/1631 1624/1624/1624
f 1632/1632/1632 1630/1630/1630 1624/1624/1624
f 1631/1631/1631 1633/1633/1633 1624/1624/1624
f 1633/1633/1633 1632/1632/1632 1624/1624/1624
f 1636/1636/1636 1635/1635/1635 1634/1634/1634
f 1634/1634/1634 1635/1635/1635 1637/1637/1637
f 1638/1638/1638 1635/1635/1635 1636/1636/1636
f 1637/1637/1637 1635/1635/1635 1639/1639/1639
f 1640/1640/1640 1635/1635/1635 1638/1638/1638
f 1641/1641/1641 1635/1635/1635 1640/1640/1640
f 1639/1639/1639 1635/1635/1635 1642/1642/1642
f 1643/1643/1643 1635/1635/1635 1641/1641/1641
f 1635/1635/1635 1644/1644/1644 1642/1642/1642
f 1645/1645/1645 1635/1635/1635 1643/1643/1643
f 1642/1642/1642 1644/1644/1644 1646/1646/1646
f 1647/1647/1647 1645/1645/1645 1643/1643/1643
f 1644/1644/1644 1648/1648/1648 1646/1646/1646
f 1646/1646/1646 1648/1648/1648 1649/1649/1649
f 1649/1649/1649 1648/1648/1648 1650/1650/1650
f 1650/1650/1650 1648/1648/1648 1651/1651/1651
f 1652/1652/1652 1645/1645/1645 1647/1647/1647
f 1653/1653/1653 1652/1652/1652 1647/1647/1647
f 1654/1654/1654 1652/1652/1652 1653/1653/1653
f 1655/1655/1655 1652/1652/1652 1654/1654/1654
f 1651/1651/1651 1648/1648/1648 1656/1656/1656
f 1657/1657/1657 1652/1652/1652 1655/1655/1655
f 1656/1656/1656 1648/1648/1648 1658/1658/1658
f 1659/1659/1659 1652/1652/1652 1657/1657/1657
f 1658/1658/1658 1648/1648/1648 1660/1660/1660
f 1661/1661/1661 1652/1652/1652 1659/1659/1659
f 1660/1660/1660 1648/1648/1648 1662/1662/1662
f 1662/1662/1662 1648/1648/1648 1663/1663/1663
f 1663/1663/1663 1648/1648/1648 1664/1664/1664
f 1648/1648/1648 1665/1665/1665 1664/1664/1664
f 1664/1664/1664 1665/1665/1665 1666/1666/1666
f 1665/1665/1665 1667/1667/1667 1666/1666/1666
f 1666/1666/1666 1667/1667/1667 1668/1668/1668
f 1668/1668/1668 1667/1667/1667 1669/1669/1669
f 1669/1669/1669 1667/1667/1667 1670/1670/1670
f 1671/1671/1671 1652/1652/1652 1661/1661/1661
f 1672/1672/1672 1652/1652/1652 1671/1671/1671
f 1673/1673/1673 1652/1652/1652 1672/1672/1672
f 1674/1674/1674 1652/1652/1652 1673/1673/1673
f 1675/1675/1675 1674/1674/1674 1673/1673/1673
f 1676/1676/1676 1674/1674/1674 1675/1675/1675
f 1677/1677/1677 1676/1676/1676 1675/1675/1675
f 1670/1670/1670 1667/1667/1667 1678/1678/1678
f 1679/1679/1679 1676/1676/1676 1677/1677/1677
f 1678/1678/1678 1667/1667/1667 1680/1680/1680
f 1681/1681/1681 1676/1676/1676 1679/1679/1679
f 1680/1680/1680 1667/1667/1667 1682/1682/1682
f 1683/1683/1683 1676/1676/1676 1681/1681/1681
f 1682/1682/1682 1667/1667/1667 1684/1684/1684
f 1684/1684/1684 1667/1667/1667 1685/1685/1685
f 1685/1685/1685 1667/1667/1667 1686/1686/1686
f 1667/1667/1667 1687/1687/1687 1686/1686/1686
f 1686/1686/1686 1687/1687/1687 1688/1688/1688
f 1687/1687/1687 1689/1689/1689 1688/1688/1688
f 1688/1688/1688 1689/1689/1689 1690/1690/1690
f 1691/1691/1691 1676/1676/1676 1683/1683/1683
f 1692/1692/1692 1676/1676/1676 1691/1691/1691
f 1693/1693/1693 1676/1676/1676 1692/1692/1692
f 1694/1694/1694 1676/1676/1676 1693/1693/1693
f 1695/1695/1695 1694/1694/1694 1693/1693/1693
f 1689/1689/1689 1694/1694/1694 1695/1695/1695
f 1690/1690/1690 1689/1689/1689 1696/1696/1696
f 1697/1697/1697 1689/1689/1689 1695/1695/1695
f 1696/1696/1696 1689/1689/1689 1698/1698/1698
f 1699/1699/1699 1689/1689/1689 1697/1697/1697
f 1698/1698/1698 1689/1689/1689 1700/1700/1700
f 1700/1700/1700 1689/1689/1689 1699/1699/1699
f 1703/1703/1703 1702/1702/1702 1701/1701/1701
f 1703/1703/1703 1704/1704/1704 1702/1702/1702
f 1703/1703/1703 1705/1705/1705 1704/1704/1704
f 1703/1703/1703 1706/1706/1706 1705/1705/1705
f 1707/1707/1707 1706/1706/1706 1703/1703/1703
f 1708/1708/1708 1707/1707/1707 1703/1703/1703
f 1709/1709/1709 1708/1708/1708 1703/1703/1703
f 1701/1701/1701 1710/1710/1710 1703/1703/1703
f 1711/1711/1711 1709/1709/1709 1703/1703/1703
f 1710/1710/1710 1712/1712/1712 1703/1703/1703
f 1712/1712/1712 1711/1711/1711 1703/1703/1703
f 1712/1712/1712 1710/1710/1710 1713/1713/1713
f 1710/1710/1710 1714/1714/1714 1713/1713/1713
f 1714/1714/1714 1715/1715/1715 1713/1713/1713
f 1715/1715/1715 1716/1716/1716 1713/1713/1713
f 1716/1716/1716 1717/1717/1717 1713/1713/1713
f 1711/1711/1711 1712/1712/1712 1718/1718/1718
f 1712/1712/1712 1719/1719/1719 1718/1718/1718
f 1720/1720/1720 1711/1711/1711 1718/1718/1718
f 1718/1718/1718 1721/1721/1721 1720/1720/1720
f 1718/1718/1718 1722/1722/1722 1721/1721/1721
f 1717/1717/1717 1723/1723/1723 1713/1713/1713
f 1718/1718/1718 1724/1724/1724 1722/1722/1722
f 1713/1713/1713 1723/1723/1723 1725/1725/1725
f 1718/1718/1718 1726/1726/1726 1724/1724/1724
f 1713/1713/1713 1725/1725/1725 1727/1727/1727
f 1728/1728/1728 1726/1726/1726 1718/1718/1718
f 1713/1713/1713 1727/1727/1727 1729/1729/1729
f 1713/1713/1713 1729/1729/1729 1730/1730/1730
f 1731/1731/1731 1728/1728/1728 1718/1718/1718
f 1732/1732/1732 1731/1731/1731 1718/1718/1718
f 1733/1733/1733 1732/1732/1732 1718/1718/1718
f 1719/1719/1719 1733/1733/1733 1718/1718/1718
f 1730/1730/1730 1734/1734/1734 1713/1713/1713
f 1734/1734/1734 1712/1712/1712 1713/1713/1713
f 1719/1719/1719 1712/1712/1712 1735/1735/1735
f 1736/1736/1736 1719/1719/1719 1735/1735/1735
f 1735/1735/1735 1737/1737/1737 1736/1736/1736
f 1735/1735/1735 1738/1738/1738 1737/1737/1737
f 1735/1735/1735 1739/1739/1739 1738/1738/1738
f 1740/1740/1740 1739/1739/1739 1735/1735/1735
f 1741/1741/1741 1740/1740/1740 1735/1735/1735
f 1742/1742/1742 1741/1741/1741 1735/1735/1735
f 1743/1743/1743 1742/1742/1742 1735/1735/1735
f 1712/1712/1712 1743/1743/1743 1735/1735/1735
f 1743/1743/1743 1712/1712/1712 1744/1744/1744
f 1745/1745/1745 1743/1743/1743 1744/1744/1744
f 1744/1744/1744 1746/1746/1746 1745/1745/1745
f 1744/1744/1744 1747/1747/1747 1746/1746/1746
f 1748/1748/1748 1747/1747/1747 1744/1744/1744
f 1749/1749/1749 1748/1748/1748 1744/1744/1744
f 1750/1750/1750 1749/1749/1749 1744/1744/1744
f 1751/1751/1751 1750/1750/1750 1744/1744/1744
f 1752/1752/1752 1751/1751/1751 1744/1744/1744
f 1712/1712/1712 1752/1752/1752 1744/1744/1744
f 1752/1752/1752 1712/1712/1712 1753/1753/1753
f 1754/1754/1754 1752/1752/1752 1753/1753/1753
f 1712/1712/1712 1734/1734/1734 1753/1753/1753
f 1753/1753/1753 1755/1755/1755 1754/1754/1754
f 1734/1734/1734 1756/1756/1756 1753/1753/1753
f 1753/1753/1753 1757/1757/1757 1755/1755/1755
f 1758/1758/1758 1753/1753/1753 1756/1756/1756
f 1759/1759/1759 1757/1757/1757 1753/1753/1753
f 1758/1758/1758 1760/1760/1760 1753/1753/1753
f 1761/1761/1761 1759/1759/1759 1753/1753/1753
f 1760/1760/1760 1762/1762/1762 1753/1753/1753
f 1762/1762/1762 1761/1761/1761 1753/1753/1753
