g Item_09Item_09_mobile
v 308.928648 -2.76761652 154.540782
v 309.805398 12.4488634 152.436582
v 309.805398 -2.76761652 152.436582
v 308.928648 12.4488634 154.540782
v 307.321274 -2.76761652 156.148156
v 309.669015 12.7703384 152.407357
v 307.321274 12.4488634 156.148156
v 305.207333 -2.76761652 157.024906
v 308.82149 12.7703384 154.462848
v 305.207333 12.4488634 157.024906
v 302.927783 -2.76761652 157.024906
v 308.558465 12.89698 154.287499
v 309.357282 12.89698 152.339166
v 307.24334 12.7703384 156.040998
v 302.927783 12.4488634 157.024906
v 300.823584 -2.76761652 156.148156
v 308.227249 12.89698 154.073182
v 308.977357 12.89698 152.270974
v 308.665623 12.7703384 152.202782
v 307.06799 12.89698 155.777973
v 305.187849 12.7703384 156.888523
v 300.823584 12.4488634 156.148156
v 299.216209 -2.76761652 154.540782
v 306.853674 12.89698 155.456498
v 307.964224 12.7703384 153.897832
v 305.119658 12.89698 156.57679
v 302.957008 12.7703384 156.888523
v 299.216209 12.4488634 154.540782
v 298.339459 -2.76761652 152.436582
v 305.051466 12.89698 156.196865
v 303.0252 12.89698 156.57679
v 300.901517 12.7703384 156.040998
v 298.339459 12.4488634 152.436582
v 298.339459 -2.76761652 150.147291
v 306.678324 12.7703384 155.183732
v 303.093391 12.89698 156.196865
v 301.076867 12.89698 155.777973
v 299.323367 12.7703384 154.462848
v 298.339459 12.4488634 150.147291
v 299.216209 -2.76761652 148.043092
v 304.983274 12.7703384 155.885132
v 301.291183 12.89698 155.456498
v 299.586392 12.89698 154.287499
v 298.475842 12.7703384 152.407357
v 299.216209 12.4488634 148.043092
v 300.823584 -2.76761652 146.435717
v 303.161583 12.7703384 155.885132
v 299.907867 12.89698 154.073182
v 298.787576 12.89698 152.339166
v 298.475842 12.7703384 150.176516
v 300.823584 12.4488634 146.435717
v 302.927783 -2.76761652 145.558967
v 301.466533 12.7703384 155.183732
v 299.167501 12.89698 152.270974
v 298.787576 12.89698 150.244708
v 299.323367 12.7703384 148.121025
v 300.180634 12.7703384 153.897832
v 299.167501 12.89698 150.312899
v 299.586392 12.89698 148.296375
v 299.479234 12.7703384 152.202782
v 299.907867 12.89698 148.510691
v 299.479234 12.7703384 150.381091
v 300.901517 12.7703384 146.542875
v 301.076867 12.89698 146.8059
v 301.291183 12.89698 147.127375
v 300.180634 12.7703384 148.686041
v 302.927783 12.4488634 145.558967
v 305.207333 12.4488634 145.558967
v 305.187849 12.7703384 145.69535
v 305.207333 -2.76761652 145.558967
v 307.321274 -2.76761652 146.435717
v 307.321274 12.4488634 146.435717
v 308.928648 -2.76761652 148.043092
v 302.957008 12.7703384 145.69535
v 303.0252 12.89698 146.007084
v 303.093391 12.89698 146.387009
v 308.928648 12.4488634 148.043092
v 309.805398 -2.76761652 150.147291
v 307.24334 12.7703384 146.542875
v 309.805398 12.4488634 150.147291
v 309.805398 -2.76761652 152.436582
v 309.805398 12.4488634 152.436582
v 308.82149 12.7703384 148.121025
v 309.669015 12.7703384 150.176516
v 309.669015 12.7703384 152.407357
v 309.357282 12.89698 152.339166
v 309.357282 12.89698 150.244708
v 308.977357 12.89698 152.270974
v 308.558465 12.89698 148.296375
v 307.06799 12.89698 146.8059
v 308.977357 12.89698 150.312899
v 305.119658 12.89698 146.007084
v 308.227249 12.89698 148.510691
v 308.665623 12.7703384 150.381091
v 308.665623 12.7703384 152.202782
v 308.538982 12.4488634 152.183299
v 305.051466 12.89698 146.387009
v 304.983274 12.7703384 146.698742
v 306.853674 12.89698 147.127375
v 307.964224 12.7703384 148.686041
v 308.538982 12.4488634 150.400574
v 308.538982 8.44503932 152.183299
v 306.678324 12.7703384 147.400142
v 307.857065 12.4488634 148.763975
v 308.538982 8.44503932 150.400574
v 306.600391 12.4488634 147.5073
v 308.402598 8.12356439 150.429799
v 308.402598 8.12356439 152.154074
v 308.090865 7.98718109 152.095624
v 308.090865 7.98718109 150.488249
v 307.749907 8.12356439 148.841908
v 307.47714 7.98718109 149.017258
v 307.857065 8.44503932 148.763975
v 306.522457 8.12356439 147.614458
v 306.347107 7.98718109 147.887225
v 304.876116 7.98718109 147.2735
v 306.600391 8.44503932 147.5073
v 304.963791 12.4488634 146.825384
v 304.963791 8.44503932 146.825384
v 304.934566 8.12356439 146.961767
v 303.210291 8.12356439 146.961767
v 303.268741 7.98718109 147.2735
v 303.181066 12.4488634 146.825384
v 303.181066 8.44503932 146.825384
v 301.612658 8.12356439 147.614458
v 301.79775 7.98718109 147.887225
v 300.39495 8.12356439 148.841908
v 300.667717 7.98718109 149.017258
v 301.544467 8.44503932 147.5073
v 299.742259 8.12356439 150.429799
v 300.053992 7.98718109 150.488249
v 303.161583 12.7703384 146.698742
v 301.466533 12.7703384 147.400142
v 301.544467 12.4488634 147.5073
v 300.287792 12.4488634 148.763975
v 300.287792 8.44503932 148.763975
v 299.605875 12.4488634 150.400574
v 299.605875 8.44503932 150.400574
v 299.605875 12.4488634 152.183299
v 299.742259 8.12356439 152.154074
v 300.053992 7.98718109 152.095624
v 300.287792 12.4488634 153.819899
v 299.605875 8.44503932 152.183299
v 300.39495 8.12356439 153.741965
v 300.667717 7.98718109 153.566615
v 301.544467 12.4488634 155.076573
v 300.287792 8.44503932 153.819899
v 301.612658 8.12356439 154.969415
v 301.79775 7.98718109 154.696648
v 303.181066 12.4488634 155.75849
v 301.544467 8.44503932 155.076573
v 303.210291 8.12356439 155.622107
v 303.268741 7.98718109 155.310373
v 304.963791 12.4488634 155.75849
v 303.181066 8.44503932 155.75849
v 304.934566 8.12356439 155.622107
v 304.876116 7.98718109 155.310373
v 306.600391 12.4488634 155.076573
v 304.963791 8.44503932 155.75849
v 306.522457 8.12356439 154.969415
v 306.347107 7.98718109 154.696648
v 307.857065 12.4488634 153.819899
v 308.538982 12.4488634 152.183299
v 306.600391 8.44503932 155.076573
v 307.749907 8.12356439 153.741965
v 307.47714 7.98718109 153.566615
v 307.857065 8.44503932 153.819899
v 308.538982 8.44503932 152.183299
v 308.402598 8.12356439 152.154074
v 308.090865 7.98718109 152.095624
v 301.79775 7.98718109 147.887225
v 303.268741 7.98718109 147.2735
v 304.876116 7.98718109 147.2735
v 306.347107 7.98718109 147.887225
v 300.667717 7.98718109 149.017258
v 307.47714 7.98718109 149.017258
v 300.053992 7.98718109 150.488249
v 308.090865 7.98718109 150.488249
v 300.053992 7.98718109 152.095624
v 308.090865 7.98718109 152.095624
v 300.667717 7.98718109 153.566615
v 307.47714 7.98718109 153.566615
v 301.79775 7.98718109 154.696648
v 306.347107 7.98718109 154.696648
v 303.268741 7.98718109 155.310373
v 304.876116 7.98718109 155.310373
v 308.928648 -2.76761652 -148.317826
v 309.805398 12.4488634 -150.422025
v 309.805398 -2.76761652 -150.422025
v 308.928648 12.4488634 -148.317826
v 307.321274 -2.76761652 -146.700709
v 309.669015 12.7703384 -150.45125
v 307.321274 12.4488634 -146.700709
v 305.207333 -2.76761652 -145.833701
v 308.82149 12.7703384 -148.386017
v 305.207333 12.4488634 -145.833701
v 302.927783 -2.76761652 -145.833701
v 308.558465 12.89698 -148.571109
v 309.357282 12.89698 -150.5097
v 307.24334 12.7703384 -146.817609
v 302.927783 12.4488634 -145.833701
v 300.823584 -2.76761652 -146.700709
v 308.227249 12.89698 -148.785426
v 308.977357 12.89698 -150.587634
v 308.665623 12.7703384 -150.646084
v 307.06799 12.89698 -147.080634
v 305.187849 12.7703384 -145.960343
v 300.823584 12.4488634 -146.700709
v 299.216209 -2.76761652 -148.317826
v 306.853674 12.89698 -147.402109
v 307.964224 12.7703384 -148.960776
v 305.119658 12.89698 -146.272076
v 302.957008 12.7703384 -145.960343
v 299.216209 12.4488634 -148.317826
v 298.339459 -2.76761652 -150.422025
v 305.051466 12.89698 -146.652001
v 303.015458 12.89698 -146.272076
v 300.901517 12.7703384 -146.817609
v 298.339459 12.4488634 -150.422025
v 298.339459 -2.76761652 -152.701575
v 306.668582 12.7703384 -147.665134
v 303.093391 12.89698 -146.652001
v 301.076867 12.89698 -147.080634
v 299.323367 12.7703384 -148.386017
v 298.339459 12.4488634 -152.701575
v 299.216209 -2.76761652 -154.805774
v 301.291183 12.89698 -147.402109
v 303.161583 12.7703384 -146.973476
v 299.586392 12.89698 -148.571109
v 298.466101 12.7703384 -150.45125
v 299.216209 12.4488634 -154.805774
v 300.823584 -2.76761652 -156.422891
v 299.907867 12.89698 -148.785426
v 298.787576 12.89698 -150.5097
v 298.466101 12.7703384 -152.67235
v 300.823584 12.4488634 -156.422891
v 302.927783 -2.76761652 -157.289899
v 301.466533 12.7703384 -147.665134
v 299.167501 12.89698 -150.587634
v 298.787576 12.89698 -152.6139
v 299.323367 12.7703384 -154.737583
v 300.180634 12.7703384 -148.960776
v 299.167501 12.89698 -152.535967
v 299.586392 12.89698 -154.552491
v 299.479234 12.7703384 -150.646084
v 299.907867 12.89698 -154.338174
v 299.479234 12.7703384 -152.477517
v 300.901517 12.7703384 -156.305991
v 301.076867 12.89698 -156.042966
v 301.291183 12.89698 -155.721491
v 300.180634 12.7703384 -154.162824
v 302.927783 12.4488634 -157.289899
v 305.207333 12.4488634 -157.289899
v 305.187849 12.7703384 -157.163257
v 305.207333 -2.76761652 -157.289899
v 307.321274 -2.76761652 -156.422891
v 307.321274 12.4488634 -156.422891
v 308.928648 -2.76761652 -154.805774
v 302.957008 12.7703384 -157.163257
v 303.015458 12.89698 -156.851524
v 303.093391 12.89698 -156.471599
v 308.928648 12.4488634 -154.805774
v 309.805398 -2.76761652 -152.701575
v 307.24334 12.7703384 -156.305991
v 309.805398 12.4488634 -152.701575
v 309.805398 -2.76761652 -150.422025
v 309.805398 12.4488634 -150.422025
v 308.82149 12.7703384 -154.737583
v 309.669015 12.7703384 -152.67235
v 309.669015 12.7703384 -150.45125
v 309.357282 12.89698 -150.5097
v 309.357282 12.89698 -152.6139
v 308.977357 12.89698 -150.587634
v 308.558465 12.89698 -154.552491
v 307.06799 12.89698 -156.042966
v 308.977357 12.89698 -152.535967
v 305.119658 12.89698 -156.851524
v 308.227249 12.89698 -154.338174
v 308.665623 12.7703384 -152.477517
v 308.665623 12.7703384 -150.646084
v 308.538982 12.4488634 -150.675309
v 305.051466 12.89698 -156.471599
v 304.983274 12.7703384 -156.159866
v 306.853674 12.89698 -155.721491
v 307.964224 12.7703384 -154.162824
v 308.538982 12.4488634 -152.448292
v 308.538982 8.44503932 -150.675309
v 306.668582 12.7703384 -155.458466
v 307.857065 12.4488634 -154.094633
v 308.538982 8.44503932 -152.448292
v 306.600391 12.4488634 -155.341566
v 308.402598 8.12356439 -152.428808
v 308.402598 8.12356439 -150.704534
v 308.090865 7.98718109 -150.762984
v 308.090865 7.98718109 -152.360617
v 307.749907 8.12356439 -154.0167
v 307.47714 7.98718109 -153.84135
v 307.857065 8.44503932 -154.094633
v 306.522457 8.12356439 -155.234408
v 306.347107 7.98718109 -154.971383
v 306.600391 8.44503932 -155.341566
v 304.934566 8.12356439 -155.896841
v 304.866374 7.98718109 -155.585108
v 304.963791 12.4488634 -156.023482
v 303.210291 8.12356439 -155.896841
v 303.268741 7.98718109 -155.585108
v 304.963791 8.44503932 -156.023482
v 303.181066 12.4488634 -156.023482
v 301.612658 8.12356439 -155.234408
v 301.79775 7.98718109 -154.971383
v 303.181066 8.44503932 -156.023482
v 300.39495 8.12356439 -154.0167
v 300.667717 7.98718109 -153.84135
v 301.544467 8.44503932 -155.341566
v 299.742259 8.12356439 -152.428808
v 300.053992 7.98718109 -152.360617
v 303.161583 12.7703384 -156.159866
v 301.466533 12.7703384 -155.458466
v 301.544467 12.4488634 -155.341566
v 300.287792 12.4488634 -154.094633
v 300.287792 8.44503932 -154.094633
v 299.605875 12.4488634 -152.448292
v 299.605875 8.44503932 -152.448292
v 299.605875 12.4488634 -150.675309
v 299.742259 8.12356439 -150.704534
v 300.053992 7.98718109 -150.762984
v 300.287792 12.4488634 -149.038709
v 299.605875 8.44503932 -150.675309
v 300.39495 8.12356439 -149.106901
v 300.667717 7.98718109 -149.282251
v 301.544467 12.4488634 -147.782034
v 300.287792 8.44503932 -149.038709
v 301.612658 8.12356439 -147.889193
v 301.79775 7.98718109 -148.152217
v 301.544467 8.44503932 -147.782034
v 303.210291 8.12356439 -147.226759
v 303.268741 7.98718109 -147.538493
v 303.181066 12.4488634 -147.100118
v 304.934566 8.12356439 -147.226759
v 304.866374 7.98718109 -147.538493
v 306.347107 7.98718109 -148.152217
v 303.181066 8.44503932 -147.100118
v 304.983274 12.7703384 -146.973476
v 304.963791 12.4488634 -147.100118
v 304.963791 8.44503932 -147.100118
v 306.600391 12.4488634 -147.782034
v 306.600391 8.44503932 -147.782034
v 307.857065 12.4488634 -149.038709
v 308.538982 12.4488634 -150.675309
v 307.857065 8.44503932 -149.038709
v 308.538982 8.44503932 -150.675309
v 308.402598 8.12356439 -150.704534
v 306.522457 8.12356439 -147.889193
v 307.749907 8.12356439 -149.106901
v 307.47714 7.98718109 -149.282251
v 308.090865 7.98718109 -150.762984
v 301.79775 7.98718109 -154.971383
v 303.268741 7.98718109 -155.585108
v 304.866374 7.98718109 -155.585108
v 306.347107 7.98718109 -154.971383
v 300.667717 7.98718109 -153.84135
v 307.47714 7.98718109 -153.84135
v 300.053992 7.98718109 -152.360617
v 308.090865 7.98718109 -152.360617
v 300.053992 7.98718109 -150.762984
v 308.090865 7.98718109 -150.762984
v 300.667717 7.98718109 -149.282251
v 307.47714 7.98718109 -149.282251
v 301.79775 7.98718109 -148.152217
v 306.347107 7.98718109 -148.152217
v 303.268741 7.98718109 -147.538493
v 304.866374 7.98718109 -147.538493
v 278.91458 -17.6236549 73.6362581
v 266.834916 -16.2598218 110.527942
v 279.469855 -16.1039552 73.8116081
v 279.372438 -16.1818885 72.2724251
v 266.299125 -17.6723632 110.294142
v 240.142755 -16.2598218 160.463714
v 239.655672 -17.6723632 160.132497
v 204.225238 -16.2598218 204.223271
v 203.806347 -17.6723632 203.814121
v 160.45594 -16.2598218 240.140788
v 160.134465 -17.6723632 239.653705
v 110.529909 -16.2598218 266.832948
v 110.305851 -17.6723632 266.287415
v 56.3467713 -16.2598218 283.267136
v 56.2298713 -17.6723632 282.692378
v 0.000983798055 -16.2598218 288.819885
v 0.000983798055 -17.6723632 288.235385
v -56.3448037 -16.2598218 283.267136
v -56.2279037 -17.6723632 282.692378
v -110.527942 -16.2598218 266.832948
v -110.303883 -17.6723632 266.287415
v -160.463714 -16.2598218 240.140788
v -160.132497 -17.6723632 239.653705
v -204.223271 -16.2598218 204.223271
v -203.814121 -17.6723632 203.814121
v -240.140788 -16.2598218 160.463714
v -239.653705 -17.6723632 160.132497
v -266.832948 -16.2598218 110.527942
v -266.287415 -17.6723632 110.303883
v -283.267136 -16.2598218 56.3448037
v -282.692378 -17.6723632 56.2279037
v -288.819885 -16.2598218 -0.000983798055
v -288.235385 -17.6723632 -0.000983798055
v -283.267136 -16.2598218 -56.3467713
v -282.692378 -17.6723632 -56.2298713
v -266.832948 -16.2598218 -110.529909
v -266.287415 -17.6723632 -110.305851
v -240.140788 -16.2598218 -160.45594
v -239.653705 -17.6723632 -160.134465
v -204.223271 -16.2598218 -204.225238
v -203.814121 -17.6723632 -203.806347
v -160.463714 -16.2598218 -240.142755
v -160.132497 -17.6723632 -239.655672
v -110.527942 -16.2598218 -266.834916
v -110.303883 -17.6723632 -266.289383
v -56.3448037 -16.2598218 -283.269104
v -56.2279037 -17.6723632 -282.694346
v 0.000983798055 -16.2598218 -288.821853
v 0.000983798055 -17.6723632 -288.227611
v 56.3467713 -16.2598218 -283.269104
v 56.2298713 -17.6723632 -282.694346
v 110.529909 -16.2598218 -266.834916
v 110.305851 -17.6723632 -266.289383
v 160.45594 -16.2598218 -240.142755
v 160.134465 -17.6723632 -239.655672
v 204.225238 -16.2598218 -204.225238
v 203.806347 -17.6723632 -203.806347
v 240.142755 -16.2598218 -160.45594
v 239.655672 -17.6723632 -160.134465
v 266.834916 -16.2598218 -110.529909
v 266.299125 -17.6723632 -110.286368
v 278.758713 -16.2598218 -76.4730501
v 278.174214 -17.6723632 -76.3658918
v 278.632072 -16.2598218 -75.0410254
v 0.000983798055 -18.2568631 -286.805328
v 55.9571047 -18.2568631 -281.301288
v 109.760318 -18.2568631 -264.974258
v 159.34539 -18.2568631 -238.476931
v 202.802955 -18.2568631 -202.802955
v 238.476931 -18.2568631 -159.34539
v 264.993741 -18.2568631 -109.721351
v -55.9551371 -18.2568631 -281.301288
v -109.75835 -18.2568631 -264.974258
v -159.343422 -18.2568631 -238.476931
v -202.800988 -18.2568631 -202.802955
v -238.474963 -18.2568631 -159.34539
v -264.982032 -18.2568631 -109.760318
v -281.29932 -18.2568631 -55.9571047
v -286.813102 -18.2568631 -0.000983798055
v -281.29932 -18.2568631 55.9551371
v -264.982032 -18.2568631 109.75835
v -238.474963 -18.2568631 159.343422
v -202.800988 -18.2568631 202.800988
v -159.343422 -18.2568631 238.474963
v -109.75835 -18.2568631 264.982032
v -55.9551371 -18.2568631 281.29932
v 0.000983798055 -18.2568631 286.813102
v 55.9571047 -18.2568631 281.29932
v 109.760318 -18.2568631 264.982032
v 159.34539 -18.2568631 238.474963
v 202.802955 -18.2568631 202.800988
v 238.476931 -18.2568631 159.343422
v 264.993741 -18.2568631 109.729125
v 277.541005 -18.2568631 73.2952999
v 52.5280388 -19.2797378 261.173041
v 102.483294 -19.2797378 246.015011
v 148.522401 -19.2797378 221.407567
v 188.872375 -19.2797378 188.295649
v 221.994034 -19.2797378 147.945675
v 246.572254 -19.2797378 101.955277
v 257.414727 -19.2797378 71.9022419
v 278.008605 -17.6723632 71.9412085
v 279.041222 -17.3801133 72.4575167
v 278.21318 -16.2598218 71.3859336
v 257.882326 -18.6562713 70.3338339
v 258.028451 -17.1365717 69.6714007
v 256.313918 -17.1365717 69.953909
v 255.836577 -18.6562713 71.493092
v 256.518493 -18.373763 70.3240922
v 255.193627 -17.1365717 71.2787753
v 245.081779 -18.607563 101.292844
v 244.458313 -16.980705 101.020077
v 220.630201 -18.607563 147.029958
v 220.065185 -16.980705 146.659775
v 187.713117 -18.607563 187.136391
v 187.235775 -16.980705 186.65905
v 147.616426 -18.607563 220.053476
v 147.236501 -16.980705 219.488459
v 101.859828 -18.607563 244.505053
v 101.596803 -16.980705 243.881587
v 52.2065638 -18.607563 259.565667
v 52.0799222 -16.980705 258.903234
v 0.575742003 -19.2797378 266.287415
v 0.575742003 -18.607563 264.650816
v 0.575742003 -16.980705 263.978641
v -51.3668131 -19.2797378 261.173041
v -51.0550798 -18.607563 259.565667
v -50.9186965 -16.980705 258.903234
v -101.322069 -19.2797378 246.015011
v -100.698602 -18.607563 244.505053
v -100.445319 -16.980705 243.881587
v -147.361175 -19.2797378 221.407567
v -146.4552 -18.607563 220.053476
v -146.075275 -16.980705 219.488459
v -187.711149 -19.2797378 188.295649
v -186.561633 -18.607563 187.136391
v -186.084291 -16.980705 186.65905
v -220.832809 -19.2797378 147.945675
v -219.468976 -18.607563 147.029958
v -218.913701 -16.980705 146.659775
v -245.440253 -19.2797378 101.906569
v -243.930295 -18.607563 101.283102
v -243.306829 -16.980705 101.020077
v -260.588542 -19.2797378 51.951313
v -258.990909 -18.607563 51.629838
v -258.328475 -16.980705 51.5031964
v -265.712657 -19.2797378 -0.000983798055
v -264.076057 -18.607563 -0.000983798055
v -263.394141 -16.980705 -0.000983798055
v -260.588542 -19.2797378 -51.9532806
v -258.990909 -18.607563 -51.6318056
v -258.328475 -16.980705 -51.4954223
v -245.440253 -19.2797378 -101.908536
v -243.930295 -18.607563 -101.275328
v -243.306829 -16.980705 -101.022045
v -220.832809 -19.2797378 -147.937901
v -219.468976 -18.607563 -147.031926
v -218.913701 -16.980705 -146.661743
v -187.711149 -19.2797378 -188.297617
v -186.561633 -18.607563 -187.138359
v -186.084291 -16.980705 -186.661017
v -147.361175 -19.2797378 -221.409535
v -146.4552 -18.607563 -220.055443
v -146.075275 -16.980705 -219.490427
v -101.322069 -19.2797378 -246.016979
v -100.698602 -18.607563 -244.507021
v -100.445319 -16.980705 -243.883555
v -51.3668131 -19.2797378 -261.175009
v -51.0550798 -18.607563 -259.567634
v -50.9186965 -16.980705 -258.905201
v 0.575742003 -19.2797378 -266.289383
v 0.575742003 -18.607563 -264.652783
v 0.575742003 -16.980705 -263.980608
v 52.5280388 -19.2797378 -261.175009
v 52.2065638 -18.607563 -259.567634
v 52.0799222 -16.980705 -258.905201
v 102.483294 -19.2797378 -246.016979
v 101.859828 -18.607563 -244.507021
v 101.596803 -16.980705 -243.883555
v 148.522401 -19.2797378 -221.409535
v 147.616426 -18.607563 -220.055443
v 147.236501 -16.980705 -219.490427
v 188.872375 -19.2797378 -188.297617
v 187.713117 -18.607563 -187.138359
v 187.235775 -16.980705 -186.661017
v 221.994034 -19.2797378 -147.937901
v 220.630201 -18.607563 -147.031926
v 220.065185 -16.980705 -146.661743
v 246.562512 -19.2797378 -101.966986
v 245.081779 -18.607563 -101.294811
v 244.458313 -16.980705 -101.022045
v 276.771414 -18.2568631 -76.1028669
v 254.950085 -18.6562713 -74.7195505
v 254.307136 -17.1463133 -74.4954922
v 255.437169 -17.1463133 -73.1803675
v 256.528235 -19.2797378 -75.1287004
v 257.005577 -18.6562713 -73.5700341
v 255.641744 -18.3835047 -73.5505508
v 257.151702 -17.1463133 -72.9076009
v 277.248755 -17.6723632 -74.7487755
v 277.463072 -16.2598218 -74.1935006
v 278.291114 -17.4093383 -75.2261171
v 247.760737 -7.4923238 116.879507
v 287.321637 -7.28774884 153.615324
v 287.886653 -8.45674858 153.469199
v 287.964586 -7.28774884 154.64794
v 249.407078 -8.52494023 117.619873
v 247.595129 -7.50206546 115.564382
v 248.520587 -8.33010694 116.168365
v 250.215636 -8.51519857 116.382682
v 248.851803 -7.4923238 115.164974
v 297.715993 -7.28774884 135.486086
v 297.852376 -8.45674858 136.080328
v 298.923959 -7.28774884 135.622469
v 253.469352 -8.93409014 119.344148
v 289.250486 -8.94383181 153.147724
v 288.51012 -8.45674858 154.482332
v 289.815503 -8.94383181 154.151115
v 288.539345 -8.45674858 155.719523
v 288.013295 -7.28774884 155.855907
v 302.538116 -8.94383181 150.410316
v 298.261526 -8.94383181 137.502611
v 280.940846 -8.48597358 189.854316
v 280.20048 -7.40464882 190.477782
v 280.736271 -7.40464882 191.705232
v 302.9083 -8.94383181 151.530607
v 303.697375 -8.94383181 150.166774
v 299.391559 -8.94383181 137.541577
v 289.825244 -8.94383181 155.437015
v 282.694346 -8.93409014 188.315133
v 299.040859 -8.45674858 136.187486
v 300.16115 -8.46649025 135.612728
v 300.015025 -7.29749051 135.086678
v 326.073978 -7.40464882 111.024766
v 325.888886 -8.48597358 111.989191
v 327.408586 -7.40464882 110.878642
v 300.541075 -8.94383181 136.888886
v 304.856633 -8.94383181 149.932974
v 303.288225 -8.94383181 152.650899
v 325.450511 -8.93409014 114.268741
v 327.067628 -8.29114029 111.4534
v 327.204011 -8.48597358 112.729558
v 327.944377 -7.40464882 112.106091
v 320.121821 -7.28774884 146.737709
v 319.595771 -8.45674858 146.86435
v 320.170529 -7.28774884 147.945675
v 318.319613 -8.94383181 147.146858
v 305.226816 -8.94383181 151.053266
v 304.067558 -8.94383181 151.287066
v 304.437741 -8.94383181 152.407357
v 318.319613 -8.94383181 148.423017
v 319.634738 -8.45674858 148.101542
v 320.238721 -8.45674858 149.124416
v 320.793996 -7.28774884 148.96855
v 348.957148 -7.44361547 175.991927
v 305.596999 -8.94383181 152.173557
v 347.729698 -8.50545691 175.631485
v 349.142239 -7.44361547 177.316793
v 318.884629 -8.94383181 149.43615
v 344.81694 -8.93409014 174.813186
v 309.87359 -8.94383181 165.042296
v 308.714332 -8.94383181 165.061779
v 310.28274 -8.45674858 166.376904
v 346.999073 -8.49571524 176.936868
v 348.421356 -8.31062362 176.88816
v 347.905048 -7.44361547 177.813618
v 310.428865 -7.28774884 166.932179
v 309.220898 -7.28774884 166.902954
v 309.084515 -8.45674858 166.357421
v 308.00319 -8.45674858 166.951662
v 308.159057 -7.29749051 167.467971
v 282.070879 -7.40464882 191.559107
v 307.603782 -8.94383181 165.694988
v 282.255971 -8.48597358 190.594682
v 281.07723 -8.29114029 191.130474
v 255.193627 -5.00819935 71.2787753
v 255.193627 -17.1365717 71.2787753
v 256.313918 -17.1365717 69.953909
v 244.458313 -16.980705 101.020077
v 256.313918 -4.99845769 69.953909
v 258.028451 -17.1365717 69.6714007
v 244.458313 -5.16406598 101.020077
v 220.065185 -16.980705 146.659775
v 255.836577 -3.48849969 71.493092
v 220.065185 -5.16406598 146.659775
v 187.235775 -16.980705 186.65905
v 245.081779 -3.53720801 101.292844
v 187.235775 -5.16406598 186.65905
v 147.236501 -16.980705 219.488459
v 220.630201 -3.53720801 147.029958
v 147.236501 -5.16406598 219.488459
v 101.596803 -16.980705 243.881587
v 187.713117 -3.53720801 187.136391
v 101.596803 -5.16406598 243.881587
v 52.0799222 -16.980705 258.903234
v 147.616426 -3.53720801 220.053476
v 52.0799222 -5.16406598 258.903234
v 0.575742003 -16.980705 263.978641
v 101.859828 -3.53720801 244.505053
v 0.575742003 -5.16406598 263.978641
v -50.9186965 -16.980705 258.903234
v 52.2065638 -3.53720801 259.565667
v -50.9186965 -5.16406598 258.903234
v -100.445319 -16.980705 243.881587
v 0.575742003 -3.53720801 264.650816
v -100.445319 -5.16406598 243.881587
v -146.075275 -16.980705 219.488459
v -51.0550798 -3.53720801 259.565667
v -146.075275 -5.16406598 219.488459
v -186.084291 -16.980705 186.65905
v -100.698602 -3.53720801 244.505053
v -186.084291 -5.16406598 186.65905
v -218.913701 -16.980705 146.659775
v -146.4552 -3.53720801 220.053476
v -218.913701 -5.16406598 146.659775
v -243.306829 -16.980705 101.020077
v -186.561633 -3.53720801 187.136391
v -243.306829 -5.16406598 101.020077
v -258.328475 -16.980705 51.5031964
v -219.468976 -3.53720801 147.029958
v -258.328475 -5.16406598 51.5031964
v -263.394141 -16.980705 -0.000983798055
v -243.930295 -3.53720801 101.283102
v -263.394141 -5.16406598 -0.000983798055
v -258.328475 -16.980705 -51.4954223
v -258.990909 -3.53720801 51.629838
v -258.328475 -5.16406598 -51.4954223
v -243.306829 -16.980705 -101.022045
v -264.076057 -3.53720801 -0.000983798055
v -243.306829 -5.16406598 -101.022045
v -218.913701 -16.980705 -146.661743
v -258.990909 -3.53720801 -51.6318056
v -218.913701 -5.16406598 -146.661743
v -186.084291 -16.980705 -186.661017
v -243.930295 -3.53720801 -101.275328
v -186.084291 -5.16406598 -186.661017
v -146.075275 -16.980705 -219.490427
v -219.468976 -3.53720801 -147.031926
v -146.075275 -5.16406598 -219.490427
v -100.445319 -16.980705 -243.883555
v -186.561633 -3.53720801 -187.138359
v -100.445319 -5.16406598 -243.883555
v -50.9186965 -16.980705 -258.905201
v -146.4552 -3.53720801 -220.055443
v -50.9186965 -5.16406598 -258.905201
v 0.575742003 -16.980705 -263.980608
v -100.698602 -3.53720801 -244.507021
v 0.575742003 -5.16406598 -263.980608
v 52.0799222 -16.980705 -258.905201
v -51.0550798 -3.53720801 -259.567634
v 52.0799222 -5.16406598 -258.905201
v 101.596803 -16.980705 -243.883555
v 0.575742003 -3.53720801 -264.652783
v 101.596803 -5.16406598 -243.883555
v 147.236501 -16.980705 -219.490427
v 52.2065638 -3.53720801 -259.567634
v 147.236501 -5.16406598 -219.490427
v 187.235775 -16.980705 -186.661017
v 101.859828 -3.53720801 -244.507021
v 187.235775 -5.16406598 -186.661017
v 220.065185 -16.980705 -146.661743
v 147.616426 -3.53720801 -220.055443
v 220.065185 -5.16406598 -146.661743
v 244.458313 -16.980705 -101.022045
v 187.713117 -3.53720801 -187.138359
v 244.458313 -5.16406598 -101.022045
v 254.307136 -17.1463133 -74.4954922
v 220.630201 -3.53720801 -147.031926
v 52.5280388 -2.8552915 -261.175009
v 102.483294 -2.8552915 -246.016979
v 148.522401 -2.8552915 -221.409535
v 188.872375 -2.8552915 -188.297617
v 0.575742003 -2.8552915 -266.289383
v -51.3668131 -2.8552915 -261.175009
v -101.322069 -2.8552915 -246.016979
v -147.361175 -2.8552915 -221.409535
v -187.711149 -2.8552915 -188.297617
v -220.832809 -2.8552915 -147.937901
v -245.440253 -2.8552915 -101.908536
v -260.588542 -2.8552915 -51.9532806
v -265.712657 -2.8552915 -0.000983798055
v -260.588542 -2.8552915 51.951313
v -245.440253 -2.8552915 101.906569
v -220.832809 -2.8552915 147.945675
v -187.711149 -2.8552915 188.295649
v -147.361175 -2.8552915 221.407567
v -101.322069 -2.8552915 246.015011
v -51.3668131 -2.8552915 261.173041
v 0.575742003 -2.8552915 266.287415
v 52.5280388 -2.8552915 261.173041
v 102.483294 -2.8552915 246.015011
v 148.522401 -2.8552915 221.407567
v 188.872375 -2.8552915 188.295649
v 221.994034 -2.8552915 147.945675
v 246.572254 -2.8552915 101.955277
v 257.414727 -2.8552915 71.9022419
v 55.9571047 -3.88790793 281.29932
v 109.760318 -3.88790793 264.982032
v 159.34539 -3.88790793 238.474963
v 202.802955 -3.88790793 202.800988
v 238.476931 -3.88790793 159.343422
v 264.993741 -3.88790793 109.729125
v 277.541005 -3.88790793 73.2952999
v 257.882326 -3.48849969 70.3338339
v 256.518493 -3.76126629 70.3240922
v 258.028451 -5.00819935 69.6714007
v 278.008605 -4.4724078 71.9412085
v 278.21318 -5.88494916 71.3859336
v 278.21318 -16.2598218 71.3859336
v 279.372438 -16.1818885 72.2724251
v 279.38218 -5.88494916 72.2334585
v 279.469855 -16.1039552 73.8116081
v 278.943805 -4.4724078 73.5583248
v 279.050963 -4.73543274 72.4185501
v 279.518563 -5.88494916 73.6654831
v 266.834916 -16.2598218 110.527942
v 266.299125 -4.4724078 110.294142
v 266.834916 -5.88494916 110.527942
v 240.142755 -16.2598218 160.463714
v 239.655672 -4.4724078 160.132497
v 240.142755 -5.88494916 160.463714
v 204.225238 -16.2598218 204.223271
v 203.806347 -4.4724078 203.814121
v 204.225238 -5.88494916 204.223271
v 160.45594 -16.2598218 240.140788
v 160.134465 -4.4724078 239.653705
v 160.45594 -5.88494916 240.140788
v 110.529909 -16.2598218 266.832948
v 110.305851 -4.4724078 266.287415
v 110.529909 -5.88494916 266.832948
v 56.3467713 -16.2598218 283.267136
v 56.2298713 -4.4724078 282.692378
v 56.3467713 -5.88494916 283.267136
v 0.000983798055 -16.2598218 288.819885
v 0.000983798055 -3.88790793 286.813102
v 0.000983798055 -5.88494916 288.819885
v -56.3448037 -16.2598218 283.267136
v 0.000983798055 -4.4724078 288.235385
v -55.9551371 -3.88790793 281.29932
v -56.3448037 -5.88494916 283.267136
v -110.527942 -16.2598218 266.832948
v -56.2279037 -4.4724078 282.692378
v -109.75835 -3.88790793 264.982032
v -110.527942 -5.88494916 266.832948
v -160.463714 -16.2598218 240.140788
v -110.303883 -4.4724078 266.287415
v -159.343422 -3.88790793 238.474963
v -160.463714 -5.88494916 240.140788
v -204.223271 -16.2598218 204.223271
v -160.132497 -4.4724078 239.653705
v -202.800988 -3.88790793 202.800988
v -204.223271 -5.88494916 204.223271
v -240.140788 -16.2598218 160.463714
v -203.814121 -4.4724078 203.814121
v -238.474963 -3.88790793 159.343422
v -240.140788 -5.88494916 160.463714
v -266.832948 -16.2598218 110.527942
v -239.653705 -4.4724078 160.132497
v -264.982032 -3.88790793 109.75835
v -266.832948 -5.88494916 110.527942
v -283.267136 -16.2598218 56.3448037
v -266.287415 -4.4724078 110.303883
v -281.29932 -3.88790793 55.9551371
v -283.267136 -5.88494916 56.3448037
v -288.819885 -16.2598218 -0.000983798055
v -282.692378 -4.4724078 56.2279037
v -286.813102 -3.88790793 -0.000983798055
v -288.819885 -5.88494916 -0.000983798055
v -283.267136 -16.2598218 -56.3467713
v -288.235385 -4.4724078 -0.000983798055
v -281.29932 -3.88790793 -55.9571047
v -283.267136 -5.88494916 -56.3467713
v -266.832948 -16.2598218 -110.529909
v -282.692378 -4.4724078 -56.2298713
v -264.982032 -3.88790793 -109.760318
v -266.832948 -5.88494916 -110.529909
v -240.140788 -16.2598218 -160.45594
v -266.287415 -4.4724078 -110.305851
v -238.474963 -3.88790793 -159.34539
v -240.140788 -5.88494916 -160.45594
v -204.223271 -16.2598218 -204.225238
v -239.653705 -4.4724078 -160.134465
v -202.800988 -3.88790793 -202.802955
v -204.223271 -5.88494916 -204.225238
v -160.463714 -16.2598218 -240.142755
v -203.814121 -4.4724078 -203.806347
v -159.343422 -3.88790793 -238.476931
v -160.463714 -5.88494916 -240.142755
v -110.527942 -16.2598218 -266.834916
v -160.132497 -4.4724078 -239.655672
v -109.75835 -3.88790793 -264.974258
v -110.527942 -5.88494916 -266.834916
v -56.3448037 -16.2598218 -283.269104
v -110.303883 -4.4724078 -266.289383
v -55.9551371 -3.88790793 -281.301288
v -56.3448037 -5.88494916 -283.269104
v 0.000983798055 -16.2598218 -288.821853
v -56.2279037 -4.4724078 -282.694346
v 0.000983798055 -3.88790793 -286.805328
v 0.000983798055 -5.88494916 -288.821853
v 56.3467713 -16.2598218 -283.269104
v 0.000983798055 -4.4724078 -288.227611
v 55.9571047 -3.88790793 -281.301288
v 56.3467713 -5.88494916 -283.269104
v 110.529909 -16.2598218 -266.834916
v 56.2298713 -4.4724078 -282.694346
v 109.760318 -3.88790793 -264.974258
v 110.529909 -5.88494916 -266.834916
v 160.45594 -16.2598218 -240.142755
v 110.305851 -4.4724078 -266.289383
v 159.34539 -3.88790793 -238.476931
v 160.45594 -5.88494916 -240.142755
v 204.225238 -16.2598218 -204.225238
v 160.134465 -4.4724078 -239.655672
v 202.802955 -3.88790793 -202.802955
v 204.225238 -5.88494916 -204.225238
v 240.142755 -16.2598218 -160.45594
v 203.806347 -4.4724078 -203.806347
v 221.994034 -2.8552915 -147.937901
v 240.142755 -5.88494916 -160.45594
v 266.834916 -16.2598218 -110.529909
v 239.655672 -4.4724078 -160.134465
v 238.476931 -3.88790793 -159.34539
v 245.081779 -3.53720801 -101.294811
v 266.834916 -5.88494916 -110.529909
v 278.758713 -16.2598218 -76.4730501
v 266.299125 -4.4724078 -110.286368
v 246.562512 -2.8552915 -101.966986
v 264.993741 -3.88790793 -109.721351
v 254.307136 -4.99845769 -74.4954922
v 278.710005 -6.04081579 -76.6191751
v 278.632072 -16.2598218 -75.0410254
v 278.144989 -4.51137446 -76.4438251
v 278.612588 -5.96288247 -75.0799921
v 277.463072 -16.2598218 -74.1935006
v 254.950085 -3.48849969 -74.7195505
v 255.437169 -4.98871602 -73.1803675
v 255.437169 -17.1463133 -73.1803675
v 276.771414 -3.88790793 -76.1028669
v 256.528235 -2.8552915 -75.1287004
v 277.248755 -4.4724078 -74.7487755
v 278.281372 -4.76465774 -75.2650837
v 257.005577 -3.47875802 -73.5700341
v 277.463072 -5.88494916 -74.1935006
v 257.151702 -17.1463133 -72.9076009
v 257.151702 -4.99845769 -72.9076009
v 255.641744 -3.76126629 -73.5505508
v 254.501969 -11.9540061 -122.892081
v 298.972667 -11.7883978 -138.965828
v 299.079826 -12.743081 -139.443169
v 299.956575 -11.7883978 -139.043761
v 255.817094 -12.7820476 -123.87599
v 253.498577 -11.9637478 -123.272006
v 254.365586 -12.6359227 -123.749348
v 255.252077 -12.772306 -124.918348
v 253.703152 -11.9540061 -124.324106
v 290.575352 -11.7883978 -153.461425
v 291.052694 -12.743081 -153.3153
v 291.159852 -11.7883978 -154.269983
v 259.002618 -13.1132642 -126.330889
v 299.411042 -13.1327475 -140.563461
v 300.053992 -12.743081 -139.491878
v 300.346242 -13.1327475 -140.573203
v 300.950225 -12.743081 -139.024278
v 300.833325 -11.7883978 -138.585903
v 302.820625 -13.1327475 -150.840917
v 292.211952 -13.1327475 -153.032791
v 321.495396 -12.7528226 -120.154674
v 321.631779 -11.8760728 -119.385082
v 322.722845 -11.8760728 -119.258441
v 303.765566 -13.1327475 -150.646084
v 303.132358 -13.1327475 -151.756633
v 292.699035 -13.1327475 -153.812125
v 301.2717 -13.1327475 -140.047153
v 321.125212 -13.1132642 -122.025073
v 291.598227 -12.743081 -154.114116
v 291.646936 -12.743081 -155.136991
v 291.218302 -11.7981395 -155.253891
v 284.983637 -11.8760728 -182.861768
v 285.58762 -12.7528226 -182.34546
v 285.422012 -11.8760728 -183.86516
v 292.699035 -13.1327475 -154.893449
v 303.43435 -13.1327475 -152.67235
v 304.710508 -13.1327475 -150.45125
v 287.019645 -13.1132642 -181.098527
v 285.694779 -12.596956 -183.387818
v 286.649462 -12.7528226 -182.968926
v 286.503337 -11.8760728 -183.738518
v 307.321274 -11.7883978 -164.518214
v 307.194632 -12.743081 -164.099322
v 308.188282 -11.7883978 -164.060356
v 306.873157 -13.1327475 -163.076448
v 304.369549 -13.1327475 -152.477517
v 304.067558 -13.1327475 -151.5618
v 305.012499 -13.1327475 -151.366967
v 307.779132 -13.1327475 -162.560139
v 308.081124 -12.743081 -163.612239
v 309.05529 -12.743081 -163.631722
v 309.17219 -11.7883978 -164.079839
v 339.0791 -11.9052978 -172.759662
v 305.314491 -13.1327475 -152.282683
v 338.328992 -12.7625643 -172.048521
v 340.082491 -11.9052978 -172.360254
v 308.724073 -13.1327475 -162.540656
v 336.556009 -13.1132642 -170.324246
v 315.90368 -13.1327475 -150.10055
v 315.445822 -13.1327475 -149.272509
v 317.01423 -12.743081 -149.847267
v 338.942717 -12.7625643 -170.996421
v 339.497992 -12.6066977 -172.019296
v 339.936366 -11.9052978 -171.278929
v 317.472088 -11.7883978 -149.720625
v 316.95578 -11.7883978 -148.882842
v 316.517405 -12.743081 -149.009484
v 316.48818 -12.743081 -148.006093
v 316.916813 -11.7981395 -147.898934
v 323.151479 -11.8760728 -120.261832
v 315.445822 -13.1327475 -148.230151
v 322.557237 -12.7528226 -120.77814
v 322.450079 -12.596956 -119.735782
v 259.080551 -11.9442645 123.815572
v 290.653286 -11.7883978 153.137982
v 291.111144 -12.743081 153.01134
v 291.179336 -11.7883978 153.975765
v 260.434643 -12.7820476 124.409814
v 258.944168 -11.9442645 122.743989
v 259.704018 -12.626181 123.240814
v 261.077592 -12.772306 123.416164
v 259.976784 -11.9442645 122.422514
v 298.972667 -11.7883978 138.642385
v 299.079826 -12.743081 139.129469
v 299.956575 -11.7883978 138.749544
v 263.727325 -13.1132642 125.822355
v 292.231435 -13.1327475 152.758057
v 291.617711 -12.743081 153.839382
v 292.689294 -13.1327475 153.566615
v 291.646936 -12.743081 154.852515
v 291.218302 -11.7883978 154.959673
v 302.820625 -13.1327475 150.575924
v 299.411042 -13.1327475 140.278985
v 285.58762 -12.7528226 182.080467
v 284.983637 -11.8760728 182.587034
v 285.422012 -11.8760728 183.590425
v 303.132358 -13.1327475 151.481899
v 303.765566 -13.1327475 150.381091
v 300.326759 -13.1327475 140.317952
v 292.699035 -13.1327475 154.618715
v 287.019645 -13.1132642 180.823793
v 300.04425 -12.743081 139.217144
v 300.959967 -12.743081 138.749544
v 300.843067 -11.7981395 138.311169
v 321.631779 -11.8760728 119.110348
v 321.485654 -12.7528226 119.889681
v 322.722845 -11.8760728 118.993448
v 301.2717 -13.1327475 139.78216
v 304.710508 -13.1327475 150.186258
v 303.43435 -13.1327475 152.397616
v 321.125212 -13.1132642 121.750339
v 322.450079 -12.596956 119.461048
v 322.557237 -12.7528226 120.503406
v 323.151479 -11.8760728 119.987098
v 316.916813 -11.7883978 147.6242
v 316.48818 -12.743081 147.731358
v 316.95578 -11.7883978 148.608108
v 315.445822 -13.1327475 147.965158
v 305.012499 -13.1327475 151.092233
v 304.067558 -13.1327475 151.287066
v 304.369549 -13.1327475 152.202782
v 315.445822 -13.1327475 149.007516
v 316.517405 -12.743081 148.73475
v 317.01423 -12.743081 149.572533
v 317.462346 -11.7883978 149.445891
v 339.936366 -11.9052978 171.004195
v 305.314491 -13.1327475 152.007949
v 338.942717 -12.7625643 170.721687
v 340.082491 -11.9052978 172.08552
v 315.90368 -13.1327475 149.825816
v 336.556009 -13.1132642 170.049512
v 308.724073 -13.1327475 162.275663
v 307.779132 -13.1327475 162.285405
v 309.05529 -12.743081 163.356988
v 338.338733 -12.7625643 171.773786
v 339.497992 -12.6066977 171.744561
v 339.0791 -11.9052978 172.494669
v 309.17219 -11.7883978 163.814846
v 308.188282 -11.7883978 163.785621
v 308.081124 -12.743081 163.347247
v 307.194632 -12.743081 163.824588
v 307.321274 -11.7981395 164.24348
v 286.503337 -11.8760728 183.473525
v 306.873157 -13.1327475 162.801713
v 286.649462 -12.7528226 182.694192
v 285.694779 -12.596956 183.122825
v 242.003413 -7.51180713 -115.68325
v 297.715993 -7.28774884 -135.829012
v 297.862118 -8.45674858 -136.40377
v 298.923959 -7.28774884 -135.916687
v 243.62053 -8.5346819 -116.881474
v 240.766222 -7.51180713 -116.15085
v 241.837805 -8.33984861 -116.735349
v 242.928871 -8.51519857 -118.177116
v 241.029247 -7.51180713 -117.436749
v 287.22422 -7.28774884 -153.948508
v 287.80872 -8.45674858 -153.773158
v 287.935361 -7.28774884 -154.942158
v 247.526937 -8.93409014 -119.911132
v 298.261526 -8.94383181 -137.787086
v 299.040859 -8.45674858 -136.471962
v 299.4013 -8.94383181 -137.80657
v 300.151409 -8.45674858 -135.887462
v 300.005284 -7.28774884 -135.361412
v 302.538116 -8.94383181 -150.675309
v 289.231003 -8.94383181 -153.422458
v 325.898628 -8.48597358 -112.244442
v 326.073978 -7.40464882 -111.299501
v 327.408586 -7.40464882 -111.143634
v 303.697375 -8.94383181 -150.441509
v 302.9083 -8.94383181 -151.805342
v 289.825244 -8.94383181 -154.386883
v 300.541075 -8.94383181 -137.153878
v 325.44077 -8.93409014 -114.543475
v 288.480895 -8.45674858 -154.747324
v 288.539345 -8.46649025 -156.003999
v 288.003553 -7.29749051 -156.150124
v 280.20048 -7.40464882 -190.752516
v 280.940846 -8.48597358 -190.109566
v 280.736271 -7.40464882 -191.979966
v 289.834986 -8.94383181 -155.711749
v 303.288225 -8.94383181 -152.925633
v 304.856633 -8.94383181 -150.197967
v 282.694346 -8.93409014 -188.589867
v 281.067488 -8.29114029 -191.395466
v 282.246229 -8.48597358 -190.879158
v 282.070879 -7.40464882 -191.833841
v 308.149315 -7.28774884 -167.742705
v 307.993449 -8.45674858 -167.226397
v 309.220898 -7.28774884 -167.177688
v 307.603782 -8.94383181 -165.969722
v 304.437741 -8.94383181 -152.682091
v 304.067558 -8.94383181 -151.5618
v 305.226816 -8.94383181 -151.328
v 308.714332 -8.94383181 -165.336514
v 309.084515 -8.45674858 -166.632155
v 310.272998 -8.45674858 -166.651638
v 310.428865 -7.28774884 -167.206913
v 347.905048 -7.44361547 -178.088352
v 305.596999 -8.94383181 -152.448292
v 346.97959 -8.50545691 -177.211603
v 349.142239 -7.44361547 -177.581786
v 309.87359 -8.94383181 -165.31703
v 344.81694 -8.93409014 -175.08792
v 318.884629 -8.94383181 -149.710884
v 318.319613 -8.94383181 -148.697751
v 320.238721 -8.45674858 -149.399151
v 347.73944 -8.49571524 -175.915961
v 348.411615 -8.31062362 -177.172636
v 348.957148 -7.44361547 -176.266661
v 320.803737 -7.28774884 -149.243284
v 320.170529 -7.28774884 -148.220409
v 319.634738 -8.45674858 -148.376276
v 319.595771 -8.45674858 -147.139084
v 320.121821 -7.29749051 -147.012443
v 327.944377 -7.40464882 -112.371084
v 318.319613 -8.94383181 -147.421593
v 327.204011 -8.48597358 -113.014034
v 327.067628 -8.29114029 -111.728134
v 287.964586 0.778349362 154.638198
v 287.964586 -7.28774884 154.64794
v 287.321637 -7.28774884 153.615324
v 288.013295 0.788091026 155.846165
v 288.013295 -7.28774884 155.855907
v 280.20048 0.895249336 190.477782
v 280.20048 -7.40464882 190.477782
v 287.321637 0.778349362 153.615324
v 247.760737 -7.4923238 116.879507
v 288.539345 1.9473491 155.719523
v 280.658338 0.963440987 191.763682
v 280.736271 -7.40464882 191.705232
v 247.098304 1.2069826 116.265782
v 247.595129 -7.50206546 115.564382
v 248.004279 0.934215994 115.807924
v 248.851803 -7.4923238 115.164974
v 249.085603 2.04476575 117.239948
v 287.886653 1.9473491 153.469199
v 280.940846 1.9765741 189.854316
v 281.837079 1.03163264 191.773424
v 282.070879 -7.40464882 191.559107
v 308.149315 0.778349362 167.467971
v 308.159057 -7.29749051 167.467971
v 282.090363 2.00579909 190.770032
v 280.999296 1.8109658 191.198665
v 309.220898 0.778349362 166.902954
v 309.220898 -7.28774884 166.902954
v 307.993449 1.9473491 166.951662
v 282.694346 2.42469066 188.315133
v 289.825244 2.43443233 155.437015
v 310.428865 0.778349362 166.932179
v 310.428865 -7.28774884 166.932179
v 347.905048 0.934215994 177.813618
v 347.905048 -7.44361547 177.813618
v 310.272998 1.9473491 166.376904
v 349.424748 1.03163264 177.677235
v 349.142239 -7.44361547 177.316793
v 309.084515 1.9473491 166.357421
v 308.714332 2.43443233 165.061779
v 307.603782 2.43443233 165.694988
v 303.288225 2.43443233 152.650899
v 346.999073 1.98631576 176.936868
v 349.327331 1.10956595 176.342627
v 348.957148 -7.44361547 175.991927
v 320.803737 0.778349362 148.978291
v 320.793996 -7.28774884 148.96855
v 348.002465 2.02528242 175.884769
v 348.664898 1.83044913 177.170668
v 309.87359 2.43443233 165.042296
v 304.437741 2.43443233 152.407357
v 320.170529 0.778349362 147.945675
v 320.170529 -7.28774884 147.945675
v 320.238721 1.9473491 149.124416
v 344.81694 2.42469066 174.813186
v 305.596999 2.43443233 152.173557
v 318.884629 2.43443233 149.43615
v 305.226816 2.43443233 151.053266
v 318.319613 2.43443233 148.423017
v 320.121821 0.788091026 146.737709
v 320.121821 -7.28774884 146.737709
v 319.634738 1.9473491 148.101542
v 319.595771 1.9473491 146.86435
v 327.944377 0.895249336 112.106091
v 327.944377 -7.40464882 112.106091
v 327.476778 0.963440987 110.81045
v 327.408586 -7.40464882 110.878642
v 327.204011 1.9765741 112.729558
v 318.319613 2.43443233 147.146858
v 304.856633 2.43443233 149.932974
v 326.307778 1.03163264 110.81045
v 326.073978 -7.40464882 111.024766
v 300.015025 0.778349362 135.076936
v 300.015025 -7.29749051 135.086678
v 326.054495 2.00579909 111.813841
v 327.135819 1.8109658 111.385208
v 325.450511 2.42469066 114.268741
v 298.933701 0.778349362 135.622469
v 298.923959 -7.28774884 135.622469
v 300.16115 1.9473491 135.612728
v 300.541075 2.43443233 136.888886
v 303.697375 2.43443233 150.166774
v 299.391559 2.43443233 137.541577
v 297.715993 0.778349362 135.486086
v 297.715993 -7.28774884 135.486086
v 299.040859 1.9473491 136.187486
v 297.852376 1.9473491 136.080328
v 248.851803 0.982924316 115.164974
v 250.215636 2.00579909 116.382682
v 298.261526 2.43443233 137.502611
v 248.71542 1.75251581 116.324232
v 253.469352 2.42469066 119.344148
v 302.538116 2.43443233 150.410316
v 289.250486 2.43443233 153.147724
v 302.9083 2.43443233 151.530607
v 289.815503 2.43443233 154.151115
v 304.067558 2.43443233 151.287066
v 288.51012 1.9473491 154.482332
v 299.956575 5.27899836 -139.043761
v 299.956575 -11.7883978 -139.043761
v 298.972667 -11.7883978 -138.965828
v 300.833325 5.28874002 -138.595645
v 300.833325 -11.7883978 -138.585903
v 321.631779 5.35693168 -119.385082
v 321.631779 -11.8760728 -119.385082
v 298.962926 5.27899836 -138.965828
v 254.501969 -11.9540061 -122.892081
v 300.950225 6.23368148 -139.024278
v 322.732587 5.41538166 -119.180507
v 322.722845 -11.8760728 -119.258441
v 253.693411 5.63943995 -122.599832
v 253.498577 -11.9637478 -123.272006
v 253.771344 5.44460666 -123.447356
v 253.703152 -11.9540061 -124.324106
v 255.300785 6.32135646 -123.710381
v 299.079826 6.23368148 -139.433428
v 321.495396 6.24342315 -120.154674
v 323.209929 5.47383165 -120.008549
v 323.151479 -11.8760728 -120.261832
v 316.916813 5.27899836 -147.898934
v 316.916813 -11.7981395 -147.898934
v 322.605945 6.27264814 -120.60279
v 322.469562 6.10703984 -119.657849
v 316.95578 5.27899836 -148.882842
v 316.95578 -11.7883978 -148.882842
v 316.48818 6.23368148 -148.006093
v 321.125212 6.60386473 -122.025073
v 301.2717 6.62334806 -140.047153
v 317.462346 5.27899836 -149.720625
v 317.472088 -11.7883978 -149.720625
v 339.936366 5.39589833 -171.278929
v 339.936366 -11.9052978 -171.278929
v 317.01423 6.23368148 -149.847267
v 340.462416 5.47383165 -172.408962
v 340.082491 -11.9052978 -172.360254
v 316.517405 6.23368148 -149.009484
v 315.445822 6.62334806 -149.272509
v 315.445822 6.62334806 -148.230151
v 304.710508 6.62334806 -150.45125
v 338.942717 6.25316481 -170.996421
v 339.478508 5.53228164 -172.876562
v 339.0791 -11.9052978 -172.759662
v 309.17219 5.27899836 -164.089581
v 309.17219 -11.7883978 -164.079839
v 338.6115 6.29213147 -172.136195
v 339.683083 6.12652317 -172.048521
v 315.90368 6.62334806 -150.10055
v 305.012499 6.62334806 -151.366967
v 308.188282 5.27899836 -164.060356
v 308.188282 -11.7883978 -164.060356
v 309.05529 6.23368148 -163.631722
v 336.556009 6.60386473 -170.324246
v 305.314491 6.62334806 -152.282683
v 308.724073 6.62334806 -162.540656
v 304.369549 6.62334806 -152.477517
v 307.779132 6.62334806 -162.560139
v 307.321274 5.27899836 -164.518214
v 307.321274 -11.7883978 -164.518214
v 308.081124 6.23368148 -163.612239
v 307.194632 6.23368148 -164.089581
v 286.503337 5.35693168 -183.738518
v 286.503337 -11.8760728 -183.738518
v 285.41227 5.41538166 -183.943093
v 285.422012 -11.8760728 -183.86516
v 286.649462 6.24342315 -182.968926
v 306.873157 6.62334806 -163.076448
v 303.43435 6.62334806 -152.67235
v 284.925187 5.47383165 -183.115051
v 284.983637 -11.8760728 -182.861768
v 291.218302 5.27899836 -155.253891
v 291.218302 -11.7981395 -155.253891
v 285.52917 6.27264814 -182.52081
v 285.675295 6.10703984 -183.465751
v 287.019645 6.60386473 -181.098527
v 291.159852 5.27899836 -154.269983
v 291.159852 -11.7883978 -154.269983
v 291.646936 6.23368148 -155.136991
v 292.699035 6.62334806 -154.893449
v 303.132358 6.62334806 -151.756633
v 292.699035 6.62334806 -153.812125
v 290.575352 5.27899836 -153.461425
v 290.575352 -11.7883978 -153.461425
v 291.598227 6.23368148 -154.114116
v 291.052694 6.23368148 -153.3153
v 253.703152 5.44460666 -124.324106
v 255.252077 6.26290647 -124.918348
v 292.211952 6.62334806 -153.032791
v 254.560419 6.06807318 -123.827281
v 259.002618 6.60386473 -126.330889
v 302.820625 6.62334806 -150.840917
v 299.411042 6.62334806 -140.563461
v 303.765566 6.62334806 -150.646084
v 300.346242 6.62334806 -140.573203
v 304.067558 6.62334806 -151.5618
v 300.04425 6.23368148 -139.491878
v 291.179336 5.27899836 153.975765
v 291.179336 -11.7883978 153.975765
v 290.653286 -11.7883978 153.137982
v 291.218302 5.28874002 154.949932
v 291.218302 -11.7883978 154.959673
v 284.983637 5.35693168 182.587034
v 284.983637 -11.8760728 182.587034
v 290.653286 5.27899836 153.137982
v 259.080551 -11.9442645 123.815572
v 291.656677 6.23368148 154.852515
v 285.363562 5.41538166 183.639134
v 285.422012 -11.8760728 183.590425
v 258.54476 5.61995662 123.318747
v 258.944168 -11.9442645 122.743989
v 259.285126 5.39589833 122.938822
v 259.976784 -11.9442645 122.422514
v 260.083943 6.3116148 124.078597
v 291.111144 6.23368148 153.01134
v 285.58762 6.24342315 182.080467
v 286.318245 5.47383165 183.639134
v 286.503337 -11.8760728 183.473525
v 307.321274 5.27899836 164.253221
v 307.321274 -11.7981395 164.24348
v 286.532562 6.27264814 182.820834
v 285.636329 6.10703984 183.171534
v 308.188282 5.27899836 163.785621
v 308.188282 -11.7883978 163.785621
v 307.194632 6.23368148 163.824588
v 287.019645 6.60386473 180.823793
v 292.699035 6.62334806 154.618715
v 309.17219 5.27899836 163.814846
v 309.17219 -11.7883978 163.814846
v 339.0791 5.39589833 172.494669
v 339.0791 -11.9052978 172.494669
v 309.05529 6.23368148 163.356988
v 340.316291 5.47383165 172.37777
v 340.082491 -11.9052978 172.08552
v 308.081124 6.23368148 163.347247
v 307.779132 6.62334806 162.285405
v 306.873157 6.62334806 162.801713
v 303.43435 6.62334806 152.397616
v 338.338733 6.25316481 171.773786
v 340.238358 5.53228164 171.296445
v 339.936366 -11.9052978 171.004195
v 317.472088 5.27899836 149.455633
v 317.462346 -11.7883978 149.445891
v 339.157033 6.29213147 170.91652
v 339.614892 6.12652317 171.890686
v 308.724073 6.62334806 162.275663
v 304.369549 6.62334806 152.202782
v 316.95578 5.27899836 148.608108
v 316.95578 -11.7883978 148.608108
v 317.01423 6.23368148 149.572533
v 336.556009 6.60386473 170.049512
v 305.314491 6.62334806 152.007949
v 315.90368 6.62334806 149.825816
v 305.012499 6.62334806 151.092233
v 315.445822 6.62334806 149.007516
v 316.916813 5.27899836 147.633942
v 316.916813 -11.7883978 147.6242
v 316.517405 6.23368148 148.73475
v 316.48818 6.23368148 147.731358
v 323.151479 5.35693168 119.987098
v 323.151479 -11.8760728 119.987098
v 322.781295 5.41538166 118.94474
v 322.722845 -11.8760728 118.993448
v 322.557237 6.24342315 120.503406
v 315.445822 6.62334806 147.965158
v 304.710508 6.62334806 150.186258
v 321.826612 5.47383165 118.934998
v 321.631779 -11.8760728 119.110348
v 300.843067 5.27899836 138.311169
v 300.843067 -11.7981395 138.311169
v 321.612296 6.27264814 119.753298
v 322.498787 6.10703984 119.402598
v 321.125212 6.60386473 121.750339
v 299.956575 5.27899836 138.749544
v 299.956575 -11.7883978 138.749544
v 300.959967 6.23368148 138.739802
v 301.2717 6.62334806 139.78216
v 303.765566 6.62334806 150.381091
v 300.326759 6.62334806 140.317952
v 298.972667 5.27899836 138.642385
v 298.972667 -11.7883978 138.642385
v 300.04425 6.23368148 139.217144
v 299.079826 6.23368148 139.129469
v 259.976784 5.43486499 122.422514
v 261.077592 6.26290647 123.416164
v 299.411042 6.62334806 140.278985
v 259.840401 6.06807318 123.357714
v 263.727325 6.60386473 125.822355
v 302.820625 6.62334806 150.575924
v 292.231435 6.62334806 152.758057
v 303.132358 6.62334806 151.481899
v 292.689294 6.62334806 153.566615
v 304.067558 6.62334806 151.287066
v 291.617711 6.23368148 153.839382
v 298.923959 0.778349362 -135.916687
v 298.923959 -7.28774884 -135.916687
v 297.715993 -7.28774884 -135.829012
v 300.005284 0.788091026 -135.371154
v 300.005284 -7.28774884 -135.361412
v 326.073978 0.895249336 -111.299501
v 326.073978 -7.40464882 -111.299501
v 297.715993 0.778349362 -135.829012
v 242.003413 -7.51180713 -115.68325
v 300.151409 1.9473491 -135.897204
v 327.418328 0.963440987 -111.046217
v 327.408586 -7.40464882 -111.143634
v 241.009763 1.24594926 -115.322808
v 240.766222 -7.51180713 -116.15085
v 241.10718 0.992665981 -116.365166
v 241.029247 -7.51180713 -117.436749
v 243.172413 2.02528242 -116.832766
v 297.852376 1.9473491 -136.40377
v 325.898628 1.9765741 -112.244442
v 328.012569 1.03163264 -112.069092
v 327.944377 -7.40464882 -112.371084
v 320.121821 0.778349362 -147.002701
v 320.121821 -7.29749051 -147.012443
v 327.272203 2.00579909 -112.789975
v 327.096853 1.8109658 -111.630717
v 320.170529 0.778349362 -148.210667
v 320.170529 -7.28774884 -148.220409
v 319.595771 1.9473491 -147.129343
v 325.44077 2.42469066 -114.543475
v 300.541075 2.43443233 -137.153878
v 320.793996 0.778349362 -149.243284
v 320.803737 -7.28774884 -149.243284
v 348.957148 0.934215994 -176.266661
v 348.957148 -7.44361547 -176.266661
v 320.238721 1.9473491 -149.389409
v 349.600098 1.03163264 -177.649978
v 349.142239 -7.44361547 -177.581786
v 319.634738 1.9473491 -148.366534
v 318.319613 2.43443233 -148.697751
v 318.319613 2.43443233 -147.421593
v 304.856633 2.43443233 -150.197967
v 347.73944 1.98631576 -175.915961
v 348.392131 1.10956595 -178.224736
v 347.905048 -7.44361547 -178.088352
v 310.428865 0.778349362 -167.206913
v 310.428865 -7.28774884 -167.206913
v 347.33029 2.02528242 -177.309019
v 348.781798 1.83044913 -177.240828
v 318.884629 2.43443233 -149.710884
v 305.226816 2.43443233 -151.328
v 309.220898 0.778349362 -167.177688
v 309.220898 -7.28774884 -167.177688
v 310.28274 1.9473491 -166.651638
v 344.81694 2.42469066 -175.08792
v 305.596999 2.43443233 -152.448292
v 309.87359 2.43443233 -165.31703
v 304.437741 2.43443233 -152.682091
v 308.714332 2.43443233 -165.336514
v 308.159057 0.788091026 -167.742705
v 308.149315 -7.28774884 -167.742705
v 309.084515 1.9473491 -166.632155
v 308.00319 1.9473491 -167.216655
v 282.070879 0.895249336 -191.833841
v 282.070879 -7.40464882 -191.833841
v 280.72653 0.963440987 -192.077383
v 280.736271 -7.40464882 -191.979966
v 282.246229 1.9765741 -190.879158
v 307.603782 2.43443233 -165.969722
v 303.288225 2.43443233 -152.925633
v 280.132288 1.03163264 -191.06425
v 280.20048 -7.40464882 -190.752516
v 288.003553 0.778349362 -156.150124
v 288.003553 -7.29749051 -156.150124
v 280.872655 2.00579909 -190.333625
v 281.048005 1.8109658 -191.492883
v 282.694346 2.42469066 -188.589867
v 287.935361 0.778349362 -154.942158
v 287.935361 -7.28774884 -154.942158
v 288.539345 1.9473491 -156.013741
v 289.834986 2.43443233 -155.711749
v 302.9083 2.43443233 -151.805342
v 289.825244 2.43443233 -154.386883
v 287.22422 0.778349362 -153.948508
v 287.22422 -7.28774884 -153.948508
v 288.480895 1.9473491 -154.757066
v 287.80872 1.9473491 -153.773158
v 241.029247 1.00240765 -117.436749
v 242.928871 2.00579909 -118.177116
v 289.231003 2.43443233 -153.422458
v 242.04238 1.78174081 -116.823024
v 247.526937 2.42469066 -119.911132
v 302.538116 2.43443233 -150.675309
v 298.261526 2.43443233 -137.787086
v 303.697375 2.43443233 -150.441509
v 299.4013 2.43443233 -137.80657
v 304.067558 2.43443233 -151.5618
v 299.040859 1.9473491 -136.471962
vt 0.256075131 0.550918746
vt 0.141629254 0.565466951
vt 0.256075131 0.565466951
vt 0.141629254 0.550918746
vt 0.256075131 0.535400661
vt 0.139689494 0.565466951
vt 0.141629254 0.535400661
vt 0.256075131 0.520852457
vt 0.139689494 0.550918746
vt 0.141629254 0.520852457
vt 0.256075131 0.506304252
vt 0.136779853 0.550918746
vt 0.136779853 0.565466951
vt 0.139689494 0.535400661
vt 0.141629254 0.506304252
vt 0.256075131 0.491756047
vt 0.133870212 0.550918746
vt 0.133870212 0.565466951
vt 0.131930451 0.565466951
vt 0.136779853 0.535400661
vt 0.139689494 0.520852457
vt 0.141629254 0.491756047
vt 0.256075131 0.477207842
vt 0.133870212 0.535400661
vt 0.131930451 0.550918746
vt 0.136779853 0.520852457
vt 0.139689494 0.506304252
vt 0.141629254 0.477207842
vt 0.256075131 0.462659638
vt 0.133870212 0.520852457
vt 0.136779853 0.506304252
vt 0.139689494 0.491756047
vt 0.141629254 0.462659638
vt 0.256075131 0.448111433
vt 0.131930451 0.535400661
vt 0.133870212 0.506304252
vt 0.136779853 0.491756047
vt 0.139689494 0.477207842
vt 0.141629254 0.448111433
vt 0.256075131 0.433563228
vt 0.131930451 0.520852457
vt 0.133870212 0.491756047
vt 0.136779853 0.477207842
vt 0.139689494 0.462659638
vt 0.141629254 0.433563228
vt 0.256075131 0.418045143
vt 0.131930451 0.506304252
vt 0.133870212 0.477207842
vt 0.136779853 0.462659638
vt 0.139689494 0.448111433
vt 0.141629254 0.418045143
vt 0.256075131 0.403496939
vt 0.131930451 0.491756047
vt 0.133870212 0.462659638
vt 0.136779853 0.448111433
vt 0.139689494 0.433563228
vt 0.131930451 0.477207842
vt 0.133870212 0.448111433
vt 0.136779853 0.433563228
vt 0.131930451 0.462659638
vt 0.133870212 0.433563228
vt 0.131930451 0.448111433
vt 0.139689494 0.418045143
vt 0.136779853 0.418045143
vt 0.133870212 0.418045143
vt 0.131930451 0.433563228
vt 0.141629254 0.403496939
vt 0.141629254 0.388948734
vt 0.139689494 0.388948734
vt 0.256075131 0.388948734
vt 0.256075131 0.374400529
vt 0.141629254 0.374400529
vt 0.256075131 0.359852325
vt 0.139689494 0.403496939
vt 0.136779853 0.403496939
vt 0.133870212 0.403496939
vt 0.141629254 0.359852325
vt 0.256075131 0.34530412
vt 0.139689494 0.374400529
vt 0.141629254 0.34530412
vt 0.256075131 0.330755915
vt 0.141629254 0.330755915
vt 0.139689494 0.359852325
vt 0.139689494 0.34530412
vt 0.139689494 0.330755915
vt 0.136779853 0.330755915
vt 0.136779853 0.34530412
vt 0.133870212 0.330755915
vt 0.136779853 0.359852325
vt 0.136779853 0.374400529
vt 0.133870212 0.34530412
vt 0.136779853 0.388948734
vt 0.133870212 0.359852325
vt 0.131930451 0.34530412
vt 0.131930451 0.330755915
vt 0.12902081 0.330755915
vt 0.133870212 0.388948734
vt 0.131930451 0.388948734
vt 0.133870212 0.374400529
vt 0.131930451 0.359852325
vt 0.12902081 0.34530412
vt 0.0989545206 0.330755915
vt 0.131930451 0.374400529
vt 0.12902081 0.359852325
vt 0.0989545206 0.34530412
vt 0.12902081 0.374400529
vt 0.0960448797 0.34530412
vt 0.0960448797 0.330755915
vt 0.0941051191 0.330755915
vt 0.0941051191 0.34530412
vt 0.0960448797 0.359852325
vt 0.0941051191 0.359852325
vt 0.0989545206 0.359852325
vt 0.0960448797 0.374400529
vt 0.0941051191 0.374400529
vt 0.0941051191 0.388948734
vt 0.0989545206 0.374400529
vt 0.12902081 0.388948734
vt 0.0989545206 0.388948734
vt 0.0960448797 0.388948734
vt 0.0960448797 0.403496939
vt 0.0941051191 0.403496939
vt 0.12902081 0.403496939
vt 0.0989545206 0.403496939
vt 0.0960448797 0.418045143
vt 0.0941051191 0.418045143
vt 0.0960448797 0.433563228
vt 0.0941051191 0.433563228
vt 0.0989545206 0.418045143
vt 0.0960448797 0.448111433
vt 0.0941051191 0.448111433
vt 0.131930451 0.403496939
vt 0.131930451 0.418045143
vt 0.12902081 0.418045143
vt 0.12902081 0.433563228
vt 0.0989545206 0.433563228
vt 0.12902081 0.448111433
vt 0.0989545206 0.448111433
vt 0.12902081 0.462659638
vt 0.0960448797 0.462659638
vt 0.0941051191 0.462659638
vt 0.12902081 0.477207842
vt 0.0989545206 0.462659638
vt 0.0960448797 0.477207842
vt 0.0941051191 0.477207842
vt 0.12902081 0.491756047
vt 0.0989545206 0.477207842
vt 0.0960448797 0.491756047
vt 0.0941051191 0.491756047
vt 0.12902081 0.506304252
vt 0.0989545206 0.491756047
vt 0.0960448797 0.506304252
vt 0.0941051191 0.506304252
vt 0.12902081 0.520852457
vt 0.0989545206 0.506304252
vt 0.0960448797 0.520852457
vt 0.0941051191 0.520852457
vt 0.12902081 0.535400661
vt 0.0989545206 0.520852457
vt 0.0960448797 0.535400661
vt 0.0941051191 0.535400661
vt 0.12902081 0.550918746
vt 0.12902081 0.565466951
vt 0.0989545206 0.535400661
vt 0.0960448797 0.550918746
vt 0.0941051191 0.550918746
vt 0.0989545206 0.550918746
vt 0.0989545206 0.565466951
vt 0.0960448797 0.565466951
vt 0.0941051191 0.565466951
vt 0.167816023 0.0320327791
vt 0.169755783 0.0252436169
vt 0.169755783 0.0174845744
vt 0.165876262 0.0106954122
vt 0.162966621 0.0378520609
vt 0.161026861 0.00584601062
vt 0.156177459 0.0407617019
vt 0.154237698 0.00390625
vt 0.148418417 0.0407617019
vt 0.146478656 0.00390625
vt 0.141629254 0.0388219412
vt 0.139689494 0.00778577125
vt 0.136779853 0.0339725397
vt 0.134840092 0.0126351728
vt 0.132900332 0.0271833775
vt 0.132900332 0.019424335
vt 0.629479052 0.457810236
vt 0.692521272 0.518912696
vt 0.639177855 0.450051194
vt 0.681852588 0.523762097
vt 0.618810368 0.465569279
vt 0.692521272 0.520852457
vt 0.671183905 0.53055126
vt 0.609111565 0.473328321
vt 0.681852588 0.525701858
vt 0.662454982 0.536370542
vt 0.599412762 0.482057244
vt 0.682822469 0.527641619
vt 0.693491152 0.522792217
vt 0.672153785 0.53152114
vt 0.652756179 0.543159704
vt 0.588744078 0.490786167
vt 0.683792349 0.529581379
vt 0.693491152 0.525701858
vt 0.693491152 0.527641619
vt 0.673123666 0.533460901
vt 0.663424862 0.538310302
vt 0.644027256 0.549948866
vt 0.579045275 0.49951509
vt 0.674093546 0.535400661
vt 0.684762229 0.53152114
vt 0.664394743 0.539280182
vt 0.653726059 0.545099464
vt 0.636268214 0.557707908
vt 0.570316352 0.509213893
vt 0.665364623 0.541219943
vt 0.65469594 0.546069345
vt 0.645967017 0.551888627
vt 0.628509171 0.565466951
vt 0.560617549 0.518912696
vt 0.675063426 0.536370542
vt 0.6566357 0.548009105
vt 0.646936897 0.552858507
vt 0.637238094 0.558677789
vt 0.620750129 0.573225993
vt 0.551888627 0.528611499
vt 0.647906777 0.554798267
vt 0.657605581 0.548978986
vt 0.638207974 0.560617549
vt 0.629479052 0.566436831
vt 0.612991086 0.580985036
vt 0.544129584 0.538310302
vt 0.640147735 0.56158743
vt 0.630448932 0.567406712
vt 0.621720009 0.574195874
vt 0.606201924 0.589713959
vt 0.535400661 0.548978986
vt 0.648876658 0.555768148
vt 0.632388692 0.569346472
vt 0.622689889 0.576135634
vt 0.613960967 0.582924797
vt 0.641117615 0.56352719
vt 0.62462965 0.577105515
vt 0.615900727 0.583894677
vt 0.633358573 0.570316352
vt 0.616870607 0.584864557
vt 0.62559953 0.578075395
vt 0.607171804 0.590683839
vt 0.609111565 0.5926236
vt 0.610081445 0.59359348
vt 0.618810368 0.585834437
vt 0.599412762 0.598442882
vt 0.5926236 0.608141685
vt 0.59456336 0.609111565
vt 0.527641619 0.559647669
vt 0.520852457 0.570316352
vt 0.586804318 0.617840488
vt 0.513093414 0.580985036
vt 0.600382642 0.600382642
vt 0.602322403 0.601352522
vt 0.604262163 0.602322403
vt 0.580985036 0.627539291
vt 0.506304252 0.591653719
vt 0.588744078 0.618810368
vt 0.576135634 0.638207974
vt 0.50048497 0.602322403
vt 0.571286233 0.648876658
vt 0.582924797 0.628509171
vt 0.578075395 0.638207974
vt 0.573225993 0.649846538
vt 0.576135634 0.649846538
vt 0.580015156 0.639177855
vt 0.578075395 0.649846538
vt 0.584864557 0.629479052
vt 0.589713959 0.619780248
vt 0.581954916 0.640147735
vt 0.596503121 0.610081445
vt 0.586804318 0.629479052
vt 0.583894677 0.640147735
vt 0.580015156 0.649846538
vt 0.581954916 0.650816418
vt 0.597473001 0.611051326
vt 0.599412762 0.612021206
vt 0.591653719 0.620750129
vt 0.587774198 0.630448932
vt 0.585834437 0.641117615
vt 0.604262163 0.657605581
vt 0.59359348 0.620750129
vt 0.589713959 0.631418812
vt 0.606201924 0.648876658
vt 0.595533241 0.621720009
vt 0.608141685 0.648876658
vt 0.606201924 0.657605581
vt 0.608141685 0.657605581
vt 0.610081445 0.649846538
vt 0.612021206 0.641117615
vt 0.613960967 0.641117615
vt 0.610081445 0.640147735
vt 0.615900727 0.632388692
vt 0.617840488 0.633358573
vt 0.613960967 0.631418812
vt 0.620750129 0.62462965
vt 0.622689889 0.62559953
vt 0.600382642 0.612991086
vt 0.62559953 0.616870607
vt 0.627539291 0.617840488
vt 0.618810368 0.62365977
vt 0.607171804 0.604262163
vt 0.631418812 0.610081445
vt 0.633358573 0.611051326
vt 0.62462965 0.615900727
vt 0.638207974 0.602322403
vt 0.639177855 0.603292283
vt 0.630448932 0.608141685
vt 0.644027256 0.595533241
vt 0.644997137 0.596503121
vt 0.605232044 0.603292283
vt 0.612021206 0.59456336
vt 0.612991086 0.595533241
vt 0.619780248 0.587774198
vt 0.636268214 0.601352522
vt 0.627539291 0.579045275
vt 0.643057376 0.59359348
vt 0.634328453 0.572256113
vt 0.650816418 0.588744078
vt 0.651786299 0.589713959
vt 0.642087496 0.564497071
vt 0.649846538 0.586804318
vt 0.657605581 0.581954916
vt 0.658575461 0.582924797
vt 0.649846538 0.557707908
vt 0.6566357 0.580985036
vt 0.664394743 0.576135634
vt 0.665364623 0.577105515
vt 0.663424862 0.574195874
vt 0.672153785 0.570316352
vt 0.673123666 0.571286233
vt 0.658575461 0.550918746
vt 0.678942947 0.564497071
vt 0.679912828 0.566436831
vt 0.68767187 0.56158743
vt 0.670214025 0.568376592
vt 0.666334503 0.543159704
vt 0.667304384 0.544129584
vt 0.677973067 0.56255731
vt 0.676033307 0.538310302
vt 0.68573211 0.557707908
vt 0.684762229 0.533460901
vt 0.694461032 0.529581379
vt 0.694461032 0.553828387
vt 0.703189955 0.549948866
vt 0.703189955 0.551888627
vt 0.68670199 0.559647669
vt 0.694461032 0.555768148
vt 0.695430913 0.556738028
vt 0.704159836 0.553828387
vt 0.194972672 0.00390625
vt 0.188183509 0.00681589094
vt 0.182364227 0.0116652925
vt 0.179454587 0.0184544547
vt 0.201761834 0.00390625
vt 0.179454587 0.0252436169
vt 0.208550996 0.00681589094
vt 0.182364227 0.0320327791
vt 0.214370278 0.0126351728
vt 0.187213629 0.0378520609
vt 0.216310038 0.019424335
vt 0.194002791 0.0407617019
vt 0.216310038 0.0262134972
vt 0.201761834 0.0407617019
vt 0.213400397 0.0330026594
vt 0.208550996 0.0378520609
vt 0.461689757 0.0611291884
vt 0.490786167 0.0436713428
vt 0.460719877 0.0601593081
vt 0.459749997 0.0620990687
vt 0.491756047 0.0446412231
vt 0.538310302 0.0242737366
vt 0.538310302 0.0252436169
vt 0.586804318 0.0116652925
vt 0.586804318 0.0136050531
vt 0.637238094 0.00681589094
vt 0.637238094 0.00875565156
vt 0.68767187 0.00972553187
vt 0.68767187 0.0106954122
vt 0.737135766 0.019424335
vt 0.737135766 0.0203942153
vt 0.784659901 0.0359123003
vt 0.784659901 0.0368821806
vt 0.829274396 0.0591894278
vt 0.828304516 0.0601593081
vt 0.870009369 0.0892557175
vt 0.869039489 0.0902255978
vt 0.906864821 0.124171409
vt 0.905894941 0.125141289
vt 0.936931111 0.163936502
vt 0.93596123 0.164906382
vt 0.962147999 0.208550996
vt 0.960208238 0.208550996
vt 0.979605844 0.255105251
vt 0.978635964 0.256075131
vt 0.990274528 0.304569147
vt 0.989304647 0.304569147
vt 0.994154049 0.355002923
vt 0.992214288 0.355002923
vt 0.990274528 0.405436699
vt 0.989304647 0.405436699
vt 0.979605844 0.454900595
vt 0.977666084 0.453930715
vt 0.961178118 0.50145485
vt 0.960208238 0.50145485
vt 0.936931111 0.546069345
vt 0.93499135 0.545099464
vt 0.905894941 0.585834437
vt 0.90492506 0.584864557
vt 0.869039489 0.620750129
vt 0.869039489 0.619780248
vt 0.828304516 0.649846538
vt 0.827334635 0.648876658
vt 0.783690021 0.673123666
vt 0.782720141 0.672153785
vt 0.736165886 0.689611631
vt 0.735196006 0.688641751
vt 0.68670199 0.699310434
vt 0.68573211 0.698340554
vt 0.636268214 0.701250195
vt 0.636268214 0.700280314
vt 0.585834437 0.696400793
vt 0.585834437 0.694461032
vt 0.536370542 0.683792349
vt 0.537340422 0.681852588
vt 0.489816287 0.664394743
vt 0.490786167 0.663424862
vt 0.461689757 0.647906777
vt 0.462659638 0.646936897
vt 0.460719877 0.645967017
vt 0.782720141 0.671183905
vt 0.735196006 0.68767187
vt 0.68573211 0.696400793
vt 0.636268214 0.698340554
vt 0.585834437 0.693491152
vt 0.537340422 0.680882708
vt 0.491756047 0.661485102
vt 0.827334635 0.647906777
vt 0.868069608 0.618810368
vt 0.90395518 0.583894677
vt 0.93402147 0.544129584
vt 0.959238358 0.50048497
vt 0.976696203 0.453930715
vt 0.987364887 0.405436699
vt 0.991244408 0.355002923
vt 0.987364887 0.305539027
vt 0.976696203 0.256075131
vt 0.959238358 0.209520876
vt 0.93499135 0.165876262
vt 0.90395518 0.126111169
vt 0.869039489 0.0911954781
vt 0.828304516 0.0611291884
vt 0.783690021 0.0378520609
vt 0.736165886 0.0213640956
vt 0.68767187 0.0126351728
vt 0.637238094 0.00972553187
vt 0.587774198 0.0145749334
vt 0.538310302 0.0271833775
vt 0.492725927 0.0456111034
vt 0.462659638 0.0620990687
vt 0.731316484 0.0397918216
vt 0.684762229 0.0300930184
vt 0.637238094 0.0281532578
vt 0.589713959 0.0330026594
vt 0.544129584 0.0436713428
vt 0.50048497 0.0620990687
vt 0.474298202 0.0756773931
vt 0.461689757 0.0630689491
vt 0.460719877 0.0620990687
vt 0.459749997 0.0640388294
vt 0.473328321 0.0766472734
vt 0.472358441 0.0776171537
vt 0.474298202 0.0785870341
vt 0.475268082 0.0766472734
vt 0.474298202 0.0776171537
vt 0.476237962 0.0785870341
vt 0.50145485 0.0630689491
vt 0.50145485 0.0650087097
vt 0.545099464 0.0456111034
vt 0.545099464 0.0475508641
vt 0.590683839 0.0339725397
vt 0.590683839 0.0359123003
vt 0.637238094 0.0300930184
vt 0.637238094 0.0310628987
vt 0.684762229 0.0320327791
vt 0.683792349 0.0330026594
vt 0.730346604 0.0407617019
vt 0.730346604 0.0427014625
vt 0.775930979 0.0553099066
vt 0.774961098 0.0562797869
vt 0.774961098 0.0582195475
vt 0.817635832 0.0766472734
vt 0.816665952 0.0785870341
vt 0.815696071 0.0795569144
vt 0.856431045 0.104773802
vt 0.855461164 0.105743683
vt 0.854491284 0.107683443
vt 0.890376856 0.137749733
vt 0.888437095 0.138719613
vt 0.887467215 0.139689494
vt 0.918503385 0.175575065
vt 0.917533504 0.176544946
vt 0.916563624 0.177514826
vt 0.941780512 0.217279919
vt 0.940810632 0.218249799
vt 0.938870871 0.218249799
vt 0.958268477 0.261894413
vt 0.957298597 0.261894413
vt 0.955358836 0.261894413
vt 0.968937161 0.307478788
vt 0.9669974 0.307478788
vt 0.96602752 0.308448668
vt 0.971846802 0.355002923
vt 0.970876921 0.355002923
vt 0.968937161 0.355002923
vt 0.968937161 0.402527058
vt 0.9669974 0.402527058
vt 0.96602752 0.401557178
vt 0.958268477 0.448111433
vt 0.957298597 0.448111433
vt 0.955358836 0.448111433
vt 0.941780512 0.492725927
vt 0.939840751 0.491756047
vt 0.938870871 0.491756047
vt 0.918503385 0.534430781
vt 0.916563624 0.533460901
vt 0.915593744 0.53249102
vt 0.889406975 0.571286233
vt 0.888437095 0.570316352
vt 0.887467215 0.569346472
vt 0.855461164 0.604262163
vt 0.854491284 0.603292283
vt 0.853521404 0.602322403
vt 0.816665952 0.632388692
vt 0.815696071 0.631418812
vt 0.815696071 0.629479052
vt 0.774961098 0.653726059
vt 0.773991218 0.652756179
vt 0.773991218 0.650816418
vt 0.730346604 0.669244144
vt 0.729376724 0.668274264
vt 0.729376724 0.666334503
vt 0.683792349 0.677973067
vt 0.682822469 0.677003187
vt 0.682822469 0.675063426
vt 0.636268214 0.680882708
vt 0.636268214 0.678942947
vt 0.636268214 0.677003187
vt 0.588744078 0.675063426
vt 0.589713959 0.674093546
vt 0.589713959 0.672153785
vt 0.543159704 0.663424862
vt 0.543159704 0.662454982
vt 0.544129584 0.660515222
vt 0.49951509 0.645967017
vt 0.50048497 0.644027256
vt 0.50048497 0.643057376
vt 0.463629518 0.645967017
vt 0.477207842 0.632388692
vt 0.478177723 0.630448932
vt 0.476237962 0.630448932
vt 0.477207842 0.633358573
vt 0.475268082 0.632388692
vt 0.476237962 0.631418812
vt 0.474298202 0.631418812
vt 0.462659638 0.644997137
vt 0.460719877 0.644997137
vt 0.461689757 0.645967017
vt 0.402527058 0.326876394
vt 0.37537041 0.481087364
vt 0.379249931 0.483027124
vt 0.374400529 0.483027124
vt 0.405436699 0.332695676
vt 0.40737646 0.324936633
vt 0.40737646 0.328816155
vt 0.409316221 0.332695676
vt 0.411255981 0.326876394
vt 0.441322271 0.477207842
vt 0.43841263 0.479147603
vt 0.442292151 0.480117483
vt 0.40737646 0.34530412
vt 0.382159572 0.485936765
vt 0.37731017 0.485936765
vt 0.380219811 0.488846406
vt 0.374400529 0.487876526
vt 0.371490888 0.484966885
vt 0.410286101 0.514063294
vt 0.434533109 0.483027124
vt 0.280322139 0.524731978
vt 0.276442618 0.521822337
vt 0.274502857 0.526671738
vt 0.40737646 0.516972935
vt 0.412225862 0.516972935
vt 0.436472869 0.485936765
vt 0.37731017 0.490786167
vt 0.287111301 0.526671738
vt 0.43938251 0.482057244
vt 0.443262032 0.484966885
vt 0.445201792 0.481087364
vt 0.544129584 0.509213893
vt 0.540250063 0.511153653
vt 0.546069345 0.513093414
vt 0.440352391 0.487876526
vt 0.415135502 0.518912696
vt 0.405436699 0.519882576
vt 0.533460901 0.514063294
vt 0.543159704 0.513093414
vt 0.540250063 0.516003055
vt 0.544129584 0.517942816
vt 0.448111433 0.553828387
vt 0.446171672 0.550918746
vt 0.446171672 0.555768148
vt 0.443262032 0.548009105
vt 0.412225862 0.521822337
vt 0.410286101 0.519882576
vt 0.40834634 0.521822337
vt 0.440352391 0.549948866
vt 0.443262032 0.552858507
vt 0.441322271 0.555768148
vt 0.445201792 0.557707908
vt 0.421924665 0.668274264
vt 0.410286101 0.524731978
vt 0.419984904 0.664394743
vt 0.418045143 0.671183905
vt 0.43841263 0.552858507
vt 0.417075263 0.65566582
vt 0.386039093 0.555768148
vt 0.384099332 0.552858507
vt 0.383129452 0.558677789
vt 0.415135502 0.664394743
vt 0.418045143 0.668274264
vt 0.413195742 0.669244144
vt 0.379249931 0.56158743
vt 0.378280051 0.558677789
vt 0.381189692 0.555768148
vt 0.37731017 0.554798267
vt 0.37537041 0.557707908
vt 0.276442618 0.53152114
vt 0.380219811 0.550918746
vt 0.280322139 0.528611499
vt 0.277412498 0.526671738
vt 0.464599398 0.0330026594
vt 0.472358441 0.0397918216
vt 0.473328321 0.0378520609
vt 0.441322271 0.0485207444
vt 0.466539159 0.0320327791
vt 0.474298202 0.0359123003
vt 0.43841263 0.0378520609
vt 0.394768016 0.0572496672
vt 0.464599398 0.0310628987
vt 0.391858375 0.0465809837
vt 0.350153522 0.0708279916
vt 0.43841263 0.0368821806
vt 0.346274 0.0601593081
vt 0.307478788 0.0882858372
vt 0.391858375 0.0456111034
vt 0.302629386 0.0785870341
vt 0.266743815 0.110593084
vt 0.346274 0.0591894278
vt 0.260924533 0.101864162
vt 0.227948602 0.136779853
vt 0.301659506 0.0776171537
vt 0.22115944 0.12805093
vt 0.192063031 0.166846142
vt 0.259954652 0.0999244009
vt 0.185273868 0.1590871
vt 0.16005698 0.200791953
vt 0.22018956 0.12708105
vt 0.152297938 0.194002791
vt 0.131930451 0.237647405
vt 0.184303988 0.15811722
vt 0.123201528 0.230858243
vt 0.106713563 0.276442618
vt 0.151328057 0.193032911
vt 0.0979846403 0.271593216
vt 0.0863460766 0.318147471
vt 0.121261768 0.229888363
vt 0.0766472734 0.31426795
vt 0.0698581112 0.361792085
vt 0.0960448797 0.270623336
vt 0.0601593081 0.358882444
vt 0.0582195475 0.40737646
vt 0.0747075128 0.31329807
vt 0.0475508641 0.404466819
vt 0.0514303853 0.452960835
vt 0.0582195475 0.357912564
vt 0.0407617019 0.451990954
vt 0.0485207444 0.49951509
vt 0.0465809837 0.404466819
vt 0.0378520609 0.49951509
vt 0.0514303853 0.546069345
vt 0.0388219412 0.451990954
vt 0.0407617019 0.547039225
vt 0.0582195475 0.591653719
vt 0.0368821806 0.49951509
vt 0.0485207444 0.59456336
vt 0.0708279916 0.637238094
vt 0.0388219412 0.547039225
vt 0.0601593081 0.640147735
vt 0.0863460766 0.680882708
vt 0.0465809837 0.59456336
vt 0.0766472734 0.684762229
vt 0.107683443 0.722587562
vt 0.0582195475 0.641117615
vt 0.0979846403 0.727436963
vt 0.131930451 0.761382774
vt 0.0756773931 0.68573211
vt 0.123201528 0.768171936
vt 0.161026861 0.798238226
vt 0.09701476 0.728406843
vt 0.152297938 0.805027388
vt 0.193032911 0.832184037
vt 0.122231648 0.769141816
vt 0.186243749 0.839943079
vt 0.228918482 0.862250326
vt 0.151328057 0.806967149
vt 0.22212932 0.870979249
vt 0.266743815 0.888437095
vt 0.184303988 0.84091296
vt 0.260924533 0.897166018
vt 0.307478788 0.910744342
vt 0.22115944 0.87194913
vt 0.302629386 0.920443145
vt 0.350153522 0.929172068
vt 0.260924533 0.899105778
vt 0.347243881 0.938870871
vt 0.394768016 0.941780512
vt 0.302629386 0.921413026
vt 0.392828255 0.952449196
vt 0.442292151 0.951479315
vt 0.346274 0.940810632
vt 0.43938251 0.962147999
vt 0.47041868 0.961178118
vt 0.391858375 0.954388956
vt 0.22018956 0.87291901
vt 0.259954652 0.900075659
vt 0.301659506 0.923352786
vt 0.346274 0.941780512
vt 0.183334108 0.84188284
vt 0.150358177 0.807937029
vt 0.121261768 0.770111697
vt 0.0950749994 0.729376724
vt 0.0737376325 0.68670199
vt 0.0572496672 0.641117615
vt 0.0446412231 0.59456336
vt 0.0378520609 0.547039225
vt 0.03494242 0.49951509
vt 0.0378520609 0.451990954
vt 0.0446412231 0.404466819
vt 0.0572496672 0.357912564
vt 0.0737376325 0.31329807
vt 0.0950749994 0.269653456
vt 0.120291887 0.228918482
vt 0.149388297 0.19109315
vt 0.183334108 0.157147339
vt 0.219219679 0.126111169
vt 0.258984772 0.0989545206
vt 0.301659506 0.0756773931
vt 0.34530412 0.0572496672
vt 0.391858375 0.0436713428
vt 0.43841263 0.03494242
vt 0.463629518 0.0300930184
vt 0.207581116 0.111562965
vt 0.249285969 0.0834364356
vt 0.292930583 0.0601593081
vt 0.339484838 0.0407617019
vt 0.387008973 0.0262134972
vt 0.435502989 0.0165146941
vt 0.466539159 0.0155448137
vt 0.465569279 0.0300930184
vt 0.465569279 0.0310628987
vt 0.466539159 0.0300930184
vt 0.467509039 0.0155448137
vt 0.46847892 0.0155448137
vt 0.476237962 0.0106954122
vt 0.475268082 0.00875565156
vt 0.46847892 0.0145749334
vt 0.473328321 0.00681589094
vt 0.466539159 0.0145749334
vt 0.467509039 0.0145749334
vt 0.467509039 0.0136050531
vt 0.434533109 0.00390625
vt 0.435502989 0.0145749334
vt 0.435502989 0.0136050531
vt 0.384099332 0.0145749334
vt 0.386039093 0.0242737366
vt 0.386039093 0.0233038562
vt 0.334635437 0.0291231381
vt 0.338514958 0.0388219412
vt 0.338514958 0.0378520609
vt 0.288081182 0.0485207444
vt 0.291960703 0.0582195475
vt 0.291960703 0.0572496672
vt 0.242496807 0.0727677522
vt 0.248316089 0.0824665553
vt 0.247346208 0.081496675
vt 0.200791953 0.101864162
vt 0.207581116 0.110593084
vt 0.206611235 0.109623204
vt 0.161996741 0.134840092
vt 0.169755783 0.143569015
vt 0.167816023 0.141629254
vt 0.126111169 0.171695544
vt 0.168785903 0.142599135
vt 0.135809972 0.179454587
vt 0.132900332 0.177514826
vt 0.0950749994 0.212430517
vt 0.133870212 0.178484706
vt 0.104773802 0.219219679
vt 0.102834042 0.217279919
vt 0.0679183506 0.255105251
vt 0.103803922 0.218249799
vt 0.0785870341 0.260924533
vt 0.0756773931 0.259954652
vt 0.0446412231 0.300689626
vt 0.0766472734 0.260924533
vt 0.0562797869 0.305539027
vt 0.0533701459 0.304569147
vt 0.0271833775 0.349183641
vt 0.0543400262 0.305539027
vt 0.0388219412 0.352093282
vt 0.0359123003 0.352093282
vt 0.0145749334 0.398647537
vt 0.0368821806 0.352093282
vt 0.0262134972 0.400587298
vt 0.0233038562 0.400587298
vt 0.00681589094 0.449081313
vt 0.0242737366 0.400587298
vt 0.0184544547 0.450051194
vt 0.0155448137 0.450051194
vt 0.00390625 0.49951509
vt 0.0174845744 0.450051194
vt 0.0165146941 0.49951509
vt 0.0136050531 0.49951509
vt 0.00681589094 0.550918746
vt 0.0145749334 0.49951509
vt 0.0184544547 0.548978986
vt 0.0155448137 0.549948866
vt 0.0145749334 0.601352522
vt 0.0174845744 0.549948866
vt 0.0262134972 0.598442882
vt 0.0233038562 0.599412762
vt 0.0271833775 0.650816418
vt 0.0252436169 0.598442882
vt 0.0388219412 0.646936897
vt 0.0359123003 0.647906777
vt 0.0456111034 0.698340554
vt 0.0378520609 0.646936897
vt 0.0562797869 0.693491152
vt 0.0543400262 0.694461032
vt 0.0679183506 0.743924928
vt 0.0553099066 0.694461032
vt 0.0785870341 0.738105647
vt 0.0766472734 0.739075527
vt 0.0950749994 0.787569542
vt 0.0776171537 0.739075527
vt 0.104773802 0.7798105
vt 0.102834042 0.781750261
vt 0.12708105 0.827334635
vt 0.103803922 0.78078038
vt 0.135809972 0.819575593
vt 0.133870212 0.821515353
vt 0.161996741 0.864190087
vt 0.134840092 0.820545473
vt 0.170725664 0.855461164
vt 0.168785903 0.857400925
vt 0.200791953 0.897166018
vt 0.169755783 0.856431045
vt 0.208550996 0.887467215
vt 0.206611235 0.889406975
vt 0.243466687 0.926262427
vt 0.207581116 0.888437095
vt 0.249285969 0.915593744
vt 0.248316089 0.918503385
vt 0.288081182 0.950509435
vt 0.249285969 0.916563624
vt 0.293900463 0.939840751
vt 0.291960703 0.941780512
vt 0.335605317 0.969907041
vt 0.292930583 0.940810632
vt 0.339484838 0.959238358
vt 0.338514958 0.961178118
vt 0.384099332 0.985425126
vt 0.338514958 0.960208238
vt 0.391858375 0.955358836
vt 0.386039093 0.975726323
vt 0.434533109 0.99609381
vt 0.387008973 0.974756443
vt 0.387008973 0.973786562
vt 0.43841263 0.963117879
vt 0.435502989 0.986395006
vt 0.47041868 0.992214288
vt 0.435502989 0.985425126
vt 0.43841263 0.96505764
vt 0.435502989 0.983485366
vt 0.463629518 0.967967281
vt 0.464599398 0.986395006
vt 0.471388561 0.991244408
vt 0.463629518 0.985425126
vt 0.465569279 0.986395006
vt 0.473328321 0.989304647
vt 0.462659638 0.968937161
vt 0.464599398 0.968937161
vt 0.471388561 0.963117879
vt 0.463629518 0.984455246
vt 0.462659638 0.969907041
vt 0.464599398 0.984455246
vt 0.464599398 0.985425126
vt 0.463629518 0.969907041
vt 0.465569279 0.984455246
vt 0.472358441 0.96505764
vt 0.465569279 0.969907041
vt 0.463629518 0.968937161
vt 0.240557046 0.143569015
vt 0.226978722 0.227948602
vt 0.227948602 0.228918482
vt 0.226008842 0.228918482
vt 0.241526927 0.147448536
vt 0.242496807 0.142599135
vt 0.242496807 0.144538895
vt 0.243466687 0.147448536
vt 0.245406448 0.143569015
vt 0.258984772 0.226978722
vt 0.258014892 0.227948602
vt 0.259954652 0.227948602
vt 0.242496807 0.154237698
vt 0.229888363 0.229888363
vt 0.226978722 0.229888363
vt 0.228918482 0.231828123
vt 0.226008842 0.230858243
vt 0.225038961 0.229888363
vt 0.243466687 0.244436567
vt 0.256075131 0.229888363
vt 0.178484706 0.247346208
vt 0.176544946 0.246376328
vt 0.175575065 0.249285969
vt 0.242496807 0.246376328
vt 0.244436567 0.246376328
vt 0.257045012 0.230858243
vt 0.226978722 0.232798004
vt 0.182364227 0.248316089
vt 0.258984772 0.229888363
vt 0.259954652 0.230858243
vt 0.260924533 0.228918482
vt 0.309418548 0.244436567
vt 0.307478788 0.245406448
vt 0.310388429 0.246376328
vt 0.258984772 0.231828123
vt 0.245406448 0.247346208
vt 0.240557046 0.247346208
vt 0.304569147 0.246376328
vt 0.309418548 0.246376328
vt 0.307478788 0.248316089
vt 0.309418548 0.249285969
vt 0.261894413 0.264804054
vt 0.260924533 0.263834174
vt 0.260924533 0.265773934
vt 0.258984772 0.261894413
vt 0.244436567 0.248316089
vt 0.243466687 0.247346208
vt 0.242496807 0.248316089
vt 0.257045012 0.262864293
vt 0.258984772 0.264804054
vt 0.258014892 0.265773934
vt 0.259954652 0.267713695
vt 0.246376328 0.322026992
vt 0.243466687 0.250255849
vt 0.245406448 0.319117352
vt 0.244436567 0.322996873
vt 0.257045012 0.264804054
vt 0.244436567 0.31523783
vt 0.230858243 0.264804054
vt 0.229888363 0.263834174
vt 0.228918482 0.266743815
vt 0.243466687 0.319117352
vt 0.244436567 0.321057112
vt 0.242496807 0.322026992
vt 0.226978722 0.267713695
vt 0.226978722 0.266743815
vt 0.227948602 0.264804054
vt 0.226978722 0.263834174
vt 0.225038961 0.265773934
vt 0.176544946 0.25122573
vt 0.227948602 0.262864293
vt 0.178484706 0.250255849
vt 0.177514826 0.249285969
vt 0.484966885 0.677973067
vt 0.459749997 0.818605712
vt 0.462659638 0.820545473
vt 0.458780117 0.821515353
vt 0.486906646 0.683792349
vt 0.488846406 0.676033307
vt 0.488846406 0.678942947
vt 0.490786167 0.683792349
vt 0.492725927 0.677973067
vt 0.519882576 0.815696071
vt 0.516972935 0.817635832
vt 0.521822337 0.817635832
vt 0.488846406 0.695430913
vt 0.465569279 0.823455114
vt 0.461689757 0.823455114
vt 0.464599398 0.826364755
vt 0.458780117 0.825394875
vt 0.456840356 0.822485234
vt 0.491756047 0.849641882
vt 0.514063294 0.820545473
vt 0.372460769 0.858370805
vt 0.368581247 0.856431045
vt 0.367611367 0.861280446
vt 0.489816287 0.851581643
vt 0.493695808 0.851581643
vt 0.516003055 0.823455114
vt 0.461689757 0.828304516
vt 0.378280051 0.860310566
vt 0.518912696 0.820545473
vt 0.521822337 0.822485234
vt 0.523762097 0.819575593
vt 0.613960967 0.843822601
vt 0.611051326 0.846732241
vt 0.615900727 0.848672002
vt 0.518912696 0.825394875
vt 0.495635568 0.853521404
vt 0.487876526 0.854491284
vt 0.605232044 0.848672002
vt 0.613960967 0.848672002
vt 0.611051326 0.850611763
vt 0.614930847 0.852551523
vt 0.526671738 0.885527454
vt 0.524731978 0.882617813
vt 0.524731978 0.887467215
vt 0.521822337 0.879708172
vt 0.493695808 0.856431045
vt 0.491756047 0.854491284
vt 0.489816287 0.856431045
vt 0.518912696 0.881647933
vt 0.521822337 0.884557574
vt 0.520852457 0.887467215
vt 0.523762097 0.889406975
vt 0.502424731 0.991244408
vt 0.491756047 0.859340686
vt 0.50048497 0.986395006
vt 0.498545209 0.993184169
vt 0.517942816 0.884557574
vt 0.497575329 0.978635964
vt 0.4694488 0.887467215
vt 0.467509039 0.884557574
vt 0.466539159 0.890376856
vt 0.496605449 0.987364887
vt 0.498545209 0.990274528
vt 0.494665688 0.991244408
vt 0.463629518 0.892316616
vt 0.462659638 0.890376856
vt 0.464599398 0.887467215
vt 0.461689757 0.886497334
vt 0.459749997 0.889406975
vt 0.369551128 0.865159967
vt 0.464599398 0.883587693
vt 0.372460769 0.862250326
vt 0.369551128 0.860310566
vt 0.138719613 0.990274528
vt 0.0960448797 0.9029853
vt 0.0931352387 0.9029853
vt 0.0950749994 0.901045539
vt 0.134840092 0.988334767
vt 0.136779853 0.993184169
vt 0.135809972 0.991244408
vt 0.132900332 0.989304647
vt 0.133870212 0.993184169
vt 0.0650087097 0.925292547
vt 0.06597859 0.923352786
vt 0.0640388294 0.924322666
vt 0.12902081 0.982515485
vt 0.0911954781 0.9029853
vt 0.0931352387 0.901045539
vt 0.0911954781 0.901045539
vt 0.0941051191 0.899105778
vt 0.0960448797 0.900075659
vt 0.0688882309 0.898135898
vt 0.0669484703 0.920443145
vt 0.12708105 0.852551523
vt 0.129990691 0.852551523
vt 0.12902081 0.849641882
vt 0.0688882309 0.896196137
vt 0.0669484703 0.897166018
vt 0.0650087097 0.919473265
vt 0.0911954781 0.899105778
vt 0.123201528 0.853521404
vt 0.0650087097 0.922382906
vt 0.0620990687 0.922382906
vt 0.0620990687 0.924322666
vt 0.00681589094 0.942750392
vt 0.00778577125 0.939840751
vt 0.00487613031 0.940810632
vt 0.0630689491 0.920443145
vt 0.0650087097 0.897166018
vt 0.0688882309 0.894256377
vt 0.00972553187 0.936931111
vt 0.00584601062 0.939840751
vt 0.00681589094 0.937900991
vt 0.00390625 0.937900991
vt 0.0378520609 0.891346736
vt 0.0397918216 0.892316616
vt 0.0388219412 0.889406975
vt 0.0427014625 0.892316616
vt 0.0650087097 0.895226257
vt 0.0669484703 0.895226257
vt 0.0669484703 0.893286496
vt 0.0436713428 0.890376856
vt 0.0407617019 0.890376856
vt 0.0407617019 0.888437095
vt 0.0388219412 0.888437095
vt 0.0145749334 0.828304516
vt 0.0650087097 0.893286496
vt 0.0174845744 0.830244276
vt 0.0165146941 0.826364755
vt 0.0436713428 0.888437095
vt 0.0213640956 0.833153917
vt 0.0669484703 0.870979249
vt 0.0688882309 0.870979249
vt 0.0679183506 0.868069608
vt 0.019424335 0.828304516
vt 0.0174845744 0.827334635
vt 0.0184544547 0.825394875
vt 0.0688882309 0.866129848
vt 0.0698581112 0.867099728
vt 0.0698581112 0.869039489
vt 0.0717978719 0.869039489
vt 0.0717978719 0.867099728
vt 0.12708105 0.847702122
vt 0.0708279916 0.870979249
vt 0.126111169 0.850611763
vt 0.12805093 0.850611763
vt 0.812786431 0.292930583
vt 0.838973199 0.268683575
vt 0.838003319 0.267713695
vt 0.816665952 0.296810104
vt 0.84091296 0.270623336
vt 0.927232307 0.353063162
vt 0.958268477 0.34530412
vt 0.808906909 0.289051062
vt 0.759443013 0.0873159569
vt 0.81181655 0.301659506
vt 0.929172068 0.356942684
vt 0.958268477 0.355972803
vt 0.755563492 0.118352127
vt 0.74877433 0.0863460766
vt 0.752653851 0.117382247
vt 0.739075527 0.0873159569
vt 0.753623731 0.124171409
vt 0.804057508 0.292930583
vt 0.923352786 0.355972803
vt 0.929172068 0.360822205
vt 0.958268477 0.365671607
vt 0.812786431 0.414165622
vt 0.837033438 0.442292151
vt 0.924322666 0.358882444
vt 0.927232307 0.356942684
vt 0.808906909 0.418045143
vt 0.834123797 0.443262032
vt 0.80987679 0.409316221
vt 0.915593744 0.356942684
vt 0.806967149 0.306508907
vt 0.805027388 0.421924665
vt 0.831214156 0.445201792
vt 0.745864689 0.542189823
vt 0.751683971 0.574195874
vt 0.801147867 0.417075263
vt 0.741985168 0.544129584
vt 0.741015287 0.573225993
vt 0.805027388 0.412225862
vt 0.800177986 0.40737646
vt 0.805997268 0.404466819
vt 0.764292415 0.354033043
vt 0.744894809 0.536370542
vt 0.739075527 0.542189823
vt 0.731316484 0.571286233
vt 0.701250195 0.415135502
vt 0.671183905 0.435502989
vt 0.741015287 0.537340422
vt 0.742955048 0.541219943
vt 0.797268346 0.411255981
vt 0.760412894 0.357912564
vt 0.698340554 0.411255981
vt 0.670214025 0.433563228
vt 0.707069477 0.411255981
vt 0.743924928 0.526671738
vt 0.756533372 0.361792085
vt 0.711918878 0.40640658
vt 0.752653851 0.357912564
vt 0.709009237 0.401557178
vt 0.694461032 0.40737646
vt 0.669244144 0.431623468
vt 0.703189955 0.40640658
vt 0.699310434 0.403496939
vt 0.585834437 0.351123402
vt 0.554798267 0.357912564
vt 0.583894677 0.347243881
vt 0.554798267 0.348213761
vt 0.590683839 0.349183641
vt 0.704159836 0.398647537
vt 0.74974421 0.353063162
vt 0.584864557 0.34433424
vt 0.555768148 0.337545077
vt 0.698340554 0.294870344
vt 0.673123666 0.270623336
vt 0.589713959 0.346274
vt 0.586804318 0.347243881
vt 0.597473001 0.348213761
vt 0.702220075 0.290990822
vt 0.674093546 0.269653456
vt 0.703189955 0.299719745
vt 0.707069477 0.303599267
vt 0.752653851 0.349183641
vt 0.712888758 0.300689626
vt 0.705129716 0.287111301
vt 0.676033307 0.268683575
vt 0.707069477 0.295840224
vt 0.709979117 0.290990822
vt 0.74877433 0.118352127
vt 0.750714091 0.125141289
vt 0.715798399 0.296810104
vt 0.752653851 0.121261768
vt 0.752653851 0.138719613
vt 0.756533372 0.34530412
vt 0.799208106 0.298749865
vt 0.760412894 0.349183641
vt 0.802117747 0.302629386
vt 0.756533372 0.354033043
vt 0.806967149 0.297779985
vt 0.577105515 0.174605185
vt 0.612991086 0.147448536
vt 0.612021206 0.146478656
vt 0.578075395 0.176544946
vt 0.613960967 0.148418417
vt 0.626569411 0.204671475
vt 0.659545341 0.195942552
vt 0.575165754 0.172665424
vt 0.548978986 0.0601593081
vt 0.576135634 0.178484706
vt 0.626569411 0.205641355
vt 0.659545341 0.199822073
vt 0.551888627 0.0960448797
vt 0.544129584 0.0611291884
vt 0.550918746 0.0960448797
vt 0.540250063 0.0611291884
vt 0.550918746 0.0989545206
vt 0.572256113 0.174605185
vt 0.62462965 0.205641355
vt 0.626569411 0.206611235
vt 0.660515222 0.203701594
vt 0.580015156 0.232798004
vt 0.612991086 0.262864293
vt 0.62462965 0.206611235
vt 0.62559953 0.205641355
vt 0.578075395 0.233767884
vt 0.611051326 0.263834174
vt 0.578075395 0.229888363
vt 0.620750129 0.205641355
vt 0.574195874 0.181394347
vt 0.577105515 0.235707645
vt 0.610081445 0.265773934
vt 0.550918746 0.289051062
vt 0.558677789 0.322026992
vt 0.575165754 0.233767884
vt 0.549948866 0.289051062
vt 0.554798267 0.322026992
vt 0.576135634 0.231828123
vt 0.573225993 0.228918482
vt 0.576135634 0.227948602
vt 0.553828387 0.204671475
vt 0.549948866 0.286141421
vt 0.548009105 0.289051062
vt 0.549948866 0.322026992
vt 0.525701858 0.236677525
vt 0.492725927 0.266743815
vt 0.548978986 0.287111301
vt 0.549948866 0.288081182
vt 0.572256113 0.231828123
vt 0.552858507 0.207581116
vt 0.524731978 0.234737764
vt 0.491756047 0.264804054
vt 0.528611499 0.234737764
vt 0.549948866 0.2822619
vt 0.550918746 0.209520876
vt 0.53055126 0.232798004
vt 0.548978986 0.207581116
vt 0.529581379 0.229888363
vt 0.522792217 0.233767884
vt 0.490786167 0.263834174
vt 0.526671738 0.232798004
vt 0.524731978 0.230858243
vt 0.476237962 0.206611235
vt 0.442292151 0.216310038
vt 0.475268082 0.205641355
vt 0.442292151 0.212430517
vt 0.478177723 0.205641355
vt 0.527641619 0.228918482
vt 0.547039225 0.205641355
vt 0.475268082 0.204671475
vt 0.441322271 0.208550996
vt 0.520852457 0.177514826
vt 0.484966885 0.152297938
vt 0.477207842 0.204671475
vt 0.476237962 0.205641355
vt 0.481087364 0.205641355
vt 0.522792217 0.175575065
vt 0.485936765 0.151328057
vt 0.522792217 0.179454587
vt 0.524731978 0.181394347
vt 0.548978986 0.202731714
vt 0.527641619 0.180424467
vt 0.523762097 0.173635305
vt 0.486906646 0.149388297
vt 0.524731978 0.177514826
vt 0.526671738 0.175575065
vt 0.549948866 0.0960448797
vt 0.549948866 0.0999244009
vt 0.528611499 0.178484706
vt 0.550918746 0.0979846403
vt 0.550918746 0.105743683
vt 0.549948866 0.200791953
vt 0.570316352 0.177514826
vt 0.551888627 0.202731714
vt 0.571286233 0.179454587
vt 0.550918746 0.204671475
vt 0.574195874 0.176544946
vt 0.812786431 0.850611763
vt 0.764292415 0.887467215
vt 0.766232176 0.889406975
vt 0.80987679 0.848672002
vt 0.762352654 0.885527454
vt 0.74877433 0.80987679
vt 0.704159836 0.819575593
vt 0.814726191 0.853521404
vt 0.848672002 0.994154049
vt 0.812786431 0.845762361
vt 0.74780445 0.807937029
vt 0.703189955 0.813756311
vt 0.845762361 0.947599794
vt 0.853521404 0.993184169
vt 0.846732241 0.947599794
vt 0.859340686 0.993184169
vt 0.845762361 0.943720273
vt 0.817635832 0.850611763
vt 0.750714091 0.808906909
vt 0.74780445 0.805997268
vt 0.703189955 0.808906909
vt 0.81084667 0.774961098
vt 0.768171936 0.734226125
vt 0.750714091 0.807937029
vt 0.74877433 0.807937029
vt 0.812786431 0.773021338
vt 0.770111697 0.732286365
vt 0.812786431 0.777870739
vt 0.755563492 0.808906909
vt 0.816665952 0.84285272
vt 0.814726191 0.770111697
vt 0.772051457 0.730346604
vt 0.850611763 0.701250195
vt 0.84091296 0.657605581
vt 0.817635832 0.773021338
vt 0.852551523 0.700280314
vt 0.846732241 0.6566357
vt 0.815696071 0.775930979
vt 0.818605712 0.77884062
vt 0.815696071 0.78078038
vt 0.843822601 0.81181655
vt 0.851581643 0.704159836
vt 0.854491284 0.701250195
vt 0.852551523 0.6566357
vt 0.881647933 0.771081577
vt 0.926262427 0.732286365
vt 0.852551523 0.704159836
vt 0.852551523 0.702220075
vt 0.820545473 0.775930979
vt 0.845762361 0.80987679
vt 0.883587693 0.773021338
vt 0.928202188 0.734226125
vt 0.878738292 0.773991218
vt 0.851581643 0.709979117
vt 0.848672002 0.806967149
vt 0.875828651 0.776900859
vt 0.850611763 0.80987679
vt 0.876798531 0.7798105
vt 0.885527454 0.774961098
vt 0.930141948 0.736165886
vt 0.880678052 0.775930979
vt 0.882617813 0.77884062
vt 0.947599794 0.81181655
vt 0.991244408 0.801147867
vt 0.948569674 0.813756311
vt 0.992214288 0.805997268
vt 0.944690153 0.813756311
vt 0.879708172 0.781750261
vt 0.853521404 0.81181655
vt 0.947599794 0.815696071
vt 0.993184169 0.81181655
vt 0.886497334 0.850611763
vt 0.932081709 0.884557574
vt 0.944690153 0.814726191
vt 0.946629914 0.813756311
vt 0.939840751 0.813756311
vt 0.884557574 0.852551523
vt 0.931111829 0.886497334
vt 0.883587693 0.847702122
vt 0.881647933 0.843822601
vt 0.850611763 0.814726191
vt 0.877768411 0.845762361
vt 0.882617813 0.855461164
vt 0.930141948 0.888437095
vt 0.881647933 0.849641882
vt 0.879708172 0.851581643
vt 0.847702122 0.946629914
vt 0.846732241 0.942750392
vt 0.875828651 0.848672002
vt 0.846732241 0.944690153
vt 0.846732241 0.93596123
vt 0.848672002 0.817635832
vt 0.820545473 0.847702122
vt 0.845762361 0.814726191
vt 0.819575593 0.844792481
vt 0.848672002 0.81181655
vt 0.815696071 0.848672002
vt 0.247346208 0.684762229
vt 0.260924533 0.673123666
vt 0.260924533 0.673123666
vt 0.249285969 0.68670199
vt 0.261894413 0.674093546
vt 0.301659506 0.71676828
vt 0.317177591 0.712888758
vt 0.245406448 0.681852588
vt 0.229888363 0.576135634
vt 0.247346208 0.688641751
vt 0.302629386 0.71870804
vt 0.317177591 0.71870804
vt 0.226978722 0.590683839
vt 0.225038961 0.575165754
vt 0.226008842 0.590683839
vt 0.22018956 0.575165754
vt 0.226008842 0.59456336
vt 0.243466687 0.683792349
vt 0.299719745 0.71773816
vt 0.302629386 0.719677921
vt 0.316207711 0.723557442
vt 0.244436567 0.743924928
vt 0.255105251 0.758473133
vt 0.300689626 0.71870804
vt 0.301659506 0.71870804
vt 0.242496807 0.745864689
vt 0.25316549 0.759443013
vt 0.242496807 0.741015287
vt 0.295840224 0.71773816
vt 0.245406448 0.690581511
vt 0.240557046 0.746834569
vt 0.25219561 0.759443013
vt 0.205641355 0.803087627
vt 0.206611235 0.818605712
vt 0.238617286 0.744894809
vt 0.203701594 0.803087627
vt 0.201761834 0.817635832
vt 0.240557046 0.742955048
vt 0.238617286 0.740045407
vt 0.241526927 0.739075527
vt 0.22212932 0.712888758
vt 0.204671475 0.800177986
vt 0.201761834 0.802117747
vt 0.195942552 0.816665952
vt 0.19012327 0.739075527
vt 0.173635305 0.74780445
vt 0.202731714 0.800177986
vt 0.203701594 0.802117747
vt 0.236677525 0.741985168
vt 0.22018956 0.714828519
vt 0.188183509 0.737135766
vt 0.173635305 0.746834569
vt 0.192063031 0.738105647
vt 0.204671475 0.795328585
vt 0.218249799 0.71676828
vt 0.194972672 0.736165886
vt 0.217279919 0.713858639
vt 0.194002791 0.733256245
vt 0.186243749 0.735196006
vt 0.173635305 0.745864689
vt 0.19109315 0.736165886
vt 0.18915339 0.733256245
vt 0.136779853 0.703189955
vt 0.121261768 0.705129716
vt 0.135809972 0.701250195
vt 0.121261768 0.700280314
vt 0.138719613 0.703189955
vt 0.192063031 0.732286365
vt 0.215340158 0.711918878
vt 0.136779853 0.700280314
vt 0.122231648 0.695430913
vt 0.193032911 0.681852588
vt 0.181394347 0.669244144
vt 0.138719613 0.701250195
vt 0.136779853 0.702220075
vt 0.142599135 0.702220075
vt 0.194972672 0.680882708
vt 0.182364227 0.669244144
vt 0.194972672 0.684762229
vt 0.196912432 0.68670199
vt 0.217279919 0.709979117
vt 0.199822073 0.68573211
vt 0.196912432 0.678942947
vt 0.183334108 0.669244144
vt 0.196912432 0.682822469
vt 0.198852193 0.680882708
vt 0.224069081 0.590683839
vt 0.225038961 0.59456336
vt 0.200791953 0.683792349
vt 0.225038961 0.5926236
vt 0.225038961 0.601352522
vt 0.219219679 0.708039357
vt 0.241526927 0.68670199
vt 0.22115944 0.710948998
vt 0.242496807 0.689611631
vt 0.219219679 0.712888758
vt 0.245406448 0.68670199
g Item_09Item_09_mobile_0
f 3/3/3 2/2/2 1/1/1
f 2/2/2 4/4/4 1/1/1
f 1/1/1 4/4/4 5/5/5
f 2/2/2 6/6/6 4/4/4
f 4/4/4 7/7/7 5/5/5
f 5/5/5 7/7/7 8/8/8
f 6/6/6 9/9/9 4/4/4
f 4/4/4 9/9/9 7/7/7
f 7/7/7 10/10/10 8/8/8
f 8/8/8 10/10/10 11/11/11
f 12/12/12 9/9/9 6/6/6
f 13/13/13 12/12/12 6/6/6
f 9/9/9 14/14/14 7/7/7
f 7/7/7 14/14/14 10/10/10
f 10/10/10 15/15/15 11/11/11
f 11/11/11 15/15/15 16/16/16
f 17/17/17 12/12/12 13/13/13
f 18/18/18 17/17/17 13/13/13
f 18/18/18 19/19/19 17/17/17
f 12/12/12 20/20/20 9/9/9
f 20/20/20 14/14/14 9/9/9
f 14/14/14 21/21/21 10/10/10
f 10/10/10 21/21/21 15/15/15
f 15/15/15 22/22/22 16/16/16
f 16/16/16 22/22/22 23/23/23
f 17/17/17 24/24/24 12/12/12
f 24/24/24 20/20/20 12/12/12
f 19/19/19 25/25/25 17/17/17
f 17/17/17 25/25/25 24/24/24
f 20/20/20 26/26/26 14/14/14
f 26/26/26 21/21/21 14/14/14
f 21/21/21 27/27/27 15/15/15
f 15/15/15 27/27/27 22/22/22
f 22/22/22 28/28/28 23/23/23
f 23/23/23 28/28/28 29/29/29
f 24/24/24 30/30/30 20/20/20
f 30/30/30 26/26/26 20/20/20
f 26/26/26 31/31/31 21/21/21
f 31/31/31 27/27/27 21/21/21
f 27/27/27 32/32/32 22/22/22
f 22/22/22 32/32/32 28/28/28
f 28/28/28 33/33/33 29/29/29
f 29/29/29 33/33/33 34/34/34
f 24/24/24 35/35/35 30/30/30
f 25/25/25 35/35/35 24/24/24
f 30/30/30 36/36/36 26/26/26
f 36/36/36 31/31/31 26/26/26
f 31/31/31 37/37/37 27/27/27
f 37/37/37 32/32/32 27/27/27
f 32/32/32 38/38/38 28/28/28
f 28/28/28 38/38/38 33/33/33
f 33/33/33 39/39/39 34/34/34
f 34/34/34 39/39/39 40/40/40
f 35/35/35 41/41/41 30/30/30
f 30/30/30 41/41/41 36/36/36
f 36/36/36 42/42/42 31/31/31
f 42/42/42 37/37/37 31/31/31
f 37/37/37 43/43/43 32/32/32
f 43/43/43 38/38/38 32/32/32
f 38/38/38 44/44/44 33/33/33
f 33/33/33 44/44/44 39/39/39
f 39/39/39 45/45/45 40/40/40
f 40/40/40 45/45/45 46/46/46
f 41/41/41 47/47/47 36/36/36
f 36/36/36 47/47/47 42/42/42
f 42/42/42 48/48/48 37/37/37
f 48/48/48 43/43/43 37/37/37
f 43/43/43 49/49/49 38/38/38
f 49/49/49 44/44/44 38/38/38
f 44/44/44 50/50/50 39/39/39
f 39/39/39 50/50/50 45/45/45
f 45/45/45 51/51/51 46/46/46
f 46/46/46 51/51/51 52/52/52
f 47/47/47 53/53/53 42/42/42
f 42/42/42 53/53/53 48/48/48
f 48/48/48 54/54/54 43/43/43
f 54/54/54 49/49/49 43/43/43
f 49/49/49 55/55/55 44/44/44
f 55/55/55 50/50/50 44/44/44
f 50/50/50 56/56/56 45/45/45
f 45/45/45 56/56/56 51/51/51
f 53/53/53 57/57/57 48/48/48
f 48/48/48 57/57/57 54/54/54
f 54/54/54 58/58/58 49/49/49
f 58/58/58 55/55/55 49/49/49
f 55/55/55 59/59/59 50/50/50
f 59/59/59 56/56/56 50/50/50
f 57/57/57 60/60/60 54/54/54
f 54/54/54 60/60/60 58/58/58
f 58/58/58 61/61/61 55/55/55
f 61/61/61 59/59/59 55/55/55
f 60/60/60 62/62/62 58/58/58
f 58/58/58 62/62/62 61/61/61
f 56/56/56 63/63/63 51/51/51
f 59/59/59 64/64/64 56/56/56
f 64/64/64 63/63/63 56/56/56
f 61/61/61 65/65/65 59/59/59
f 65/65/65 64/64/64 59/59/59
f 62/62/62 66/66/66 61/61/61
f 61/61/61 66/66/66 65/65/65
f 51/51/51 63/63/63 67/67/67
f 51/51/51 67/67/67 52/52/52
f 52/52/52 67/67/67 68/68/68
f 68/68/68 67/67/67 69/69/69
f 70/70/70 52/52/52 68/68/68
f 70/70/70 68/68/68 71/71/71
f 68/68/68 72/72/72 71/71/71
f 68/68/68 69/69/69 72/72/72
f 71/71/71 72/72/72 73/73/73
f 63/63/63 74/74/74 67/67/67
f 67/67/67 74/74/74 69/69/69
f 75/75/75 74/74/74 63/63/63
f 69/69/69 74/74/74 75/75/75
f 64/64/64 75/75/75 63/63/63
f 65/65/65 76/76/76 64/64/64
f 76/76/76 75/75/75 64/64/64
f 72/72/72 77/77/77 73/73/73
f 73/73/73 77/77/77 78/78/78
f 69/69/69 79/79/79 72/72/72
f 72/72/72 79/79/79 77/77/77
f 77/77/77 80/80/80 78/78/78
f 78/78/78 80/80/80 81/81/81
f 80/80/80 82/82/82 81/81/81
f 77/77/77 83/83/83 80/80/80
f 79/79/79 83/83/83 77/77/77
f 80/80/80 84/84/84 82/82/82
f 83/83/83 84/84/84 80/80/80
f 84/84/84 85/85/85 82/82/82
f 86/86/86 85/85/85 84/84/84
f 87/87/87 86/86/86 84/84/84
f 87/87/87 84/84/84 83/83/83
f 88/88/88 86/86/86 87/87/87
f 89/89/89 83/83/83 79/79/79
f 89/89/89 87/87/87 83/83/83
f 90/90/90 79/79/79 69/69/69
f 90/90/90 89/89/89 79/79/79
f 91/91/91 88/88/88 87/87/87
f 91/91/91 87/87/87 89/89/89
f 92/92/92 90/90/90 69/69/69
f 92/92/92 69/69/69 75/75/75
f 93/93/93 89/89/89 90/90/90
f 93/93/93 91/91/91 89/89/89
f 91/91/91 94/94/94 88/88/88
f 94/94/94 95/95/95 88/88/88
f 96/96/96 95/95/95 94/94/94
f 92/92/92 75/75/75 97/97/97
f 75/75/75 76/76/76 97/97/97
f 97/97/97 76/76/76 98/98/98
f 99/99/99 90/90/90 92/92/92
f 97/97/97 99/99/99 92/92/92
f 99/99/99 93/93/93 90/90/90
f 97/97/97 98/98/98 99/99/99
f 93/93/93 100/100/100 91/91/91
f 100/100/100 94/94/94 91/91/91
f 100/100/100 93/93/93 99/99/99
f 101/101/101 96/96/96 94/94/94
f 101/101/101 94/94/94 100/100/100
f 102/102/102 96/96/96 101/101/101
f 103/103/103 100/100/100 99/99/99
f 98/98/98 103/103/103 99/99/99
f 104/104/104 101/101/101 100/100/100
f 104/104/104 100/100/100 103/103/103
f 105/105/105 102/102/102 101/101/101
f 105/105/105 101/101/101 104/104/104
f 106/106/106 104/104/104 103/103/103
f 106/106/106 103/103/103 98/98/98
f 105/105/105 107/107/107 102/102/102
f 107/107/107 108/108/108 102/102/102
f 109/109/109 108/108/108 107/107/107
f 110/110/110 109/109/109 107/107/107
f 110/110/110 107/107/107 111/111/111
f 111/111/111 107/107/107 105/105/105
f 112/112/112 110/110/110 111/111/111
f 113/113/113 105/105/105 104/104/104
f 113/113/113 104/104/104 106/106/106
f 113/113/113 111/111/111 105/105/105
f 112/112/112 111/111/111 114/114/114
f 115/115/115 112/112/112 114/114/114
f 115/115/115 114/114/114 116/116/116
f 111/111/111 113/113/113 117/117/117
f 117/117/117 113/113/113 106/106/106
f 114/114/114 111/111/111 117/117/117
f 117/117/117 106/106/106 118/118/118
f 118/118/118 106/106/106 98/98/98
f 117/117/117 119/119/119 114/114/114
f 119/119/119 117/117/117 118/118/118
f 114/114/114 120/120/120 116/116/116
f 119/119/119 120/120/120 114/114/114
f 116/116/116 120/120/120 121/121/121
f 121/121/121 120/120/120 119/119/119
f 122/122/122 116/116/116 121/121/121
f 118/118/118 98/98/98 123/123/123
f 119/119/119 118/118/118 123/123/123
f 124/124/124 121/121/121 119/119/119
f 124/124/124 119/119/119 123/123/123
f 122/122/122 121/121/121 125/125/125
f 125/125/125 121/121/121 124/124/124
f 126/126/126 122/122/122 125/125/125
f 126/126/126 125/125/125 127/127/127
f 128/128/128 126/126/126 127/127/127
f 129/129/129 125/125/125 124/124/124
f 127/127/127 125/125/125 129/129/129
f 128/128/128 127/127/127 130/130/130
f 131/131/131 128/128/128 130/130/130
f 98/98/98 132/132/132 123/123/123
f 76/76/76 132/132/132 98/98/98
f 133/133/133 132/132/132 76/76/76
f 123/123/123 132/132/132 133/133/133
f 65/65/65 133/133/133 76/76/76
f 66/66/66 133/133/133 65/65/65
f 123/123/123 134/134/134 124/124/124
f 134/134/134 123/123/123 133/133/133
f 134/134/134 133/133/133 66/66/66
f 134/134/134 129/129/129 124/124/124
f 135/135/135 134/134/134 66/66/66
f 129/129/129 134/134/134 135/135/135
f 135/135/135 66/66/66 62/62/62
f 136/136/136 127/127/127 129/129/129
f 136/136/136 129/129/129 135/135/135
f 130/130/130 127/127/127 136/136/136
f 137/137/137 135/135/135 62/62/62
f 136/136/136 135/135/135 137/137/137
f 137/137/137 62/62/62 60/60/60
f 138/138/138 130/130/130 136/136/136
f 138/138/138 136/136/136 137/137/137
f 139/139/139 137/137/137 60/60/60
f 138/138/138 137/137/137 139/139/139
f 139/139/139 60/60/60 57/57/57
f 140/140/140 130/130/130 138/138/138
f 131/131/131 130/130/130 140/140/140
f 141/141/141 131/131/131 140/140/140
f 142/142/142 139/139/139 57/57/57
f 142/142/142 57/57/57 53/53/53
f 143/143/143 138/138/138 139/139/139
f 143/143/143 140/140/140 138/138/138
f 143/143/143 139/139/139 142/142/142
f 141/141/141 140/140/140 144/144/144
f 144/144/144 140/140/140 143/143/143
f 145/145/145 141/141/141 144/144/144
f 146/146/146 142/142/142 53/53/53
f 146/146/146 53/53/53 47/47/47
f 147/147/147 143/143/143 142/142/142
f 147/147/147 144/144/144 143/143/143
f 147/147/147 142/142/142 146/146/146
f 145/145/145 144/144/144 148/148/148
f 148/148/148 144/144/144 147/147/147
f 149/149/149 145/145/145 148/148/148
f 150/150/150 146/146/146 47/47/47
f 150/150/150 47/47/47 41/41/41
f 151/151/151 147/147/147 146/146/146
f 151/151/151 148/148/148 147/147/147
f 151/151/151 146/146/146 150/150/150
f 149/149/149 148/148/148 152/152/152
f 152/152/152 148/148/148 151/151/151
f 153/153/153 149/149/149 152/152/152
f 154/154/154 150/150/150 41/41/41
f 154/154/154 41/41/41 35/35/35
f 155/155/155 151/151/151 150/150/150
f 155/155/155 152/152/152 151/151/151
f 155/155/155 150/150/150 154/154/154
f 153/153/153 152/152/152 156/156/156
f 156/156/156 152/152/152 155/155/155
f 157/157/157 153/153/153 156/156/156
f 158/158/158 154/154/154 35/35/35
f 158/158/158 35/35/35 25/25/25
f 159/159/159 155/155/155 154/154/154
f 159/159/159 156/156/156 155/155/155
f 159/159/159 154/154/154 158/158/158
f 157/157/157 156/156/156 160/160/160
f 160/160/160 156/156/156 159/159/159
f 161/161/161 157/157/157 160/160/160
f 162/162/162 158/158/158 25/25/25
f 162/162/162 25/25/25 19/19/19
f 163/163/163 162/162/162 19/19/19
f 164/164/164 159/159/159 158/158/158
f 164/164/164 160/160/160 159/159/159
f 164/164/164 158/158/158 162/162/162
f 161/161/161 160/160/160 165/165/165
f 165/165/165 160/160/160 164/164/164
f 166/166/166 161/161/161 165/165/165
f 167/167/167 162/162/162 163/163/163
f 167/167/167 164/164/164 162/162/162
f 167/167/167 165/165/165 164/164/164
f 168/168/168 167/167/167 163/163/163
f 168/168/168 169/169/169 167/167/167
f 169/169/169 165/165/165 167/167/167
f 166/166/166 165/165/165 169/169/169
f 170/170/170 166/166/166 169/169/169
f 173/173/173 172/172/172 171/171/171
f 171/171/171 174/174/174 173/173/173
f 171/171/171 175/175/175 174/174/174
f 175/175/175 176/176/176 174/174/174
f 175/175/175 177/177/177 176/176/176
f 177/177/177 178/178/178 176/176/176
f 177/177/177 179/179/179 178/178/178
f 179/179/179 180/180/180 178/178/178
f 179/179/179 181/181/181 180/180/180
f 181/181/181 182/182/182 180/180/180
f 181/181/181 183/183/183 182/182/182
f 183/183/183 184/184/184 182/182/182
f 183/183/183 185/185/185 184/184/184
f 185/185/185 186/186/186 184/184/184
f 189/189/189 188/188/188 187/187/187
f 188/188/188 190/190/190 187/187/187
f 187/187/187 190/190/190 191/191/191
f 188/188/188 192/192/192 190/190/190
f 190/190/190 193/193/193 191/191/191
f 191/191/191 193/193/193 194/194/194
f 192/192/192 195/195/195 190/190/190
f 190/190/190 195/195/195 193/193/193
f 193/193/193 196/196/196 194/194/194
f 194/194/194 196/196/196 197/197/197
f 198/198/198 195/195/195 192/192/192
f 199/199/199 198/198/198 192/192/192
f 195/195/195 200/200/200 193/193/193
f 193/193/193 200/200/200 196/196/196
f 196/196/196 201/201/201 197/197/197
f 197/197/197 201/201/201 202/202/202
f 203/203/203 198/198/198 199/199/199
f 204/204/204 203/203/203 199/199/199
f 204/204/204 205/205/205 203/203/203
f 198/198/198 206/206/206 195/195/195
f 206/206/206 200/200/200 195/195/195
f 200/200/200 207/207/207 196/196/196
f 196/196/196 207/207/207 201/201/201
f 201/201/201 208/208/208 202/202/202
f 202/202/202 208/208/208 209/209/209
f 203/203/203 210/210/210 198/198/198
f 210/210/210 206/206/206 198/198/198
f 205/205/205 211/211/211 203/203/203
f 203/203/203 211/211/211 210/210/210
f 206/206/206 212/212/212 200/200/200
f 212/212/212 207/207/207 200/200/200
f 207/207/207 213/213/213 201/201/201
f 201/201/201 213/213/213 208/208/208
f 208/208/208 214/214/214 209/209/209
f 209/209/209 214/214/214 215/215/215
f 210/210/210 216/216/216 206/206/206
f 216/216/216 212/212/212 206/206/206
f 212/212/212 217/217/217 207/207/207
f 217/217/217 213/213/213 207/207/207
f 213/213/213 218/218/218 208/208/208
f 208/208/208 218/218/218 214/214/214
f 214/214/214 219/219/219 215/215/215
f 215/215/215 219/219/219 220/220/220
f 210/210/210 221/221/221 216/216/216
f 211/211/211 221/221/221 210/210/210
f 222/222/222 217/217/217 212/212/212
f 216/216/216 222/222/222 212/212/212
f 217/217/217 223/223/223 213/213/213
f 223/223/223 218/218/218 213/213/213
f 218/218/218 224/224/224 214/214/214
f 214/214/214 224/224/224 219/219/219
f 219/219/219 225/225/225 220/220/220
f 220/220/220 225/225/225 226/226/226
f 222/222/222 227/227/227 217/217/217
f 227/227/227 223/223/223 217/217/217
f 228/228/228 222/222/222 216/216/216
f 222/222/222 228/228/228 227/227/227
f 223/223/223 229/229/229 218/218/218
f 229/229/229 224/224/224 218/218/218
f 224/224/224 230/230/230 219/219/219
f 219/219/219 230/230/230 225/225/225
f 225/225/225 231/231/231 226/226/226
f 226/226/226 231/231/231 232/232/232
f 227/227/227 233/233/233 223/223/223
f 233/233/233 229/229/229 223/223/223
f 229/229/229 234/234/234 224/224/224
f 234/234/234 230/230/230 224/224/224
f 230/230/230 235/235/235 225/225/225
f 225/225/225 235/235/235 231/231/231
f 231/231/231 236/236/236 232/232/232
f 232/232/232 236/236/236 237/237/237
f 227/227/227 238/238/238 233/233/233
f 228/228/228 238/238/238 227/227/227
f 233/233/233 239/239/239 229/229/229
f 239/239/239 234/234/234 229/229/229
f 234/234/234 240/240/240 230/230/230
f 240/240/240 235/235/235 230/230/230
f 235/235/235 241/241/241 231/231/231
f 231/231/231 241/241/241 236/236/236
f 238/238/238 242/242/242 233/233/233
f 233/233/233 242/242/242 239/239/239
f 239/239/239 243/243/243 234/234/234
f 243/243/243 240/240/240 234/234/234
f 240/240/240 244/244/244 235/235/235
f 244/244/244 241/241/241 235/235/235
f 242/242/242 245/245/245 239/239/239
f 239/239/239 245/245/245 243/243/243
f 243/243/243 246/246/246 240/240/240
f 246/246/246 244/244/244 240/240/240
f 245/245/245 247/247/247 243/243/243
f 243/243/243 247/247/247 246/246/246
f 241/241/241 248/248/248 236/236/236
f 244/244/244 249/249/249 241/241/241
f 249/249/249 248/248/248 241/241/241
f 246/246/246 250/250/250 244/244/244
f 250/250/250 249/249/249 244/244/244
f 247/247/247 251/251/251 246/246/246
f 246/246/246 251/251/251 250/250/250
f 236/236/236 248/248/248 252/252/252
f 236/236/236 252/252/252 237/237/237
f 237/237/237 252/252/252 253/253/253
f 253/253/253 252/252/252 254/254/254
f 255/255/255 237/237/237 253/253/253
f 255/255/255 253/253/253 256/256/256
f 253/253/253 257/257/257 256/256/256
f 253/253/253 254/254/254 257/257/257
f 256/256/256 257/257/257 258/258/258
f 248/248/248 259/259/259 252/252/252
f 252/252/252 259/259/259 254/254/254
f 260/260/260 259/259/259 248/248/248
f 254/254/254 259/259/259 260/260/260
f 249/249/249 260/260/260 248/248/248
f 250/250/250 261/261/261 249/249/249
f 261/261/261 260/260/260 249/249/249
f 257/257/257 262/262/262 258/258/258
f 258/258/258 262/262/262 263/263/263
f 254/254/254 264/264/264 257/257/257
f 257/257/257 264/264/264 262/262/262
f 262/262/262 265/265/265 263/263/263
f 263/263/263 265/265/265 266/266/266
f 265/265/265 267/267/267 266/266/266
f 262/262/262 268/268/268 265/265/265
f 264/264/264 268/268/268 262/262/262
f 265/265/265 269/269/269 267/267/267
f 268/268/268 269/269/269 265/265/265
f 269/269/269 270/270/270 267/267/267
f 271/271/271 270/270/270 269/269/269
f 272/272/272 271/271/271 269/269/269
f 272/272/272 269/269/269 268/268/268
f 273/273/273 271/271/271 272/272/272
f 274/274/274 268/268/268 264/264/264
f 274/274/274 272/272/272 268/268/268
f 275/275/275 264/264/264 254/254/254
f 275/275/275 274/274/274 264/264/264
f 276/276/276 273/273/273 272/272/272
f 276/276/276 272/272/272 274/274/274
f 277/277/277 275/275/275 254/254/254
f 277/277/277 254/254/254 260/260/260
f 278/278/278 274/274/274 275/275/275
f 278/278/278 276/276/276 274/274/274
f 276/276/276 279/279/279 273/273/273
f 279/279/279 280/280/280 273/273/273
f 281/281/281 280/280/280 279/279/279
f 277/277/277 260/260/260 282/282/282
f 260/260/260 261/261/261 282/282/282
f 282/282/282 261/261/261 283/283/283
f 284/284/284 275/275/275 277/277/277
f 282/282/282 284/284/284 277/277/277
f 284/284/284 278/278/278 275/275/275
f 282/282/282 283/283/283 284/284/284
f 285/285/285 279/279/279 276/276/276
f 278/278/278 285/285/285 276/276/276
f 286/286/286 281/281/281 279/279/279
f 286/286/286 279/279/279 285/285/285
f 287/287/287 281/281/281 286/286/286
f 284/284/284 288/288/288 278/278/278
f 288/288/288 285/285/285 278/278/278
f 283/283/283 288/288/288 284/284/284
f 289/289/289 286/286/286 285/285/285
f 289/289/289 285/285/285 288/288/288
f 290/290/290 287/287/287 286/286/286
f 290/290/290 286/286/286 289/289/289
f 291/291/291 289/289/289 288/288/288
f 291/291/291 288/288/288 283/283/283
f 290/290/290 292/292/292 287/287/287
f 292/292/292 293/293/293 287/287/287
f 294/294/294 293/293/293 292/292/292
f 295/295/295 294/294/294 292/292/292
f 295/295/295 292/292/292 296/296/296
f 296/296/296 292/292/292 290/290/290
f 297/297/297 295/295/295 296/296/296
f 298/298/298 290/290/290 289/289/289
f 298/298/298 296/296/296 290/290/290
f 298/298/298 289/289/289 291/291/291
f 297/297/297 296/296/296 299/299/299
f 299/299/299 296/296/296 298/298/298
f 300/300/300 297/297/297 299/299/299
f 301/301/301 298/298/298 291/291/291
f 301/301/301 299/299/299 298/298/298
f 300/300/300 299/299/299 302/302/302
f 302/302/302 299/299/299 301/301/301
f 303/303/303 300/300/300 302/302/302
f 291/291/291 304/304/304 301/301/301
f 304/304/304 291/291/291 283/283/283
f 303/303/303 302/302/302 305/305/305
f 306/306/306 303/303/303 305/305/305
f 307/307/307 302/302/302 301/301/301
f 304/304/304 307/307/307 301/301/301
f 305/305/305 302/302/302 307/307/307
f 304/304/304 283/283/283 308/308/308
f 307/307/307 304/304/304 308/308/308
f 306/306/306 305/305/305 309/309/309
f 310/310/310 306/306/306 309/309/309
f 311/311/311 305/305/305 307/307/307
f 311/311/311 307/307/307 308/308/308
f 309/309/309 305/305/305 311/311/311
f 310/310/310 309/309/309 312/312/312
f 313/313/313 310/310/310 312/312/312
f 314/314/314 309/309/309 311/311/311
f 312/312/312 309/309/309 314/314/314
f 313/313/313 312/312/312 315/315/315
f 316/316/316 313/313/313 315/315/315
f 283/283/283 317/317/317 308/308/308
f 261/261/261 317/317/317 283/283/283
f 318/318/318 317/317/317 261/261/261
f 308/308/308 317/317/317 318/318/318
f 250/250/250 318/318/318 261/261/261
f 251/251/251 318/318/318 250/250/250
f 311/311/311 308/308/308 319/319/319
f 319/319/319 308/308/308 318/318/318
f 319/319/319 318/318/318 251/251/251
f 314/314/314 311/311/311 319/319/319
f 320/320/320 319/319/319 251/251/251
f 314/314/314 319/319/319 320/320/320
f 320/320/320 251/251/251 247/247/247
f 321/321/321 312/312/312 314/314/314
f 321/321/321 314/314/314 320/320/320
f 315/315/315 312/312/312 321/321/321
f 322/322/322 320/320/320 247/247/247
f 321/321/321 320/320/320 322/322/322
f 322/322/322 247/247/247 245/245/245
f 323/323/323 315/315/315 321/321/321
f 323/323/323 321/321/321 322/322/322
f 324/324/324 322/322/322 245/245/245
f 323/323/323 322/322/322 324/324/324
f 324/324/324 245/245/245 242/242/242
f 325/325/325 315/315/315 323/323/323
f 316/316/316 315/315/315 325/325/325
f 326/326/326 316/316/316 325/325/325
f 327/327/327 324/324/324 242/242/242
f 327/327/327 242/242/242 238/238/238
f 328/328/328 323/323/323 324/324/324
f 328/328/328 325/325/325 323/323/323
f 328/328/328 324/324/324 327/327/327
f 326/326/326 325/325/325 329/329/329
f 329/329/329 325/325/325 328/328/328
f 330/330/330 326/326/326 329/329/329
f 331/331/331 327/327/327 238/238/238
f 331/331/331 238/238/238 228/228/228
f 332/332/332 328/328/328 327/327/327
f 332/332/332 329/329/329 328/328/328
f 332/332/332 327/327/327 331/331/331
f 330/330/330 329/329/329 333/333/333
f 333/333/333 329/329/329 332/332/332
f 334/334/334 330/330/330 333/333/333
f 335/335/335 332/332/332 331/331/331
f 335/335/335 333/333/333 332/332/332
f 334/334/334 333/333/333 336/336/336
f 336/336/336 333/333/333 335/335/335
f 337/337/337 334/334/334 336/336/336
f 338/338/338 331/331/331 228/228/228
f 335/335/335 331/331/331 338/338/338
f 337/337/337 336/336/336 339/339/339
f 340/340/340 337/337/337 339/339/339
f 340/340/340 339/339/339 341/341/341
f 342/342/342 336/336/336 335/335/335
f 342/342/342 335/335/335 338/338/338
f 338/338/338 228/228/228 343/343/343
f 343/343/343 228/228/228 216/216/216
f 221/221/221 343/343/343 216/216/216
f 344/344/344 338/338/338 343/343/343
f 342/342/342 338/338/338 344/344/344
f 344/344/344 343/343/343 221/221/221
f 336/336/336 342/342/342 345/345/345
f 345/345/345 342/342/342 344/344/344
f 339/339/339 336/336/336 345/345/345
f 346/346/346 344/344/344 221/221/221
f 345/345/345 344/344/344 346/346/346
f 346/346/346 221/221/221 211/211/211
f 345/345/345 347/347/347 339/339/339
f 347/347/347 345/345/345 346/346/346
f 348/348/348 346/346/346 211/211/211
f 347/347/347 346/346/346 348/348/348
f 348/348/348 211/211/211 205/205/205
f 349/349/349 348/348/348 205/205/205
f 350/350/350 348/348/348 349/349/349
f 350/350/350 347/347/347 348/348/348
f 351/351/351 350/350/350 349/349/349
f 351/351/351 352/352/352 350/350/350
f 347/347/347 353/353/353 339/339/339
f 339/339/339 353/353/353 341/341/341
f 350/350/350 354/354/354 347/347/347
f 354/354/354 353/353/353 347/347/347
f 341/341/341 353/353/353 354/354/354
f 352/352/352 354/354/354 350/350/350
f 355/355/355 341/341/341 354/354/354
f 355/355/355 354/354/354 352/352/352
f 356/356/356 355/355/355 352/352/352
f 359/359/359 358/358/358 357/357/357
f 357/357/357 360/360/360 359/359/359
f 357/357/357 361/361/361 360/360/360
f 361/361/361 362/362/362 360/360/360
f 361/361/361 363/363/363 362/362/362
f 363/363/363 364/364/364 362/362/362
f 363/363/363 365/365/365 364/364/364
f 365/365/365 366/366/366 364/364/364
f 365/365/365 367/367/367 366/366/366
f 367/367/367 368/368/368 366/366/366
f 367/367/367 369/369/369 368/368/368
f 369/369/369 370/370/370 368/368/368
f 369/369/369 371/371/371 370/370/370
f 371/371/371 372/372/372 370/370/370
f 375/375/375 374/374/374 373/373/373
f 375/375/375 373/373/373 376/376/376
f 374/374/374 377/377/377 373/373/373
f 374/374/374 378/378/378 377/377/377
f 378/378/378 379/379/379 377/377/377
f 378/378/378 380/380/380 379/379/379
f 380/380/380 381/381/381 379/379/379
f 380/380/380 382/382/382 381/381/381
f 382/382/382 383/383/383 381/381/381
f 382/382/382 384/384/384 383/383/383
f 384/384/384 385/385/385 383/383/383
f 384/384/384 386/386/386 385/385/385
f 386/386/386 387/387/387 385/385/385
f 386/386/386 388/388/388 387/387/387
f 388/388/388 389/389/389 387/387/387
f 388/388/388 390/390/390 389/389/389
f 390/390/390 391/391/391 389/389/389
f 390/390/390 392/392/392 391/391/391
f 392/392/392 393/393/393 391/391/391
f 392/392/392 394/394/394 393/393/393
f 394/394/394 395/395/395 393/393/393
f 394/394/394 396/396/396 395/395/395
f 396/396/396 397/397/397 395/395/395
f 396/396/396 398/398/398 397/397/397
f 398/398/398 399/399/399 397/397/397
f 398/398/398 400/400/400 399/399/399
f 400/400/400 401/401/401 399/399/399
f 400/400/400 402/402/402 401/401/401
f 402/402/402 403/403/403 401/401/401
f 402/402/402 404/404/404 403/403/403
f 404/404/404 405/405/405 403/403/403
f 404/404/404 406/406/406 405/405/405
f 406/406/406 407/407/407 405/405/405
f 406/406/406 408/408/408 407/407/407
f 408/408/408 409/409/409 407/407/407
f 408/408/408 410/410/410 409/409/409
f 410/410/410 411/411/411 409/409/409
f 410/410/410 412/412/412 411/411/411
f 412/412/412 413/413/413 411/411/411
f 412/412/412 414/414/414 413/413/413
f 414/414/414 415/415/415 413/413/413
f 414/414/414 416/416/416 415/415/415
f 416/416/416 417/417/417 415/415/415
f 416/416/416 418/418/418 417/417/417
f 418/418/418 419/419/419 417/417/417
f 419/419/419 418/418/418 420/420/420
f 421/421/421 419/419/419 420/420/420
f 421/421/421 420/420/420 422/422/422
f 423/423/423 421/421/421 422/422/422
f 422/422/422 424/424/424 423/423/423
f 424/424/424 425/425/425 423/423/423
f 424/424/424 426/426/426 425/425/425
f 426/426/426 427/427/427 425/425/425
f 426/426/426 428/428/428 427/427/427
f 428/428/428 429/429/429 427/427/427
f 428/428/428 430/430/430 429/429/429
f 430/430/430 431/431/431 429/429/429
f 430/430/430 432/432/432 431/431/431
f 432/432/432 433/433/433 431/431/431
f 432/432/432 434/434/434 433/433/433
f 434/434/434 435/435/435 433/433/433
f 434/434/434 436/436/436 435/435/435
f 437/437/437 421/421/421 423/423/423
f 423/423/423 425/425/425 438/438/438
f 438/438/438 437/437/437 423/423/423
f 425/425/425 427/427/427 439/439/439
f 425/425/425 439/439/439 438/438/438
f 427/427/427 429/429/429 440/440/440
f 427/427/427 440/440/440 439/439/439
f 429/429/429 431/431/431 441/441/441
f 429/429/429 441/441/441 440/440/440
f 431/431/431 433/433/433 442/442/442
f 431/431/431 442/442/442 441/441/441
f 433/433/433 435/435/435 443/443/443
f 433/433/433 443/443/443 442/442/442
f 437/437/437 444/444/444 421/421/421
f 444/444/444 419/419/419 421/421/421
f 419/419/419 444/444/444 445/445/445
f 417/417/417 419/419/419 445/445/445
f 417/417/417 445/445/445 446/446/446
f 415/415/415 417/417/417 446/446/446
f 415/415/415 446/446/446 447/447/447
f 413/413/413 415/415/415 447/447/447
f 413/413/413 447/447/447 448/448/448
f 411/411/411 413/413/413 448/448/448
f 411/411/411 448/448/448 449/449/449
f 409/409/409 411/411/411 449/449/449
f 409/409/409 449/449/449 450/450/450
f 407/407/407 409/409/409 450/450/450
f 407/407/407 450/450/450 451/451/451
f 405/405/405 407/407/407 451/451/451
f 405/405/405 451/451/451 452/452/452
f 403/403/403 405/405/405 452/452/452
f 403/403/403 452/452/452 453/453/453
f 401/401/401 403/403/403 453/453/453
f 401/401/401 453/453/453 454/454/454
f 399/399/399 401/401/401 454/454/454
f 399/399/399 454/454/454 455/455/455
f 397/397/397 399/399/399 455/455/455
f 397/397/397 455/455/455 456/456/456
f 395/395/395 397/397/397 456/456/456
f 395/395/395 456/456/456 457/457/457
f 393/393/393 395/395/395 457/457/457
f 393/393/393 457/457/457 458/458/458
f 391/391/391 393/393/393 458/458/458
f 391/391/391 458/458/458 459/459/459
f 389/389/389 391/391/391 459/459/459
f 389/389/389 459/459/459 460/460/460
f 387/387/387 389/389/389 460/460/460
f 387/387/387 460/460/460 461/461/461
f 385/385/385 387/387/387 461/461/461
f 385/385/385 461/461/461 462/462/462
f 383/383/383 385/385/385 462/462/462
f 383/383/383 462/462/462 463/463/463
f 381/381/381 383/383/383 463/463/463
f 381/381/381 463/463/463 464/464/464
f 379/379/379 381/381/381 464/464/464
f 379/379/379 464/464/464 465/465/465
f 377/377/377 379/379/379 465/465/465
f 377/377/377 465/465/465 466/466/466
f 373/373/373 377/377/377 466/466/466
f 460/460/460 459/459/459 467/467/467
f 461/461/461 460/460/460 468/468/468
f 460/460/460 467/467/467 468/468/468
f 462/462/462 461/461/461 469/469/469
f 461/461/461 468/468/468 469/469/469
f 463/463/463 462/462/462 470/470/470
f 462/462/462 469/469/469 470/470/470
f 464/464/464 463/463/463 471/471/471
f 463/463/463 470/470/470 471/471/471
f 465/465/465 464/464/464 472/472/472
f 464/464/464 471/471/471 472/472/472
f 466/466/466 465/465/465 473/473/473
f 465/465/465 472/472/472 473/473/473
f 466/466/466 474/474/474 373/373/373
f 466/466/466 473/473/473 474/474/474
f 474/474/474 475/475/475 373/373/373
f 373/373/373 475/475/475 376/376/376
f 376/376/376 475/475/475 474/474/474
f 476/476/476 376/376/376 474/474/474
f 474/474/474 477/477/477 476/476/476
f 473/473/473 477/477/477 474/474/474
f 477/477/477 478/478/478 476/476/476
f 478/478/478 477/477/477 479/479/479
f 473/473/473 472/472/472 480/480/480
f 473/473/473 480/480/480 477/477/477
f 477/477/477 481/481/481 479/479/479
f 480/480/480 481/481/481 477/477/477
f 479/479/479 481/481/481 480/480/480
f 482/482/482 479/479/479 480/480/480
f 472/472/472 483/483/483 480/480/480
f 480/480/480 483/483/483 482/482/482
f 472/472/472 471/471/471 483/483/483
f 483/483/483 484/484/484 482/482/482
f 471/471/471 485/485/485 483/483/483
f 483/483/483 485/485/485 484/484/484
f 471/471/471 470/470/470 485/485/485
f 485/485/485 486/486/486 484/484/484
f 470/470/470 487/487/487 485/485/485
f 485/485/485 487/487/487 486/486/486
f 470/470/470 469/469/469 487/487/487
f 487/487/487 488/488/488 486/486/486
f 469/469/469 489/489/489 487/487/487
f 487/487/487 489/489/489 488/488/488
f 469/469/469 468/468/468 489/489/489
f 489/489/489 490/490/490 488/488/488
f 468/468/468 491/491/491 489/489/489
f 489/489/489 491/491/491 490/490/490
f 491/491/491 492/492/492 490/490/490
f 468/468/468 467/467/467 491/491/491
f 491/491/491 493/493/493 492/492/492
f 467/467/467 493/493/493 491/491/491
f 493/493/493 494/494/494 492/492/492
f 467/467/467 495/495/495 493/493/493
f 459/459/459 495/495/495 467/467/467
f 459/459/459 458/458/458 495/495/495
f 493/493/493 496/496/496 494/494/494
f 495/495/495 496/496/496 493/493/493
f 496/496/496 497/497/497 494/494/494
f 458/458/458 498/498/498 495/495/495
f 495/495/495 498/498/498 496/496/496
f 458/458/458 457/457/457 498/498/498
f 496/496/496 499/499/499 497/497/497
f 498/498/498 499/499/499 496/496/496
f 499/499/499 500/500/500 497/497/497
f 457/457/457 501/501/501 498/498/498
f 498/498/498 501/501/501 499/499/499
f 457/457/457 456/456/456 501/501/501
f 499/499/499 502/502/502 500/500/500
f 501/501/501 502/502/502 499/499/499
f 502/502/502 503/503/503 500/500/500
f 456/456/456 504/504/504 501/501/501
f 501/501/501 504/504/504 502/502/502
f 456/456/456 455/455/455 504/504/504
f 502/502/502 505/505/505 503/503/503
f 504/504/504 505/505/505 502/502/502
f 505/505/505 506/506/506 503/503/503
f 455/455/455 507/507/507 504/504/504
f 504/504/504 507/507/507 505/505/505
f 455/455/455 454/454/454 507/507/507
f 505/505/505 508/508/508 506/506/506
f 507/507/507 508/508/508 505/505/505
f 508/508/508 509/509/509 506/506/506
f 454/454/454 510/510/510 507/507/507
f 507/507/507 510/510/510 508/508/508
f 454/454/454 453/453/453 510/510/510
f 508/508/508 511/511/511 509/509/509
f 510/510/510 511/511/511 508/508/508
f 511/511/511 512/512/512 509/509/509
f 453/453/453 513/513/513 510/510/510
f 510/510/510 513/513/513 511/511/511
f 453/453/453 452/452/452 513/513/513
f 511/511/511 514/514/514 512/512/512
f 513/513/513 514/514/514 511/511/511
f 514/514/514 515/515/515 512/512/512
f 452/452/452 516/516/516 513/513/513
f 513/513/513 516/516/516 514/514/514
f 452/452/452 451/451/451 516/516/516
f 514/514/514 517/517/517 515/515/515
f 516/516/516 517/517/517 514/514/514
f 517/517/517 518/518/518 515/515/515
f 451/451/451 519/519/519 516/516/516
f 516/516/516 519/519/519 517/517/517
f 451/451/451 450/450/450 519/519/519
f 517/517/517 520/520/520 518/518/518
f 519/519/519 520/520/520 517/517/517
f 520/520/520 521/521/521 518/518/518
f 450/450/450 522/522/522 519/519/519
f 519/519/519 522/522/522 520/520/520
f 450/450/450 449/449/449 522/522/522
f 520/520/520 523/523/523 521/521/521
f 522/522/522 523/523/523 520/520/520
f 523/523/523 524/524/524 521/521/521
f 449/449/449 525/525/525 522/522/522
f 522/522/522 525/525/525 523/523/523
f 449/449/449 448/448/448 525/525/525
f 523/523/523 526/526/526 524/524/524
f 525/525/525 526/526/526 523/523/523
f 526/526/526 527/527/527 524/524/524
f 448/448/448 528/528/528 525/525/525
f 525/525/525 528/528/528 526/526/526
f 448/448/448 447/447/447 528/528/528
f 526/526/526 529/529/529 527/527/527
f 528/528/528 529/529/529 526/526/526
f 529/529/529 530/530/530 527/527/527
f 447/447/447 531/531/531 528/528/528
f 528/528/528 531/531/531 529/529/529
f 447/447/447 446/446/446 531/531/531
f 529/529/529 532/532/532 530/530/530
f 531/531/531 532/532/532 529/529/529
f 532/532/532 533/533/533 530/530/530
f 446/446/446 534/534/534 531/531/531
f 531/531/531 534/534/534 532/532/532
f 446/446/446 445/445/445 534/534/534
f 532/532/532 535/535/535 533/533/533
f 534/534/534 535/535/535 532/532/532
f 535/535/535 536/536/536 533/533/533
f 445/445/445 537/537/537 534/534/534
f 535/535/535 534/534/534 537/537/537
f 445/445/445 444/444/444 537/537/537
f 536/536/536 535/535/535 538/538/538
f 538/538/538 535/535/535 537/537/537
f 539/539/539 536/536/536 538/538/538
f 444/444/444 540/540/540 537/537/537
f 537/537/537 540/540/540 538/538/538
f 444/444/444 437/437/437 540/540/540
f 538/538/538 541/541/541 539/539/539
f 540/540/540 541/541/541 538/538/538
f 541/541/541 542/542/542 539/539/539
f 437/437/437 543/543/543 540/540/540
f 540/540/540 543/543/543 541/541/541
f 437/437/437 438/438/438 543/543/543
f 541/541/541 544/544/544 542/542/542
f 543/543/543 544/544/544 541/541/541
f 544/544/544 545/545/545 542/542/542
f 438/438/438 546/546/546 543/543/543
f 543/543/543 546/546/546 544/544/544
f 438/438/438 439/439/439 546/546/546
f 544/544/544 547/547/547 545/545/545
f 546/546/546 547/547/547 544/544/544
f 547/547/547 548/548/548 545/545/545
f 439/439/439 549/549/549 546/546/546
f 546/546/546 549/549/549 547/547/547
f 439/439/439 440/440/440 549/549/549
f 547/547/547 550/550/550 548/548/548
f 549/549/549 550/550/550 547/547/547
f 550/550/550 551/551/551 548/548/548
f 440/440/440 552/552/552 549/549/549
f 549/549/549 552/552/552 550/550/550
f 440/440/440 441/441/441 552/552/552
f 550/550/550 553/553/553 551/551/551
f 552/552/552 553/553/553 550/550/550
f 553/553/553 554/554/554 551/551/551
f 441/441/441 555/555/555 552/552/552
f 552/552/552 555/555/555 553/553/553
f 441/441/441 442/442/442 555/555/555
f 553/553/553 556/556/556 554/554/554
f 555/555/555 556/556/556 553/553/553
f 556/556/556 557/557/557 554/554/554
f 442/442/442 558/558/558 555/555/555
f 555/555/555 558/558/558 556/556/556
f 442/442/442 443/443/443 558/558/558
f 556/556/556 559/559/559 557/557/557
f 558/558/558 559/559/559 556/556/556
f 559/559/559 560/560/560 557/557/557
f 443/443/443 561/561/561 558/558/558
f 558/558/558 561/561/561 559/559/559
f 559/559/559 562/562/562 560/560/560
f 561/561/561 562/562/562 559/559/559
f 562/562/562 563/563/563 560/560/560
f 443/443/443 564/564/564 561/561/561
f 435/435/435 564/564/564 443/443/443
f 562/562/562 565/565/565 563/563/563
f 565/565/565 566/566/566 563/563/563
f 566/566/566 565/565/565 567/567/567
f 561/561/561 568/568/568 562/562/562
f 564/564/564 568/568/568 561/561/561
f 568/568/568 565/565/565 562/562/562
f 569/569/569 568/568/568 564/564/564
f 568/568/568 569/569/569 565/565/565
f 565/565/565 570/570/570 567/567/567
f 569/569/569 570/570/570 565/565/565
f 567/567/567 570/570/570 569/569/569
f 571/571/571 567/567/567 569/569/569
f 572/572/572 569/569/569 564/564/564
f 571/571/571 569/569/569 572/572/572
f 564/564/564 435/435/435 572/572/572
f 573/573/573 571/571/571 572/572/572
f 573/573/573 572/572/572 436/436/436
f 435/435/435 574/574/574 572/572/572
f 572/572/572 574/574/574 436/436/436
f 436/436/436 574/574/574 435/435/435
f 577/577/577 576/576/576 575/575/575
f 576/576/576 577/577/577 578/578/578
f 579/579/579 577/577/577 575/575/575
f 575/575/575 580/580/580 579/579/579
f 580/580/580 581/581/581 579/579/579
f 582/582/582 581/581/581 580/580/580
f 579/579/579 581/581/581 582/582/582
f 583/583/583 582/582/582 580/580/580
f 582/582/582 583/583/583 584/584/584
f 585/585/585 582/582/582 584/584/584
f 584/584/584 586/586/586 585/585/585
f 587/587/587 579/579/579 582/582/582
f 587/587/587 582/582/582 585/585/585
f 588/588/588 577/577/577 579/579/579
f 587/587/587 588/588/588 579/579/579
f 577/577/577 589/589/589 578/578/578
f 588/588/588 590/590/590 577/577/577
f 590/590/590 589/589/589 577/577/577
f 578/578/578 589/589/589 591/591/591
f 591/591/591 589/589/589 590/590/590
f 592/592/592 578/578/578 591/591/591
f 588/588/588 587/587/587 593/593/593
f 588/588/588 593/593/593 590/590/590
f 594/594/594 587/587/587 585/585/585
f 587/587/587 594/594/594 593/593/593
f 592/592/592 591/591/591 595/595/595
f 596/596/596 592/592/592 595/595/595
f 596/596/596 595/595/595 597/597/597
f 593/593/593 598/598/598 590/590/590
f 599/599/599 593/593/593 594/594/594
f 593/593/593 599/599/599 598/598/598
f 594/594/594 585/585/585 600/600/600
f 600/600/600 599/599/599 594/594/594
f 601/601/601 591/591/591 590/590/590
f 590/590/590 598/598/598 601/601/601
f 591/591/591 601/601/601 602/602/602
f 595/595/595 591/591/591 602/602/602
f 585/585/585 603/603/603 600/600/600
f 586/586/586 603/603/603 585/585/585
f 604/604/604 603/603/603 586/586/586
f 600/600/600 603/603/603 604/604/604
f 605/605/605 604/604/604 586/586/586
f 604/604/604 605/605/605 606/606/606
f 607/607/607 604/604/604 606/606/606
f 606/606/606 608/608/608 607/607/607
f 609/609/609 600/600/600 604/604/604
f 609/609/609 604/604/604 607/607/607
f 609/609/609 610/610/610 600/600/600
f 610/610/610 599/599/599 600/600/600
f 601/601/601 611/611/611 602/602/602
f 598/598/598 611/611/611 601/601/601
f 612/612/612 609/609/609 607/607/607
f 610/610/610 609/609/609 612/612/612
f 608/608/608 613/613/613 607/607/607
f 607/607/607 613/613/613 614/614/614
f 614/614/614 613/613/613 608/608/608
f 612/612/612 607/607/607 614/614/614
f 615/615/615 614/614/614 608/608/608
f 614/614/614 615/615/615 616/616/616
f 617/617/617 614/614/614 616/616/616
f 612/612/612 614/614/614 617/617/617
f 616/616/616 618/618/618 617/617/617
f 619/619/619 610/610/610 612/612/612
f 619/619/619 612/612/612 617/617/617
f 620/620/620 610/610/610 619/619/619
f 610/610/610 620/620/620 599/599/599
f 599/599/599 621/621/621 598/598/598
f 620/620/620 621/621/621 599/599/599
f 598/598/598 621/621/621 622/622/622
f 622/622/622 621/621/621 620/620/620
f 611/611/611 598/598/598 622/622/622
f 619/619/619 617/617/617 623/623/623
f 623/623/623 620/620/620 619/619/619
f 618/618/618 624/624/624 617/617/617
f 617/617/617 624/624/624 623/623/623
f 625/625/625 624/624/624 618/618/618
f 623/623/623 624/624/624 625/625/625
f 626/626/626 625/625/625 618/618/618
f 625/625/625 626/626/626 627/627/627
f 628/628/628 620/620/620 623/623/623
f 628/628/628 622/622/622 620/620/620
f 629/629/629 625/625/625 627/627/627
f 627/627/627 630/630/630 629/629/629
f 631/631/631 623/623/623 625/625/625
f 631/631/631 628/628/628 623/623/623
f 631/631/631 625/625/625 629/629/629
f 628/628/628 631/631/631 632/632/632
f 632/632/632 631/631/631 629/629/629
f 622/622/622 628/628/628 633/633/633
f 633/633/633 628/628/628 632/632/632
f 634/634/634 622/622/622 633/633/633
f 611/611/611 622/622/622 634/634/634
f 633/633/633 632/632/632 635/635/635
f 633/633/633 635/635/635 634/634/634
f 632/632/632 629/629/629 636/636/636
f 632/632/632 636/636/636 635/635/635
f 630/630/630 637/637/637 629/629/629
f 629/629/629 637/637/637 636/636/636
f 636/636/636 637/637/637 630/630/630
f 638/638/638 636/636/636 630/630/630
f 636/636/636 638/638/638 639/639/639
f 635/635/635 636/636/636 639/639/639
f 639/639/639 640/640/640 635/635/635
f 640/640/640 641/641/641 635/635/635
f 635/635/635 641/641/641 634/634/634
f 642/642/642 641/641/641 640/640/640
f 634/634/634 641/641/641 642/642/642
f 643/643/643 642/642/642 640/640/640
f 642/642/642 643/643/643 644/644/644
f 645/645/645 611/611/611 634/634/634
f 645/645/645 634/634/634 642/642/642
f 611/611/611 645/645/645 602/602/602
f 646/646/646 642/642/642 644/644/644
f 645/645/645 642/642/642 646/646/646
f 602/602/602 645/645/645 646/646/646
f 644/644/644 597/597/597 646/646/646
f 602/602/602 646/646/646 595/595/595
f 595/595/595 647/647/647 597/597/597
f 646/646/646 647/647/647 595/595/595
f 597/597/597 647/647/647 646/646/646
f 650/650/650 649/649/649 648/648/648
f 648/648/648 649/649/649 651/651/651
f 652/652/652 650/650/650 648/648/648
f 653/653/653 650/650/650 652/652/652
f 654/654/654 648/648/648 651/651/651
f 654/654/654 651/651/651 655/655/655
f 648/648/648 656/656/656 652/652/652
f 648/648/648 654/654/654 656/656/656
f 657/657/657 654/654/654 655/655/655
f 657/657/657 655/655/655 658/658/658
f 654/654/654 659/659/659 656/656/656
f 654/654/654 657/657/657 659/659/659
f 660/660/660 657/657/657 658/658/658
f 660/660/660 658/658/658 661/661/661
f 657/657/657 662/662/662 659/659/659
f 657/657/657 660/660/660 662/662/662
f 663/663/663 660/660/660 661/661/661
f 663/663/663 661/661/661 664/664/664
f 660/660/660 665/665/665 662/662/662
f 660/660/660 663/663/663 665/665/665
f 666/666/666 663/663/663 664/664/664
f 666/666/666 664/664/664 667/667/667
f 663/663/663 668/668/668 665/665/665
f 663/663/663 666/666/666 668/668/668
f 669/669/669 666/666/666 667/667/667
f 669/669/669 667/667/667 670/670/670
f 666/666/666 671/671/671 668/668/668
f 666/666/666 669/669/669 671/671/671
f 672/672/672 669/669/669 670/670/670
f 672/672/672 670/670/670 673/673/673
f 669/669/669 674/674/674 671/671/671
f 669/669/669 672/672/672 674/674/674
f 675/675/675 672/672/672 673/673/673
f 675/675/675 673/673/673 676/676/676
f 672/672/672 677/677/677 674/674/674
f 672/672/672 675/675/675 677/677/677
f 678/678/678 675/675/675 676/676/676
f 678/678/678 676/676/676 679/679/679
f 675/675/675 680/680/680 677/677/677
f 675/675/675 678/678/678 680/680/680
f 681/681/681 678/678/678 679/679/679
f 681/681/681 679/679/679 682/682/682
f 678/678/678 683/683/683 680/680/680
f 678/678/678 681/681/681 683/683/683
f 684/684/684 681/681/681 682/682/682
f 684/684/684 682/682/682 685/685/685
f 681/681/681 686/686/686 683/683/683
f 681/681/681 684/684/684 686/686/686
f 687/687/687 684/684/684 685/685/685
f 687/687/687 685/685/685 688/688/688
f 684/684/684 689/689/689 686/686/686
f 684/684/684 687/687/687 689/689/689
f 690/690/690 687/687/687 688/688/688
f 690/690/690 688/688/688 691/691/691
f 687/687/687 692/692/692 689/689/689
f 687/687/687 690/690/690 692/692/692
f 693/693/693 690/690/690 691/691/691
f 693/693/693 691/691/691 694/694/694
f 690/690/690 695/695/695 692/692/692
f 690/690/690 693/693/693 695/695/695
f 696/696/696 693/693/693 694/694/694
f 696/696/696 694/694/694 697/697/697
f 693/693/693 698/698/698 695/695/695
f 693/693/693 696/696/696 698/698/698
f 699/699/699 696/696/696 697/697/697
f 699/699/699 697/697/697 700/700/700
f 696/696/696 701/701/701 698/698/698
f 696/696/696 699/699/699 701/701/701
f 702/702/702 699/699/699 700/700/700
f 702/702/702 700/700/700 703/703/703
f 699/699/699 704/704/704 701/701/701
f 699/699/699 702/702/702 704/704/704
f 705/705/705 702/702/702 703/703/703
f 705/705/705 703/703/703 706/706/706
f 702/702/702 707/707/707 704/704/704
f 702/702/702 705/705/705 707/707/707
f 708/708/708 705/705/705 706/706/706
f 708/708/708 706/706/706 709/709/709
f 705/705/705 710/710/710 707/707/707
f 705/705/705 708/708/708 710/710/710
f 711/711/711 708/708/708 709/709/709
f 711/711/711 709/709/709 712/712/712
f 708/708/708 713/713/713 710/710/710
f 708/708/708 711/711/711 713/713/713
f 714/714/714 711/711/711 712/712/712
f 714/714/714 712/712/712 715/715/715
f 711/711/711 716/716/716 713/713/713
f 716/716/716 711/711/711 714/714/714
f 717/717/717 714/714/714 715/715/715
f 717/717/717 715/715/715 718/718/718
f 719/719/719 716/716/716 714/714/714
f 714/714/714 717/717/717 719/719/719
f 720/720/720 717/717/717 718/718/718
f 720/720/720 718/718/718 721/721/721
f 717/717/717 722/722/722 719/719/719
f 717/717/717 720/720/720 722/722/722
f 723/723/723 720/720/720 721/721/721
f 723/723/723 721/721/721 724/724/724
f 720/720/720 725/725/725 722/722/722
f 720/720/720 723/723/723 725/725/725
f 726/726/726 723/723/723 724/724/724
f 726/726/726 724/724/724 727/727/727
f 723/723/723 728/728/728 725/725/725
f 723/723/723 726/726/726 728/728/728
f 729/729/729 726/726/726 727/727/727
f 729/729/729 727/727/727 730/730/730
f 726/726/726 731/731/731 728/728/728
f 726/726/726 729/729/729 731/731/731
f 732/732/732 729/729/729 730/730/730
f 732/732/732 730/730/730 733/733/733
f 729/729/729 734/734/734 731/731/731
f 729/729/729 732/732/732 734/734/734
f 735/735/735 732/732/732 733/733/733
f 735/735/735 733/733/733 736/736/736
f 732/732/732 737/737/737 734/734/734
f 732/732/732 735/735/735 737/737/737
f 738/738/738 735/735/735 736/736/736
f 738/738/738 736/736/736 739/739/739
f 735/735/735 740/740/740 737/737/737
f 735/735/735 738/738/738 740/740/740
f 728/728/728 731/731/731 741/741/741
f 731/731/731 734/734/734 742/742/742
f 731/731/731 742/742/742 741/741/741
f 734/734/734 737/737/737 743/743/743
f 734/734/734 743/743/743 742/742/742
f 737/737/737 740/740/740 744/744/744
f 737/737/737 744/744/744 743/743/743
f 728/728/728 741/741/741 745/745/745
f 725/725/725 728/728/728 745/745/745
f 725/725/725 745/745/745 746/746/746
f 722/722/722 725/725/725 746/746/746
f 722/722/722 746/746/746 747/747/747
f 719/719/719 722/722/722 747/747/747
f 747/747/747 748/748/748 719/719/719
f 748/748/748 716/716/716 719/719/719
f 716/716/716 748/748/748 749/749/749
f 713/713/713 716/716/716 749/749/749
f 713/713/713 749/749/749 750/750/750
f 710/710/710 713/713/713 750/750/750
f 710/710/710 750/750/750 751/751/751
f 707/707/707 710/710/710 751/751/751
f 707/707/707 751/751/751 752/752/752
f 704/704/704 707/707/707 752/752/752
f 704/704/704 752/752/752 753/753/753
f 701/701/701 704/704/704 753/753/753
f 701/701/701 753/753/753 754/754/754
f 698/698/698 701/701/701 754/754/754
f 698/698/698 754/754/754 755/755/755
f 695/695/695 698/698/698 755/755/755
f 695/695/695 755/755/755 756/756/756
f 692/692/692 695/695/695 756/756/756
f 692/692/692 756/756/756 757/757/757
f 689/689/689 692/692/692 757/757/757
f 689/689/689 757/757/757 758/758/758
f 686/686/686 689/689/689 758/758/758
f 686/686/686 758/758/758 759/759/759
f 683/683/683 686/686/686 759/759/759
f 683/683/683 759/759/759 760/760/760
f 680/680/680 683/683/683 760/760/760
f 680/680/680 760/760/760 761/761/761
f 677/677/677 680/680/680 761/761/761
f 677/677/677 761/761/761 762/762/762
f 674/674/674 677/677/677 762/762/762
f 674/674/674 762/762/762 763/763/763
f 671/671/671 674/674/674 763/763/763
f 671/671/671 763/763/763 764/764/764
f 668/668/668 671/671/671 764/764/764
f 668/668/668 764/764/764 765/765/765
f 665/665/665 668/668/668 765/765/765
f 665/665/665 765/765/765 766/766/766
f 662/662/662 665/665/665 766/766/766
f 662/662/662 766/766/766 767/767/767
f 659/659/659 662/662/662 767/767/767
f 659/659/659 767/767/767 768/768/768
f 656/656/656 659/659/659 768/768/768
f 769/769/769 762/762/762 761/761/761
f 770/770/770 763/763/763 762/762/762
f 769/769/769 770/770/770 762/762/762
f 771/771/771 764/764/764 763/763/763
f 770/770/770 771/771/771 763/763/763
f 772/772/772 765/765/765 764/764/764
f 771/771/771 772/772/772 764/764/764
f 773/773/773 766/766/766 765/765/765
f 772/772/772 773/773/773 765/765/765
f 774/774/774 767/767/767 766/766/766
f 773/773/773 774/774/774 766/766/766
f 775/775/775 768/768/768 767/767/767
f 774/774/774 775/775/775 767/767/767
f 768/768/768 776/776/776 656/656/656
f 776/776/776 768/768/768 775/775/775
f 776/776/776 777/777/777 656/656/656
f 656/656/656 777/777/777 652/652/652
f 652/652/652 777/777/777 776/776/776
f 778/778/778 652/652/652 776/776/776
f 778/778/778 653/653/653 652/652/652
f 779/779/779 776/776/776 775/775/775
f 778/778/778 776/776/776 779/779/779
f 653/653/653 778/778/778 780/780/780
f 780/780/780 778/778/778 779/779/779
f 781/781/781 653/653/653 780/780/780
f 782/782/782 781/781/781 780/780/780
f 783/783/783 782/782/782 780/780/780
f 780/780/780 779/779/779 783/783/783
f 784/784/784 782/782/782 783/783/783
f 775/775/775 774/774/774 785/785/785
f 775/775/775 785/785/785 779/779/779
f 779/779/779 786/786/786 783/783/783
f 785/785/785 786/786/786 779/779/779
f 783/783/783 786/786/786 785/785/785
f 787/787/787 784/784/784 783/783/783
f 787/787/787 783/783/783 785/785/785
f 788/788/788 784/784/784 787/787/787
f 774/774/774 789/789/789 785/785/785
f 785/785/785 789/789/789 787/787/787
f 774/774/774 773/773/773 789/789/789
f 790/790/790 788/788/788 787/787/787
f 789/789/789 790/790/790 787/787/787
f 791/791/791 788/788/788 790/790/790
f 773/773/773 792/792/792 789/789/789
f 789/789/789 792/792/792 790/790/790
f 773/773/773 772/772/772 792/792/792
f 793/793/793 791/791/791 790/790/790
f 792/792/792 793/793/793 790/790/790
f 794/794/794 791/791/791 793/793/793
f 772/772/772 795/795/795 792/792/792
f 792/792/792 795/795/795 793/793/793
f 772/772/772 771/771/771 795/795/795
f 796/796/796 794/794/794 793/793/793
f 795/795/795 796/796/796 793/793/793
f 797/797/797 794/794/794 796/796/796
f 771/771/771 798/798/798 795/795/795
f 795/795/795 798/798/798 796/796/796
f 771/771/771 770/770/770 798/798/798
f 799/799/799 797/797/797 796/796/796
f 798/798/798 799/799/799 796/796/796
f 800/800/800 797/797/797 799/799/799
f 770/770/770 801/801/801 798/798/798
f 798/798/798 801/801/801 799/799/799
f 770/770/770 769/769/769 801/801/801
f 802/802/802 800/800/800 799/799/799
f 801/801/801 802/802/802 799/799/799
f 803/803/803 800/800/800 802/802/802
f 769/769/769 804/804/804 801/801/801
f 801/801/801 804/804/804 802/802/802
f 805/805/805 803/803/803 802/802/802
f 804/804/804 805/805/805 802/802/802
f 806/806/806 803/803/803 805/805/805
f 769/769/769 807/807/807 804/804/804
f 807/807/807 769/769/769 761/761/761
f 807/807/807 761/761/761 760/760/760
f 808/808/808 806/806/806 805/805/805
f 809/809/809 806/806/806 808/808/808
f 804/804/804 810/810/810 805/805/805
f 807/807/807 810/810/810 804/804/804
f 810/810/810 808/808/808 805/805/805
f 811/811/811 807/807/807 760/760/760
f 807/807/807 811/811/811 810/810/810
f 811/811/811 760/760/760 759/759/759
f 812/812/812 809/809/809 808/808/808
f 813/813/813 809/809/809 812/812/812
f 810/810/810 814/814/814 808/808/808
f 811/811/811 814/814/814 810/810/810
f 814/814/814 812/812/812 808/808/808
f 815/815/815 811/811/811 759/759/759
f 811/811/811 815/815/815 814/814/814
f 815/815/815 759/759/759 758/758/758
f 816/816/816 813/813/813 812/812/812
f 817/817/817 813/813/813 816/816/816
f 814/814/814 818/818/818 812/812/812
f 815/815/815 818/818/818 814/814/814
f 818/818/818 816/816/816 812/812/812
f 819/819/819 815/815/815 758/758/758
f 815/815/815 819/819/819 818/818/818
f 819/819/819 758/758/758 757/757/757
f 820/820/820 817/817/817 816/816/816
f 821/821/821 817/817/817 820/820/820
f 818/818/818 822/822/822 816/816/816
f 819/819/819 822/822/822 818/818/818
f 822/822/822 820/820/820 816/816/816
f 823/823/823 819/819/819 757/757/757
f 819/819/819 823/823/823 822/822/822
f 823/823/823 757/757/757 756/756/756
f 824/824/824 821/821/821 820/820/820
f 825/825/825 821/821/821 824/824/824
f 822/822/822 826/826/826 820/820/820
f 823/823/823 826/826/826 822/822/822
f 826/826/826 824/824/824 820/820/820
f 827/827/827 823/823/823 756/756/756
f 823/823/823 827/827/827 826/826/826
f 827/827/827 756/756/756 755/755/755
f 828/828/828 825/825/825 824/824/824
f 829/829/829 825/825/825 828/828/828
f 826/826/826 830/830/830 824/824/824
f 827/827/827 830/830/830 826/826/826
f 830/830/830 828/828/828 824/824/824
f 831/831/831 827/827/827 755/755/755
f 827/827/827 831/831/831 830/830/830
f 831/831/831 755/755/755 754/754/754
f 832/832/832 829/829/829 828/828/828
f 833/833/833 829/829/829 832/832/832
f 830/830/830 834/834/834 828/828/828
f 831/831/831 834/834/834 830/830/830
f 834/834/834 832/832/832 828/828/828
f 835/835/835 831/831/831 754/754/754
f 831/831/831 835/835/835 834/834/834
f 835/835/835 754/754/754 753/753/753
f 836/836/836 833/833/833 832/832/832
f 837/837/837 833/833/833 836/836/836
f 834/834/834 838/838/838 832/832/832
f 835/835/835 838/838/838 834/834/834
f 838/838/838 836/836/836 832/832/832
f 839/839/839 835/835/835 753/753/753
f 835/835/835 839/839/839 838/838/838
f 839/839/839 753/753/753 752/752/752
f 840/840/840 837/837/837 836/836/836
f 841/841/841 837/837/837 840/840/840
f 838/838/838 842/842/842 836/836/836
f 839/839/839 842/842/842 838/838/838
f 842/842/842 840/840/840 836/836/836
f 843/843/843 839/839/839 752/752/752
f 839/839/839 843/843/843 842/842/842
f 843/843/843 752/752/752 751/751/751
f 844/844/844 841/841/841 840/840/840
f 845/845/845 841/841/841 844/844/844
f 842/842/842 846/846/846 840/840/840
f 843/843/843 846/846/846 842/842/842
f 846/846/846 844/844/844 840/840/840
f 847/847/847 843/843/843 751/751/751
f 843/843/843 847/847/847 846/846/846
f 847/847/847 751/751/751 750/750/750
f 848/848/848 845/845/845 844/844/844
f 849/849/849 845/845/845 848/848/848
f 846/846/846 850/850/850 844/844/844
f 847/847/847 850/850/850 846/846/846
f 850/850/850 848/848/848 844/844/844
f 851/851/851 847/847/847 750/750/750
f 847/847/847 851/851/851 850/850/850
f 851/851/851 750/750/750 749/749/749
f 852/852/852 849/849/849 848/848/848
f 853/853/853 849/849/849 852/852/852
f 850/850/850 854/854/854 848/848/848
f 851/851/851 854/854/854 850/850/850
f 854/854/854 852/852/852 848/848/848
f 855/855/855 851/851/851 749/749/749
f 851/851/851 855/855/855 854/854/854
f 855/855/855 749/749/749 748/748/748
f 856/856/856 853/853/853 852/852/852
f 857/857/857 853/853/853 856/856/856
f 854/854/854 858/858/858 852/852/852
f 855/855/855 858/858/858 854/854/854
f 858/858/858 856/856/856 852/852/852
f 859/859/859 855/855/855 748/748/748
f 855/855/855 859/859/859 858/858/858
f 859/859/859 748/748/748 747/747/747
f 860/860/860 857/857/857 856/856/856
f 861/861/861 857/857/857 860/860/860
f 858/858/858 862/862/862 856/856/856
f 859/859/859 862/862/862 858/858/858
f 862/862/862 860/860/860 856/856/856
f 863/863/863 859/859/859 747/747/747
f 859/859/859 863/863/863 862/862/862
f 863/863/863 747/747/747 746/746/746
f 864/864/864 861/861/861 860/860/860
f 865/865/865 861/861/861 864/864/864
f 862/862/862 866/866/866 860/860/860
f 863/863/863 866/866/866 862/862/862
f 866/866/866 864/864/864 860/860/860
f 867/867/867 863/863/863 746/746/746
f 863/863/863 867/867/867 866/866/866
f 867/867/867 746/746/746 745/745/745
f 868/868/868 865/865/865 864/864/864
f 869/869/869 865/865/865 868/868/868
f 866/866/866 870/870/870 864/864/864
f 867/867/867 870/870/870 866/866/866
f 870/870/870 868/868/868 864/864/864
f 871/871/871 867/867/867 745/745/745
f 870/870/870 867/867/867 871/871/871
f 871/871/871 745/745/745 741/741/741
f 872/872/872 869/869/869 868/868/868
f 873/873/873 869/869/869 872/872/872
f 868/868/868 870/870/870 874/874/874
f 874/874/874 870/870/870 871/871/871
f 872/872/872 868/868/868 874/874/874
f 875/875/875 871/871/871 741/741/741
f 871/871/871 875/875/875 874/874/874
f 875/875/875 741/741/741 742/742/742
f 876/876/876 873/873/873 872/872/872
f 877/877/877 873/873/873 876/876/876
f 874/874/874 878/878/878 872/872/872
f 875/875/875 878/878/878 874/874/874
f 878/878/878 876/876/876 872/872/872
f 879/879/879 875/875/875 742/742/742
f 875/875/875 879/879/879 878/878/878
f 879/879/879 742/742/742 743/743/743
f 880/880/880 877/877/877 876/876/876
f 881/881/881 877/877/877 880/880/880
f 878/878/878 882/882/882 876/876/876
f 879/879/879 882/882/882 878/878/878
f 882/882/882 880/880/880 876/876/876
f 883/883/883 879/879/879 743/743/743
f 879/879/879 883/883/883 882/882/882
f 883/883/883 743/743/743 744/744/744
f 884/884/884 881/881/881 880/880/880
f 885/885/885 881/881/881 884/884/884
f 882/882/882 886/886/886 880/880/880
f 883/883/883 886/886/886 882/882/882
f 886/886/886 884/884/884 880/880/880
f 887/887/887 883/883/883 744/744/744
f 883/883/883 887/887/887 886/886/886
f 888/888/888 885/885/885 884/884/884
f 889/889/889 885/885/885 888/888/888
f 886/886/886 890/890/890 884/884/884
f 887/887/887 890/890/890 886/886/886
f 890/890/890 888/888/888 884/884/884
f 887/887/887 744/744/744 891/891/891
f 740/740/740 891/891/891 744/744/744
f 892/892/892 889/889/889 888/888/888
f 893/893/893 889/889/889 892/892/892
f 890/890/890 894/894/894 888/888/888
f 894/894/894 892/892/892 888/888/888
f 887/887/887 895/895/895 890/890/890
f 895/895/895 887/887/887 891/891/891
f 895/895/895 894/894/894 890/890/890
f 740/740/740 896/896/896 891/891/891
f 738/738/738 896/896/896 740/740/740
f 897/897/897 893/893/893 892/892/892
f 898/898/898 893/893/893 897/897/897
f 894/894/894 899/899/899 892/892/892
f 899/899/899 897/897/897 892/892/892
f 895/895/895 891/891/891 900/900/900
f 896/896/896 900/900/900 891/891/891
f 895/895/895 901/901/901 894/894/894
f 901/901/901 899/899/899 894/894/894
f 901/901/901 895/895/895 900/900/900
f 738/738/738 902/902/902 896/896/896
f 902/902/902 738/738/738 739/739/739
f 903/903/903 898/898/898 897/897/897
f 898/898/898 903/903/903 904/904/904
f 899/899/899 905/905/905 897/897/897
f 905/905/905 903/903/903 897/897/897
f 903/903/903 906/906/906 904/904/904
f 903/903/903 905/905/905 906/906/906
f 904/904/904 906/906/906 907/907/907
f 896/896/896 908/908/908 900/900/900
f 902/902/902 908/908/908 896/896/896
f 902/902/902 739/739/739 909/909/909
f 902/902/902 909/909/909 908/908/908
f 739/739/739 910/910/910 909/909/909
f 911/911/911 905/905/905 899/899/899
f 901/901/901 911/911/911 899/899/899
f 901/901/901 900/900/900 912/912/912
f 911/911/911 901/901/901 912/912/912
f 908/908/908 912/912/912 900/900/900
f 911/911/911 913/913/913 905/905/905
f 911/911/911 912/912/912 913/913/913
f 905/905/905 914/914/914 906/906/906
f 913/913/913 914/914/914 905/905/905
f 906/906/906 914/914/914 913/913/913
f 912/912/912 908/908/908 915/915/915
f 912/912/912 915/915/915 913/913/913
f 916/916/916 906/906/906 913/913/913
f 913/913/913 915/915/915 916/916/916
f 906/906/906 916/916/916 907/907/907
f 917/917/917 907/907/907 916/916/916
f 910/910/910 917/917/917 918/918/918
f 918/918/918 917/917/917 916/916/916
f 915/915/915 918/918/918 916/916/916
f 909/909/909 910/910/910 918/918/918
f 918/918/918 915/915/915 909/909/909
f 909/909/909 919/919/919 908/908/908
f 915/915/915 919/919/919 909/909/909
f 908/908/908 919/919/919 915/915/915
f 922/922/922 921/921/921 920/920/920
f 921/921/921 922/922/922 923/923/923
f 924/924/924 922/922/922 920/920/920
f 920/920/920 925/925/925 924/924/924
f 925/925/925 926/926/926 924/924/924
f 927/927/927 926/926/926 925/925/925
f 924/924/924 926/926/926 927/927/927
f 928/928/928 927/927/927 925/925/925
f 927/927/927 928/928/928 929/929/929
f 930/930/930 927/927/927 929/929/929
f 929/929/929 931/931/931 930/930/930
f 932/932/932 924/924/924 927/927/927
f 932/932/932 927/927/927 930/930/930
f 933/933/933 922/922/922 924/924/924
f 932/932/932 933/933/933 924/924/924
f 922/922/922 934/934/934 923/923/923
f 933/933/933 935/935/935 922/922/922
f 935/935/935 934/934/934 922/922/922
f 923/923/923 934/934/934 936/936/936
f 936/936/936 934/934/934 935/935/935
f 937/937/937 923/923/923 936/936/936
f 933/933/933 932/932/932 938/938/938
f 933/933/933 938/938/938 935/935/935
f 939/939/939 932/932/932 930/930/930
f 932/932/932 939/939/939 938/938/938
f 937/937/937 936/936/936 940/940/940
f 941/941/941 937/937/937 940/940/940
f 941/941/941 940/940/940 942/942/942
f 938/938/938 943/943/943 935/935/935
f 944/944/944 938/938/938 939/939/939
f 938/938/938 944/944/944 943/943/943
f 939/939/939 930/930/930 945/945/945
f 945/945/945 944/944/944 939/939/939
f 946/946/946 936/936/936 935/935/935
f 935/935/935 943/943/943 946/946/946
f 936/936/936 946/946/946 947/947/947
f 940/940/940 936/936/936 947/947/947
f 930/930/930 948/948/948 945/945/945
f 931/931/931 948/948/948 930/930/930
f 949/949/949 948/948/948 931/931/931
f 945/945/945 948/948/948 949/949/949
f 950/950/950 949/949/949 931/931/931
f 949/949/949 950/950/950 951/951/951
f 952/952/952 949/949/949 951/951/951
f 951/951/951 953/953/953 952/952/952
f 954/954/954 945/945/945 949/949/949
f 954/954/954 949/949/949 952/952/952
f 954/954/954 955/955/955 945/945/945
f 955/955/955 944/944/944 945/945/945
f 946/946/946 956/956/956 947/947/947
f 943/943/943 956/956/956 946/946/946
f 957/957/957 954/954/954 952/952/952
f 955/955/955 954/954/954 957/957/957
f 953/953/953 958/958/958 952/952/952
f 952/952/952 958/958/958 959/959/959
f 959/959/959 958/958/958 953/953/953
f 957/957/957 952/952/952 959/959/959
f 960/960/960 959/959/959 953/953/953
f 959/959/959 960/960/960 961/961/961
f 962/962/962 959/959/959 961/961/961
f 957/957/957 959/959/959 962/962/962
f 961/961/961 963/963/963 962/962/962
f 964/964/964 955/955/955 957/957/957
f 964/964/964 957/957/957 962/962/962
f 965/965/965 955/955/955 964/964/964
f 955/955/955 965/965/965 944/944/944
f 944/944/944 966/966/966 943/943/943
f 965/965/965 966/966/966 944/944/944
f 943/943/943 966/966/966 967/967/967
f 967/967/967 966/966/966 965/965/965
f 956/956/956 943/943/943 967/967/967
f 964/964/964 962/962/962 968/968/968
f 968/968/968 965/965/965 964/964/964
f 963/963/963 969/969/969 962/962/962
f 962/962/962 969/969/969 968/968/968
f 970/970/970 969/969/969 963/963/963
f 968/968/968 969/969/969 970/970/970
f 971/971/971 970/970/970 963/963/963
f 970/970/970 971/971/971 972/972/972
f 973/973/973 965/965/965 968/968/968
f 973/973/973 967/967/967 965/965/965
f 974/974/974 970/970/970 972/972/972
f 972/972/972 975/975/975 974/974/974
f 976/976/976 968/968/968 970/970/970
f 976/976/976 973/973/973 968/968/968
f 976/976/976 970/970/970 974/974/974
f 973/973/973 976/976/976 977/977/977
f 977/977/977 976/976/976 974/974/974
f 967/967/967 973/973/973 978/978/978
f 978/978/978 973/973/973 977/977/977
f 979/979/979 967/967/967 978/978/978
f 956/956/956 967/967/967 979/979/979
f 978/978/978 977/977/977 980/980/980
f 978/978/978 980/980/980 979/979/979
f 977/977/977 974/974/974 981/981/981
f 977/977/977 981/981/981 980/980/980
f 975/975/975 982/982/982 974/974/974
f 974/974/974 982/982/982 981/981/981
f 981/981/981 982/982/982 975/975/975
f 983/983/983 981/981/981 975/975/975
f 981/981/981 983/983/983 984/984/984
f 980/980/980 981/981/981 984/984/984
f 984/984/984 985/985/985 980/980/980
f 985/985/985 986/986/986 980/980/980
f 980/980/980 986/986/986 979/979/979
f 987/987/987 986/986/986 985/985/985
f 979/979/979 986/986/986 987/987/987
f 988/988/988 987/987/987 985/985/985
f 987/987/987 988/988/988 989/989/989
f 990/990/990 956/956/956 979/979/979
f 990/990/990 979/979/979 987/987/987
f 956/956/956 990/990/990 947/947/947
f 991/991/991 987/987/987 989/989/989
f 990/990/990 987/987/987 991/991/991
f 947/947/947 990/990/990 991/991/991
f 989/989/989 942/942/942 991/991/991
f 947/947/947 991/991/991 940/940/940
f 940/940/940 992/992/992 942/942/942
f 991/991/991 992/992/992 940/940/940
f 942/942/942 992/992/992 991/991/991
f 995/995/995 994/994/994 993/993/993
f 994/994/994 995/995/995 996/996/996
f 997/997/997 995/995/995 993/993/993
f 993/993/993 998/998/998 997/997/997
f 998/998/998 999/999/999 997/997/997
f 1000/1000/1000 999/999/999 998/998/998
f 997/997/997 999/999/999 1000/1000/1000
f 1001/1001/1001 1000/1000/1000 998/998/998
f 1000/1000/1000 1001/1001/1001 1002/1002/1002
f 1003/1003/1003 1000/1000/1000 1002/1002/1002
f 1002/1002/1002 1004/1004/1004 1003/1003/1003
f 1005/1005/1005 997/997/997 1000/1000/1000
f 1005/1005/1005 1000/1000/1000 1003/1003/1003
f 1006/1006/1006 995/995/995 997/997/997
f 1005/1005/1005 1006/1006/1006 997/997/997
f 995/995/995 1007/1007/1007 996/996/996
f 1006/1006/1006 1008/1008/1008 995/995/995
f 1008/1008/1008 1007/1007/1007 995/995/995
f 996/996/996 1007/1007/1007 1009/1009/1009
f 1009/1009/1009 1007/1007/1007 1008/1008/1008
f 1010/1010/1010 996/996/996 1009/1009/1009
f 1006/1006/1006 1005/1005/1005 1011/1011/1011
f 1006/1006/1006 1011/1011/1011 1008/1008/1008
f 1012/1012/1012 1005/1005/1005 1003/1003/1003
f 1005/1005/1005 1012/1012/1012 1011/1011/1011
f 1010/1010/1010 1009/1009/1009 1013/1013/1013
f 1014/1014/1014 1010/1010/1010 1013/1013/1013
f 1014/1014/1014 1013/1013/1013 1015/1015/1015
f 1011/1011/1011 1016/1016/1016 1008/1008/1008
f 1017/1017/1017 1011/1011/1011 1012/1012/1012
f 1011/1011/1011 1017/1017/1017 1016/1016/1016
f 1012/1012/1012 1003/1003/1003 1018/1018/1018
f 1018/1018/1018 1017/1017/1017 1012/1012/1012
f 1019/1019/1019 1009/1009/1009 1008/1008/1008
f 1008/1008/1008 1016/1016/1016 1019/1019/1019
f 1009/1009/1009 1019/1019/1019 1020/1020/1020
f 1013/1013/1013 1009/1009/1009 1020/1020/1020
f 1003/1003/1003 1021/1021/1021 1018/1018/1018
f 1004/1004/1004 1021/1021/1021 1003/1003/1003
f 1022/1022/1022 1021/1021/1021 1004/1004/1004
f 1018/1018/1018 1021/1021/1021 1022/1022/1022
f 1023/1023/1023 1022/1022/1022 1004/1004/1004
f 1022/1022/1022 1023/1023/1023 1024/1024/1024
f 1025/1025/1025 1022/1022/1022 1024/1024/1024
f 1024/1024/1024 1026/1026/1026 1025/1025/1025
f 1027/1027/1027 1018/1018/1018 1022/1022/1022
f 1027/1027/1027 1022/1022/1022 1025/1025/1025
f 1027/1027/1027 1028/1028/1028 1018/1018/1018
f 1028/1028/1028 1017/1017/1017 1018/1018/1018
f 1019/1019/1019 1029/1029/1029 1020/1020/1020
f 1016/1016/1016 1029/1029/1029 1019/1019/1019
f 1030/1030/1030 1027/1027/1027 1025/1025/1025
f 1028/1028/1028 1027/1027/1027 1030/1030/1030
f 1026/1026/1026 1031/1031/1031 1025/1025/1025
f 1025/1025/1025 1031/1031/1031 1032/1032/1032
f 1032/1032/1032 1031/1031/1031 1026/1026/1026
f 1030/1030/1030 1025/1025/1025 1032/1032/1032
f 1033/1033/1033 1032/1032/1032 1026/1026/1026
f 1032/1032/1032 1033/1033/1033 1034/1034/1034
f 1035/1035/1035 1032/1032/1032 1034/1034/1034
f 1030/1030/1030 1032/1032/1032 1035/1035/1035
f 1034/1034/1034 1036/1036/1036 1035/1035/1035
f 1037/1037/1037 1028/1028/1028 1030/1030/1030
f 1037/1037/1037 1030/1030/1030 1035/1035/1035
f 1038/1038/1038 1028/1028/1028 1037/1037/1037
f 1028/1028/1028 1038/1038/1038 1017/1017/1017
f 1017/1017/1017 1039/1039/1039 1016/1016/1016
f 1038/1038/1038 1039/1039/1039 1017/1017/1017
f 1016/1016/1016 1039/1039/1039 1040/1040/1040
f 1040/1040/1040 1039/1039/1039 1038/1038/1038
f 1029/1029/1029 1016/1016/1016 1040/1040/1040
f 1037/1037/1037 1035/1035/1035 1041/1041/1041
f 1041/1041/1041 1038/1038/1038 1037/1037/1037
f 1036/1036/1036 1042/1042/1042 1035/1035/1035
f 1035/1035/1035 1042/1042/1042 1041/1041/1041
f 1043/1043/1043 1042/1042/1042 1036/1036/1036
f 1041/1041/1041 1042/1042/1042 1043/1043/1043
f 1044/1044/1044 1043/1043/1043 1036/1036/1036
f 1043/1043/1043 1044/1044/1044 1045/1045/1045
f 1046/1046/1046 1038/1038/1038 1041/1041/1041
f 1046/1046/1046 1040/1040/1040 1038/1038/1038
f 1047/1047/1047 1043/1043/1043 1045/1045/1045
f 1045/1045/1045 1048/1048/1048 1047/1047/1047
f 1049/1049/1049 1041/1041/1041 1043/1043/1043
f 1049/1049/1049 1046/1046/1046 1041/1041/1041
f 1049/1049/1049 1043/1043/1043 1047/1047/1047
f 1046/1046/1046 1049/1049/1049 1050/1050/1050
f 1050/1050/1050 1049/1049/1049 1047/1047/1047
f 1040/1040/1040 1046/1046/1046 1051/1051/1051
f 1051/1051/1051 1046/1046/1046 1050/1050/1050
f 1052/1052/1052 1040/1040/1040 1051/1051/1051
f 1029/1029/1029 1040/1040/1040 1052/1052/1052
f 1051/1051/1051 1050/1050/1050 1053/1053/1053
f 1051/1051/1051 1053/1053/1053 1052/1052/1052
f 1050/1050/1050 1047/1047/1047 1054/1054/1054
f 1050/1050/1050 1054/1054/1054 1053/1053/1053
f 1048/1048/1048 1055/1055/1055 1047/1047/1047
f 1047/1047/1047 1055/1055/1055 1054/1054/1054
f 1054/1054/1054 1055/1055/1055 1048/1048/1048
f 1056/1056/1056 1054/1054/1054 1048/1048/1048
f 1054/1054/1054 1056/1056/1056 1057/1057/1057
f 1053/1053/1053 1054/1054/1054 1057/1057/1057
f 1057/1057/1057 1058/1058/1058 1053/1053/1053
f 1058/1058/1058 1059/1059/1059 1053/1053/1053
f 1053/1053/1053 1059/1059/1059 1052/1052/1052
f 1060/1060/1060 1059/1059/1059 1058/1058/1058
f 1052/1052/1052 1059/1059/1059 1060/1060/1060
f 1061/1061/1061 1060/1060/1060 1058/1058/1058
f 1060/1060/1060 1061/1061/1061 1062/1062/1062
f 1063/1063/1063 1029/1029/1029 1052/1052/1052
f 1063/1063/1063 1052/1052/1052 1060/1060/1060
f 1029/1029/1029 1063/1063/1063 1020/1020/1020
f 1064/1064/1064 1060/1060/1060 1062/1062/1062
f 1063/1063/1063 1060/1060/1060 1064/1064/1064
f 1020/1020/1020 1063/1063/1063 1064/1064/1064
f 1062/1062/1062 1015/1015/1015 1064/1064/1064
f 1020/1020/1020 1064/1064/1064 1013/1013/1013
f 1013/1013/1013 1065/1065/1065 1015/1015/1015
f 1064/1064/1064 1065/1065/1065 1013/1013/1013
f 1015/1015/1015 1065/1065/1065 1064/1064/1064
f 1068/1068/1068 1067/1067/1067 1066/1066/1066
f 1067/1067/1067 1068/1068/1068 1069/1069/1069
f 1070/1070/1070 1068/1068/1068 1066/1066/1066
f 1066/1066/1066 1071/1071/1071 1070/1070/1070
f 1071/1071/1071 1072/1072/1072 1070/1070/1070
f 1073/1073/1073 1072/1072/1072 1071/1071/1071
f 1070/1070/1070 1072/1072/1072 1073/1073/1073
f 1074/1074/1074 1073/1073/1073 1071/1071/1071
f 1073/1073/1073 1074/1074/1074 1075/1075/1075
f 1076/1076/1076 1073/1073/1073 1075/1075/1075
f 1075/1075/1075 1077/1077/1077 1076/1076/1076
f 1078/1078/1078 1070/1070/1070 1073/1073/1073
f 1078/1078/1078 1073/1073/1073 1076/1076/1076
f 1079/1079/1079 1068/1068/1068 1070/1070/1070
f 1078/1078/1078 1079/1079/1079 1070/1070/1070
f 1068/1068/1068 1080/1080/1080 1069/1069/1069
f 1079/1079/1079 1081/1081/1081 1068/1068/1068
f 1081/1081/1081 1080/1080/1080 1068/1068/1068
f 1069/1069/1069 1080/1080/1080 1082/1082/1082
f 1082/1082/1082 1080/1080/1080 1081/1081/1081
f 1083/1083/1083 1069/1069/1069 1082/1082/1082
f 1079/1079/1079 1078/1078/1078 1084/1084/1084
f 1079/1079/1079 1084/1084/1084 1081/1081/1081
f 1085/1085/1085 1078/1078/1078 1076/1076/1076
f 1078/1078/1078 1085/1085/1085 1084/1084/1084
f 1083/1083/1083 1082/1082/1082 1086/1086/1086
f 1087/1087/1087 1083/1083/1083 1086/1086/1086
f 1087/1087/1087 1086/1086/1086 1088/1088/1088
f 1084/1084/1084 1089/1089/1089 1081/1081/1081
f 1090/1090/1090 1084/1084/1084 1085/1085/1085
f 1084/1084/1084 1090/1090/1090 1089/1089/1089
f 1085/1085/1085 1076/1076/1076 1091/1091/1091
f 1091/1091/1091 1090/1090/1090 1085/1085/1085
f 1092/1092/1092 1082/1082/1082 1081/1081/1081
f 1081/1081/1081 1089/1089/1089 1092/1092/1092
f 1082/1082/1082 1092/1092/1092 1093/1093/1093
f 1086/1086/1086 1082/1082/1082 1093/1093/1093
f 1076/1076/1076 1094/1094/1094 1091/1091/1091
f 1077/1077/1077 1094/1094/1094 1076/1076/1076
f 1095/1095/1095 1094/1094/1094 1077/1077/1077
f 1091/1091/1091 1094/1094/1094 1095/1095/1095
f 1096/1096/1096 1095/1095/1095 1077/1077/1077
f 1095/1095/1095 1096/1096/1096 1097/1097/1097
f 1098/1098/1098 1095/1095/1095 1097/1097/1097
f 1097/1097/1097 1099/1099/1099 1098/1098/1098
f 1100/1100/1100 1091/1091/1091 1095/1095/1095
f 1100/1100/1100 1095/1095/1095 1098/1098/1098
f 1100/1100/1100 1101/1101/1101 1091/1091/1091
f 1101/1101/1101 1090/1090/1090 1091/1091/1091
f 1092/1092/1092 1102/1102/1102 1093/1093/1093
f 1089/1089/1089 1102/1102/1102 1092/1092/1092
f 1103/1103/1103 1100/1100/1100 1098/1098/1098
f 1101/1101/1101 1100/1100/1100 1103/1103/1103
f 1099/1099/1099 1104/1104/1104 1098/1098/1098
f 1098/1098/1098 1104/1104/1104 1105/1105/1105
f 1105/1105/1105 1104/1104/1104 1099/1099/1099
f 1103/1103/1103 1098/1098/1098 1105/1105/1105
f 1106/1106/1106 1105/1105/1105 1099/1099/1099
f 1105/1105/1105 1106/1106/1106 1107/1107/1107
f 1108/1108/1108 1105/1105/1105 1107/1107/1107
f 1103/1103/1103 1105/1105/1105 1108/1108/1108
f 1107/1107/1107 1109/1109/1109 1108/1108/1108
f 1110/1110/1110 1101/1101/1101 1103/1103/1103
f 1110/1110/1110 1103/1103/1103 1108/1108/1108
f 1111/1111/1111 1101/1101/1101 1110/1110/1110
f 1101/1101/1101 1111/1111/1111 1090/1090/1090
f 1090/1090/1090 1112/1112/1112 1089/1089/1089
f 1111/1111/1111 1112/1112/1112 1090/1090/1090
f 1089/1089/1089 1112/1112/1112 1113/1113/1113
f 1113/1113/1113 1112/1112/1112 1111/1111/1111
f 1102/1102/1102 1089/1089/1089 1113/1113/1113
f 1110/1110/1110 1108/1108/1108 1114/1114/1114
f 1114/1114/1114 1111/1111/1111 1110/1110/1110
f 1109/1109/1109 1115/1115/1115 1108/1108/1108
f 1108/1108/1108 1115/1115/1115 1114/1114/1114
f 1116/1116/1116 1115/1115/1115 1109/1109/1109
f 1114/1114/1114 1115/1115/1115 1116/1116/1116
f 1117/1117/1117 1116/1116/1116 1109/1109/1109
f 1116/1116/1116 1117/1117/1117 1118/1118/1118
f 1119/1119/1119 1111/1111/1111 1114/1114/1114
f 1119/1119/1119 1113/1113/1113 1111/1111/1111
f 1120/1120/1120 1116/1116/1116 1118/1118/1118
f 1118/1118/1118 1121/1121/1121 1120/1120/1120
f 1122/1122/1122 1114/1114/1114 1116/1116/1116
f 1122/1122/1122 1119/1119/1119 1114/1114/1114
f 1122/1122/1122 1116/1116/1116 1120/1120/1120
f 1119/1119/1119 1122/1122/1122 1123/1123/1123
f 1123/1123/1123 1122/1122/1122 1120/1120/1120
f 1113/1113/1113 1119/1119/1119 1124/1124/1124
f 1124/1124/1124 1119/1119/1119 1123/1123/1123
f 1125/1125/1125 1113/1113/1113 1124/1124/1124
f 1102/1102/1102 1113/1113/1113 1125/1125/1125
f 1124/1124/1124 1123/1123/1123 1126/1126/1126
f 1124/1124/1124 1126/1126/1126 1125/1125/1125
f 1123/1123/1123 1120/1120/1120 1127/1127/1127
f 1123/1123/1123 1127/1127/1127 1126/1126/1126
f 1121/1121/1121 1128/1128/1128 1120/1120/1120
f 1120/1120/1120 1128/1128/1128 1127/1127/1127
f 1127/1127/1127 1128/1128/1128 1121/1121/1121
f 1129/1129/1129 1127/1127/1127 1121/1121/1121
f 1127/1127/1127 1129/1129/1129 1130/1130/1130
f 1126/1126/1126 1127/1127/1127 1130/1130/1130
f 1130/1130/1130 1131/1131/1131 1126/1126/1126
f 1131/1131/1131 1132/1132/1132 1126/1126/1126
f 1126/1126/1126 1132/1132/1132 1125/1125/1125
f 1133/1133/1133 1132/1132/1132 1131/1131/1131
f 1125/1125/1125 1132/1132/1132 1133/1133/1133
f 1134/1134/1134 1133/1133/1133 1131/1131/1131
f 1133/1133/1133 1134/1134/1134 1135/1135/1135
f 1136/1136/1136 1102/1102/1102 1125/1125/1125
f 1136/1136/1136 1125/1125/1125 1133/1133/1133
f 1102/1102/1102 1136/1136/1136 1093/1093/1093
f 1137/1137/1137 1133/1133/1133 1135/1135/1135
f 1136/1136/1136 1133/1133/1133 1137/1137/1137
f 1093/1093/1093 1136/1136/1136 1137/1137/1137
f 1135/1135/1135 1088/1088/1088 1137/1137/1137
f 1093/1093/1093 1137/1137/1137 1086/1086/1086
f 1086/1086/1086 1138/1138/1138 1088/1088/1088
f 1137/1137/1137 1138/1138/1138 1086/1086/1086
f 1088/1088/1088 1138/1138/1138 1137/1137/1137
f 1141/1141/1141 1140/1140/1140 1139/1139/1139
f 1139/1139/1139 1140/1140/1140 1142/1142/1142
f 1140/1140/1140 1143/1143/1143 1142/1142/1142
f 1144/1144/1144 1142/1142/1142 1143/1143/1143
f 1145/1145/1145 1144/1144/1144 1143/1143/1143
f 1146/1146/1146 1141/1141/1141 1139/1139/1139
f 1141/1141/1141 1146/1146/1146 1147/1147/1147
f 1148/1148/1148 1142/1142/1142 1144/1144/1144
f 1142/1142/1142 1148/1148/1148 1139/1139/1139
f 1149/1149/1149 1144/1144/1144 1145/1145/1145
f 1150/1150/1150 1149/1149/1149 1145/1145/1145
f 1146/1146/1146 1151/1151/1151 1147/1147/1147
f 1147/1147/1147 1151/1151/1151 1152/1152/1152
f 1151/1151/1151 1153/1153/1153 1152/1152/1152
f 1152/1152/1152 1153/1153/1153 1154/1154/1154
f 1151/1151/1151 1146/1146/1146 1155/1155/1155
f 1151/1151/1151 1155/1155/1155 1153/1153/1153
f 1146/1146/1146 1139/1139/1139 1156/1156/1156
f 1146/1146/1146 1156/1156/1156 1155/1155/1155
f 1157/1157/1157 1148/1148/1148 1144/1144/1144
f 1144/1144/1144 1149/1149/1149 1157/1157/1157
f 1158/1158/1158 1149/1149/1149 1150/1150/1150
f 1159/1159/1159 1158/1158/1158 1150/1150/1150
f 1160/1160/1160 1158/1158/1158 1159/1159/1159
f 1161/1161/1161 1160/1160/1160 1159/1159/1159
f 1158/1158/1158 1162/1162/1162 1149/1149/1149
f 1158/1158/1158 1160/1160/1160 1162/1162/1162
f 1149/1149/1149 1163/1163/1163 1157/1157/1157
f 1162/1162/1162 1163/1163/1163 1149/1149/1149
f 1157/1157/1157 1163/1163/1163 1162/1162/1162
f 1160/1160/1160 1161/1161/1161 1164/1164/1164
f 1161/1161/1161 1165/1165/1165 1164/1164/1164
f 1160/1160/1160 1166/1166/1166 1162/1162/1162
f 1160/1160/1160 1164/1164/1164 1166/1166/1166
f 1167/1167/1167 1157/1157/1157 1162/1162/1162
f 1162/1162/1162 1166/1166/1166 1167/1167/1167
f 1168/1168/1168 1148/1148/1148 1157/1157/1157
f 1167/1167/1167 1168/1168/1168 1157/1157/1157
f 1164/1164/1164 1165/1165/1165 1169/1169/1169
f 1165/1165/1165 1170/1170/1170 1169/1169/1169
f 1171/1171/1171 1169/1169/1169 1170/1170/1170
f 1172/1172/1172 1171/1171/1171 1170/1170/1170
f 1169/1169/1169 1173/1173/1173 1164/1164/1164
f 1169/1169/1169 1171/1171/1171 1173/1173/1173
f 1174/1174/1174 1171/1171/1171 1172/1172/1172
f 1175/1175/1175 1174/1174/1174 1172/1172/1172
f 1164/1164/1164 1176/1176/1176 1166/1166/1166
f 1173/1173/1173 1176/1176/1176 1164/1164/1164
f 1166/1166/1166 1176/1176/1176 1177/1177/1177
f 1177/1177/1177 1176/1176/1176 1173/1173/1173
f 1166/1166/1166 1178/1178/1178 1167/1167/1167
f 1178/1178/1178 1166/1166/1166 1177/1177/1177
f 1179/1179/1179 1168/1168/1168 1167/1167/1167
f 1178/1178/1178 1179/1179/1179 1167/1167/1167
f 1171/1171/1171 1180/1180/1180 1173/1173/1173
f 1171/1171/1171 1174/1174/1174 1180/1180/1180
f 1181/1181/1181 1174/1174/1174 1175/1175/1175
f 1182/1182/1182 1181/1181/1181 1175/1175/1175
f 1183/1183/1183 1181/1181/1181 1182/1182/1182
f 1184/1184/1184 1183/1183/1183 1182/1182/1182
f 1181/1181/1181 1185/1185/1185 1174/1174/1174
f 1181/1181/1181 1183/1183/1183 1185/1185/1185
f 1174/1174/1174 1186/1186/1186 1180/1180/1180
f 1185/1185/1185 1186/1186/1186 1174/1174/1174
f 1180/1180/1180 1186/1186/1186 1185/1185/1185
f 1173/1173/1173 1180/1180/1180 1187/1187/1187
f 1187/1187/1187 1177/1177/1177 1173/1173/1173
f 1177/1177/1177 1188/1188/1188 1178/1178/1178
f 1188/1188/1188 1179/1179/1179 1178/1178/1178
f 1183/1183/1183 1184/1184/1184 1189/1189/1189
f 1184/1184/1184 1190/1190/1190 1189/1189/1189
f 1183/1183/1183 1191/1191/1191 1185/1185/1185
f 1183/1183/1183 1189/1189/1189 1191/1191/1191
f 1192/1192/1192 1180/1180/1180 1185/1185/1185
f 1180/1180/1180 1192/1192/1192 1187/1187/1187
f 1185/1185/1185 1191/1191/1191 1192/1192/1192
f 1187/1187/1187 1193/1193/1193 1177/1177/1177
f 1193/1193/1193 1187/1187/1187 1192/1192/1192
f 1193/1193/1193 1188/1188/1188 1177/1177/1177
f 1194/1194/1194 1193/1193/1193 1192/1192/1192
f 1191/1191/1191 1194/1194/1194 1192/1192/1192
f 1195/1195/1195 1193/1193/1193 1194/1194/1194
f 1193/1193/1193 1195/1195/1195 1188/1188/1188
f 1194/1194/1194 1191/1191/1191 1196/1196/1196
f 1196/1196/1196 1195/1195/1195 1194/1194/1194
f 1189/1189/1189 1190/1190/1190 1197/1197/1197
f 1190/1190/1190 1198/1198/1198 1197/1197/1197
f 1189/1189/1189 1199/1199/1199 1191/1191/1191
f 1191/1191/1191 1199/1199/1199 1196/1196/1196
f 1200/1200/1200 1199/1199/1199 1189/1189/1189
f 1197/1197/1197 1200/1200/1200 1189/1189/1189
f 1196/1196/1196 1199/1199/1199 1200/1200/1200
f 1201/1201/1201 1197/1197/1197 1198/1198/1198
f 1197/1197/1197 1201/1201/1201 1200/1200/1200
f 1202/1202/1202 1201/1201/1201 1198/1198/1198
f 1203/1203/1203 1201/1201/1201 1202/1202/1202
f 1204/1204/1204 1203/1203/1203 1202/1202/1202
f 1201/1201/1201 1205/1205/1205 1200/1200/1200
f 1201/1201/1201 1203/1203/1203 1205/1205/1205
f 1206/1206/1206 1196/1196/1196 1200/1200/1200
f 1200/1200/1200 1205/1205/1205 1206/1206/1206
f 1206/1206/1206 1207/1207/1207 1196/1196/1196
f 1207/1207/1207 1195/1195/1195 1196/1196/1196
f 1208/1208/1208 1203/1203/1203 1204/1204/1204
f 1209/1209/1209 1208/1208/1208 1204/1204/1204
f 1210/1210/1210 1208/1208/1208 1209/1209/1209
f 1211/1211/1211 1210/1210/1210 1209/1209/1209
f 1208/1208/1208 1212/1212/1212 1203/1203/1203
f 1208/1208/1208 1210/1210/1210 1212/1212/1212
f 1203/1203/1203 1213/1213/1213 1205/1205/1205
f 1212/1212/1212 1213/1213/1213 1203/1203/1203
f 1205/1205/1205 1213/1213/1213 1212/1212/1212
f 1205/1205/1205 1214/1214/1214 1206/1206/1206
f 1214/1214/1214 1205/1205/1205 1212/1212/1212
f 1207/1207/1207 1206/1206/1206 1214/1214/1214
f 1210/1210/1210 1211/1211/1211 1215/1215/1215
f 1211/1211/1211 1216/1216/1216 1215/1215/1215
f 1210/1210/1210 1217/1217/1217 1212/1212/1212
f 1212/1212/1212 1217/1217/1217 1214/1214/1214
f 1210/1210/1210 1215/1215/1215 1217/1217/1217
f 1218/1218/1218 1207/1207/1207 1214/1214/1214
f 1217/1217/1217 1218/1218/1218 1214/1214/1214
f 1219/1219/1219 1207/1207/1207 1218/1218/1218
f 1207/1207/1207 1219/1219/1219 1195/1195/1195
f 1218/1218/1218 1217/1217/1217 1220/1220/1220
f 1220/1220/1220 1219/1219/1219 1218/1218/1218
f 1215/1215/1215 1216/1216/1216 1221/1221/1221
f 1216/1216/1216 1222/1222/1222 1221/1221/1221
f 1215/1215/1215 1223/1223/1223 1217/1217/1217
f 1217/1217/1217 1223/1223/1223 1220/1220/1220
f 1224/1224/1224 1223/1223/1223 1215/1215/1215
f 1221/1221/1221 1224/1224/1224 1215/1215/1215
f 1220/1220/1220 1223/1223/1223 1224/1224/1224
f 1225/1225/1225 1221/1221/1221 1222/1222/1222
f 1221/1221/1221 1225/1225/1225 1224/1224/1224
f 1154/1154/1154 1225/1225/1225 1222/1222/1222
f 1153/1153/1153 1225/1225/1225 1154/1154/1154
f 1225/1225/1225 1226/1226/1226 1224/1224/1224
f 1225/1225/1225 1153/1153/1153 1226/1226/1226
f 1227/1227/1227 1220/1220/1220 1224/1224/1224
f 1224/1224/1224 1226/1226/1226 1227/1227/1227
f 1153/1153/1153 1228/1228/1228 1226/1226/1226
f 1155/1155/1155 1228/1228/1228 1153/1153/1153
f 1226/1226/1226 1228/1228/1228 1155/1155/1155
f 1229/1229/1229 1226/1226/1226 1155/1155/1155
f 1226/1226/1226 1229/1229/1229 1227/1227/1227
f 1155/1155/1155 1156/1156/1156 1229/1229/1229
f 1227/1227/1227 1230/1230/1230 1220/1220/1220
f 1227/1227/1227 1229/1229/1229 1230/1230/1230
f 1230/1230/1230 1219/1219/1219 1220/1220/1220
f 1229/1229/1229 1231/1231/1231 1230/1230/1230
f 1156/1156/1156 1231/1231/1231 1229/1229/1229
f 1230/1230/1230 1232/1232/1232 1219/1219/1219
f 1232/1232/1232 1230/1230/1230 1231/1231/1231
f 1231/1231/1231 1156/1156/1156 1233/1233/1233
f 1233/1233/1233 1232/1232/1232 1231/1231/1231
f 1232/1232/1232 1234/1234/1234 1219/1219/1219
f 1219/1219/1219 1234/1234/1234 1195/1195/1195
f 1195/1195/1195 1234/1234/1234 1188/1188/1188
f 1188/1188/1188 1234/1234/1234 1232/1232/1232
f 1179/1179/1179 1188/1188/1188 1232/1232/1232
f 1179/1179/1179 1232/1232/1232 1233/1233/1233
f 1168/1168/1168 1179/1179/1179 1233/1233/1233
f 1168/1168/1168 1233/1233/1233 1148/1148/1148
f 1156/1156/1156 1235/1235/1235 1233/1233/1233
f 1233/1233/1233 1235/1235/1235 1148/1148/1148
f 1139/1139/1139 1235/1235/1235 1156/1156/1156
f 1148/1148/1148 1235/1235/1235 1139/1139/1139
f 1238/1238/1238 1237/1237/1237 1236/1236/1236
f 1236/1236/1236 1237/1237/1237 1239/1239/1239
f 1237/1237/1237 1240/1240/1240 1239/1239/1239
f 1241/1241/1241 1239/1239/1239 1240/1240/1240
f 1242/1242/1242 1241/1241/1241 1240/1240/1240
f 1243/1243/1243 1238/1238/1238 1236/1236/1236
f 1238/1238/1238 1243/1243/1243 1244/1244/1244
f 1245/1245/1245 1239/1239/1239 1241/1241/1241
f 1239/1239/1239 1245/1245/1245 1236/1236/1236
f 1246/1246/1246 1241/1241/1241 1242/1242/1242
f 1247/1247/1247 1246/1246/1246 1242/1242/1242
f 1243/1243/1243 1248/1248/1248 1244/1244/1244
f 1244/1244/1244 1248/1248/1248 1249/1249/1249
f 1248/1248/1248 1250/1250/1250 1249/1249/1249
f 1249/1249/1249 1250/1250/1250 1251/1251/1251
f 1248/1248/1248 1243/1243/1243 1252/1252/1252
f 1248/1248/1248 1252/1252/1252 1250/1250/1250
f 1243/1243/1243 1236/1236/1236 1253/1253/1253
f 1243/1243/1243 1253/1253/1253 1252/1252/1252
f 1254/1254/1254 1245/1245/1245 1241/1241/1241
f 1241/1241/1241 1246/1246/1246 1254/1254/1254
f 1255/1255/1255 1246/1246/1246 1247/1247/1247
f 1256/1256/1256 1255/1255/1255 1247/1247/1247
f 1257/1257/1257 1255/1255/1255 1256/1256/1256
f 1258/1258/1258 1257/1257/1257 1256/1256/1256
f 1255/1255/1255 1259/1259/1259 1246/1246/1246
f 1255/1255/1255 1257/1257/1257 1259/1259/1259
f 1246/1246/1246 1260/1260/1260 1254/1254/1254
f 1259/1259/1259 1260/1260/1260 1246/1246/1246
f 1254/1254/1254 1260/1260/1260 1259/1259/1259
f 1257/1257/1257 1258/1258/1258 1261/1261/1261
f 1258/1258/1258 1262/1262/1262 1261/1261/1261
f 1257/1257/1257 1263/1263/1263 1259/1259/1259
f 1257/1257/1257 1261/1261/1261 1263/1263/1263
f 1264/1264/1264 1254/1254/1254 1259/1259/1259
f 1259/1259/1259 1263/1263/1263 1264/1264/1264
f 1265/1265/1265 1245/1245/1245 1254/1254/1254
f 1264/1264/1264 1265/1265/1265 1254/1254/1254
f 1261/1261/1261 1262/1262/1262 1266/1266/1266
f 1262/1262/1262 1267/1267/1267 1266/1266/1266
f 1268/1268/1268 1266/1266/1266 1267/1267/1267
f 1269/1269/1269 1268/1268/1268 1267/1267/1267
f 1266/1266/1266 1270/1270/1270 1261/1261/1261
f 1266/1266/1266 1268/1268/1268 1270/1270/1270
f 1271/1271/1271 1268/1268/1268 1269/1269/1269
f 1272/1272/1272 1271/1271/1271 1269/1269/1269
f 1261/1261/1261 1273/1273/1273 1263/1263/1263
f 1270/1270/1270 1273/1273/1273 1261/1261/1261
f 1263/1263/1263 1273/1273/1273 1274/1274/1274
f 1274/1274/1274 1273/1273/1273 1270/1270/1270
f 1263/1263/1263 1275/1275/1275 1264/1264/1264
f 1275/1275/1275 1263/1263/1263 1274/1274/1274
f 1276/1276/1276 1265/1265/1265 1264/1264/1264
f 1275/1275/1275 1276/1276/1276 1264/1264/1264
f 1268/1268/1268 1277/1277/1277 1270/1270/1270
f 1268/1268/1268 1271/1271/1271 1277/1277/1277
f 1278/1278/1278 1271/1271/1271 1272/1272/1272
f 1279/1279/1279 1278/1278/1278 1272/1272/1272
f 1280/1280/1280 1278/1278/1278 1279/1279/1279
f 1281/1281/1281 1280/1280/1280 1279/1279/1279
f 1278/1278/1278 1282/1282/1282 1271/1271/1271
f 1278/1278/1278 1280/1280/1280 1282/1282/1282
f 1271/1271/1271 1283/1283/1283 1277/1277/1277
f 1282/1282/1282 1283/1283/1283 1271/1271/1271
f 1277/1277/1277 1283/1283/1283 1282/1282/1282
f 1270/1270/1270 1277/1277/1277 1284/1284/1284
f 1284/1284/1284 1274/1274/1274 1270/1270/1270
f 1274/1274/1274 1285/1285/1285 1275/1275/1275
f 1285/1285/1285 1276/1276/1276 1275/1275/1275
f 1280/1280/1280 1281/1281/1281 1286/1286/1286
f 1281/1281/1281 1287/1287/1287 1286/1286/1286
f 1280/1280/1280 1288/1288/1288 1282/1282/1282
f 1280/1280/1280 1286/1286/1286 1288/1288/1288
f 1289/1289/1289 1277/1277/1277 1282/1282/1282
f 1277/1277/1277 1289/1289/1289 1284/1284/1284
f 1282/1282/1282 1288/1288/1288 1289/1289/1289
f 1284/1284/1284 1290/1290/1290 1274/1274/1274
f 1290/1290/1290 1284/1284/1284 1289/1289/1289
f 1290/1290/1290 1285/1285/1285 1274/1274/1274
f 1291/1291/1291 1290/1290/1290 1289/1289/1289
f 1288/1288/1288 1291/1291/1291 1289/1289/1289
f 1292/1292/1292 1290/1290/1290 1291/1291/1291
f 1290/1290/1290 1292/1292/1292 1285/1285/1285
f 1291/1291/1291 1288/1288/1288 1293/1293/1293
f 1293/1293/1293 1292/1292/1292 1291/1291/1291
f 1286/1286/1286 1287/1287/1287 1294/1294/1294
f 1287/1287/1287 1295/1295/1295 1294/1294/1294
f 1286/1286/1286 1296/1296/1296 1288/1288/1288
f 1288/1288/1288 1296/1296/1296 1293/1293/1293
f 1297/1297/1297 1296/1296/1296 1286/1286/1286
f 1294/1294/1294 1297/1297/1297 1286/1286/1286
f 1293/1293/1293 1296/1296/1296 1297/1297/1297
f 1298/1298/1298 1294/1294/1294 1295/1295/1295
f 1294/1294/1294 1298/1298/1298 1297/1297/1297
f 1299/1299/1299 1298/1298/1298 1295/1295/1295
f 1300/1300/1300 1298/1298/1298 1299/1299/1299
f 1301/1301/1301 1300/1300/1300 1299/1299/1299
f 1298/1298/1298 1302/1302/1302 1297/1297/1297
f 1298/1298/1298 1300/1300/1300 1302/1302/1302
f 1303/1303/1303 1293/1293/1293 1297/1297/1297
f 1297/1297/1297 1302/1302/1302 1303/1303/1303
f 1303/1303/1303 1304/1304/1304 1293/1293/1293
f 1304/1304/1304 1292/1292/1292 1293/1293/1293
f 1305/1305/1305 1300/1300/1300 1301/1301/1301
f 1306/1306/1306 1305/1305/1305 1301/1301/1301
f 1307/1307/1307 1305/1305/1305 1306/1306/1306
f 1308/1308/1308 1307/1307/1307 1306/1306/1306
f 1305/1305/1305 1309/1309/1309 1300/1300/1300
f 1305/1305/1305 1307/1307/1307 1309/1309/1309
f 1300/1300/1300 1310/1310/1310 1302/1302/1302
f 1309/1309/1309 1310/1310/1310 1300/1300/1300
f 1302/1302/1302 1310/1310/1310 1309/1309/1309
f 1302/1302/1302 1311/1311/1311 1303/1303/1303
f 1311/1311/1311 1302/1302/1302 1309/1309/1309
f 1304/1304/1304 1303/1303/1303 1311/1311/1311
f 1307/1307/1307 1308/1308/1308 1312/1312/1312
f 1308/1308/1308 1313/1313/1313 1312/1312/1312
f 1307/1307/1307 1314/1314/1314 1309/1309/1309
f 1309/1309/1309 1314/1314/1314 1311/1311/1311
f 1307/1307/1307 1312/1312/1312 1314/1314/1314
f 1315/1315/1315 1304/1304/1304 1311/1311/1311
f 1314/1314/1314 1315/1315/1315 1311/1311/1311
f 1316/1316/1316 1304/1304/1304 1315/1315/1315
f 1304/1304/1304 1316/1316/1316 1292/1292/1292
f 1315/1315/1315 1314/1314/1314 1317/1317/1317
f 1317/1317/1317 1316/1316/1316 1315/1315/1315
f 1312/1312/1312 1313/1313/1313 1318/1318/1318
f 1313/1313/1313 1319/1319/1319 1318/1318/1318
f 1312/1312/1312 1320/1320/1320 1314/1314/1314
f 1314/1314/1314 1320/1320/1320 1317/1317/1317
f 1321/1321/1321 1320/1320/1320 1312/1312/1312
f 1318/1318/1318 1321/1321/1321 1312/1312/1312
f 1317/1317/1317 1320/1320/1320 1321/1321/1321
f 1322/1322/1322 1318/1318/1318 1319/1319/1319
f 1318/1318/1318 1322/1322/1322 1321/1321/1321
f 1251/1251/1251 1322/1322/1322 1319/1319/1319
f 1250/1250/1250 1322/1322/1322 1251/1251/1251
f 1322/1322/1322 1323/1323/1323 1321/1321/1321
f 1322/1322/1322 1250/1250/1250 1323/1323/1323
f 1324/1324/1324 1317/1317/1317 1321/1321/1321
f 1321/1321/1321 1323/1323/1323 1324/1324/1324
f 1250/1250/1250 1325/1325/1325 1323/1323/1323
f 1252/1252/1252 1325/1325/1325 1250/1250/1250
f 1323/1323/1323 1325/1325/1325 1252/1252/1252
f 1326/1326/1326 1323/1323/1323 1252/1252/1252
f 1323/1323/1323 1326/1326/1326 1324/1324/1324
f 1252/1252/1252 1253/1253/1253 1326/1326/1326
f 1324/1324/1324 1327/1327/1327 1317/1317/1317
f 1324/1324/1324 1326/1326/1326 1327/1327/1327
f 1327/1327/1327 1316/1316/1316 1317/1317/1317
f 1326/1326/1326 1328/1328/1328 1327/1327/1327
f 1253/1253/1253 1328/1328/1328 1326/1326/1326
f 1327/1327/1327 1329/1329/1329 1316/1316/1316
f 1329/1329/1329 1327/1327/1327 1328/1328/1328
f 1328/1328/1328 1253/1253/1253 1330/1330/1330
f 1330/1330/1330 1329/1329/1329 1328/1328/1328
f 1329/1329/1329 1331/1331/1331 1316/1316/1316
f 1316/1316/1316 1331/1331/1331 1292/1292/1292
f 1292/1292/1292 1331/1331/1331 1285/1285/1285
f 1285/1285/1285 1331/1331/1331 1329/1329/1329
f 1276/1276/1276 1285/1285/1285 1329/1329/1329
f 1276/1276/1276 1329/1329/1329 1330/1330/1330
f 1265/1265/1265 1276/1276/1276 1330/1330/1330
f 1265/1265/1265 1330/1330/1330 1245/1245/1245
f 1253/1253/1253 1332/1332/1332 1330/1330/1330
f 1330/1330/1330 1332/1332/1332 1245/1245/1245
f 1236/1236/1236 1332/1332/1332 1253/1253/1253
f 1245/1245/1245 1332/1332/1332 1236/1236/1236
f 1335/1335/1335 1334/1334/1334 1333/1333/1333
f 1333/1333/1333 1334/1334/1334 1336/1336/1336
f 1334/1334/1334 1337/1337/1337 1336/1336/1336
f 1338/1338/1338 1336/1336/1336 1337/1337/1337
f 1339/1339/1339 1338/1338/1338 1337/1337/1337
f 1340/1340/1340 1335/1335/1335 1333/1333/1333
f 1335/1335/1335 1340/1340/1340 1341/1341/1341
f 1342/1342/1342 1336/1336/1336 1338/1338/1338
f 1336/1336/1336 1342/1342/1342 1333/1333/1333
f 1343/1343/1343 1338/1338/1338 1339/1339/1339
f 1344/1344/1344 1343/1343/1343 1339/1339/1339
f 1340/1340/1340 1345/1345/1345 1341/1341/1341
f 1341/1341/1341 1345/1345/1345 1346/1346/1346
f 1345/1345/1345 1347/1347/1347 1346/1346/1346
f 1346/1346/1346 1347/1347/1347 1348/1348/1348
f 1345/1345/1345 1340/1340/1340 1349/1349/1349
f 1345/1345/1345 1349/1349/1349 1347/1347/1347
f 1340/1340/1340 1333/1333/1333 1350/1350/1350
f 1340/1340/1340 1350/1350/1350 1349/1349/1349
f 1351/1351/1351 1342/1342/1342 1338/1338/1338
f 1338/1338/1338 1343/1343/1343 1351/1351/1351
f 1352/1352/1352 1343/1343/1343 1344/1344/1344
f 1353/1353/1353 1352/1352/1352 1344/1344/1344
f 1354/1354/1354 1352/1352/1352 1353/1353/1353
f 1355/1355/1355 1354/1354/1354 1353/1353/1353
f 1352/1352/1352 1356/1356/1356 1343/1343/1343
f 1352/1352/1352 1354/1354/1354 1356/1356/1356
f 1343/1343/1343 1357/1357/1357 1351/1351/1351
f 1356/1356/1356 1357/1357/1357 1343/1343/1343
f 1351/1351/1351 1357/1357/1357 1356/1356/1356
f 1354/1354/1354 1355/1355/1355 1358/1358/1358
f 1355/1355/1355 1359/1359/1359 1358/1358/1358
f 1354/1354/1354 1360/1360/1360 1356/1356/1356
f 1354/1354/1354 1358/1358/1358 1360/1360/1360
f 1361/1361/1361 1351/1351/1351 1356/1356/1356
f 1356/1356/1356 1360/1360/1360 1361/1361/1361
f 1362/1362/1362 1342/1342/1342 1351/1351/1351
f 1361/1361/1361 1362/1362/1362 1351/1351/1351
f 1358/1358/1358 1359/1359/1359 1363/1363/1363
f 1359/1359/1359 1364/1364/1364 1363/1363/1363
f 1365/1365/1365 1363/1363/1363 1364/1364/1364
f 1366/1366/1366 1365/1365/1365 1364/1364/1364
f 1363/1363/1363 1367/1367/1367 1358/1358/1358
f 1363/1363/1363 1365/1365/1365 1367/1367/1367
f 1368/1368/1368 1365/1365/1365 1366/1366/1366
f 1369/1369/1369 1368/1368/1368 1366/1366/1366
f 1358/1358/1358 1370/1370/1370 1360/1360/1360
f 1367/1367/1367 1370/1370/1370 1358/1358/1358
f 1360/1360/1360 1370/1370/1370 1371/1371/1371
f 1371/1371/1371 1370/1370/1370 1367/1367/1367
f 1360/1360/1360 1372/1372/1372 1361/1361/1361
f 1372/1372/1372 1360/1360/1360 1371/1371/1371
f 1373/1373/1373 1362/1362/1362 1361/1361/1361
f 1372/1372/1372 1373/1373/1373 1361/1361/1361
f 1365/1365/1365 1374/1374/1374 1367/1367/1367
f 1365/1365/1365 1368/1368/1368 1374/1374/1374
f 1375/1375/1375 1368/1368/1368 1369/1369/1369
f 1376/1376/1376 1375/1375/1375 1369/1369/1369
f 1377/1377/1377 1375/1375/1375 1376/1376/1376
f 1378/1378/1378 1377/1377/1377 1376/1376/1376
f 1375/1375/1375 1379/1379/1379 1368/1368/1368
f 1375/1375/1375 1377/1377/1377 1379/1379/1379
f 1368/1368/1368 1380/1380/1380 1374/1374/1374
f 1379/1379/1379 1380/1380/1380 1368/1368/1368
f 1374/1374/1374 1380/1380/1380 1379/1379/1379
f 1367/1367/1367 1374/1374/1374 1381/1381/1381
f 1381/1381/1381 1371/1371/1371 1367/1367/1367
f 1371/1371/1371 1382/1382/1382 1372/1372/1372
f 1382/1382/1382 1373/1373/1373 1372/1372/1372
f 1377/1377/1377 1378/1378/1378 1383/1383/1383
f 1378/1378/1378 1384/1384/1384 1383/1383/1383
f 1377/1377/1377 1385/1385/1385 1379/1379/1379
f 1377/1377/1377 1383/1383/1383 1385/1385/1385
f 1386/1386/1386 1374/1374/1374 1379/1379/1379
f 1374/1374/1374 1386/1386/1386 1381/1381/1381
f 1379/1379/1379 1385/1385/1385 1386/1386/1386
f 1381/1381/1381 1387/1387/1387 1371/1371/1371
f 1387/1387/1387 1381/1381/1381 1386/1386/1386
f 1387/1387/1387 1382/1382/1382 1371/1371/1371
f 1388/1388/1388 1387/1387/1387 1386/1386/1386
f 1385/1385/1385 1388/1388/1388 1386/1386/1386
f 1389/1389/1389 1387/1387/1387 1388/1388/1388
f 1387/1387/1387 1389/1389/1389 1382/1382/1382
f 1388/1388/1388 1385/1385/1385 1390/1390/1390
f 1390/1390/1390 1389/1389/1389 1388/1388/1388
f 1383/1383/1383 1384/1384/1384 1391/1391/1391
f 1384/1384/1384 1392/1392/1392 1391/1391/1391
f 1383/1383/1383 1393/1393/1393 1385/1385/1385
f 1385/1385/1385 1393/1393/1393 1390/1390/1390
f 1394/1394/1394 1393/1393/1393 1383/1383/1383
f 1391/1391/1391 1394/1394/1394 1383/1383/1383
f 1390/1390/1390 1393/1393/1393 1394/1394/1394
f 1395/1395/1395 1391/1391/1391 1392/1392/1392
f 1391/1391/1391 1395/1395/1395 1394/1394/1394
f 1396/1396/1396 1395/1395/1395 1392/1392/1392
f 1397/1397/1397 1395/1395/1395 1396/1396/1396
f 1398/1398/1398 1397/1397/1397 1396/1396/1396
f 1395/1395/1395 1399/1399/1399 1394/1394/1394
f 1395/1395/1395 1397/1397/1397 1399/1399/1399
f 1400/1400/1400 1390/1390/1390 1394/1394/1394
f 1394/1394/1394 1399/1399/1399 1400/1400/1400
f 1400/1400/1400 1401/1401/1401 1390/1390/1390
f 1401/1401/1401 1389/1389/1389 1390/1390/1390
f 1402/1402/1402 1397/1397/1397 1398/1398/1398
f 1403/1403/1403 1402/1402/1402 1398/1398/1398
f 1404/1404/1404 1402/1402/1402 1403/1403/1403
f 1405/1405/1405 1404/1404/1404 1403/1403/1403
f 1402/1402/1402 1406/1406/1406 1397/1397/1397
f 1402/1402/1402 1404/1404/1404 1406/1406/1406
f 1397/1397/1397 1407/1407/1407 1399/1399/1399
f 1406/1406/1406 1407/1407/1407 1397/1397/1397
f 1399/1399/1399 1407/1407/1407 1406/1406/1406
f 1399/1399/1399 1408/1408/1408 1400/1400/1400
f 1408/1408/1408 1399/1399/1399 1406/1406/1406
f 1401/1401/1401 1400/1400/1400 1408/1408/1408
f 1404/1404/1404 1405/1405/1405 1409/1409/1409
f 1405/1405/1405 1410/1410/1410 1409/1409/1409
f 1404/1404/1404 1411/1411/1411 1406/1406/1406
f 1406/1406/1406 1411/1411/1411 1408/1408/1408
f 1404/1404/1404 1409/1409/1409 1411/1411/1411
f 1412/1412/1412 1401/1401/1401 1408/1408/1408
f 1411/1411/1411 1412/1412/1412 1408/1408/1408
f 1413/1413/1413 1401/1401/1401 1412/1412/1412
f 1401/1401/1401 1413/1413/1413 1389/1389/1389
f 1412/1412/1412 1411/1411/1411 1414/1414/1414
f 1414/1414/1414 1413/1413/1413 1412/1412/1412
f 1409/1409/1409 1410/1410/1410 1415/1415/1415
f 1410/1410/1410 1416/1416/1416 1415/1415/1415
f 1409/1409/1409 1417/1417/1417 1411/1411/1411
f 1411/1411/1411 1417/1417/1417 1414/1414/1414
f 1418/1418/1418 1417/1417/1417 1409/1409/1409
f 1415/1415/1415 1418/1418/1418 1409/1409/1409
f 1414/1414/1414 1417/1417/1417 1418/1418/1418
f 1419/1419/1419 1415/1415/1415 1416/1416/1416
f 1415/1415/1415 1419/1419/1419 1418/1418/1418
f 1348/1348/1348 1419/1419/1419 1416/1416/1416
f 1347/1347/1347 1419/1419/1419 1348/1348/1348
f 1419/1419/1419 1420/1420/1420 1418/1418/1418
f 1419/1419/1419 1347/1347/1347 1420/1420/1420
f 1421/1421/1421 1414/1414/1414 1418/1418/1418
f 1418/1418/1418 1420/1420/1420 1421/1421/1421
f 1347/1347/1347 1422/1422/1422 1420/1420/1420
f 1349/1349/1349 1422/1422/1422 1347/1347/1347
f 1420/1420/1420 1422/1422/1422 1349/1349/1349
f 1423/1423/1423 1420/1420/1420 1349/1349/1349
f 1420/1420/1420 1423/1423/1423 1421/1421/1421
f 1349/1349/1349 1350/1350/1350 1423/1423/1423
f 1421/1421/1421 1424/1424/1424 1414/1414/1414
f 1421/1421/1421 1423/1423/1423 1424/1424/1424
f 1424/1424/1424 1413/1413/1413 1414/1414/1414
f 1423/1423/1423 1425/1425/1425 1424/1424/1424
f 1350/1350/1350 1425/1425/1425 1423/1423/1423
f 1424/1424/1424 1426/1426/1426 1413/1413/1413
f 1426/1426/1426 1424/1424/1424 1425/1425/1425
f 1425/1425/1425 1350/1350/1350 1427/1427/1427
f 1427/1427/1427 1426/1426/1426 1425/1425/1425
f 1426/1426/1426 1428/1428/1428 1413/1413/1413
f 1413/1413/1413 1428/1428/1428 1389/1389/1389
f 1389/1389/1389 1428/1428/1428 1382/1382/1382
f 1382/1382/1382 1428/1428/1428 1426/1426/1426
f 1373/1373/1373 1382/1382/1382 1426/1426/1426
f 1373/1373/1373 1426/1426/1426 1427/1427/1427
f 1362/1362/1362 1373/1373/1373 1427/1427/1427
f 1362/1362/1362 1427/1427/1427 1342/1342/1342
f 1350/1350/1350 1429/1429/1429 1427/1427/1427
f 1427/1427/1427 1429/1429/1429 1342/1342/1342
f 1333/1333/1333 1429/1429/1429 1350/1350/1350
f 1342/1342/1342 1429/1429/1429 1333/1333/1333
f 1432/1432/1432 1431/1431/1431 1430/1430/1430
f 1430/1430/1430 1431/1431/1431 1433/1433/1433
f 1431/1431/1431 1434/1434/1434 1433/1433/1433
f 1435/1435/1435 1433/1433/1433 1434/1434/1434
f 1436/1436/1436 1435/1435/1435 1434/1434/1434
f 1437/1437/1437 1432/1432/1432 1430/1430/1430
f 1432/1432/1432 1437/1437/1437 1438/1438/1438
f 1439/1439/1439 1433/1433/1433 1435/1435/1435
f 1433/1433/1433 1439/1439/1439 1430/1430/1430
f 1440/1440/1440 1435/1435/1435 1436/1436/1436
f 1441/1441/1441 1440/1440/1440 1436/1436/1436
f 1437/1437/1437 1442/1442/1442 1438/1438/1438
f 1438/1438/1438 1442/1442/1442 1443/1443/1443
f 1442/1442/1442 1444/1444/1444 1443/1443/1443
f 1443/1443/1443 1444/1444/1444 1445/1445/1445
f 1442/1442/1442 1437/1437/1437 1446/1446/1446
f 1442/1442/1442 1446/1446/1446 1444/1444/1444
f 1437/1437/1437 1430/1430/1430 1447/1447/1447
f 1437/1437/1437 1447/1447/1447 1446/1446/1446
f 1448/1448/1448 1439/1439/1439 1435/1435/1435
f 1435/1435/1435 1440/1440/1440 1448/1448/1448
f 1449/1449/1449 1440/1440/1440 1441/1441/1441
f 1450/1450/1450 1449/1449/1449 1441/1441/1441
f 1451/1451/1451 1449/1449/1449 1450/1450/1450
f 1452/1452/1452 1451/1451/1451 1450/1450/1450
f 1449/1449/1449 1453/1453/1453 1440/1440/1440
f 1449/1449/1449 1451/1451/1451 1453/1453/1453
f 1440/1440/1440 1454/1454/1454 1448/1448/1448
f 1453/1453/1453 1454/1454/1454 1440/1440/1440
f 1448/1448/1448 1454/1454/1454 1453/1453/1453
f 1451/1451/1451 1452/1452/1452 1455/1455/1455
f 1452/1452/1452 1456/1456/1456 1455/1455/1455
f 1451/1451/1451 1457/1457/1457 1453/1453/1453
f 1451/1451/1451 1455/1455/1455 1457/1457/1457
f 1458/1458/1458 1448/1448/1448 1453/1453/1453
f 1453/1453/1453 1457/1457/1457 1458/1458/1458
f 1459/1459/1459 1439/1439/1439 1448/1448/1448
f 1458/1458/1458 1459/1459/1459 1448/1448/1448
f 1455/1455/1455 1456/1456/1456 1460/1460/1460
f 1456/1456/1456 1461/1461/1461 1460/1460/1460
f 1462/1462/1462 1460/1460/1460 1461/1461/1461
f 1463/1463/1463 1462/1462/1462 1461/1461/1461
f 1460/1460/1460 1464/1464/1464 1455/1455/1455
f 1460/1460/1460 1462/1462/1462 1464/1464/1464
f 1465/1465/1465 1462/1462/1462 1463/1463/1463
f 1466/1466/1466 1465/1465/1465 1463/1463/1463
f 1455/1455/1455 1467/1467/1467 1457/1457/1457
f 1464/1464/1464 1467/1467/1467 1455/1455/1455
f 1457/1457/1457 1467/1467/1467 1468/1468/1468
f 1468/1468/1468 1467/1467/1467 1464/1464/1464
f 1457/1457/1457 1469/1469/1469 1458/1458/1458
f 1469/1469/1469 1457/1457/1457 1468/1468/1468
f 1470/1470/1470 1459/1459/1459 1458/1458/1458
f 1469/1469/1469 1470/1470/1470 1458/1458/1458
f 1462/1462/1462 1471/1471/1471 1464/1464/1464
f 1462/1462/1462 1465/1465/1465 1471/1471/1471
f 1472/1472/1472 1465/1465/1465 1466/1466/1466
f 1473/1473/1473 1472/1472/1472 1466/1466/1466
f 1474/1474/1474 1472/1472/1472 1473/1473/1473
f 1475/1475/1475 1474/1474/1474 1473/1473/1473
f 1472/1472/1472 1476/1476/1476 1465/1465/1465
f 1472/1472/1472 1474/1474/1474 1476/1476/1476
f 1465/1465/1465 1477/1477/1477 1471/1471/1471
f 1476/1476/1476 1477/1477/1477 1465/1465/1465
f 1471/1471/1471 1477/1477/1477 1476/1476/1476
f 1464/1464/1464 1471/1471/1471 1478/1478/1478
f 1478/1478/1478 1468/1468/1468 1464/1464/1464
f 1468/1468/1468 1479/1479/1479 1469/1469/1469
f 1479/1479/1479 1470/1470/1470 1469/1469/1469
f 1474/1474/1474 1475/1475/1475 1480/1480/1480
f 1475/1475/1475 1481/1481/1481 1480/1480/1480
f 1474/1474/1474 1482/1482/1482 1476/1476/1476
f 1474/1474/1474 1480/1480/1480 1482/1482/1482
f 1483/1483/1483 1471/1471/1471 1476/1476/1476
f 1471/1471/1471 1483/1483/1483 1478/1478/1478
f 1476/1476/1476 1482/1482/1482 1483/1483/1483
f 1478/1478/1478 1484/1484/1484 1468/1468/1468
f 1484/1484/1484 1478/1478/1478 1483/1483/1483
f 1484/1484/1484 1479/1479/1479 1468/1468/1468
f 1485/1485/1485 1484/1484/1484 1483/1483/1483
f 1482/1482/1482 1485/1485/1485 1483/1483/1483
f 1486/1486/1486 1484/1484/1484 1485/1485/1485
f 1484/1484/1484 1486/1486/1486 1479/1479/1479
f 1485/1485/1485 1482/1482/1482 1487/1487/1487
f 1487/1487/1487 1486/1486/1486 1485/1485/1485
f 1480/1480/1480 1481/1481/1481 1488/1488/1488
f 1481/1481/1481 1489/1489/1489 1488/1488/1488
f 1480/1480/1480 1490/1490/1490 1482/1482/1482
f 1482/1482/1482 1490/1490/1490 1487/1487/1487
f 1491/1491/1491 1490/1490/1490 1480/1480/1480
f 1488/1488/1488 1491/1491/1491 1480/1480/1480
f 1487/1487/1487 1490/1490/1490 1491/1491/1491
f 1492/1492/1492 1488/1488/1488 1489/1489/1489
f 1488/1488/1488 1492/1492/1492 1491/1491/1491
f 1493/1493/1493 1492/1492/1492 1489/1489/1489
f 1494/1494/1494 1492/1492/1492 1493/1493/1493
f 1495/1495/1495 1494/1494/1494 1493/1493/1493
f 1492/1492/1492 1496/1496/1496 1491/1491/1491
f 1492/1492/1492 1494/1494/1494 1496/1496/1496
f 1497/1497/1497 1487/1487/1487 1491/1491/1491
f 1491/1491/1491 1496/1496/1496 1497/1497/1497
f 1497/1497/1497 1498/1498/1498 1487/1487/1487
f 1498/1498/1498 1486/1486/1486 1487/1487/1487
f 1499/1499/1499 1494/1494/1494 1495/1495/1495
f 1500/1500/1500 1499/1499/1499 1495/1495/1495
f 1501/1501/1501 1499/1499/1499 1500/1500/1500
f 1502/1502/1502 1501/1501/1501 1500/1500/1500
f 1499/1499/1499 1503/1503/1503 1494/1494/1494
f 1499/1499/1499 1501/1501/1501 1503/1503/1503
f 1494/1494/1494 1504/1504/1504 1496/1496/1496
f 1503/1503/1503 1504/1504/1504 1494/1494/1494
f 1496/1496/1496 1504/1504/1504 1503/1503/1503
f 1496/1496/1496 1505/1505/1505 1497/1497/1497
f 1505/1505/1505 1496/1496/1496 1503/1503/1503
f 1498/1498/1498 1497/1497/1497 1505/1505/1505
f 1501/1501/1501 1502/1502/1502 1506/1506/1506
f 1502/1502/1502 1507/1507/1507 1506/1506/1506
f 1501/1501/1501 1508/1508/1508 1503/1503/1503
f 1503/1503/1503 1508/1508/1508 1505/1505/1505
f 1501/1501/1501 1506/1506/1506 1508/1508/1508
f 1509/1509/1509 1498/1498/1498 1505/1505/1505
f 1508/1508/1508 1509/1509/1509 1505/1505/1505
f 1510/1510/1510 1498/1498/1498 1509/1509/1509
f 1498/1498/1498 1510/1510/1510 1486/1486/1486
f 1509/1509/1509 1508/1508/1508 1511/1511/1511
f 1511/1511/1511 1510/1510/1510 1509/1509/1509
f 1506/1506/1506 1507/1507/1507 1512/1512/1512
f 1507/1507/1507 1513/1513/1513 1512/1512/1512
f 1506/1506/1506 1514/1514/1514 1508/1508/1508
f 1508/1508/1508 1514/1514/1514 1511/1511/1511
f 1515/1515/1515 1514/1514/1514 1506/1506/1506
f 1512/1512/1512 1515/1515/1515 1506/1506/1506
f 1511/1511/1511 1514/1514/1514 1515/1515/1515
f 1516/1516/1516 1512/1512/1512 1513/1513/1513
f 1512/1512/1512 1516/1516/1516 1515/1515/1515
f 1445/1445/1445 1516/1516/1516 1513/1513/1513
f 1444/1444/1444 1516/1516/1516 1445/1445/1445
f 1516/1516/1516 1517/1517/1517 1515/1515/1515
f 1516/1516/1516 1444/1444/1444 1517/1517/1517
f 1518/1518/1518 1511/1511/1511 1515/1515/1515
f 1515/1515/1515 1517/1517/1517 1518/1518/1518
f 1444/1444/1444 1519/1519/1519 1517/1517/1517
f 1446/1446/1446 1519/1519/1519 1444/1444/1444
f 1517/1517/1517 1519/1519/1519 1446/1446/1446
f 1520/1520/1520 1517/1517/1517 1446/1446/1446
f 1517/1517/1517 1520/1520/1520 1518/1518/1518
f 1446/1446/1446 1447/1447/1447 1520/1520/1520
f 1518/1518/1518 1521/1521/1521 1511/1511/1511
f 1518/1518/1518 1520/1520/1520 1521/1521/1521
f 1521/1521/1521 1510/1510/1510 1511/1511/1511
f 1520/1520/1520 1522/1522/1522 1521/1521/1521
f 1447/1447/1447 1522/1522/1522 1520/1520/1520
f 1521/1521/1521 1523/1523/1523 1510/1510/1510
f 1523/1523/1523 1521/1521/1521 1522/1522/1522
f 1522/1522/1522 1447/1447/1447 1524/1524/1524
f 1524/1524/1524 1523/1523/1523 1522/1522/1522
f 1523/1523/1523 1525/1525/1525 1510/1510/1510
f 1510/1510/1510 1525/1525/1525 1486/1486/1486
f 1486/1486/1486 1525/1525/1525 1479/1479/1479
f 1479/1479/1479 1525/1525/1525 1523/1523/1523
f 1470/1470/1470 1479/1479/1479 1523/1523/1523
f 1470/1470/1470 1523/1523/1523 1524/1524/1524
f 1459/1459/1459 1470/1470/1470 1524/1524/1524
f 1459/1459/1459 1524/1524/1524 1439/1439/1439
f 1447/1447/1447 1526/1526/1526 1524/1524/1524
f 1524/1524/1524 1526/1526/1526 1439/1439/1439
f 1430/1430/1430 1526/1526/1526 1447/1447/1447
f 1439/1439/1439 1526/1526/1526 1430/1430/1430
