g item_28item_28_mobile
v -0.475911396 0.186351157 -0.0252608206
v -0.474618075 0.18047989 -0.0238032682
v -0.459796204 0.176230406 -0.0226947072
v -0.463368234 0.18704914 -0.0254866386
v -0.390408497 0.227162625 0.00573782962
v -0.391804463 0.226649402 0.0131077074
v -0.440273213 0.192017136 -0.005655714
v -0.440683791 0.192674061 -0.0106852963
v -0.438056091 0.187767652 -0.0084271165
v -0.388314548 0.22067549 0.00848870322
v -0.388745655 0.210985846 0.0150168958
v -0.466673388 0.1819785 -0.0187120991
v -0.465708529 0.179207097 -0.0140315082
v -0.474618075 0.18047989 -0.0238032682
v -0.471066574 0.172145153 -0.0159201677
v -0.486422197 0.167628794 -0.0251992339
v -0.437152819 0.180500419 -0.00454715299
v -0.463429821 0.171057121 -0.0153043005
v -0.393508362 0.177318438 0.0233105744
v -0.464990018 0.181957971 -0.0192253218
v -0.436105845 0.161860171 -0.00198103957
v -0.43657801 0.151082494 3.07933611E-05
v -0.397141979 0.156296837 0.0279090496
v -0.402294734 0.133940856 0.0342114242
v -0.469814311 0.174731796 -0.0230026408
v -0.46193121 0.158904008 -0.014298384
v -0.474679662 0.156707415 -0.0206623453
v -0.475890867 0.168408892 -0.0220172532
v -0.460720005 0.176086703 -0.0222430712
v -0.434750937 0.139647893 0.0048345577
v -0.400344488 0.14514964 0.0370238845
v -0.461602748 0.151780477 -0.0131282363
v -0.463368234 0.18704914 -0.0254866386
v -0.411655916 0.175922472 -0.0154685317
v -0.475911396 0.186351157 -0.0252608206
v -0.455936769 0.165555374 -0.0195127265
v -0.457147975 0.141988188 -0.00838605868
v -0.412785006 0.183949275 -0.0198617179
v -0.459796204 0.176230406 -0.0226947072
v -0.411738032 0.171939864 -0.0186505124
v -0.365609577 0.17220674 -0.00855028994
v -0.366287031 0.184092977 -0.00891981028
v -0.318187801 0.18555053 0.0105210651
v -0.319973816 0.17126241 0.0138056902
v -0.30223684 0.178098536 0.0254250518
v -0.366882369 0.177605843 -0.00302801384
v -0.369243193 0.164077293 0.00272008023
v -0.32401801 0.17972032 0.0175830092
v -0.307389595 0.185653174 0.027375298
v -0.300389238 0.191380739 0.0207855188
v -0.29189027 0.203615968 0.0262256792
v -0.293655756 0.193803151 0.0318711288
v -0.411327454 0.163317723 -0.0115269815
v -0.455998356 0.154695582 -0.0164949771
v -0.414632608 0.145539689 -0.00569677181
v -0.457209562 0.148968017 -0.0159201677
v -0.330689905 0.166294415 0.0268004886
v -0.340194789 0.132483304 0.0370238845
v -0.289118868 0.21899212 0.0283606856
v -0.291397576 0.213634075 0.0347862336
v -0.296262927 0.231740571 0.0331849789
v -0.469465319 0.146052912 -0.0181783475
v -0.375812444 0.136568557 0.0106237096
v -0.378542788 0.118872638 0.0138262191
v -0.314225721 0.173664292 0.0385635526
v -0.416993432 0.137143366 -0.0040134014
v -0.379158656 0.0977073349 0.0161665146
v -0.414571021 0.11790778 -0.00134464344
v -0.416808672 0.115526427 -0.00337700527
v -0.453986523 0.138149283 -0.0135593434
v -0.468048825 0.143096749 -0.0152632427
v -0.459714088 0.142850402 -0.0178088272
v -0.477102073 0.152991683 -0.0195332554
v -0.478600683 0.176702571 -0.0189789749
v -0.46287554 0.148557439 -0.00980255329
v -0.342699316 0.109285639 0.0392410065
v -0.329560815 0.112159686 0.052441094
v -0.458502883 0.167793025 -0.0209908078
v -0.463984101 0.163461425 -0.0243164908
v -0.438959363 0.146668779 0.00479349988
v -0.437542868 0.179556089 0.00569677181
v -0.391701818 0.192345598 0.0379476854
v -0.392132925 0.213900951 0.0193484952
v -0.345019083 0.0843430162 0.0367364798
v -0.340420607 0.0815510847 0.0361000837
v -0.412128081 0.148844843 -0.00894033918
v -0.368093575 0.135316293 0.0134772277
v -0.377413699 0.0968656497 0.0151400692
v -0.442880384 0.183025474 -0.0045676819
v -0.391804463 0.226649402 0.0131077074
v -0.440273213 0.192017136 -0.005655714
v -0.471066574 0.172145153 -0.0159201677
v -0.465708529 0.179207097 -0.0140315082
v -0.463552994 0.176004588 -0.00836552978
v -0.486422197 0.167628794 -0.0251992339
v -0.474618075 0.18047989 -0.0238032682
v -0.459796204 0.176230406 -0.0226947072
v -0.411738032 0.171939864 -0.0186505124
v -0.415412706 0.160197329 -0.0163307459
v -0.369551127 0.160833725 -0.000297669158
v -0.365609577 0.17220674 -0.00855028994
v -0.319973816 0.17126241 0.0138056902
v -0.323956424 0.163071376 0.0271084223
v -0.326584124 0.129280795 0.0372291736
v -0.308477627 0.13217537 0.0505524345
v -0.304741366 0.169209519 0.0405137988
v -0.294743788 0.184010862 0.0477605031
v -0.30223684 0.178098536 0.0254250518
v -0.293655756 0.193803151 0.0318711288
v -0.291397576 0.213634075 0.0347862336
v -0.291910799 0.203308035 0.0506140213
v -0.296262927 0.231740571 0.0331849789
v -0.326214603 0.081941134 0.048458486
v -0.33247592 0.0851436435 0.0484379571
v -0.332250102 0.0914049603 0.0606115992
v -0.32270416 0.0920618853 0.0622539118
v -0.325845083 0.106657939 0.0740375046
v -0.300553469 0.142686171 0.0623565563
v -0.300676643 0.156481597 0.0715329779
v -0.309401428 0.170831303 0.0756798172
v -0.297617835 0.221168184 0.04800685
v -0.30936037 0.233978222 0.0420534669
v -0.307286951 0.24436585 0.0288739083
v -0.330628319 0.250503993 0.022941054
v -0.332167987 0.239397854 0.0337803172
v -0.392132925 0.213900951 0.0193484952
v -0.391804463 0.226649402 0.0131077074
v -0.391701818 0.192345598 0.0379476854
v -0.345717065 0.196882487 0.0672424363
v -0.400344488 0.14514964 0.0370238845
v -0.323730606 0.183682399 0.0747765453
v -0.364583131 0.144595359 0.0707528794
v -0.368832615 0.135993747 0.0663802222
v -0.402294734 0.133940856 0.0342114242
v -0.397141979 0.156296837 0.0279090496
v -0.346558751 0.133940856 0.0798061276
v -0.334590398 0.121767214 0.0797650698
v -0.352512134 0.127392135 0.0753102969
v -0.342555614 0.16619177 0.0715740357
v -0.358444988 0.170174378 0.0600162609
v -0.393508362 0.177318438 0.0233105744
v -0.341837102 0.116244938 0.0757414039
v -0.351177755 0.195753397 0.0523384495
v -0.336294297 0.229071813 0.0334723836
v -0.388745655 0.210985846 0.0150168958
v -0.388314548 0.22067549 0.00848870322
v -0.334528811 0.104297114 0.0709581685
v -0.332209044 0.155845201 0.0742838515
v -0.323874308 0.181629508 0.067078205
v -0.335062563 0.191462855 0.0637319931
v -0.325188158 0.140386933 0.0724157209
v -0.324900753 0.124148568 0.0636704064
v -0.317058711 0.166704993 0.0668113292
v -0.299629668 0.203369621 0.0472678093
v -0.319173188 0.150466627 0.059975203
v -0.318639437 0.224165405 0.0429772677
v -0.310530518 0.233711347 0.0295924201
v -0.306281034 0.216528651 0.0460566038
v -0.326070901 0.137574473 0.05044979
v -0.303981797 0.187500776 0.0441268865
v -0.29827476 0.197826816 0.0327949296
v -0.294887491 0.212484456 0.0354636876
v -0.300060775 0.225438197 0.0336776726
v -0.293306765 0.233157066 0.0261846214
v -0.303263285 0.242949355 0.0215245594
v -0.307286951 0.24436585 0.0288739083
v -0.330628319 0.250503993 0.022941054
v -0.325742439 0.248533218 0.0147705489
v -0.329807162 0.2387204 0.0216682618
v -0.390408497 0.227162625 0.00573782962
v -0.391804463 0.226649402 0.0131077074
v -0.444502168 0.129752959 0.00575835853
v -0.444337937 0.119714324 -0.00891981028
v -0.449388048 0.117230326 -0.00836552978
v -0.449572808 0.127946416 0.00725696877
v -0.450250262 0.146176085 0.0171519022
v -0.462300731 0.147079357 0.0142367973
v -0.445138564 0.146812481 0.014975838
v -0.446082894 0.166314943 0.0163512748
v -0.461766979 0.130799934 0.00536830929
v -0.46156169 0.121212934 -0.00861187666
v -0.478046403 0.132278015 0.00467032644
v -0.4779027 0.123306882 -0.0084476454
v -0.494038422 0.121007645 -0.00756490239
v -0.45123565 0.166992397 0.0186094546
v -0.452262095 0.184832018 0.0112395768
v -0.447047753 0.183025474 0.00945356187
v -0.453062722 0.194891183 -0.00296642712
v -0.464784729 0.190723814 -0.0037259967
v -0.447807322 0.192448243 -0.00384917014
v -0.453411714 0.194521662 -0.0201901805
v -0.448135785 0.192078722 -0.0199848914
v -0.464127803 0.181691095 0.00896086809
v -0.480325111 0.179925609 0.00803706726
v -0.463204003 0.165740134 0.0155301185
v -0.479462897 0.164960036 0.0141957395
v -0.478621212 0.147530993 0.012964005
v -0.453226954 0.183785044 -0.035812679
v -0.447951024 0.182019558 -0.0346014735
v -0.495660205 0.165534845 0.0165770927
v -0.494202653 0.130615173 0.00645634138
v -0.452570029 0.165575903 -0.0456870835
v -0.447314628 0.165001093 -0.0438600107
v -0.446390827 0.14551916 -0.0452354475
v -0.451584641 0.14478012 -0.0471446359
v -0.445425969 0.128829159 -0.0383172057
v -0.464415208 0.164528929 -0.0419713512
v -0.494756933 0.146915126 0.0152837716
v -0.505945188 0.127576895 0.00908404153
v -0.505760428 0.116860806 -0.00660004374
v -0.511056886 0.119283217 -0.00680533281
v -0.511241646 0.129301323 0.0078933649
v -0.511878042 0.146360845 0.0171519022
v -0.506622642 0.145786036 0.0189789749
v -0.512801843 0.16582225 0.01850681
v -0.507608029 0.16656129 0.0204365273
v -0.496542948 0.181465277 0.0100078424
v -0.508634475 0.18442144 0.0131077074
v -0.513766702 0.182553309 0.0116706839
v -0.514526271 0.191996607 -0.00161151923
v -0.509455631 0.194521662 -0.00105723873
v -0.497323047 0.190497996 -0.00267902242
v -0.497651509 0.190190063 -0.0180962319
v -0.509825151 0.194172671 -0.0182809921
v -0.514854734 0.191688673 -0.0177472405
v -0.480982036 0.188383519 -0.00384917014
v -0.509640391 0.18347711 -0.0339445484
v -0.514690502 0.181670566 -0.0324048804
v -0.514033577 0.164611044 -0.0416839465
v -0.481310499 0.188075585 -0.0182809921
v -0.481125739 0.179104453 -0.0313989639
v -0.465154249 0.190374823 -0.0191432062
v -0.46494896 0.180808352 -0.033143921
v -0.497507807 0.180582534 -0.0320969468
v -0.508962937 0.165267969 -0.0438394818
v -0.470224889 0.146237672 -0.0418276489
v -0.496912469 0.164303111 -0.0409449059
v -0.496009197 0.145662863 -0.042238227
v -0.507957021 0.144451657 -0.0453175631
v -0.513130306 0.145129111 -0.0430593833
v -0.480530401 0.163851475 -0.0396721136
v -0.506930575 0.126612037 -0.0379887432
v -0.512144918 0.128439109 -0.0361821993
v -0.511405877 0.118934225 -0.0229205251
v -0.463532465 0.145929738 -0.0433057302
v -0.478908617 0.131477388 -0.0347451758
v -0.479750302 0.146401903 -0.040903848
v -0.495064867 0.129711902 -0.0356689766
v -0.506109419 0.116511814 -0.0238032682
v -0.450537667 0.126940499 -0.039795287
v -0.505760428 0.116860806 -0.00660004374
v -0.511056886 0.119283217 -0.00680533281
v -0.494038422 0.121007645 -0.00756490239
v -0.494325826 0.120699711 -0.0230026408
v -0.478231163 0.123019478 -0.0228589384
v -0.4779027 0.123306882 -0.0084476454
v -0.46156169 0.121212934 -0.00861187666
v -0.461849095 0.120884471 -0.024049615
v -0.449388048 0.117230326 -0.00836552978
v -0.449737039 0.116860806 -0.0255892831
v -0.444666399 0.119385861 -0.0250350026
v -0.444337937 0.119714324 -0.00891981028
v -0.462567607 0.129917191 -0.0367364798
v -0.490363747 0.138334043 0.00196051066
v -0.499991805 0.136383796 0.00382864123
v -0.506006775 0.148557439 0.00493720224
v -0.481454201 0.145970796 -0.00460873972
v -0.502044696 0.181424219 -0.0143599707
v -0.505267734 0.178262768 -0.0139083348
v -0.516291757 0.17126241 -0.0126560714
v -0.48636061 0.176394637 -0.0119375597
v -0.513376652 0.166499704 -0.00881716574
v -0.554516583 0.185612116 -0.00735961331
v -0.51530637 0.181629508 -0.0111574612
v -0.551991527 0.165986481 -0.00356176544
v -0.549096951 0.141721312 0.000256611343
v -0.589846833 0.174854969 0.00735961331
v -0.510584721 0.151000379 -0.00651792811
v -0.595882331 0.19831951 -0.000338726972
v -0.507751732 0.135480525 -0.00423921938
v -0.632978067 0.197128834 0.0102131314
v -0.545032228 0.118051482 0.00423921938
v -0.513684586 0.11714821 0.000153966806
v -0.506581584 0.126776268 -0.00292536931
v -0.545771268 0.101217778 0.00855028994
v -0.584283499 0.0836039755 0.0194511398
v -0.588697214 0.103126966 0.0151195403
v -0.612736564 0.0772194853 0.0289970817
v -0.589169379 0.139401546 0.0115680393
v -0.619531633 0.0963318981 0.0257740433
v -0.62766108 0.0787180955 0.0355252743
v -0.618997881 0.1374513 0.0226125915
v -0.635995816 0.139996884 0.0323227647
v -0.634476677 0.0969888231 0.0356689766
v -0.633327058 0.0841171982 0.0466929999
v -0.621769284 0.175450307 0.0189173882
v -0.640450589 0.103578602 0.0480273789
v -0.631068879 0.0935604956 0.0584560639
v -0.64063535 0.179289213 0.028052752
v -0.651022977 0.189225204 0.0376602807
v -0.651371968 0.199469129 0.0191432062
v -0.661513248 0.207229056 0.026718373
v -0.666994467 0.218519955 0.0328359874
v -0.640019482 0.114109932 0.0612479953
v -0.624335397 0.104030238 0.0658464706
v -0.644125264 0.149542826 0.0444348201
v -0.647184071 0.162270749 0.05664952
v -0.639485731 0.175737712 0.0633830017
v -0.631499986 0.127987473 0.069972781
v -0.614604695 0.115054262 0.0678788324
v -0.65753064 0.202158416 0.0454202077
v -0.620270673 0.139647893 0.0717793248
v -0.599557006 0.122321495 0.0647789674
v -0.653548032 0.214516818 0.0491359399
v -0.643509397 0.222892612 0.0492180555
v -0.665270038 0.230139317 0.0362437861
v -0.657489583 0.239213094 0.0355252743
v -0.642298191 0.246911434 0.0301261716
v -0.603498556 0.148947488 0.0679404191
v -0.612387573 0.194295844 0.0592361624
v -0.573485293 0.124312799 0.0473293961
v -0.628359063 0.185837934 0.06397834
v -0.575332895 0.148824314 0.0477605031
v -0.544313716 0.12749478 0.0215245594
v -0.628502765 0.230508837 0.0437778951
v -0.593439391 0.228661235 0.0281348676
v -0.602451582 0.24510489 0.0170492576
v -0.549055894 0.211745416 0.00294589822
v -0.542199238 0.14120809 0.0181167608
v -0.51097477 0.126180929 0.00627158122
v -0.582251137 0.192263482 0.0405959144
v -0.506294179 0.141064387 0.00167310596
v -0.49951964 0.127268962 0.00267902242
v -0.483979257 0.141618668 -0.00458821081
v -0.483342861 0.154962458 -0.00584047416
v -0.544560063 0.168039372 0.0147294911
v -0.546633482 0.193741564 0.0103363049
v -0.507566972 0.156481597 0.000236082435
v -0.509147697 0.17183722 -0.0015088747
v -0.508244426 0.185509472 -0.00532725148
v -0.486299024 0.167238744 -0.00772913365
v -0.500032863 0.180890468 -0.0114448659
v -0.481987953 0.161736997 -0.00822182742
v -0.48636061 0.176394637 -0.0119375597
v -0.516291757 0.17126241 -0.0126560714
v -0.514300453 0.155229333 -0.0111369323
v -0.553305377 0.172412029 -0.00801653835
v -0.505267734 0.178262768 -0.0139083348
v -0.508470244 0.135583169 -0.00725696877
v -0.481454201 0.145970796 -0.00460873972
v -0.551170371 0.146976713 -0.00397234359
v -0.589169379 0.147182002 0.00873505011
v -0.499991805 0.136383796 0.00382864123
v -0.490363747 0.138334043 0.00196051066
v -0.54761887 0.122259908 0.000174495713
v -0.507998079 0.128213291 -0.00514249131
v -0.589128321 0.110373671 0.0124713113
v -0.542507172 0.105549378 0.00563518509
v -0.502188398 0.131662148 0.00132411453
v -0.511015828 0.118728936 0.00239161771
v -0.49951964 0.127268962 0.00267902242
v -0.513684586 0.11714821 0.000153966806
v -0.545771268 0.101217778 0.00855028994
v -0.584283499 0.0836039755 0.0194511398
v -0.584796721 0.0836450333 0.0190405616
v -0.612736564 0.0772194853 0.0289970817
v -0.617642973 0.0762135688 0.0297566513
v -0.62766108 0.0787180955 0.0355252743
v -0.620886541 0.0988569537 0.0232284587
v -0.636057403 0.0829059926 0.0352789274
v -0.633327058 0.0841171982 0.0466929999
v -0.638069236 0.0969888231 0.032938632
v -0.641600208 0.142193477 0.0294692466
v -0.642831943 0.0898652922 0.0482531969
v -0.631068879 0.0935604956 0.0584560639
v -0.644638486 0.104830866 0.0473088672
v -0.638869863 0.0947717011 0.0614327555
v -0.624335397 0.104030238 0.0658464706
v -0.621687168 0.142255064 0.0197385445
v -0.626429346 0.181301046 0.01475002
v -0.642647182 0.118297829 0.0625413165
v -0.65133091 0.167567207 0.0560541817
v -0.633286001 0.134125617 0.0727852413
v -0.632033737 0.105446733 0.0693774426
v -0.614604695 0.115054262 0.0678788324
v -0.621358705 0.118154127 0.0720667295
v -0.599557006 0.122321495 0.0647789674
v -0.604258126 0.125708765 0.0686999887
v -0.573485293 0.124312799 0.0473293961
v -0.650304465 0.152622162 0.0429977966
v -0.658741846 0.193659448 0.0344783
v -0.621687168 0.146791953 0.0756387594
v -0.573834285 0.129157621 0.0497107493
v -0.544313716 0.12749478 0.0215245594
v -0.647738351 0.183456581 0.024501251
v -0.657222707 0.203533853 0.0146884333
v -0.541193322 0.138703563 0.0218119641
v -0.51097477 0.126180929 0.00627158122
v -0.501613588 0.134207732 0.0037259967
v -0.49951964 0.127268962 0.00267902242
v -0.499991805 0.136383796 0.00382864123
v -0.506006775 0.148557439 0.00493720224
v -0.542466114 0.15529092 0.0218119641
v -0.508655004 0.165965952 0.00306907166
v -0.481454201 0.145970796 -0.00460873972
v -0.481987953 0.161736997 -0.00822182742
v -0.48636061 0.176394637 -0.0119375597
v -0.573567409 0.168203603 0.0510245994
v -0.544929583 0.179494502 0.0169876709
v -0.602903218 0.162024402 0.0721283162
v -0.615466909 0.207064825 0.0605294835
v -0.582271666 0.205792032 0.0423408716
v -0.54724935 0.201994185 0.00998731346
v -0.510769481 0.18347711 -0.00163204814
v -0.595286993 0.236380105 0.0279501075
v -0.63349129 0.195117001 0.0649842564
v -0.652418942 0.232787546 0.045789728
v -0.643961033 0.18292283 0.0636498775
v -0.661123199 0.221968812 0.0459129015
v -0.671982991 0.237078087 0.0332260367
v -0.663915131 0.207988626 0.042012409
v -0.672680974 0.223487951 0.0296745357
v -0.667897739 0.211683829 0.022735765
v -0.666994467 0.218519955 0.0328359874
v -0.661513248 0.207229056 0.026718373
v -0.665270038 0.230139317 0.0362437861
v -0.651371968 0.199469129 0.0191432062
v -0.657489583 0.239213094 0.0355252743
v -0.632978067 0.197128834 0.0102131314
v -0.664366767 0.247568359 0.0326512273
v -0.642298191 0.246911434 0.0301261716
v -0.63743284 0.201583606 0.00551201164
v -0.5983458 0.203287506 -0.00510143349
v -0.595882331 0.19831951 -0.000338726972
v -0.554516583 0.185612116 -0.00735961331
v -0.647615178 0.255513046 0.0275190004
v -0.635338891 0.241286513 0.0408833191
v -0.604525001 0.252782702 0.016084399
v -0.602451582 0.24510489 0.0170492576
v -0.549055894 0.211745416 0.00294589822
v -0.549158538 0.220347028 0.00306907166
v -0.51210386 0.195342819 -0.00341806309
v -0.508244426 0.185509472 -0.00532725148
v -0.505267734 0.178262768 -0.0139083348
v -0.500032863 0.180890468 -0.0114448659
v -0.502044696 0.181424219 -0.0143599707
v -0.511015828 0.118728936 0.00239161771
v -0.513684586 0.11714821 0.000153966806
v -0.506581584 0.126776268 -0.00292536931
v -0.49951964 0.127268962 0.00267902242
v -0.507751732 0.135480525 -0.00423921938
v -0.483979257 0.141618668 -0.00458821081
v -0.483342861 0.154962458 -0.00584047416
v -0.510584721 0.151000379 -0.00651792811
v -0.513376652 0.166499704 -0.00881716574
v -0.486299024 0.167238744 -0.00772913365
v -0.500032863 0.180890468 -0.0114448659
v -0.51530637 0.181629508 -0.0111574612
v -0.555460913 0.188198759 -0.0110342877
v -0.590914336 0.181444748 0.0031922451
v -0.483281274 0.149317008 -0.0227152361
v -0.490569036 0.146135027 -0.0256508698
v -0.482870696 0.148454794 -0.0246244245
v -0.490959085 0.148701141 -0.0216066751
v -0.49951964 0.147982629 -0.0214219149
v -0.498472666 0.145088053 -0.025178705
v -0.483281274 0.149317008 -0.0227152361
v -0.482870696 0.148454794 -0.0246244245
v -0.48317863 0.136486441 -0.0211960969
v -0.483815026 0.139422075 -0.0177061827
v -0.484020315 0.124333328 -0.0126766003
v -0.482829638 0.120453364 -0.0157969943
v -0.483835555 0.0986927224 -0.0116090971
v -0.489768409 0.139463133 -0.0184862811
v -0.490959085 0.148701141 -0.0216066751
v -0.49951964 0.147982629 -0.0214219149
v -0.485539454 0.103147495 -0.00850923213
v -0.491123317 0.10249057 -0.0117117417
v -0.492888803 0.0602420788 -0.00914562826
v -0.489357831 0.124826022 -0.0148526645
v -0.496522419 0.139237315 -0.0183836366
v -0.496193957 0.0639578111 -0.00756490239
v -0.514444156 0.0274574137 -0.00781124927
v -0.508901351 0.0239059127 -0.00762648911
v -0.531606322 -0.010315776 -0.00259690679
v -0.503994942 0.133776625 -0.0174803647
v -0.509866209 0.14439007 -0.0204775852
v -0.494695347 0.124887608 -0.0149347802
v -0.50177782 0.124497559 -0.0148937223
v -0.510461548 0.117353499 -0.0150168958
v -0.515778535 0.121233463 -0.0192663796
v -0.526474095 0.0835423888 -0.0134772277
v -0.53014877 0.0872991788 -0.0196974867
v -0.550841908 0.0571627427 -0.0215450883
v -0.497281989 0.106411592 -0.011855444
v -0.504939271 0.1103942 -0.01230708
v -0.521198166 0.0770347251 -0.010315776
v -0.512350207 0.0706912927 -0.00914562826
v -0.503892297 0.0653743057 -0.0104594783
v -0.524400676 0.0315426663 -0.00889928137
v -0.534726716 0.0384198502 -0.00660004374
v -0.543964724 0.0471651648 -0.00980255329
v -0.574285921 0.0177882983 -0.00707220861
v -0.547906275 0.0535701839 -0.0143189129
v -0.561414296 0.00974096657 -0.000523487139
v -0.577570546 0.0299003537 -0.0160433412
v -0.578309587 0.0323227647 -0.0238032682
v -0.604340241 0.0157559364 -0.0181988764
v -0.60191783 0.0158791099 -0.0229821119
v -0.621871928 0.00647687029 -0.0269852488
v -0.550205512 0.00154993251 -0.00243267553
v -0.565006855 -0.0213808571 0.00313065838
v -0.574285921 -0.00717485314 0.00354123653
v -0.539551009 -0.00506037568 -0.00329488964
v -0.55513245 -0.0241522596 0.00091353638
v -0.546654011 -0.0312142037 0.000400313695
v -0.565992242 -0.0443321756 0.00333594746
v -0.55964881 -0.0484790149 0.00189892394
v -0.568927876 -0.0609400617 0.00253532007
v -0.572931013 -0.0411707238 0.00446503736
v -0.573218418 -0.0587845264 0.00417763266
v -0.578083769 -0.0690489801 0.00421869048
v -0.575784531 -0.0702191278 0.00245320444
v -0.579479734 -0.0716356225 0.00399287249
v -0.579910841 -0.0716766803 0.000318198065
v -0.579048627 -0.068638402 -0.000195024621
v -0.581471038 -0.0697880208 0.00358229435
v -0.581224691 -0.0680225347 0.00171416377
v -0.5756203 -0.0580454857 -0.00091353638
v -0.579849255 -0.0565468755 0.00126252781
v -0.570672833 -0.0417044754 -0.0015294036
v -0.578001653 -0.0570190404 0.00475244207
v -0.577919537 -0.0416839465 0.00136517234
v -0.577077852 -0.0232695166 0.000379784787
v -0.564288343 -0.0222430712 -0.00249426225
v -0.5808757 -0.015858581 -0.000420842602
v -0.572027741 -0.00686691953 -0.00202209738
v -0.586849612 -0.0113216924 -0.00419816157
v -0.560449437 0.00906351263 -0.00553254055
v -0.549630703 0.000851949658 -0.00764701802
v -0.535978979 0.0381735034 -0.0115885682
v -0.525386063 0.0302082873 -0.013641459
v -0.506437882 0.0634651173 -0.0152837716
v -0.580341948 -0.000297669158 -0.00629211013
v -0.570180139 0.0157764654 -0.0101926025
v -0.584899366 -0.00243267553 -0.00118041218
v -0.598489503 0.00643581248 -0.0166592084
v -0.600008642 -0.00571730072 -0.0122249644
v -0.573156831 0.0261846214 -0.0174803647
v -0.61883365 0.000195024621 -0.022961583
v -0.544375303 0.0451122741 -0.0146884333
v -0.546797714 0.0516199377 -0.0188147437
v -0.527110491 0.0828854637 -0.0200464781
v -0.602964804 -0.00341806309 -0.00834500087
v -0.523784808 0.0774042454 -0.0163718037
v -0.507854376 0.112282859 -0.0185478679
v -0.513335595 0.117620375 -0.0221198977
v -0.507546443 0.138826736 -0.0243575487
v -0.516230171 0.0700959544 -0.0139904504
v -0.5023321 0.104789808 -0.0163718037
v -0.494880107 0.0997602256 -0.0166386795
v -0.499540169 0.118995812 -0.0186505124
v -0.493258323 0.121028174 -0.0194716687
v -0.495167512 0.135152062 -0.0227973517
v -0.498472666 0.145088053 -0.025178705
v -0.502208927 0.129506612 -0.0213192704
v -0.647286716 -0.00491667333 -0.03072151
v -0.644043148 -0.00631263903 -0.0304341053
v -0.633634992 -0.00380811233 -0.0275190004
v -0.634866727 0.00120094108 -0.0297155935
v -0.61883365 0.000195024621 -0.022961583
v -0.621871928 0.00647687029 -0.0269852488
v -0.60191783 0.0158791099 -0.0229821119
v -0.598489503 0.00643581248 -0.0166592084
v -0.578309587 0.0323227647 -0.0238032682
v -0.573156831 0.0261846214 -0.0174803647
v -0.546797714 0.0516199377 -0.0188147437
v -0.550841908 0.0571627427 -0.0215450883
v -0.53014877 0.0872991788 -0.0196974867
v -0.527110491 0.0828854637 -0.0200464781
v -0.515778535 0.121233463 -0.0192663796
v -0.513335595 0.117620375 -0.0221198977
v -0.507546443 0.138826736 -0.0243575487
v -0.509866209 0.14439007 -0.0204775852
v -0.49951964 0.147982629 -0.0214219149
v -0.498472666 0.145088053 -0.025178705
v -0.340974888 -0.0190610905 -0.00442397955
v -0.33867565 -0.0170697865 -0.00559412727
v -0.343233068 -0.0150168958 -0.00514249131
v -0.345019083 -0.0172340178 -0.00280219586
v -0.352984299 -0.0130871785 0.00191945284
v -0.351177755 -0.00863240557 -0.000728776214
v -0.362304423 0.00105723873 0.00547095383
v -0.364193082 -0.00629211013 0.00881716574
v -0.380924142 0.00442397955 0.0163102169
v -0.378337499 0.0172545467 0.010972701
v -0.394945385 0.006764275 0.022509947
v -0.397737317 0.022509947 0.0171724311
v -0.401925214 0.0447632826 0.00859134776
v -0.393836824 0.0499776251 0.00198103957
v -0.406544218 0.0175214225 0.0258151011
v -0.401124587 0.00341806309 0.0291818419
v -0.419148967 0.00368493888 0.0312142037
v -0.407180614 -0.0029048404 0.0325485827
v -0.413236642 -0.0215040305 0.0356073899
v -0.416829201 0.0802372347 -0.0108289987
v -0.411101636 0.0834602731 -0.0156532919
v -0.430070346 0.11189281 -0.0348888782
v -0.413606162 0.0425666895 0.0159817544
v -0.426354614 0.075515586 -0.00446503736
v -0.435284689 0.109285639 -0.0297771802
v -0.444994862 0.131846908 -0.0455844389
v -0.449182759 0.129157621 -0.0419508223
v -0.454869266 0.142727229 -0.0489922376
v -0.440540089 0.0707323505 -0.00247373334
v -0.442613509 0.105467262 -0.0254455808
v -0.426826779 0.038255619 0.0171313732
v -0.449675453 0.0701164833 0.000523487139
v -0.454068639 0.125175013 -0.0386456682
v -0.453411714 0.102223695 -0.0239469705
v -0.461294814 0.122465197 -0.0373523471
v -0.467474015 0.121418223 -0.0347246469
v -0.45856447 0.131908495 -0.0424024583
v -0.457476437 0.137800291 -0.0457486702
v -0.465934347 0.139791595 -0.046898289
v -0.465277422 0.145170169 -0.0495465181
v -0.473283696 0.144718533 -0.0491769977
v -0.464661555 0.132647535 -0.0430593833
v -0.470635467 0.131908495 -0.0412938973
v -0.47246254 0.13913467 -0.0458307858
v -0.477286833 0.139955826 -0.0419508223
v -0.478251692 0.142439824 -0.0448453983
v -0.474618075 0.1331197 -0.0365311908
v -0.471271863 0.124189625 -0.0299208826
v -0.46437415 0.104830866 -0.0154480028
v -0.460678947 0.101792587 -0.0210523946
v -0.454438159 0.0721488451 0.00715432424
v -0.445549142 0.035586861 0.0259382745
v -0.43920571 0.0362437861 0.0186710413
v -0.430665684 0.00555306946 0.0302493451
v -0.428571736 -0.019615371 0.0346014735
v -0.437501811 0.00302801384 0.03692124
v -0.431959006 -0.020292825 0.0395078823
v -0.428859141 -0.0349915227 0.0388098995
v -0.420298586 -0.018301521 0.0341293086
v -0.422515708 -0.034929936 0.0340677219
v -0.417547713 -0.0354636876 0.0352583985
v -0.420996569 -0.0469393468 0.035586861
v -0.427771108 -0.0347657047 0.0347246469
v -0.426744663 -0.04556391 0.0348478204
v -0.426498316 -0.0462618929 0.0380913877
v -0.424958648 -0.0510656572 0.0371881158
v -0.423521625 -0.0461592483 0.0342319531
v -0.423767971 -0.0507371947 0.0350531094
v -0.422905757 -0.051332533 0.0368391244
v -0.425923507 -0.049998154 0.0354021009
v -0.339373633 -0.0174393069 -0.00272008023
v -0.340523252 -0.0133951121 -0.00311012947
v -0.33867565 -0.0170697865 -0.00559412727
v -0.341980804 -0.0150168958 -0.000646660584
v -0.348837459 -0.00922774389 0.00397234359
v -0.346907742 -0.00524513585 0.00091353638
v -0.355899404 0.00618946559 0.00450609518
v -0.358835037 -0.000112908991 0.00978202439
v -0.37419066 0.0160022833 0.0150784825
v -0.369386896 0.0241112018 0.00756490239
v -0.394945385 0.0430183255 0.0122865511
v -0.387554979 0.0518868135 0.00251479116
v -0.408371291 0.086601196 -0.013641459
v -0.414242558 0.0835629177 -0.00826288524
v -0.428079042 0.115300609 -0.0317068975
v -0.43319074 0.112939784 -0.0266362574
v -0.44784838 0.132483304 -0.0383787924
v -0.443373078 0.134844128 -0.0417455332
v -0.456778455 0.141433908 -0.0421971692
v -0.453924936 0.146915126 -0.0449275139
v -0.464805257 0.148577967 -0.0450506873
v -0.465154249 0.143240452 -0.0426693341
v -0.472031433 0.142275593 -0.0418276489
v -0.473057878 0.147736282 -0.0446401092
v -0.477286833 0.139955826 -0.0419508223
v -0.478251692 0.142439824 -0.0448453983
v -0.474618075 0.1331197 -0.0365311908
v -0.477286833 0.139955826 -0.0419508223
v -0.472031433 0.142275593 -0.0418276489
v -0.469999071 0.13537788 -0.0376397518
v -0.466550215 0.125359773 -0.0313989639
v -0.471271863 0.124189625 -0.0299208826
v -0.46437415 0.104830866 -0.0154480028
v -0.464025159 0.136486441 -0.0392820644
v -0.465154249 0.143240452 -0.0426693341
v -0.460350485 0.126529921 -0.0339650773
v -0.457661198 0.135480525 -0.0387688417
v -0.456778455 0.141433908 -0.0421971692
v -0.44784838 0.132483304 -0.0383787924
v -0.452877962 0.128890745 -0.0352378696
v -0.43319074 0.112939784 -0.0266362574
v -0.440293742 0.109326696 -0.0223867735
v -0.451358823 0.105303031 -0.0203749406
v -0.437727629 0.0736474554 0.00113935436
v -0.423624269 0.0794366073 -0.00212474192
v -0.414242558 0.0835629177 -0.00826288524
v -0.394945385 0.0430183255 0.0122865511
v -0.458790288 0.104666634 -0.0176651248
v -0.447129868 0.0723130764 0.00354123653
v -0.454438159 0.0721488451 0.00715432424
v -0.445549142 0.035586861 0.0259382745
v -0.435654209 0.0371675869 0.0226536493
v -0.41025995 0.0430183255 0.0198001312
v -0.426600961 0.00629211013 0.0350941672
v -0.437501811 0.00302801384 0.03692124
v -0.416993432 0.00362335216 0.0365722486
v -0.423028931 0.0388304284 0.0224483603
v -0.424219607 -0.0191637351 0.0396105269
v -0.431959006 -0.020292825 0.0395078823
v -0.428859141 -0.0349915227 0.0388098995
v -0.41645968 -0.0192869085 0.0397747581
v -0.42360374 -0.0349915227 0.0394668245
v -0.403444353 0.0157559364 0.0311731459
v -0.42323422 -0.0467956445 0.0388304284
v -0.426498316 -0.0462618929 0.0380913877
v -0.424958648 -0.0510656572 0.0371881158
v -0.422905757 -0.051332533 0.0368391244
v -0.421263445 -0.0491359399 0.0376602807
v -0.420996569 -0.0469393468 0.035586861
v -0.417547713 -0.0354636876 0.0352583985
v -0.418409927 -0.0354431587 0.0392820644
v -0.413236642 -0.0215040305 0.0356073899
v -0.407180614 -0.0029048404 0.0325485827
v -0.401124587 0.00341806309 0.0291818419
v -0.394945385 0.006764275 0.022509947
v -0.393385189 0.017624067 0.022509947
v -0.376695187 0.00497826005 0.0199438336
v -0.37419066 0.0160022833 0.0150784825
v -0.380924142 0.00442397955 0.0163102169
v -0.358835037 -0.000112908991 0.00978202439
v -0.361298506 -0.00651792811 0.0130050629
v -0.364193082 -0.00629211013 0.00881716574
v -0.348837459 -0.00922774389 0.00397234359
v -0.35089035 -0.0140315082 0.00600470542
v -0.352984299 -0.0130871785 0.00191945284
v -0.345019083 -0.0172340178 -0.00280219586
v -0.343684704 -0.0180346452 0.000626131676
v -0.341980804 -0.0150168958 -0.000646660584
v -0.340030558 -0.0193895531 -0.00280219586
v -0.340974888 -0.0190610905 -0.00442397955
v -0.339373633 -0.0174393069 -0.00272008023
v -0.33867565 -0.0170697865 -0.00559412727
v -0.387596037 0.00376705451 -0.0372086447
v -0.464907902 0.150712974 -0.0372086447
v -0.460925294 0.157610687 -0.0318711288
v -0.387596037 0.0545145137 -0.0451738608
v -0.344444273 -0.0532211925 -0.0372086447
v -0.388068201 0.0687205176 -0.0343345977
v -0.455690423 0.172186211 -0.025178705
v -0.264443121 -0.0703423013 -0.0451738608
v -0.264443121 -0.133078642 -0.0372086447
v -0.207105883 -0.174854969 -0.0372086447
v -0.388725127 0.0914870759 -0.025158176
v -0.451112476 0.187254429 -0.0230436986
v -0.264935815 -0.047349925 -0.0332260367
v -0.142460353 -0.140120058 -0.0451738608
v -0.142460353 -0.204642414 -0.0372086447
v -0.0802577636 -0.232664372 -0.0372086447
v -0.142850402 -0.115300609 -0.0327949296
v -0.265469566 -0.0150168958 -0.0223867735
v -0.388704598 0.111318001 -0.0274574137
v -0.0144831442 -0.18234802 -0.0451738608
v -0.0144420864 -0.248594804 -0.0372086447
v 0.0429977966 -0.254178667 -0.0372086447
v -0.0146679044 -0.160320503 -0.0328359874
v -0.143219923 -0.080155119 -0.0218735509
v 0.103886536 -0.194070026 -0.0451738608
v 0.103886536 -0.255513046 -0.0372086447
v 0.164754747 -0.254178667 -0.0372086447
v 0.103886536 -0.172699434 -0.033143921
v 0.222235687 -0.18234802 -0.0451738608
v 0.222215158 -0.248594804 -0.0372086447
v 0.288010307 -0.232664372 -0.0372086447
v -0.265305335 0.01230708 -0.0259998613
v -0.0148526645 -0.126468334 -0.0227152361
v 0.222440976 -0.160320503 -0.0328359874
v 0.350233425 -0.140120058 -0.0451738608
v 0.350233425 -0.204642414 -0.0372086447
v 0.414878955 -0.174854969 -0.0372086447
v -0.143096749 -0.0492385845 -0.0259793323
v 0.103886536 -0.14026376 -0.0233721611
v 0.350602945 -0.115300609 -0.0327949296
v 0.472195664 -0.0703423013 -0.0451738608
v 0.472195664 -0.133078642 -0.0372086447
v 0.552217345 -0.0532211925 -0.0372086447
v -0.0147705489 -0.0948948746 -0.0267389019
v -0.142665642 -0.0416428887 -0.0380913877
v 0.222605208 -0.126468334 -0.0227152361
v 0.472688358 -0.047349925 -0.0332260367
v 0.595369109 0.0545145137 -0.0451738608
v 0.595369109 0.00376705451 -0.0372086447
v 0.672680974 0.150712974 -0.0372086447
v 0.668698366 0.157610687 -0.0318711288
v 0.595820745 0.0687205176 -0.0343345977
v 0.350992995 -0.080155119 -0.0218735509
v 0.103886536 -0.11000415 -0.0271494801
v 0.596457141 0.0915076048 -0.025158176
v 0.663442966 0.172186211 -0.025158176
v 0.473222109 -0.0150168958 -0.0223867735
v 0.222543621 -0.0948948746 -0.0267389019
v 0.596436612 0.111338529 -0.0274368848
v 0.658865019 0.187274958 -0.0230436986
v 0.473078407 0.01230708 -0.0259998613
v 0.350849292 -0.0492385845 -0.0259793323
v 0.595677042 0.11640917 -0.0388509573
v 0.472483069 0.0175624803 -0.0376602807
v 0.595204877 0.124025394 -0.034252482
v 0.65547775 0.186843851 -0.0240290861
v 0.350418185 -0.0416428887 -0.0380913877
v 0.222297274 -0.0832549841 -0.0394668245
v 0.47209302 0.0275395293 -0.0332465656
v 0.595122762 0.140017413 -0.0235569213
v 0.651803075 0.186884909 -0.0244807221
v 0.103886536 -0.0985284912 -0.0397131714
v 0.222153572 -0.0666676269 -0.0351968118
v 0.350151309 -0.0290381396 -0.0338419039
v -0.0145447309 -0.0832549841 -0.0394668245
v 0.472031433 0.0490332954 -0.0199848914
v 0.595328051 0.154264475 -0.0407806746
v 0.651987835 0.186535917 -0.0538986464
v 0.65059187 0.188978857 -0.066852387
v 0.103886536 -0.0805862261 -0.0354636876
v 0.350110252 -0.00384917014 -0.0197796023
v 0.472175135 0.0764599157 -0.0208676344
v 0.350212896 0.030044056 -0.0201491226
v 0.222153572 -0.0361411415 -0.019841189
v -0.0143804997 -0.0666676269 -0.0351968118
v 0.472216193 0.102428984 -0.048684304
v 0.22219463 0.00530672257 -0.0191432062
v 0.103886536 -0.0470625203 -0.0194921976
v 0.59534858 0.16130589 -0.0603036656
v 0.595369109 0.168326776 -0.0798061276
v 0.649175375 0.191421797 -0.0798061276
v 0.472195664 0.12221885 -0.0798061276
v 0.350253954 0.0605500124 -0.0481300235
v 0.350233425 0.0854721061 -0.0798061276
v 0.222215158 0.0391178331 -0.0473088672
v 0.222215158 0.0676119566 -0.0798061276
v 0.103886536 -0.00101618092 -0.0186094546
v 0.103886536 0.0333081523 -0.0469804046
v 0.103886536 0.0623154985 -0.0798061276
v -0.0144420864 0.00530672257 -0.0191432062
v -0.0144420864 0.0391178331 -0.0473088672
v -0.0144420864 0.0676119566 -0.0798061276
v -0.142480882 0.0605500124 -0.0481300235
v -0.142460353 0.0854721061 -0.0798061276
v -0.0143804997 -0.0361411415 -0.019841189
v -0.142460353 0.030044056 -0.0201491226
v -0.26446365 0.102428984 -0.048684304
v -0.264443121 0.12221885 -0.0798061276
v -0.142378237 -0.0290381396 -0.0338419039
v -0.264402063 0.0764599157 -0.0208676344
v -0.14233718 -0.00384917014 -0.0197796023
v -0.387575508 0.16130589 -0.0603036656
v -0.387596037 0.168326776 -0.0798061276
v -0.441402303 0.191421797 -0.0798061276
v -0.442818798 0.188978857 -0.066852387
v -0.444235292 0.186535917 -0.0538986464
v -0.387575508 0.154285004 -0.0407806746
v -0.264709997 0.0175624803 -0.0376602807
v -0.264258361 0.0490332954 -0.0199848914
v -0.38734969 0.140017413 -0.0235363924
v -0.444030003 0.186884909 -0.0244807221
v -0.264319948 0.0275395293 -0.0332465656
v -0.387924499 0.11640917 -0.0388509573
v -0.447725206 0.186843851 -0.0240290861
v -0.387431805 0.124025394 -0.034252482
v -0.601815186 0.00701062189 -0.0122454933
v -0.623001018 0.00692850626 -0.0222636001
v -0.621748755 0.000523487139 -0.0181783475
v -0.635811056 0.00099565201 -0.0254661097
v -0.634866727 0.00120094108 -0.0297155935
v -0.647286716 -0.00491667333 -0.03072151
v -0.635297834 -0.00341806309 -0.0224894181
v -0.635133602 -0.00865293448 -0.0204981141
v -0.621481879 -0.00610734996 -0.0153248294
v -0.619470046 -0.00703115079 -0.0199233047
v -0.633450232 -0.00859134776 -0.0248707713
v -0.633634992 -0.00380811233 -0.0275190004
v -0.644043148 -0.00631263903 -0.0304341053
v -0.645521229 -0.0037465256 -0.0281759254
v -0.644433197 -0.00577888744 -0.0257945722
v -0.642934587 -0.00904298372 -0.0282169833
v -0.648949557 -0.00635369685 -0.030269874
v -0.648128401 -0.00690797735 -0.0274163559
v -0.643961033 -0.00924827279 -0.0245833666
v -0.648251574 -0.00894033918 -0.027375298
v -0.647594649 -0.00900192591 -0.0291818419
v -0.473468456 0.149830231 -0.0497312782
v -0.473057878 0.147736282 -0.0446401092
v -0.478251692 0.142439824 -0.0448453983
v -0.473283696 0.144718533 -0.0491769977
v -0.464805257 0.148577967 -0.0450506873
v -0.464456266 0.150097107 -0.0501418564
v -0.465277422 0.145170169 -0.0495465181
v -0.454869266 0.142727229 -0.0489922376
v -0.451954161 0.149132248 -0.0507782525
v -0.441012254 0.134679897 -0.0465698265
v -0.453924936 0.146915126 -0.0449275139
v -0.444994862 0.131846908 -0.0455844389
v -0.443373078 0.134844128 -0.0417455332
v -0.430070346 0.11189281 -0.0348888782
v -0.428079042 0.115300609 -0.0317068975
v -0.425389755 0.114561568 -0.0374549916
v -0.411101636 0.0834602731 -0.0156532919
v -0.405723062 0.0869501874 -0.0206418164
v -0.408371291 0.086601196 -0.013641459
v -0.387554979 0.0518868135 0.00251479116
v -0.38771921 0.054227109 -0.00522460694
v -0.393836824 0.0499776251 0.00198103957
v -0.378337499 0.0172545467 0.010972701
v -0.372527819 0.0256919276 0.00292536931
v -0.369386896 0.0241112018 0.00756490239
v -0.362304423 0.00105723873 0.00547095383
v -0.357829121 0.00641528357 0.000112908991
v -0.355899404 0.00618946559 0.00450609518
v -0.346907742 -0.00524513585 0.00091353638
v -0.34826265 -0.00444450846 -0.00313065838
v -0.351177755 -0.00863240557 -0.000728776214
v -0.339640509 -0.015181127 -0.00596364761
v -0.340523252 -0.0133951121 -0.00311012947
v -0.343233068 -0.0150168958 -0.00514249131
v -0.33867565 -0.0170697865 -0.00559412727
v -0.57674939 -0.0708965818 0.000195024621
v -0.579048627 -0.068638402 -0.000195024621
v -0.579910841 -0.0716766803 0.000318198065
v -0.575784531 -0.0702191278 0.00245320444
v -0.5756203 -0.0580454857 -0.00091353638
v -0.57091918 -0.0599546741 -0.00103670982
v -0.563816178 -0.0460771327 -0.00216579973
v -0.568927876 -0.0609400617 0.00253532007
v -0.570672833 -0.0417044754 -0.0015294036
v -0.55964881 -0.0484790149 0.00189892394
v -0.546654011 -0.0312142037 0.000400313695
v -0.564288343 -0.0222430712 -0.00249426225
v -0.553551724 -0.025609812 -0.00450609518
v -0.531606322 -0.010315776 -0.00259690679
v -0.539058316 -0.00612787887 -0.00836552978
v -0.549630703 0.000851949658 -0.00764701802
v -0.525386063 0.0302082873 -0.013641459
v -0.515922237 0.0249323581 -0.0137235746
v -0.508901351 0.0239059127 -0.00762648911
v -0.506437882 0.0634651173 -0.0152837716
v -0.492888803 0.0602420788 -0.00914562826
v -0.498719012 0.0595646249 -0.0148731934
v -0.488885666 0.0968451208 -0.0158791099
v -0.483835555 0.0986927224 -0.0116090971
v -0.494880107 0.0997602256 -0.0166386795
v -0.482829638 0.120453364 -0.0157969943
v -0.48785922 0.120576538 -0.0189173882
v -0.488783021 0.135788458 -0.0228794673
v -0.493258323 0.121028174 -0.0194716687
v -0.48317863 0.136486441 -0.0211960969
v -0.495167512 0.135152062 -0.0227973517
v -0.482870696 0.148454794 -0.0246244245
v -0.498472666 0.145088053 -0.025178705
v -0.490569036 0.146135027 -0.0256508698
v -0.511405877 0.118934225 -0.0229205251
v -0.506868989 0.123614816 -0.00758543129
v -0.511056886 0.119283217 -0.00680533281
v -0.511241646 0.129301323 0.0078933649
v -0.507156393 0.123327411 -0.0217914352
v -0.50703322 0.132462775 0.00534778038
v -0.507833847 0.131662148 -0.0334929125
v -0.511878042 0.146360845 0.0171519022
v -0.512144918 0.128439109 -0.0361821993
v -0.507587501 0.147469406 0.0134977566
v -0.512801843 0.16582225 0.01850681
v -0.508408657 0.164631573 0.0147089622
v -0.513766702 0.182553309 0.0116706839
v -0.509250342 0.1793508 0.00867346339
v -0.514526271 0.191996607 -0.00161151923
v -0.509907267 0.187685536 -0.00302801384
v -0.514854734 0.191688673 -0.0177472405
v -0.510215201 0.18741866 -0.0172340178
v -0.514690502 0.181670566 -0.0324048804
v -0.510050969 0.17859123 -0.0301672295
v -0.508675533 0.146381374 -0.0395489402
v -0.513130306 0.145129111 -0.0430593833
v -0.514033577 0.164611044 -0.0416839465
v -0.509496689 0.16356407 -0.0383172057
v -0.445425969 0.128829159 -0.0383172057
v -0.450784014 0.146750895 -0.0414170707
v -0.446390827 0.14551916 -0.0452354475
v -0.447314628 0.165001093 -0.0438600107
v -0.449942328 0.132011139 -0.035361043
v -0.45160517 0.163892532 -0.0402058652
v -0.449264875 0.123696932 -0.0236390369
v -0.447951024 0.182019558 -0.0346014735
v -0.444666399 0.119385861 -0.0250350026
v -0.45215945 0.178899164 -0.0320764178
v -0.44897747 0.124004865 -0.00941250405
v -0.448135785 0.192078722 -0.0199848914
v -0.444337937 0.119714324 -0.00891981028
v -0.452323682 0.187767652 -0.0191637351
v -0.449121172 0.132852824 0.00347964981
v -0.447807322 0.192448243 -0.00384917014
v -0.444502168 0.129752959 0.00575835853
v -0.452015748 0.188075585 -0.00495773114
v -0.449695982 0.147879985 0.0116296261
v -0.447047753 0.183025474 0.00945356187
v -0.445138564 0.146812481 0.014975838
v -0.451358823 0.179761378 0.006764275
v -0.450517138 0.16506268 0.0128203027
v -0.446082894 0.166314943 0.0163512748
vt 0.19012327 0.00390625
vt 0.183334108 0.00778577125
vt 0.183334108 0.0262134972
vt 0.194972672 0.0184544547
vt 0.637238094 0.547039225
vt 0.645967017 0.545099464
vt 0.611051326 0.474298202
vt 0.605232044 0.474298202
vt 0.597473001 0.476237962
vt 0.627539291 0.548978986
vt 0.613960967 0.548009105
vt 0.596503121 0.440352391
vt 0.603292283 0.440352391
vt 0.595533241 0.430653587
vt 0.609111565 0.434533109
vt 0.608141685 0.412225862
vt 0.587774198 0.476237962
vt 0.580015156 0.440352391
vt 0.576135634 0.538310302
vt 0.595533241 0.441322271
vt 0.56352719 0.474298202
vt 0.550918746 0.473328321
vt 0.553828387 0.534430781
vt 0.53152114 0.534430781
vt 0.587774198 0.427743947
vt 0.56255731 0.43841263
vt 0.56352719 0.422894545
vt 0.578075395 0.426774066
vt 0.590683839 0.416105383
vt 0.536370542 0.478177723
vt 0.519882576 0.535400661
vt 0.551888627 0.436472869
vt 0.603292283 0.421924665
vt 0.620750129 0.361792085
vt 0.603292283 0.432593348
vt 0.579045275 0.40640658
vt 0.538310302 0.443262032
vt 0.629479052 0.368581247
vt 0.618810368 0.421924665
vt 0.644027256 0.372460769
vt 0.675063426 0.321057112
vt 0.661485102 0.31523783
vt 0.695430913 0.25316549
vt 0.709979117 0.264804054
vt 0.722587562 0.242496807
vt 0.652756179 0.309418548
vt 0.636268214 0.302629386
vt 0.681852588 0.250255849
vt 0.697370673 0.226008842
vt 0.712888758 0.228918482
vt 0.727436963 0.211460637
vt 0.729376724 0.224069081
vt 0.606201924 0.355002923
vt 0.56352719 0.402527058
vt 0.584864557 0.348213761
vt 0.555768148 0.401557178
vt 0.660515222 0.244436567
vt 0.617840488 0.238617286
vt 0.741015287 0.194972672
vt 0.744894809 0.204671475
vt 0.760412894 0.185273868
vt 0.547039225 0.419984904
vt 0.603292283 0.295840224
vt 0.582924797 0.290020942
vt 0.674093546 0.218249799
vt 0.574195874 0.346274
vt 0.56158743 0.281292019
vt 0.555768148 0.331725796
vt 0.550918746 0.332695676
vt 0.546069345 0.389918614
vt 0.539280182 0.419015024
vt 0.542189823 0.402527058
vt 0.521822337 0.419015024
vt 0.492725927 0.420954784
vt 0.53055126 0.434533109
vt 0.5926236 0.236677525
vt 0.597473001 0.212430517
vt 0.504364491 0.397677657
vt 0.496605449 0.400587298
vt 0.528611499 0.472358441
vt 0.486906646 0.475268082
vt 0.47041868 0.545099464
vt 0.43938251 0.534430781
vt 0.567406712 0.236677525
vt 0.564497071 0.232798004
vt 0.511153653 0.339484838
vt 0.512123534 0.276442618
vt 0.559647669 0.279352259
vt 0.479147603 0.463629518
vt 0.421924665 0.53152114
vt 0.466539159 0.467509039
vt 0.488846406 0.429683707
vt 0.480117483 0.43744275
vt 0.492725927 0.440352391
vt 0.478177723 0.418045143
vt 0.47041868 0.402527058
vt 0.481087364 0.391858375
vt 0.482057244 0.342394479
vt 0.497575329 0.346274
vt 0.480117483 0.285171541
vt 0.462659638 0.285171541
vt 0.455870476 0.218249799
vt 0.475268082 0.215340158
vt 0.515033175 0.22018956
vt 0.519882576 0.194972672
vt 0.477207842 0.183334108
vt 0.47041868 0.16005698
vt 0.454900595 0.187213629
vt 0.447141553 0.163936502
vt 0.435502989 0.138719613
vt 0.457810236 0.139689494
vt 0.425804186 0.114472606
vt 0.565466951 0.216310038
vt 0.570316352 0.219219679
vt 0.575165754 0.205641355
vt 0.566436831 0.201761834
vt 0.569346472 0.185273868
vt 0.516972935 0.176544946
vt 0.513093414 0.161026861
vt 0.511153653 0.143569015
vt 0.447141553 0.121261768
vt 0.440352391 0.0999244009
vt 0.421924665 0.0911954781
vt 0.431623468 0.0591894278
vt 0.448111433 0.0688882309
vt 0.512123534 0.0136050531
vt 0.496605449 0.00390625
vt 0.541219943 0.0378520609
vt 0.512123534 0.0941051191
vt 0.599412762 0.0562797869
vt 0.511153653 0.122231648
vt 0.581954916 0.117382247
vt 0.595533241 0.116412366
vt 0.612021206 0.0553099066
vt 0.637238094 0.0620990687
vt 0.576135634 0.145508776
vt 0.572256113 0.165876262
vt 0.589713959 0.147448536
vt 0.640147735 0.149388297
vt 0.643057376 0.125141289
vt 0.663424862 0.0640388294
vt 0.584864557 0.169755783
vt 0.677003187 0.12902081
vt 0.726467083 0.134840092
vt 0.707069477 0.06597859
vt 0.721617681 0.0640388294
vt 0.580015156 0.188183509
vt 0.633358573 0.165876262
vt 0.665364623 0.168785903
vt 0.673123666 0.152297938
vt 0.620750129 0.180424467
vt 0.607171804 0.195942552
vt 0.653726059 0.183334108
vt 0.707069477 0.192063031
vt 0.638207974 0.196912432
vt 0.721617681 0.1590871
vt 0.741985168 0.161996741
vt 0.71773816 0.177514826
vt 0.62462965 0.213400397
vt 0.691551392 0.203701594
vt 0.712888758 0.210490757
vt 0.726467083 0.194972672
vt 0.737135766 0.179454587
vt 0.752653851 0.180424467
vt 0.759443013 0.163936502
vt 0.770111697 0.163936502
vt 0.771081577 0.130960571
vt 0.761382774 0.136779853
vt 0.745864689 0.135809972
vt 0.729376724 0.0601593081
vt 0.738105647 0.0562797869
vt 0.928202188 0.71870804
vt 0.929172068 0.697370673
vt 0.922382906 0.696400793
vt 0.921413026 0.71870804
vt 0.920443145 0.741985168
vt 0.90492506 0.742955048
vt 0.927232307 0.741985168
vt 0.926262427 0.765262295
vt 0.905894941 0.719677921
vt 0.905894941 0.698340554
vt 0.885527454 0.720647801
vt 0.886497334 0.700280314
vt 0.867099728 0.699310434
vt 0.919473265 0.766232176
vt 0.918503385 0.787569542
vt 0.926262427 0.787569542
vt 0.919473265 0.806967149
vt 0.90395518 0.806967149
vt 0.926262427 0.806967149
vt 0.918503385 0.825394875
vt 0.925292547 0.826364755
vt 0.90395518 0.787569542
vt 0.883587693 0.786599662
vt 0.90395518 0.766232176
vt 0.884557574 0.765262295
vt 0.885527454 0.742955048
vt 0.918503385 0.846732241
vt 0.926262427 0.847702122
vt 0.864190087 0.766232176
vt 0.866129848 0.719677921
vt 0.919473265 0.870009369
vt 0.926262427 0.870009369
vt 0.927232307 0.893286496
vt 0.920443145 0.893286496
vt 0.928202188 0.914623863
vt 0.90492506 0.870009369
vt 0.865159967 0.742955048
vt 0.850611763 0.71870804
vt 0.851581643 0.696400793
vt 0.844792481 0.697370673
vt 0.843822601 0.719677921
vt 0.84285272 0.741985168
vt 0.849641882 0.742955048
vt 0.84188284 0.765262295
vt 0.848672002 0.766232176
vt 0.863220207 0.787569542
vt 0.847702122 0.787569542
vt 0.84091296 0.786599662
vt 0.839943079 0.805997268
vt 0.846732241 0.806967149
vt 0.863220207 0.806967149
vt 0.863220207 0.825394875
vt 0.847702122 0.825394875
vt 0.84091296 0.825394875
vt 0.883587693 0.806967149
vt 0.848672002 0.845762361
vt 0.84188284 0.846732241
vt 0.84285272 0.870009369
vt 0.883587693 0.826364755
vt 0.883587693 0.846732241
vt 0.90395518 0.825394875
vt 0.90395518 0.846732241
vt 0.864190087 0.846732241
vt 0.849641882 0.869039489
vt 0.897166018 0.893286496
vt 0.865159967 0.870009369
vt 0.865159967 0.892316616
vt 0.850611763 0.893286496
vt 0.843822601 0.892316616
vt 0.884557574 0.870009369
vt 0.850611763 0.914623863
vt 0.843822601 0.913653983
vt 0.843822601 0.93402147
vt 0.905894941 0.893286496
vt 0.885527454 0.913653983
vt 0.885527454 0.892316616
vt 0.866129848 0.914623863
vt 0.850611763 0.93402147
vt 0.921413026 0.915593744
vt 0.850611763 0.954388956
vt 0.843822601 0.953419076
vt 0.866129848 0.952449196
vt 0.866129848 0.93402147
vt 0.885527454 0.933051589
vt 0.885527454 0.951479315
vt 0.905894941 0.952449196
vt 0.906864821 0.93402147
vt 0.921413026 0.954388956
vt 0.922382906 0.93499135
vt 0.929172068 0.93499135
vt 0.928202188 0.954388956
vt 0.905894941 0.914623863
vt 0.171695544 0.0242737366
vt 0.174605185 0.0126351728
vt 0.16005698 0.00390625
vt 0.16005698 0.0359123003
vt 0.140659374 0.0213640956
vt 0.143569015 0.0262134972
vt 0.150358177 0.0407617019
vt 0.150358177 0.00390625
vt 0.459749997 0.961178118
vt 0.43744275 0.910744342
vt 0.441322271 0.959238358
vt 0.461689757 0.913653983
vt 0.491756047 0.917533504
vt 0.452960835 0.865159967
vt 0.479147603 0.96505764
vt 0.422894545 0.860310566
vt 0.498545209 0.967967281
vt 0.423864425 0.813756311
vt 0.520852457 0.922382906
vt 0.521822337 0.961178118
vt 0.509213893 0.969907041
vt 0.542189823 0.921413026
vt 0.566436831 0.87388889
vt 0.541219943 0.869039489
vt 0.576135634 0.837033438
vt 0.496605449 0.866129848
vt 0.551888627 0.830244276
vt 0.575165754 0.816665952
vt 0.50145485 0.827334635
vt 0.50048497 0.804057508
vt 0.552858507 0.808906909
vt 0.572256113 0.800177986
vt 0.453930715 0.822485234
vt 0.548009105 0.792418944
vt 0.565466951 0.78078038
vt 0.451021074 0.795328585
vt 0.442292151 0.774961098
vt 0.420954784 0.790479183
vt 0.412225862 0.774961098
vt 0.401557178 0.761382774
vt 0.539280182 0.774961098
vt 0.559647669 0.762352654
vt 0.492725927 0.783690021
vt 0.482057244 0.765262295
vt 0.472358441 0.746834569
vt 0.529581379 0.756533372
vt 0.552858507 0.743924928
vt 0.429683707 0.758473133
vt 0.521822337 0.739075527
vt 0.550918746 0.721617681
vt 0.419984904 0.743924928
vt 0.416105383 0.728406843
vt 0.391858375 0.74877433
vt 0.387008973 0.734226125
vt 0.383129452 0.711918878
vt 0.518912696 0.71676828
vt 0.463629518 0.708039357
vt 0.557707908 0.680882708
vt 0.466539159 0.729376724
vt 0.528611499 0.676033307
vt 0.56255731 0.632388692
vt 0.413195742 0.707069477
vt 0.425804186 0.661485102
vt 0.398647537 0.659545341
vt 0.457810236 0.603292283
vt 0.547039225 0.62462965
vt 0.574195874 0.588744078
vt 0.475268082 0.666334503
vt 0.557707908 0.577105515
vt 0.576135634 0.574195874
vt 0.564497071 0.549948866
vt 0.548978986 0.544129584
vt 0.514063294 0.616870607
vt 0.482057244 0.610081445
vt 0.538310302 0.573225993
vt 0.519882576 0.569346472
vt 0.503394611 0.56352719
vt 0.533460901 0.543159704
vt 0.510183773 0.551888627
vt 0.870009369 0.492725927
vt 0.889406975 0.488846406
vt 0.887467215 0.451990954
vt 0.867099728 0.451990954
vt 0.895226257 0.40640658
vt 0.894256377 0.466539159
vt 0.84091296 0.455870476
vt 0.849641882 0.490786167
vt 0.863220207 0.405436699
vt 0.866129848 0.355972803
vt 0.831214156 0.471388561
vt 0.836063558 0.482057244
vt 0.831214156 0.405436699
vt 0.831214156 0.453930715
vt 0.821515353 0.353063162
vt 0.808906909 0.40737646
vt 0.828304516 0.464599398
vt 0.816665952 0.449081313
vt 0.821515353 0.465569279
vt 0.817635832 0.444231912
vt 0.803087627 0.401557178
vt 0.786599662 0.352093282
vt 0.786599662 0.351123402
vt 0.783690021 0.317177591
vt 0.784659901 0.312328189
vt 0.783690021 0.300689626
vt 0.81181655 0.31329807
vt 0.790479183 0.291960703
vt 0.78078038 0.2822619
vt 0.806967149 0.290990822
vt 0.861280446 0.285171541
vt 0.793388824 0.276442618
vt 0.782720141 0.259954652
vt 0.81181655 0.272563097
vt 0.793388824 0.259954652
vt 0.789509303 0.238617286
vt 0.863220207 0.31329807
vt 0.911714222 0.307478788
vt 0.819575593 0.25122573
vt 0.879708172 0.243466687
vt 0.829274396 0.229888363
vt 0.798238226 0.244436567
vt 0.796298465 0.218249799
vt 0.805027388 0.225038961
vt 0.798238226 0.193032911
vt 0.804057508 0.199822073
vt 0.789509303 0.150358177
vt 0.869039489 0.263834174
vt 0.923352786 0.255105251
vt 0.837033438 0.211460637
vt 0.795328585 0.150358177
vt 0.787569542 0.0979846403
vt 0.913653983 0.276442618
vt 0.946629914 0.272563097
vt 0.801147867 0.0921653584
vt 0.781750261 0.0514303853
vt 0.790479183 0.0388219412
vt 0.78078038 0.0368821806
vt 0.792418944 0.0359123003
vt 0.808906909 0.0407617019
vt 0.822485234 0.0892557175
vt 0.831214156 0.0388219412
vt 0.799208106 0.0106954122
vt 0.818605712 0.00487613031
vt 0.838003319 0.00390625
vt 0.84285272 0.139689494
vt 0.853521404 0.0834364356
vt 0.843822601 0.184303988
vt 0.899105778 0.180424467
vt 0.889406975 0.135809972
vt 0.883587693 0.0785870341
vt 0.855461164 0.0339725397
vt 0.932081709 0.135809972
vt 0.894256377 0.205641355
vt 0.947599794 0.206611235
vt 0.888437095 0.223099201
vt 0.943720273 0.223099201
vt 0.969907041 0.22115944
vt 0.93499135 0.237647405
vt 0.963117879 0.236677525
vt 0.954388956 0.25316549
vt 0.968937161 0.244436567
vt 0.960208238 0.261894413
vt 0.978635964 0.227948602
vt 0.954388956 0.279352259
vt 0.987364887 0.209520876
vt 0.950509435 0.305539027
vt 0.973786562 0.207581116
vt 0.985425126 0.181394347
vt 0.941780512 0.300689626
vt 0.93596123 0.351123402
vt 0.943720273 0.355972803
vt 0.920443145 0.40834634
vt 0.975726323 0.186243749
vt 0.948569674 0.183334108
vt 0.959238358 0.136779853
vt 0.963117879 0.12902081
vt 0.912684103 0.0669484703
vt 0.908804581 0.0756773931
vt 0.870979249 0.0368821806
vt 0.869039489 0.0242737366
vt 0.857400925 0.0155448137
vt 0.865159967 0.0116652925
vt 0.856431045 0.00972553187
vt 0.978635964 0.479147603
vt 0.980575725 0.475268082
vt 0.96602752 0.479147603
vt 0.96505764 0.490786167
vt 0.955358836 0.477207842
vt 0.940810632 0.504364491
vt 0.925292547 0.50048497
vt 0.936931111 0.4694488
vt 0.919473265 0.461689757
vt 0.910744342 0.493695808
vt 0.898135898 0.473328321
vt 0.902015419 0.454900595
vt 0.915593744 0.404466819
vt 0.907834701 0.355972803
vt 0.207581116 0.00487613031
vt 0.212430517 0.0136050531
vt 0.210490757 0.00390625
vt 0.206611235 0.0136050531
vt 0.206611235 0.0242737366
vt 0.212430517 0.0233038562
vt 0.799208106 0.785629782
vt 0.802117747 0.786599662
vt 0.808906909 0.773021338
vt 0.804057508 0.773021338
vt 0.81084667 0.755563492
vt 0.817635832 0.753623731
vt 0.826364755 0.728406843
vt 0.796298465 0.771081577
vt 0.791449064 0.781750261
vt 0.781750261 0.776900859
vt 0.820545473 0.731316484
vt 0.812786431 0.727436963
vt 0.835093678 0.680882708
vt 0.804057508 0.753623731
vt 0.788539423 0.767202056
vt 0.829274396 0.682822469
vt 0.828304516 0.633358573
vt 0.837033438 0.633358573
vt 0.832184037 0.584864557
vt 0.782720141 0.757503253
vt 0.771081577 0.767202056
vt 0.798238226 0.751683971
vt 0.790479183 0.74780445
vt 0.783690021 0.735196006
vt 0.773991218 0.737135766
vt 0.783690021 0.688641751
vt 0.773991218 0.691551392
vt 0.766232176 0.646936897
vt 0.804057508 0.729376724
vt 0.794358705 0.729376724
vt 0.793388824 0.683792349
vt 0.806967149 0.680882708
vt 0.819575593 0.679912828
vt 0.815696071 0.632388692
vt 0.800177986 0.632388692
vt 0.784659901 0.637238094
vt 0.769141816 0.586804318
vt 0.775930979 0.643057376
vt 0.788539423 0.583894677
vt 0.756533372 0.602322403
vt 0.74877433 0.608141685
vt 0.734226125 0.577105515
vt 0.731316484 0.582924797
vt 0.709009237 0.573225993
vt 0.805027388 0.582924797
vt 0.805027388 0.548978986
vt 0.784659901 0.555768148
vt 0.820545473 0.584864557
vt 0.817635832 0.555768148
vt 0.830244276 0.557707908
vt 0.828304516 0.53249102
vt 0.837033438 0.536370542
vt 0.844792481 0.520852457
vt 0.819575593 0.527641619
vt 0.839943079 0.516972935
vt 0.846732241 0.506304252
vt 0.850611763 0.506304252
vt 0.846732241 0.503394611
vt 0.847702122 0.49951509
vt 0.84188284 0.49951509
vt 0.843822601 0.504364491
vt 0.84285272 0.502424731
vt 0.829274396 0.504364491
vt 0.831214156 0.510183773
vt 0.81181655 0.515033175
vt 0.835093678 0.514063294
vt 0.816665952 0.521822337
vt 0.795328585 0.535400661
vt 0.794358705 0.519882576
vt 0.782720141 0.539280182
vt 0.775930979 0.523762097
vt 0.768171936 0.543159704
vt 0.768171936 0.49951509
vt 0.782720141 0.493695808
vt 0.756533372 0.452960835
vt 0.772051457 0.448111433
vt 0.754593612 0.404466819
vt 0.763322535 0.526671738
vt 0.753623731 0.503394611
vt 0.768171936 0.555768148
vt 0.738105647 0.53152114
vt 0.744894809 0.545099464
vt 0.738105647 0.497575329
vt 0.71676828 0.536370542
vt 0.742955048 0.455870476
vt 0.733256245 0.452960835
vt 0.71870804 0.410286101
vt 0.742955048 0.551888627
vt 0.727436963 0.410286101
vt 0.706099596 0.368581247
vt 0.695430913 0.369551128
vt 0.679912828 0.347243881
vt 0.741015287 0.409316221
vt 0.71773816 0.368581247
vt 0.728406843 0.365671607
vt 0.706099596 0.355002923
vt 0.709009237 0.347243881
vt 0.692521272 0.338514958
vt 0.680882708 0.333665556
vt 0.693491152 0.350153522
vt 0.332695676 0.490786167
vt 0.335605317 0.489816287
vt 0.341424599 0.482057244
vt 0.337545077 0.479147603
vt 0.349183641 0.47041868
vt 0.342394479 0.46847892
vt 0.350153522 0.451021074
vt 0.358882444 0.454900595
vt 0.354033043 0.427743947
vt 0.361792085 0.428713827
vt 0.362761966 0.397677657
vt 0.356942684 0.396707777
vt 0.352093282 0.365671607
vt 0.356942684 0.366641487
vt 0.341424599 0.336575197
vt 0.346274 0.337545077
vt 0.338514958 0.320087232
vt 0.332695676 0.318147471
vt 0.336575197 0.309418548
vt 0.340454718 0.310388429
vt 0.714828519 0.851581643
vt 0.71870804 0.850611763
vt 0.714828519 0.845762361
vt 0.710948998 0.846732241
vt 0.702220075 0.838003319
vt 0.708039357 0.834123797
vt 0.698340554 0.817635832
vt 0.690581511 0.824424994
vt 0.676033307 0.803087627
vt 0.68767187 0.790479183
vt 0.660515222 0.792418944
vt 0.668274264 0.773021338
vt 0.680882708 0.746834569
vt 0.695430913 0.745864689
vt 0.652756179 0.773991218
vt 0.647906777 0.792418944
vt 0.629479052 0.7798105
vt 0.637238094 0.795328585
vt 0.618810368 0.80987679
vt 0.696400793 0.696400793
vt 0.706099596 0.696400793
vt 0.715798399 0.648876658
vt 0.664394743 0.742955048
vt 0.681852588 0.696400793
vt 0.706099596 0.649846538
vt 0.71870804 0.615900727
vt 0.710948998 0.616870607
vt 0.71676828 0.598442882
vt 0.664394743 0.690581511
vt 0.694461032 0.649846538
vt 0.647906777 0.737135766
vt 0.653726059 0.684762229
vt 0.702220075 0.617840488
vt 0.681852588 0.644027256
vt 0.693491152 0.614930847
vt 0.68573211 0.612991086
vt 0.704159836 0.607171804
vt 0.709979117 0.601352522
vt 0.704159836 0.5926236
vt 0.709009237 0.587774198
vt 0.701250195 0.581954916
vt 0.699310434 0.601352522
vt 0.691551392 0.598442882
vt 0.696400793 0.588744078
vt 0.689611631 0.585834437
vt 0.692521272 0.581954916
vt 0.684762229 0.595533241
vt 0.677973067 0.608141685
vt 0.665364623 0.636268214
vt 0.673123666 0.640147735
vt 0.644027256 0.681852588
vt 0.622689889 0.728406843
vt 0.634328453 0.730346604
vt 0.618810368 0.770111697
vt 0.604262163 0.798238226
vt 0.607171804 0.768171936
vt 0.597473001 0.796298465
vt 0.590683839 0.812786431
vt 0.613960967 0.802117747
vt 0.601352522 0.818605712
vt 0.606201924 0.822485234
vt 0.595533241 0.832184037
vt 0.595533241 0.814726191
vt 0.589713959 0.826364755
vt 0.585834437 0.826364755
vt 0.586804318 0.833153917
vt 0.59359348 0.829274396
vt 0.589713959 0.833153917
vt 0.589713959 0.835093678
vt 0.588744078 0.831214156
vt 0.366641487 0.358882444
vt 0.366641487 0.355002923
vt 0.364701726 0.358882444
vt 0.368581247 0.355972803
vt 0.374400529 0.349183641
vt 0.370521008 0.346274
vt 0.374400529 0.334635437
vt 0.380219811 0.338514958
vt 0.387978854 0.320087232
vt 0.378280051 0.316207711
vt 0.390888495 0.291960703
vt 0.378280051 0.288081182
vt 0.372460769 0.25122573
vt 0.379249931 0.25122573
vt 0.366641487 0.219219679
vt 0.372460769 0.219219679
vt 0.369551128 0.196912432
vt 0.364701726 0.196912432
vt 0.370521008 0.185273868
vt 0.365671607 0.182364227
vt 0.371490888 0.176544946
vt 0.37537041 0.179454587
vt 0.380219811 0.177514826
vt 0.37731017 0.172665424
vt 0.385069213 0.175575065
vt 0.384099332 0.172665424
vt 0.9669974 0.753623731
vt 0.970876921 0.763322535
vt 0.977666084 0.761382774
vt 0.973786562 0.752653851
vt 0.9669974 0.738105647
vt 0.961178118 0.740045407
vt 0.948569674 0.712888758
vt 0.980575725 0.74877433
vt 0.985425126 0.757503253
vt 0.974756443 0.735196006
vt 0.985425126 0.742955048
vt 0.992214288 0.74877433
vt 0.993184169 0.733256245
vt 0.984455246 0.732286365
vt 0.989304647 0.700280314
vt 0.977666084 0.700280314
vt 0.964087759 0.705129716
vt 0.946629914 0.658575461
vt 0.96505764 0.653726059
vt 0.979605844 0.652756179
vt 0.964087759 0.59359348
vt 0.955358836 0.709009237
vt 0.93596123 0.663424862
vt 0.927232307 0.667304384
vt 0.90395518 0.620750129
vt 0.916563624 0.615900727
vt 0.945660033 0.603292283
vt 0.900075659 0.577105515
vt 0.886497334 0.580985036
vt 0.907834701 0.567406712
vt 0.929172068 0.608141685
vt 0.883587693 0.549948866
vt 0.875828651 0.553828387
vt 0.868069608 0.536370542
vt 0.891346736 0.544129584
vt 0.87388889 0.53249102
vt 0.930141948 0.570316352
vt 0.867099728 0.520852457
vt 0.864190087 0.522792217
vt 0.863220207 0.516003055
vt 0.865159967 0.515033175
vt 0.869039489 0.518912696
vt 0.870979249 0.516972935
vt 0.882617813 0.525701858
vt 0.878738292 0.528611499
vt 0.895226257 0.538310302
vt 0.914623863 0.552858507
vt 0.926262427 0.555768148
vt 0.937900991 0.553828387
vt 0.945660033 0.565466951
vt 0.957298597 0.541219943
vt 0.967967281 0.551888627
vt 0.950509435 0.539280182
vt 0.977666084 0.525701858
vt 0.969907041 0.520852457
vt 0.96505764 0.517942816
vt 0.985425126 0.509213893
vt 0.979605844 0.506304252
vt 0.974756443 0.502424731
vt 0.983485366 0.492725927
vt 0.986395006 0.496605449
vt 0.990274528 0.497575329
vt 0.989304647 0.491756047
vt 0.988334767 0.489816287
vt 0.991244408 0.492725927
vt 0.993184169 0.488846406
vt 0.203701594 0.924322666
vt 0.323966753 0.99609381
vt 0.331725796 0.992214288
vt 0.246376328 0.926262427
vt 0.1590871 0.884557574
vt 0.261894413 0.925292547
vt 0.34530412 0.987364887
vt 0.150358177 0.814726191
vt 0.09701476 0.81181655
vt 0.0650087097 0.761382774
vt 0.2822619 0.925292547
vt 0.358882444 0.984455246
vt 0.171695544 0.814726191
vt 0.09701476 0.709009237
vt 0.0427014625 0.707069477
vt 0.0203942153 0.653726059
vt 0.120291887 0.709009237
vt 0.200791953 0.815696071
vt 0.298749865 0.927232307
vt 0.0650087097 0.599412762
vt 0.00875565156 0.598442882
vt 0.00487613031 0.550918746
vt 0.0863460766 0.599412762
vt 0.151328057 0.709979117
vt 0.0562797869 0.49951509
vt 0.00390625 0.49951509
vt 0.00487613031 0.449081313
vt 0.0766472734 0.49951509
vt 0.0650087097 0.400587298
vt 0.00875565156 0.401557178
vt 0.0203942153 0.346274
vt 0.224069081 0.816665952
vt 0.116412366 0.600382642
vt 0.0863460766 0.400587298
vt 0.09701476 0.290990822
vt 0.0427014625 0.292930583
vt 0.0650087097 0.238617286
vt 0.177514826 0.710948998
vt 0.105743683 0.49951509
vt 0.120291887 0.290990822
vt 0.150358177 0.185273868
vt 0.09701476 0.188183509
vt 0.1590871 0.115442486
vt 0.142599135 0.600382642
vt 0.19012327 0.709009237
vt 0.116412366 0.399617417
vt 0.171695544 0.185273868
vt 0.246376328 0.0737376325
vt 0.203701594 0.0756773931
vt 0.323966753 0.00390625
vt 0.331725796 0.00778577125
vt 0.261894413 0.0747075128
vt 0.151328057 0.290020942
vt 0.130960571 0.49951509
vt 0.2822619 0.0747075128
vt 0.34530412 0.0126351728
vt 0.200791953 0.184303988
vt 0.142599135 0.399617417
vt 0.298749865 0.0727677522
vt 0.358882444 0.0155448137
vt 0.224069081 0.183334108
vt 0.177514826 0.289051062
vt 0.308448668 0.0776171537
vt 0.234737764 0.186243749
vt 0.31523783 0.0776171537
vt 0.358882444 0.0184544547
vt 0.19012327 0.290990822
vt 0.157147339 0.400587298
vt 0.243466687 0.186243749
vt 0.331725796 0.0776171537
vt 0.359852325 0.0213640956
vt 0.145508776 0.49951509
vt 0.171695544 0.400587298
vt 0.200791953 0.290990822
vt 0.157147339 0.599412762
vt 0.264804054 0.187213629
vt 0.351123402 0.0776171537
vt 0.382159572 0.0310628987
vt 0.392828255 0.03494242
vt 0.161026861 0.49951509
vt 0.225038961 0.291960703
vt 0.288081182 0.185273868
vt 0.254135371 0.290990822
vt 0.200791953 0.400587298
vt 0.171695544 0.599412762
vt 0.320087232 0.187213629
vt 0.235707645 0.399617417
vt 0.192063031 0.49951509
vt 0.367611367 0.081496675
vt 0.385069213 0.0853761962
vt 0.402527058 0.0397918216
vt 0.351123402 0.19012327
vt 0.289051062 0.291960703
vt 0.322996873 0.293900463
vt 0.272563097 0.399617417
vt 0.309418548 0.400587298
vt 0.230858243 0.50048497
vt 0.268683575 0.50048497
vt 0.305539027 0.50048497
vt 0.235707645 0.600382642
vt 0.272563097 0.600382642
vt 0.309418548 0.599412762
vt 0.289051062 0.708039357
vt 0.322996873 0.706099596
vt 0.200791953 0.599412762
vt 0.254135371 0.709009237
vt 0.320087232 0.812786431
vt 0.351123402 0.80987679
vt 0.200791953 0.709009237
vt 0.288081182 0.814726191
vt 0.225038961 0.708039357
vt 0.367611367 0.918503385
vt 0.385069213 0.914623863
vt 0.402527058 0.960208238
vt 0.392828255 0.96505764
vt 0.382159572 0.968937161
vt 0.351123402 0.922382906
vt 0.234737764 0.813756311
vt 0.264804054 0.812786431
vt 0.331725796 0.922382906
vt 0.359852325 0.978635964
vt 0.243466687 0.813756311
vt 0.308448668 0.922382906
vt 0.358882444 0.981545605
vt 0.31523783 0.922382906
vt 0.741015287 0.565466951
vt 0.711918878 0.568376592
vt 0.715798399 0.559647669
vt 0.696400793 0.56255731
vt 0.693491152 0.567406712
vt 0.679912828 0.552858507
vt 0.698340554 0.556738028
vt 0.699310434 0.549948866
vt 0.71676828 0.550918746
vt 0.71676828 0.545099464
vt 0.699310434 0.544129584
vt 0.696400793 0.538310302
vt 0.682822469 0.547039225
vt 0.683792349 0.553828387
vt 0.688641751 0.553828387
vt 0.68767187 0.547039225
vt 0.684762229 0.550918746
vt 0.68670199 0.551888627
vt 0.689611631 0.550918746
vt 0.68767187 0.550918746
vt 0.68573211 0.548978986
vt 0.398647537 0.0921653584
vt 0.401557178 0.0902255978
vt 0.396707777 0.0853761962
vt 0.395737896 0.0911954781
vt 0.404466819 0.09701476
vt 0.400587298 0.0989545206
vt 0.395737896 0.0989545206
vt 0.396707777 0.108653324
vt 0.401557178 0.107683443
vt 0.401557178 0.121261768
vt 0.40737646 0.106713563
vt 0.397677657 0.121261768
vt 0.40640658 0.121261768
vt 0.397677657 0.145508776
vt 0.40834634 0.144538895
vt 0.403496939 0.144538895
vt 0.398647537 0.178484706
vt 0.405436699 0.176544946
vt 0.412225862 0.177514826
vt 0.412225862 0.214370278
vt 0.40737646 0.210490757
vt 0.398647537 0.213400397
vt 0.395737896 0.243466687
vt 0.40640658 0.239587166
vt 0.410286101 0.242496807
vt 0.398647537 0.261894413
vt 0.40640658 0.260924533
vt 0.410286101 0.261894413
vt 0.410286101 0.274502857
vt 0.40737646 0.274502857
vt 0.402527058 0.274502857
vt 0.40737646 0.28323178
vt 0.409316221 0.28323178
vt 0.405436699 0.28323178
vt 0.40737646 0.287111301
vt 0.0136050531 0.296810104
vt 0.00972553187 0.297779985
vt 0.0106954122 0.301659506
vt 0.0165146941 0.297779985
vt 0.00875565156 0.28420166
vt 0.0145749334 0.28420166
vt 0.0165146941 0.264804054
vt 0.019424335 0.28420166
vt 0.00584601062 0.262864293
vt 0.0233038562 0.265773934
vt 0.0300930184 0.240557046
vt 0.00390625 0.238617286
vt 0.0174845744 0.236677525
vt 0.0368821806 0.209520876
vt 0.0242737366 0.206611235
vt 0.00875565156 0.204671475
vt 0.0213640956 0.1590871
vt 0.0339725397 0.16005698
vt 0.0456111034 0.1590871
vt 0.0281532578 0.112532845
vt 0.0485207444 0.110593084
vt 0.0388219412 0.113502725
vt 0.0359123003 0.0669484703
vt 0.0427014625 0.0630689491
vt 0.0271833775 0.06597859
vt 0.0339725397 0.0368821806
vt 0.0271833775 0.0388219412
vt 0.019424335 0.0213640956
vt 0.0203942153 0.0407617019
vt 0.0262134972 0.0184544547
vt 0.0126351728 0.0242737366
vt 0.0203942153 0.00390625
vt 0.00390625 0.0145749334
vt 0.0126351728 0.00972553187
vt 0.103803922 0.09701476
vt 0.0853761962 0.0882858372
vt 0.0834364356 0.0950749994
vt 0.0650087097 0.081496675
vt 0.101864162 0.0902255978
vt 0.0708279916 0.0766472734
vt 0.116412366 0.0805267947
vt 0.0543400262 0.0601593081
vt 0.121261768 0.0863460766
vt 0.0620990687 0.0582195475
vt 0.0543400262 0.03494242
vt 0.0611291884 0.0378520609
vt 0.0650087097 0.0145749334
vt 0.0698581112 0.0203942153
vt 0.0824665553 0.00390625
vt 0.0844063159 0.0116652925
vt 0.103803922 0.00584601062
vt 0.101864162 0.0126351728
vt 0.121261768 0.019424335
vt 0.116412366 0.0242737366
vt 0.125141289 0.0640388294
vt 0.131930451 0.06597859
vt 0.131930451 0.0407617019
vt 0.125141289 0.0427014625
vt 0.457810236 0.320087232
vt 0.460719877 0.342394479
vt 0.467509039 0.340454718
vt 0.467509039 0.364701726
vt 0.451990954 0.325906514
vt 0.460719877 0.363731846
vt 0.43744275 0.316207711
vt 0.456840356 0.387008973
vt 0.43938251 0.309418548
vt 0.451990954 0.382159572
vt 0.420954784 0.318147471
vt 0.43938251 0.400587298
vt 0.419015024 0.310388429
vt 0.43744275 0.393798136
vt 0.40640658 0.329786035
vt 0.419015024 0.402527058
vt 0.401557178 0.323966753
vt 0.420954784 0.394768016
vt 0.397677657 0.348213761
vt 0.401557178 0.391858375
vt 0.390888495 0.346274
vt 0.40640658 0.386039093
vt 0.397677657 0.368581247
vt 0.390888495 0.371490888
g item_28item_28_mobile_0
f 3/3/3 2/2/2 1/1/1
f 4/4/4 3/3/3 1/1/1
f 7/7/7 6/6/6 5/5/5
f 8/8/8 7/7/7 5/5/5
f 8/8/8 5/5/5 9/9/9
f 5/5/5 10/10/10 9/9/9
f 10/10/10 11/11/11 9/9/9
f 8/8/8 12/12/12 7/7/7
f 12/12/12 8/8/8 9/9/9
f 12/12/12 13/13/13 7/7/7
f 13/13/13 12/12/12 14/14/14
f 13/13/13 14/14/14 15/15/15
f 14/14/14 16/16/16 15/15/15
f 11/11/11 17/17/17 9/9/9
f 9/9/9 17/17/17 18/18/18
f 17/17/17 11/11/11 19/19/19
f 20/20/20 12/12/12 9/9/9
f 12/12/12 20/20/20 14/14/14
f 20/20/20 9/9/9 18/18/18
f 21/21/21 17/17/17 19/19/19
f 17/17/17 21/21/21 18/18/18
f 22/22/22 21/21/21 19/19/19
f 23/23/23 22/22/22 19/19/19
f 23/23/23 24/24/24 22/22/22
f 20/20/20 25/25/25 14/14/14
f 25/25/25 20/20/20 18/18/18
f 21/21/21 26/26/26 18/18/18
f 26/26/26 21/21/21 22/22/22
f 18/18/18 26/26/26 27/27/27
f 28/28/28 25/25/25 18/18/18
f 28/28/28 18/18/18 27/27/27
f 25/25/25 29/29/29 14/14/14
f 29/29/29 25/25/25 28/28/28
f 24/24/24 30/30/30 22/22/22
f 30/30/30 24/24/24 31/31/31
f 32/32/32 26/26/26 22/22/22
f 26/26/26 32/32/32 27/27/27
f 29/29/29 33/33/33 14/14/14
f 33/33/33 29/29/29 34/34/34
f 33/33/33 35/35/35 14/14/14
f 36/36/36 29/29/29 28/28/28
f 36/36/36 28/28/28 27/27/27
f 29/29/29 36/36/36 34/34/34
f 30/30/30 37/37/37 22/22/22
f 37/37/37 32/32/32 22/22/22
f 38/38/38 33/33/33 34/34/34
f 39/39/39 33/33/33 38/38/38
f 40/40/40 39/39/39 38/38/38
f 41/41/41 40/40/40 38/38/38
f 42/42/42 41/41/41 38/38/38
f 42/42/42 38/38/38 34/34/34
f 41/41/41 42/42/42 43/43/43
f 44/44/44 41/41/41 43/43/43
f 45/45/45 44/44/44 43/43/43
f 46/46/46 42/42/42 34/34/34
f 42/42/42 46/46/46 43/43/43
f 46/46/46 34/34/34 47/47/47
f 46/46/46 48/48/48 43/43/43
f 48/48/48 46/46/46 47/47/47
f 43/43/43 48/48/48 49/49/49
f 50/50/50 45/45/45 43/43/43
f 50/50/50 43/43/43 49/49/49
f 50/50/50 51/51/51 45/45/45
f 51/51/51 50/50/50 49/49/49
f 51/51/51 52/52/52 45/45/45
f 34/34/34 53/53/53 47/47/47
f 36/36/36 53/53/53 34/34/34
f 36/36/36 54/54/54 53/53/53
f 54/54/54 36/36/36 27/27/27
f 54/54/54 55/55/55 53/53/53
f 53/53/53 55/55/55 47/47/47
f 54/54/54 27/27/27 56/56/56
f 55/55/55 54/54/54 56/56/56
f 57/57/57 48/48/48 47/47/47
f 48/48/48 57/57/57 49/49/49
f 57/57/57 47/47/47 58/58/58
f 52/52/52 51/51/51 59/59/59
f 60/60/60 52/52/52 59/59/59
f 61/61/61 60/60/60 59/59/59
f 27/27/27 62/62/62 56/56/56
f 32/32/32 62/62/62 27/27/27
f 55/55/55 63/63/63 47/47/47
f 47/47/47 63/63/63 58/58/58
f 63/63/63 55/55/55 64/64/64
f 63/63/63 64/64/64 58/58/58
f 65/65/65 57/57/57 58/58/58
f 57/57/57 65/65/65 49/49/49
f 66/66/66 55/55/55 56/56/56
f 55/55/55 66/66/66 64/64/64
f 64/64/64 66/66/66 67/67/67
f 68/68/68 66/66/66 56/56/56
f 66/66/66 68/68/68 67/67/67
f 67/67/67 68/68/68 69/69/69
f 70/70/70 68/68/68 56/56/56
f 56/56/56 62/62/62 70/70/70
f 68/68/68 70/70/70 69/69/69
f 62/62/62 32/32/32 71/71/71
f 32/32/32 37/37/37 71/71/71
f 62/62/62 72/72/72 70/70/70
f 70/70/70 72/72/72 69/69/69
f 71/71/71 73/73/73 62/62/62
f 73/73/73 71/71/71 37/37/37
f 73/73/73 72/72/72 62/62/62
f 72/72/72 73/73/73 74/74/74
f 75/75/75 73/73/73 37/37/37
f 73/73/73 75/75/75 74/74/74
f 75/75/75 37/37/37 30/30/30
f 76/76/76 64/64/64 67/67/67
f 64/64/64 76/76/76 58/58/58
f 58/58/58 76/76/76 77/77/77
f 72/72/72 78/78/78 69/69/69
f 78/78/78 72/72/72 74/74/74
f 78/78/78 74/74/74 79/79/79
f 80/80/80 75/75/75 30/30/30
f 75/75/75 80/80/80 81/81/81
f 80/80/80 30/30/30 31/31/31
f 80/80/80 31/31/31 81/81/81
f 31/31/31 82/82/82 81/81/81
f 82/82/82 83/83/83 81/81/81
f 76/76/76 84/84/84 77/77/77
f 84/84/84 76/76/76 67/67/67
f 85/85/85 84/84/84 67/67/67
f 86/86/86 78/78/78 79/79/79
f 78/78/78 86/86/86 69/69/69
f 69/69/69 86/86/86 87/87/87
f 88/88/88 67/67/67 69/69/69
f 88/88/88 85/85/85 67/67/67
f 88/88/88 69/69/69 87/87/87
f 85/85/85 88/88/88 87/87/87
f 83/83/83 89/89/89 81/81/81
f 83/83/83 90/90/90 89/89/89
f 90/90/90 91/91/91 89/89/89
f 89/89/89 91/91/91 92/92/92
f 81/81/81 89/89/89 92/92/92
f 91/91/91 93/93/93 92/92/92
f 94/94/94 81/81/81 92/92/92
f 94/94/94 75/75/75 81/81/81
f 75/75/75 94/94/94 74/74/74
f 94/94/94 92/92/92 74/74/74
f 92/92/92 95/95/95 74/74/74
f 74/74/74 95/95/95 79/79/79
f 95/95/95 96/96/96 79/79/79
f 96/96/96 97/97/97 79/79/79
f 79/79/79 97/97/97 98/98/98
f 99/99/99 79/79/79 98/98/98
f 99/99/99 86/86/86 79/79/79
f 86/86/86 99/99/99 87/87/87
f 100/100/100 99/99/99 98/98/98
f 99/99/99 100/100/100 87/87/87
f 101/101/101 100/100/100 98/98/98
f 100/100/100 101/101/101 102/102/102
f 87/87/87 100/100/100 103/103/103
f 103/103/103 100/100/100 102/102/102
f 104/104/104 87/87/87 103/103/103
f 105/105/105 104/104/104 103/103/103
f 104/104/104 85/85/85 87/87/87
f 104/104/104 105/105/105 85/85/85
f 106/106/106 103/103/103 102/102/102
f 106/106/106 105/105/105 103/103/103
f 106/106/106 107/107/107 105/105/105
f 108/108/108 106/106/106 102/102/102
f 106/106/106 108/108/108 107/107/107
f 108/108/108 109/109/109 107/107/107
f 109/109/109 110/110/110 107/107/107
f 110/110/110 111/111/111 107/107/107
f 110/110/110 112/112/112 111/111/111
f 105/105/105 113/113/113 85/85/85
f 113/113/113 114/114/114 85/85/85
f 114/114/114 113/113/113 115/115/115
f 114/114/114 84/84/84 85/85/85
f 84/84/84 114/114/114 77/77/77
f 77/77/77 114/114/114 115/115/115
f 116/116/116 113/113/113 105/105/105
f 113/113/113 116/116/116 115/115/115
f 115/115/115 116/116/116 117/117/117
f 118/118/118 116/116/116 105/105/105
f 107/107/107 118/118/118 105/105/105
f 116/116/116 118/118/118 117/117/117
f 119/119/119 118/118/118 107/107/107
f 111/111/111 119/119/119 107/107/107
f 118/118/118 119/119/119 117/117/117
f 119/119/119 111/111/111 120/120/120
f 117/117/117 119/119/119 120/120/120
f 112/112/112 121/121/121 111/111/111
f 111/111/111 121/121/121 120/120/120
f 121/121/121 112/112/112 122/122/122
f 120/120/120 121/121/121 122/122/122
f 112/112/112 123/123/123 122/122/122
f 122/122/122 123/123/123 124/124/124
f 125/125/125 122/122/122 124/124/124
f 126/126/126 125/125/125 124/124/124
f 127/127/127 126/126/126 124/124/124
f 125/125/125 126/126/126 128/128/128
f 129/129/129 125/125/125 128/128/128
f 125/125/125 129/129/129 122/122/122
f 129/129/129 128/128/128 130/130/130
f 129/129/129 131/131/131 122/122/122
f 131/131/131 120/120/120 122/122/122
f 132/132/132 129/129/129 130/130/130
f 131/131/131 129/129/129 132/132/132
f 133/133/133 132/132/132 130/130/130
f 134/134/134 133/133/133 130/130/130
f 134/134/134 135/135/135 133/133/133
f 136/136/136 131/131/131 132/132/132
f 131/131/131 136/136/136 120/120/120
f 136/136/136 132/132/132 133/133/133
f 136/136/136 137/137/137 120/120/120
f 137/137/137 117/117/117 120/120/120
f 137/137/137 136/136/136 138/138/138
f 138/138/138 136/136/136 133/133/133
f 139/139/139 138/138/138 133/133/133
f 135/135/135 140/140/140 133/133/133
f 140/140/140 139/139/139 133/133/133
f 140/140/140 135/135/135 141/141/141
f 142/142/142 137/137/137 138/138/138
f 137/137/137 142/142/142 117/117/117
f 142/142/142 138/138/138 139/139/139
f 143/143/143 140/140/140 141/141/141
f 140/140/140 143/143/143 139/139/139
f 143/143/143 141/141/141 144/144/144
f 141/141/141 145/145/145 144/144/144
f 145/145/145 146/146/146 144/144/144
f 142/142/142 147/147/147 117/117/117
f 147/147/147 115/115/115 117/117/117
f 147/147/147 142/142/142 148/148/148
f 148/148/148 142/142/142 139/139/139
f 149/149/149 148/148/148 139/139/139
f 143/143/143 150/150/150 139/139/139
f 150/150/150 143/143/143 144/144/144
f 150/150/150 149/149/149 139/139/139
f 151/151/151 147/147/147 148/148/148
f 147/147/147 151/151/151 115/115/115
f 151/151/151 148/148/148 149/149/149
f 151/151/151 152/152/152 115/115/115
f 152/152/152 77/77/77 115/115/115
f 152/152/152 151/151/151 153/153/153
f 153/153/153 151/151/151 149/149/149
f 154/154/154 153/153/153 149/149/149
f 155/155/155 152/152/152 153/153/153
f 152/152/152 155/155/155 77/77/77
f 155/155/155 153/153/153 154/154/154
f 150/150/150 156/156/156 149/149/149
f 156/156/156 150/150/150 144/144/144
f 156/156/156 144/144/144 157/157/157
f 156/156/156 158/158/158 149/149/149
f 158/158/158 154/154/154 149/149/149
f 156/156/156 157/157/157 158/158/158
f 155/155/155 159/159/159 77/77/77
f 159/159/159 58/58/58 77/77/77
f 159/159/159 65/65/65 58/58/58
f 159/159/159 155/155/155 160/160/160
f 65/65/65 159/159/159 160/160/160
f 160/160/160 155/155/155 154/154/154
f 49/49/49 65/65/65 160/160/160
f 161/161/161 49/49/49 160/160/160
f 161/161/161 160/160/160 154/154/154
f 161/161/161 51/51/51 49/49/49
f 51/51/51 161/161/161 162/162/162
f 162/162/162 161/161/161 154/154/154
f 59/59/59 51/51/51 162/162/162
f 158/158/158 163/163/163 154/154/154
f 163/163/163 162/162/162 154/154/154
f 157/157/157 163/163/163 158/158/158
f 164/164/164 59/59/59 162/162/162
f 163/163/163 164/164/164 162/162/162
f 164/164/164 163/163/163 157/157/157
f 164/164/164 61/61/61 59/59/59
f 61/61/61 164/164/164 165/165/165
f 165/165/165 164/164/164 157/157/157
f 166/166/166 61/61/61 165/165/165
f 166/166/166 165/165/165 167/167/167
f 168/168/168 165/165/165 157/157/157
f 165/165/165 168/168/168 167/167/167
f 169/169/169 168/168/168 157/157/157
f 144/144/144 169/169/169 157/157/157
f 146/146/146 169/169/169 144/144/144
f 169/169/169 146/146/146 170/170/170
f 168/168/168 169/169/169 170/170/170
f 167/167/167 168/168/168 170/170/170
f 171/171/171 167/167/167 170/170/170
f 174/174/174 173/173/173 172/172/172
f 175/175/175 174/174/174 172/172/172
f 176/176/176 175/175/175 172/172/172
f 175/175/175 176/176/176 177/177/177
f 178/178/178 176/176/176 172/172/172
f 178/178/178 179/179/179 176/176/176
f 174/174/174 175/175/175 180/180/180
f 180/180/180 175/175/175 177/177/177
f 181/181/181 174/174/174 180/180/180
f 180/180/180 182/182/182 181/181/181
f 182/182/182 180/180/180 177/177/177
f 182/182/182 183/183/183 181/181/181
f 184/184/184 183/183/183 182/182/182
f 179/179/179 185/185/185 176/176/176
f 176/176/176 185/185/185 177/177/177
f 185/185/185 179/179/179 186/186/186
f 179/179/179 187/187/187 186/186/186
f 186/186/186 187/187/187 188/188/188
f 186/186/186 188/188/188 189/189/189
f 187/187/187 190/190/190 188/188/188
f 188/188/188 190/190/190 191/191/191
f 188/188/188 191/191/191 189/189/189
f 190/190/190 192/192/192 191/191/191
f 186/186/186 193/193/193 185/185/185
f 193/193/193 186/186/186 189/189/189
f 193/193/193 189/189/189 194/194/194
f 193/193/193 195/195/195 185/185/185
f 185/185/185 195/195/195 177/177/177
f 195/195/195 193/193/193 194/194/194
f 177/177/177 195/195/195 196/196/196
f 196/196/196 195/195/195 194/194/194
f 197/197/197 177/177/177 196/196/196
f 197/197/197 182/182/182 177/177/177
f 191/191/191 192/192/192 198/198/198
f 192/192/192 199/199/199 198/198/198
f 200/200/200 196/196/196 194/194/194
f 196/196/196 200/200/200 197/197/197
f 201/201/201 182/182/182 197/197/197
f 201/201/201 184/184/184 182/182/182
f 198/198/198 199/199/199 202/202/202
f 199/199/199 203/203/203 202/202/202
f 203/203/203 204/204/204 202/202/202
f 204/204/204 205/205/205 202/202/202
f 205/205/205 204/204/204 206/206/206
f 202/202/202 207/207/207 198/198/198
f 207/207/207 202/202/202 205/205/205
f 200/200/200 208/208/208 197/197/197
f 208/208/208 201/201/201 197/197/197
f 201/201/201 209/209/209 184/184/184
f 209/209/209 210/210/210 184/184/184
f 211/211/211 210/210/210 209/209/209
f 212/212/212 211/211/211 209/209/209
f 213/213/213 212/212/212 209/209/209
f 208/208/208 214/214/214 201/201/201
f 214/214/214 209/209/209 201/201/201
f 214/214/214 213/213/213 209/209/209
f 214/214/214 208/208/208 200/200/200
f 215/215/215 213/213/213 214/214/214
f 216/216/216 214/214/214 200/200/200
f 216/216/216 215/215/215 214/214/214
f 216/216/216 200/200/200 217/217/217
f 217/217/217 200/200/200 194/194/194
f 215/215/215 216/216/216 218/218/218
f 218/218/218 216/216/216 217/217/217
f 219/219/219 215/215/215 218/218/218
f 219/219/219 218/218/218 220/220/220
f 221/221/221 218/218/218 217/217/217
f 218/218/218 221/221/221 220/220/220
f 217/217/217 194/194/194 222/222/222
f 222/222/222 221/221/221 217/217/217
f 221/221/221 222/222/222 223/223/223
f 221/221/221 224/224/224 220/220/220
f 224/224/224 221/221/221 223/223/223
f 224/224/224 225/225/225 220/220/220
f 194/194/194 226/226/226 222/222/222
f 222/222/222 226/226/226 223/223/223
f 189/189/189 226/226/226 194/194/194
f 225/225/225 224/224/224 227/227/227
f 224/224/224 223/223/223 227/227/227
f 228/228/228 225/225/225 227/227/227
f 228/228/228 227/227/227 229/229/229
f 230/230/230 226/226/226 189/189/189
f 226/226/226 230/230/230 223/223/223
f 230/230/230 231/231/231 223/223/223
f 232/232/232 230/230/230 189/189/189
f 230/230/230 232/232/232 231/231/231
f 191/191/191 232/232/232 189/189/189
f 233/233/233 232/232/232 191/191/191
f 232/232/232 233/233/233 231/231/231
f 198/198/198 233/233/233 191/191/191
f 207/207/207 233/233/233 198/198/198
f 223/223/223 234/234/234 227/227/227
f 231/231/231 234/234/234 223/223/223
f 227/227/227 235/235/235 229/229/229
f 227/227/227 234/234/234 235/235/235
f 236/236/236 233/233/233 207/207/207
f 236/236/236 231/231/231 233/233/233
f 237/237/237 234/234/234 231/231/231
f 234/234/234 237/237/237 235/235/235
f 237/237/237 238/238/238 235/235/235
f 235/235/235 239/239/239 229/229/229
f 238/238/238 239/239/239 235/235/235
f 239/239/239 240/240/240 229/229/229
f 241/241/241 237/237/237 231/231/231
f 236/236/236 241/241/241 231/231/231
f 237/237/237 241/241/241 238/238/238
f 240/240/240 239/239/239 242/242/242
f 242/242/242 239/239/239 238/238/238
f 243/243/243 240/240/240 242/242/242
f 244/244/244 243/243/243 242/242/242
f 207/207/207 245/245/245 236/236/236
f 246/246/246 236/236/236 245/245/245
f 246/246/246 247/247/247 236/236/236
f 247/247/247 241/241/241 236/236/236
f 241/241/241 247/247/247 238/238/238
f 247/247/247 246/246/246 238/238/238
f 245/245/245 207/207/207 205/205/205
f 248/248/248 242/242/242 238/238/238
f 246/246/246 248/248/248 238/238/238
f 249/249/249 244/244/244 242/242/242
f 242/242/242 248/248/248 249/249/249
f 245/245/245 205/205/205 250/250/250
f 250/250/250 205/205/205 206/206/206
f 249/249/249 251/251/251 244/244/244
f 251/251/251 252/252/252 244/244/244
f 253/253/253 251/251/251 249/249/249
f 248/248/248 254/254/254 249/249/249
f 254/254/254 253/253/253 249/249/249
f 254/254/254 248/248/248 246/246/246
f 253/253/253 254/254/254 255/255/255
f 255/255/255 254/254/254 246/246/246
f 256/256/256 253/253/253 255/255/255
f 256/256/256 255/255/255 257/257/257
f 255/255/255 258/258/258 257/257/257
f 255/255/255 246/246/246 258/258/258
f 257/257/257 258/258/258 259/259/259
f 250/250/250 206/206/206 260/260/260
f 258/258/258 260/260/260 259/259/259
f 260/260/260 258/258/258 250/250/250
f 206/206/206 261/261/261 260/260/260
f 262/262/262 259/259/259 260/260/260
f 261/261/261 262/262/262 260/260/260
f 246/246/246 263/263/263 258/258/258
f 258/258/258 263/263/263 250/250/250
f 245/245/245 263/263/263 246/246/246
f 263/263/263 245/245/245 250/250/250
f 266/266/266 265/265/265 264/264/264
f 267/267/267 266/266/266 264/264/264
f 270/270/270 269/269/269 268/268/268
f 271/271/271 270/270/270 268/268/268
f 274/274/274 273/273/273 272/272/272
f 273/273/273 275/275/275 272/272/272
f 275/275/275 276/276/276 272/272/272
f 277/277/277 275/275/275 273/273/273
f 276/276/276 275/275/275 277/277/277
f 276/276/276 278/278/278 272/272/272
f 279/279/279 277/277/277 273/273/273
f 280/280/280 278/278/278 276/276/276
f 277/277/277 279/279/279 281/281/281
f 282/282/282 280/280/280 276/276/276
f 280/280/280 282/282/282 283/283/283
f 283/283/283 284/284/284 280/280/280
f 282/282/282 285/285/285 283/283/283
f 285/285/285 282/282/282 286/286/286
f 282/282/282 287/287/287 286/286/286
f 287/287/287 282/282/282 276/276/276
f 286/286/286 287/287/287 288/288/288
f 289/289/289 287/287/287 276/276/276
f 289/289/289 276/276/276 277/277/277
f 287/287/287 290/290/290 288/288/288
f 287/287/287 289/289/289 290/290/290
f 288/288/288 290/290/290 291/291/291
f 292/292/292 289/289/289 277/277/277
f 289/289/289 292/292/292 290/290/290
f 292/292/292 293/293/293 290/290/290
f 290/290/290 294/294/294 291/291/291
f 293/293/293 294/294/294 290/290/290
f 291/291/291 294/294/294 295/295/295
f 296/296/296 292/292/292 277/277/277
f 292/292/292 296/296/296 293/293/293
f 296/296/296 277/277/277 281/281/281
f 294/294/294 297/297/297 295/295/295
f 297/297/297 294/294/294 293/293/293
f 295/295/295 297/297/297 298/298/298
f 299/299/299 296/296/296 281/281/281
f 296/296/296 299/299/299 293/293/293
f 299/299/299 300/300/300 293/293/293
f 301/301/301 299/299/299 281/281/281
f 299/299/299 301/301/301 300/300/300
f 301/301/301 302/302/302 300/300/300
f 302/302/302 303/303/303 300/300/300
f 297/297/297 304/304/304 298/298/298
f 298/298/298 304/304/304 305/305/305
f 306/306/306 297/297/297 293/293/293
f 300/300/300 306/306/306 293/293/293
f 297/297/297 306/306/306 304/304/304
f 307/307/307 306/306/306 300/300/300
f 306/306/306 307/307/307 304/304/304
f 304/304/304 307/307/307 308/308/308
f 304/304/304 309/309/309 305/305/305
f 309/309/309 304/304/304 308/308/308
f 305/305/305 309/309/309 310/310/310
f 311/311/311 307/307/307 300/300/300
f 303/303/303 311/311/311 300/300/300
f 307/307/307 311/311/311 308/308/308
f 309/309/309 312/312/312 310/310/310
f 309/309/309 308/308/308 312/312/312
f 310/310/310 312/312/312 313/313/313
f 314/314/314 311/311/311 303/303/303
f 311/311/311 314/314/314 308/308/308
f 308/308/308 314/314/314 315/315/315
f 316/316/316 314/314/314 303/303/303
f 314/314/314 316/316/316 315/315/315
f 316/316/316 317/317/317 315/315/315
f 315/315/315 317/317/317 318/318/318
f 312/312/312 319/319/319 313/313/313
f 320/320/320 319/319/319 312/312/312
f 313/313/313 319/319/319 321/321/321
f 308/308/308 322/322/322 312/312/312
f 322/322/322 308/308/308 315/315/315
f 322/322/322 320/320/320 312/312/312
f 322/322/322 315/315/315 320/320/320
f 319/319/319 323/323/323 321/321/321
f 323/323/323 319/319/319 320/320/320
f 321/321/321 323/323/323 324/324/324
f 325/325/325 315/315/315 318/318/318
f 315/315/315 325/325/325 320/320/320
f 325/325/325 318/318/318 326/326/326
f 325/325/325 326/326/326 320/320/320
f 318/318/318 327/327/327 326/326/326
f 327/327/327 328/328/328 326/326/326
f 323/323/323 329/329/329 324/324/324
f 324/324/324 329/329/329 330/330/330
f 331/331/331 323/323/323 320/320/320
f 326/326/326 331/331/331 320/320/320
f 329/329/329 323/323/323 331/331/331
f 329/329/329 332/332/332 330/330/330
f 330/330/330 332/332/332 333/333/333
f 332/332/332 334/334/334 333/333/333
f 335/335/335 334/334/334 332/332/332
f 336/336/336 329/329/329 331/331/331
f 336/336/336 331/331/331 326/326/326
f 329/329/329 336/336/336 332/332/332
f 328/328/328 337/337/337 326/326/326
f 337/337/337 336/336/336 326/326/326
f 336/336/336 338/338/338 332/332/332
f 338/338/338 335/335/335 332/332/332
f 338/338/338 336/336/336 337/337/337
f 339/339/339 337/337/337 328/328/328
f 339/339/339 338/338/338 337/337/337
f 338/338/338 339/339/339 335/335/335
f 340/340/340 339/339/339 328/328/328
f 339/339/339 341/341/341 335/335/335
f 339/339/339 340/340/340 341/341/341
f 340/340/340 342/342/342 341/341/341
f 345/345/345 344/344/344 343/343/343
f 346/346/346 345/345/345 343/343/343
f 345/345/345 346/346/346 347/347/347
f 348/348/348 345/345/345 347/347/347
f 346/346/346 343/343/343 349/349/349
f 343/343/343 350/350/350 349/349/349
f 346/346/346 351/351/351 347/347/347
f 351/351/351 346/346/346 349/349/349
f 347/347/347 351/351/351 352/352/352
f 349/349/349 350/350/350 353/353/353
f 350/350/350 354/354/354 353/353/353
f 355/355/355 351/351/351 349/349/349
f 351/351/351 355/355/355 352/352/352
f 356/356/356 349/349/349 353/353/353
f 349/349/349 356/356/356 355/355/355
f 355/355/355 357/357/357 352/352/352
f 356/356/356 358/358/358 355/355/355
f 355/355/355 358/358/358 357/357/357
f 359/359/359 356/356/356 353/353/353
f 359/359/359 353/353/353 360/360/360
f 353/353/353 361/361/361 360/360/360
f 359/359/359 360/360/360 362/362/362
f 356/356/356 359/359/359 362/362/362
f 362/362/362 363/363/363 356/356/356
f 363/363/363 358/358/358 356/356/356
f 363/363/363 364/364/364 358/358/358
f 364/364/364 365/365/365 358/358/358
f 358/358/358 365/365/365 357/357/357
f 364/364/364 366/366/366 365/365/365
f 366/366/366 367/367/367 365/365/365
f 365/365/365 367/367/367 357/357/357
f 366/366/366 368/368/368 367/367/367
f 352/352/352 357/357/357 369/369/369
f 367/367/367 369/369/369 357/357/357
f 368/368/368 370/370/370 367/367/367
f 368/368/368 371/371/371 370/370/370
f 369/369/369 367/367/367 372/372/372
f 367/367/367 370/370/370 372/372/372
f 369/369/369 372/372/372 373/373/373
f 371/371/371 374/374/374 370/370/370
f 371/371/371 375/375/375 374/374/374
f 372/372/372 370/370/370 376/376/376
f 372/372/372 376/376/376 373/373/373
f 370/370/370 374/374/374 376/376/376
f 375/375/375 377/377/377 374/374/374
f 375/375/375 378/378/378 377/377/377
f 379/379/379 352/352/352 369/369/369
f 379/379/379 369/369/369 373/373/373
f 352/352/352 379/379/379 380/380/380
f 379/379/379 373/373/373 380/380/380
f 376/376/376 374/374/374 381/381/381
f 374/374/374 377/377/377 381/381/381
f 381/381/381 382/382/382 376/376/376
f 381/381/381 377/377/377 383/383/383
f 382/382/382 381/381/381 383/383/383
f 378/378/378 384/384/384 377/377/377
f 377/377/377 384/384/384 383/383/383
f 378/378/378 385/385/385 384/384/384
f 385/385/385 386/386/386 384/384/384
f 384/384/384 386/386/386 383/383/383
f 386/386/386 385/385/385 387/387/387
f 388/388/388 386/386/386 387/387/387
f 388/388/388 387/387/387 389/389/389
f 376/376/376 390/390/390 373/373/373
f 382/382/382 390/390/390 376/376/376
f 390/390/390 391/391/391 373/373/373
f 391/391/391 390/390/390 382/382/382
f 386/386/386 392/392/392 383/383/383
f 386/386/386 388/388/388 392/392/392
f 393/393/393 388/388/388 389/389/389
f 389/389/389 394/394/394 393/393/393
f 391/391/391 395/395/395 373/373/373
f 396/396/396 395/395/395 391/391/391
f 373/373/373 395/395/395 380/380/380
f 395/395/395 396/396/396 380/380/380
f 394/394/394 397/397/397 393/393/393
f 394/394/394 398/398/398 397/397/397
f 398/398/398 399/399/399 397/397/397
f 399/399/399 398/398/398 400/400/400
f 401/401/401 399/399/399 400/400/400
f 399/399/399 401/401/401 402/402/402
f 402/402/402 397/397/397 399/399/399
f 393/393/393 397/397/397 403/403/403
f 402/402/402 403/403/403 397/397/397
f 403/403/403 402/402/402 404/404/404
f 402/402/402 405/405/405 404/404/404
f 405/405/405 406/406/406 404/404/404
f 406/406/406 407/407/407 404/404/404
f 408/408/408 393/393/393 403/403/403
f 388/388/388 393/393/393 408/408/408
f 409/409/409 403/403/403 404/404/404
f 403/403/403 409/409/409 408/408/408
f 410/410/410 388/388/388 408/408/408
f 410/410/410 408/408/408 411/411/411
f 388/388/388 410/410/410 392/392/392
f 392/392/392 410/410/410 411/411/411
f 409/409/409 412/412/412 408/408/408
f 408/408/408 412/412/412 411/411/411
f 409/409/409 404/404/404 413/413/413
f 412/412/412 409/409/409 413/413/413
f 407/407/407 414/414/414 404/404/404
f 404/404/404 414/414/414 413/413/413
f 415/415/415 412/412/412 413/413/413
f 412/412/412 415/415/415 411/411/411
f 416/416/416 392/392/392 411/411/411
f 416/416/416 411/411/411 417/417/417
f 392/392/392 416/416/416 383/383/383
f 416/416/416 418/418/418 383/383/383
f 418/418/418 416/416/416 417/417/417
f 418/418/418 382/382/382 383/383/383
f 418/418/418 419/419/419 382/382/382
f 419/419/419 418/418/418 417/417/417
f 419/419/419 417/417/417 420/420/420
f 419/419/419 421/421/421 382/382/382
f 421/421/421 419/419/419 420/420/420
f 421/421/421 391/391/391 382/382/382
f 421/421/421 422/422/422 391/391/391
f 422/422/422 421/421/421 420/420/420
f 422/422/422 423/423/423 391/391/391
f 423/423/423 396/396/396 391/391/391
f 423/423/423 422/422/422 424/424/424
f 422/422/422 420/420/420 424/424/424
f 425/425/425 423/423/423 424/424/424
f 423/423/423 425/425/425 396/396/396
f 420/420/420 426/426/426 424/424/424
f 425/425/425 427/427/427 396/396/396
f 428/428/428 426/426/426 420/420/420
f 427/427/427 429/429/429 396/396/396
f 430/430/430 428/428/428 420/420/420
f 417/417/417 430/430/430 420/420/420
f 428/428/428 430/430/430 431/431/431
f 429/429/429 432/432/432 396/396/396
f 432/432/432 429/429/429 433/433/433
f 396/396/396 432/432/432 380/380/380
f 380/380/380 432/432/432 433/433/433
f 429/429/429 434/434/434 433/433/433
f 433/433/433 434/434/434 435/435/435
f 436/436/436 430/430/430 417/417/417
f 430/430/430 436/436/436 431/431/431
f 437/437/437 436/436/436 417/417/417
f 411/411/411 437/437/437 417/417/417
f 415/415/415 437/437/437 411/411/411
f 431/431/431 436/436/436 438/438/438
f 436/436/436 437/437/437 438/438/438
f 437/437/437 415/415/415 438/438/438
f 439/439/439 431/431/431 438/438/438
f 439/439/439 438/438/438 440/440/440
f 438/438/438 415/415/415 441/441/441
f 438/438/438 441/441/441 440/440/440
f 415/415/415 413/413/413 441/441/441
f 413/413/413 414/414/414 441/441/441
f 441/441/441 442/442/442 440/440/440
f 414/414/414 442/442/442 441/441/441
f 442/442/442 443/443/443 440/440/440
f 442/442/442 414/414/414 444/444/444
f 443/443/443 442/442/442 444/444/444
f 445/445/445 443/443/443 444/444/444
f 414/414/414 407/407/407 444/444/444
f 407/407/407 446/446/446 444/444/444
f 449/449/449 448/448/448 447/447/447
f 450/450/450 449/449/449 447/447/447
f 451/451/451 449/449/449 450/450/450
f 450/450/450 452/452/452 451/451/451
f 451/451/451 452/452/452 453/453/453
f 454/454/454 451/451/451 453/453/453
f 455/455/455 454/454/454 453/453/453
f 456/456/456 455/455/455 453/453/453
f 456/456/456 457/457/457 455/455/455
f 457/457/457 458/458/458 455/455/455
f 458/458/458 457/457/457 348/348/348
f 458/458/458 348/348/348 435/435/435
f 348/348/348 459/459/459 435/435/435
f 459/459/459 433/433/433 435/435/435
f 459/459/459 348/348/348 347/347/347
f 459/459/459 347/347/347 433/433/433
f 347/347/347 460/460/460 433/433/433
f 460/460/460 380/380/380 433/433/433
f 460/460/460 347/347/347 352/352/352
f 460/460/460 352/352/352 380/380/380
f 463/463/463 462/462/462 461/461/461
f 462/462/462 464/464/464 461/461/461
f 464/464/464 462/462/462 465/465/465
f 462/462/462 466/466/466 465/465/465
f 469/469/469 468/468/468 467/467/467
f 470/470/470 469/469/469 467/467/467
f 469/469/469 470/470/470 471/471/471
f 472/472/472 469/469/469 471/471/471
f 473/473/473 472/472/472 471/471/471
f 474/474/474 470/470/470 467/467/467
f 470/470/470 474/474/474 471/471/471
f 475/475/475 474/474/474 467/467/467
f 474/474/474 475/475/475 476/476/476
f 477/477/477 473/473/473 471/471/471
f 477/477/477 471/471/471 478/478/478
f 473/473/473 477/477/477 479/479/479
f 474/474/474 480/480/480 471/471/471
f 471/471/471 480/480/480 478/478/478
f 481/481/481 474/474/474 476/476/476
f 474/474/474 481/481/481 480/480/480
f 477/477/477 482/482/482 479/479/479
f 482/482/482 477/477/477 478/478/478
f 479/479/479 482/482/482 483/483/483
f 484/484/484 479/479/479 483/483/483
f 484/484/484 483/483/483 485/485/485
f 486/486/486 481/481/481 476/476/476
f 487/487/487 486/486/486 476/476/476
f 481/481/481 488/488/488 480/480/480
f 480/480/480 488/488/488 478/478/478
f 481/481/481 486/486/486 489/489/489
f 488/488/488 481/481/481 489/489/489
f 490/490/490 486/486/486 487/487/487
f 486/486/486 490/490/490 489/489/489
f 491/491/491 490/490/490 487/487/487
f 492/492/492 490/490/490 491/491/491
f 493/493/493 492/492/492 491/491/491
f 493/493/493 494/494/494 492/492/492
f 495/495/495 488/488/488 489/489/489
f 488/488/488 495/495/495 478/478/478
f 490/490/490 496/496/496 489/489/489
f 496/496/496 490/490/490 492/492/492
f 496/496/496 495/495/495 489/489/489
f 495/495/495 496/496/496 497/497/497
f 497/497/497 496/496/496 492/492/492
f 478/478/478 495/495/495 498/498/498
f 498/498/498 495/495/495 497/497/497
f 499/499/499 478/478/478 498/498/498
f 499/499/499 482/482/482 478/478/478
f 482/482/482 499/499/499 483/483/483
f 500/500/500 499/499/499 498/498/498
f 499/499/499 500/500/500 483/483/483
f 501/501/501 498/498/498 497/497/497
f 501/501/501 500/500/500 498/498/498
f 502/502/502 497/497/497 492/492/492
f 502/502/502 501/501/501 497/497/497
f 501/501/501 502/502/502 503/503/503
f 502/502/502 504/504/504 503/503/503
f 504/504/504 502/502/502 492/492/492
f 505/505/505 501/501/501 503/503/503
f 501/501/501 505/505/505 500/500/500
f 494/494/494 504/504/504 492/492/492
f 506/506/506 504/504/504 494/494/494
f 504/504/504 506/506/506 503/503/503
f 507/507/507 506/506/506 494/494/494
f 508/508/508 506/506/506 507/507/507
f 506/506/506 508/508/508 503/503/503
f 509/509/509 508/508/508 507/507/507
f 508/508/508 509/509/509 510/510/510
f 505/505/505 511/511/511 500/500/500
f 500/500/500 511/511/511 483/483/483
f 511/511/511 505/505/505 512/512/512
f 505/505/505 513/513/513 512/512/512
f 513/513/513 505/505/505 503/503/503
f 511/511/511 514/514/514 483/483/483
f 514/514/514 511/511/511 512/512/512
f 483/483/483 514/514/514 485/485/485
f 514/514/514 515/515/515 485/485/485
f 515/515/515 514/514/514 512/512/512
f 515/515/515 516/516/516 485/485/485
f 515/515/515 517/517/517 516/516/516
f 517/517/517 518/518/518 516/516/516
f 518/518/518 517/517/517 519/519/519
f 517/517/517 515/515/515 520/520/520
f 515/515/515 512/512/512 520/520/520
f 517/517/517 521/521/521 519/519/519
f 521/521/521 517/517/517 520/520/520
f 521/521/521 522/522/522 519/519/519
f 522/522/522 523/523/523 519/519/519
f 523/523/523 522/522/522 524/524/524
f 525/525/525 523/523/523 524/524/524
f 526/526/526 525/525/525 524/524/524
f 522/522/522 521/521/521 527/527/527
f 522/522/522 527/527/527 524/524/524
f 528/528/528 526/526/526 524/524/524
f 527/527/527 528/528/528 524/524/524
f 526/526/526 528/528/528 529/529/529
f 528/528/528 530/530/530 529/529/529
f 530/530/530 528/528/528 527/527/527
f 529/529/529 530/530/530 531/531/531
f 521/521/521 532/532/532 527/527/527
f 532/532/532 521/521/521 520/520/520
f 532/532/532 530/530/530 527/527/527
f 532/532/532 520/520/520 533/533/533
f 530/530/530 532/532/532 533/533/533
f 530/530/530 533/533/533 531/531/531
f 520/520/520 512/512/512 533/533/533
f 533/533/533 534/534/534 531/531/531
f 512/512/512 534/534/534 533/533/533
f 534/534/534 535/535/535 531/531/531
f 536/536/536 534/534/534 512/512/512
f 534/534/534 536/536/536 535/535/535
f 513/513/513 536/536/536 512/512/512
f 536/536/536 537/537/537 535/535/535
f 536/536/536 513/513/513 538/538/538
f 537/537/537 536/536/536 538/538/538
f 537/537/537 539/539/539 535/535/535
f 539/539/539 540/540/540 535/535/535
f 540/540/540 539/539/539 541/541/541
f 542/542/542 540/540/540 541/541/541
f 542/542/542 541/541/541 543/543/543
f 539/539/539 537/537/537 544/544/544
f 544/544/544 537/537/537 538/538/538
f 545/545/545 539/539/539 544/544/544
f 539/539/539 545/545/545 541/541/541
f 513/513/513 546/546/546 538/538/538
f 546/546/546 513/513/513 503/503/503
f 544/544/544 538/538/538 547/547/547
f 545/545/545 544/544/544 547/547/547
f 538/538/538 546/546/546 548/548/548
f 538/538/538 548/548/548 547/547/547
f 549/549/549 545/545/545 547/547/547
f 550/550/550 547/547/547 548/548/548
f 545/545/545 549/549/549 551/551/551
f 545/545/545 551/551/551 541/541/541
f 549/549/549 552/552/552 551/551/551
f 552/552/552 553/553/553 551/551/551
f 554/554/554 546/546/546 503/503/503
f 546/546/546 554/554/554 548/548/548
f 551/551/551 555/555/555 541/541/541
f 553/553/553 555/555/555 551/551/551
f 555/555/555 553/553/553 556/556/556
f 553/553/553 557/557/557 556/556/556
f 557/557/557 558/558/558 556/556/556
f 555/555/555 559/559/559 541/541/541
f 559/559/559 555/555/555 556/556/556
f 541/541/541 559/559/559 543/543/543
f 559/559/559 560/560/560 543/543/543
f 560/560/560 559/559/559 556/556/556
f 560/560/560 561/561/561 543/543/543
f 561/561/561 560/560/560 562/562/562
f 560/560/560 556/556/556 562/562/562
f 563/563/563 561/561/561 562/562/562
f 564/564/564 563/563/563 562/562/562
f 565/565/565 564/564/564 558/558/558
f 556/556/556 566/566/566 562/562/562
f 558/558/558 566/566/566 556/556/556
f 566/566/566 564/564/564 562/562/562
f 564/564/564 566/566/566 558/558/558
f 569/569/569 568/568/568 567/567/567
f 570/570/570 569/569/569 567/567/567
f 569/569/569 570/570/570 571/571/571
f 570/570/570 572/572/572 571/571/571
f 572/572/572 573/573/573 571/571/571
f 573/573/573 574/574/574 571/571/571
f 573/573/573 575/575/575 574/574/574
f 575/575/575 576/576/576 574/574/574
f 576/576/576 575/575/575 577/577/577
f 575/575/575 578/578/578 577/577/577
f 578/578/578 579/579/579 577/577/577
f 579/579/579 580/580/580 577/577/577
f 580/580/580 579/579/579 581/581/581
f 582/582/582 580/580/580 581/581/581
f 582/582/582 581/581/581 583/583/583
f 581/581/581 584/584/584 583/583/583
f 584/584/584 585/585/585 583/583/583
f 585/585/585 586/586/586 583/583/583
f 589/589/589 588/588/588 587/587/587
f 590/590/590 589/589/589 587/587/587
f 589/589/589 590/590/590 591/591/591
f 592/592/592 589/589/589 591/591/591
f 592/592/592 591/591/591 593/593/593
f 591/591/591 594/594/594 593/593/593
f 593/593/593 594/594/594 595/595/595
f 596/596/596 593/593/593 595/595/595
f 595/595/595 597/597/597 596/596/596
f 597/597/597 598/598/598 596/596/596
f 598/598/598 599/599/599 596/596/596
f 599/599/599 600/600/600 596/596/596
f 601/601/601 598/598/598 597/597/597
f 598/598/598 601/601/601 599/599/599
f 602/602/602 601/601/601 597/597/597
f 601/601/601 602/602/602 603/603/603
f 602/602/602 604/604/604 603/603/603
f 603/603/603 604/604/604 605/605/605
f 600/600/600 599/599/599 606/606/606
f 607/607/607 600/600/600 606/606/606
f 608/608/608 607/607/607 606/606/606
f 601/601/601 609/609/609 599/599/599
f 609/609/609 601/601/601 603/603/603
f 606/606/606 599/599/599 610/610/610
f 599/599/599 609/609/609 610/610/610
f 611/611/611 608/608/608 606/606/606
f 611/611/611 606/606/606 610/610/610
f 612/612/612 608/608/608 611/611/611
f 613/613/613 612/612/612 611/611/611
f 612/612/612 613/613/613 614/614/614
f 610/610/610 609/609/609 615/615/615
f 616/616/616 611/611/611 610/610/610
f 616/616/616 610/610/610 615/615/615
f 617/617/617 609/609/609 603/603/603
f 609/609/609 617/617/617 615/615/615
f 615/615/615 617/617/617 618/618/618
f 619/619/619 613/613/613 611/611/611
f 616/616/616 619/619/619 611/611/611
f 620/620/620 616/616/616 615/615/615
f 620/620/620 615/615/615 618/618/618
f 621/621/621 619/619/619 616/616/616
f 620/620/620 621/621/621 616/616/616
f 622/622/622 621/621/621 620/620/620
f 613/613/613 619/619/619 623/623/623
f 619/619/619 621/621/621 623/623/623
f 613/613/613 624/624/624 614/614/614
f 624/624/624 613/613/613 623/623/623
f 614/614/614 624/624/624 625/625/625
f 625/625/625 624/624/624 623/623/623
f 626/626/626 614/614/614 625/625/625
f 627/627/627 626/626/626 625/625/625
f 621/621/621 628/628/628 623/623/623
f 628/628/628 621/621/621 622/622/622
f 628/628/628 625/625/625 623/623/623
f 628/628/628 629/629/629 625/625/625
f 629/629/629 628/628/628 622/622/622
f 630/630/630 627/627/627 625/625/625
f 629/629/629 630/630/630 625/625/625
f 627/627/627 630/630/630 631/631/631
f 632/632/632 627/627/627 631/631/631
f 631/631/631 630/630/630 633/633/633
f 630/630/630 629/629/629 633/633/633
f 633/633/633 629/629/629 622/622/622
f 634/634/634 633/633/633 622/622/622
f 635/635/635 634/634/634 622/622/622
f 636/636/636 635/635/635 622/622/622
f 636/636/636 622/622/622 620/620/620
f 636/636/636 620/620/620 618/618/618
f 635/635/635 636/636/636 618/618/618
f 637/637/637 635/635/635 618/618/618
f 637/637/637 618/618/618 638/638/638
f 618/618/618 639/639/639 638/638/638
f 617/617/617 639/639/639 618/618/618
f 639/639/639 617/617/617 603/603/603
f 639/639/639 640/640/640 638/638/638
f 640/640/640 639/639/639 603/603/603
f 640/640/640 603/603/603 641/641/641
f 640/640/640 642/642/642 638/638/638
f 640/640/640 641/641/641 642/642/642
f 641/641/641 643/643/643 642/642/642
f 644/644/644 643/643/643 641/641/641
f 603/603/603 645/645/645 641/641/641
f 645/645/645 646/646/646 641/641/641
f 645/645/645 603/603/603 605/605/605
f 645/645/645 605/605/605 646/646/646
f 605/605/605 647/647/647 646/646/646
f 647/647/647 648/648/648 646/646/646
f 649/649/649 644/644/644 641/641/641
f 646/646/646 649/649/649 641/641/641
f 649/649/649 650/650/650 644/644/644
f 650/650/650 649/649/649 646/646/646
f 650/650/650 651/651/651 644/644/644
f 651/651/651 650/650/650 652/652/652
f 648/648/648 653/653/653 646/646/646
f 653/653/653 650/650/650 646/646/646
f 653/653/653 648/648/648 654/654/654
f 650/650/650 653/653/653 654/654/654
f 648/648/648 655/655/655 654/654/654
f 654/654/654 655/655/655 652/652/652
f 650/650/650 656/656/656 652/652/652
f 656/656/656 654/654/654 652/652/652
f 656/656/656 650/650/650 654/654/654
f 659/659/659 658/658/658 657/657/657
f 658/658/658 660/660/660 657/657/657
f 660/660/660 658/658/658 661/661/661
f 658/658/658 662/662/662 661/661/661
f 661/661/661 662/662/662 663/663/663
f 664/664/664 661/661/661 663/663/663
f 665/665/665 664/664/664 663/663/663
f 666/666/666 665/665/665 663/663/663
f 665/665/665 666/666/666 667/667/667
f 666/666/666 668/668/668 667/667/667
f 668/668/668 669/669/669 667/667/667
f 669/669/669 670/670/670 667/667/667
f 670/670/670 669/669/669 671/671/671
f 672/672/672 670/670/670 671/671/671
f 673/673/673 672/672/672 671/671/671
f 674/674/674 673/673/673 671/671/671
f 675/675/675 673/673/673 674/674/674
f 676/676/676 675/675/675 674/674/674
f 675/675/675 676/676/676 677/677/677
f 678/678/678 675/675/675 677/677/677
f 678/678/678 677/677/677 679/679/679
f 677/677/677 680/680/680 679/679/679
f 679/679/679 680/680/680 681/681/681
f 680/680/680 682/682/682 681/681/681
f 685/685/685 684/684/684 683/683/683
f 686/686/686 685/685/685 683/683/683
f 687/687/687 686/686/686 683/683/683
f 688/688/688 687/687/687 683/683/683
f 688/688/688 689/689/689 687/687/687
f 686/686/686 690/690/690 685/685/685
f 690/690/690 691/691/691 685/685/685
f 692/692/692 690/690/690 686/686/686
f 687/687/687 692/692/692 686/686/686
f 691/691/691 690/690/690 693/693/693
f 690/690/690 692/692/692 693/693/693
f 694/694/694 691/691/691 693/693/693
f 695/695/695 694/694/694 693/693/693
f 696/696/696 695/695/695 693/693/693
f 692/692/692 696/696/696 693/693/693
f 695/695/695 696/696/696 697/697/697
f 696/696/696 692/692/692 698/698/698
f 696/696/696 698/698/698 697/697/697
f 699/699/699 692/692/692 687/687/687
f 692/692/692 699/699/699 698/698/698
f 699/699/699 700/700/700 698/698/698
f 698/698/698 701/701/701 697/697/697
f 700/700/700 701/701/701 698/698/698
f 701/701/701 702/702/702 697/697/697
f 702/702/702 701/701/701 703/703/703
f 704/704/704 699/699/699 687/687/687
f 699/699/699 704/704/704 700/700/700
f 689/689/689 704/704/704 687/687/687
f 704/704/704 689/689/689 705/705/705
f 704/704/704 705/705/705 700/700/700
f 689/689/689 706/706/706 705/705/705
f 706/706/706 707/707/707 705/705/705
f 707/707/707 708/708/708 705/705/705
f 705/705/705 708/708/708 700/700/700
f 709/709/709 701/701/701 700/700/700
f 701/701/701 709/709/709 703/703/703
f 710/710/710 708/708/708 707/707/707
f 711/711/711 710/710/710 707/707/707
f 708/708/708 710/710/710 712/712/712
f 713/713/713 708/708/708 712/712/712
f 708/708/708 713/713/713 700/700/700
f 713/713/713 709/709/709 700/700/700
f 709/709/709 713/713/713 712/712/712
f 714/714/714 710/710/710 711/711/711
f 715/715/715 714/714/714 711/711/711
f 714/714/714 715/715/715 716/716/716
f 710/710/710 714/714/714 717/717/717
f 712/712/712 710/710/710 717/717/717
f 718/718/718 714/714/714 716/716/716
f 714/714/714 718/718/718 717/717/717
f 709/709/709 719/719/719 703/703/703
f 719/719/719 709/709/709 712/712/712
f 720/720/720 718/718/718 716/716/716
f 721/721/721 720/720/720 716/716/716
f 720/720/720 721/721/721 722/722/722
f 723/723/723 720/720/720 722/722/722
f 720/720/720 723/723/723 724/724/724
f 718/718/718 720/720/720 724/724/724
f 723/723/723 725/725/725 724/724/724
f 725/725/725 726/726/726 724/724/724
f 727/727/727 718/718/718 724/724/724
f 726/726/726 727/727/727 724/724/724
f 718/718/718 727/727/727 717/717/717
f 727/727/727 726/726/726 728/728/728
f 717/717/717 727/727/727 728/728/728
f 712/712/712 717/717/717 728/728/728
f 729/729/729 712/712/712 728/728/728
f 729/729/729 730/730/730 712/712/712
f 730/730/730 719/719/719 712/712/712
f 719/719/719 730/730/730 731/731/731
f 732/732/732 719/719/719 731/731/731
f 719/719/719 732/732/732 703/703/703
f 733/733/733 732/732/732 731/731/731
f 732/732/732 733/733/733 703/703/703
f 733/733/733 734/734/734 703/703/703
f 735/735/735 733/733/733 731/731/731
f 734/734/734 733/733/733 736/736/736
f 737/737/737 733/733/733 735/735/735
f 733/733/733 737/737/737 736/736/736
f 738/738/738 737/737/737 735/735/735
f 736/736/736 737/737/737 739/739/739
f 737/737/737 738/738/738 740/740/740
f 737/737/737 740/740/740 739/739/739
f 738/738/738 741/741/741 740/740/740
f 741/741/741 742/742/742 740/740/740
f 740/740/740 743/743/743 739/739/739
f 742/742/742 743/743/743 740/740/740
f 743/743/743 744/744/744 739/739/739
f 743/743/743 742/742/742 745/745/745
f 744/744/744 743/743/743 745/745/745
f 742/742/742 746/746/746 745/745/745
f 747/747/747 744/744/744 745/745/745
f 746/746/746 748/748/748 745/745/745
f 748/748/748 747/747/747 745/745/745
f 751/751/751 750/750/750 749/749/749
f 752/752/752 751/751/751 749/749/749
f 753/753/753 752/752/752 749/749/749
f 752/752/752 754/754/754 751/751/751
f 751/751/751 754/754/754 755/755/755
f 753/753/753 756/756/756 752/752/752
f 753/753/753 757/757/757 756/756/756
f 758/758/758 756/756/756 757/757/757
f 754/754/754 759/759/759 755/755/755
f 760/760/760 755/755/755 759/759/759
f 754/754/754 752/752/752 761/761/761
f 752/752/752 756/756/756 761/761/761
f 754/754/754 761/761/761 759/759/759
f 758/758/758 762/762/762 756/756/756
f 758/758/758 763/763/763 762/762/762
f 762/762/762 763/763/763 764/764/764
f 761/761/761 756/756/756 765/765/765
f 756/756/756 762/762/762 765/765/765
f 761/761/761 766/766/766 759/759/759
f 766/766/766 761/761/761 765/765/765
f 767/767/767 760/760/760 759/759/759
f 767/767/767 759/759/759 766/766/766
f 762/762/762 764/764/764 768/768/768
f 764/764/764 769/769/769 768/768/768
f 768/768/768 769/769/769 770/770/770
f 765/765/765 762/762/762 771/771/771
f 762/762/762 768/768/768 771/771/771
f 772/772/772 766/766/766 765/765/765
f 772/772/772 765/765/765 771/771/771
f 773/773/773 768/768/768 770/770/770
f 773/773/773 770/770/770 774/774/774
f 773/773/773 774/774/774 775/775/775
f 776/776/776 771/771/771 768/768/768
f 773/773/773 776/776/776 768/768/768
f 777/777/777 773/773/773 775/775/775
f 777/777/777 775/775/775 778/778/778
f 778/778/778 779/779/779 777/777/777
f 780/780/780 766/766/766 772/772/772
f 780/780/780 767/767/767 766/766/766
f 781/781/781 772/772/772 771/771/771
f 781/781/781 771/771/771 776/776/776
f 782/782/782 776/776/776 773/773/773
f 777/777/777 782/782/782 773/773/773
f 779/779/779 783/783/783 777/777/777
f 779/779/779 784/784/784 783/783/783
f 783/783/783 784/784/784 785/785/785
f 786/786/786 780/780/780 772/772/772
f 786/786/786 772/772/772 781/781/781
f 787/787/787 781/781/781 776/776/776
f 787/787/787 776/776/776 782/782/782
f 782/782/782 777/777/777 788/788/788
f 777/777/777 783/783/783 788/788/788
f 783/783/783 785/785/785 789/789/789
f 785/785/785 790/790/790 789/789/789
f 789/789/789 790/790/790 791/791/791
f 792/792/792 786/786/786 781/781/781
f 792/792/792 781/781/781 787/787/787
f 786/786/786 793/793/793 780/780/780
f 793/793/793 786/786/786 792/792/792
f 794/794/794 787/787/787 782/782/782
f 782/782/782 788/788/788 794/794/794
f 788/788/788 783/783/783 795/795/795
f 783/783/783 789/789/789 795/795/795
f 789/789/789 791/791/791 796/796/796
f 791/791/791 797/797/797 796/796/796
f 797/797/797 798/798/798 796/796/796
f 798/798/798 799/799/799 796/796/796
f 789/789/789 796/796/796 800/800/800
f 796/796/796 799/799/799 800/800/800
f 795/795/795 789/789/789 800/800/800
f 788/788/788 795/795/795 801/801/801
f 788/788/788 801/801/801 794/794/794
f 802/802/802 787/787/787 794/794/794
f 802/802/802 792/792/792 787/787/787
f 800/800/800 799/799/799 803/803/803
f 799/799/799 804/804/804 803/803/803
f 795/795/795 800/800/800 805/805/805
f 795/795/795 805/805/805 801/801/801
f 800/800/800 803/803/803 805/805/805
f 794/794/794 801/801/801 806/806/806
f 806/806/806 802/802/802 794/794/794
f 807/807/807 803/803/803 804/804/804
f 808/808/808 807/807/807 804/804/804
f 809/809/809 805/805/805 803/803/803
f 807/807/807 809/809/809 803/803/803
f 801/801/801 805/805/805 810/810/810
f 801/801/801 810/810/810 806/806/806
f 805/805/805 809/809/809 810/810/810
f 811/811/811 807/807/807 808/808/808
f 807/807/807 811/811/811 809/809/809
f 809/809/809 812/812/812 810/810/810
f 811/811/811 812/812/812 809/809/809
f 811/811/811 808/808/808 813/813/813
f 812/812/812 811/811/811 813/813/813
f 808/808/808 814/814/814 813/813/813
f 810/810/810 815/815/815 806/806/806
f 812/812/812 815/815/815 810/810/810
f 802/802/802 806/806/806 816/816/816
f 815/815/815 816/816/816 806/806/806
f 817/817/817 812/812/812 813/813/813
f 815/815/815 812/812/812 817/817/817
f 813/813/813 814/814/814 818/818/818
f 817/817/817 813/813/813 818/818/818
f 814/814/814 819/819/819 818/818/818
f 820/820/820 802/802/802 816/816/816
f 792/792/792 802/802/802 820/820/820
f 816/816/816 815/815/815 821/821/821
f 820/820/820 816/816/816 821/821/821
f 822/822/822 815/815/815 817/817/817
f 815/815/815 822/822/822 821/821/821
f 823/823/823 792/792/792 820/820/820
f 823/823/823 793/793/793 792/792/792
f 822/822/822 817/817/817 824/824/824
f 824/824/824 817/817/817 818/818/818
f 818/818/818 819/819/819 825/825/825
f 819/819/819 826/826/826 825/825/825
f 825/825/825 826/826/826 827/827/827
f 823/823/823 820/820/820 828/828/828
f 828/828/828 820/820/820 821/821/821
f 821/821/821 822/822/822 829/829/829
f 829/829/829 822/822/822 824/824/824
f 824/824/824 818/818/818 830/830/830
f 818/818/818 825/825/825 830/830/830
f 830/830/830 831/831/831 824/824/824
f 831/831/831 829/829/829 824/824/824
f 832/832/832 821/821/821 829/829/829
f 821/821/821 832/832/832 828/828/828
f 833/833/833 823/823/823 828/828/828
f 793/793/793 823/823/823 833/833/833
f 830/830/830 825/825/825 834/834/834
f 830/830/830 834/834/834 831/831/831
f 831/831/831 835/835/835 829/829/829
f 835/835/835 832/832/832 829/829/829
f 832/832/832 836/836/836 828/828/828
f 828/828/828 836/836/836 833/833/833
f 825/825/825 837/837/837 834/834/834
f 837/837/837 825/825/825 827/827/827
f 837/837/837 827/827/827 838/838/838
f 837/837/837 838/838/838 834/834/834
f 827/827/827 839/839/839 838/838/838
f 838/838/838 840/840/840 834/834/834
f 834/834/834 841/841/841 831/831/831
f 841/841/841 834/834/834 840/840/840
f 831/831/831 841/841/841 835/835/835
f 842/842/842 841/841/841 840/840/840
f 843/843/843 841/841/841 842/842/842
f 841/841/841 843/843/843 835/835/835
f 844/844/844 843/843/843 842/842/842
f 845/845/845 835/835/835 843/843/843
f 835/835/835 845/845/845 832/832/832
f 845/845/845 836/836/836 832/832/832
f 846/846/846 843/843/843 844/844/844
f 846/846/846 845/845/845 843/843/843
f 847/847/847 846/846/846 844/844/844
f 845/845/845 848/848/848 836/836/836
f 848/848/848 845/845/845 846/846/846
f 849/849/849 846/846/846 847/847/847
f 849/849/849 848/848/848 846/846/846
f 850/850/850 849/849/849 847/847/847
f 851/851/851 849/849/849 850/850/850
f 849/849/849 851/851/851 848/848/848
f 852/852/852 851/851/851 850/850/850
f 848/848/848 853/853/853 836/836/836
f 836/836/836 853/853/853 833/833/833
f 851/851/851 854/854/854 848/848/848
f 848/848/848 854/854/854 853/853/853
f 851/851/851 852/852/852 855/855/855
f 852/852/852 856/856/856 855/855/855
f 857/857/857 833/833/833 853/853/853
f 857/857/857 793/793/793 833/833/833
f 854/854/854 851/851/851 858/858/858
f 851/851/851 855/855/855 858/858/858
f 854/854/854 859/859/859 853/853/853
f 859/859/859 857/857/857 853/853/853
f 854/854/854 858/858/858 859/859/859
f 855/855/855 856/856/856 860/860/860
f 856/856/856 861/861/861 860/860/860
f 860/860/860 861/861/861 862/862/862
f 863/863/863 860/860/860 862/862/862
f 863/863/863 864/864/864 860/860/860
f 855/855/855 860/860/860 865/865/865
f 858/858/858 855/855/855 865/865/865
f 864/864/864 865/865/865 860/860/860
f 793/793/793 857/857/857 866/866/866
f 793/793/793 866/866/866 780/780/780
f 780/780/780 866/866/866 767/767/767
f 858/858/858 867/867/867 859/859/859
f 858/858/858 865/865/865 867/867/867
f 865/865/865 864/864/864 868/868/868
f 865/865/865 868/868/868 867/867/867
f 864/864/864 869/869/869 868/868/868
f 870/870/870 857/857/857 859/859/859
f 857/857/857 870/870/870 866/866/866
f 867/867/867 870/870/870 859/859/859
f 866/866/866 871/871/871 767/767/767
f 866/866/866 870/870/870 871/871/871
f 871/871/871 760/760/760 767/767/767
f 872/872/872 760/760/760 871/871/871
f 868/868/868 873/873/873 867/867/867
f 873/873/873 868/868/868 869/869/869
f 873/873/873 870/870/870 867/867/867
f 870/870/870 873/873/873 871/871/871
f 873/873/873 872/872/872 871/871/871
f 872/872/872 873/873/873 869/869/869
f 508/508/508 874/874/874 503/503/503
f 874/874/874 554/554/554 503/503/503
f 874/874/874 508/508/508 875/875/875
f 875/875/875 508/508/508 510/510/510
f 554/554/554 874/874/874 876/876/876
f 876/876/876 874/874/874 875/875/875
f 877/877/877 875/875/875 510/510/510
f 878/878/878 877/877/877 510/510/510
f 877/877/877 878/878/878 879/879/879
f 877/877/877 880/880/880 875/875/875
f 880/880/880 876/876/876 875/875/875
f 880/880/880 881/881/881 876/876/876
f 882/882/882 554/554/554 876/876/876
f 881/881/881 882/882/882 876/876/876
f 554/554/554 882/882/882 548/548/548
f 882/882/882 883/883/883 548/548/548
f 883/883/883 882/882/882 881/881/881
f 883/883/883 550/550/550 548/548/548
f 883/883/883 884/884/884 550/550/550
f 884/884/884 883/883/883 881/881/881
f 884/884/884 885/885/885 550/550/550
f 886/886/886 885/885/885 884/884/884
f 887/887/887 877/877/877 879/879/879
f 877/877/877 887/887/887 880/880/880
f 880/880/880 888/888/888 881/881/881
f 887/887/887 888/888/888 880/880/880
f 889/889/889 884/884/884 881/881/881
f 889/889/889 886/886/886 884/884/884
f 890/890/890 887/887/887 879/879/879
f 886/886/886 890/890/890 879/879/879
f 888/888/888 887/887/887 891/891/891
f 887/887/887 890/890/890 891/891/891
f 888/888/888 892/892/892 881/881/881
f 892/892/892 889/889/889 881/881/881
f 888/888/888 891/891/891 893/893/893
f 892/892/892 888/888/888 893/893/893
f 891/891/891 890/890/890 893/893/893
f 889/889/889 892/892/892 893/893/893
f 886/886/886 889/889/889 894/894/894
f 890/890/890 886/886/886 894/894/894
f 890/890/890 894/894/894 893/893/893
f 894/894/894 889/889/889 893/893/893
f 897/897/897 896/896/896 895/895/895
f 898/898/898 897/897/897 895/895/895
f 895/895/895 896/896/896 899/899/899
f 898/898/898 895/895/895 900/900/900
f 900/900/900 895/895/895 899/899/899
f 901/901/901 898/898/898 900/900/900
f 901/901/901 900/900/900 902/902/902
f 903/903/903 900/900/900 899/899/899
f 900/900/900 903/903/903 902/902/902
f 903/903/903 904/904/904 902/902/902
f 905/905/905 903/903/903 899/899/899
f 903/903/903 905/905/905 904/904/904
f 904/904/904 906/906/906 902/902/902
f 905/905/905 907/907/907 904/904/904
f 908/908/908 906/906/906 904/904/904
f 907/907/907 909/909/909 904/904/904
f 910/910/910 908/908/908 904/904/904
f 909/909/909 910/910/910 904/904/904
f 908/908/908 910/910/910 911/911/911
f 912/912/912 910/910/910 909/909/909
f 910/910/910 912/912/912 911/911/911
f 913/913/913 912/912/912 909/909/909
f 913/913/913 914/914/914 912/912/912
f 912/912/912 915/915/915 911/911/911
f 914/914/914 915/915/915 912/912/912
f 915/915/915 916/916/916 911/911/911
f 916/916/916 915/915/915 917/917/917
f 915/915/915 914/914/914 918/918/918
f 915/915/915 918/918/918 917/917/917
f 914/914/914 919/919/919 918/918/918
f 917/917/917 918/918/918 920/920/920
f 918/918/918 919/919/919 921/921/921
f 918/918/918 921/921/921 920/920/920
f 919/919/919 922/922/922 921/921/921
f 922/922/922 923/923/923 921/921/921
f 921/921/921 924/924/924 920/920/920
f 923/923/923 924/924/924 921/921/921
f 924/924/924 925/925/925 920/920/920
f 924/924/924 923/923/923 926/926/926
f 925/925/925 924/924/924 926/926/926
f 923/923/923 927/927/927 926/926/926
f 928/928/928 925/925/925 926/926/926
f 927/927/927 929/929/929 926/926/926
f 929/929/929 928/928/928 926/926/926
f 932/932/932 931/931/931 930/930/930
f 933/933/933 932/932/932 930/930/930
f 930/930/930 931/931/931 934/934/934
f 933/933/933 930/930/930 935/935/935
f 935/935/935 930/930/930 934/934/934
f 935/935/935 934/934/934 936/936/936
f 937/937/937 933/933/933 935/935/935
f 937/937/937 935/935/935 936/936/936
f 934/934/934 938/938/938 936/936/936
f 939/939/939 937/937/937 936/936/936
f 939/939/939 936/936/936 940/940/940
f 938/938/938 941/941/941 936/936/936
f 936/936/936 942/942/942 940/940/940
f 941/941/941 942/942/942 936/936/936
f 940/940/940 942/942/942 943/943/943
f 944/944/944 942/942/942 941/941/941
f 942/942/942 944/944/944 943/943/943
f 945/945/945 944/944/944 941/941/941
f 944/944/944 945/945/945 946/946/946
f 943/943/943 944/944/944 947/947/947
f 947/947/947 944/944/944 946/946/946
f 948/948/948 943/943/943 947/947/947
f 947/947/947 946/946/946 949/949/949
f 950/950/950 948/948/948 947/947/947
f 951/951/951 947/947/947 949/949/949
f 951/951/951 950/950/950 947/947/947
f 951/951/951 949/949/949 952/952/952
f 950/950/950 951/951/951 952/952/952
f 953/953/953 950/950/950 952/952/952
f 949/949/949 954/954/954 952/952/952
f 953/953/953 952/952/952 955/955/955
f 952/952/952 954/954/954 956/956/956
f 952/952/952 956/956/956 955/955/955
f 956/956/956 957/957/957 955/955/955
f 954/954/954 958/958/958 956/956/956
f 956/956/956 958/958/958 957/957/957
f 957/957/957 959/959/959 955/955/955
f 958/958/958 960/960/960 957/957/957
f 961/961/961 959/959/959 957/957/957
f 960/960/960 962/962/962 957/957/957
f 963/963/963 961/961/961 957/957/957
f 962/962/962 963/963/963 957/957/957
f 966/966/966 965/965/965 964/964/964
f 966/966/966 967/967/967 965/965/965
f 965/965/965 968/968/968 964/964/964
f 967/967/967 969/969/969 965/965/965
f 968/968/968 970/970/970 964/964/964
f 967/967/967 971/971/971 969/969/969
f 970/970/970 972/972/972 964/964/964
f 971/971/971 973/973/973 969/969/969
f 971/971/971 974/974/974 973/973/973
f 974/974/974 975/975/975 973/973/973
f 974/974/974 976/976/976 975/975/975
f 976/976/976 977/977/977 975/975/975
f 976/976/976 978/978/978 977/977/977
f 978/978/978 979/979/979 977/977/977
f 978/978/978 980/980/980 979/979/979
f 980/980/980 981/981/981 979/979/979
f 980/980/980 982/982/982 981/981/981
f 982/982/982 983/983/983 981/981/981
f 972/972/972 970/970/970 984/984/984
f 985/985/985 972/972/972 984/984/984
f 983/983/983 982/982/982 986/986/986
f 986/986/986 985/985/985 984/984/984
f 987/987/987 983/983/983 986/986/986
f 987/987/987 986/986/986 984/984/984
f 990/990/990 989/989/989 988/988/988
f 990/990/990 991/991/991 989/989/989
f 989/989/989 992/992/992 988/988/988
f 991/991/991 993/993/993 989/989/989
f 992/992/992 994/994/994 988/988/988
f 991/991/991 995/995/995 993/993/993
f 994/994/994 996/996/996 988/988/988
f 995/995/995 997/997/997 993/993/993
f 996/996/996 994/994/994 998/998/998
f 995/995/995 999/999/999 997/997/997
f 1000/1000/1000 996/996/996 998/998/998
f 999/999/999 1001/1001/1001 997/997/997
f 1000/1000/1000 998/998/998 1002/1002/1002
f 999/999/999 1003/1003/1003 1001/1001/1001
f 1004/1004/1004 1000/1000/1000 1002/1002/1002
f 1003/1003/1003 1005/1005/1005 1001/1001/1001
f 1004/1004/1004 1002/1002/1002 1006/1006/1006
f 1003/1003/1003 1007/1007/1007 1005/1005/1005
f 1008/1008/1008 1004/1004/1004 1006/1006/1006
f 1007/1007/1007 1009/1009/1009 1005/1005/1005
f 1008/1008/1008 1006/1006/1006 1010/1010/1010
f 1007/1007/1007 1011/1011/1011 1009/1009/1009
f 1011/1011/1011 1010/1010/1010 1009/1009/1009
f 1011/1011/1011 1008/1008/1008 1010/1010/1010
