g item_10
v -1.54621049 0.318606146 0.0724048936
v -1.55238253 0.324875384 0.0724048936
v -1.54616189 0.324826785 0.078674132
v -1.55189655 0.365163745 0.0726478873
v -1.5458703 0.37157878 0.0726478873
v -1.54567591 0.36535814 0.078674132
v -1.54621049 0.318606146 -0.0723707735
v -1.54616189 0.324826785 -0.0786400119
v -1.55238253 0.324875384 -0.0723707735
v -1.55189655 0.365163745 -0.072662366
v -1.54567591 0.36535814 -0.0786400119
v -1.5458703 0.37157878 -0.072662366
v 1.54622497 0.318606146 0.0724048936
v 1.54617637 0.324826785 0.078674132
v 1.55239701 0.324875384 0.0724048936
v 1.55191103 0.365163745 0.0726478873
v 1.54569039 0.36535814 0.078674132
v 1.54583618 0.37157878 0.0726478873
v 1.54622497 0.318606146 -0.0723707735
v 1.55239701 0.324875384 -0.0723707735
v 1.54617637 0.324826785 -0.0786400119
v 1.55191103 0.365163745 -0.072662366
v 1.54583618 0.37157878 -0.072662366
v 1.54569039 0.36535814 -0.0786400119
v -0.175968823 0.101807136 0.10200153
v 7.23932813E-06 0.211980495 0.10200153
v 7.23932813E-06 0.211980495 -7.23932813E-06
v -0.175968823 0.101807136 -7.23932813E-06
v -0.258781088 0.0793545144 0.10200153
v -0.258781088 0.0793545144 -7.23932813E-06
v -0.318314553 0.0793545144 0.10200153
v -0.318314553 0.0793545144 -7.23932813E-06
v -0.415123257 0.0793545144 0.10200153
v -0.415123257 0.0793545144 -7.23932813E-06
v -0.447004035 0.0984052232 0.10200153
v -0.447004035 0.0984052232 -7.23932813E-06
v -0.458667734 0.145643205 0.10200153
v -0.458667734 0.145643205 -7.23932813E-06
v -0.447004035 0.192881187 0.10200153
v -0.447004035 0.192881187 -7.23932813E-06
v -0.415123257 0.227434896 0.10200153
v -0.415123257 0.227434896 -7.23932813E-06
v -0.37157878 0.240070571 0.10200153
v -0.37157878 0.240070571 -7.23932813E-06
v -0.328034302 0.227434896 0.10200153
v -0.328034302 0.227434896 -7.23932813E-06
v -0.293140402 0.19278399 0.10200153
v -0.293140402 0.19278399 -7.23932813E-06
v -0.258781088 0.202795332 0.10200153
v -0.258781088 0.202795332 -7.23932813E-06
v -0.224421774 0.19278399 0.10200153
v -0.224421774 0.19278399 -7.23932813E-06
v -0.228892859 0.212223489 0.10200153
v -0.228892859 0.212223489 -7.23932813E-06
v -0.218978714 0.275985045 0.10200153
v -0.218978714 0.275985045 -7.23932813E-06
v -0.175968823 0.32268844 0.10200153
v -0.175968823 0.32268844 -7.23932813E-06
v -0.11716434 0.339746601 0.10200153
v -0.11716434 0.339746601 -7.23932813E-06
v -0.0583598557 0.32268844 0.10200153
v -0.0583598557 0.32268844 -7.23932813E-06
v -0.0153499647 0.275985045 0.10200153
v -0.0153499647 0.275985045 -7.23932813E-06
v 7.23932813E-06 0.213924445 0.10200153
v 7.23932813E-06 0.213924445 -7.23932813E-06
v -0.175968823 0.101807136 -0.10196741
v 7.23932813E-06 0.211980495 -7.23932813E-06
v 7.23932813E-06 0.211980495 -0.10196741
v -0.175968823 0.101807136 -7.23932813E-06
v -0.258781088 0.0793545144 -0.10196741
v -0.258781088 0.0793545144 -7.23932813E-06
v -0.318314553 0.0793545144 -0.10196741
v -0.318314553 0.0793545144 -7.23932813E-06
v -0.415123257 0.0793545144 -0.10196741
v -0.415123257 0.0793545144 -7.23932813E-06
v -0.447004035 0.0984052232 -0.10196741
v -0.447004035 0.0984052232 -7.23932813E-06
v -0.458667734 0.145643205 -0.10196741
v -0.458667734 0.145643205 -7.23932813E-06
v -0.447004035 0.192881187 -0.10196741
v -0.447004035 0.192881187 -7.23932813E-06
v -0.415123257 0.227434896 -0.10196741
v -0.415123257 0.227434896 -7.23932813E-06
v -0.37157878 0.240070571 -0.10196741
v -0.37157878 0.240070571 -7.23932813E-06
v -0.328034302 0.227434896 -0.10196741
v -0.328034302 0.227434896 -7.23932813E-06
v -0.293140402 0.19278399 -0.10196741
v -0.293140402 0.19278399 -7.23932813E-06
v -0.258781088 0.202795332 -0.10196741
v -0.258781088 0.202795332 -7.23932813E-06
v -0.224421774 0.19278399 -0.10196741
v -0.224421774 0.19278399 -7.23932813E-06
v -0.228892859 0.212223489 -0.10196741
v -0.228892859 0.212223489 -7.23932813E-06
v -0.218978714 0.275985045 -0.10196741
v -0.218978714 0.275985045 -7.23932813E-06
v -0.175968823 0.32268844 -0.10196741
v -0.175968823 0.32268844 -7.23932813E-06
v -0.11716434 0.339746601 -0.10196741
v -0.11716434 0.339746601 -7.23932813E-06
v -0.0583598557 0.32268844 -0.10196741
v -0.0583598557 0.32268844 -7.23932813E-06
v -0.0153499647 0.275985045 -0.10196741
v -0.0153499647 0.275985045 -7.23932813E-06
v 7.23932813E-06 0.213924445 -7.23932813E-06
v 7.23932813E-06 0.213924445 -0.10196741
v 0.175983302 0.101807136 0.10200153
v 7.23932813E-06 0.211980495 -7.23932813E-06
v 7.23932813E-06 0.211980495 0.10200153
v 0.175983302 0.101807136 -7.23932813E-06
v 0.258795567 0.0793545144 0.10200153
v 0.258795567 0.0793545144 -7.23932813E-06
v 0.318329032 0.0793545144 0.10200153
v 0.318329032 0.0793545144 -7.23932813E-06
v 0.415137736 0.0793545144 0.10200153
v 0.415137736 0.0793545144 -7.23932813E-06
v 0.447018514 0.0984052232 0.10200153
v 0.447018514 0.0984052232 -7.23932813E-06
v 0.458682213 0.145643205 0.10200153
v 0.458682213 0.145643205 -7.23932813E-06
v 0.447018514 0.192881187 0.10200153
v 0.447018514 0.192881187 -7.23932813E-06
v 0.415137736 0.227434896 0.10200153
v 0.415137736 0.227434896 -7.23932813E-06
v 0.371593258 0.240070571 0.10200153
v 0.371593258 0.240070571 -7.23932813E-06
v 0.328048781 0.227434896 0.10200153
v 0.328048781 0.227434896 -7.23932813E-06
v 0.293154881 0.19278399 0.10200153
v 0.293154881 0.19278399 -7.23932813E-06
v 0.258795567 0.202795332 0.10200153
v 0.258795567 0.202795332 -7.23932813E-06
v 0.224387654 0.19278399 0.10200153
v 0.224387654 0.19278399 -7.23932813E-06
v 0.228858739 0.212223489 0.10200153
v 0.228858739 0.212223489 -7.23932813E-06
v 0.218993193 0.275985045 0.10200153
v 0.218993193 0.275985045 -7.23932813E-06
v 0.175983302 0.32268844 0.10200153
v 0.175983302 0.32268844 -7.23932813E-06
v 0.117178818 0.339746601 0.10200153
v 0.117178818 0.339746601 -7.23932813E-06
v 0.0583743344 0.32268844 0.10200153
v 0.0583743344 0.32268844 -7.23932813E-06
v 0.0153158446 0.275985045 0.10200153
v 0.0153158446 0.275985045 -7.23932813E-06
v 7.23932813E-06 0.213924445 0.10200153
v 7.23932813E-06 0.213924445 -7.23932813E-06
v 0.175983302 0.101807136 -0.10196741
v 7.23932813E-06 0.211980495 -0.10196741
v 7.23932813E-06 0.211980495 -7.23932813E-06
v 0.175983302 0.101807136 -7.23932813E-06
v 0.258795567 0.0793545144 -0.10196741
v 0.258795567 0.0793545144 -7.23932813E-06
v 0.318329032 0.0793545144 -0.10196741
v 0.318329032 0.0793545144 -7.23932813E-06
v 0.415137736 0.0793545144 -0.10196741
v 0.415137736 0.0793545144 -7.23932813E-06
v 0.447018514 0.0984052232 -0.10196741
v 0.447018514 0.0984052232 -7.23932813E-06
v 0.458682213 0.145643205 -0.10196741
v 0.458682213 0.145643205 -7.23932813E-06
v 0.447018514 0.192881187 -0.10196741
v 0.447018514 0.192881187 -7.23932813E-06
v 0.415137736 0.227434896 -0.10196741
v 0.415137736 0.227434896 -7.23932813E-06
v 0.371593258 0.240070571 -0.10196741
v 0.371593258 0.240070571 -7.23932813E-06
v 0.328048781 0.227434896 -0.10196741
v 0.328048781 0.227434896 -7.23932813E-06
v 0.293154881 0.19278399 -0.10196741
v 0.293154881 0.19278399 -7.23932813E-06
v 0.258795567 0.202795332 -0.10196741
v 0.258795567 0.202795332 -7.23932813E-06
v 0.224387654 0.19278399 -0.10196741
v 0.224387654 0.19278399 -7.23932813E-06
v 0.228858739 0.212223489 -0.10196741
v 0.228858739 0.212223489 -7.23932813E-06
v 0.218993193 0.275985045 -0.10196741
v 0.218993193 0.275985045 -7.23932813E-06
v 0.175983302 0.32268844 -0.10196741
v 0.175983302 0.32268844 -7.23932813E-06
v 0.117178818 0.339746601 -0.10196741
v 0.117178818 0.339746601 -7.23932813E-06
v 0.0583743344 0.32268844 -0.10196741
v 0.0583743344 0.32268844 -7.23932813E-06
v 0.0153158446 0.275985045 -0.10196741
v 0.0153158446 0.275985045 -7.23932813E-06
v 7.23932813E-06 0.213924445 -7.23932813E-06
v 7.23932813E-06 0.213924445 -0.10196741
v 0.18847318 0.357630939 -7.23932813E-06
v 0.196880763 0.0808124768 0.0807152793
v 0.196880763 0.0808124768 -7.23932813E-06
v 0.18847318 0.357630939 0.0807152793
v 0.161500875 0.593529257 -7.23932813E-06
v 0.195325603 0.358165526 0.0875677027
v 0.203781785 0.0807638781 0.0875677027
v 0.341510634 0.361275845 0.0875677027
v 0.338254518 0.0794517119 0.0875677027
v 0.348363057 0.361518839 0.0807152793
v 0.345106941 0.0794031132 0.0807152793
v 0.345106941 0.0794031132 -7.23932813E-06
v 0.348363057 0.361518839 -7.23932813E-06
v 0.324938461 0.616030477 -7.23932813E-06
v 0.324938461 0.616030477 0.0807152793
v 0.318183236 0.614475317 0.0875677027
v 0.256511426 0.793999088 0.0807152793
v 0.256511426 0.793999088 -7.23932813E-06
v 0.168256101 0.594890022 0.0875677027
v 0.250290786 0.790985966 0.0875677027
v 0.169276675 0.940670106 0.0807152793
v 0.169276675 0.940670106 -7.23932813E-06
v 0.161500875 0.593529257 0.0807152793
v 0.120920922 0.754536906 0.0875677027
v 0.114457288 0.75205837 0.0807152793
v 0.114457288 0.75205837 -7.23932813E-06
v 0.163785017 0.936442015 0.0875677027
v 0.0831110966 1.02800205 0.0807152793
v 0.0831110966 1.02800205 -7.23932813E-06
v 0.0756754883 0.834044456 0.0807152793
v 0.0756754883 0.834044456 -7.23932813E-06
v 0.0816531342 0.837640763 0.0875677027
v 0.0788344069 1.0225104 0.0875677027
v 0.00481851527 1.07412227 0.0807638781
v 0.00476991653 1.07412227 -7.23932813E-06
v 0.024841199 0.902860281 0.0807152793
v 0.024841199 0.902860281 -7.23932813E-06
v 0.0299440674 0.907525761 0.0875677027
v -0.00480403662 1.07412227 0.0808124768
v -0.00480403662 1.07412227 -7.23932813E-06
v 0.00496431152 1.06590908 0.0875677027
v 0.00486711402 0.921182009 0.0810068718
v 0.00491571277 0.92113341 -7.23932813E-06
v -0.00490123411 0.92113341 -7.23932813E-06
v 0.00491571277 0.930561567 0.0875677027
v -0.0830966179 1.02800205 0.0807152793
v -0.0830966179 1.02800205 -7.23932813E-06
v -0.00490123411 0.92113341 0.0809096743
v -0.00490123411 0.930561567 0.0875677027
v -0.00494983286 1.06590908 0.0875677027
v -0.169310795 0.940670106 0.0807152793
v -0.169310795 0.940670106 -7.23932813E-06
v -0.0788199282 1.0225104 0.0875677027
v -0.0248267204 0.902860281 0.0807152793
v -0.0248267204 0.902860281 -7.23932813E-06
v -0.0299781875 0.907525761 0.0875677027
v -0.256496947 0.793999088 0.0807152793
v -0.256496947 0.793999088 -7.23932813E-06
v -0.163819137 0.936442015 0.0875677027
v -0.0757096084 0.834044456 0.0807152793
v -0.0757096084 0.834044456 -7.23932813E-06
v -0.0816386555 0.837640763 0.0875677027
v -0.324923983 0.616030477 0.0807152793
v -0.324923983 0.616030477 -7.23932813E-06
v -0.250276307 0.790985966 0.0875677027
v -0.114491408 0.75205837 0.0807152793
v -0.114491408 0.75205837 -7.23932813E-06
v -0.120906443 0.754536906 0.0875677027
v -0.348397177 0.361518839 0.0807152793
v -0.348397177 0.361518839 -7.23932813E-06
v -0.345141061 0.0794031132 -7.23932813E-06
v -0.345141061 0.0794031132 0.0807152793
v -0.318168757 0.614475317 0.0875677027
v -0.341496155 0.361275845 0.0875677027
v -0.338240039 0.0794517119 0.0875677027
v -0.203767307 0.0807638781 0.0875677027
v -0.168290221 0.594890022 0.0875677027
v -0.195359723 0.358165526 0.0875677027
v -0.161486397 0.593529257 0.0807152793
v -0.161486397 0.593529257 -7.23932813E-06
v -0.188458701 0.357630939 0.0807152793
v -0.196866285 0.0808124768 0.0807152793
v -0.188458701 0.357630939 -7.23932813E-06
v -0.196866285 0.0808124768 -7.23932813E-06
v 0.18847318 0.357630939 -7.23932813E-06
v 0.196880763 0.0808124768 -7.23932813E-06
v 0.196880763 0.0808124768 -0.0806811592
v 0.18847318 0.357630939 -0.0806811592
v 0.161500875 0.593529257 -7.23932813E-06
v 0.195325603 0.358165526 -0.0875821813
v 0.203781785 0.0807638781 -0.0875821813
v 0.341510634 0.361275845 -0.0875821813
v 0.338254518 0.0794517119 -0.0875821813
v 0.348363057 0.361518839 -0.0806811592
v 0.345106941 0.0794031132 -0.0806811592
v 0.345106941 0.0794031132 -7.23932813E-06
v 0.348363057 0.361518839 -7.23932813E-06
v 0.324938461 0.616030477 -7.23932813E-06
v 0.324938461 0.616030477 -0.0806811592
v 0.318183236 0.614475317 -0.0875821813
v 0.256511426 0.793999088 -0.0806811592
v 0.256511426 0.793999088 -7.23932813E-06
v 0.168256101 0.594890022 -0.0875821813
v 0.169276675 0.940670106 -0.0806811592
v 0.169276675 0.940670106 -7.23932813E-06
v 0.250290786 0.790985966 -0.0875821813
v 0.161500875 0.593529257 -0.0806811592
v 0.0831110966 1.02800205 -0.0806811592
v 0.0831110966 1.02800205 -7.23932813E-06
v 0.163785017 0.936442015 -0.0875821813
v 0.120920922 0.754536906 -0.0875821813
v 0.114457288 0.75205837 -0.0806811592
v 0.114457288 0.75205837 -7.23932813E-06
v 0.00481851527 1.07412227 -0.080729758
v 0.00476991653 1.07412227 -7.23932813E-06
v 0.0788344069 1.0225104 -0.0875821813
v 0.0816531342 0.837640763 -0.0875821813
v 0.0756754883 0.834044456 -0.0806811592
v 0.0756754883 0.834044456 -7.23932813E-06
v -0.00480403662 1.07412227 -0.0808269555
v -0.00480403662 1.07412227 -7.23932813E-06
v 0.00496431152 1.06590908 -0.0875821813
v 0.0299440674 0.907525761 -0.0875821813
v 0.024841199 0.902860281 -0.0806811592
v 0.024841199 0.902860281 -7.23932813E-06
v -0.0830966179 1.02800205 -0.0806811592
v -0.0830966179 1.02800205 -7.23932813E-06
v 0.00491571277 0.930561567 -0.0875821813
v 0.00486711402 0.921182009 -0.0809727517
v 0.00491571277 0.92113341 -7.23932813E-06
v -0.00490123411 0.92113341 -7.23932813E-06
v -0.00494983286 1.06590908 -0.0875821813
v -0.169310795 0.940670106 -0.0806811592
v -0.169310795 0.940670106 -7.23932813E-06
v -0.00490123411 0.930561567 -0.0875821813
v -0.00490123411 0.92113341 -0.080924153
v -0.0788199282 1.0225104 -0.0875821813
v -0.256496947 0.793999088 -0.0806811592
v -0.256496947 0.793999088 -7.23932813E-06
v -0.0248267204 0.902860281 -0.0806811592
v -0.0248267204 0.902860281 -7.23932813E-06
v -0.0299781875 0.907525761 -0.0875821813
v -0.163819137 0.936442015 -0.0875821813
v -0.324923983 0.616030477 -0.0806811592
v -0.324923983 0.616030477 -7.23932813E-06
v -0.0757096084 0.834044456 -0.0806811592
v -0.0757096084 0.834044456 -7.23932813E-06
v -0.0816386555 0.837640763 -0.0875821813
v -0.250276307 0.790985966 -0.0875821813
v -0.348397177 0.361518839 -0.0806811592
v -0.348397177 0.361518839 -7.23932813E-06
v -0.345141061 0.0794031132 -7.23932813E-06
v -0.345141061 0.0794031132 -0.0806811592
v -0.114491408 0.75205837 -0.0806811592
v -0.114491408 0.75205837 -7.23932813E-06
v -0.120906443 0.754536906 -0.0875821813
v -0.318168757 0.614475317 -0.0875821813
v -0.341496155 0.361275845 -0.0875821813
v -0.338240039 0.0794517119 -0.0875821813
v -0.203767307 0.0807638781 -0.0875821813
v -0.168290221 0.594890022 -0.0875821813
v -0.161486397 0.593529257 -0.0806811592
v -0.161486397 0.593529257 -7.23932813E-06
v -0.195359723 0.358165526 -0.0875821813
v -0.188458701 0.357630939 -0.0806811592
v -0.188458701 0.357630939 -7.23932813E-06
v -0.196866285 0.0808124768 -0.0806811592
v -0.196866285 0.0808124768 -7.23932813E-06
v -0.220874065 1.09686648 -7.23932813E-06
v -0.26140542 1.07246991 0.161146206
v -0.26140542 1.07246991 -7.23932813E-06
v -0.220874065 1.09686648 0.161146206
v -0.181849272 1.09079164 -7.23932813E-06
v -0.181849272 1.09079164 0.161146206
v -0.146469384 1.03883958 -7.23932813E-06
v -0.146469384 1.03883958 0.161146206
v -0.145254415 0.961956358 -7.23932813E-06
v -0.145254415 0.961956358 0.161146206
v -0.189187682 0.892314353 -7.23932813E-06
v -0.189187682 0.892314353 0.160077033
v -0.237251843 0.818590054 -7.23932813E-06
v -0.237251843 0.818590054 0.161146206
v -0.293189001 0.732181482 -7.23932813E-06
v -0.293189001 0.732181482 0.161146206
v -0.387373373 0.696801594 -7.23932813E-06
v -0.387373373 0.696801594 0.161146206
v -0.506440302 0.709485867 -7.23932813E-06
v -0.506440302 0.709485867 0.161146206
v -0.564175614 0.758570602 -7.23932813E-06
v -0.564175614 0.758570602 0.161146206
v -0.590467536 0.830982735 -7.23932813E-06
v -0.590467536 0.830982735 0.161146206
v -0.624583856 0.798324377 -7.23932813E-06
v -0.624583856 0.798324377 0.161146206
v -0.677070503 0.7896738 -7.23932813E-06
v -0.677070503 0.7896738 0.161146206
v -0.745983526 0.807801132 -7.23932813E-06
v -0.745983526 0.807801132 0.161146206
v -0.742921805 0.730966513 -7.23932813E-06
v -0.742921805 0.730966513 0.161146206
v -0.78073163 0.660206738 -7.23932813E-06
v -0.78073163 0.660206738 0.161146206
v -0.858781218 0.611413596 -7.23932813E-06
v -0.858781218 0.611413596 0.161146206
v -0.949029091 0.615107101 -7.23932813E-06
v -0.949029091 0.615107101 0.161146206
v -1.02464874 0.66633018 -7.23932813E-06
v -1.02464874 0.66633018 0.161146206
v -1.10517686 0.693156688 -7.23932813E-06
v -1.10517686 0.693156688 0.161146206
v -1.1466316 0.755363084 -7.23932813E-06
v -1.1466316 0.755363084 0.161146206
v -1.15154007 0.838272547 -7.23932813E-06
v -1.15154007 0.838272547 0.161146206
v -1.12835847 0.906602385 -7.23932813E-06
v -1.12835847 0.906602385 0.161146206
v -1.0496285 0.968565787 -7.23932813E-06
v -1.0496285 0.968565787 0.161146206
v -0.975709803 0.97002375 -7.23932813E-06
v -0.975709803 0.97002375 0.161146206
v -0.951896417 1.02469734 -7.23932813E-06
v -0.951896417 1.02469734 0.161146206
v -0.892362952 1.06639506 -7.23932813E-06
v -0.892362952 1.06639506 0.161146206
v -0.790499978 1.08102329 -7.23932813E-06
v -0.790499978 1.08102329 0.161146206
v -0.673376998 1.07003997 -7.23932813E-06
v -0.673376998 1.07003997 0.161146206
v -0.609955633 1.04442843 -7.23932813E-06
v -0.609955633 1.04442843 0.161146206
v -0.574575746 1.00661861 -7.23932813E-06
v -0.574575746 1.00661861 0.161146206
v -0.563592429 1.05458557 -7.23932813E-06
v -0.563592429 1.05458557 0.161146206
v -0.507509475 1.11761814 -7.23932813E-06
v -0.507509475 1.11761814 0.161146206
v -0.445108684 1.15338682 -7.23932813E-06
v -0.445108684 1.15338682 0.161146206
v -0.387956557 1.15664294 -7.23932813E-06
v -0.387956557 1.15664294 0.161146206
v -0.321619268 1.15095688 -7.23932813E-06
v -0.321619268 1.15095688 0.161146206
v -0.277151414 1.1194649 -7.23932813E-06
v -0.277151414 1.1194649 0.161146206
v -0.26140542 1.07246991 -7.23932813E-06
v -0.26140542 1.07246991 0.161146206
v -0.220874065 1.09686648 -7.23932813E-06
v -0.26140542 1.07246991 -7.23932813E-06
v -0.26140542 1.07246991 -0.161160684
v -0.220874065 1.09686648 -0.161160684
v -0.181849272 1.09079164 -7.23932813E-06
v -0.181849272 1.09079164 -0.161160684
v -0.146469384 1.03883958 -7.23932813E-06
v -0.146469384 1.03883958 -0.161160684
v -0.145254415 0.961956358 -7.23932813E-06
v -0.145254415 0.961956358 -0.161160684
v -0.189187682 0.892314353 -7.23932813E-06
v -0.189187682 0.892314353 -0.160091512
v -0.237251843 0.818590054 -7.23932813E-06
v -0.237251843 0.818590054 -0.161160684
v -0.293189001 0.732181482 -7.23932813E-06
v -0.293189001 0.732181482 -0.161160684
v -0.387373373 0.696801594 -7.23932813E-06
v -0.387373373 0.696801594 -0.161160684
v -0.506440302 0.709485867 -7.23932813E-06
v -0.506440302 0.709485867 -0.161160684
v -0.564175614 0.758570602 -7.23932813E-06
v -0.564175614 0.758570602 -0.161160684
v -0.590467536 0.830982735 -7.23932813E-06
v -0.590467536 0.830982735 -0.161160684
v -0.624583856 0.798324377 -7.23932813E-06
v -0.624583856 0.798324377 -0.161160684
v -0.677070503 0.7896738 -7.23932813E-06
v -0.677070503 0.7896738 -0.161160684
v -0.745983526 0.807801132 -7.23932813E-06
v -0.745983526 0.807801132 -0.161160684
v -0.742921805 0.730966513 -7.23932813E-06
v -0.742921805 0.730966513 -0.161160684
v -0.78073163 0.660206738 -7.23932813E-06
v -0.78073163 0.660206738 -0.161160684
v -0.858781218 0.611413596 -7.23932813E-06
v -0.858781218 0.611413596 -0.161160684
v -0.949029091 0.615107101 -7.23932813E-06
v -0.949029091 0.615107101 -0.161160684
v -1.02464874 0.66633018 -7.23932813E-06
v -1.02464874 0.66633018 -0.161160684
v -1.10517686 0.693156688 -7.23932813E-06
v -1.10517686 0.693156688 -0.161160684
v -1.1466316 0.755363084 -7.23932813E-06
v -1.1466316 0.755363084 -0.161160684
v -1.15154007 0.838272547 -7.23932813E-06
v -1.15154007 0.838272547 -0.161160684
v -1.12835847 0.906602385 -7.23932813E-06
v -1.12835847 0.906602385 -0.161160684
v -1.0496285 0.968565787 -7.23932813E-06
v -1.0496285 0.968565787 -0.161160684
v -0.975709803 0.97002375 -7.23932813E-06
v -0.975709803 0.97002375 -0.161160684
v -0.951896417 1.02469734 -7.23932813E-06
v -0.951896417 1.02469734 -0.161160684
v -0.892362952 1.06639506 -7.23932813E-06
v -0.892362952 1.06639506 -0.161160684
v -0.790499978 1.08102329 -7.23932813E-06
v -0.790499978 1.08102329 -0.161160684
v -0.673376998 1.07003997 -7.23932813E-06
v -0.673376998 1.07003997 -0.161160684
v -0.609955633 1.04442843 -7.23932813E-06
v -0.609955633 1.04442843 -0.161160684
v -0.574575746 1.00661861 -7.23932813E-06
v -0.574575746 1.00661861 -0.161160684
v -0.563592429 1.05458557 -7.23932813E-06
v -0.563592429 1.05458557 -0.161160684
v -0.507509475 1.11761814 -7.23932813E-06
v -0.507509475 1.11761814 -0.161160684
v -0.445108684 1.15338682 -7.23932813E-06
v -0.445108684 1.15338682 -0.161160684
v -0.387956557 1.15664294 -7.23932813E-06
v -0.387956557 1.15664294 -0.161160684
v -0.321619268 1.15095688 -7.23932813E-06
v -0.321619268 1.15095688 -0.161160684
v -0.277151414 1.1194649 -7.23932813E-06
v -0.277151414 1.1194649 -0.161160684
v -0.26140542 1.07246991 -7.23932813E-06
v -0.26140542 1.07246991 -0.161160684
v 0.220888544 1.09686648 -7.23932813E-06
v 0.261419899 1.07246991 -7.23932813E-06
v 0.261419899 1.07246991 0.161146206
v 0.220888544 1.09686648 0.161146206
v 0.18186375 1.09079164 -7.23932813E-06
v 0.18186375 1.09079164 0.161146206
v 0.146483863 1.03883958 -7.23932813E-06
v 0.146483863 1.03883958 0.161146206
v 0.145268894 0.961956358 -7.23932813E-06
v 0.145268894 0.961956358 0.161146206
v 0.189202161 0.892314353 -7.23932813E-06
v 0.189202161 0.892314353 0.160077033
v 0.237266322 0.818590054 -7.23932813E-06
v 0.237266322 0.818590054 0.161146206
v 0.29320348 0.732181482 -7.23932813E-06
v 0.29320348 0.732181482 0.161146206
v 0.387387851 0.696801594 -7.23932813E-06
v 0.387387851 0.696801594 0.161146206
v 0.506406182 0.709485867 -7.23932813E-06
v 0.506406182 0.709485867 0.161146206
v 0.564190093 0.758570602 -7.23932813E-06
v 0.564190093 0.758570602 0.161146206
v 0.590433416 0.830982735 -7.23932813E-06
v 0.590433416 0.830982735 0.161146206
v 0.624598335 0.798324377 -7.23932813E-06
v 0.624598335 0.798324377 0.161146206
v 0.677036383 0.7896738 -7.23932813E-06
v 0.677036383 0.7896738 0.161146206
v 0.745949406 0.807801132 -7.23932813E-06
v 0.745949406 0.807801132 0.161146206
v 0.742936284 0.730966513 -7.23932813E-06
v 0.742936284 0.730966513 0.161146206
v 0.780746109 0.660206738 -7.23932813E-06
v 0.780746109 0.660206738 0.161146206
v 0.858795696 0.611413596 -7.23932813E-06
v 0.858795696 0.611413596 0.161146206
v 0.949043569 0.615107101 -7.23932813E-06
v 0.949043569 0.615107101 0.161146206
v 1.02466322 0.66633018 -7.23932813E-06
v 1.02466322 0.66633018 0.161146206
v 1.10519134 0.693156688 -7.23932813E-06
v 1.10519134 0.693156688 0.161146206
v 1.14664607 0.755363084 -7.23932813E-06
v 1.14664607 0.755363084 0.161146206
v 1.15150595 0.838272547 -7.23932813E-06
v 1.15150595 0.838272547 0.161146206
v 1.12832435 0.906602385 -7.23932813E-06
v 1.12832435 0.906602385 0.161146206
v 1.04959438 0.968565787 -7.23932813E-06
v 1.04959438 0.968565787 0.161146206
v 0.975675683 0.97002375 -7.23932813E-06
v 0.975675683 0.97002375 0.161146206
v 0.951862297 1.02469734 -7.23932813E-06
v 0.951862297 1.02469734 0.161146206
v 0.892377431 1.06639506 -7.23932813E-06
v 0.892377431 1.06639506 0.161146206
v 0.790465858 1.08102329 -7.23932813E-06
v 0.790465858 1.08102329 0.161146206
v 0.673391477 1.07003997 -7.23932813E-06
v 0.673391477 1.07003997 0.161146206
v 0.609970112 1.04442843 -7.23932813E-06
v 0.609970112 1.04442843 0.161146206
v 0.574590224 1.00661861 -7.23932813E-06
v 0.574590224 1.00661861 0.161146206
v 0.563606908 1.05458557 -7.23932813E-06
v 0.563606908 1.05458557 0.161146206
v 0.507523954 1.11761814 -7.23932813E-06
v 0.507523954 1.11761814 0.161146206
v 0.445074564 1.15338682 -7.23932813E-06
v 0.445074564 1.15338682 0.161146206
v 0.387971036 1.15664294 -7.23932813E-06
v 0.387971036 1.15664294 0.161146206
v 0.321633747 1.15095688 -7.23932813E-06
v 0.321633747 1.15095688 0.161146206
v 0.277165893 1.1194649 -7.23932813E-06
v 0.277165893 1.1194649 0.161146206
v 0.261419899 1.07246991 -7.23932813E-06
v 0.261419899 1.07246991 0.161146206
v 0.220888544 1.09686648 -7.23932813E-06
v 0.261419899 1.07246991 -0.161160684
v 0.261419899 1.07246991 -7.23932813E-06
v 0.220888544 1.09686648 -0.161160684
v 0.18186375 1.09079164 -7.23932813E-06
v 0.18186375 1.09079164 -0.161160684
v 0.146483863 1.03883958 -7.23932813E-06
v 0.146483863 1.03883958 -0.161160684
v 0.145268894 0.961956358 -7.23932813E-06
v 0.145268894 0.961956358 -0.161160684
v 0.189202161 0.892314353 -7.23932813E-06
v 0.189202161 0.892314353 -0.160091512
v 0.237266322 0.818590054 -7.23932813E-06
v 0.237266322 0.818590054 -0.161160684
v 0.29320348 0.732181482 -7.23932813E-06
v 0.29320348 0.732181482 -0.161160684
v 0.387387851 0.696801594 -7.23932813E-06
v 0.387387851 0.696801594 -0.161160684
v 0.506406182 0.709485867 -7.23932813E-06
v 0.506406182 0.709485867 -0.161160684
v 0.564190093 0.758570602 -7.23932813E-06
v 0.564190093 0.758570602 -0.161160684
v 0.590433416 0.830982735 -7.23932813E-06
v 0.590433416 0.830982735 -0.161160684
v 0.624598335 0.798324377 -7.23932813E-06
v 0.624598335 0.798324377 -0.161160684
v 0.677036383 0.7896738 -7.23932813E-06
v 0.677036383 0.7896738 -0.161160684
v 0.745949406 0.807801132 -7.23932813E-06
v 0.745949406 0.807801132 -0.161160684
v 0.742936284 0.730966513 -7.23932813E-06
v 0.742936284 0.730966513 -0.161160684
v 0.780746109 0.660206738 -7.23932813E-06
v 0.780746109 0.660206738 -0.161160684
v 0.858795696 0.611413596 -7.23932813E-06
v 0.858795696 0.611413596 -0.161160684
v 0.949043569 0.615107101 -7.23932813E-06
v 0.949043569 0.615107101 -0.161160684
v 1.02466322 0.66633018 -7.23932813E-06
v 1.02466322 0.66633018 -0.161160684
v 1.10519134 0.693156688 -7.23932813E-06
v 1.10519134 0.693156688 -0.161160684
v 1.14664607 0.755363084 -7.23932813E-06
v 1.14664607 0.755363084 -0.161160684
v 1.15150595 0.838272547 -7.23932813E-06
v 1.15150595 0.838272547 -0.161160684
v 1.12832435 0.906602385 -7.23932813E-06
v 1.12832435 0.906602385 -0.161160684
v 1.04959438 0.968565787 -7.23932813E-06
v 1.04959438 0.968565787 -0.161160684
v 0.975675683 0.97002375 -7.23932813E-06
v 0.975675683 0.97002375 -0.161160684
v 0.951862297 1.02469734 -7.23932813E-06
v 0.951862297 1.02469734 -0.161160684
v 0.892377431 1.06639506 -7.23932813E-06
v 0.892377431 1.06639506 -0.161160684
v 0.790465858 1.08102329 -7.23932813E-06
v 0.790465858 1.08102329 -0.161160684
v 0.673391477 1.07003997 -7.23932813E-06
v 0.673391477 1.07003997 -0.161160684
v 0.609970112 1.04442843 -7.23932813E-06
v 0.609970112 1.04442843 -0.161160684
v 0.574590224 1.00661861 -7.23932813E-06
v 0.574590224 1.00661861 -0.161160684
v 0.563606908 1.05458557 -7.23932813E-06
v 0.563606908 1.05458557 -0.161160684
v 0.507523954 1.11761814 -7.23932813E-06
v 0.507523954 1.11761814 -0.161160684
v 0.445074564 1.15338682 -7.23932813E-06
v 0.445074564 1.15338682 -0.161160684
v 0.387971036 1.15664294 -7.23932813E-06
v 0.387971036 1.15664294 -0.161160684
v 0.321633747 1.15095688 -7.23932813E-06
v 0.321633747 1.15095688 -0.161160684
v 0.277165893 1.1194649 -7.23932813E-06
v 0.277165893 1.1194649 -0.161160684
v 0.261419899 1.07246991 -7.23932813E-06
v 0.261419899 1.07246991 -0.161160684
v -0.178107168 0.335810102 -7.23932813E-06
v -0.187292331 0.103994079 0.0204528331
v -0.187292331 0.103994079 -7.23932813E-06
v -0.178107168 0.335810102 0.0204528331
v -0.151523654 0.505176735 -7.23932813E-06
v -0.171011751 0.33512972 0.0275968489
v -0.180148316 0.103994079 0.0275968489
v 7.23932813E-06 0.103994079 0.0275968489
v -0.144525434 0.503572976 0.0275968489
v -0.103508092 0.636636346 0.0275968489
v -0.151523654 0.505176735 0.0204528331
v -0.110068922 0.639600869 -7.23932813E-06
v -0.110068922 0.639600869 0.0204528331
v -0.0578738683 0.725863645 -7.23932813E-06
v -0.0528195986 0.720469184 0.0275968489
v -0.0578738683 0.725863645 0.0204528331
v 7.23932813E-06 0.755606078 -7.23932813E-06
v 7.23932813E-06 0.747587285 0.0275968489
v 7.23932813E-06 0.755606078 0.0204528331
v 0.0578883469 0.725863645 -7.23932813E-06
v 0.0528340772 0.720469184 0.0275968489
v 0.0578883469 0.725863645 0.0204528331
v 0.110083401 0.639600869 -7.23932813E-06
v 0.10352257 0.636636346 0.0275968489
v 0.110083401 0.639600869 0.0204528331
v 0.151538132 0.505176735 -7.23932813E-06
v 0.144539913 0.503572976 0.0275968489
v 0.151538132 0.505176735 0.0204528331
v 0.178121647 0.335810102 -7.23932813E-06
v 0.170977631 0.33512972 0.0275968489
v 0.180162794 0.103994079 0.0275968489
v 0.178121647 0.335810102 0.0204528331
v 0.18730681 0.103994079 -7.23932813E-06
v 0.18730681 0.103994079 0.0204528331
v -0.178107168 0.335810102 -7.23932813E-06
v -0.187292331 0.103994079 -7.23932813E-06
v -0.187292331 0.103994079 -0.020418713
v -0.178107168 0.335810102 -0.020418713
v -0.151523654 0.505176735 -7.23932813E-06
v -0.171011751 0.33512972 -0.0275627288
v -0.180148316 0.103994079 -0.0275627288
v 7.23932813E-06 0.103994079 -0.0275627288
v -0.144525434 0.503572976 -0.0275627288
v -0.103508092 0.636636346 -0.0275627288
v -0.151523654 0.505176735 -0.020418713
v -0.110068922 0.639600869 -7.23932813E-06
v -0.110068922 0.639600869 -0.020418713
v -0.0578738683 0.725863645 -7.23932813E-06
v -0.0528195986 0.720469184 -0.0275627288
v -0.0578738683 0.725863645 -0.020418713
v 7.23932813E-06 0.755606078 -7.23932813E-06
v 7.23932813E-06 0.747587285 -0.0275627288
v 7.23932813E-06 0.755606078 -0.020418713
v 0.0578883469 0.725863645 -7.23932813E-06
v 0.0528340772 0.720469184 -0.0275627288
v 0.0578883469 0.725863645 -0.020418713
v 0.110083401 0.639600869 -7.23932813E-06
v 0.10352257 0.636636346 -0.0275627288
v 0.110083401 0.639600869 -0.020418713
v 0.151538132 0.505176735 -7.23932813E-06
v 0.144539913 0.503572976 -0.0275627288
v 0.151538132 0.505176735 -0.020418713
v 0.178121647 0.335810102 -7.23932813E-06
v 0.170977631 0.33512972 -0.0275627288
v 0.180162794 0.103994079 -0.0275627288
v 0.178121647 0.335810102 -0.020418713
v 0.18730681 0.103994079 -7.23932813E-06
v 0.18730681 0.103994079 -0.020418713
v -0.431355238 0.552852106 -7.23932813E-06
v -0.431355238 0.552852106 0.140491738
v -0.463527609 0.566848545 0.140491738
v -0.463527609 0.566848545 -7.23932813E-06
v -0.526171394 0.558829752 0.140491738
v -0.526171394 0.558829752 -7.23932813E-06
v -0.556642808 0.514945083 0.140491738
v -0.556642808 0.514945083 -7.23932813E-06
v -0.564904595 0.468776274 0.140491738
v -0.564904595 0.468776274 -7.23932813E-06
v -0.560773702 0.432521608 0.140491738
v -0.560773702 0.432521608 -7.23932813E-06
v -0.594598429 0.462166844 0.140491738
v -0.594598429 0.462166844 -7.23932813E-06
v -0.636636346 0.479467998 0.140491738
v -0.636636346 0.479467998 -7.23932813E-06
v -0.692670701 0.476989462 0.140491738
v -0.692670701 0.476989462 -7.23932813E-06
v -0.742095626 0.460514487 0.140491738
v -0.742095626 0.460514487 -7.23932813E-06
v -0.768484746 0.500900045 0.140491738
v -0.768484746 0.500900045 -7.23932813E-06
v -0.819027443 0.545416498 0.140491738
v -0.819027443 0.545416498 -7.23932813E-06
v -0.888280657 0.570979438 0.140491738
v -0.888280657 0.570979438 -7.23932813E-06
v -0.961032981 0.571805617 0.140491738
v -0.961032981 0.571805617 -7.23932813E-06
v -1.03621524 0.539001463 0.140491738
v -1.03621524 0.539001463 -7.23932813E-06
v -1.07212972 0.479467998 0.140491738
v -1.07212972 0.479467998 -7.23932813E-06
v -1.07013717 0.41191574 0.140491738
v -1.07013717 0.41191574 -7.23932813E-06
v -1.00938873 0.352868262 0.140491738
v -1.00938873 0.352868262 -7.23932813E-06
v -0.955589922 0.344363481 0.140491738
v -0.955589922 0.344363481 -7.23932813E-06
v -0.931533542 0.310830346 0.140491738
v -0.931533542 0.310830346 -7.23932813E-06
v -0.890467601 0.282886067 0.140491738
v -0.890467601 0.282886067 -7.23932813E-06
v -0.84045949 0.274672878 0.140491738
v -0.84045949 0.274672878 -7.23932813E-06
v -0.78928501 0.284344029 0.140491738
v -0.78928501 0.284344029 -7.23932813E-06
v -0.765180031 0.290710465 0.140491738
v -0.765180031 0.290710465 -7.23932813E-06
v -0.717796253 0.248332358 0.140491738
v -0.717796253 0.248332358 -7.23932813E-06
v -0.651264568 0.225393749 0.140491738
v -0.651264568 0.225393749 -7.23932813E-06
v -0.583615113 0.227240501 0.140491738
v -0.583615113 0.227240501 -7.23932813E-06
v -0.52864993 0.233072351 0.140491738
v -0.52864993 0.233072351 -7.23932813E-06
v -0.452301298 0.256982934 0.140491738
v -0.452301298 0.256982934 -7.23932813E-06
v -0.393448216 0.308060218 0.140491738
v -0.393448216 0.308060218 -7.23932813E-06
v -0.367885275 0.352528071 0.140491738
v -0.367885275 0.352528071 -7.23932813E-06
v -0.367253491 0.434173966 0.140491738
v -0.367253491 0.434173966 -7.23932813E-06
v -0.385235028 0.511640368 0.140491738
v -0.385235028 0.511640368 -7.23932813E-06
v -0.431355238 0.552852106 0.140491738
v -0.431355238 0.552852106 -7.23932813E-06
v -0.431355238 0.552852106 -7.23932813E-06
v -0.463527609 0.566848545 -0.140506217
v -0.431355238 0.552852106 -0.140506217
v -0.463527609 0.566848545 -7.23932813E-06
v -0.526171394 0.558829752 -0.140506217
v -0.526171394 0.558829752 -7.23932813E-06
v -0.556642808 0.514945083 -0.140506217
v -0.556642808 0.514945083 -7.23932813E-06
v -0.564904595 0.468776274 -0.140506217
v -0.564904595 0.468776274 -7.23932813E-06
v -0.560773702 0.432521608 -0.140506217
v -0.560773702 0.432521608 -7.23932813E-06
v -0.594598429 0.462166844 -0.140506217
v -0.594598429 0.462166844 -7.23932813E-06
v -0.636636346 0.479467998 -0.140506217
v -0.636636346 0.479467998 -7.23932813E-06
v -0.692670701 0.476989462 -0.140506217
v -0.692670701 0.476989462 -7.23932813E-06
v -0.742095626 0.460514487 -0.140506217
v -0.742095626 0.460514487 -7.23932813E-06
v -0.768484746 0.500900045 -0.140506217
v -0.768484746 0.500900045 -7.23932813E-06
v -0.819027443 0.545416498 -0.140506217
v -0.819027443 0.545416498 -7.23932813E-06
v -0.888280657 0.570979438 -0.140506217
v -0.888280657 0.570979438 -7.23932813E-06
v -0.961032981 0.571805617 -0.140506217
v -0.961032981 0.571805617 -7.23932813E-06
v -1.03621524 0.539001463 -0.140506217
v -1.03621524 0.539001463 -7.23932813E-06
v -1.07212972 0.479467998 -0.140506217
v -1.07212972 0.479467998 -7.23932813E-06
v -1.07013717 0.41191574 -0.140506217
v -1.07013717 0.41191574 -7.23932813E-06
v -1.00938873 0.352868262 -0.140506217
v -1.00938873 0.352868262 -7.23932813E-06
v -0.955589922 0.344363481 -0.140506217
v -0.955589922 0.344363481 -7.23932813E-06
v -0.931533542 0.310830346 -0.140506217
v -0.931533542 0.310830346 -7.23932813E-06
v -0.890467601 0.282886067 -0.140506217
v -0.890467601 0.282886067 -7.23932813E-06
v -0.84045949 0.274672878 -0.140506217
v -0.84045949 0.274672878 -7.23932813E-06
v -0.78928501 0.284344029 -0.140506217
v -0.78928501 0.284344029 -7.23932813E-06
v -0.765180031 0.290710465 -0.140506217
v -0.765180031 0.290710465 -7.23932813E-06
v -0.717796253 0.248332358 -0.140506217
v -0.717796253 0.248332358 -7.23932813E-06
v -0.651264568 0.225393749 -0.140506217
v -0.651264568 0.225393749 -7.23932813E-06
v -0.583615113 0.227240501 -0.140506217
v -0.583615113 0.227240501 -7.23932813E-06
v -0.52864993 0.233072351 -0.140506217
v -0.52864993 0.233072351 -7.23932813E-06
v -0.452301298 0.256982934 -0.140506217
v -0.452301298 0.256982934 -7.23932813E-06
v -0.393448216 0.308060218 -0.140506217
v -0.393448216 0.308060218 -7.23932813E-06
v -0.367885275 0.352528071 -0.140506217
v -0.367885275 0.352528071 -7.23932813E-06
v -0.367253491 0.434173966 -0.140506217
v -0.367253491 0.434173966 -7.23932813E-06
v -0.385235028 0.511640368 -0.140506217
v -0.385235028 0.511640368 -7.23932813E-06
v -0.431355238 0.552852106 -0.140506217
v -0.431355238 0.552852106 -7.23932813E-06
v 0.431369717 0.552852106 -7.23932813E-06
v 0.463542088 0.566848545 0.140491738
v 0.431369717 0.552852106 0.140491738
v 0.463542088 0.566848545 -7.23932813E-06
v 0.526185872 0.558829752 0.140491738
v 0.526185872 0.558829752 -7.23932813E-06
v 0.556657287 0.514945083 0.140491738
v 0.556657287 0.514945083 -7.23932813E-06
v 0.564919074 0.468776274 0.140491738
v 0.564919074 0.468776274 -7.23932813E-06
v 0.56078818 0.432521608 0.140491738
v 0.56078818 0.432521608 -7.23932813E-06
v 0.594564309 0.462166844 0.140491738
v 0.594564309 0.462166844 -7.23932813E-06
v 0.636602225 0.479467998 0.140491738
v 0.636602225 0.479467998 -7.23932813E-06
v 0.692685179 0.476989462 0.140491738
v 0.692685179 0.476989462 -7.23932813E-06
v 0.742110105 0.460514487 0.140491738
v 0.742110105 0.460514487 -7.23932813E-06
v 0.768499225 0.500900045 0.140491738
v 0.768499225 0.500900045 -7.23932813E-06
v 0.818993323 0.545416498 0.140491738
v 0.818993323 0.545416498 -7.23932813E-06
v 0.888295136 0.570979438 0.140491738
v 0.888295136 0.570979438 -7.23932813E-06
v 0.960998861 0.571805617 0.140491738
v 0.960998861 0.571805617 -7.23932813E-06
v 1.03622972 0.539001463 0.140491738
v 1.03622972 0.539001463 -7.23932813E-06
v 1.0721442 0.479467998 0.140491738
v 1.0721442 0.479467998 -7.23932813E-06
v 1.07015165 0.41191574 0.140491738
v 1.07015165 0.41191574 -7.23932813E-06
v 1.00940321 0.352868262 0.140491738
v 1.00940321 0.352868262 -7.23932813E-06
v 0.9556044 0.344363481 0.140491738
v 0.9556044 0.344363481 -7.23932813E-06
v 0.931548021 0.310830346 0.140491738
v 0.931548021 0.310830346 -7.23932813E-06
v 0.890482079 0.282886067 0.140491738
v 0.890482079 0.282886067 -7.23932813E-06
v 0.84042537 0.274672878 0.140491738
v 0.84042537 0.274672878 -7.23932813E-06
v 0.789299488 0.284344029 0.140491738
v 0.789299488 0.284344029 -7.23932813E-06
v 0.76519451 0.290710465 0.140491738
v 0.76519451 0.290710465 -7.23932813E-06
v 0.717810732 0.248332358 0.140491738
v 0.717810732 0.248332358 -7.23932813E-06
v 0.651279047 0.225393749 0.140491738
v 0.651279047 0.225393749 -7.23932813E-06
v 0.583580993 0.227240501 0.140491738
v 0.583580993 0.227240501 -7.23932813E-06
v 0.52861581 0.233072351 0.140491738
v 0.52861581 0.233072351 -7.23932813E-06
v 0.452315777 0.256982934 0.140491738
v 0.452315777 0.256982934 -7.23932813E-06
v 0.393462695 0.308060218 0.140491738
v 0.393462695 0.308060218 -7.23932813E-06
v 0.367899754 0.352528071 0.140491738
v 0.367899754 0.352528071 -7.23932813E-06
v 0.36726797 0.434173966 0.140491738
v 0.36726797 0.434173966 -7.23932813E-06
v 0.385200908 0.511640368 0.140491738
v 0.385200908 0.511640368 -7.23932813E-06
v 0.431369717 0.552852106 0.140491738
v 0.431369717 0.552852106 -7.23932813E-06
v 0.431369717 0.552852106 -7.23932813E-06
v 0.431369717 0.552852106 -0.140506217
v 0.463542088 0.566848545 -0.140506217
v 0.463542088 0.566848545 -7.23932813E-06
v 0.526185872 0.558829752 -0.140506217
v 0.526185872 0.558829752 -7.23932813E-06
v 0.556657287 0.514945083 -0.140506217
v 0.556657287 0.514945083 -7.23932813E-06
v 0.564919074 0.468776274 -0.140506217
v 0.564919074 0.468776274 -7.23932813E-06
v 0.56078818 0.432521608 -0.140506217
v 0.56078818 0.432521608 -7.23932813E-06
v 0.594564309 0.462166844 -0.140506217
v 0.594564309 0.462166844 -7.23932813E-06
v 0.636602225 0.479467998 -0.140506217
v 0.636602225 0.479467998 -7.23932813E-06
v 0.692685179 0.476989462 -0.140506217
v 0.692685179 0.476989462 -7.23932813E-06
v 0.742110105 0.460514487 -0.140506217
v 0.742110105 0.460514487 -7.23932813E-06
v 0.768499225 0.500900045 -0.140506217
v 0.768499225 0.500900045 -7.23932813E-06
v 0.818993323 0.545416498 -0.140506217
v 0.818993323 0.545416498 -7.23932813E-06
v 0.888295136 0.570979438 -0.140506217
v 0.888295136 0.570979438 -7.23932813E-06
v 0.960998861 0.571805617 -0.140506217
v 0.960998861 0.571805617 -7.23932813E-06
v 1.03622972 0.539001463 -0.140506217
v 1.03622972 0.539001463 -7.23932813E-06
v 1.0721442 0.479467998 -0.140506217
v 1.0721442 0.479467998 -7.23932813E-06
v 1.07015165 0.41191574 -0.140506217
v 1.07015165 0.41191574 -7.23932813E-06
v 1.00940321 0.352868262 -0.140506217
v 1.00940321 0.352868262 -7.23932813E-06
v 0.9556044 0.344363481 -0.140506217
v 0.9556044 0.344363481 -7.23932813E-06
v 0.931548021 0.310830346 -0.140506217
v 0.931548021 0.310830346 -7.23932813E-06
v 0.890482079 0.282886067 -0.140506217
v 0.890482079 0.282886067 -7.23932813E-06
v 0.84042537 0.274672878 -0.140506217
v 0.84042537 0.274672878 -7.23932813E-06
v 0.789299488 0.284344029 -0.140506217
v 0.789299488 0.284344029 -7.23932813E-06
v 0.76519451 0.290710465 -0.140506217
v 0.76519451 0.290710465 -7.23932813E-06
v 0.717810732 0.248332358 -0.140506217
v 0.717810732 0.248332358 -7.23932813E-06
v 0.651279047 0.225393749 -0.140506217
v 0.651279047 0.225393749 -7.23932813E-06
v 0.583580993 0.227240501 -0.140506217
v 0.583580993 0.227240501 -7.23932813E-06
v 0.52861581 0.233072351 -0.140506217
v 0.52861581 0.233072351 -7.23932813E-06
v 0.452315777 0.256982934 -0.140506217
v 0.452315777 0.256982934 -7.23932813E-06
v 0.393462695 0.308060218 -0.140506217
v 0.393462695 0.308060218 -7.23932813E-06
v 0.367899754 0.352528071 -0.140506217
v 0.367899754 0.352528071 -7.23932813E-06
v 0.36726797 0.434173966 -0.140506217
v 0.36726797 0.434173966 -7.23932813E-06
v 0.385200908 0.511640368 -0.140506217
v 0.385200908 0.511640368 -7.23932813E-06
v 0.431369717 0.552852106 -0.140506217
v 0.431369717 0.552852106 -7.23932813E-06
v -0.23078821 0.603394803 -7.23932813E-06
v -0.23078821 0.603394803 0.118233512
v -0.253386627 0.577686066 0.118233512
v -0.253386627 0.577686066 -7.23932813E-06
v -0.270298991 0.608886461 0.118233512
v -0.270298991 0.608886461 -7.23932813E-06
v -0.295084352 0.623368888 0.118233512
v -0.295084352 0.623368888 -7.23932813E-06
v -0.328325895 0.623709079 0.118233512
v -0.328325895 0.623709079 -7.23932813E-06
v -0.355832786 0.602179834 0.118233512
v -0.355832786 0.602179834 -7.23932813E-06
v -0.369926422 0.567140137 0.118233512
v -0.369926422 0.567140137 -7.23932813E-06
v -0.412401727 0.577345874 0.118233512
v -0.412401727 0.577345874 -7.23932813E-06
v -0.464062195 0.560530708 0.118233512
v -0.464062195 0.560530708 -7.23932813E-06
v -0.488118575 0.513244127 0.118233512
v -0.488118575 0.513244127 -7.23932813E-06
v -0.493221443 0.434659953 0.118233512
v -0.493221443 0.434659953 -7.23932813E-06
v -0.460611684 0.37352273 0.118233512
v -0.460611684 0.37352273 -7.23932813E-06
v -0.410603574 0.361178648 0.118233512
v -0.410603574 0.361178648 -7.23932813E-06
v -0.362588012 0.373085341 0.118233512
v -0.362588012 0.373085341 -7.23932813E-06
v -0.344266284 0.392427642 0.118233512
v -0.344266284 0.392427642 -7.23932813E-06
v -0.320064108 0.37430031 0.118233512
v -0.320064108 0.37430031 -7.23932813E-06
v -0.279484154 0.36224782 0.118233512
v -0.279484154 0.36224782 -7.23932813E-06
v -0.271659756 0.333088572 0.118233512
v -0.271659756 0.333088572 -7.23932813E-06
v -0.237737831 0.329881055 0.118233512
v -0.237737831 0.329881055 -7.23932813E-06
v -0.207752404 0.355346798 0.118233512
v -0.207752404 0.355346798 -7.23932813E-06
v -0.191957811 0.327645513 0.118233512
v -0.191957811 0.327645513 -7.23932813E-06
v -0.15244703 0.311948117 0.118233512
v -0.15244703 0.311948117 -7.23932813E-06
v -0.110700706 0.307234039 0.118233512
v -0.110700706 0.307234039 -7.23932813E-06
v -0.0578252695 0.318265954 0.118233512
v -0.0578252695 0.318265954 -7.23932813E-06
v -0.0239033442 0.359331896 0.118233512
v -0.0239033442 0.359331896 -7.23932813E-06
v -0.0137948048 0.407007266 0.118233512
v -0.0137948048 0.407007266 -7.23932813E-06
v -0.0239033442 0.450891935 0.118233512
v -0.0239033442 0.450891935 -7.23932813E-06
v -0.0582626582 0.476989462 0.118233512
v -0.0582626582 0.476989462 -7.23932813E-06
v -0.0911640099 0.479953985 0.118233512
v -0.0911640099 0.479953985 -7.23932813E-06
v -0.0725992886 0.504010365 0.118233512
v -0.0725992886 0.504010365 -7.23932813E-06
v -0.0735712635 0.558586758 0.118233512
v -0.0735712635 0.558586758 -7.23932813E-06
v -0.106472615 0.591731103 0.118233512
v -0.106472615 0.591731103 -7.23932813E-06
v -0.150746074 0.601207859 0.118233512
v -0.150746074 0.601207859 -7.23932813E-06
v -0.18811851 0.594209639 0.118233512
v -0.18811851 0.594209639 -7.23932813E-06
v -0.207217818 0.606310727 0.118233512
v -0.207217818 0.606310727 -7.23932813E-06
v -0.23078821 0.603394803 0.118233512
v -0.23078821 0.603394803 -7.23932813E-06
v -0.23078821 0.603394803 -7.23932813E-06
v -0.253386627 0.577686066 -0.118247991
v -0.23078821 0.603394803 -0.118247991
v -0.253386627 0.577686066 -7.23932813E-06
v -0.270298991 0.608886461 -0.118247991
v -0.270298991 0.608886461 -7.23932813E-06
v -0.295084352 0.623368888 -0.118247991
v -0.295084352 0.623368888 -7.23932813E-06
v -0.328325895 0.623709079 -0.118247991
v -0.328325895 0.623709079 -7.23932813E-06
v -0.355832786 0.602179834 -0.118247991
v -0.355832786 0.602179834 -7.23932813E-06
v -0.369926422 0.567140137 -0.118247991
v -0.369926422 0.567140137 -7.23932813E-06
v -0.412401727 0.577345874 -0.118247991
v -0.412401727 0.577345874 -7.23932813E-06
v -0.464062195 0.560530708 -0.118247991
v -0.464062195 0.560530708 -7.23932813E-06
v -0.488118575 0.513244127 -0.118247991
v -0.488118575 0.513244127 -7.23932813E-06
v -0.493221443 0.434659953 -0.118247991
v -0.493221443 0.434659953 -7.23932813E-06
v -0.460611684 0.37352273 -0.118247991
v -0.460611684 0.37352273 -7.23932813E-06
v -0.410603574 0.361178648 -0.118247991
v -0.410603574 0.361178648 -7.23932813E-06
v -0.362588012 0.373085341 -0.118247991
v -0.362588012 0.373085341 -7.23932813E-06
v -0.344266284 0.392427642 -0.118247991
v -0.344266284 0.392427642 -7.23932813E-06
v -0.320064108 0.37430031 -0.118247991
v -0.320064108 0.37430031 -7.23932813E-06
v -0.279484154 0.36224782 -0.118247991
v -0.279484154 0.36224782 -7.23932813E-06
v -0.271659756 0.333088572 -0.118247991
v -0.271659756 0.333088572 -7.23932813E-06
v -0.237737831 0.329881055 -0.118247991
v -0.237737831 0.329881055 -7.23932813E-06
v -0.207752404 0.355346798 -0.118247991
v -0.207752404 0.355346798 -7.23932813E-06
v -0.191957811 0.327645513 -0.118247991
v -0.191957811 0.327645513 -7.23932813E-06
v -0.15244703 0.311948117 -0.118247991
v -0.15244703 0.311948117 -7.23932813E-06
v -0.110700706 0.307234039 -0.118247991
v -0.110700706 0.307234039 -7.23932813E-06
v -0.0578252695 0.318265954 -0.118247991
v -0.0578252695 0.318265954 -7.23932813E-06
v -0.0239033442 0.359331896 -0.118247991
v -0.0239033442 0.359331896 -7.23932813E-06
v -0.0137948048 0.407007266 -0.118247991
v -0.0137948048 0.407007266 -7.23932813E-06
v -0.0239033442 0.450891935 -0.118247991
v -0.0239033442 0.450891935 -7.23932813E-06
v -0.0582626582 0.476989462 -0.118247991
v -0.0582626582 0.476989462 -7.23932813E-06
v -0.0911640099 0.479953985 -0.118247991
v -0.0911640099 0.479953985 -7.23932813E-06
v -0.0725992886 0.504010365 -0.118247991
v -0.0725992886 0.504010365 -7.23932813E-06
v -0.0735712635 0.558586758 -0.118247991
v -0.0735712635 0.558586758 -7.23932813E-06
v -0.106472615 0.591731103 -0.118247991
v -0.106472615 0.591731103 -7.23932813E-06
v -0.150746074 0.601207859 -0.118247991
v -0.150746074 0.601207859 -7.23932813E-06
v -0.18811851 0.594209639 -0.118247991
v -0.18811851 0.594209639 -7.23932813E-06
v -0.207217818 0.606310727 -0.118247991
v -0.207217818 0.606310727 -7.23932813E-06
v -0.23078821 0.603394803 -0.118247991
v -0.23078821 0.603394803 -7.23932813E-06
v 0.230802689 0.603394803 -7.23932813E-06
v 0.253352507 0.577686066 0.118233512
v 0.230802689 0.603394803 0.118233512
v 0.253352507 0.577686066 -7.23932813E-06
v 0.270264871 0.608886461 0.118233512
v 0.270264871 0.608886461 -7.23932813E-06
v 0.295098831 0.623368888 0.118233512
v 0.295098831 0.623368888 -7.23932813E-06
v 0.328291775 0.623709079 0.118233512
v 0.328291775 0.623709079 -7.23932813E-06
v 0.355798666 0.602179834 0.118233512
v 0.355798666 0.602179834 -7.23932813E-06
v 0.369940901 0.567140137 0.118233512
v 0.369940901 0.567140137 -7.23932813E-06
v 0.412367607 0.577345874 0.118233512
v 0.412367607 0.577345874 -7.23932813E-06
v 0.464076674 0.560530708 0.118233512
v 0.464076674 0.560530708 -7.23932813E-06
v 0.488133054 0.513244127 0.118233512
v 0.488133054 0.513244127 -7.23932813E-06
v 0.493235922 0.434659953 0.118233512
v 0.493235922 0.434659953 -7.23932813E-06
v 0.460626163 0.37352273 0.118233512
v 0.460626163 0.37352273 -7.23932813E-06
v 0.410618052 0.361178648 0.118233512
v 0.410618052 0.361178648 -7.23932813E-06
v 0.36260249 0.373085341 0.118233512
v 0.36260249 0.373085341 -7.23932813E-06
v 0.344280763 0.392427642 0.118233512
v 0.344280763 0.392427642 -7.23932813E-06
v 0.320078587 0.37430031 0.118233512
v 0.320078587 0.37430031 -7.23932813E-06
v 0.279498633 0.36224782 0.118233512
v 0.279498633 0.36224782 -7.23932813E-06
v 0.271674235 0.333088572 0.118233512
v 0.271674235 0.333088572 -7.23932813E-06
v 0.237752309 0.329881055 0.118233512
v 0.237752309 0.329881055 -7.23932813E-06
v 0.207766882 0.355346798 0.118233512
v 0.207766882 0.355346798 -7.23932813E-06
v 0.19197229 0.327645513 0.118233512
v 0.19197229 0.327645513 -7.23932813E-06
v 0.152461508 0.311948117 0.118233512
v 0.152461508 0.311948117 -7.23932813E-06
v 0.110715185 0.307234039 0.118233512
v 0.110715185 0.307234039 -7.23932813E-06
v 0.0578397482 0.318265954 0.118233512
v 0.0578397482 0.318265954 -7.23932813E-06
v 0.0239178228 0.359331896 0.118233512
v 0.0239178228 0.359331896 -7.23932813E-06
v 0.0138092835 0.407007266 0.118233512
v 0.0138092835 0.407007266 -7.23932813E-06
v 0.0239178228 0.450891935 0.118233512
v 0.0239178228 0.450891935 -7.23932813E-06
v 0.0582771369 0.476989462 0.118233512
v 0.0582771369 0.476989462 -7.23932813E-06
v 0.0911298898 0.479953985 0.118233512
v 0.0911298898 0.479953985 -7.23932813E-06
v 0.0726137673 0.504010365 0.118233512
v 0.0726137673 0.504010365 -7.23932813E-06
v 0.0735857422 0.558586758 0.118233512
v 0.0735857422 0.558586758 -7.23932813E-06
v 0.106487094 0.591731103 0.118233512
v 0.106487094 0.591731103 -7.23932813E-06
v 0.150760552 0.601207859 0.118233512
v 0.150760552 0.601207859 -7.23932813E-06
v 0.188132989 0.594209639 0.118233512
v 0.188132989 0.594209639 -7.23932813E-06
v 0.207232296 0.606310727 0.118233512
v 0.207232296 0.606310727 -7.23932813E-06
v 0.230802689 0.603394803 0.118233512
v 0.230802689 0.603394803 -7.23932813E-06
v 0.230802689 0.603394803 -7.23932813E-06
v 0.230802689 0.603394803 -0.118247991
v 0.253352507 0.577686066 -0.118247991
v 0.253352507 0.577686066 -7.23932813E-06
v 0.270264871 0.608886461 -0.118247991
v 0.270264871 0.608886461 -7.23932813E-06
v 0.295098831 0.623368888 -0.118247991
v 0.295098831 0.623368888 -7.23932813E-06
v 0.328291775 0.623709079 -0.118247991
v 0.328291775 0.623709079 -7.23932813E-06
v 0.355798666 0.602179834 -0.118247991
v 0.355798666 0.602179834 -7.23932813E-06
v 0.369940901 0.567140137 -0.118247991
v 0.369940901 0.567140137 -7.23932813E-06
v 0.412367607 0.577345874 -0.118247991
v 0.412367607 0.577345874 -7.23932813E-06
v 0.464076674 0.560530708 -0.118247991
v 0.464076674 0.560530708 -7.23932813E-06
v 0.488133054 0.513244127 -0.118247991
v 0.488133054 0.513244127 -7.23932813E-06
v 0.493235922 0.434659953 -0.118247991
v 0.493235922 0.434659953 -7.23932813E-06
v 0.460626163 0.37352273 -0.118247991
v 0.460626163 0.37352273 -7.23932813E-06
v 0.410618052 0.361178648 -0.118247991
v 0.410618052 0.361178648 -7.23932813E-06
v 0.36260249 0.373085341 -0.118247991
v 0.36260249 0.373085341 -7.23932813E-06
v 0.344280763 0.392427642 -0.118247991
v 0.344280763 0.392427642 -7.23932813E-06
v 0.320078587 0.37430031 -0.118247991
v 0.320078587 0.37430031 -7.23932813E-06
v 0.279498633 0.36224782 -0.118247991
v 0.279498633 0.36224782 -7.23932813E-06
v 0.271674235 0.333088572 -0.118247991
v 0.271674235 0.333088572 -7.23932813E-06
v 0.237752309 0.329881055 -0.118247991
v 0.237752309 0.329881055 -7.23932813E-06
v 0.207766882 0.355346798 -0.118247991
v 0.207766882 0.355346798 -7.23932813E-06
v 0.19197229 0.327645513 -0.118247991
v 0.19197229 0.327645513 -7.23932813E-06
v 0.152461508 0.311948117 -0.118247991
v 0.152461508 0.311948117 -7.23932813E-06
v 0.110715185 0.307234039 -0.118247991
v 0.110715185 0.307234039 -7.23932813E-06
v 0.0578397482 0.318265954 -0.118247991
v 0.0578397482 0.318265954 -7.23932813E-06
v 0.0239178228 0.359331896 -0.118247991
v 0.0239178228 0.359331896 -7.23932813E-06
v 0.0138092835 0.407007266 -0.118247991
v 0.0138092835 0.407007266 -7.23932813E-06
v 0.0239178228 0.450891935 -0.118247991
v 0.0239178228 0.450891935 -7.23932813E-06
v 0.0582771369 0.476989462 -0.118247991
v 0.0582771369 0.476989462 -7.23932813E-06
v 0.0911298898 0.479953985 -0.118247991
v 0.0911298898 0.479953985 -7.23932813E-06
v 0.0726137673 0.504010365 -0.118247991
v 0.0726137673 0.504010365 -7.23932813E-06
v 0.0735857422 0.558586758 -0.118247991
v 0.0735857422 0.558586758 -7.23932813E-06
v 0.106487094 0.591731103 -0.118247991
v 0.106487094 0.591731103 -7.23932813E-06
v 0.150760552 0.601207859 -0.118247991
v 0.150760552 0.601207859 -7.23932813E-06
v 0.188132989 0.594209639 -0.118247991
v 0.188132989 0.594209639 -7.23932813E-06
v 0.207232296 0.606310727 -0.118247991
v 0.207232296 0.606310727 -7.23932813E-06
v 0.230802689 0.603394803 -0.118247991
v 0.230802689 0.603394803 -7.23932813E-06
v -0.110117521 1.12553974 -7.23932813E-06
v -0.153467603 1.04428263 -7.23932813E-06
v -0.153467603 1.04428263 0.0279370402
v -0.110117521 1.12553974 0.0279370402
v -0.156529325 1.04612939 0.0314847487
v -0.0766815833 1.20942118 0.0279370402
v -0.0766815833 1.20942118 -7.23932813E-06
v -0.113373637 1.1270463 0.0314847487
v -0.192298002 1.06790163 0.0314847487
v -0.0652122791 1.29529516 0.0279370402
v -0.0652122791 1.29529516 -7.23932813E-06
v -0.0353726484 1.30122421 -7.23932813E-06
v -0.0801320944 1.21029595 0.0314847487
v -0.151426456 1.14070255 0.0314847487
v -0.217131962 1.08282144 0.0314847487
v -0.0353726484 1.30122421 0.0278884414
v -0.00548441908 1.30715326 -7.23932813E-06
v -0.0684197964 1.29830829 0.0314847487
v -0.117601728 1.21598201 0.0314847487
v -0.177961372 1.14959612 0.0314847487
v -0.220193683 1.08466819 0.0279370402
v -0.00548441908 1.30715326 0.0279370402
v -0.0344492722 1.39419361 -7.23932813E-06
v -0.145205817 1.21914093 0.0314847487
v -0.181120291 1.15129708 0.0279370402
v -0.220193683 1.08466819 -7.23932813E-06
v -0.181120291 1.15129708 -7.23932813E-06
v -0.14855913 1.22035589 -7.23932813E-06
v -0.14855913 1.22035589 0.0279370402
v -0.132618741 1.2898521 -7.23932813E-06
v -0.128925236 1.2899007 0.0314847487
v -0.132618741 1.2898521 0.0279370402
v -0.146663779 1.34525467 0.0279370402
v -0.146663779 1.34525467 -7.23932813E-06
v -0.101369747 1.29247644 0.0314847487
v -0.143310465 1.34661544 0.0314847487
v -0.175628632 1.39404782 0.0279370402
v -0.175628632 1.39404782 -7.23932813E-06
v -0.121684023 1.35837634 0.0314847487
v -0.0923303799 1.3753859 0.0314847487
v -0.172858504 1.39642916 0.0314847487
v -0.195165328 1.4103284 0.0279370402
v -0.195165328 1.4103284 -7.23932813E-06
v -0.164207927 1.40974521 0.0314847487
v -0.193318576 1.41343872 0.0314847487
v -0.218978714 1.41965936 0.0279370402
v -0.218978714 1.41965936 -7.23932813E-06
v -0.0364904196 1.30462612 0.0314847487
v -0.145254415 1.43190624 0.0314847487
v -0.193415773 1.43030248 0.0314847487
v -0.218201134 1.42320706 0.0314847487
v -0.237106047 1.42097152 0.0281800339
v -0.237106047 1.42097152 -7.23932813E-06
v -0.235259295 1.39113189 -7.23932813E-06
v -0.226754514 1.44429892 0.0314847487
v -0.240653755 1.42456783 0.0319221374
v -0.235259295 1.39113189 0.0288118176
v -0.247165988 1.36085487 -7.23932813E-06
v -0.254990386 1.45144294 0.0314847487
v -0.237203244 1.47841524 0.0314847487
v -0.238175219 1.39181227 0.0328941123
v -0.296007728 1.40473954 0.0519934199
v -0.249498727 1.36289602 0.0328941123
v -0.292946007 1.48031059 0.0323109274
v -0.247165988 1.36085487 0.0287632189
v -0.275693452 1.34229015 -7.23932813E-06
v -0.276616828 1.34520608 0.0328455136
v -0.275693452 1.34229015 0.0288118176
v -0.309615377 1.340492 -7.23932813E-06
v -0.308983594 1.34350512 0.0328455136
v -0.309615377 1.340492 0.0288118176
v -0.339940995 1.3558978 -7.23932813E-06
v -0.337851249 1.35818194 0.0328455136
v -0.339940995 1.3558978 0.0288118176
v -0.358457118 1.38437667 -7.23932813E-06
v -0.355541193 1.38534864 0.0328455136
v -0.358457118 1.38437667 0.0288118176
v -0.360255272 1.41829859 -7.23932813E-06
v -0.357290748 1.41766681 0.0328455136
v -0.360255272 1.41829859 0.0288118176
v -0.339989594 1.46223186 -7.23932813E-06
v -0.338045644 1.45970472 0.0327969149
v -0.339989594 1.46223186 0.0287146201
v -0.29284881 1.48351811 -7.23932813E-06
v -0.29284881 1.48351811 0.0280342377
v -0.238369614 1.48220594 -7.23932813E-06
v -0.288523521 1.4798246 0.0314847487
v -0.238369614 1.48220594 0.0277912439
v -0.192249404 1.46359262 0.0240005417
v -0.192249404 1.46359262 -7.23932813E-06
v -0.148121741 1.43496796 0.0275968489
v -0.148121741 1.43496796 -7.23932813E-06
v -0.14855913 1.47068804 -7.23932813E-06
v -0.1923952 1.45994772 0.0279856389
v -0.150065691 1.43195484 0.0314847487
v -0.144962823 1.46811231 0.0314847487
v -0.14855913 1.47068804 0.0279370402
v -0.11755313 1.48069938 0.0279370402
v -0.11755313 1.48069938 -7.23932813E-06
v -0.0634141254 1.38476546 0.0314847487
v -0.118573703 1.47661709 0.0314847487
v -0.0375595921 1.39229826 0.0314847487
v -0.0344492722 1.39419361 0.0279370402
v -0.0101498988 1.30987479 0.0314847487
v -0.110117521 1.12553974 -7.23932813E-06
v -0.153467603 1.04428263 -0.0279029201
v -0.153467603 1.04428263 -7.23932813E-06
v -0.110117521 1.12553974 -0.0279029201
v -0.156529325 1.04612939 -0.0314992273
v -0.0766815833 1.20942118 -0.0279029201
v -0.0766815833 1.20942118 -7.23932813E-06
v -0.113373637 1.1270463 -0.0314992273
v -0.192298002 1.06790163 -0.0314992273
v -0.0652122791 1.29529516 -0.0279029201
v -0.0652122791 1.29529516 -7.23932813E-06
v -0.0353726484 1.30122421 -7.23932813E-06
v -0.0801320944 1.21029595 -0.0314992273
v -0.151426456 1.14070255 -0.0314992273
v -0.217131962 1.08282144 -0.0314992273
v -0.0353726484 1.30122421 -0.0279029201
v -0.00548441908 1.30715326 -7.23932813E-06
v -0.0684197964 1.29830829 -0.0314992273
v -0.117601728 1.21598201 -0.0314992273
v -0.177961372 1.14959612 -0.0314992273
v -0.220193683 1.08466819 -0.0279029201
v -0.00548441908 1.30715326 -0.0279029201
v -0.0344492722 1.39419361 -7.23932813E-06
v -0.145205817 1.21914093 -0.0314992273
v -0.181120291 1.15129708 -0.0279029201
v -0.220193683 1.08466819 -7.23932813E-06
v -0.181120291 1.15129708 -7.23932813E-06
v -0.14855913 1.22035589 -7.23932813E-06
v -0.14855913 1.22035589 -0.0279029201
v -0.132618741 1.2898521 -7.23932813E-06
v -0.128925236 1.2899007 -0.0314992273
v -0.132618741 1.2898521 -0.0279029201
v -0.146663779 1.34525467 -0.0279029201
v -0.146663779 1.34525467 -7.23932813E-06
v -0.101369747 1.29247644 -0.0314992273
v -0.143310465 1.34661544 -0.0314992273
v -0.175628632 1.39404782 -0.0279029201
v -0.175628632 1.39404782 -7.23932813E-06
v -0.121684023 1.35837634 -0.0314992273
v -0.0923303799 1.3753859 -0.0314992273
v -0.172858504 1.39642916 -0.0314992273
v -0.195165328 1.4103284 -0.0279029201
v -0.195165328 1.4103284 -7.23932813E-06
v -0.164207927 1.40974521 -0.0314992273
v -0.193318576 1.41343872 -0.0314992273
v -0.218978714 1.41965936 -0.0279029201
v -0.218978714 1.41965936 -7.23932813E-06
v -0.0364904196 1.30462612 -0.0314992273
v -0.145254415 1.43190624 -0.0314992273
v -0.193415773 1.43030248 -0.0314992273
v -0.218201134 1.42320706 -0.0314992273
v -0.237106047 1.42097152 -0.0281459138
v -0.237106047 1.42097152 -7.23932813E-06
v -0.235259295 1.39113189 -7.23932813E-06
v -0.226754514 1.44429892 -0.0314992273
v -0.240653755 1.42456783 -0.0319366161
v -0.235259295 1.39113189 -0.0287776975
v -0.247165988 1.36085487 -7.23932813E-06
v -0.254990386 1.45144294 -0.0314992273
v -0.237203244 1.47841524 -0.0314992273
v -0.1923952 1.45994772 -0.0280001176
v -0.238175219 1.39181227 -0.032908591
v -0.296007728 1.40473954 -0.0520078985
v -0.249498727 1.36289602 -0.0328599923
v -0.292946007 1.48031059 -0.032325406
v -0.247165988 1.36085487 -0.0287776975
v -0.275693452 1.34229015 -7.23932813E-06
v -0.276616828 1.34520608 -0.0328599923
v -0.275693452 1.34229015 -0.0287776975
v -0.309615377 1.340492 -7.23932813E-06
v -0.308983594 1.34350512 -0.0328599923
v -0.309615377 1.340492 -0.0287776975
v -0.339940995 1.3558978 -7.23932813E-06
v -0.337851249 1.35818194 -0.0328599923
v -0.339940995 1.3558978 -0.0287776975
v -0.358457118 1.38437667 -7.23932813E-06
v -0.355541193 1.38534864 -0.0328599923
v -0.358457118 1.38437667 -0.0287776975
v -0.360255272 1.41829859 -7.23932813E-06
v -0.357290748 1.41766681 -0.0328599923
v -0.360255272 1.41829859 -0.0287776975
v -0.339989594 1.46223186 -7.23932813E-06
v -0.338045644 1.45970472 -0.0328113935
v -0.339989594 1.46223186 -0.0287290988
v -0.29284881 1.48351811 -7.23932813E-06
v -0.29284881 1.48351811 -0.0280487163
v -0.238369614 1.48220594 -7.23932813E-06
v -0.288523521 1.4798246 -0.0314992273
v -0.238369614 1.48220594 -0.0278057226
v -0.192249404 1.46359262 -0.0240150203
v -0.192249404 1.46359262 -7.23932813E-06
v -0.148121741 1.43496796 -0.0276113276
v -0.148121741 1.43496796 -7.23932813E-06
v -0.14855913 1.47068804 -7.23932813E-06
v -0.150065691 1.43195484 -0.0314992273
v -0.144962823 1.46811231 -0.0314992273
v -0.14855913 1.47068804 -0.0279029201
v -0.11755313 1.48069938 -0.0279029201
v -0.11755313 1.48069938 -7.23932813E-06
v -0.0634141254 1.38476546 -0.0314992273
v -0.118573703 1.47661709 -0.0314992273
v -0.0375595921 1.39229826 -0.0314992273
v -0.0344492722 1.39419361 -0.0279029201
v -0.0101498988 1.30987479 -0.0314992273
v 0.110132 1.12553974 -7.23932813E-06
v 0.153482082 1.04428263 0.0279370402
v 0.153482082 1.04428263 -7.23932813E-06
v 0.110132 1.12553974 0.0279370402
v 0.156495204 1.04612939 0.0314847487
v 0.0766474632 1.20942118 0.0279370402
v 0.0766474632 1.20942118 -7.23932813E-06
v 0.113339517 1.1270463 0.0314847487
v 0.192312481 1.06790163 0.0314847487
v 0.0652267577 1.29529516 0.0279370402
v 0.0652267577 1.29529516 -7.23932813E-06
v 0.0353385284 1.30122421 -7.23932813E-06
v 0.080146573 1.21029595 0.0314847487
v 0.151440935 1.14070255 0.0314847487
v 0.217146441 1.08282144 0.0314847487
v 0.0353385284 1.30122421 0.0278884414
v 0.00549889773 1.30715326 -7.23932813E-06
v 0.0683856763 1.29830829 0.0314847487
v 0.117567608 1.21598201 0.0314847487
v 0.177975851 1.14959612 0.0314847487
v 0.220159563 1.08466819 0.0279370402
v 0.00549889773 1.30715326 0.0279370402
v 0.0344637509 1.39419361 -7.23932813E-06
v 0.145171696 1.21914093 0.0314847487
v 0.181134769 1.15129708 0.0279370402
v 0.220159563 1.08466819 -7.23932813E-06
v 0.181134769 1.15129708 -7.23932813E-06
v 0.148573609 1.22035589 -7.23932813E-06
v 0.148573609 1.22035589 0.0279370402
v 0.132584621 1.2898521 -7.23932813E-06
v 0.128939715 1.2899007 0.0314847487
v 0.132584621 1.2898521 0.0279370402
v 0.146629659 1.34525467 0.0279370402
v 0.146629659 1.34525467 -7.23932813E-06
v 0.101335627 1.29247644 0.0314847487
v 0.143324944 1.34661544 0.0314847487
v 0.175594512 1.39404782 0.0279370402
v 0.175594512 1.39404782 -7.23932813E-06
v 0.121698502 1.35837634 0.0314847487
v 0.0923448585 1.3753859 0.0314847487
v 0.172872982 1.39642916 0.0314847487
v 0.195179807 1.4103284 0.0279370402
v 0.195179807 1.4103284 -7.23932813E-06
v 0.0365048983 1.30462612 0.0314847487
v 0.164222405 1.40974521 0.0314847487
v 0.193333055 1.41343872 0.0314847487
v 0.218993193 1.41965936 0.0279370402
v 0.218993193 1.41965936 -7.23932813E-06
v 0.193430252 1.43030248 0.0314847487
v 0.218215613 1.42320706 0.0314847487
v 0.237071927 1.42097152 0.0281800339
v 0.237071927 1.42097152 -7.23932813E-06
v 0.235273773 1.39113189 -7.23932813E-06
v 0.226768993 1.44429892 0.0314847487
v 0.240668234 1.42456783 0.0319221374
v 0.235273773 1.39113189 0.0288118176
v 0.247180466 1.36085487 -7.23932813E-06
v 0.255004865 1.45144294 0.0314847487
v 0.237217723 1.47841524 0.0314847487
v 0.238189698 1.39181227 0.0328941123
v 0.296022207 1.40473954 0.0519934199
v 0.249513206 1.36289602 0.0328941123
v 0.292960486 1.48031059 0.0323109274
v 0.247180466 1.36085487 0.0287632189
v 0.275659332 1.34229015 -7.23932813E-06
v 0.276631307 1.34520608 0.0328455136
v 0.275659332 1.34229015 0.0288118176
v 0.309629856 1.340492 -7.23932813E-06
v 0.308998072 1.34350512 0.0328455136
v 0.309629856 1.340492 0.0288118176
v 0.339906875 1.3558978 -7.23932813E-06
v 0.337865728 1.35818194 0.0328455136
v 0.339906875 1.3558978 0.0288118176
v 0.358471597 1.38437667 -7.23932813E-06
v 0.355507073 1.38534864 0.0328455136
v 0.358471597 1.38437667 0.0288118176
v 0.36026975 1.41829859 -7.23932813E-06
v 0.357256628 1.41766681 0.0328455136
v 0.36026975 1.41829859 0.0288118176
v 0.339955474 1.46223186 -7.23932813E-06
v 0.338060123 1.45970472 0.0327969149
v 0.339955474 1.46223186 0.0287146201
v 0.29281469 1.48351811 -7.23932813E-06
v 0.29281469 1.48351811 0.0280342377
v 0.238384093 1.48220594 -7.23932813E-06
v 0.288489401 1.4798246 0.0314847487
v 0.238384093 1.48220594 0.0277912439
v 0.192263882 1.46359262 0.0240005417
v 0.192263882 1.46359262 -7.23932813E-06
v 0.14813622 1.43496796 0.0275968489
v 0.14813622 1.43496796 -7.23932813E-06
v 0.148573609 1.47068804 -7.23932813E-06
v 0.192409678 1.45994772 0.0279856389
v 0.150031571 1.43195484 0.0314847487
v 0.145268894 1.43190624 0.0314847487
v 0.144977301 1.46811231 0.0314847487
v 0.148573609 1.47068804 0.0279370402
v 0.117567608 1.48069938 0.0279370402
v 0.117567608 1.48069938 -7.23932813E-06
v 0.0633800053 1.38476546 0.0314847487
v 0.118588182 1.47661709 0.0314847487
v 0.0375740707 1.39229826 0.0314847487
v 0.0344637509 1.39419361 0.0279370402
v 0.0101643774 1.30987479 0.0314847487
v 0.110132 1.12553974 -7.23932813E-06
v 0.153482082 1.04428263 -7.23932813E-06
v 0.153482082 1.04428263 -0.0279029201
v 0.110132 1.12553974 -0.0279029201
v 0.156495204 1.04612939 -0.0314992273
v 0.0766474632 1.20942118 -0.0279029201
v 0.0766474632 1.20942118 -7.23932813E-06
v 0.113339517 1.1270463 -0.0314992273
v 0.192312481 1.06790163 -0.0314992273
v 0.0652267577 1.29529516 -0.0279029201
v 0.0652267577 1.29529516 -7.23932813E-06
v 0.0353385284 1.30122421 -7.23932813E-06
v 0.080146573 1.21029595 -0.0314992273
v 0.151440935 1.14070255 -0.0314992273
v 0.217146441 1.08282144 -0.0314992273
v 0.0353385284 1.30122421 -0.0279029201
v 0.00549889773 1.30715326 -7.23932813E-06
v 0.0683856763 1.29830829 -0.0314992273
v 0.117567608 1.21598201 -0.0314992273
v 0.177975851 1.14959612 -0.0314992273
v 0.220159563 1.08466819 -0.0279029201
v 0.00549889773 1.30715326 -0.0279029201
v 0.0344637509 1.39419361 -7.23932813E-06
v 0.145171696 1.21914093 -0.0314992273
v 0.181134769 1.15129708 -0.0279029201
v 0.220159563 1.08466819 -7.23932813E-06
v 0.181134769 1.15129708 -7.23932813E-06
v 0.148573609 1.22035589 -7.23932813E-06
v 0.148573609 1.22035589 -0.0279029201
v 0.132584621 1.2898521 -7.23932813E-06
v 0.128939715 1.2899007 -0.0314992273
v 0.132584621 1.2898521 -0.0279029201
v 0.146629659 1.34525467 -0.0279029201
v 0.146629659 1.34525467 -7.23932813E-06
v 0.101335627 1.29247644 -0.0314992273
v 0.143324944 1.34661544 -0.0314992273
v 0.175594512 1.39404782 -0.0279029201
v 0.175594512 1.39404782 -7.23932813E-06
v 0.121698502 1.35837634 -0.0314992273
v 0.0923448585 1.3753859 -0.0314992273
v 0.172872982 1.39642916 -0.0314992273
v 0.195179807 1.4103284 -0.0279029201
v 0.195179807 1.4103284 -7.23932813E-06
v 0.0365048983 1.30462612 -0.0314992273
v 0.164222405 1.40974521 -0.0314992273
v 0.193333055 1.41343872 -0.0314992273
v 0.218993193 1.41965936 -0.0279029201
v 0.218993193 1.41965936 -7.23932813E-06
v 0.193430252 1.43030248 -0.0314992273
v 0.218215613 1.42320706 -0.0314992273
v 0.237071927 1.42097152 -0.0281459138
v 0.237071927 1.42097152 -7.23932813E-06
v 0.235273773 1.39113189 -7.23932813E-06
v 0.226768993 1.44429892 -0.0314992273
v 0.240668234 1.42456783 -0.0319366161
v 0.235273773 1.39113189 -0.0287776975
v 0.247180466 1.36085487 -7.23932813E-06
v 0.255004865 1.45144294 -0.0314992273
v 0.237217723 1.47841524 -0.0314992273
v 0.238189698 1.39181227 -0.032908591
v 0.296022207 1.40473954 -0.0520078985
v 0.249513206 1.36289602 -0.0328599923
v 0.292960486 1.48031059 -0.032325406
v 0.247180466 1.36085487 -0.0287776975
v 0.275659332 1.34229015 -7.23932813E-06
v 0.276631307 1.34520608 -0.0328599923
v 0.275659332 1.34229015 -0.0287776975
v 0.309629856 1.340492 -7.23932813E-06
v 0.308998072 1.34350512 -0.0328599923
v 0.309629856 1.340492 -0.0287776975
v 0.339906875 1.3558978 -7.23932813E-06
v 0.337865728 1.35818194 -0.0328599923
v 0.339906875 1.3558978 -0.0287776975
v 0.358471597 1.38437667 -7.23932813E-06
v 0.355507073 1.38534864 -0.0328599923
v 0.358471597 1.38437667 -0.0287776975
v 0.36026975 1.41829859 -7.23932813E-06
v 0.357256628 1.41766681 -0.0328599923
v 0.36026975 1.41829859 -0.0287776975
v 0.339955474 1.46223186 -7.23932813E-06
v 0.338060123 1.45970472 -0.0328113935
v 0.339955474 1.46223186 -0.0287290988
v 0.29281469 1.48351811 -7.23932813E-06
v 0.29281469 1.48351811 -0.0280487163
v 0.238384093 1.48220594 -7.23932813E-06
v 0.288489401 1.4798246 -0.0314992273
v 0.238384093 1.48220594 -0.0278057226
v 0.192263882 1.46359262 -0.0240150203
v 0.192263882 1.46359262 -7.23932813E-06
v 0.14813622 1.43496796 -0.0276113276
v 0.14813622 1.43496796 -7.23932813E-06
v 0.148573609 1.47068804 -7.23932813E-06
v 0.192409678 1.45994772 -0.0280001176
v 0.150031571 1.43195484 -0.0314992273
v 0.145268894 1.43190624 -0.0314992273
v 0.144977301 1.46811231 -0.0314992273
v 0.148573609 1.47068804 -0.0279029201
v 0.117567608 1.48069938 -0.0279029201
v 0.117567608 1.48069938 -7.23932813E-06
v 0.0633800053 1.38476546 -0.0314992273
v 0.118588182 1.47661709 -0.0314992273
v 0.0375740707 1.39229826 -0.0314992273
v 0.0344637509 1.39419361 -0.0279029201
v 0.0101643774 1.30987479 -0.0314992273
v -1.32056651 0.108756756 -7.23932813E-06
v -0.339357811 0.108756756 0.0537429748
v -0.339357811 0.108756756 -7.23932813E-06
v -1.32056651 0.108756756 0.0537429748
v -1.32416282 0.112353064 -7.23932813E-06
v -1.32056651 0.112353064 0.0573878808
v -0.339357811 0.112353064 0.0573878808
v -0.339357811 0.174705256 0.0573878808
v -1.32416282 0.112353064 0.0537429748
v -1.32391982 0.15205824 0.0537429748
v -1.32391982 0.15205824 -7.23932813E-06
v -1.32707874 0.195991507 -7.23932813E-06
v -1.32027492 0.152155437 0.0573878808
v -1.32348244 0.197012081 0.0573878808
v -1.32707874 0.195991507 0.0537429748
v -1.35113512 0.241674329 0.053694376
v -1.35113512 0.241674329 -7.23932813E-06
v -1.35560621 0.24434726 -7.23932813E-06
v -1.3480248 0.243326687 0.0573878808
v -1.35560621 0.24434726 0.053694376
v -1.35045474 0.24784637 0.0573878808
v -0.339357811 0.24434726 0.0573878808
v -0.339357811 0.292557217 0.0573878808
v -1.35560621 0.24784637 0.0573878808
v -1.35254449 0.292557217 0.0573878808
v -0.339357811 0.34169055 0.0573878808
v -1.35254449 0.34169055 0.0573878808
v -1.47117403 0.24434726 0.053499981
v -1.47136842 0.24434726 -7.23932813E-06
v -1.47462454 0.247943568 -7.23932813E-06
v -1.47093103 0.247992166 0.0573878808
v -1.46859829 0.268743831 0.0573878808
v -1.48128257 0.313260283 0.0573878808
v -1.50373519 0.34169055 0.0573878808
v -1.47462454 0.247943568 0.0537429748
v -1.4722918 0.268452239 0.0537429748
v -1.4722918 0.268452239 -7.23932813E-06
v -1.48458728 0.311559327 -7.23932813E-06
v -1.48458728 0.311559327 0.0537429748
v -1.50835207 0.34169055 0.0537429748
v -1.50835207 0.34169055 -7.23932813E-06
v -1.32056651 0.108756756 -7.23932813E-06
v -0.339357811 0.108756756 -7.23932813E-06
v -0.339357811 0.108756756 -0.0537574534
v -1.32056651 0.108756756 -0.0537574534
v -1.32416282 0.112353064 -7.23932813E-06
v -1.32056651 0.112353064 -0.0573537607
v -0.339357811 0.112353064 -0.0573537607
v -0.339357811 0.174705256 -0.0573537607
v -1.32416282 0.112353064 -0.0537574534
v -1.32027492 0.152155437 -0.0573537607
v -1.32391982 0.15205824 -0.0537574534
v -1.32391982 0.15205824 -7.23932813E-06
v -1.32707874 0.195991507 -7.23932813E-06
v -1.32348244 0.197012081 -0.0573537607
v -0.339357811 0.24434726 -0.0573537607
v -1.32707874 0.195991507 -0.0537574534
v -1.35113512 0.241674329 -0.0537088547
v -1.35113512 0.241674329 -7.23932813E-06
v -1.35560621 0.24434726 -7.23932813E-06
v -1.3480248 0.243326687 -0.0573537607
v -1.35560621 0.24434726 -0.0537088547
v -1.35045474 0.24784637 -0.0573537607
v -0.339357811 0.292557217 -0.0573537607
v -1.35560621 0.24784637 -0.0573537607
v -1.35254449 0.292557217 -0.0573537607
v -0.339357811 0.34169055 -0.0573537607
v -1.35254449 0.34169055 -0.0573537607
v -1.47117403 0.24434726 -0.0535144597
v -1.47136842 0.24434726 -7.23932813E-06
v -1.47462454 0.247943568 -7.23932813E-06
v -1.47093103 0.247992166 -0.0573537607
v -1.46859829 0.268743831 -0.0573537607
v -1.48128257 0.313260283 -0.0573537607
v -1.50373519 0.34169055 -0.0573537607
v -1.47462454 0.247943568 -0.0537574534
v -1.4722918 0.268452239 -0.0537574534
v -1.4722918 0.268452239 -7.23932813E-06
v -1.48458728 0.311559327 -7.23932813E-06
v -1.48458728 0.311559327 -0.0537574534
v -1.50835207 0.34169055 -0.0537574534
v -1.50835207 0.34169055 -7.23932813E-06
v -1.54494693 1.12636592 0.0323109274
v 7.23932813E-06 1.12636592 -7.23932813E-06
v -1.54494693 1.12636592 -7.23932813E-06
v 7.23932813E-06 1.12636592 -7.23932813E-06
v -1.54494693 1.13127439 0.0372194008
v 7.23932813E-06 1.13127439 -7.23932813E-06
v -1.54494693 1.19751448 0.0372194008
v 7.23932813E-06 1.19751448 -7.23932813E-06
v -1.54494693 1.20242296 0.0323109274
v 7.23932813E-06 1.20242296 -7.23932813E-06
v -1.54494693 1.20242296 -7.23932813E-06
v 7.23932813E-06 1.20242296 -7.23932813E-06
v -1.54494693 1.20242296 -7.23932813E-06
v -1.54494693 1.20242296 -0.0322768073
v 7.23932813E-06 1.20242296 -7.23932813E-06
v -1.54494693 1.12636592 0.0323109274
v -1.54494693 1.12636592 -7.23932813E-06
v -1.54494693 1.13127439 -7.23932813E-06
v -1.54494693 1.13127439 0.0372194008
v -1.54494693 1.13127439 0.0372194008
v -1.54494693 1.13127439 -7.23932813E-06
v -1.54494693 1.19751448 -7.23932813E-06
v -1.54494693 1.19751448 0.0372194008
v -1.54494693 1.19751448 0.0372194008
v -1.54494693 1.19751448 -7.23932813E-06
v -1.54494693 1.20242296 -7.23932813E-06
v -1.54494693 1.20242296 0.0323109274
v -1.54494693 1.12636592 -0.0322768073
v -1.54494693 1.12636592 -7.23932813E-06
v 7.23932813E-06 1.12636592 -7.23932813E-06
v 7.23932813E-06 1.12636592 -7.23932813E-06
v -1.54494693 1.13127439 -0.0371852807
v 7.23932813E-06 1.13127439 -7.23932813E-06
v -1.54494693 1.19751448 -0.0371852807
v 7.23932813E-06 1.19751448 -7.23932813E-06
v -1.54494693 1.20242296 -0.0322768073
v 7.23932813E-06 1.20242296 -7.23932813E-06
v -1.54494693 1.12636592 -0.0322768073
v -1.54494693 1.13127439 -0.0371852807
v -1.54494693 1.13127439 -7.23932813E-06
v -1.54494693 1.12636592 -7.23932813E-06
v -1.54494693 1.13127439 -0.0371852807
v -1.54494693 1.19751448 -0.0371852807
v -1.54494693 1.19751448 -7.23932813E-06
v -1.54494693 1.13127439 -7.23932813E-06
v -1.54494693 1.19751448 -0.0371852807
v -1.54494693 1.20242296 -0.0322768073
v -1.54494693 1.20242296 -7.23932813E-06
v -1.54494693 1.19751448 -7.23932813E-06
v -1.40580871 1.00647281 -7.23932813E-06
v 7.23932813E-06 1.00647281 -7.23932813E-06
v 7.23932813E-06 1.00647281 0.0887340726
v -1.40580871 1.00647281 0.0887340726
v 7.23932813E-06 1.00127274 0.0940799347
v -1.54494693 1.00647281 0.0887340726
v -1.54494693 1.00647281 -7.23932813E-06
v -1.40580871 1.00127274 0.0940799347
v 7.23932813E-06 0.934838257 0.0940799347
v -1.54494693 1.00127274 0.0940799347
v -1.54494693 1.00127274 -7.23932813E-06
v -1.40580871 0.934838257 0.0940799347
v 7.23932813E-06 0.929589592 0.0882480851
v -1.40580871 0.929589592 0.0877620976
v 7.23932813E-06 0.929589592 -7.23932813E-06
v -1.40580871 0.929589592 -7.23932813E-06
v -1.35536321 0.90563041 -7.23932813E-06
v -1.41290413 0.929589592 0.0940799347
v -1.54494693 0.929589592 0.0940799347
v -1.3595913 0.901596714 0.0905322262
v -1.54494693 0.902277096 0.0904836275
v -1.35536321 0.90563041 0.085380759
v -1.3403462 0.870153325 -7.23932813E-06
v -1.34612945 0.870104726 0.0875191039
v -1.54494693 0.868063578 0.0870817152
v -1.3403462 0.870153325 0.0820274455
v -1.36007729 0.837154775 -7.23932813E-06
v -1.3638194 0.840945478 0.0861097402
v -1.54494693 0.833752863 0.085963944
v -1.54494693 0.767852962 0.085963944
v -1.36007729 0.837154775 0.0806666806
v -1.48920416 0.771595066 0.085963944
v -1.54494693 0.717310265 0.085963944
v -1.48517047 0.767852962 0.0806180818
v -1.48517047 0.767852962 -7.23932813E-06
v -1.5148643 0.717164469 0.085963944
v -1.54494693 0.679792033 0.085963944
v -1.50898385 0.717310265 0.0806180818
v -1.50898385 0.717310265 -7.23932813E-06
v -1.49255748 0.675369547 0.085963944
v -1.54494693 0.624729653 0.085963944
v -1.48900977 0.679792033 0.0806180818
v -1.48900977 0.679792033 -7.23932813E-06
v -1.28917172 0.620064173 0.085963944
v -1.54494693 0.591536708 0.085963944
v -1.2862558 0.624729653 0.0806180818
v -1.2862558 0.624729653 -7.23932813E-06
v -1.26394897 0.591002122 0.085963944
v -1.54494693 0.564467206 0.085963944
v -1.25748534 0.591536708 0.0806180818
v -1.25748534 0.591536708 -7.23932813E-06
v -1.27741082 0.568452304 0.085963944
v -1.54494693 0.54259777 0.085963944
v -1.27371732 0.564467206 0.0806180818
v -1.27371732 0.564467206 -7.23932813E-06
v -1.32902269 0.54259777 0.085963944
v -1.32775913 0.537349106 0.0806180818
v -1.32775913 0.537349106 -7.23932813E-06
v -1.54494693 0.537349106 -7.23932813E-06
v -1.54494693 0.537349106 0.0806180818
v -1.54494693 0.54259777 -7.23932813E-06
v -1.54494693 0.54259777 0.085963944
v -1.54494693 0.564467206 -7.23932813E-06
v -1.54494693 0.564467206 0.085963944
v -1.54494693 0.564467206 0.085963944
v -1.54494693 0.564467206 -7.23932813E-06
v -1.54494693 0.591536708 -7.23932813E-06
v -1.54494693 0.591536708 0.085963944
v -1.54494693 0.624729653 -7.23932813E-06
v -1.54494693 0.624729653 0.085963944
v -1.54494693 0.679792033 -7.23932813E-06
v -1.54494693 0.679792033 0.085963944
v -1.54494693 0.717310265 -7.23932813E-06
v -1.54494693 0.717310265 0.085963944
v -1.54494693 0.717310265 -7.23932813E-06
v -1.54494693 0.767852962 -7.23932813E-06
v -1.54494693 0.767852962 0.085963944
v -1.54494693 0.767852962 0.085963944
v -1.54494693 0.833752863 -7.23932813E-06
v -1.54494693 0.833752863 0.085963944
v -1.54494693 0.868063578 -7.23932813E-06
v -1.54494693 0.868063578 0.0870817152
v -1.54494693 0.902277096 -7.23932813E-06
v -1.54494693 0.902277096 0.0904836275
v -1.54494693 0.902277096 0.0904836275
v -1.54494693 0.929589592 -7.23932813E-06
v -1.54494693 0.929589592 0.0940799347
v -1.54494693 0.929589592 -7.23932813E-06
v -1.54494693 1.00127274 0.0940799347
v -1.40580871 1.00647281 -7.23932813E-06
v 7.23932813E-06 1.00647281 -0.0887485512
v 7.23932813E-06 1.00647281 -7.23932813E-06
v -1.40580871 1.00647281 -0.0887485512
v 7.23932813E-06 1.00127274 -0.0940944134
v -1.54494693 1.00647281 -0.0887485512
v -1.54494693 1.00647281 -7.23932813E-06
v -1.40580871 1.00127274 -0.0940944134
v 7.23932813E-06 0.934838257 -0.0940944134
v -1.54494693 1.00127274 -0.0940944134
v -1.54494693 1.00127274 -7.23932813E-06
v -1.40580871 0.934838257 -0.0940944134
v 7.23932813E-06 0.929589592 -0.0882625638
v -1.40580871 0.929589592 -0.0877765763
v 7.23932813E-06 0.929589592 -7.23932813E-06
v -1.40580871 0.929589592 -7.23932813E-06
v -1.35536321 0.90563041 -7.23932813E-06
v -1.41290413 0.929589592 -0.0940944134
v -1.54494693 0.929589592 -0.0940944134
v -1.3595913 0.901596714 -0.0905467049
v -1.54494693 0.902277096 -0.0904495074
v -1.35536321 0.90563041 -0.0853952377
v -1.3403462 0.870153325 -7.23932813E-06
v -1.34612945 0.870104726 -0.0874849838
v -1.54494693 0.868063578 -0.0870961938
v -1.3403462 0.870153325 -0.0820419242
v -1.36007729 0.837154775 -7.23932813E-06
v -1.3638194 0.840945478 -0.0861242189
v -1.54494693 0.833752863 -0.0859784227
v -1.54494693 0.767852962 -0.0859784227
v -1.36007729 0.837154775 -0.0806811592
v -1.48920416 0.771595066 -0.0859784227
v -1.54494693 0.717310265 -0.0859784227
v -1.48517047 0.767852962 -0.0806325605
v -1.48517047 0.767852962 -7.23932813E-06
v -1.5148643 0.717164469 -0.0859784227
v -1.54494693 0.679792033 -0.0859784227
v -1.50898385 0.717310265 -0.0806325605
v -1.50898385 0.717310265 -7.23932813E-06
v -1.49255748 0.675369547 -0.0859784227
v -1.54494693 0.624729653 -0.0859784227
v -1.48900977 0.679792033 -0.0806325605
v -1.48900977 0.679792033 -7.23932813E-06
v -1.28917172 0.620064173 -0.0859784227
v -1.54494693 0.591536708 -0.0859784227
v -1.2862558 0.624729653 -0.0806325605
v -1.2862558 0.624729653 -7.23932813E-06
v -1.26394897 0.591002122 -0.0859784227
v -1.54494693 0.564467206 -0.0859784227
v -1.25748534 0.591536708 -0.0806325605
v -1.25748534 0.591536708 -7.23932813E-06
v -1.27741082 0.568452304 -0.0859784227
v -1.54494693 0.54259777 -0.0859784227
v -1.27371732 0.564467206 -0.0806325605
v -1.27371732 0.564467206 -7.23932813E-06
v -1.32902269 0.54259777 -0.0859784227
v -1.32775913 0.537349106 -0.0806325605
v -1.32775913 0.537349106 -7.23932813E-06
v -1.54494693 0.537349106 -7.23932813E-06
v -1.54494693 0.537349106 -0.0806325605
v -1.54494693 0.54259777 -7.23932813E-06
v -1.54494693 0.54259777 -0.0859784227
v -1.54494693 0.564467206 -7.23932813E-06
v -1.54494693 0.564467206 -0.0859784227
v -1.54494693 0.564467206 -0.0859784227
v -1.54494693 0.591536708 -7.23932813E-06
v -1.54494693 0.564467206 -7.23932813E-06
v -1.54494693 0.591536708 -0.0859784227
v -1.54494693 0.624729653 -7.23932813E-06
v -1.54494693 0.624729653 -0.0859784227
v -1.54494693 0.679792033 -7.23932813E-06
v -1.54494693 0.679792033 -0.0859784227
v -1.54494693 0.717310265 -7.23932813E-06
v -1.54494693 0.717310265 -0.0859784227
v -1.54494693 0.767852962 -0.0859784227
v -1.54494693 0.767852962 -7.23932813E-06
v -1.54494693 0.717310265 -7.23932813E-06
v -1.54494693 0.767852962 -0.0859784227
v -1.54494693 0.833752863 -7.23932813E-06
v -1.54494693 0.833752863 -0.0859784227
v -1.54494693 0.868063578 -7.23932813E-06
v -1.54494693 0.868063578 -0.0870961938
v -1.54494693 0.902277096 -7.23932813E-06
v -1.54494693 0.902277096 -0.0904495074
v -1.54494693 0.902277096 -0.0904495074
v -1.54494693 0.929589592 -7.23932813E-06
v -1.54494693 0.929589592 -0.0940944134
v -1.54494693 1.00127274 -0.0940944134
v -1.54494693 0.929589592 -7.23932813E-06
v -0.178155767 0.838078152 0.078674132
v -0.0921845836 0.956610495 0.078674132
v -0.0921845836 0.956610495 -7.23932813E-06
v -0.178155767 0.838078152 -7.23932813E-06
v -0.244881846 0.589641357 0.078674132
v -0.222526423 0.664920816 0.078674132
v -0.222526423 0.664920816 -7.23932813E-06
v -0.244881846 0.589641357 -7.23932813E-06
v -0.272145744 0.37118999 0.078674132
v -0.272145744 0.397481912 -7.23932813E-06
v -0.272145744 0.37118999 -7.23932813E-06
v -0.272145744 0.397481912 0.078674132
v -0.272145744 0.472712772 0.078674132
v -0.272145744 0.472712772 -7.23932813E-06
v -0.272145744 0.397481912 -7.23932813E-06
v -0.272145744 0.324826785 0.078674132
v -0.272145744 0.37118999 -7.23932813E-06
v -0.272145744 0.318606146 0.0724048936
v -0.272145744 0.318606146 -7.23932813E-06
v -0.222526423 0.751475185 0.078674132
v -0.178155767 0.838078152 0.078674132
v -0.178155767 0.838078152 -7.23932813E-06
v -0.222526423 0.751475185 -7.23932813E-06
v -0.222526423 0.664920816 0.078674132
v -0.222526423 0.751475185 0.078674132
v -0.222526423 0.751475185 -7.23932813E-06
v -0.222526423 0.664920816 -7.23932813E-06
v -0.272145744 0.472712772 0.078674132
v -0.244881846 0.589641357 0.078674132
v -0.244881846 0.589641357 -7.23932813E-06
v -0.272145744 0.472712772 -7.23932813E-06
v -1.54621049 0.318606146 0.0724048936
v -1.54621049 0.318606146 -7.23932813E-06
v -1.55238253 0.324826785 -7.23932813E-06
v -1.55238253 0.324875384 0.0724048936
v -1.54616189 0.324826785 0.078674132
v -0.272145744 0.324826785 0.078674132
v -0.272145744 0.318606146 0.0724048936
v -1.54621049 0.318606146 0.0724048936
v -1.55238253 0.324875384 0.0724048936
v -1.55189655 0.365163745 0.0726478873
v -1.54567591 0.36535814 0.078674132
v -1.54616189 0.324826785 0.078674132
v -1.55189655 0.365163745 0.0726478873
v -1.55189655 0.36496935 -7.23932813E-06
v -1.5458703 0.37157878 -7.23932813E-06
v -1.5458703 0.37157878 0.0726478873
v -1.5458703 0.37157878 0.0726478873
v -1.07898214 0.403508156 0.0724048936
v -1.07538583 0.397481912 0.078674132
v -1.54567591 0.36535814 0.078674132
v -1.05803608 0.668954512 0.078674132
v -1.02304498 0.580553392 0.078674132
v -1.02941142 0.579678614 0.0724048936
v -1.06313895 0.664920816 0.0724048936
v -1.06313895 0.664920816 0.0724048936
v -1.18891251 0.751475185 0.0724048936
v -1.18633677 0.757258435 0.078674132
v -1.05803608 0.668954512 0.078674132
v -1.18891251 0.751475185 0.0724048936
v -1.53197106 0.838078152 0.0724048936
v -1.53197106 0.842938026 0.078674132
v -1.18633677 0.757258435 0.078674132
v -1.07898214 0.403508156 0.0724048936
v -1.04267888 0.462555634 0.0724048936
v -1.03665263 0.460465888 0.078674132
v -1.07538583 0.397481912 0.078674132
v -1.04267888 0.462555634 0.0724048936
v -1.02941142 0.579678614 0.0724048936
v -1.02304498 0.580553392 0.078674132
v -1.03665263 0.460465888 0.078674132
v -1.53197106 0.842938026 0.078674132
v -1.53197106 0.956610495 0.078674132
v -0.0921845836 0.956610495 0.078674132
v -0.178155767 0.838078152 0.078674132
v -1.02304498 0.580553392 0.078674132
v -1.05803608 0.668954512 0.078674132
v -0.222526423 0.664920816 0.078674132
v -0.244881846 0.589641357 0.078674132
v -0.272145744 0.472712772 0.078674132
v -1.03665263 0.460465888 0.078674132
v -1.54567591 0.36535814 0.078674132
v -1.07538583 0.397481912 0.078674132
v -0.272145744 0.397481912 0.078674132
v -0.272145744 0.37118999 0.078674132
v -1.54616189 0.324826785 0.078674132
v -1.54567591 0.36535814 0.078674132
v -0.272145744 0.324826785 0.078674132
v -0.272145744 0.472712772 0.078674132
v -0.272145744 0.397481912 0.078674132
v -1.07538583 0.397481912 0.078674132
v -1.03665263 0.460465888 0.078674132
v -1.18633677 0.757258435 0.078674132
v -1.53197106 0.842938026 0.078674132
v -0.178155767 0.838078152 0.078674132
v -0.222526423 0.751475185 0.078674132
v -1.05803608 0.668954512 0.078674132
v -1.18633677 0.757258435 0.078674132
v -0.222526423 0.751475185 0.078674132
v -0.222526423 0.664920816 0.078674132
v -1.06313895 0.664920816 0.0724048936
v -1.02941142 0.579678614 0.0724048936
v -1.02941142 0.579678614 -7.23932813E-06
v -1.06313895 0.664920816 -7.23932813E-06
v -1.07898214 0.403508156 0.0724048936
v -1.5458703 0.37157878 0.0726478873
v -1.5458703 0.37157878 -7.23932813E-06
v -1.07898214 0.403508156 -7.23932813E-06
v -1.54621049 0.318606146 0.0724048936
v -0.272145744 0.318606146 0.0724048936
v -0.272145744 0.318606146 -7.23932813E-06
v -1.54621049 0.318606146 -7.23932813E-06
v -1.55189655 0.365163745 0.0726478873
v -1.55238253 0.324875384 0.0724048936
v -1.55238253 0.324826785 -7.23932813E-06
v -1.55189655 0.36496935 -7.23932813E-06
v -1.04267888 0.462555634 0.0724048936
v -1.07898214 0.403508156 0.0724048936
v -1.07898214 0.403508156 -7.23932813E-06
v -1.04267888 0.462555634 -7.23932813E-06
v -1.53197106 0.838078152 0.0724048936
v -1.18891251 0.751475185 0.0724048936
v -1.18891251 0.751475185 -7.23932813E-06
v -1.53197106 0.838078152 -7.23932813E-06
v -1.18891251 0.751475185 0.0724048936
v -1.06313895 0.664920816 0.0724048936
v -1.06313895 0.664920816 -7.23932813E-06
v -1.18891251 0.751475185 -7.23932813E-06
v -1.02941142 0.579678614 0.0724048936
v -1.04267888 0.462555634 0.0724048936
v -1.04267888 0.462555634 -7.23932813E-06
v -1.02941142 0.579678614 -7.23932813E-06
v -0.178155767 0.838078152 -0.0786400119
v -0.178155767 0.838078152 -7.23932813E-06
v -0.0921845836 0.956610495 -7.23932813E-06
v -0.0921845836 0.956610495 -0.0786400119
v -0.244881846 0.589641357 -0.0786400119
v -0.244881846 0.589641357 -7.23932813E-06
v -0.222526423 0.664920816 -7.23932813E-06
v -0.222526423 0.664920816 -0.0786400119
v -0.272145744 0.37118999 -0.0786400119
v -0.272145744 0.37118999 -7.23932813E-06
v -0.272145744 0.397481912 -7.23932813E-06
v -0.272145744 0.397481912 -0.0786400119
v -0.272145744 0.397481912 -7.23932813E-06
v -0.272145744 0.472712772 -7.23932813E-06
v -0.272145744 0.472712772 -0.0786400119
v -0.272145744 0.37118999 -7.23932813E-06
v -0.272145744 0.324826785 -0.0786400119
v -0.272145744 0.318606146 -7.23932813E-06
v -0.272145744 0.318606146 -0.0724193723
v -0.222526423 0.751475185 -0.0786400119
v -0.222526423 0.751475185 -7.23932813E-06
v -0.178155767 0.838078152 -7.23932813E-06
v -0.178155767 0.838078152 -0.0786400119
v -0.222526423 0.664920816 -0.0786400119
v -0.222526423 0.664920816 -7.23932813E-06
v -0.222526423 0.751475185 -7.23932813E-06
v -0.222526423 0.751475185 -0.0786400119
v -0.272145744 0.472712772 -0.0786400119
v -0.272145744 0.472712772 -7.23932813E-06
v -0.244881846 0.589641357 -7.23932813E-06
v -0.244881846 0.589641357 -0.0786400119
v -1.54621049 0.318606146 -0.0723707735
v -1.55238253 0.324875384 -0.0723707735
v -1.55238253 0.324826785 -7.23932813E-06
v -1.54621049 0.318606146 -7.23932813E-06
v -1.54616189 0.324826785 -0.0786400119
v -1.54621049 0.318606146 -0.0723707735
v -0.272145744 0.318606146 -0.0724193723
v -0.272145744 0.324826785 -0.0786400119
v -1.55238253 0.324875384 -0.0723707735
v -1.54616189 0.324826785 -0.0786400119
v -1.54567591 0.36535814 -0.0786400119
v -1.55189655 0.365163745 -0.072662366
v -1.55189655 0.365163745 -0.072662366
v -1.5458703 0.37157878 -0.072662366
v -1.5458703 0.37157878 -7.23932813E-06
v -1.55189655 0.36496935 -7.23932813E-06
v -1.5458703 0.37157878 -0.072662366
v -1.54567591 0.36535814 -0.0786400119
v -1.07538583 0.397481912 -0.0786400119
v -1.07898214 0.403508156 -0.0724193723
v -1.05803608 0.668954512 -0.0786400119
v -1.06313895 0.664920816 -0.0724193723
v -1.02941142 0.579678614 -0.0724193723
v -1.02304498 0.580553392 -0.0786400119
v -1.06313895 0.664920816 -0.0724193723
v -1.05803608 0.668954512 -0.0786400119
v -1.18633677 0.757258435 -0.0786400119
v -1.18891251 0.751475185 -0.0724193723
v -1.18891251 0.751475185 -0.0724193723
v -1.18633677 0.757258435 -0.0786400119
v -1.53197106 0.842938026 -0.0786400119
v -1.53197106 0.838078152 -0.0724193723
v -1.07898214 0.403508156 -0.0724193723
v -1.07538583 0.397481912 -0.0786400119
v -1.03665263 0.460465888 -0.0786400119
v -1.04267888 0.462555634 -0.0724193723
v -1.04267888 0.462555634 -0.0724193723
v -1.03665263 0.460465888 -0.0786400119
v -1.02304498 0.580553392 -0.0786400119
v -1.02941142 0.579678614 -0.0724193723
v -1.53197106 0.842938026 -0.0786400119
v -0.178155767 0.838078152 -0.0786400119
v -0.0921845836 0.956610495 -0.0786400119
v -1.53197106 0.956610495 -0.0786400119
v -1.02304498 0.580553392 -0.0786400119
v -0.222526423 0.664920816 -0.0786400119
v -1.05803608 0.668954512 -0.0786400119
v -0.244881846 0.589641357 -0.0786400119
v -0.272145744 0.472712772 -0.0786400119
v -1.03665263 0.460465888 -0.0786400119
v -1.54567591 0.36535814 -0.0786400119
v -0.272145744 0.397481912 -0.0786400119
v -1.07538583 0.397481912 -0.0786400119
v -0.272145744 0.37118999 -0.0786400119
v -1.54616189 0.324826785 -0.0786400119
v -0.272145744 0.324826785 -0.0786400119
v -1.54567591 0.36535814 -0.0786400119
v -0.272145744 0.472712772 -0.0786400119
v -1.03665263 0.460465888 -0.0786400119
v -1.07538583 0.397481912 -0.0786400119
v -0.272145744 0.397481912 -0.0786400119
v -1.18633677 0.757258435 -0.0786400119
v -0.222526423 0.751475185 -0.0786400119
v -0.178155767 0.838078152 -0.0786400119
v -1.53197106 0.842938026 -0.0786400119
v -1.05803608 0.668954512 -0.0786400119
v -0.222526423 0.664920816 -0.0786400119
v -0.222526423 0.751475185 -0.0786400119
v -1.18633677 0.757258435 -0.0786400119
v -1.06313895 0.664920816 -0.0724193723
v -1.06313895 0.664920816 -7.23932813E-06
v -1.02941142 0.579678614 -7.23932813E-06
v -1.02941142 0.579678614 -0.0724193723
v -1.07898214 0.403508156 -0.0724193723
v -1.07898214 0.403508156 -7.23932813E-06
v -1.5458703 0.37157878 -7.23932813E-06
v -1.5458703 0.37157878 -0.072662366
v -1.54621049 0.318606146 -0.0723707735
v -1.54621049 0.318606146 -7.23932813E-06
v -0.272145744 0.318606146 -7.23932813E-06
v -0.272145744 0.318606146 -0.0724193723
v -1.55189655 0.365163745 -0.072662366
v -1.55189655 0.36496935 -7.23932813E-06
v -1.55238253 0.324826785 -7.23932813E-06
v -1.55238253 0.324875384 -0.0723707735
v -1.04267888 0.462555634 -0.0724193723
v -1.04267888 0.462555634 -7.23932813E-06
v -1.07898214 0.403508156 -7.23932813E-06
v -1.07898214 0.403508156 -0.0724193723
v -1.53197106 0.838078152 -0.0724193723
v -1.53197106 0.838078152 -7.23932813E-06
v -1.18891251 0.751475185 -7.23932813E-06
v -1.18891251 0.751475185 -0.0724193723
v -1.18891251 0.751475185 -0.0724193723
v -1.18891251 0.751475185 -7.23932813E-06
v -1.06313895 0.664920816 -7.23932813E-06
v -1.06313895 0.664920816 -0.0724193723
v -1.02941142 0.579678614 -0.0724193723
v -1.02941142 0.579678614 -7.23932813E-06
v -1.04267888 0.462555634 -7.23932813E-06
v -1.04267888 0.462555634 -0.0724193723
v 1.32058099 0.108756756 -7.23932813E-06
v 0.339372289 0.108756756 -7.23932813E-06
v 0.339372289 0.108756756 0.0537429748
v 1.32058099 0.108756756 0.0537429748
v 1.3241773 0.112353064 -7.23932813E-06
v 1.32053239 0.112353064 0.0573878808
v 0.339372289 0.112353064 0.0573878808
v 0.339372289 0.174705256 0.0573878808
v 1.3241773 0.112353064 0.0537429748
v 1.3202894 0.152155437 0.0573878808
v 1.3239343 0.15205824 0.0537429748
v 1.3239343 0.15205824 -7.23932813E-06
v 1.32704462 0.195991507 -7.23932813E-06
v 1.32349691 0.197012081 0.0573878808
v 0.339372289 0.24434726 0.0573878808
v 1.32704462 0.195991507 0.0537429748
v 1.3511496 0.241674329 0.053694376
v 1.3511496 0.241674329 -7.23932813E-06
v 1.35562069 0.24434726 -7.23932813E-06
v 1.34803928 0.243326687 0.0573878808
v 1.35557209 0.24434726 0.053694376
v 1.35046922 0.24784637 0.0573878808
v 0.339372289 0.292557217 0.0573878808
v 1.35557209 0.24784637 0.0573878808
v 1.35255897 0.292557217 0.0573878808
v 0.339372289 0.34169055 0.0573878808
v 1.35255897 0.34169055 0.0573878808
v 1.47113991 0.24434726 0.053499981
v 1.4713829 0.24434726 -7.23932813E-06
v 1.47459042 0.247943568 -7.23932813E-06
v 1.47094551 0.247992166 0.0573878808
v 1.46861277 0.268743831 0.0573878808
v 1.48129705 0.313260283 0.0573878808
v 1.50374967 0.34169055 0.0573878808
v 1.47459042 0.247943568 0.0537429748
v 1.47230628 0.268452239 0.0537429748
v 1.47230628 0.268452239 -7.23932813E-06
v 1.48455316 0.311559327 -7.23932813E-06
v 1.48455316 0.311559327 0.0537429748
v 1.50836655 0.34169055 0.0537429748
v 1.50836655 0.34169055 -7.23932813E-06
v 1.32058099 0.108756756 -7.23932813E-06
v 0.339372289 0.108756756 -0.0537574534
v 0.339372289 0.108756756 -7.23932813E-06
v 1.32058099 0.108756756 -0.0537574534
v 1.3241773 0.112353064 -7.23932813E-06
v 1.32053239 0.112353064 -0.0573537607
v 0.339372289 0.112353064 -0.0573537607
v 0.339372289 0.174705256 -0.0573537607
v 1.3241773 0.112353064 -0.0537574534
v 1.3202894 0.152155437 -0.0573537607
v 1.3239343 0.15205824 -0.0537574534
v 1.3239343 0.15205824 -7.23932813E-06
v 1.32704462 0.195991507 -7.23932813E-06
v 1.32349691 0.197012081 -0.0573537607
v 0.339372289 0.24434726 -0.0573537607
v 1.32704462 0.195991507 -0.0537574534
v 1.3511496 0.241674329 -0.0537088547
v 1.3511496 0.241674329 -7.23932813E-06
v 1.35562069 0.24434726 -7.23932813E-06
v 1.34803928 0.243326687 -0.0573537607
v 1.35557209 0.24434726 -0.0537088547
v 1.35046922 0.24784637 -0.0573537607
v 0.339372289 0.292557217 -0.0573537607
v 1.35557209 0.24784637 -0.0573537607
v 1.35255897 0.292557217 -0.0573537607
v 0.339372289 0.34169055 -0.0573537607
v 1.35255897 0.34169055 -0.0573537607
v 1.47113991 0.24434726 -0.0535144597
v 1.4713829 0.24434726 -7.23932813E-06
v 1.47459042 0.247943568 -7.23932813E-06
v 1.47094551 0.247992166 -0.0573537607
v 1.46861277 0.268743831 -0.0573537607
v 1.48129705 0.313260283 -0.0573537607
v 1.50374967 0.34169055 -0.0573537607
v 1.47459042 0.247943568 -0.0537574534
v 1.47230628 0.268452239 -0.0537574534
v 1.47230628 0.268452239 -7.23932813E-06
v 1.48455316 0.311559327 -7.23932813E-06
v 1.48455316 0.311559327 -0.0537574534
v 1.50836655 0.34169055 -0.0537574534
v 1.50836655 0.34169055 -7.23932813E-06
v 1.5449614 1.12636592 0.0323109274
v 1.5449614 1.12636592 -7.23932813E-06
v 7.23932813E-06 1.12636592 -7.23932813E-06
v 7.23932813E-06 1.12636592 -7.23932813E-06
v 1.5449614 1.13127439 0.0372194008
v 7.23932813E-06 1.13127439 -7.23932813E-06
v 1.5449614 1.19751448 0.0372194008
v 7.23932813E-06 1.19751448 -7.23932813E-06
v 1.5449614 1.20242296 0.0323109274
v 7.23932813E-06 1.20242296 -7.23932813E-06
v 1.5449614 1.20242296 -7.23932813E-06
v 7.23932813E-06 1.20242296 -7.23932813E-06
v 1.5449614 1.12636592 0.0323109274
v 1.5449614 1.13127439 0.0372194008
v 1.5449614 1.13127439 -7.23932813E-06
v 1.5449614 1.12636592 -7.23932813E-06
v 1.5449614 1.13127439 0.0372194008
v 1.5449614 1.19751448 0.0372194008
v 1.5449614 1.19751448 -7.23932813E-06
v 1.5449614 1.13127439 -7.23932813E-06
v 1.5449614 1.19751448 0.0372194008
v 1.5449614 1.20242296 0.0323109274
v 1.5449614 1.20242296 -7.23932813E-06
v 1.5449614 1.19751448 -7.23932813E-06
v 1.5449614 1.12636592 -0.0322768073
v 7.23932813E-06 1.12636592 -7.23932813E-06
v 1.5449614 1.12636592 -7.23932813E-06
v 7.23932813E-06 1.12636592 -7.23932813E-06
v 1.5449614 1.13127439 -0.0371852807
v 7.23932813E-06 1.13127439 -7.23932813E-06
v 1.5449614 1.19751448 -0.0371852807
v 7.23932813E-06 1.19751448 -7.23932813E-06
v 1.5449614 1.20242296 -0.0322768073
v 7.23932813E-06 1.20242296 -7.23932813E-06
v 1.5449614 1.20242296 -7.23932813E-06
v 7.23932813E-06 1.20242296 -7.23932813E-06
v 1.5449614 1.12636592 -0.0322768073
v 1.5449614 1.12636592 -7.23932813E-06
v 1.5449614 1.13127439 -7.23932813E-06
v 1.5449614 1.13127439 -0.0371852807
v 1.5449614 1.13127439 -0.0371852807
v 1.5449614 1.13127439 -7.23932813E-06
v 1.5449614 1.19751448 -7.23932813E-06
v 1.5449614 1.19751448 -0.0371852807
v 1.5449614 1.19751448 -0.0371852807
v 1.5449614 1.19751448 -7.23932813E-06
v 1.5449614 1.20242296 -7.23932813E-06
v 1.5449614 1.20242296 -0.0322768073
v 1.40577459 1.00647281 -7.23932813E-06
v 7.23932813E-06 1.00647281 0.0887340726
v 7.23932813E-06 1.00647281 -7.23932813E-06
v 1.40577459 1.00647281 0.0887340726
v 7.23932813E-06 1.00127274 0.0940799347
v 1.40577459 1.00127274 0.0940799347
v 7.23932813E-06 0.934838257 0.0940799347
v 1.5449614 1.00647281 0.0887340726
v 1.5449614 1.00647281 -7.23932813E-06
v 1.5449614 1.00127274 0.0940799347
v 1.5449614 1.00127274 -7.23932813E-06
v 1.5449614 0.929589592 0.0940799347
v 1.40577459 0.934838257 0.0940799347
v 7.23932813E-06 0.929589592 0.0882480851
v 1.40577459 0.929589592 0.0877620976
v 7.23932813E-06 0.929589592 -7.23932813E-06
v 1.40577459 0.929589592 -7.23932813E-06
v 1.35532909 0.90563041 -7.23932813E-06
v 1.41287001 0.929589592 0.0940799347
v 1.35960578 0.901596714 0.0905322262
v 1.5449614 0.902277096 0.0904836275
v 1.35532909 0.90563041 0.085380759
v 1.34036068 0.870153325 -7.23932813E-06
v 1.34609533 0.870104726 0.0875191039
v 1.5449614 0.868063578 0.0870817152
v 1.34036068 0.870153325 0.0820274455
v 1.36009177 0.837154775 -7.23932813E-06
v 1.36378528 0.840945478 0.0861097402
v 1.5449614 0.833752863 0.085963944
v 1.5449614 0.767852962 0.085963944
v 1.36009177 0.837154775 0.0806666806
v 1.48921864 0.771595066 0.085963944
v 1.5449614 0.717310265 0.085963944
v 1.48518495 0.767852962 0.0806180818
v 1.48518495 0.767852962 -7.23932813E-06
v 1.51483018 0.717164469 0.085963944
v 1.5449614 0.679792033 0.085963944
v 1.50899833 0.717310265 0.0806180818
v 1.50899833 0.717310265 -7.23932813E-06
v 1.49257196 0.675369547 0.085963944
v 1.5449614 0.624729653 0.085963944
v 1.48902425 0.679792033 0.0806180818
v 1.48902425 0.679792033 -7.23932813E-06
v 1.2891376 0.620064173 0.085963944
v 1.5449614 0.591536708 0.085963944
v 1.28627027 0.624729653 0.0806180818
v 1.28627027 0.624729653 -7.23932813E-06
v 1.26391485 0.591002122 0.085963944
v 1.5449614 0.564467206 0.085963944
v 1.25749982 0.591536708 0.0806180818
v 1.25749982 0.591536708 -7.23932813E-06
v 1.2774253 0.568452304 0.085963944
v 1.5449614 0.54259777 0.085963944
v 1.2737318 0.564467206 0.0806180818
v 1.2737318 0.564467206 -7.23932813E-06
v 1.32898857 0.54259777 0.085963944
v 1.3277736 0.537349106 0.0806180818
v 1.3277736 0.537349106 -7.23932813E-06
v 1.5449614 0.537349106 -7.23932813E-06
v 1.5449614 0.537349106 0.0806180818
v 1.5449614 0.54259777 -7.23932813E-06
v 1.5449614 0.54259777 0.085963944
v 1.5449614 0.564467206 -7.23932813E-06
v 1.5449614 0.564467206 0.085963944
v 1.5449614 0.564467206 0.085963944
v 1.5449614 0.591536708 -7.23932813E-06
v 1.5449614 0.564467206 -7.23932813E-06
v 1.5449614 0.591536708 0.085963944
v 1.5449614 0.624729653 -7.23932813E-06
v 1.5449614 0.624729653 0.085963944
v 1.5449614 0.679792033 -7.23932813E-06
v 1.5449614 0.679792033 0.085963944
v 1.5449614 0.717310265 -7.23932813E-06
v 1.5449614 0.717310265 0.085963944
v 1.5449614 0.767852962 0.085963944
v 1.5449614 0.767852962 -7.23932813E-06
v 1.5449614 0.717310265 -7.23932813E-06
v 1.5449614 0.767852962 0.085963944
v 1.5449614 0.833752863 -7.23932813E-06
v 1.5449614 0.833752863 0.085963944
v 1.5449614 0.868063578 -7.23932813E-06
v 1.5449614 0.868063578 0.0870817152
v 1.5449614 0.902277096 -7.23932813E-06
v 1.5449614 0.902277096 0.0904836275
v 1.5449614 0.902277096 0.0904836275
v 1.5449614 0.929589592 -7.23932813E-06
v 1.5449614 0.929589592 0.0940799347
v 1.5449614 1.00127274 0.0940799347
v 1.5449614 0.929589592 -7.23932813E-06
v 1.40577459 1.00647281 -7.23932813E-06
v 7.23932813E-06 1.00647281 -7.23932813E-06
v 7.23932813E-06 1.00647281 -0.0887485512
v 1.40577459 1.00647281 -0.0887485512
v 7.23932813E-06 1.00127274 -0.0940944134
v 1.5449614 1.00647281 -0.0887485512
v 1.5449614 1.00647281 -7.23932813E-06
v 1.40577459 1.00127274 -0.0940944134
v 7.23932813E-06 0.934838257 -0.0940944134
v 1.5449614 1.00127274 -0.0940944134
v 1.5449614 1.00127274 -7.23932813E-06
v 1.40577459 0.934838257 -0.0940944134
v 7.23932813E-06 0.929589592 -0.0882625638
v 1.40577459 0.929589592 -0.0877765763
v 7.23932813E-06 0.929589592 -7.23932813E-06
v 1.40577459 0.929589592 -7.23932813E-06
v 1.35532909 0.90563041 -7.23932813E-06
v 1.41287001 0.929589592 -0.0940944134
v 1.5449614 0.929589592 -0.0940944134
v 1.35960578 0.901596714 -0.0905467049
v 1.5449614 0.902277096 -0.0904495074
v 1.35532909 0.90563041 -0.0853952377
v 1.34036068 0.870153325 -7.23932813E-06
v 1.34609533 0.870104726 -0.0874849838
v 1.5449614 0.868063578 -0.0870961938
v 1.34036068 0.870153325 -0.0820419242
v 1.36009177 0.837154775 -7.23932813E-06
v 1.36378528 0.840945478 -0.0861242189
v 1.5449614 0.833752863 -0.0859784227
v 1.5449614 0.767852962 -0.0859784227
v 1.36009177 0.837154775 -0.0806811592
v 1.48921864 0.771595066 -0.0859784227
v 1.5449614 0.717310265 -0.0859784227
v 1.48518495 0.767852962 -0.0806325605
v 1.48518495 0.767852962 -7.23932813E-06
v 1.51483018 0.717164469 -0.0859784227
v 1.5449614 0.679792033 -0.0859784227
v 1.50899833 0.717310265 -0.0806325605
v 1.50899833 0.717310265 -7.23932813E-06
v 1.49257196 0.675369547 -0.0859784227
v 1.5449614 0.624729653 -0.0859784227
v 1.48902425 0.679792033 -0.0806325605
v 1.48902425 0.679792033 -7.23932813E-06
v 1.2891376 0.620064173 -0.0859784227
v 1.5449614 0.591536708 -0.0859784227
v 1.28627027 0.624729653 -0.0806325605
v 1.28627027 0.624729653 -7.23932813E-06
v 1.26391485 0.591002122 -0.0859784227
v 1.5449614 0.564467206 -0.0859784227
v 1.25749982 0.591536708 -0.0806325605
v 1.25749982 0.591536708 -7.23932813E-06
v 1.2774253 0.568452304 -0.0859784227
v 1.5449614 0.54259777 -0.0859784227
v 1.2737318 0.564467206 -0.0806325605
v 1.2737318 0.564467206 -7.23932813E-06
v 1.32898857 0.54259777 -0.0859784227
v 1.3277736 0.537349106 -0.0806325605
v 1.3277736 0.537349106 -7.23932813E-06
v 1.5449614 0.537349106 -7.23932813E-06
v 1.5449614 0.537349106 -0.0806325605
v 1.5449614 0.54259777 -7.23932813E-06
v 1.5449614 0.54259777 -0.0859784227
v 1.5449614 0.564467206 -7.23932813E-06
v 1.5449614 0.564467206 -0.0859784227
v 1.5449614 0.564467206 -0.0859784227
v 1.5449614 0.564467206 -7.23932813E-06
v 1.5449614 0.591536708 -7.23932813E-06
v 1.5449614 0.591536708 -0.0859784227
v 1.5449614 0.624729653 -7.23932813E-06
v 1.5449614 0.624729653 -0.0859784227
v 1.5449614 0.679792033 -7.23932813E-06
v 1.5449614 0.679792033 -0.0859784227
v 1.5449614 0.717310265 -7.23932813E-06
v 1.5449614 0.717310265 -0.0859784227
v 1.5449614 0.717310265 -7.23932813E-06
v 1.5449614 0.767852962 -7.23932813E-06
v 1.5449614 0.767852962 -0.0859784227
v 1.5449614 0.767852962 -0.0859784227
v 1.5449614 0.833752863 -7.23932813E-06
v 1.5449614 0.833752863 -0.0859784227
v 1.5449614 0.868063578 -7.23932813E-06
v 1.5449614 0.868063578 -0.0870961938
v 1.5449614 0.902277096 -7.23932813E-06
v 1.5449614 0.902277096 -0.0904495074
v 1.5449614 0.902277096 -0.0904495074
v 1.5449614 0.929589592 -7.23932813E-06
v 1.5449614 0.929589592 -0.0940944134
v 1.5449614 0.929589592 -7.23932813E-06
v 1.5449614 1.00127274 -0.0940944134
v 0.178121647 0.838078152 0.078674132
v 0.178121647 0.838078152 -7.23932813E-06
v 0.0921990623 0.956610495 -7.23932813E-06
v 0.0921990623 0.956610495 0.078674132
v 0.244896325 0.589641357 0.078674132
v 0.244896325 0.589641357 -7.23932813E-06
v 0.222540902 0.664920816 -7.23932813E-06
v 0.222540902 0.664920816 0.078674132
v 0.272111623 0.37118999 0.078674132
v 0.272111623 0.37118999 -7.23932813E-06
v 0.272111623 0.397481912 -7.23932813E-06
v 0.272111623 0.397481912 0.078674132
v 0.272111623 0.397481912 -7.23932813E-06
v 0.272111623 0.472712772 -7.23932813E-06
v 0.272111623 0.472712772 0.078674132
v 0.272111623 0.37118999 -7.23932813E-06
v 0.272111623 0.324826785 0.078674132
v 0.272111623 0.318606146 -7.23932813E-06
v 0.272111623 0.318606146 0.0724048936
v 0.222540902 0.751475185 0.078674132
v 0.222540902 0.751475185 -7.23932813E-06
v 0.178121647 0.838078152 -7.23932813E-06
v 0.178121647 0.838078152 0.078674132
v 0.222540902 0.664920816 0.078674132
v 0.222540902 0.664920816 -7.23932813E-06
v 0.222540902 0.751475185 -7.23932813E-06
v 0.222540902 0.751475185 0.078674132
v 0.272111623 0.472712772 0.078674132
v 0.272111623 0.472712772 -7.23932813E-06
v 0.244896325 0.589641357 -7.23932813E-06
v 0.244896325 0.589641357 0.078674132
v 1.54622497 0.318606146 0.0724048936
v 1.55239701 0.324875384 0.0724048936
v 1.55239701 0.324826785 -7.23932813E-06
v 1.54622497 0.318606146 -7.23932813E-06
v 1.54617637 0.324826785 0.078674132
v 1.54622497 0.318606146 0.0724048936
v 0.272111623 0.318606146 0.0724048936
v 0.272111623 0.324826785 0.078674132
v 1.55239701 0.324875384 0.0724048936
v 1.54617637 0.324826785 0.078674132
v 1.54569039 0.36535814 0.078674132
v 1.55191103 0.365163745 0.0726478873
v 1.55191103 0.365163745 0.0726478873
v 1.54583618 0.37157878 0.0726478873
v 1.54583618 0.37157878 -7.23932813E-06
v 1.55191103 0.36496935 -7.23932813E-06
v 1.54583618 0.37157878 0.0726478873
v 1.54569039 0.36535814 0.078674132
v 1.07540031 0.397481912 0.078674132
v 1.07899662 0.403508156 0.0724048936
v 1.05805056 0.668954512 0.078674132
v 1.06315343 0.664920816 0.0724048936
v 1.0293773 0.579678614 0.0724048936
v 1.02301086 0.580553392 0.078674132
v 1.06315343 0.664920816 0.0724048936
v 1.05805056 0.668954512 0.078674132
v 1.18635125 0.757258435 0.078674132
v 1.18892698 0.751475185 0.0724048936
v 1.18892698 0.751475185 0.0724048936
v 1.18635125 0.757258435 0.078674132
v 1.53193694 0.842938026 0.078674132
v 1.53193694 0.838078152 0.0724048936
v 1.07899662 0.403508156 0.0724048936
v 1.07540031 0.397481912 0.078674132
v 1.03666711 0.460465888 0.078674132
v 1.04269335 0.462555634 0.0724048936
v 1.04269335 0.462555634 0.0724048936
v 1.03666711 0.460465888 0.078674132
v 1.02301086 0.580553392 0.078674132
v 1.0293773 0.579678614 0.0724048936
v 1.53193694 0.842938026 0.078674132
v 0.178121647 0.838078152 0.078674132
v 0.0921990623 0.956610495 0.078674132
v 1.53193694 0.956610495 0.078674132
v 1.02301086 0.580553392 0.078674132
v 0.222540902 0.664920816 0.078674132
v 1.05805056 0.668954512 0.078674132
v 0.244896325 0.589641357 0.078674132
v 0.272111623 0.472712772 0.078674132
v 1.03666711 0.460465888 0.078674132
v 1.54569039 0.36535814 0.078674132
v 0.272111623 0.397481912 0.078674132
v 1.07540031 0.397481912 0.078674132
v 0.272111623 0.37118999 0.078674132
v 1.54617637 0.324826785 0.078674132
v 0.272111623 0.324826785 0.078674132
v 1.54569039 0.36535814 0.078674132
v 0.272111623 0.472712772 0.078674132
v 1.03666711 0.460465888 0.078674132
v 1.07540031 0.397481912 0.078674132
v 0.272111623 0.397481912 0.078674132
v 1.18635125 0.757258435 0.078674132
v 0.222540902 0.751475185 0.078674132
v 0.178121647 0.838078152 0.078674132
v 1.53193694 0.842938026 0.078674132
v 1.05805056 0.668954512 0.078674132
v 0.222540902 0.664920816 0.078674132
v 0.222540902 0.751475185 0.078674132
v 1.18635125 0.757258435 0.078674132
v 1.06315343 0.664920816 0.0724048936
v 1.06315343 0.664920816 -7.23932813E-06
v 1.0293773 0.579678614 -7.23932813E-06
v 1.0293773 0.579678614 0.0724048936
v 1.07899662 0.403508156 0.0724048936
v 1.07899662 0.403508156 -7.23932813E-06
v 1.54583618 0.37157878 -7.23932813E-06
v 1.54583618 0.37157878 0.0726478873
v 1.54622497 0.318606146 0.0724048936
v 1.54622497 0.318606146 -7.23932813E-06
v 0.272111623 0.318606146 -7.23932813E-06
v 0.272111623 0.318606146 0.0724048936
v 1.55191103 0.365163745 0.0726478873
v 1.55191103 0.36496935 -7.23932813E-06
v 1.55239701 0.324826785 -7.23932813E-06
v 1.55239701 0.324875384 0.0724048936
v 1.04269335 0.462555634 0.0724048936
v 1.04269335 0.462555634 -7.23932813E-06
v 1.07899662 0.403508156 -7.23932813E-06
v 1.07899662 0.403508156 0.0724048936
v 1.53193694 0.838078152 0.0724048936
v 1.53193694 0.838078152 -7.23932813E-06
v 1.18892698 0.751475185 -7.23932813E-06
v 1.18892698 0.751475185 0.0724048936
v 1.18892698 0.751475185 0.0724048936
v 1.18892698 0.751475185 -7.23932813E-06
v 1.06315343 0.664920816 -7.23932813E-06
v 1.06315343 0.664920816 0.0724048936
v 1.0293773 0.579678614 0.0724048936
v 1.0293773 0.579678614 -7.23932813E-06
v 1.04269335 0.462555634 -7.23932813E-06
v 1.04269335 0.462555634 0.0724048936
v 0.178121647 0.838078152 -0.0786400119
v 0.0921990623 0.956610495 -0.0786400119
v 0.0921990623 0.956610495 -7.23932813E-06
v 0.178121647 0.838078152 -7.23932813E-06
v 0.244896325 0.589641357 -0.0786400119
v 0.222540902 0.664920816 -0.0786400119
v 0.222540902 0.664920816 -7.23932813E-06
v 0.244896325 0.589641357 -7.23932813E-06
v 0.272111623 0.37118999 -0.0786400119
v 0.272111623 0.397481912 -7.23932813E-06
v 0.272111623 0.37118999 -7.23932813E-06
v 0.272111623 0.397481912 -0.0786400119
v 0.272111623 0.472712772 -0.0786400119
v 0.272111623 0.472712772 -7.23932813E-06
v 0.272111623 0.397481912 -7.23932813E-06
v 0.272111623 0.324826785 -0.0786400119
v 0.272111623 0.37118999 -7.23932813E-06
v 0.272111623 0.318606146 -0.0724193723
v 0.272111623 0.318606146 -7.23932813E-06
v 0.222540902 0.751475185 -0.0786400119
v 0.178121647 0.838078152 -0.0786400119
v 0.178121647 0.838078152 -7.23932813E-06
v 0.222540902 0.751475185 -7.23932813E-06
v 0.222540902 0.664920816 -0.0786400119
v 0.222540902 0.751475185 -0.0786400119
v 0.222540902 0.751475185 -7.23932813E-06
v 0.222540902 0.664920816 -7.23932813E-06
v 0.272111623 0.472712772 -0.0786400119
v 0.244896325 0.589641357 -0.0786400119
v 0.244896325 0.589641357 -7.23932813E-06
v 0.272111623 0.472712772 -7.23932813E-06
v 1.54622497 0.318606146 -0.0723707735
v 1.54622497 0.318606146 -7.23932813E-06
v 1.55239701 0.324826785 -7.23932813E-06
v 1.55239701 0.324875384 -0.0723707735
v 1.54617637 0.324826785 -0.0786400119
v 0.272111623 0.324826785 -0.0786400119
v 0.272111623 0.318606146 -0.0724193723
v 1.54622497 0.318606146 -0.0723707735
v 1.55239701 0.324875384 -0.0723707735
v 1.55191103 0.365163745 -0.072662366
v 1.54569039 0.36535814 -0.0786400119
v 1.54617637 0.324826785 -0.0786400119
v 1.55191103 0.365163745 -0.072662366
v 1.55191103 0.36496935 -7.23932813E-06
v 1.54583618 0.37157878 -7.23932813E-06
v 1.54583618 0.37157878 -0.072662366
v 1.54583618 0.37157878 -0.072662366
v 1.07899662 0.403508156 -0.0724193723
v 1.07540031 0.397481912 -0.0786400119
v 1.54569039 0.36535814 -0.0786400119
v 1.05805056 0.668954512 -0.0786400119
v 1.02301086 0.580553392 -0.0786400119
v 1.0293773 0.579678614 -0.0724193723
v 1.06315343 0.664920816 -0.0724193723
v 1.06315343 0.664920816 -0.0724193723
v 1.18892698 0.751475185 -0.0724193723
v 1.18635125 0.757258435 -0.0786400119
v 1.05805056 0.668954512 -0.0786400119
v 1.18892698 0.751475185 -0.0724193723
v 1.53193694 0.838078152 -0.0724193723
v 1.53193694 0.842938026 -0.0786400119
v 1.18635125 0.757258435 -0.0786400119
v 1.07899662 0.403508156 -0.0724193723
v 1.04269335 0.462555634 -0.0724193723
v 1.03666711 0.460465888 -0.0786400119
v 1.07540031 0.397481912 -0.0786400119
v 1.04269335 0.462555634 -0.0724193723
v 1.0293773 0.579678614 -0.0724193723
v 1.02301086 0.580553392 -0.0786400119
v 1.03666711 0.460465888 -0.0786400119
v 1.53193694 0.842938026 -0.0786400119
v 1.53193694 0.956610495 -0.0786400119
v 0.0921990623 0.956610495 -0.0786400119
v 0.178121647 0.838078152 -0.0786400119
v 1.02301086 0.580553392 -0.0786400119
v 1.05805056 0.668954512 -0.0786400119
v 0.222540902 0.664920816 -0.0786400119
v 0.244896325 0.589641357 -0.0786400119
v 0.272111623 0.472712772 -0.0786400119
v 1.03666711 0.460465888 -0.0786400119
v 1.54569039 0.36535814 -0.0786400119
v 1.07540031 0.397481912 -0.0786400119
v 0.272111623 0.397481912 -0.0786400119
v 0.272111623 0.37118999 -0.0786400119
v 1.54617637 0.324826785 -0.0786400119
v 1.54569039 0.36535814 -0.0786400119
v 0.272111623 0.324826785 -0.0786400119
v 0.272111623 0.472712772 -0.0786400119
v 0.272111623 0.397481912 -0.0786400119
v 1.07540031 0.397481912 -0.0786400119
v 1.03666711 0.460465888 -0.0786400119
v 1.18635125 0.757258435 -0.0786400119
v 1.53193694 0.842938026 -0.0786400119
v 0.178121647 0.838078152 -0.0786400119
v 0.222540902 0.751475185 -0.0786400119
v 1.05805056 0.668954512 -0.0786400119
v 1.18635125 0.757258435 -0.0786400119
v 0.222540902 0.751475185 -0.0786400119
v 0.222540902 0.664920816 -0.0786400119
v 1.06315343 0.664920816 -0.0724193723
v 1.0293773 0.579678614 -0.0724193723
v 1.0293773 0.579678614 -7.23932813E-06
v 1.06315343 0.664920816 -7.23932813E-06
v 1.07899662 0.403508156 -0.0724193723
v 1.54583618 0.37157878 -0.072662366
v 1.54583618 0.37157878 -7.23932813E-06
v 1.07899662 0.403508156 -7.23932813E-06
v 1.54622497 0.318606146 -0.0723707735
v 0.272111623 0.318606146 -0.0724193723
v 0.272111623 0.318606146 -7.23932813E-06
v 1.54622497 0.318606146 -7.23932813E-06
v 1.55191103 0.365163745 -0.072662366
v 1.55239701 0.324875384 -0.0723707735
v 1.55239701 0.324826785 -7.23932813E-06
v 1.55191103 0.36496935 -7.23932813E-06
v 1.04269335 0.462555634 -0.0724193723
v 1.07899662 0.403508156 -0.0724193723
v 1.07899662 0.403508156 -7.23932813E-06
v 1.04269335 0.462555634 -7.23932813E-06
v 1.53193694 0.838078152 -0.0724193723
v 1.18892698 0.751475185 -0.0724193723
v 1.18892698 0.751475185 -7.23932813E-06
v 1.53193694 0.838078152 -7.23932813E-06
v 1.18892698 0.751475185 -0.0724193723
v 1.06315343 0.664920816 -0.0724193723
v 1.06315343 0.664920816 -7.23932813E-06
v 1.18892698 0.751475185 -7.23932813E-06
v 1.0293773 0.579678614 -0.0724193723
v 1.04269335 0.462555634 -0.0724193723
v 1.04269335 0.462555634 -7.23932813E-06
v 1.0293773 0.579678614 -7.23932813E-06
v 0.0104559699 0.246825796 -0.109548815
v 0.0109905561 0.246339809 -7.23932813E-06
v 0.00321475663 0.242597705 -7.23932813E-06
v 0.0993430781 0.164499519 -7.23932813E-06
v 0.0993430781 0.164499519 -0.108431044
v 0.159702722 0.131355174 -7.23932813E-06
v 0.159702722 0.131355174 -0.108431044
v 0.228567146 0.109048349 -7.23932813E-06
v 0.228567146 0.109048349 -0.108431044
v 0.525699885 0.109048349 -7.23932813E-06
v 0.525699885 0.109048349 -0.108431044
v 0.965421347 0.109048349 -7.23932813E-06
v 0.00321475663 0.242597705 -0.109548815
v 0.0142952709 0.231857382 -0.115477862
v 0.0951635858 0.158716268 -0.115477862
v 0.156883994 0.124842942 -0.115477862
v 0.0372824782 0.0955864959 -0.108431044
v 0.0372824782 0.0955864959 -7.23932813E-06
v 0.0438433091 0.098648217 -0.115477862
v 0.113290918 0.00708817772 -0.115477862
v 0.109791809 -7.23932813E-06 -0.108431044
v 0.109791809 -7.23932813E-06 -7.23932813E-06
v 0.227449375 0.10200153 -0.115477862
v 0.228567146 0.00708817772 -0.115477862
v 0.228567146 -7.23932813E-06 -0.108431044
v 0.228567146 -7.23932813E-06 -7.23932813E-06
v 0.525699885 0.00708817772 -0.115477862
v 0.525699885 -7.23932813E-06 -0.108431044
v 0.525699885 -7.23932813E-06 -7.23932813E-06
v 0.884553032 -7.23932813E-06 -0.108382445
v 0.884553032 -7.23932813E-06 -7.23932813E-06
v 0.891599851 0.00708817772 -7.23932813E-06
v 0.884553032 0.00708817772 -0.115477862
v 0.525699885 0.0545205547 -0.115477862
v 0.891599851 0.00708817772 -0.108382445
v 0.891502653 0.0313389524 -0.108431044
v 0.891502653 0.0313389524 -7.23932813E-06
v 0.884407236 0.0327969149 -0.115477862
v 0.901416798 0.0545205547 -0.108431044
v 0.901416798 0.0545205547 -7.23932813E-06
v 0.895584948 0.058894442 -0.115477862
v 0.525699885 0.10200153 -0.115477862
v 0.925132986 0.0834368092 -0.115477862
v 0.929263879 0.077702157 -0.108431044
v 0.929263879 0.077702157 -7.23932813E-06
v 0.965421347 0.109048349 -0.109694611
v 0.950501532 0.100592167 -0.115477862
v 0.96765689 0.101175352 -0.109694611
v 0.966927908 0.100737963 -7.23932813E-06
v -0.0104414913 0.246825796 -0.109548815
v -0.00320027797 0.242597705 -7.23932813E-06
v -0.0109760775 0.246339809 -7.23932813E-06
v -0.0993285994 0.164499519 -7.23932813E-06
v -0.0993285994 0.164499519 -0.108431044
v -0.159688243 0.131355174 -7.23932813E-06
v -0.159688243 0.131355174 -0.108431044
v -0.228552668 0.109048349 -7.23932813E-06
v -0.228552668 0.109048349 -0.108431044
v -0.525685406 0.109048349 -7.23932813E-06
v -0.525685406 0.109048349 -0.108431044
v -0.965455467 0.109048349 -7.23932813E-06
v -0.00320027797 0.242597705 -0.109548815
v -0.0142807923 0.231857382 -0.115477862
v -0.0951491072 0.158716268 -0.115477862
v -0.156869516 0.124842942 -0.115477862
v -0.0372679996 0.0955864959 -0.108431044
v -0.0372679996 0.0955864959 -7.23932813E-06
v -0.0438288304 0.098648217 -0.115477862
v -0.113325039 0.00708817772 -0.115477862
v -0.10977733 -7.23932813E-06 -0.108431044
v -0.10977733 -7.23932813E-06 -7.23932813E-06
v -0.227434896 0.10200153 -0.115477862
v -0.228552668 0.00708817772 -0.115477862
v -0.228552668 -7.23932813E-06 -0.108431044
v -0.228552668 -7.23932813E-06 -7.23932813E-06
v -0.525685406 0.00708817772 -0.115477862
v -0.525685406 -7.23932813E-06 -0.108431044
v -0.525685406 -7.23932813E-06 -7.23932813E-06
v -0.884538554 -7.23932813E-06 -0.108382445
v -0.884538554 -7.23932813E-06 -7.23932813E-06
v -0.891585372 0.00708817772 -7.23932813E-06
v -0.884538554 0.00708817772 -0.115477862
v -0.525685406 0.0545205547 -0.115477862
v -0.891585372 0.00708817772 -0.108382445
v -0.891488174 0.0313389524 -0.108431044
v -0.891488174 0.0313389524 -7.23932813E-06
v -0.884392757 0.0327969149 -0.115477862
v -0.901402319 0.0545205547 -0.108431044
v -0.901402319 0.0545205547 -7.23932813E-06
v -0.895570469 0.058894442 -0.115477862
v -0.525685406 0.10200153 -0.115477862
v -0.925118507 0.0834368092 -0.115477862
v -0.929249401 0.077702157 -0.108431044
v -0.929249401 0.077702157 -7.23932813E-06
v -0.965455467 0.109048349 -0.109694611
v -0.950487053 0.100592167 -0.115477862
v -0.967642411 0.101175352 -0.109694611
v -0.966962028 0.100737963 -7.23932813E-06
v 0.0104559699 0.246825796 0.109582935
v 0.00321475663 0.242597705 -7.23932813E-06
v 0.0109905561 0.246339809 -7.23932813E-06
v 0.0993430781 0.164499519 -7.23932813E-06
v 0.0993430781 0.164499519 0.108416565
v 0.159702722 0.131355174 -7.23932813E-06
v 0.159702722 0.131355174 0.108416565
v 0.228567146 0.109048349 -7.23932813E-06
v 0.228567146 0.109048349 0.108416565
v 0.525699885 0.109048349 -7.23932813E-06
v 0.525699885 0.109048349 0.108416565
v 0.965421347 0.109048349 -7.23932813E-06
v 0.00321475663 0.242597705 0.109582935
v 0.0142952709 0.231857382 0.115463383
v 0.0951635858 0.158716268 0.115463383
v 0.156883994 0.124842942 0.115463383
v 0.0372824782 0.0955864959 0.108416565
v 0.0372824782 0.0955864959 -7.23932813E-06
v 0.0438433091 0.098648217 0.115463383
v 0.113290918 0.00708817772 0.115463383
v 0.109791809 -7.23932813E-06 0.108416565
v 0.109791809 -7.23932813E-06 -7.23932813E-06
v 0.227449375 0.10200153 0.115463383
v 0.228567146 0.00708817772 0.115463383
v 0.228567146 -7.23932813E-06 0.108416565
v 0.228567146 -7.23932813E-06 -7.23932813E-06
v 0.525699885 0.00708817772 0.115463383
v 0.525699885 -7.23932813E-06 0.108416565
v 0.525699885 -7.23932813E-06 -7.23932813E-06
v 0.884553032 -7.23932813E-06 0.108416565
v 0.884553032 -7.23932813E-06 -7.23932813E-06
v 0.891599851 0.00708817772 -7.23932813E-06
v 0.884553032 0.00708817772 0.115463383
v 0.525699885 0.0545205547 0.115463383
v 0.891599851 0.00708817772 0.108416565
v 0.891502653 0.0313389524 0.108416565
v 0.891502653 0.0313389524 -7.23932813E-06
v 0.884407236 0.0327969149 0.115463383
v 0.901416798 0.0545205547 0.108416565
v 0.901416798 0.0545205547 -7.23932813E-06
v 0.895584948 0.058894442 0.115463383
v 0.525699885 0.10200153 0.115463383
v 0.925132986 0.0834368092 0.115463383
v 0.929263879 0.077702157 0.108416565
v 0.929263879 0.077702157 -7.23932813E-06
v 0.965421347 0.109048349 0.109680133
v 0.950501532 0.100592167 0.115463383
v 0.96765689 0.101175352 0.109680133
v 0.966927908 0.100737963 -7.23932813E-06
v -0.0104414913 0.246825796 0.109582935
v -0.0109760775 0.246339809 -7.23932813E-06
v -0.00320027797 0.242597705 -7.23932813E-06
v -0.0993285994 0.164499519 -7.23932813E-06
v -0.0993285994 0.164499519 0.108416565
v -0.159688243 0.131355174 -7.23932813E-06
v -0.159688243 0.131355174 0.108416565
v -0.228552668 0.109048349 -7.23932813E-06
v -0.228552668 0.109048349 0.108416565
v -0.525685406 0.109048349 -7.23932813E-06
v -0.525685406 0.109048349 0.108416565
v -0.965455467 0.109048349 -7.23932813E-06
v -0.00320027797 0.242597705 0.109582935
v -0.0142807923 0.231857382 0.115463383
v -0.0951491072 0.158716268 0.115463383
v -0.156869516 0.124842942 0.115463383
v -0.0372679996 0.0955864959 0.108416565
v -0.0372679996 0.0955864959 -7.23932813E-06
v -0.0438288304 0.098648217 0.115463383
v -0.113325039 0.00708817772 0.115463383
v -0.10977733 -7.23932813E-06 0.108416565
v -0.10977733 -7.23932813E-06 -7.23932813E-06
v -0.227434896 0.10200153 0.115463383
v -0.228552668 0.00708817772 0.115463383
v -0.228552668 -7.23932813E-06 0.108416565
v -0.228552668 -7.23932813E-06 -7.23932813E-06
v -0.525685406 0.00708817772 0.115463383
v -0.525685406 -7.23932813E-06 0.108416565
v -0.525685406 -7.23932813E-06 -7.23932813E-06
v -0.884538554 -7.23932813E-06 0.108416565
v -0.884538554 -7.23932813E-06 -7.23932813E-06
v -0.891585372 0.00708817772 -7.23932813E-06
v -0.884538554 0.00708817772 0.115463383
v -0.525685406 0.0545205547 0.115463383
v -0.891585372 0.00708817772 0.108416565
v -0.891488174 0.0313389524 0.108416565
v -0.891488174 0.0313389524 -7.23932813E-06
v -0.884392757 0.0327969149 0.115463383
v -0.901402319 0.0545205547 0.108416565
v -0.901402319 0.0545205547 -7.23932813E-06
v -0.895570469 0.058894442 0.115463383
v -0.525685406 0.10200153 0.115463383
v -0.925118507 0.0834368092 0.115463383
v -0.929249401 0.077702157 0.108416565
v -0.929249401 0.077702157 -7.23932813E-06
v -0.965455467 0.109048349 0.109680133
v -0.950487053 0.100592167 0.115463383
v -0.967642411 0.101175352 0.109680133
v -0.966962028 0.100737963 -7.23932813E-06
v 0.0153158446 0.275985045 -0.10196741
v 7.23932813E-06 0.213924445 -0.10196741
v 0.00374934284 0.213924445 -0.105612316
v 7.23932813E-06 0.212417884 -0.1023562
v 7.23932813E-06 0.211980495 -0.10196741
v 0.175983302 0.101807136 -0.10196741
v 0.0186205594 0.27423549 -0.105612316
v 0.117178818 0.212223489 -0.105612316
v 0.177441264 0.105160449 -0.105612316
v 0.0583743344 0.32268844 -0.10196741
v 0.060366883 0.319480923 -0.105612316
v 0.117178818 0.339746601 -0.10196741
v 0.117178818 0.335955898 -0.105612316
v 0.175983302 0.32268844 -0.10196741
v 0.173990753 0.319480923 -0.105612316
v 0.218993193 0.275985045 -0.10196741
v 0.215591281 0.274332687 -0.105612316
v 0.228858739 0.212223489 -0.10196741
v 0.225213833 0.212369285 -0.105612316
v 0.224387654 0.19278399 -0.10196741
v 0.21947918 0.187583924 -0.105612316
v 0.258795567 0.202795332 -0.10196741
v 0.259281554 0.0829994204 -0.105612316
v 0.258795567 0.0793545144 -0.10196741
v 0.258795567 0.199004629 -0.105612316
v 0.293154881 0.19278399 -0.10196741
v 0.294175455 0.188701695 -0.105612316
v 0.328048781 0.227434896 -0.10196741
v 0.318329032 0.0829994204 -0.105612316
v 0.318329032 0.0793545144 -0.10196741
v 0.371593258 0.145643205 -0.105612316
v 0.414117162 0.0829994204 -0.105612316
v 0.415137736 0.0793545144 -0.10196741
v 0.329944132 0.224227379 -0.105612316
v 0.371593258 0.240070571 -0.10196741
v 0.443859595 0.100737963 -0.105612316
v 0.447018514 0.0984052232 -0.10196741
v 0.371593258 0.236328467 -0.105612316
v 0.415137736 0.227434896 -0.10196741
v 0.454940109 0.145643205 -0.105612316
v 0.458682213 0.145643205 -0.10196741
v 0.413145187 0.224227379 -0.105612316
v 0.447018514 0.192881187 -0.10196741
v 0.443713799 0.191083034 -0.105612316
v 0.00374934284 0.213924445 0.105597838
v 7.23932813E-06 0.213924445 0.10200153
v 0.0153158446 0.275985045 0.10200153
v 7.23932813E-06 0.212417884 0.102341722
v 7.23932813E-06 0.211980495 0.10200153
v 0.175983302 0.101807136 0.10200153
v 0.0186205594 0.27423549 0.105597838
v 0.0583743344 0.32268844 0.10200153
v 0.117178818 0.212223489 0.105597838
v 0.177441264 0.105160449 0.105597838
v 0.060366883 0.319480923 0.105597838
v 0.117178818 0.339746601 0.10200153
v 0.117178818 0.335955898 0.105597838
v 0.175983302 0.32268844 0.10200153
v 0.173990753 0.319480923 0.105597838
v 0.218993193 0.275985045 0.10200153
v 0.215591281 0.274332687 0.105597838
v 0.228858739 0.212223489 0.10200153
v 0.225213833 0.212369285 0.105597838
v 0.224387654 0.19278399 0.10200153
v 0.21947918 0.187583924 0.105597838
v 0.258795567 0.202795332 0.10200153
v 0.259281554 0.0829994204 0.105597838
v 0.258795567 0.0793545144 0.10200153
v 0.258795567 0.199004629 0.105597838
v 0.293154881 0.19278399 0.10200153
v 0.294175455 0.188701695 0.105597838
v 0.328048781 0.227434896 0.10200153
v 0.318329032 0.0829994204 0.105597838
v 0.318329032 0.0793545144 0.10200153
v 0.371593258 0.145643205 0.105597838
v 0.414117162 0.0829994204 0.105597838
v 0.415137736 0.0793545144 0.10200153
v 0.329944132 0.224227379 0.105597838
v 0.371593258 0.240070571 0.10200153
v 0.443859595 0.100737963 0.105597838
v 0.447018514 0.0984052232 0.10200153
v 0.371593258 0.236328467 0.105597838
v 0.415137736 0.227434896 0.10200153
v 0.454940109 0.145643205 0.105597838
v 0.458682213 0.145643205 0.10200153
v 0.413145187 0.224227379 0.105597838
v 0.447018514 0.192881187 0.10200153
v 0.443713799 0.191083034 0.105597838
v -0.00373486419 0.213924445 -0.105612316
v 7.23932813E-06 0.212417884 -0.1023562
v 7.23932813E-06 0.213924445 -0.10196741
v 7.23932813E-06 0.211980495 -0.10196741
v -0.0153499647 0.275985045 -0.10196741
v -0.175968823 0.101807136 -0.10196741
v -0.0186060807 0.27423549 -0.105612316
v -0.0583598557 0.32268844 -0.10196741
v -0.11716434 0.212223489 -0.105612316
v -0.177426786 0.105160449 -0.105612316
v -0.0603524044 0.319480923 -0.105612316
v -0.11716434 0.339746601 -0.10196741
v -0.11716434 0.335955898 -0.105612316
v -0.175968823 0.32268844 -0.10196741
v -0.173976275 0.319480923 -0.105612316
v -0.218978714 0.275985045 -0.10196741
v -0.215576802 0.274332687 -0.105612316
v -0.228892859 0.212223489 -0.10196741
v -0.225199354 0.212369285 -0.105612316
v -0.224421774 0.19278399 -0.10196741
v -0.219464702 0.187583924 -0.105612316
v -0.258781088 0.202795332 -0.10196741
v -0.259267076 0.0829994204 -0.105612316
v -0.258781088 0.0793545144 -0.10196741
v -0.258781088 0.199004629 -0.105612316
v -0.293140402 0.19278399 -0.10196741
v -0.294209575 0.188701695 -0.105612316
v -0.328034302 0.227434896 -0.10196741
v -0.318314553 0.0829994204 -0.105612316
v -0.318314553 0.0793545144 -0.10196741
v -0.37157878 0.145643205 -0.105612316
v -0.414151282 0.0829994204 -0.105612316
v -0.415123257 0.0793545144 -0.10196741
v -0.329929654 0.224227379 -0.105612316
v -0.37157878 0.240070571 -0.10196741
v -0.443845116 0.100737963 -0.105612316
v -0.447004035 0.0984052232 -0.10196741
v -0.37157878 0.236328467 -0.105612316
v -0.415123257 0.227434896 -0.10196741
v -0.454974229 0.145643205 -0.105612316
v -0.458667734 0.145643205 -0.10196741
v -0.413130708 0.224227379 -0.105612316
v -0.447004035 0.192881187 -0.10196741
v -0.44369932 0.191083034 -0.105612316
v 7.23932813E-06 0.213924445 0.10200153
v 7.23932813E-06 0.212417884 0.102341722
v -0.00373486419 0.213924445 0.105597838
v 7.23932813E-06 0.211980495 0.10200153
v -0.0153499647 0.275985045 0.10200153
v -0.175968823 0.101807136 0.10200153
v -0.0186060807 0.27423549 0.105597838
v -0.11716434 0.212223489 0.105597838
v -0.177426786 0.105160449 0.105597838
v -0.0583598557 0.32268844 0.10200153
v -0.0603524044 0.319480923 0.105597838
v -0.11716434 0.339746601 0.10200153
v -0.11716434 0.335955898 0.105597838
v -0.175968823 0.32268844 0.10200153
v -0.173976275 0.319480923 0.105597838
v -0.218978714 0.275985045 0.10200153
v -0.215576802 0.274332687 0.105597838
v -0.228892859 0.212223489 0.10200153
v -0.225199354 0.212369285 0.105597838
v -0.224421774 0.19278399 0.10200153
v -0.219464702 0.187583924 0.105597838
v -0.258781088 0.202795332 0.10200153
v -0.259267076 0.0829994204 0.105597838
v -0.258781088 0.0793545144 0.10200153
v -0.258781088 0.199004629 0.105597838
v -0.293140402 0.19278399 0.10200153
v -0.294209575 0.188701695 0.105597838
v -0.328034302 0.227434896 0.10200153
v -0.318314553 0.0829994204 0.105597838
v -0.318314553 0.0793545144 0.10200153
v -0.37157878 0.145643205 0.105597838
v -0.414151282 0.0829994204 0.105597838
v -0.415123257 0.0793545144 0.10200153
v -0.329929654 0.224227379 0.105597838
v -0.37157878 0.240070571 0.10200153
v -0.443845116 0.100737963 0.105597838
v -0.447004035 0.0984052232 0.10200153
v -0.37157878 0.236328467 0.105597838
v -0.415123257 0.227434896 0.10200153
v -0.454974229 0.145643205 0.105597838
v -0.458667734 0.145643205 0.10200153
v -0.413130708 0.224227379 0.105597838
v -0.447004035 0.192881187 0.10200153
v -0.44369932 0.191083034 0.105597838
v 0.0810699492 1.13798102 -7.23932813E-06
v 0.0936570247 1.22492418 -7.23932813E-06
v 0.0936570247 1.22492418 -0.0418507604
v 0.0810699492 1.13798102 -0.0416563655
v 0.0468078326 1.07431666 -7.23932813E-06
v 0.0810699492 1.31186734 -0.0416563655
v 0.0810699492 1.31186734 -7.23932813E-06
v 0.0468078326 1.07431666 -0.0414619705
v 7.23932813E-06 1.05103786 -7.23932813E-06
v 0.0468078326 1.37553169 -0.0414619705
v 0.0468078326 1.37553169 -7.23932813E-06
v 7.23932813E-06 1.05103786 -0.0417049642
v -0.0468419527 1.07431666 -7.23932813E-06
v 7.23932813E-06 1.39885909 -0.0417049642
v 7.23932813E-06 1.39885909 -7.23932813E-06
v -0.0468419527 1.07431666 -0.0414619705
v -0.0811040693 1.13798102 -7.23932813E-06
v -0.0468419527 1.37553169 -0.0414619705
v -0.0468419527 1.37553169 -7.23932813E-06
v -0.0811040693 1.13798102 -0.0416563655
v -0.093642546 1.22492418 -7.23932813E-06
v -0.0811040693 1.31186734 -0.0416563655
v -0.0811040693 1.31186734 -7.23932813E-06
v -0.093642546 1.22492418 -0.0418507604
v 0.0456900614 1.37193539 -0.0460302527
v 7.23932813E-06 1.394874 -0.0459816539
v -0.0456755828 1.37193539 -0.0460302527
v -0.078674132 1.3092916 -0.0462246477
v 7.23932813E-06 1.22492418 -0.0756268896
v 0.0785914131 1.3091944 -0.0462246477
v -0.0903378312 1.22492418 -0.0463704439
v -0.0785769345 1.14070255 -0.0462246477
v 0.0903523099 1.22492418 -0.0463704439
v -0.0456755828 1.07796157 -0.0460302527
v 0.0786400119 1.14060535 -0.0462246477
v 7.23932813E-06 1.05502296 -0.0459816539
v 0.0456900614 1.07796157 -0.0460302527
v 1.15957334 1.26205362 -7.23932813E-06
v 1.14212639 1.30773644 -7.23932813E-06
v 1.14212639 1.30773644 -0.0193009419
v 1.15957334 1.26205362 -0.0193009419
v 1.14032824 1.21743997 -7.23932813E-06
v 1.0990193 1.32017772 -0.0193009419
v 1.0990193 1.32017772 -7.23932813E-06
v 1.14032824 1.21743997 -0.0193009419
v 1.0990193 1.20392952 -7.23932813E-06
v -1.09900482 1.32017772 -0.0193009419
v -1.09900482 1.32017772 -7.23932813E-06
v 1.0990193 1.20392952 -0.0193009419
v -1.09900482 1.20392952 -7.23932813E-06
v -1.14211191 1.30773644 -0.0193009419
v -1.14211191 1.30773644 -7.23932813E-06
v -1.09900482 1.20392952 -0.0193009419
v -1.14031376 1.21743997 -7.23932813E-06
v -1.15955886 1.26205362 -0.0193009419
v -1.15955886 1.26205362 -7.23932813E-06
v -1.14031376 1.21743997 -0.0193009419
v 1.09853332 1.3170674 -0.0224112617
v -1.09856744 1.3170674 -0.0224112617
v -1.13973057 1.30516071 -0.0224112617
v -1.15620555 1.26215082 -0.0224112617
v -1.13802962 1.21996711 -0.0224112617
v -1.09851884 1.20708844 -0.0224112617
v 1.13974505 1.30516071 -0.0224112617
v 1.09848472 1.20708844 -0.0224112617
v 1.15617143 1.26215082 -0.0224112617
v 1.1379955 1.21996711 -0.0224112617
v -1.006813 1.23605329 -0.0224112617
v -0.969051775 1.22871488 -0.0224112617
v 0.969017654 1.22871488 -0.0224112617
v 1.00682748 1.23605329 -0.0224112617
v 1.02573239 1.26195642 -0.0224112617
v 1.00847984 1.28868573 -0.0224112617
v -1.02571791 1.26195642 -0.0224112617
v 0.969017654 1.29544096 -0.0224112617
v -1.00846536 1.28868573 -0.0224112617
v -0.969003176 1.29544096 -0.0224112617
v 0.968726062 1.2318738 -0.0193009419
v 1.00502933 1.23887202 -0.0193009419
v 1.02189309 1.26205362 -0.0193009419
v 1.00658449 1.28581841 -0.0193009419
v 0.968726062 1.29228204 -0.0193009419
v -0.968711583 1.29228204 -0.0193009419
v -0.968711583 1.2318738 -0.0193009419
v -1.00661861 1.28581841 -0.0193009419
v -1.00501485 1.23887202 -0.0193009419
v -1.02192721 1.26205362 -0.0193009419
v 1.00658449 1.28581841 -0.0112821486
v 0.968726062 1.29228204 -0.0112821486
v -0.968711583 1.29228204 -0.0112821486
v -1.00661861 1.28581841 -0.0112821486
v -1.02192721 1.26205362 -0.0112821486
v -1.00501485 1.23887202 -0.0112821486
v 1.02189309 1.26205362 -0.0112821486
v -0.968711583 1.2318738 -0.0112821486
v 1.00502933 1.23887202 -0.0112821486
v 0.968726062 1.2318738 -0.0112821486
v -0.96846859 1.28912312 -0.00817182881
v -1.00472325 1.28295108 -0.00817182881
v -1.01808791 1.26219942 -0.00817182881
v -1.00321669 1.24173934 -0.00817182881
v -0.968711583 1.26205362 -0.00817182881
v 0.968726062 1.26205362 -0.00817182881
v 0.968483068 1.28912312 -0.00817182881
v -0.968419991 1.23503272 -0.00817182881
v 1.00468913 1.28295108 -0.00817182881
v 0.96843447 1.23503272 -0.00817182881
v 1.01810239 1.26219942 -0.00817182881
v 1.00323117 1.24173934 -0.00817182881
v 0.101530022 1.456643 -7.23932813E-06
v 0.117227417 1.51530169 -7.23932813E-06
v 0.117227417 1.51530169 -0.0204673118
v 0.101530022 1.456643 -0.0204673118
v 0.0586173281 1.41373031 -7.23932813E-06
v 0.101530022 1.57391178 -0.0204673118
v 0.101530022 1.57391178 -7.23932813E-06
v 0.0586173281 1.41373031 -0.0204673118
v 7.23932813E-06 1.39803291 -7.23932813E-06
v 0.0586173281 1.61682447 -0.0204673118
v 0.0586173281 1.61682447 -7.23932813E-06
v 7.23932813E-06 1.39803291 -0.0204673118
v -0.0586028495 1.41373031 -7.23932813E-06
v 7.23932813E-06 1.63252187 -0.0204673118
v 7.23932813E-06 1.63252187 -7.23932813E-06
v -0.0586028495 1.41373031 -0.0204673118
v -0.101515543 1.456643 -7.23932813E-06
v -0.0586028495 1.61682447 -0.0204673118
v -0.0586028495 1.61682447 -7.23932813E-06
v -0.101515543 1.456643 -0.0204673118
v -0.117261537 1.51530169 -7.23932813E-06
v -0.101515543 1.57391178 -0.0204673118
v -0.101515543 1.57391178 -7.23932813E-06
v -0.117261537 1.51530169 -0.0204673118
v 0.0570135695 1.61405434 -0.0235290328
v 7.23932813E-06 1.62931435 -0.0235290328
v -0.0570476896 1.61405434 -0.0235290328
v -0.0987940132 1.57230802 -0.0235290328
v -0.11405402 1.51530169 -0.0235290328
v -0.0987940132 1.45824676 -0.0235290328
v 0.0987598931 1.57230802 -0.0235290328
v -0.0570476896 1.41650044 -0.0235290328
v 0.114068498 1.51530169 -0.0235290328
v 7.23932813E-06 1.40124043 -0.0235290328
v 0.0987598931 1.45824676 -0.0235290328
v 0.0570135695 1.41650044 -0.0235290328
v 0.0360189108 1.57770248 -0.0235290328
v 0.0624080304 1.55131336 -0.0235290328
v 0.072079181 1.51530169 -0.0235290328
v 0.0624080304 1.47924142 -0.0235290328
v 0.0360189108 1.4528523 -0.0235290328
v 7.23932813E-06 1.44322975 -0.0235290328
v 7.23932813E-06 1.58737363 -0.0235290328
v -0.0360530309 1.4528523 -0.0235290328
v -0.0360530309 1.57770248 -0.0235290328
v -0.0623935517 1.47924142 -0.0235290328
v -0.0623935517 1.55131336 -0.0235290328
v -0.0720647024 1.51530169 -0.0235290328
v 7.23932813E-06 1.44663166 -0.0207103055
v -0.034303476 1.45581682 -0.0207103055
v -0.0594290282 1.48094238 -0.0207103055
v -0.0686627901 1.51530169 -0.0207103055
v -0.0594290282 1.54961241 -0.0207103055
v -0.034303476 1.57473796 -0.0207103055
v 0.0343179547 1.45581682 -0.0207103055
v 7.23932813E-06 1.58392312 -0.0207103055
v 0.0594435068 1.48094238 -0.0207103055
v 0.0343179547 1.57473796 -0.0207103055
v 0.06862867 1.51530169 -0.0207103055
v 0.0594435068 1.54961241 -0.0207103055
v -0.0558327209 1.54752266 -0.0060820827
v -0.0322137299 1.57109305 -0.0060820827
v 7.23932813E-06 1.57974363 -0.0060820827
v 0.0322282085 1.57109305 -0.0060820827
v 0.0557986008 1.54752266 -0.0060820827
v 0.0644491778 1.51530169 -0.0060820827
v -0.0644346991 1.51530169 -0.0060820827
v 0.0557986008 1.48308072 -0.0060820827
v -0.0558327209 1.48308072 -0.0060820827
v 0.0322282085 1.45946173 -0.0060820827
v -0.0322137299 1.45946173 -0.0060820827
v 7.23932813E-06 1.45085975 -0.0060820827
v 0.0609986667 1.51530169 -0.00326335537
v 0.0528340772 1.48478168 -0.00326335537
v 0.0305272524 1.46242625 -0.00326335537
v 7.23932813E-06 1.45426166 -0.00326335537
v 7.23932813E-06 1.51530169 -0.00326335537
v 0.0528340772 1.5457731 -0.00326335537
v -0.0305127737 1.46242625 -0.00326335537
v -0.0528681973 1.48478168 -0.00326335537
v 0.0305272524 1.56812853 -0.00326335537
v -0.0610327868 1.51530169 -0.00326335537
v 7.23932813E-06 1.57629312 -0.00326335537
v -0.0528681973 1.5457731 -0.00326335537
v -0.0305127737 1.56812853 -0.00326335537
v 0.101530022 1.456643 -7.23932813E-06
v 0.117227417 1.51530169 0.0204528331
v 0.117227417 1.51530169 -7.23932813E-06
v 0.101530022 1.456643 0.0204528331
v 0.0586173281 1.41373031 -7.23932813E-06
v 0.101530022 1.456643 -7.23932813E-06
v 0.0987598931 1.45824676 0.0235631529
v 0.0586173281 1.41373031 -7.23932813E-06
v 0.117227417 1.51530169 -7.23932813E-06
v 0.101530022 1.57391178 0.0204528331
v 0.101530022 1.57391178 -7.23932813E-06
v 0.101530022 1.57391178 -7.23932813E-06
v 0.0586173281 1.61682447 0.0204528331
v 0.0586173281 1.61682447 -7.23932813E-06
v 0.0586173281 1.61682447 -7.23932813E-06
v 7.23932813E-06 1.63252187 0.0204528331
v 7.23932813E-06 1.63252187 -7.23932813E-06
v 7.23932813E-06 1.63252187 -7.23932813E-06
v -0.0586028495 1.61682447 0.0204528331
v -0.0586028495 1.61682447 -7.23932813E-06
v -0.0586028495 1.61682447 -7.23932813E-06
v -0.101515543 1.57391178 0.0204528331
v -0.101515543 1.57391178 -7.23932813E-06
v -0.101515543 1.57391178 -7.23932813E-06
v -0.117261537 1.51530169 0.0204528331
v -0.117261537 1.51530169 -7.23932813E-06
v -0.117261537 1.51530169 -7.23932813E-06
v -0.101515543 1.456643 0.0204528331
v -0.101515543 1.456643 -7.23932813E-06
v -0.101515543 1.456643 -7.23932813E-06
v -0.0586028495 1.41373031 0.0204528331
v -0.0586028495 1.41373031 -7.23932813E-06
v -0.0586028495 1.41373031 -7.23932813E-06
v 7.23932813E-06 1.39803291 0.0204528331
v 7.23932813E-06 1.39803291 -7.23932813E-06
v -0.0570476896 1.41650044 0.0235631529
v -0.0987940132 1.45824676 0.0235631529
v -0.0360530309 1.4528523 0.0235631529
v -0.0623935517 1.47924142 0.0235631529
v -0.0594290282 1.48094238 0.0206958269
v -0.0686627901 1.51530169 0.0206958269
v -0.0558327209 1.48308072 0.00606760404
v -0.0644346991 1.51530169 0.00606760404
v -0.0610327868 1.51530169 0.00324887672
v -0.0528681973 1.5457731 0.00324887672
v 7.23932813E-06 1.51530169 0.00324887672
v -0.0528681973 1.48478168 0.00324887672
v -0.0305127737 1.56812853 0.00324887672
v 7.23932813E-06 1.57629312 0.00324887672
v 0.0305272524 1.56812853 0.00324887672
v 0.0528340772 1.5457731 0.00324887672
v 0.0609986667 1.51530169 0.00324887672
v 0.0528340772 1.48478168 0.00324887672
v 0.0305272524 1.46242625 0.00324887672
v 7.23932813E-06 1.45426166 0.00324887672
v -0.0305127737 1.46242625 0.00324887672
v -0.0594290282 1.54961241 0.0206958269
v -0.0720647024 1.51530169 0.0235631529
v -0.0623935517 1.55131336 0.0235631529
v -0.034303476 1.57473796 0.0206958269
v -0.0360530309 1.57770248 0.0235631529
v 7.23932813E-06 1.58392312 0.0206958269
v 7.23932813E-06 1.58737363 0.0235631529
v 0.0343179547 1.57473796 0.0206958269
v 0.0360189108 1.57770248 0.0235631529
v 0.0594435068 1.54961241 0.0206958269
v 0.0624080304 1.55131336 0.0235631529
v 0.06862867 1.51530169 0.0206958269
v 0.072079181 1.51530169 0.0235631529
v 0.0594435068 1.48094238 0.0206958269
v 0.0624080304 1.47924142 0.0235631529
v 0.0343179547 1.45581682 0.0206958269
v 0.0570135695 1.41650044 0.0235631529
v 0.0360189108 1.4528523 0.0235631529
v 7.23932813E-06 1.44663166 0.0206958269
v 7.23932813E-06 1.44322975 0.0235631529
v -0.034303476 1.45581682 0.0206958269
v 7.23932813E-06 1.45085975 0.00606760404
v -0.0322137299 1.45946173 0.00606760404
v 0.0586173281 1.41373031 0.0204528331
v 0.0322282085 1.45946173 0.00606760404
v 7.23932813E-06 1.40124043 0.0235631529
v 0.0557986008 1.48308072 0.00606760404
v 0.0644491778 1.51530169 0.00606760404
v 0.0557986008 1.54752266 0.00606760404
v 0.0322282085 1.57109305 0.00606760404
v 7.23932813E-06 1.57974363 0.00606760404
v -0.0322137299 1.57109305 0.00606760404
v -0.0558327209 1.54752266 0.00606760404
v 0.0758212845 0.505079538 -0.121455508
v 0.0767932595 0.557225993 -0.121455508
v 0.0735857422 0.558586758 -0.118247991
v 0.106487094 0.591731103 -0.118247991
v 0.0726137673 0.504010365 -0.118247991
v 0.0972533319 0.477281054 -0.121455508
v 0.0911298898 0.479953985 -0.118247991
v 0.108090853 0.588815179 -0.121455508
v 0.150760552 0.601207859 -0.118247991
v 0.150809151 0.597951743 -0.121455508
v 0.188132989 0.594209639 -0.118247991
v 0.188764772 0.590856326 -0.121455508
v 0.207232296 0.606310727 -0.118247991
v 0.0594435068 0.473879142 -0.121455508
v 0.0582771369 0.476989462 -0.118247991
v 0.151683929 0.315107036 -0.121455508
v 0.207961277 0.603006013 -0.121455508
v 0.206892105 0.36030387 -0.121455508
v 0.230802689 0.603394803 -0.118247991
v 0.22919893 0.60038168 -0.121455508
v 0.253352507 0.577686066 -0.118247991
v 0.253984291 0.57209721 -0.121455508
v 0.270264871 0.608886461 -0.118247991
v 0.272694808 0.60660232 -0.121455508
v 0.295098831 0.623368888 -0.118247991
v 0.0267851489 0.449045182 -0.121455508
v 0.0239178228 0.450891935 -0.118247991
v 0.0171139982 0.406958668 -0.121455508
v 0.0138092835 0.407007266 -0.118247991
v 0.0268823464 0.360741259 -0.121455508
v 0.0239178228 0.359331896 -0.118247991
v 0.0595893031 0.321181879 -0.121455508
v 0.0578397482 0.318265954 -0.118247991
v 0.110860981 0.310490155 -0.121455508
v 0.110715185 0.307234039 -0.118247991
v 0.152461508 0.311948117 -0.118247991
v 0.189736747 0.330221246 -0.121455508
v 0.19197229 0.327645513 -0.118247991
v 0.207766882 0.355346798 -0.118247991
v 0.238772883 0.33318577 -0.121455508
v 0.237752309 0.329881055 -0.118247991
v 0.2691471 0.336101694 -0.121455508
v 0.271674235 0.333088572 -0.118247991
v 0.295973608 0.62016137 -0.121455508
v 0.328291775 0.623709079 -0.118247991
v 0.276874301 0.364823554 -0.121455508
v 0.279498633 0.36224782 -0.118247991
v 0.327222602 0.620501562 -0.121455508
v 0.355798666 0.602179834 -0.118247991
v 0.353174333 0.600187285 -0.121455508
v 0.369940901 0.567140137 -0.118247991
v 0.318620624 0.377216234 -0.121455508
v 0.320078587 0.37430031 -0.118247991
v 0.367996951 0.563398034 -0.121455508
v 0.412367607 0.577345874 -0.118247991
v 0.344620954 0.396752931 -0.121455508
v 0.344280763 0.392427642 -0.118247991
v 0.364254848 0.376001266 -0.121455508
v 0.36260249 0.373085341 -0.118247991
v 0.41227041 0.573992561 -0.121455508
v 0.464076674 0.560530708 -0.118247991
v 0.410618052 0.364483363 -0.121455508
v 0.410618052 0.361178648 -0.118247991
v 0.461792533 0.557857777 -0.121455508
v 0.488133054 0.513244127 -0.118247991
v 0.458487818 0.376292858 -0.121455508
v 0.460626163 0.37352273 -0.118247991
v 0.484974135 0.51236935 -0.121455508
v 0.493235922 0.434659953 -0.118247991
v 0.489931207 0.435388934 -0.121455508
v 0.0758212845 0.505079538 0.121441029
v 0.0726137673 0.504010365 0.118233512
v 0.0735857422 0.558586758 0.118233512
v 0.0972533319 0.477281054 0.121441029
v 0.0911298898 0.479953985 0.118233512
v 0.0767932595 0.557225993 0.121441029
v 0.106487094 0.591731103 0.118233512
v 0.108090853 0.588815179 0.121441029
v 0.150760552 0.601207859 0.118233512
v 0.150809151 0.597951743 0.121441029
v 0.188132989 0.594209639 0.118233512
v 0.188764772 0.590856326 0.121441029
v 0.207232296 0.606310727 0.118233512
v 0.0594435068 0.473879142 0.121441029
v 0.0582771369 0.476989462 0.118233512
v 0.151683929 0.315107036 0.121441029
v 0.207961277 0.603006013 0.121441029
v 0.206892105 0.36030387 0.121441029
v 0.230802689 0.603394803 0.118233512
v 0.22919893 0.60038168 0.121441029
v 0.253352507 0.577686066 0.118233512
v 0.253984291 0.57209721 0.121441029
v 0.270264871 0.608886461 0.118233512
v 0.272694808 0.60660232 0.121441029
v 0.295098831 0.623368888 0.118233512
v 0.0267851489 0.449045182 0.121441029
v 0.0239178228 0.450891935 0.118233512
v 0.0171139982 0.406958668 0.121441029
v 0.0138092835 0.407007266 0.118233512
v 0.0268823464 0.360741259 0.121441029
v 0.0239178228 0.359331896 0.118233512
v 0.0595893031 0.321181879 0.121441029
v 0.0578397482 0.318265954 0.118233512
v 0.110860981 0.310490155 0.121441029
v 0.110715185 0.307234039 0.118233512
v 0.152461508 0.311948117 0.118233512
v 0.189736747 0.330221246 0.121441029
v 0.19197229 0.327645513 0.118233512
v 0.207766882 0.355346798 0.118233512
v 0.238772883 0.33318577 0.121441029
v 0.237752309 0.329881055 0.118233512
v 0.2691471 0.336101694 0.121441029
v 0.271674235 0.333088572 0.118233512
v 0.295973608 0.62016137 0.121441029
v 0.328291775 0.623709079 0.118233512
v 0.276874301 0.364823554 0.121441029
v 0.279498633 0.36224782 0.118233512
v 0.327222602 0.620501562 0.121441029
v 0.355798666 0.602179834 0.118233512
v 0.353174333 0.600187285 0.121441029
v 0.369940901 0.567140137 0.118233512
v 0.318620624 0.377216234 0.121441029
v 0.320078587 0.37430031 0.118233512
v 0.367996951 0.563398034 0.121441029
v 0.412367607 0.577345874 0.118233512
v 0.344620954 0.396752931 0.121441029
v 0.344280763 0.392427642 0.118233512
v 0.364254848 0.376001266 0.121441029
v 0.36260249 0.373085341 0.118233512
v 0.41227041 0.573992561 0.121441029
v 0.464076674 0.560530708 0.118233512
v 0.410618052 0.364483363 0.121441029
v 0.410618052 0.361178648 0.118233512
v 0.461792533 0.557857777 0.121441029
v 0.488133054 0.513244127 0.118233512
v 0.458487818 0.376292858 0.121441029
v 0.460626163 0.37352273 0.118233512
v 0.484974135 0.51236935 0.121441029
v 0.493235922 0.434659953 0.118233512
v 0.489931207 0.435388934 0.121441029
v -0.0758068059 0.505079538 -0.121455508
v -0.0725992886 0.504010365 -0.118247991
v -0.0735712635 0.558586758 -0.118247991
v -0.0972388533 0.477281054 -0.121455508
v -0.0911640099 0.479953985 -0.118247991
v -0.0767787808 0.557225993 -0.121455508
v -0.106472615 0.591731103 -0.118247991
v -0.108124973 0.588815179 -0.121455508
v -0.150746074 0.601207859 -0.118247991
v -0.150794672 0.597951743 -0.121455508
v -0.18811851 0.594209639 -0.118247991
v -0.188798893 0.590856326 -0.121455508
v -0.207217818 0.606310727 -0.118247991
v -0.0594776269 0.473879142 -0.121455508
v -0.0582626582 0.476989462 -0.118247991
v -0.15166945 0.315107036 -0.121455508
v -0.207946799 0.603006013 -0.121455508
v -0.23078821 0.603394803 -0.118247991
v -0.0267706702 0.449045182 -0.121455508
v -0.0239033442 0.450891935 -0.118247991
v -0.0170995196 0.406958668 -0.121455508
v -0.0137948048 0.407007266 -0.118247991
v -0.0269164665 0.360741259 -0.121455508
v -0.0239033442 0.359331896 -0.118247991
v -0.0596234232 0.321181879 -0.121455508
v -0.0578252695 0.318265954 -0.118247991
v -0.110846502 0.310490155 -0.121455508
v -0.110700706 0.307234039 -0.118247991
v -0.15244703 0.311948117 -0.118247991
v -0.189770867 0.330221246 -0.121455508
v -0.191957811 0.327645513 -0.118247991
v -0.206877626 0.36030387 -0.121455508
v -0.207752404 0.355346798 -0.118247991
v -0.229184451 0.60038168 -0.121455508
v -0.253386627 0.577686066 -0.118247991
v -0.254018411 0.57209721 -0.121455508
v -0.270298991 0.608886461 -0.118247991
v -0.238807003 0.33318577 -0.121455508
v -0.237737831 0.329881055 -0.118247991
v -0.27268033 0.60660232 -0.121455508
v -0.295084352 0.623368888 -0.118247991
v -0.269132621 0.336101694 -0.121455508
v -0.271659756 0.333088572 -0.118247991
v -0.29595913 0.62016137 -0.121455508
v -0.328325895 0.623709079 -0.118247991
v -0.276859822 0.364823554 -0.121455508
v -0.279484154 0.36224782 -0.118247991
v -0.327208124 0.620501562 -0.121455508
v -0.355832786 0.602179834 -0.118247991
v -0.353159855 0.600187285 -0.121455508
v -0.369926422 0.567140137 -0.118247991
v -0.318606146 0.377216234 -0.121455508
v -0.320064108 0.37430031 -0.118247991
v -0.367982472 0.563398034 -0.121455508
v -0.412401727 0.577345874 -0.118247991
v -0.344606475 0.396752931 -0.121455508
v -0.344266284 0.392427642 -0.118247991
v -0.364288968 0.376001266 -0.121455508
v -0.362588012 0.373085341 -0.118247991
v -0.412255931 0.573992561 -0.121455508
v -0.464062195 0.560530708 -0.118247991
v -0.410603574 0.364483363 -0.121455508
v -0.410603574 0.361178648 -0.118247991
v -0.461826653 0.557857777 -0.121455508
v -0.488118575 0.513244127 -0.118247991
v -0.458473339 0.376292858 -0.121455508
v -0.460611684 0.37352273 -0.118247991
v -0.484959656 0.51236935 -0.121455508
v -0.493221443 0.434659953 -0.118247991
v -0.489965327 0.435388934 -0.121455508
v -0.0758068059 0.505079538 0.121441029
v -0.0767787808 0.557225993 0.121441029
v -0.0735712635 0.558586758 0.118233512
v -0.106472615 0.591731103 0.118233512
v -0.0725992886 0.504010365 0.118233512
v -0.0972388533 0.477281054 0.121441029
v -0.0911640099 0.479953985 0.118233512
v -0.108124973 0.588815179 0.121441029
v -0.150746074 0.601207859 0.118233512
v -0.150794672 0.597951743 0.121441029
v -0.18811851 0.594209639 0.118233512
v -0.188798893 0.590856326 0.121441029
v -0.207217818 0.606310727 0.118233512
v -0.0594776269 0.473879142 0.121441029
v -0.0582626582 0.476989462 0.118233512
v -0.15166945 0.315107036 0.121441029
v -0.207946799 0.603006013 0.121441029
v -0.23078821 0.603394803 0.118233512
v -0.0267706702 0.449045182 0.121441029
v -0.0239033442 0.450891935 0.118233512
v -0.0170995196 0.406958668 0.121441029
v -0.0137948048 0.407007266 0.118233512
v -0.0269164665 0.360741259 0.121441029
v -0.0239033442 0.359331896 0.118233512
v -0.0596234232 0.321181879 0.121441029
v -0.0578252695 0.318265954 0.118233512
v -0.110846502 0.310490155 0.121441029
v -0.110700706 0.307234039 0.118233512
v -0.15244703 0.311948117 0.118233512
v -0.189770867 0.330221246 0.121441029
v -0.191957811 0.327645513 0.118233512
v -0.206877626 0.36030387 0.121441029
v -0.207752404 0.355346798 0.118233512
v -0.229184451 0.60038168 0.121441029
v -0.253386627 0.577686066 0.118233512
v -0.254018411 0.57209721 0.121441029
v -0.270298991 0.608886461 0.118233512
v -0.238807003 0.33318577 0.121441029
v -0.237737831 0.329881055 0.118233512
v -0.27268033 0.60660232 0.121441029
v -0.295084352 0.623368888 0.118233512
v -0.269132621 0.336101694 0.121441029
v -0.271659756 0.333088572 0.118233512
v -0.29595913 0.62016137 0.121441029
v -0.328325895 0.623709079 0.118233512
v -0.276859822 0.364823554 0.121441029
v -0.279484154 0.36224782 0.118233512
v -0.327208124 0.620501562 0.121441029
v -0.355832786 0.602179834 0.118233512
v -0.353159855 0.600187285 0.121441029
v -0.369926422 0.567140137 0.118233512
v -0.318606146 0.377216234 0.121441029
v -0.320064108 0.37430031 0.118233512
v -0.367982472 0.563398034 0.121441029
v -0.412401727 0.577345874 0.118233512
v -0.344606475 0.396752931 0.121441029
v -0.344266284 0.392427642 0.118233512
v -0.364288968 0.376001266 0.121441029
v -0.362588012 0.373085341 0.118233512
v -0.412255931 0.573992561 0.121441029
v -0.464062195 0.560530708 0.118233512
v -0.410603574 0.364483363 0.121441029
v -0.410603574 0.361178648 0.118233512
v -0.461826653 0.557857777 0.121441029
v -0.488118575 0.513244127 0.118233512
v -0.458473339 0.376292858 0.121441029
v -0.460611684 0.37352273 0.118233512
v -0.484959656 0.51236935 0.121441029
v -0.493221443 0.434659953 0.118233512
v -0.489965327 0.435388934 0.121441029
v 0.0810699492 1.13798102 -7.23932813E-06
v 0.0936570247 1.22492418 0.0418362818
v 0.0936570247 1.22492418 -7.23932813E-06
v 0.0810699492 1.13798102 0.0416904855
v 0.0468078326 1.07431666 -7.23932813E-06
v 0.0810699492 1.31186734 0.0416904855
v 0.0810699492 1.31186734 -7.23932813E-06
v 0.0468078326 1.07431666 0.0414960906
v 7.23932813E-06 1.05103786 -7.23932813E-06
v 0.0468078326 1.37553169 0.0414960906
v 0.0468078326 1.37553169 -7.23932813E-06
v 7.23932813E-06 1.05103786 0.0416904855
v -0.0468419527 1.07431666 -7.23932813E-06
v 7.23932813E-06 1.39885909 0.0416904855
v 7.23932813E-06 1.39885909 -7.23932813E-06
v -0.0468419527 1.07431666 0.0414960906
v -0.0811040693 1.13798102 -7.23932813E-06
v -0.0468419527 1.37553169 0.0414960906
v -0.0468419527 1.37553169 -7.23932813E-06
v -0.0811040693 1.13798102 0.0416904855
v -0.093642546 1.22492418 -7.23932813E-06
v -0.0811040693 1.31186734 0.0416904855
v -0.0811040693 1.31186734 -7.23932813E-06
v -0.093642546 1.22492418 0.0418362818
v 0.0456900614 1.37193539 0.046015774
v 7.23932813E-06 1.394874 0.0459671753
v -0.0456755828 1.37193539 0.046015774
v -0.078674132 1.3092916 0.046210169
v 7.23932813E-06 1.22492418 0.0756124109
v 0.0785914131 1.3091944 0.046210169
v -0.0903378312 1.22492418 0.0463559652
v -0.0785769345 1.14070255 0.046210169
v 0.0903523099 1.22492418 0.0463559652
v -0.0456755828 1.07796157 0.046015774
v 0.0786400119 1.14060535 0.046210169
v 7.23932813E-06 1.05502296 0.0459671753
v 0.0456900614 1.07796157 0.046015774
v 1.00940321 0.352868262 -0.140506217
v 1.07015165 0.41191574 -0.140506217
v 1.06738152 0.413130708 -0.143324944
v 1.00809105 0.355443996 -0.143324944
v 0.9556044 0.344363481 -0.140506217
v 0.954000642 0.346939215 -0.143324944
v 0.931548021 0.310830346 -0.140506217
v 1.06932547 0.478739017 -0.143324944
v 1.0721442 0.479467998 -0.140506217
v 1.03428577 0.536814519 -0.143324944
v 1.03622972 0.539001463 -0.140506217
v 0.960464275 0.56898689 -0.143324944
v 0.960998861 0.571805617 -0.140506217
v 0.888829722 0.56820931 -0.143324944
v 0.888295136 0.570979438 -0.140506217
v 0.820451285 0.54298656 -0.143324944
v 0.818993323 0.545416498 -0.140506217
v 0.770637569 0.499053293 -0.143324944
v 0.768499225 0.500900045 -0.140506217
v 0.929555472 0.312822895 -0.143324944
v 0.890482079 0.282886067 -0.140506217
v 0.889412907 0.285558998 -0.143324944
v 0.84042537 0.274672878 -0.140506217
v 0.840473969 0.277491606 -0.143324944
v 0.789299488 0.284344029 -0.140506217
v 0.789931272 0.287065559 -0.143324944
v 0.76519451 0.290710465 -0.140506217
v 0.764465529 0.293820785 -0.143324944
v 0.717810732 0.248332358 -0.140506217
v 0.743276475 0.457209772 -0.143324944
v 0.742110105 0.460514487 -0.140506217
v 0.692150593 0.474219333 -0.143324944
v 0.692685179 0.476989462 -0.140506217
v 0.637088213 0.476649271 -0.143324944
v 0.636602225 0.479467998 -0.140506217
v 0.596070871 0.459785505 -0.143324944
v 0.594564309 0.462166844 -0.140506217
v 0.557191873 0.425620586 -0.143324944
v 0.56078818 0.432521608 -0.140506217
v 0.716352769 0.250810894 -0.143324944
v 0.651279047 0.225393749 -0.140506217
v 0.562100346 0.468679076 -0.143324944
v 0.650841658 0.228212476 -0.143324944
v 0.583775388 0.230059229 -0.143324944
v 0.583580993 0.227240501 -0.140506217
v 0.52861581 0.233072351 -0.140506217
v 0.564919074 0.468776274 -0.140506217
v 0.529198995 0.235793881 -0.143324944
v 0.452315777 0.256982934 -0.140506217
v 0.453725141 0.259510069 -0.143324944
v 0.393462695 0.308060218 -0.140506217
v 0.395649638 0.309858371 -0.143324944
v 0.367899754 0.352528071 -0.140506217
v 0.370669882 0.353305651 -0.143324944
v 0.36726797 0.434173966 -0.140506217
v 0.370038099 0.433833775 -0.143324944
v 0.385200908 0.511640368 -0.140506217
v 0.387728042 0.510133807 -0.143324944
v 0.431369717 0.552852106 -0.140506217
v 0.432876278 0.550470767 -0.143324944
v 0.463542088 0.566848545 -0.140506217
v 0.554032954 0.513827312 -0.143324944
v 0.556657287 0.514945083 -0.140506217
v 0.463930878 0.563981219 -0.143324944
v 0.526185872 0.558829752 -0.140506217
v 0.524582114 0.556205419 -0.143324944
v 1.00940321 0.352868262 0.140491738
v 1.06738152 0.413130708 0.143310465
v 1.07015165 0.41191574 0.140491738
v 1.00809105 0.355443996 0.143310465
v 0.9556044 0.344363481 0.140491738
v 0.954000642 0.346939215 0.143310465
v 0.931548021 0.310830346 0.140491738
v 1.06932547 0.478739017 0.143310465
v 1.0721442 0.479467998 0.140491738
v 1.03428577 0.536814519 0.143310465
v 1.03622972 0.539001463 0.140491738
v 0.960464275 0.56898689 0.143310465
v 0.960998861 0.571805617 0.140491738
v 0.888829722 0.56820931 0.143310465
v 0.888295136 0.570979438 0.140491738
v 0.820451285 0.54298656 0.143310465
v 0.818993323 0.545416498 0.140491738
v 0.770637569 0.499053293 0.143310465
v 0.768499225 0.500900045 0.140491738
v 0.929555472 0.312822895 0.143310465
v 0.890482079 0.282886067 0.140491738
v 0.889412907 0.285558998 0.143310465
v 0.84042537 0.274672878 0.140491738
v 0.840473969 0.277491606 0.143310465
v 0.789299488 0.284344029 0.140491738
v 0.789931272 0.287065559 0.143310465
v 0.76519451 0.290710465 0.140491738
v 0.764465529 0.293820785 0.143310465
v 0.717810732 0.248332358 0.140491738
v 0.743276475 0.457209772 0.143310465
v 0.742110105 0.460514487 0.140491738
v 0.692150593 0.474219333 0.143310465
v 0.692685179 0.476989462 0.140491738
v 0.637088213 0.476649271 0.143310465
v 0.636602225 0.479467998 0.140491738
v 0.596070871 0.459785505 0.143310465
v 0.594564309 0.462166844 0.140491738
v 0.557191873 0.425620586 0.143310465
v 0.56078818 0.432521608 0.140491738
v 0.716352769 0.250810894 0.143310465
v 0.651279047 0.225393749 0.140491738
v 0.562100346 0.468679076 0.143310465
v 0.650841658 0.228212476 0.143310465
v 0.583775388 0.230059229 0.143310465
v 0.583580993 0.227240501 0.140491738
v 0.52861581 0.233072351 0.140491738
v 0.564919074 0.468776274 0.140491738
v 0.529198995 0.235793881 0.143310465
v 0.452315777 0.256982934 0.140491738
v 0.453725141 0.259510069 0.143310465
v 0.393462695 0.308060218 0.140491738
v 0.395649638 0.309858371 0.143310465
v 0.367899754 0.352528071 0.140491738
v 0.370669882 0.353305651 0.143310465
v 0.36726797 0.434173966 0.140491738
v 0.370038099 0.433833775 0.143310465
v 0.385200908 0.511640368 0.140491738
v 0.387728042 0.510133807 0.143310465
v 0.431369717 0.552852106 0.140491738
v 0.432876278 0.550470767 0.143310465
v 0.463542088 0.566848545 0.140491738
v 0.554032954 0.513827312 0.143310465
v 0.556657287 0.514945083 0.140491738
v 0.463930878 0.563981219 0.143310465
v 0.526185872 0.558829752 0.140491738
v 0.524582114 0.556205419 0.143310465
v -1.00938873 0.352868262 -0.140506217
v -1.06741564 0.413130708 -0.143324944
v -1.07013717 0.41191574 -0.140506217
v -1.00807657 0.355443996 -0.143324944
v -0.955589922 0.344363481 -0.140506217
v -0.954034762 0.346939215 -0.143324944
v -0.931533542 0.310830346 -0.140506217
v -1.06931099 0.478739017 -0.143324944
v -1.07212972 0.479467998 -0.140506217
v -1.03427129 0.536814519 -0.143324944
v -1.03621524 0.539001463 -0.140506217
v -0.960449796 0.56898689 -0.143324944
v -0.961032981 0.571805617 -0.140506217
v -0.888815243 0.56820931 -0.143324944
v -0.888280657 0.570979438 -0.140506217
v -0.820485405 0.54298656 -0.143324944
v -0.819027443 0.545416498 -0.140506217
v -0.770623091 0.499053293 -0.143324944
v -0.768484746 0.500900045 -0.140506217
v -0.929589592 0.312822895 -0.143324944
v -0.890467601 0.282886067 -0.140506217
v -0.889447027 0.285558998 -0.143324944
v -0.84045949 0.274672878 -0.140506217
v -0.84045949 0.277491606 -0.143324944
v -0.78928501 0.284344029 -0.140506217
v -0.789916793 0.287065559 -0.143324944
v -0.765180031 0.290710465 -0.140506217
v -0.76445105 0.293820785 -0.143324944
v -0.717796253 0.248332358 -0.140506217
v -0.743261996 0.457209772 -0.143324944
v -0.742095626 0.460514487 -0.140506217
v -0.692136115 0.474219333 -0.143324944
v -0.692670701 0.476989462 -0.140506217
v -0.637122333 0.476649271 -0.143324944
v -0.636636346 0.479467998 -0.140506217
v -0.596056392 0.459785505 -0.143324944
v -0.594598429 0.462166844 -0.140506217
v -0.557177394 0.425620586 -0.143324944
v -0.560773702 0.432521608 -0.140506217
v -0.716338291 0.250810894 -0.143324944
v -0.651264568 0.225393749 -0.140506217
v -0.562085868 0.468679076 -0.143324944
v -0.65082718 0.228212476 -0.143324944
v -0.583809508 0.230059229 -0.143324944
v -0.583615113 0.227240501 -0.140506217
v -0.52864993 0.233072351 -0.140506217
v -0.564904595 0.468776274 -0.140506217
v -0.529184516 0.235793881 -0.143324944
v -0.452301298 0.256982934 -0.140506217
v -0.453710662 0.259510069 -0.143324944
v -0.393448216 0.308060218 -0.140506217
v -0.395635159 0.309858371 -0.143324944
v -0.367885275 0.352528071 -0.140506217
v -0.370704002 0.353305651 -0.143324944
v -0.367253491 0.434173966 -0.140506217
v -0.37002362 0.433833775 -0.143324944
v -0.385235028 0.511640368 -0.140506217
v -0.387713564 0.510133807 -0.143324944
v -0.431355238 0.552852106 -0.140506217
v -0.432910398 0.550470767 -0.143324944
v -0.463527609 0.566848545 -0.140506217
v -0.554018476 0.513827312 -0.143324944
v -0.556642808 0.514945083 -0.140506217
v -0.463916399 0.563981219 -0.143324944
v -0.526171394 0.558829752 -0.140506217
v -0.524567635 0.556205419 -0.143324944
v -1.00938873 0.352868262 0.140491738
v -1.07013717 0.41191574 0.140491738
v -1.06741564 0.413130708 0.143310465
v -1.00807657 0.355443996 0.143310465
v -0.955589922 0.344363481 0.140491738
v -0.954034762 0.346939215 0.143310465
v -0.931533542 0.310830346 0.140491738
v -1.06931099 0.478739017 0.143310465
v -1.07212972 0.479467998 0.140491738
v -1.03427129 0.536814519 0.143310465
v -1.03621524 0.539001463 0.140491738
v -0.960449796 0.56898689 0.143310465
v -0.961032981 0.571805617 0.140491738
v -0.888815243 0.56820931 0.143310465
v -0.888280657 0.570979438 0.140491738
v -0.820485405 0.54298656 0.143310465
v -0.819027443 0.545416498 0.140491738
v -0.770623091 0.499053293 0.143310465
v -0.768484746 0.500900045 0.140491738
v -0.929589592 0.312822895 0.143310465
v -0.890467601 0.282886067 0.140491738
v -0.889447027 0.285558998 0.143310465
v -0.84045949 0.274672878 0.140491738
v -0.84045949 0.277491606 0.143310465
v -0.78928501 0.284344029 0.140491738
v -0.789916793 0.287065559 0.143310465
v -0.765180031 0.290710465 0.140491738
v -0.76445105 0.293820785 0.143310465
v -0.717796253 0.248332358 0.140491738
v -0.743261996 0.457209772 0.143310465
v -0.742095626 0.460514487 0.140491738
v -0.692136115 0.474219333 0.143310465
v -0.692670701 0.476989462 0.140491738
v -0.637122333 0.476649271 0.143310465
v -0.636636346 0.479467998 0.140491738
v -0.596056392 0.459785505 0.143310465
v -0.594598429 0.462166844 0.140491738
v -0.557177394 0.425620586 0.143310465
v -0.560773702 0.432521608 0.140491738
v -0.716338291 0.250810894 0.143310465
v -0.651264568 0.225393749 0.140491738
v -0.562085868 0.468679076 0.143310465
v -0.65082718 0.228212476 0.143310465
v -0.583809508 0.230059229 0.143310465
v -0.583615113 0.227240501 0.140491738
v -0.52864993 0.233072351 0.140491738
v -0.564904595 0.468776274 0.140491738
v -0.529184516 0.235793881 0.143310465
v -0.452301298 0.256982934 0.140491738
v -0.453710662 0.259510069 0.143310465
v -0.393448216 0.308060218 0.140491738
v -0.395635159 0.309858371 0.143310465
v -0.367885275 0.352528071 0.140491738
v -0.370704002 0.353305651 0.143310465
v -0.367253491 0.434173966 0.140491738
v -0.37002362 0.433833775 0.143310465
v -0.385235028 0.511640368 0.140491738
v -0.387713564 0.510133807 0.143310465
v -0.431355238 0.552852106 0.140491738
v -0.432910398 0.550470767 0.143310465
v -0.463527609 0.566848545 0.140491738
v -0.554018476 0.513827312 0.143310465
v -0.556642808 0.514945083 0.140491738
v -0.463916399 0.563981219 0.143310465
v -0.526171394 0.558829752 0.140491738
v -0.524567635 0.556205419 0.143310465
v 1.15957334 1.26205362 -7.23932813E-06
v 1.15957334 1.26205362 0.0192864632
v 1.14212639 1.30773644 0.0192864632
v 1.14212639 1.30773644 -7.23932813E-06
v 1.14032824 1.21743997 -7.23932813E-06
v 1.0990193 1.32017772 0.0192864632
v 1.0990193 1.32017772 -7.23932813E-06
v 1.14032824 1.21743997 0.0192864632
v 1.0990193 1.20392952 -7.23932813E-06
v -1.09900482 1.32017772 0.0192864632
v -1.09900482 1.32017772 -7.23932813E-06
v 1.0990193 1.20392952 0.0192864632
v -1.09900482 1.20392952 -7.23932813E-06
v -1.14211191 1.30773644 0.0192864632
v -1.14211191 1.30773644 -7.23932813E-06
v -1.09900482 1.20392952 0.0192864632
v -1.14031376 1.21743997 -7.23932813E-06
v -1.15955886 1.26205362 0.0192864632
v -1.15955886 1.26205362 -7.23932813E-06
v -1.14031376 1.21743997 0.0192864632
v 1.09853332 1.3170674 0.022396783
v -1.09856744 1.3170674 0.022396783
v -1.13973057 1.30516071 0.022396783
v -1.15620555 1.26215082 0.022396783
v -1.13802962 1.21996711 0.022396783
v -1.09851884 1.20708844 0.022396783
v 1.13974505 1.30516071 0.022396783
v 1.09848472 1.20708844 0.022396783
v 1.15617143 1.26215082 0.022396783
v 1.1379955 1.21996711 0.022396783
v -1.006813 1.23605329 0.022396783
v -0.969051775 1.22871488 0.022396783
v 0.969017654 1.22871488 0.022396783
v 1.00682748 1.23605329 0.022396783
v 1.02573239 1.26195642 0.022396783
v 1.00847984 1.28868573 0.022396783
v -1.02571791 1.26195642 0.022396783
v 0.969017654 1.29544096 0.022396783
v -1.00846536 1.28868573 0.022396783
v -0.969003176 1.29544096 0.022396783
v 0.968726062 1.2318738 0.0192864632
v 1.00502933 1.23887202 0.0192864632
v 1.02189309 1.26205362 0.0192864632
v 1.00658449 1.28581841 0.0192864632
v 0.968726062 1.29228204 0.0192864632
v -0.968711583 1.29228204 0.0192864632
v -0.968711583 1.2318738 0.0192864632
v -1.00661861 1.28581841 0.0192864632
v -1.00501485 1.23887202 0.0192864632
v -1.02192721 1.26205362 0.0192864632
v 1.00658449 1.28581841 0.0113162687
v 0.968726062 1.29228204 0.0113162687
v -0.968711583 1.29228204 0.0113162687
v -1.00661861 1.28581841 0.0113162687
v -1.02192721 1.26205362 0.0113162687
v -1.00501485 1.23887202 0.0113162687
v 1.02189309 1.26205362 0.0113162687
v -0.968711583 1.2318738 0.0113162687
v 1.00502933 1.23887202 0.0113162687
v 0.968726062 1.2318738 0.0113162687
v -0.96846859 1.28912312 0.00815735016
v -1.00472325 1.28295108 0.00815735016
v -1.01808791 1.26219942 0.00815735016
v -1.00321669 1.24173934 0.00815735016
v -0.968711583 1.26205362 0.00815735016
v 0.968726062 1.26205362 0.00815735016
v 0.968483068 1.28912312 0.00815735016
v -0.968419991 1.23503272 0.00815735016
v 1.00468913 1.28295108 0.00815735016
v 0.96843447 1.23503272 0.00815735016
v 1.01810239 1.26219942 0.00815735016
v 1.00323117 1.24173934 0.00815735016
v 0.151100744 0.963560116 -0.166992534
v 0.152315712 1.03699282 -0.166992534
v 0.146483863 1.03883958 -0.161160684
v 0.18186375 1.09079164 -0.161160684
v 0.145268894 0.961956358 -0.161160684
v 0.185265663 1.08539717 -0.166992534
v 0.220888544 1.09686648 -0.161160684
v 0.190271334 0.899118178 -0.166992534
v 0.189202161 0.892314353 -0.160091512
v 0.219673575 1.09079164 -0.166992534
v 0.261419899 1.07246991 -0.161160684
v 0.242126197 0.821797571 -0.166992534
v 0.237266322 0.818590054 -0.161160684
v 0.264676015 1.06372213 -0.166992534
v 0.277165893 1.1194649 -0.161160684
v 0.297042781 0.736992758 -0.166992534
v 0.388116832 0.70277924 -0.166992534
v 0.29320348 0.732181482 -0.161160684
v 0.387387851 0.696801594 -0.161160684
v 0.504024844 0.715123322 -0.166992534
v 0.506406182 0.709485867 -0.161160684
v 0.282074367 1.11581999 -0.166992534
v 0.321633747 1.15095688 -0.161160684
v 0.323723493 1.14527083 -0.166992534
v 0.387971036 1.15664294 -0.161160684
v 0.388068234 1.15076249 -0.166992534
v 0.445074564 1.15338682 -0.161160684
v 0.443373608 1.14760357 -0.166992534
v 0.507523954 1.11761814 -0.161160684
v 0.50378185 1.11300126 -0.166992534
v 0.563606908 1.05458557 -0.161160684
v 0.558261045 1.05181544 -0.166992534
v 0.574590224 1.00661861 -0.161160684
v 0.55923302 0.762021113 -0.166992534
v 0.564190093 0.758570602 -0.161160684
v 0.571334108 0.994614715 -0.166992534
v 0.609970112 1.04442843 -0.161160684
v 0.588003479 0.841382866 -0.166992534
v 0.590433416 0.830982735 -0.161160684
v 0.613372024 1.03947136 -0.166992534
v 0.673391477 1.07003997 -0.161160684
v 0.627319865 0.803816035 -0.166992534
v 0.624598335 0.798324377 -0.161160684
v 0.674800841 1.06430532 -0.166992534
v 0.790465858 1.08102329 -0.161160684
v 0.67674479 0.795651446 -0.166992534
v 0.677036383 0.7896738 -0.161160684
v 0.790320062 1.07514284 -0.166992534
v 0.892377431 1.06639506 -0.161160684
v 0.752121447 0.815479734 -0.166992534
v 0.745949406 0.807801132 -0.161160684
v 0.890190487 1.06080621 -0.166992534
v 0.951862297 1.02469734 -0.161160684
v 0.748816732 0.732327278 -0.166992534
v 0.742936284 0.730966513 -0.161160684
v 0.785119996 0.664337631 -0.166992534
v 0.780746109 0.660206738 -0.161160684
v 0.947196817 1.02085804 -0.166992534
v 0.975675683 0.97002375 -0.161160684
v 0.860350856 0.617342643 -0.166992534
v 0.858795696 0.611413596 -0.161160684
v 0.947148218 0.620841753 -0.166992534
v 0.949043569 0.615107101 -0.161160684
v 0.971836382 0.964240499 -0.166992534
v 1.04959438 0.968565787 -0.161160684
v 1.02203889 0.671578845 -0.166992534
v 1.02466322 0.66633018 -0.161160684
v 1.04755323 0.962733937 -0.166992534
v 1.12832435 0.906602385 -0.161160684
v 1.10140064 0.698065162 -0.166992534
v 1.10519134 0.693156688 -0.161160684
v 1.12336727 0.903054676 -0.166992534
v 1.15150595 0.838272547 -0.161160684
v 1.14091142 0.757258435 -0.166992534
v 1.14664607 0.755363084 -0.161160684
v 1.1456255 0.837494967 -0.166992534
v 0.151100744 0.963560116 0.166978055
v 0.145268894 0.961956358 0.161146206
v 0.146483863 1.03883958 0.161146206
v 0.190271334 0.899118178 0.166978055
v 0.189202161 0.892314353 0.160077033
v 0.152315712 1.03699282 0.166978055
v 0.18186375 1.09079164 0.161146206
v 0.185265663 1.08539717 0.166978055
v 0.220888544 1.09686648 0.161146206
v 0.219673575 1.09079164 0.166978055
v 0.261419899 1.07246991 0.161146206
v 0.242126197 0.821797571 0.166978055
v 0.237266322 0.818590054 0.161146206
v 0.264676015 1.06372213 0.166978055
v 0.277165893 1.1194649 0.161146206
v 0.297042781 0.736992758 0.166978055
v 0.388116832 0.70277924 0.166978055
v 0.29320348 0.732181482 0.161146206
v 0.387387851 0.696801594 0.161146206
v 0.504024844 0.715123322 0.166978055
v 0.506406182 0.709485867 0.161146206
v 0.282074367 1.11581999 0.166978055
v 0.321633747 1.15095688 0.161146206
v 0.323723493 1.14527083 0.166978055
v 0.387971036 1.15664294 0.161146206
v 0.388068234 1.15076249 0.166978055
v 0.445074564 1.15338682 0.161146206
v 0.443373608 1.14760357 0.166978055
v 0.507523954 1.11761814 0.161146206
v 0.50378185 1.11300126 0.166978055
v 0.563606908 1.05458557 0.161146206
v 0.558261045 1.05181544 0.166978055
v 0.574590224 1.00661861 0.161146206
v 0.55923302 0.762021113 0.166978055
v 0.564190093 0.758570602 0.161146206
v 0.571334108 0.994614715 0.166978055
v 0.609970112 1.04442843 0.161146206
v 0.588003479 0.841382866 0.166978055
v 0.590433416 0.830982735 0.161146206
v 0.613372024 1.03947136 0.166978055
v 0.673391477 1.07003997 0.161146206
v 0.627319865 0.803816035 0.166978055
v 0.624598335 0.798324377 0.161146206
v 0.674800841 1.06430532 0.166978055
v 0.790465858 1.08102329 0.161146206
v 0.67674479 0.795651446 0.166978055
v 0.677036383 0.7896738 0.161146206
v 0.790320062 1.07514284 0.166978055
v 0.892377431 1.06639506 0.161146206
v 0.752121447 0.815479734 0.166978055
v 0.745949406 0.807801132 0.161146206
v 0.890190487 1.06080621 0.166978055
v 0.951862297 1.02469734 0.161146206
v 0.748816732 0.732327278 0.166978055
v 0.742936284 0.730966513 0.161146206
v 0.785119996 0.664337631 0.166978055
v 0.780746109 0.660206738 0.161146206
v 0.947196817 1.02085804 0.166978055
v 0.975675683 0.97002375 0.161146206
v 0.860350856 0.617342643 0.166978055
v 0.858795696 0.611413596 0.161146206
v 0.947148218 0.620841753 0.166978055
v 0.949043569 0.615107101 0.161146206
v 0.971836382 0.964240499 0.166978055
v 1.04959438 0.968565787 0.161146206
v 1.02203889 0.671578845 0.166978055
v 1.02466322 0.66633018 0.161146206
v 1.04755323 0.962733937 0.166978055
v 1.12832435 0.906602385 0.161146206
v 1.10140064 0.698065162 0.166978055
v 1.10519134 0.693156688 0.161146206
v 1.12336727 0.903054676 0.166978055
v 1.15150595 0.838272547 0.161146206
v 1.14091142 0.757258435 0.166978055
v 1.14664607 0.755363084 0.161146206
v 1.1456255 0.837494967 0.166978055
v -0.151134864 0.963560116 -0.166992534
v -0.145254415 0.961956358 -0.161160684
v -0.146469384 1.03883958 -0.161160684
v -0.190256855 0.899118178 -0.166992534
v -0.189187682 0.892314353 -0.160091512
v -0.152301234 1.03699282 -0.166992534
v -0.181849272 1.09079164 -0.161160684
v -0.185251184 1.08539717 -0.166992534
v -0.220874065 1.09686648 -0.161160684
v -0.219659097 1.09079164 -0.166992534
v -0.26140542 1.07246991 -0.161160684
v -0.242160317 0.821797571 -0.166992534
v -0.237251843 0.818590054 -0.161160684
v -0.264661536 1.06372213 -0.166992534
v -0.277151414 1.1194649 -0.161160684
v -0.297028302 0.736992758 -0.166992534
v -0.388150952 0.70277924 -0.166992534
v -0.293189001 0.732181482 -0.161160684
v -0.387373373 0.696801594 -0.161160684
v -0.504010365 0.715123322 -0.166992534
v -0.506440302 0.709485867 -0.161160684
v -0.282108487 1.11581999 -0.166992534
v -0.321619268 1.15095688 -0.161160684
v -0.323709014 1.14527083 -0.166992534
v -0.387956557 1.15664294 -0.161160684
v -0.388053755 1.15076249 -0.166992534
v -0.445108684 1.15338682 -0.161160684
v -0.443359129 1.14760357 -0.166992534
v -0.507509475 1.11761814 -0.161160684
v -0.503767371 1.11300126 -0.166992534
v -0.563592429 1.05458557 -0.161160684
v -0.558246567 1.05181544 -0.166992534
v -0.574575746 1.00661861 -0.161160684
v -0.559218542 0.762021113 -0.166992534
v -0.564175614 0.758570602 -0.161160684
v -0.571368228 0.994614715 -0.166992534
v -0.609955633 1.04442843 -0.161160684
v -0.587989 0.841382866 -0.166992534
v -0.590467536 0.830982735 -0.161160684
v -0.613357546 1.03947136 -0.166992534
v -0.673376998 1.07003997 -0.161160684
v -0.627353985 0.803816035 -0.166992534
v -0.624583856 0.798324377 -0.161160684
v -0.674786362 1.06430532 -0.166992534
v -0.790499978 1.08102329 -0.161160684
v -0.676778911 0.795651446 -0.166992534
v -0.677070503 0.7896738 -0.161160684
v -0.790354182 1.07514284 -0.166992534
v -0.892362952 1.06639506 -0.161160684
v -0.752106968 0.815479734 -0.166992534
v -0.745983526 0.807801132 -0.161160684
v -0.890176008 1.06080621 -0.166992534
v -0.951896417 1.02469734 -0.161160684
v -0.748802253 0.732327278 -0.166992534
v -0.742921805 0.730966513 -0.161160684
v -0.785154116 0.664337631 -0.166992534
v -0.78073163 0.660206738 -0.161160684
v -0.947182338 1.02085804 -0.166992534
v -0.975709803 0.97002375 -0.161160684
v -0.860336378 0.617342643 -0.166992534
v -0.858781218 0.611413596 -0.161160684
v -0.94713374 0.620841753 -0.166992534
v -0.949029091 0.615107101 -0.161160684
v -0.971821903 0.964240499 -0.166992534
v -1.0496285 0.968565787 -0.161160684
v -1.02207301 0.671578845 -0.166992534
v -1.02464874 0.66633018 -0.161160684
v -1.04753875 0.962733937 -0.166992534
v -1.12835847 0.906602385 -0.161160684
v -1.10143476 0.698065162 -0.166992534
v -1.10517686 0.693156688 -0.161160684
v -1.1233528 0.903054676 -0.166992534
v -1.15154007 0.838272547 -0.161160684
v -1.14089694 0.757258435 -0.166992534
v -1.1466316 0.755363084 -0.161160684
v -1.14561102 0.837494967 -0.166992534
v -0.151134864 0.963560116 0.166978055
v -0.152301234 1.03699282 0.166978055
v -0.146469384 1.03883958 0.161146206
v -0.145254415 0.961956358 0.161146206
v -0.181849272 1.09079164 0.161146206
v -0.190256855 0.899118178 0.166978055
v -0.189187682 0.892314353 0.160077033
v -0.185251184 1.08539717 0.166978055
v -0.220874065 1.09686648 0.161146206
v -0.219659097 1.09079164 0.166978055
v -0.26140542 1.07246991 0.161146206
v -0.242160317 0.821797571 0.166978055
v -0.237251843 0.818590054 0.161146206
v -0.264661536 1.06372213 0.166978055
v -0.277151414 1.1194649 0.161146206
v -0.297028302 0.736992758 0.166978055
v -0.388150952 0.70277924 0.166978055
v -0.293189001 0.732181482 0.161146206
v -0.387373373 0.696801594 0.161146206
v -0.504010365 0.715123322 0.166978055
v -0.506440302 0.709485867 0.161146206
v -0.282108487 1.11581999 0.166978055
v -0.321619268 1.15095688 0.161146206
v -0.323709014 1.14527083 0.166978055
v -0.387956557 1.15664294 0.161146206
v -0.388053755 1.15076249 0.166978055
v -0.445108684 1.15338682 0.161146206
v -0.443359129 1.14760357 0.166978055
v -0.507509475 1.11761814 0.161146206
v -0.503767371 1.11300126 0.166978055
v -0.563592429 1.05458557 0.161146206
v -0.558246567 1.05181544 0.166978055
v -0.574575746 1.00661861 0.161146206
v -0.559218542 0.762021113 0.166978055
v -0.564175614 0.758570602 0.161146206
v -0.571368228 0.994614715 0.166978055
v -0.609955633 1.04442843 0.161146206
v -0.587989 0.841382866 0.166978055
v -0.590467536 0.830982735 0.161146206
v -0.613357546 1.03947136 0.166978055
v -0.673376998 1.07003997 0.161146206
v -0.627353985 0.803816035 0.166978055
v -0.624583856 0.798324377 0.161146206
v -0.674786362 1.06430532 0.166978055
v -0.790499978 1.08102329 0.161146206
v -0.676778911 0.795651446 0.166978055
v -0.677070503 0.7896738 0.161146206
v -0.790354182 1.07514284 0.166978055
v -0.892362952 1.06639506 0.161146206
v -0.752106968 0.815479734 0.166978055
v -0.745983526 0.807801132 0.161146206
v -0.890176008 1.06080621 0.166978055
v -0.951896417 1.02469734 0.161146206
v -0.748802253 0.732327278 0.166978055
v -0.742921805 0.730966513 0.161146206
v -0.785154116 0.664337631 0.166978055
v -0.78073163 0.660206738 0.161146206
v -0.947182338 1.02085804 0.166978055
v -0.975709803 0.97002375 0.161146206
v -0.860336378 0.617342643 0.166978055
v -0.858781218 0.611413596 0.161146206
v -0.94713374 0.620841753 0.166978055
v -0.949029091 0.615107101 0.161146206
v -0.971821903 0.964240499 0.166978055
v -1.0496285 0.968565787 0.161146206
v -1.02207301 0.671578845 0.166978055
v -1.02464874 0.66633018 0.161146206
v -1.04753875 0.962733937 0.166978055
v -1.12835847 0.906602385 0.161146206
v -1.10143476 0.698065162 0.166978055
v -1.10517686 0.693156688 0.161146206
v -1.1233528 0.903054676 0.166978055
v -1.15154007 0.838272547 0.161146206
v -1.14089694 0.757258435 0.166978055
v -1.1466316 0.755363084 0.161146206
v -1.14561102 0.837494967 0.166978055
v 0.114068498 1.51530169 0.0235631529
v 0.0987598931 1.57230802 0.0235631529
v 0.0570135695 1.61405434 0.0235631529
v 7.23932813E-06 1.62931435 0.0235631529
v -0.0570476896 1.61405434 0.0235631529
v -0.0987940132 1.57230802 0.0235631529
v -0.11405402 1.51530169 0.0235631529
vt 0.75639668 0.737027557
vt 0.758333592 0.739932925
vt 0.759302048 0.737027557
vt 0.772860435 0.739932925
vt 0.774797347 0.737996013
vt 0.772860435 0.738964469
vt 0.75639668 0.737027557
vt 0.759302048 0.737027557
vt 0.758333592 0.739932925
vt 0.772860435 0.739932925
vt 0.772860435 0.738964469
vt 0.774797347 0.737996013
vt 0.75639668 0.737027557
vt 0.759302048 0.737027557
vt 0.758333592 0.739932925
vt 0.772860435 0.739932925
vt 0.772860435 0.738964469
vt 0.774797347 0.737996013
vt 0.75639668 0.737027557
vt 0.758333592 0.739932925
vt 0.759302048 0.737027557
vt 0.772860435 0.739932925
vt 0.774797347 0.737996013
vt 0.772860435 0.738964469
vt 0.0668558999 0.203408217
vt 0.0668558999 0.244083376
vt 0.0862250229 0.244083376
vt 0.0862250229 0.203408217
vt 0.0668558999 0.186944463
vt 0.0862250229 0.186944463
vt 0.0668558999 0.175322989
vt 0.0862250229 0.175322989
vt 0.0668558999 0.156922322
vt 0.0862250229 0.156922322
vt 0.0668558999 0.150143129
vt 0.0862250229 0.150143129
vt 0.0668558999 0.140458567
vt 0.0862250229 0.140458567
vt 0.0668558999 0.130774006
vt 0.0862250229 0.130774006
vt 0.0668558999 0.122057901
vt 0.0862250229 0.122057901
vt 0.0668558999 0.113341795
vt 0.0862250229 0.113341795
vt 0.0668558999 0.10462569
vt 0.0862250229 0.10462569
vt 0.0668558999 0.0949411283
vt 0.0862250229 0.0949411283
vt 0.0668558999 0.0881619352
vt 0.0862250229 0.0881619352
vt 0.0668558999 0.0813827421
vt 0.0862250229 0.0813827421
vt 0.0668558999 0.0775089175
vt 0.0862250229 0.0775089175
vt 0.0668558999 0.0649189876
vt 0.0862250229 0.0649189876
vt 0.0668558999 0.0523290576
vt 0.0862250229 0.0523290576
vt 0.0668558999 0.0407075838
vt 0.0862250229 0.0407075838
vt 0.0668558999 0.0290861099
vt 0.0862250229 0.0290861099
vt 0.0668558999 0.01649618
vt 0.0862250229 0.01649618
vt 0.0668558999 0.00390625
vt 0.0862250229 0.00390625
vt 0.0668558999 0.203408217
vt 0.0862250229 0.244083376
vt 0.0668558999 0.244083376
vt 0.0862250229 0.203408217
vt 0.0668558999 0.186944463
vt 0.0862250229 0.186944463
vt 0.0668558999 0.175322989
vt 0.0862250229 0.175322989
vt 0.0668558999 0.156922322
vt 0.0862250229 0.156922322
vt 0.0668558999 0.150143129
vt 0.0862250229 0.150143129
vt 0.0668558999 0.140458567
vt 0.0862250229 0.140458567
vt 0.0668558999 0.130774006
vt 0.0862250229 0.130774006
vt 0.0668558999 0.122057901
vt 0.0862250229 0.122057901
vt 0.0668558999 0.113341795
vt 0.0862250229 0.113341795
vt 0.0668558999 0.10462569
vt 0.0862250229 0.10462569
vt 0.0668558999 0.0949411283
vt 0.0862250229 0.0949411283
vt 0.0668558999 0.0881619352
vt 0.0862250229 0.0881619352
vt 0.0668558999 0.0813827421
vt 0.0862250229 0.0813827421
vt 0.0668558999 0.0775089175
vt 0.0862250229 0.0775089175
vt 0.0668558999 0.0649189876
vt 0.0862250229 0.0649189876
vt 0.0668558999 0.0523290576
vt 0.0862250229 0.0523290576
vt 0.0668558999 0.0407075838
vt 0.0862250229 0.0407075838
vt 0.0668558999 0.0290861099
vt 0.0862250229 0.0290861099
vt 0.0668558999 0.01649618
vt 0.0862250229 0.01649618
vt 0.0862250229 0.00390625
vt 0.0668558999 0.00390625
vt 0.0668558999 0.203408217
vt 0.0862250229 0.244083376
vt 0.0668558999 0.244083376
vt 0.0862250229 0.203408217
vt 0.0668558999 0.186944463
vt 0.0862250229 0.186944463
vt 0.0668558999 0.175322989
vt 0.0862250229 0.175322989
vt 0.0668558999 0.156922322
vt 0.0862250229 0.156922322
vt 0.0668558999 0.150143129
vt 0.0862250229 0.150143129
vt 0.0668558999 0.140458567
vt 0.0862250229 0.140458567
vt 0.0668558999 0.130774006
vt 0.0862250229 0.130774006
vt 0.0668558999 0.122057901
vt 0.0862250229 0.122057901
vt 0.0668558999 0.113341795
vt 0.0862250229 0.113341795
vt 0.0668558999 0.10462569
vt 0.0862250229 0.10462569
vt 0.0668558999 0.0949411283
vt 0.0862250229 0.0949411283
vt 0.0668558999 0.0881619352
vt 0.0862250229 0.0881619352
vt 0.0668558999 0.0813827421
vt 0.0862250229 0.0813827421
vt 0.0668558999 0.0775089175
vt 0.0862250229 0.0775089175
vt 0.0668558999 0.0649189876
vt 0.0862250229 0.0649189876
vt 0.0668558999 0.0523290576
vt 0.0862250229 0.0523290576
vt 0.0668558999 0.0407075838
vt 0.0862250229 0.0407075838
vt 0.0668558999 0.0290861099
vt 0.0862250229 0.0290861099
vt 0.0668558999 0.01649618
vt 0.0862250229 0.01649618
vt 0.0668558999 0.00390625
vt 0.0862250229 0.00390625
vt 0.0668558999 0.203408217
vt 0.0668558999 0.244083376
vt 0.0862250229 0.244083376
vt 0.0862250229 0.203408217
vt 0.0668558999 0.186944463
vt 0.0862250229 0.186944463
vt 0.0668558999 0.175322989
vt 0.0862250229 0.175322989
vt 0.0668558999 0.156922322
vt 0.0862250229 0.156922322
vt 0.0668558999 0.150143129
vt 0.0862250229 0.150143129
vt 0.0668558999 0.140458567
vt 0.0862250229 0.140458567
vt 0.0668558999 0.130774006
vt 0.0862250229 0.130774006
vt 0.0668558999 0.122057901
vt 0.0862250229 0.122057901
vt 0.0668558999 0.113341795
vt 0.0862250229 0.113341795
vt 0.0668558999 0.10462569
vt 0.0862250229 0.10462569
vt 0.0668558999 0.0949411283
vt 0.0862250229 0.0949411283
vt 0.0668558999 0.0881619352
vt 0.0862250229 0.0881619352
vt 0.0668558999 0.0813827421
vt 0.0862250229 0.0813827421
vt 0.0668558999 0.0775089175
vt 0.0862250229 0.0775089175
vt 0.0668558999 0.0649189876
vt 0.0862250229 0.0649189876
vt 0.0668558999 0.0523290576
vt 0.0862250229 0.0523290576
vt 0.0668558999 0.0407075838
vt 0.0862250229 0.0407075838
vt 0.0668558999 0.0290861099
vt 0.0862250229 0.0290861099
vt 0.0668558999 0.01649618
vt 0.0862250229 0.01649618
vt 0.0862250229 0.00390625
vt 0.0668558999 0.00390625
vt 0.676014819 0.489102782
vt 0.687636293 0.519124923
vt 0.694415486 0.514282642
vt 0.66826717 0.494913519
vt 0.659551065 0.467796747
vt 0.667298714 0.495881975
vt 0.686667837 0.520093379
vt 0.654708784 0.505566537
vt 0.675046363 0.52977794
vt 0.654708784 0.506534993
vt 0.674077907 0.530746397
vt 0.667298714 0.536557133
vt 0.646961135 0.51234573
vt 0.63049738 0.489102782
vt 0.637276573 0.484260501
vt 0.638245029 0.484260501
vt 0.628560468 0.466828291
vt 0.620812819 0.470702115
vt 0.651803416 0.473607484
vt 0.629528924 0.465859834
vt 0.620812819 0.450364536
vt 0.613065169 0.454238361
vt 0.652771872 0.472639027
vt 0.641150398 0.457143729
vt 0.642118854 0.457143729
vt 0.649866503 0.452301448
vt 0.621781275 0.450364536
vt 0.616938994 0.439711518
vt 0.608222889 0.442616887
vt 0.637276573 0.446490711
vt 0.645024222 0.443585343
vt 0.636308117 0.447459168
vt 0.61790745 0.439711518
vt 0.614033626 0.432932325
vt 0.60531752 0.432932325
vt 0.633402749 0.43680615
vt 0.642118854 0.434869238
vt 0.632434293 0.43680615
vt 0.614033626 0.431963869
vt 0.60531752 0.431963869
vt 0.615002082 0.432932325
vt 0.632434293 0.432932325
vt 0.642118854 0.432932325
vt 0.642118854 0.431963869
vt 0.63049738 0.432932325
vt 0.616938994 0.42421622
vt 0.608222889 0.422279308
vt 0.632434293 0.431963869
vt 0.63049738 0.431963869
vt 0.615002082 0.431963869
vt 0.620812819 0.413563202
vt 0.613065169 0.409689378
vt 0.61790745 0.425184676
vt 0.633402749 0.428090044
vt 0.642118854 0.429058501
vt 0.632434293 0.427121588
vt 0.628560468 0.398067904
vt 0.620812819 0.393225623
vt 0.621781275 0.414531658
vt 0.637276573 0.417437027
vt 0.645024222 0.420342395
vt 0.636308117 0.417437027
vt 0.637276573 0.379667237
vt 0.63049738 0.374824956
vt 0.629528924 0.398067904
vt 0.642118854 0.407752465
vt 0.649866503 0.41162629
vt 0.641150398 0.406784009
vt 0.654708784 0.357392745
vt 0.646961135 0.352550465
vt 0.667298714 0.328339061
vt 0.674077907 0.334149798
vt 0.638245029 0.380635693
vt 0.654708784 0.358361202
vt 0.675046363 0.335118254
vt 0.686667837 0.344802815
vt 0.651803416 0.391288711
vt 0.667298714 0.369014219
vt 0.651803416 0.391288711
vt 0.659551065 0.396130991
vt 0.66826717 0.369982675
vt 0.687636293 0.345771272
vt 0.675046363 0.374824956
vt 0.694415486 0.350613552
vt 0.676014819 0.489102782
vt 0.694415486 0.514282642
vt 0.687636293 0.519124923
vt 0.66826717 0.494913519
vt 0.659551065 0.467796747
vt 0.667298714 0.495881975
vt 0.686667837 0.520093379
vt 0.654708784 0.505566537
vt 0.675046363 0.52977794
vt 0.654708784 0.506534993
vt 0.674077907 0.530746397
vt 0.667298714 0.536557133
vt 0.646961135 0.51234573
vt 0.63049738 0.489102782
vt 0.637276573 0.484260501
vt 0.638245029 0.484260501
vt 0.628560468 0.466828291
vt 0.620812819 0.470702115
vt 0.651803416 0.473607484
vt 0.620812819 0.450364536
vt 0.613065169 0.454238361
vt 0.629528924 0.465859834
vt 0.652771872 0.472639027
vt 0.616938994 0.439711518
vt 0.608222889 0.442616887
vt 0.621781275 0.450364536
vt 0.641150398 0.457143729
vt 0.642118854 0.457143729
vt 0.649866503 0.452301448
vt 0.614033626 0.432932325
vt 0.60531752 0.432932325
vt 0.61790745 0.439711518
vt 0.636308117 0.447459168
vt 0.637276573 0.446490711
vt 0.645024222 0.443585343
vt 0.614033626 0.431963869
vt 0.60531752 0.431963869
vt 0.615002082 0.432932325
vt 0.632434293 0.43680615
vt 0.633402749 0.43680615
vt 0.642118854 0.434869238
vt 0.616938994 0.42421622
vt 0.608222889 0.422279308
vt 0.63049738 0.432932325
vt 0.632434293 0.432932325
vt 0.642118854 0.432932325
vt 0.642118854 0.431963869
vt 0.615002082 0.431963869
vt 0.620812819 0.413563202
vt 0.613065169 0.409689378
vt 0.63049738 0.431963869
vt 0.632434293 0.431963869
vt 0.61790745 0.425184676
vt 0.628560468 0.398067904
vt 0.620812819 0.393225623
vt 0.633402749 0.428090044
vt 0.642118854 0.429058501
vt 0.632434293 0.427121588
vt 0.621781275 0.414531658
vt 0.637276573 0.379667237
vt 0.63049738 0.374824956
vt 0.637276573 0.417437027
vt 0.645024222 0.420342395
vt 0.636308117 0.417437027
vt 0.629528924 0.398067904
vt 0.654708784 0.357392745
vt 0.646961135 0.352550465
vt 0.667298714 0.328339061
vt 0.674077907 0.334149798
vt 0.642118854 0.407752465
vt 0.649866503 0.41162629
vt 0.641150398 0.406784009
vt 0.638245029 0.380635693
vt 0.654708784 0.358361202
vt 0.675046363 0.335118254
vt 0.686667837 0.344802815
vt 0.651803416 0.391288711
vt 0.651803416 0.391288711
vt 0.659551065 0.396130991
vt 0.667298714 0.369014219
vt 0.66826717 0.369982675
vt 0.675046363 0.374824956
vt 0.687636293 0.345771272
vt 0.694415486 0.350613552
vt 0.0300545661 0.456175273
vt 0.00390625 0.463922922
vt 0.0300545661 0.463922922
vt 0.00390625 0.456175273
vt 0.0300545661 0.450364536
vt 0.00390625 0.450364536
vt 0.0300545661 0.439711518
vt 0.00390625 0.439711518
vt 0.0300545661 0.427121588
vt 0.00390625 0.427121588
vt 0.0300545661 0.414531658
vt 0.00390625 0.414531658
vt 0.0300545661 0.400004816
vt 0.00390625 0.400004816
vt 0.0300545661 0.383541061
vt 0.00390625 0.383541061
vt 0.0300545661 0.368045763
vt 0.00390625 0.368045763
vt 0.0300545661 0.34867664
vt 0.00390625 0.34867664
vt 0.0300545661 0.33608671
vt 0.00390625 0.33608671
vt 0.0300545661 0.32349678
vt 0.00390625 0.32349678
vt 0.0300545661 0.316717587
vt 0.00390625 0.316717587
vt 0.0300545661 0.308001482
vt 0.00390625 0.308001482
vt 0.0300545661 0.296380008
vt 0.00390625 0.296380008
vt 0.0300545661 0.283790078
vt 0.00390625 0.283790078
vt 0.0300545661 0.271200148
vt 0.00390625 0.271200148
vt 0.0300545661 0.256673306
vt 0.00390625 0.256673306
vt 0.0300545661 0.242146463
vt 0.00390625 0.242146463
vt 0.0300545661 0.227619621
vt 0.00390625 0.227619621
vt 0.0300545661 0.214061235
vt 0.00390625 0.214061235
vt 0.0300545661 0.201471305
vt 0.00390625 0.201471305
vt 0.0300545661 0.188881375
vt 0.00390625 0.188881375
vt 0.0300545661 0.177259901
vt 0.00390625 0.177259901
vt 0.0300545661 0.160796147
vt 0.00390625 0.160796147
vt 0.0300545661 0.149174673
vt 0.00390625 0.149174673
vt 0.0300545661 0.139490111
vt 0.00390625 0.139490111
vt 0.0300545661 0.127868637
vt 0.00390625 0.127868637
vt 0.0300545661 0.111404883
vt 0.00390625 0.111404883
vt 0.0300545661 0.093004216
vt 0.00390625 0.093004216
vt 0.0300545661 0.0813827421
vt 0.00390625 0.0813827421
vt 0.0300545661 0.0736350929
vt 0.00390625 0.0736350929
vt 0.0300545661 0.0658874437
vt 0.00390625 0.0658874437
vt 0.0300545661 0.0523290576
vt 0.00390625 0.0523290576
vt 0.0300545661 0.0407075838
vt 0.00390625 0.0407075838
vt 0.0300545661 0.0310230222
vt 0.00390625 0.0310230222
vt 0.0300545661 0.0203700046
vt 0.00390625 0.0203700046
vt 0.0300545661 0.0116538992
vt 0.00390625 0.0116538992
vt 0.0300545661 0.00390625
vt 0.00390625 0.00390625
vt 0.0300545661 0.456175273
vt 0.0300545661 0.463922922
vt 0.00390625 0.463922922
vt 0.00390625 0.456175273
vt 0.0300545661 0.450364536
vt 0.00390625 0.450364536
vt 0.0300545661 0.439711518
vt 0.00390625 0.439711518
vt 0.0300545661 0.427121588
vt 0.00390625 0.427121588
vt 0.0300545661 0.414531658
vt 0.00390625 0.414531658
vt 0.0300545661 0.400004816
vt 0.00390625 0.400004816
vt 0.0300545661 0.383541061
vt 0.00390625 0.383541061
vt 0.0300545661 0.368045763
vt 0.00390625 0.368045763
vt 0.0300545661 0.34867664
vt 0.00390625 0.34867664
vt 0.0300545661 0.33608671
vt 0.00390625 0.33608671
vt 0.0300545661 0.32349678
vt 0.00390625 0.32349678
vt 0.0300545661 0.316717587
vt 0.00390625 0.316717587
vt 0.0300545661 0.308001482
vt 0.00390625 0.308001482
vt 0.0300545661 0.296380008
vt 0.00390625 0.296380008
vt 0.0300545661 0.283790078
vt 0.00390625 0.283790078
vt 0.0300545661 0.271200148
vt 0.00390625 0.271200148
vt 0.0300545661 0.256673306
vt 0.00390625 0.256673306
vt 0.0300545661 0.242146463
vt 0.00390625 0.242146463
vt 0.0300545661 0.227619621
vt 0.00390625 0.227619621
vt 0.0300545661 0.214061235
vt 0.00390625 0.214061235
vt 0.0300545661 0.201471305
vt 0.00390625 0.201471305
vt 0.0300545661 0.188881375
vt 0.00390625 0.188881375
vt 0.0300545661 0.177259901
vt 0.00390625 0.177259901
vt 0.0300545661 0.160796147
vt 0.00390625 0.160796147
vt 0.0300545661 0.149174673
vt 0.00390625 0.149174673
vt 0.0300545661 0.139490111
vt 0.00390625 0.139490111
vt 0.0300545661 0.127868637
vt 0.00390625 0.127868637
vt 0.0300545661 0.111404883
vt 0.00390625 0.111404883
vt 0.0300545661 0.093004216
vt 0.00390625 0.093004216
vt 0.0300545661 0.0813827421
vt 0.00390625 0.0813827421
vt 0.0300545661 0.0736350929
vt 0.00390625 0.0736350929
vt 0.0300545661 0.0658874437
vt 0.00390625 0.0658874437
vt 0.0300545661 0.0523290576
vt 0.00390625 0.0523290576
vt 0.0300545661 0.0407075838
vt 0.00390625 0.0407075838
vt 0.0300545661 0.0310230222
vt 0.00390625 0.0310230222
vt 0.0300545661 0.0203700046
vt 0.00390625 0.0203700046
vt 0.0300545661 0.0116538992
vt 0.00390625 0.0116538992
vt 0.0300545661 0.00390625
vt 0.00390625 0.00390625
vt 0.0300545661 0.456175273
vt 0.0300545661 0.463922922
vt 0.00390625 0.463922922
vt 0.00390625 0.456175273
vt 0.0300545661 0.450364536
vt 0.00390625 0.450364536
vt 0.0300545661 0.439711518
vt 0.00390625 0.439711518
vt 0.0300545661 0.427121588
vt 0.00390625 0.427121588
vt 0.0300545661 0.414531658
vt 0.00390625 0.414531658
vt 0.0300545661 0.400004816
vt 0.00390625 0.400004816
vt 0.0300545661 0.383541061
vt 0.00390625 0.383541061
vt 0.0300545661 0.368045763
vt 0.00390625 0.368045763
vt 0.0300545661 0.34867664
vt 0.00390625 0.34867664
vt 0.0300545661 0.33608671
vt 0.00390625 0.33608671
vt 0.0300545661 0.32349678
vt 0.00390625 0.32349678
vt 0.0300545661 0.316717587
vt 0.00390625 0.316717587
vt 0.0300545661 0.308001482
vt 0.00390625 0.308001482
vt 0.0300545661 0.296380008
vt 0.00390625 0.296380008
vt 0.0300545661 0.283790078
vt 0.00390625 0.283790078
vt 0.0300545661 0.271200148
vt 0.00390625 0.271200148
vt 0.0300545661 0.256673306
vt 0.00390625 0.256673306
vt 0.0300545661 0.242146463
vt 0.00390625 0.242146463
vt 0.0300545661 0.227619621
vt 0.00390625 0.227619621
vt 0.0300545661 0.214061235
vt 0.00390625 0.214061235
vt 0.0300545661 0.201471305
vt 0.00390625 0.201471305
vt 0.0300545661 0.188881375
vt 0.00390625 0.188881375
vt 0.0300545661 0.177259901
vt 0.00390625 0.177259901
vt 0.0300545661 0.160796147
vt 0.00390625 0.160796147
vt 0.0300545661 0.149174673
vt 0.00390625 0.149174673
vt 0.0300545661 0.139490111
vt 0.00390625 0.139490111
vt 0.0300545661 0.127868637
vt 0.00390625 0.127868637
vt 0.0300545661 0.111404883
vt 0.00390625 0.111404883
vt 0.0300545661 0.093004216
vt 0.00390625 0.093004216
vt 0.0300545661 0.0813827421
vt 0.00390625 0.0813827421
vt 0.0300545661 0.0736350929
vt 0.00390625 0.0736350929
vt 0.0300545661 0.0658874437
vt 0.00390625 0.0658874437
vt 0.0300545661 0.0523290576
vt 0.00390625 0.0523290576
vt 0.0300545661 0.0407075838
vt 0.00390625 0.0407075838
vt 0.0300545661 0.0310230222
vt 0.00390625 0.0310230222
vt 0.0300545661 0.0203700046
vt 0.00390625 0.0203700046
vt 0.0300545661 0.0116538992
vt 0.00390625 0.0116538992
vt 0.0300545661 0.00390625
vt 0.00390625 0.00390625
vt 0.0300545661 0.456175273
vt 0.00390625 0.463922922
vt 0.0300545661 0.463922922
vt 0.00390625 0.456175273
vt 0.0300545661 0.450364536
vt 0.00390625 0.450364536
vt 0.0300545661 0.439711518
vt 0.00390625 0.439711518
vt 0.0300545661 0.427121588
vt 0.00390625 0.427121588
vt 0.0300545661 0.414531658
vt 0.00390625 0.414531658
vt 0.0300545661 0.400004816
vt 0.00390625 0.400004816
vt 0.0300545661 0.383541061
vt 0.00390625 0.383541061
vt 0.0300545661 0.368045763
vt 0.00390625 0.368045763
vt 0.0300545661 0.34867664
vt 0.00390625 0.34867664
vt 0.0300545661 0.33608671
vt 0.00390625 0.33608671
vt 0.0300545661 0.32349678
vt 0.00390625 0.32349678
vt 0.0300545661 0.316717587
vt 0.00390625 0.316717587
vt 0.0300545661 0.308001482
vt 0.00390625 0.308001482
vt 0.0300545661 0.296380008
vt 0.00390625 0.296380008
vt 0.0300545661 0.283790078
vt 0.00390625 0.283790078
vt 0.0300545661 0.271200148
vt 0.00390625 0.271200148
vt 0.0300545661 0.256673306
vt 0.00390625 0.256673306
vt 0.0300545661 0.242146463
vt 0.00390625 0.242146463
vt 0.0300545661 0.227619621
vt 0.00390625 0.227619621
vt 0.0300545661 0.214061235
vt 0.00390625 0.214061235
vt 0.0300545661 0.201471305
vt 0.00390625 0.201471305
vt 0.0300545661 0.188881375
vt 0.00390625 0.188881375
vt 0.0300545661 0.177259901
vt 0.00390625 0.177259901
vt 0.0300545661 0.160796147
vt 0.00390625 0.160796147
vt 0.0300545661 0.149174673
vt 0.00390625 0.149174673
vt 0.0300545661 0.139490111
vt 0.00390625 0.139490111
vt 0.0300545661 0.127868637
vt 0.00390625 0.127868637
vt 0.0300545661 0.111404883
vt 0.00390625 0.111404883
vt 0.0300545661 0.093004216
vt 0.00390625 0.093004216
vt 0.0300545661 0.0813827421
vt 0.00390625 0.0813827421
vt 0.0300545661 0.0736350929
vt 0.00390625 0.0736350929
vt 0.0300545661 0.0658874437
vt 0.00390625 0.0658874437
vt 0.0300545661 0.0523290576
vt 0.00390625 0.0523290576
vt 0.0300545661 0.0407075838
vt 0.00390625 0.0407075838
vt 0.0300545661 0.0310230222
vt 0.00390625 0.0310230222
vt 0.0300545661 0.0203700046
vt 0.00390625 0.0203700046
vt 0.0300545661 0.0116538992
vt 0.00390625 0.0116538992
vt 0.0300545661 0.00390625
vt 0.00390625 0.00390625
vt 0.482323589 0.583043029
vt 0.483292045 0.620812819
vt 0.486197414 0.620812819
vt 0.479418221 0.584011485
vt 0.476512852 0.555926257
vt 0.477481308 0.584011485
vt 0.481355133 0.620812819
vt 0.452301448 0.623718187
vt 0.471670571 0.556894713
vt 0.463922922 0.536557133
vt 0.473607484 0.556894713
vt 0.468765203 0.534620221
vt 0.465859834 0.535588677
vt 0.458112185 0.520093379
vt 0.455206817 0.523967204
vt 0.456175273 0.522998747
vt 0.446490711 0.516219554
vt 0.446490711 0.521061835
vt 0.446490711 0.519124923
vt 0.435837694 0.522030291
vt 0.438743062 0.52493566
vt 0.437774606 0.523967204
vt 0.427121588 0.536557133
vt 0.430995413 0.538494046
vt 0.430026957 0.53752559
vt 0.421310851 0.558831625
vt 0.426153132 0.559800081
vt 0.42421622 0.559800081
vt 0.417437027 0.586916853
vt 0.423247764 0.586916853
vt 0.423247764 0.623718187
vt 0.421310851 0.586916853
vt 0.417437027 0.623718187
vt 0.421310851 0.623718187
vt 0.482323589 0.583043029
vt 0.486197414 0.620812819
vt 0.483292045 0.620812819
vt 0.479418221 0.584011485
vt 0.476512852 0.555926257
vt 0.477481308 0.584011485
vt 0.481355133 0.620812819
vt 0.452301448 0.623718187
vt 0.471670571 0.556894713
vt 0.463922922 0.536557133
vt 0.473607484 0.556894713
vt 0.468765203 0.534620221
vt 0.465859834 0.535588677
vt 0.458112185 0.520093379
vt 0.455206817 0.523967204
vt 0.456175273 0.522998747
vt 0.446490711 0.516219554
vt 0.446490711 0.521061835
vt 0.446490711 0.519124923
vt 0.435837694 0.522030291
vt 0.438743062 0.52493566
vt 0.437774606 0.523967204
vt 0.427121588 0.536557133
vt 0.430995413 0.538494046
vt 0.430026957 0.53752559
vt 0.421310851 0.558831625
vt 0.426153132 0.559800081
vt 0.42421622 0.559800081
vt 0.417437027 0.586916853
vt 0.423247764 0.586916853
vt 0.423247764 0.623718187
vt 0.421310851 0.586916853
vt 0.417437027 0.623718187
vt 0.421310851 0.623718187
vt 0.00390625 0.786418821
vt 0.0194015484 0.786418821
vt 0.0194015484 0.780608084
vt 0.00390625 0.780608084
vt 0.0194015484 0.769955066
vt 0.00390625 0.769955066
vt 0.0194015484 0.761238961
vt 0.00390625 0.761238961
vt 0.0194015484 0.754459768
vt 0.00390625 0.754459768
vt 0.0194015484 0.748649031
vt 0.00390625 0.748649031
vt 0.0194015484 0.740901382
vt 0.00390625 0.740901382
vt 0.0194015484 0.734122188
vt 0.00390625 0.734122188
vt 0.0194015484 0.724437627
vt 0.00390625 0.724437627
vt 0.0194015484 0.716689978
vt 0.00390625 0.716689978
vt 0.0194015484 0.708942328
vt 0.00390625 0.708942328
vt 0.0194015484 0.698289311
vt 0.00390625 0.698289311
vt 0.0194015484 0.685699381
vt 0.00390625 0.685699381
vt 0.0194015484 0.674077907
vt 0.00390625 0.674077907
vt 0.0194015484 0.661487977
vt 0.00390625 0.661487977
vt 0.0194015484 0.649866503
vt 0.00390625 0.649866503
vt 0.0194015484 0.639213486
vt 0.00390625 0.639213486
vt 0.0194015484 0.625655099
vt 0.00390625 0.625655099
vt 0.0194015484 0.616938994
vt 0.00390625 0.616938994
vt 0.0194015484 0.610159801
vt 0.00390625 0.610159801
vt 0.0194015484 0.602412152
vt 0.00390625 0.602412152
vt 0.0194015484 0.594664503
vt 0.00390625 0.594664503
vt 0.0194015484 0.585948397
vt 0.00390625 0.585948397
vt 0.0194015484 0.582074573
vt 0.00390625 0.582074573
vt 0.0194015484 0.571421555
vt 0.00390625 0.571421555
vt 0.0194015484 0.560768537
vt 0.00390625 0.560768537
vt 0.0194015484 0.55011552
vt 0.00390625 0.55011552
vt 0.0194015484 0.540430958
vt 0.00390625 0.540430958
vt 0.0194015484 0.527841028
vt 0.00390625 0.527841028
vt 0.0194015484 0.515251098
vt 0.00390625 0.515251098
vt 0.0194015484 0.507503449
vt 0.00390625 0.507503449
vt 0.0194015484 0.493945063
vt 0.00390625 0.493945063
vt 0.0194015484 0.481355133
vt 0.00390625 0.481355133
vt 0.0194015484 0.471670571
vt 0.00390625 0.471670571
vt 0.00390625 0.786418821
vt 0.0194015484 0.780608084
vt 0.0194015484 0.786418821
vt 0.00390625 0.780608084
vt 0.0194015484 0.769955066
vt 0.00390625 0.769955066
vt 0.0194015484 0.761238961
vt 0.00390625 0.761238961
vt 0.0194015484 0.754459768
vt 0.00390625 0.754459768
vt 0.0194015484 0.748649031
vt 0.00390625 0.748649031
vt 0.0194015484 0.740901382
vt 0.00390625 0.740901382
vt 0.0194015484 0.734122188
vt 0.00390625 0.734122188
vt 0.0194015484 0.724437627
vt 0.00390625 0.724437627
vt 0.0194015484 0.716689978
vt 0.00390625 0.716689978
vt 0.0194015484 0.708942328
vt 0.00390625 0.708942328
vt 0.0194015484 0.698289311
vt 0.00390625 0.698289311
vt 0.0194015484 0.685699381
vt 0.00390625 0.685699381
vt 0.0194015484 0.674077907
vt 0.00390625 0.674077907
vt 0.0194015484 0.661487977
vt 0.00390625 0.661487977
vt 0.0194015484 0.649866503
vt 0.00390625 0.649866503
vt 0.0194015484 0.639213486
vt 0.00390625 0.639213486
vt 0.0194015484 0.625655099
vt 0.00390625 0.625655099
vt 0.0194015484 0.616938994
vt 0.00390625 0.616938994
vt 0.0194015484 0.610159801
vt 0.00390625 0.610159801
vt 0.0194015484 0.602412152
vt 0.00390625 0.602412152
vt 0.0194015484 0.594664503
vt 0.00390625 0.594664503
vt 0.0194015484 0.585948397
vt 0.00390625 0.585948397
vt 0.0194015484 0.582074573
vt 0.00390625 0.582074573
vt 0.0194015484 0.571421555
vt 0.00390625 0.571421555
vt 0.0194015484 0.560768537
vt 0.00390625 0.560768537
vt 0.0194015484 0.55011552
vt 0.00390625 0.55011552
vt 0.0194015484 0.540430958
vt 0.00390625 0.540430958
vt 0.0194015484 0.527841028
vt 0.00390625 0.527841028
vt 0.0194015484 0.515251098
vt 0.00390625 0.515251098
vt 0.0194015484 0.507503449
vt 0.00390625 0.507503449
vt 0.0194015484 0.493945063
vt 0.00390625 0.493945063
vt 0.0194015484 0.481355133
vt 0.00390625 0.481355133
vt 0.0194015484 0.471670571
vt 0.00390625 0.471670571
vt 0.00390625 0.786418821
vt 0.0194015484 0.780608084
vt 0.0194015484 0.786418821
vt 0.00390625 0.780608084
vt 0.0194015484 0.769955066
vt 0.00390625 0.769955066
vt 0.0194015484 0.761238961
vt 0.00390625 0.761238961
vt 0.0194015484 0.754459768
vt 0.00390625 0.754459768
vt 0.0194015484 0.748649031
vt 0.00390625 0.748649031
vt 0.0194015484 0.740901382
vt 0.00390625 0.740901382
vt 0.0194015484 0.734122188
vt 0.00390625 0.734122188
vt 0.0194015484 0.724437627
vt 0.00390625 0.724437627
vt 0.0194015484 0.716689978
vt 0.00390625 0.716689978
vt 0.0194015484 0.708942328
vt 0.00390625 0.708942328
vt 0.0194015484 0.698289311
vt 0.00390625 0.698289311
vt 0.0194015484 0.685699381
vt 0.00390625 0.685699381
vt 0.0194015484 0.674077907
vt 0.00390625 0.674077907
vt 0.0194015484 0.661487977
vt 0.00390625 0.661487977
vt 0.0194015484 0.649866503
vt 0.00390625 0.649866503
vt 0.0194015484 0.639213486
vt 0.00390625 0.639213486
vt 0.0194015484 0.625655099
vt 0.00390625 0.625655099
vt 0.0194015484 0.616938994
vt 0.00390625 0.616938994
vt 0.0194015484 0.610159801
vt 0.00390625 0.610159801
vt 0.0194015484 0.602412152
vt 0.00390625 0.602412152
vt 0.0194015484 0.594664503
vt 0.00390625 0.594664503
vt 0.0194015484 0.585948397
vt 0.00390625 0.585948397
vt 0.0194015484 0.582074573
vt 0.00390625 0.582074573
vt 0.0194015484 0.571421555
vt 0.00390625 0.571421555
vt 0.0194015484 0.560768537
vt 0.00390625 0.560768537
vt 0.0194015484 0.55011552
vt 0.00390625 0.55011552
vt 0.0194015484 0.540430958
vt 0.00390625 0.540430958
vt 0.0194015484 0.527841028
vt 0.00390625 0.527841028
vt 0.0194015484 0.515251098
vt 0.00390625 0.515251098
vt 0.0194015484 0.507503449
vt 0.00390625 0.507503449
vt 0.0194015484 0.493945063
vt 0.00390625 0.493945063
vt 0.0194015484 0.481355133
vt 0.00390625 0.481355133
vt 0.0194015484 0.471670571
vt 0.00390625 0.471670571
vt 0.00390625 0.786418821
vt 0.0194015484 0.786418821
vt 0.0194015484 0.780608084
vt 0.00390625 0.780608084
vt 0.0194015484 0.769955066
vt 0.00390625 0.769955066
vt 0.0194015484 0.761238961
vt 0.00390625 0.761238961
vt 0.0194015484 0.754459768
vt 0.00390625 0.754459768
vt 0.0194015484 0.748649031
vt 0.00390625 0.748649031
vt 0.0194015484 0.740901382
vt 0.00390625 0.740901382
vt 0.0194015484 0.734122188
vt 0.00390625 0.734122188
vt 0.0194015484 0.724437627
vt 0.00390625 0.724437627
vt 0.0194015484 0.716689978
vt 0.00390625 0.716689978
vt 0.0194015484 0.708942328
vt 0.00390625 0.708942328
vt 0.0194015484 0.698289311
vt 0.00390625 0.698289311
vt 0.0194015484 0.685699381
vt 0.00390625 0.685699381
vt 0.0194015484 0.674077907
vt 0.00390625 0.674077907
vt 0.0194015484 0.661487977
vt 0.00390625 0.661487977
vt 0.0194015484 0.649866503
vt 0.00390625 0.649866503
vt 0.0194015484 0.639213486
vt 0.00390625 0.639213486
vt 0.0194015484 0.625655099
vt 0.00390625 0.625655099
vt 0.0194015484 0.616938994
vt 0.00390625 0.616938994
vt 0.0194015484 0.610159801
vt 0.00390625 0.610159801
vt 0.0194015484 0.602412152
vt 0.00390625 0.602412152
vt 0.0194015484 0.594664503
vt 0.00390625 0.594664503
vt 0.0194015484 0.585948397
vt 0.00390625 0.585948397
vt 0.0194015484 0.582074573
vt 0.00390625 0.582074573
vt 0.0194015484 0.571421555
vt 0.00390625 0.571421555
vt 0.0194015484 0.560768537
vt 0.00390625 0.560768537
vt 0.0194015484 0.55011552
vt 0.00390625 0.55011552
vt 0.0194015484 0.540430958
vt 0.00390625 0.540430958
vt 0.0194015484 0.527841028
vt 0.00390625 0.527841028
vt 0.0194015484 0.515251098
vt 0.00390625 0.515251098
vt 0.0194015484 0.507503449
vt 0.00390625 0.507503449
vt 0.0194015484 0.493945063
vt 0.00390625 0.493945063
vt 0.0194015484 0.481355133
vt 0.00390625 0.481355133
vt 0.0194015484 0.471670571
vt 0.00390625 0.471670571
vt 0.0387706715 0.238272639
vt 0.0581397945 0.238272639
vt 0.0581397945 0.232461902
vt 0.0387706715 0.232461902
vt 0.0581397945 0.226651165
vt 0.0387706715 0.226651165
vt 0.0581397945 0.22277734
vt 0.0387706715 0.22277734
vt 0.0581397945 0.216966603
vt 0.0387706715 0.216966603
vt 0.0581397945 0.211155866
vt 0.0387706715 0.211155866
vt 0.0581397945 0.20534513
vt 0.0387706715 0.20534513
vt 0.0581397945 0.198565937
vt 0.0387706715 0.198565937
vt 0.0581397945 0.189849831
vt 0.0387706715 0.189849831
vt 0.0581397945 0.181133726
vt 0.0387706715 0.181133726
vt 0.0581397945 0.168543796
vt 0.0387706715 0.168543796
vt 0.0581397945 0.157890778
vt 0.0387706715 0.157890778
vt 0.0581397945 0.149174673
vt 0.0387706715 0.149174673
vt 0.0581397945 0.141427024
vt 0.0387706715 0.141427024
vt 0.0581397945 0.136584743
vt 0.0387706715 0.136584743
vt 0.0581397945 0.131742462
vt 0.0387706715 0.131742462
vt 0.0581397945 0.124963269
vt 0.0387706715 0.124963269
vt 0.0581397945 0.120120988
vt 0.0387706715 0.120120988
vt 0.0581397945 0.115278707
vt 0.0387706715 0.115278707
vt 0.0581397945 0.108499514
vt 0.0387706715 0.108499514
vt 0.0581397945 0.103657234
vt 0.0387706715 0.103657234
vt 0.0581397945 0.0968780406
vt 0.0387706715 0.0968780406
vt 0.0581397945 0.0900988475
vt 0.0387706715 0.0900988475
vt 0.0581397945 0.0813827421
vt 0.0387706715 0.0813827421
vt 0.0581397945 0.0726666368
vt 0.0387706715 0.0726666368
vt 0.0581397945 0.0649189876
vt 0.0387706715 0.0649189876
vt 0.0581397945 0.0581397945
vt 0.0387706715 0.0581397945
vt 0.0581397945 0.0513606014
vt 0.0387706715 0.0513606014
vt 0.0581397945 0.0455498645
vt 0.0387706715 0.0455498645
vt 0.0581397945 0.0407075838
vt 0.0387706715 0.0407075838
vt 0.0581397945 0.0319914784
vt 0.0387706715 0.0319914784
vt 0.0581397945 0.0242438292
vt 0.0387706715 0.0242438292
vt 0.0581397945 0.0174646361
vt 0.0387706715 0.0174646361
vt 0.0581397945 0.0116538992
vt 0.0387706715 0.0116538992
vt 0.0581397945 0.00778007461
vt 0.0387706715 0.00778007461
vt 0.0581397945 0.00390625
vt 0.0387706715 0.00390625
vt 0.0387706715 0.238272639
vt 0.0581397945 0.232461902
vt 0.0581397945 0.238272639
vt 0.0387706715 0.232461902
vt 0.0581397945 0.226651165
vt 0.0387706715 0.226651165
vt 0.0581397945 0.22277734
vt 0.0387706715 0.22277734
vt 0.0581397945 0.216966603
vt 0.0387706715 0.216966603
vt 0.0581397945 0.211155866
vt 0.0387706715 0.211155866
vt 0.0581397945 0.20534513
vt 0.0387706715 0.20534513
vt 0.0581397945 0.198565937
vt 0.0387706715 0.198565937
vt 0.0581397945 0.189849831
vt 0.0387706715 0.189849831
vt 0.0581397945 0.181133726
vt 0.0387706715 0.181133726
vt 0.0581397945 0.168543796
vt 0.0387706715 0.168543796
vt 0.0581397945 0.157890778
vt 0.0387706715 0.157890778
vt 0.0581397945 0.149174673
vt 0.0387706715 0.149174673
vt 0.0581397945 0.141427024
vt 0.0387706715 0.141427024
vt 0.0581397945 0.136584743
vt 0.0387706715 0.136584743
vt 0.0581397945 0.131742462
vt 0.0387706715 0.131742462
vt 0.0581397945 0.124963269
vt 0.0387706715 0.124963269
vt 0.0581397945 0.120120988
vt 0.0387706715 0.120120988
vt 0.0581397945 0.115278707
vt 0.0387706715 0.115278707
vt 0.0581397945 0.108499514
vt 0.0387706715 0.108499514
vt 0.0581397945 0.103657234
vt 0.0387706715 0.103657234
vt 0.0581397945 0.0968780406
vt 0.0387706715 0.0968780406
vt 0.0581397945 0.0900988475
vt 0.0387706715 0.0900988475
vt 0.0581397945 0.0813827421
vt 0.0387706715 0.0813827421
vt 0.0581397945 0.0726666368
vt 0.0387706715 0.0726666368
vt 0.0581397945 0.0649189876
vt 0.0387706715 0.0649189876
vt 0.0581397945 0.0581397945
vt 0.0387706715 0.0581397945
vt 0.0581397945 0.0513606014
vt 0.0387706715 0.0513606014
vt 0.0581397945 0.0455498645
vt 0.0387706715 0.0455498645
vt 0.0581397945 0.0407075838
vt 0.0387706715 0.0407075838
vt 0.0581397945 0.0319914784
vt 0.0387706715 0.0319914784
vt 0.0581397945 0.0242438292
vt 0.0387706715 0.0242438292
vt 0.0581397945 0.0174646361
vt 0.0387706715 0.0174646361
vt 0.0581397945 0.0116538992
vt 0.0387706715 0.0116538992
vt 0.0581397945 0.00778007461
vt 0.0387706715 0.00778007461
vt 0.0581397945 0.00390625
vt 0.0387706715 0.00390625
vt 0.0387706715 0.238272639
vt 0.0581397945 0.232461902
vt 0.0581397945 0.238272639
vt 0.0387706715 0.232461902
vt 0.0581397945 0.226651165
vt 0.0387706715 0.226651165
vt 0.0581397945 0.22277734
vt 0.0387706715 0.22277734
vt 0.0581397945 0.216966603
vt 0.0387706715 0.216966603
vt 0.0581397945 0.211155866
vt 0.0387706715 0.211155866
vt 0.0581397945 0.20534513
vt 0.0387706715 0.20534513
vt 0.0581397945 0.198565937
vt 0.0387706715 0.198565937
vt 0.0581397945 0.189849831
vt 0.0387706715 0.189849831
vt 0.0581397945 0.181133726
vt 0.0387706715 0.181133726
vt 0.0581397945 0.168543796
vt 0.0387706715 0.168543796
vt 0.0581397945 0.157890778
vt 0.0387706715 0.157890778
vt 0.0581397945 0.149174673
vt 0.0387706715 0.149174673
vt 0.0581397945 0.141427024
vt 0.0387706715 0.141427024
vt 0.0581397945 0.136584743
vt 0.0387706715 0.136584743
vt 0.0581397945 0.131742462
vt 0.0387706715 0.131742462
vt 0.0581397945 0.124963269
vt 0.0387706715 0.124963269
vt 0.0581397945 0.120120988
vt 0.0387706715 0.120120988
vt 0.0581397945 0.115278707
vt 0.0387706715 0.115278707
vt 0.0581397945 0.108499514
vt 0.0387706715 0.108499514
vt 0.0581397945 0.103657234
vt 0.0387706715 0.103657234
vt 0.0581397945 0.0968780406
vt 0.0387706715 0.0968780406
vt 0.0581397945 0.0900988475
vt 0.0387706715 0.0900988475
vt 0.0581397945 0.0813827421
vt 0.0387706715 0.0813827421
vt 0.0581397945 0.0726666368
vt 0.0387706715 0.0726666368
vt 0.0581397945 0.0649189876
vt 0.0387706715 0.0649189876
vt 0.0581397945 0.0581397945
vt 0.0387706715 0.0581397945
vt 0.0581397945 0.0513606014
vt 0.0387706715 0.0513606014
vt 0.0581397945 0.0455498645
vt 0.0387706715 0.0455498645
vt 0.0581397945 0.0407075838
vt 0.0387706715 0.0407075838
vt 0.0581397945 0.0319914784
vt 0.0387706715 0.0319914784
vt 0.0581397945 0.0242438292
vt 0.0387706715 0.0242438292
vt 0.0581397945 0.0174646361
vt 0.0387706715 0.0174646361
vt 0.0581397945 0.0116538992
vt 0.0387706715 0.0116538992
vt 0.0581397945 0.00778007461
vt 0.0387706715 0.00778007461
vt 0.0581397945 0.00390625
vt 0.0387706715 0.00390625
vt 0.0387706715 0.238272639
vt 0.0581397945 0.238272639
vt 0.0581397945 0.232461902
vt 0.0387706715 0.232461902
vt 0.0581397945 0.226651165
vt 0.0387706715 0.226651165
vt 0.0581397945 0.22277734
vt 0.0387706715 0.22277734
vt 0.0581397945 0.216966603
vt 0.0387706715 0.216966603
vt 0.0581397945 0.211155866
vt 0.0387706715 0.211155866
vt 0.0581397945 0.20534513
vt 0.0387706715 0.20534513
vt 0.0581397945 0.198565937
vt 0.0387706715 0.198565937
vt 0.0581397945 0.189849831
vt 0.0387706715 0.189849831
vt 0.0581397945 0.181133726
vt 0.0387706715 0.181133726
vt 0.0581397945 0.168543796
vt 0.0387706715 0.168543796
vt 0.0581397945 0.157890778
vt 0.0387706715 0.157890778
vt 0.0581397945 0.149174673
vt 0.0387706715 0.149174673
vt 0.0581397945 0.141427024
vt 0.0387706715 0.141427024
vt 0.0581397945 0.136584743
vt 0.0387706715 0.136584743
vt 0.0581397945 0.131742462
vt 0.0387706715 0.131742462
vt 0.0581397945 0.124963269
vt 0.0387706715 0.124963269
vt 0.0581397945 0.120120988
vt 0.0387706715 0.120120988
vt 0.0581397945 0.115278707
vt 0.0387706715 0.115278707
vt 0.0581397945 0.108499514
vt 0.0387706715 0.108499514
vt 0.0581397945 0.103657234
vt 0.0387706715 0.103657234
vt 0.0581397945 0.0968780406
vt 0.0387706715 0.0968780406
vt 0.0581397945 0.0900988475
vt 0.0387706715 0.0900988475
vt 0.0581397945 0.0813827421
vt 0.0387706715 0.0813827421
vt 0.0581397945 0.0726666368
vt 0.0387706715 0.0726666368
vt 0.0581397945 0.0649189876
vt 0.0387706715 0.0649189876
vt 0.0581397945 0.0581397945
vt 0.0387706715 0.0581397945
vt 0.0581397945 0.0513606014
vt 0.0387706715 0.0513606014
vt 0.0581397945 0.0455498645
vt 0.0387706715 0.0455498645
vt 0.0581397945 0.0407075838
vt 0.0387706715 0.0407075838
vt 0.0581397945 0.0319914784
vt 0.0387706715 0.0319914784
vt 0.0581397945 0.0242438292
vt 0.0387706715 0.0242438292
vt 0.0581397945 0.0174646361
vt 0.0387706715 0.0174646361
vt 0.0581397945 0.0116538992
vt 0.0387706715 0.0116538992
vt 0.0581397945 0.00778007461
vt 0.0387706715 0.00778007461
vt 0.0581397945 0.00390625
vt 0.0387706715 0.00390625
vt 0.954930191 0.201471305
vt 0.965583209 0.211155866
vt 0.969457033 0.208250498
vt 0.95783556 0.19759748
vt 0.969457033 0.207282042
vt 0.948150998 0.187912919
vt 0.94524563 0.190818287
vt 0.958804016 0.19759748
vt 0.974299314 0.202439761
vt 0.939434893 0.176291445
vt 0.936529524 0.18016527
vt 0.9326557 0.179196813
vt 0.949119454 0.186944463
vt 0.963646296 0.1927552
vt 0.977204683 0.198565937
vt 0.934592612 0.176291445
vt 0.926844963 0.177259901
vt 0.940403349 0.175322989
vt 0.953961735 0.184039094
vt 0.967520121 0.189849831
vt 0.977204683 0.19759748
vt 0.930718787 0.175322989
vt 0.923939594 0.162733059
vt 0.95783556 0.181133726
vt 0.967520121 0.189849831
vt 0.980110051 0.194692112
vt 0.971393946 0.185976007
vt 0.961709384 0.178228357
vt 0.958804016 0.181133726
vt 0.954930191 0.169512252
vt 0.95008791 0.171449164
vt 0.951056366 0.171449164
vt 0.949119454 0.161764603
vt 0.952993279 0.160796147
vt 0.94524563 0.173386077
vt 0.948150998 0.161764603
vt 0.949119454 0.152080041
vt 0.952993279 0.153048497
vt 0.944277173 0.161764603
vt 0.938466436 0.160796147
vt 0.948150998 0.151111585
vt 0.951056366 0.148206217
vt 0.954930191 0.150143129
vt 0.946214086 0.150143129
vt 0.95008791 0.14723776
vt 0.954930191 0.144332392
vt 0.95783556 0.148206217
vt 0.934592612 0.175322989
vt 0.941371805 0.148206217
vt 0.949119454 0.145300848
vt 0.953961735 0.144332392
vt 0.95783556 0.14239548
vt 0.959772472 0.14723776
vt 0.964614753 0.148206217
vt 0.952993279 0.140458567
vt 0.95783556 0.141427024
vt 0.963646296 0.143363936
vt 0.970425489 0.14723776
vt 0.955898647 0.135616287
vt 0.951056366 0.13464783
vt 0.963646296 0.143363936
vt 0.965583209 0.13464783
vt 0.968488577 0.14239548
vt 0.956867103 0.127868637
vt 0.968488577 0.143363936
vt 0.976236226 0.144332392
vt 0.972362402 0.140458567
vt 0.973330858 0.140458567
vt 0.980110051 0.137553199
vt 0.97526777 0.136584743
vt 0.976236226 0.136584743
vt 0.980110051 0.130774006
vt 0.97526777 0.131742462
vt 0.976236226 0.131742462
vt 0.978173139 0.123994813
vt 0.973330858 0.127868637
vt 0.974299314 0.126900181
vt 0.972362402 0.120120988
vt 0.969457033 0.124963269
vt 0.970425489 0.123994813
vt 0.96267784 0.119152532
vt 0.96267784 0.123994813
vt 0.96267784 0.123026357
vt 0.953961735 0.123026357
vt 0.955898647 0.126900181
vt 0.947182542 0.130774006
vt 0.955898647 0.127868637
vt 0.951056366 0.133679374
vt 0.946214086 0.139490111
vt 0.943308717 0.136584743
vt 0.941371805 0.14723776
vt 0.939434893 0.14239548
vt 0.935561068 0.141427024
vt 0.947182542 0.140458567
vt 0.941371805 0.14723776
vt 0.936529524 0.145300848
vt 0.936529524 0.144332392
vt 0.931687243 0.146269304
vt 0.928781875 0.143363936
vt 0.934592612 0.161764603
vt 0.9326557 0.146269304
vt 0.929750331 0.162733059
vt 0.928781875 0.162733059
vt 0.930718787 0.174354533
vt 0.954930191 0.201471305
vt 0.969457033 0.208250498
vt 0.965583209 0.211155866
vt 0.95783556 0.19759748
vt 0.969457033 0.207282042
vt 0.948150998 0.187912919
vt 0.94524563 0.190818287
vt 0.958804016 0.19759748
vt 0.974299314 0.202439761
vt 0.939434893 0.176291445
vt 0.936529524 0.18016527
vt 0.9326557 0.179196813
vt 0.949119454 0.186944463
vt 0.963646296 0.1927552
vt 0.977204683 0.198565937
vt 0.934592612 0.176291445
vt 0.926844963 0.177259901
vt 0.940403349 0.175322989
vt 0.953961735 0.184039094
vt 0.967520121 0.189849831
vt 0.977204683 0.19759748
vt 0.930718787 0.175322989
vt 0.923939594 0.162733059
vt 0.95783556 0.181133726
vt 0.967520121 0.189849831
vt 0.980110051 0.194692112
vt 0.971393946 0.185976007
vt 0.961709384 0.178228357
vt 0.958804016 0.181133726
vt 0.954930191 0.169512252
vt 0.95008791 0.171449164
vt 0.951056366 0.171449164
vt 0.949119454 0.161764603
vt 0.952993279 0.160796147
vt 0.94524563 0.173386077
vt 0.948150998 0.161764603
vt 0.949119454 0.152080041
vt 0.952993279 0.153048497
vt 0.944277173 0.161764603
vt 0.938466436 0.160796147
vt 0.948150998 0.151111585
vt 0.951056366 0.148206217
vt 0.954930191 0.150143129
vt 0.946214086 0.150143129
vt 0.95008791 0.14723776
vt 0.954930191 0.144332392
vt 0.95783556 0.148206217
vt 0.934592612 0.175322989
vt 0.941371805 0.148206217
vt 0.949119454 0.145300848
vt 0.953961735 0.144332392
vt 0.95783556 0.14239548
vt 0.959772472 0.14723776
vt 0.964614753 0.148206217
vt 0.952993279 0.140458567
vt 0.95783556 0.141427024
vt 0.963646296 0.143363936
vt 0.970425489 0.14723776
vt 0.955898647 0.135616287
vt 0.951056366 0.13464783
vt 0.947182542 0.140458567
vt 0.963646296 0.143363936
vt 0.965583209 0.13464783
vt 0.968488577 0.14239548
vt 0.956867103 0.127868637
vt 0.968488577 0.143363936
vt 0.976236226 0.144332392
vt 0.972362402 0.140458567
vt 0.973330858 0.140458567
vt 0.980110051 0.137553199
vt 0.97526777 0.136584743
vt 0.976236226 0.136584743
vt 0.980110051 0.130774006
vt 0.97526777 0.131742462
vt 0.976236226 0.131742462
vt 0.978173139 0.123994813
vt 0.973330858 0.127868637
vt 0.974299314 0.126900181
vt 0.972362402 0.120120988
vt 0.969457033 0.124963269
vt 0.970425489 0.123994813
vt 0.96267784 0.119152532
vt 0.96267784 0.123994813
vt 0.96267784 0.123026357
vt 0.953961735 0.123026357
vt 0.955898647 0.126900181
vt 0.947182542 0.130774006
vt 0.955898647 0.127868637
vt 0.951056366 0.133679374
vt 0.946214086 0.139490111
vt 0.943308717 0.136584743
vt 0.941371805 0.14723776
vt 0.939434893 0.14239548
vt 0.935561068 0.141427024
vt 0.941371805 0.14723776
vt 0.936529524 0.145300848
vt 0.936529524 0.144332392
vt 0.931687243 0.146269304
vt 0.928781875 0.143363936
vt 0.934592612 0.161764603
vt 0.9326557 0.146269304
vt 0.929750331 0.162733059
vt 0.928781875 0.162733059
vt 0.930718787 0.174354533
vt 0.954930191 0.201471305
vt 0.969457033 0.208250498
vt 0.965583209 0.211155866
vt 0.95783556 0.19759748
vt 0.969457033 0.207282042
vt 0.948150998 0.187912919
vt 0.94524563 0.190818287
vt 0.958804016 0.19759748
vt 0.974299314 0.202439761
vt 0.939434893 0.176291445
vt 0.936529524 0.18016527
vt 0.9326557 0.179196813
vt 0.949119454 0.186944463
vt 0.963646296 0.1927552
vt 0.977204683 0.198565937
vt 0.934592612 0.176291445
vt 0.926844963 0.177259901
vt 0.940403349 0.175322989
vt 0.953961735 0.184039094
vt 0.967520121 0.189849831
vt 0.977204683 0.19759748
vt 0.930718787 0.175322989
vt 0.923939594 0.162733059
vt 0.95783556 0.181133726
vt 0.967520121 0.189849831
vt 0.980110051 0.194692112
vt 0.971393946 0.185976007
vt 0.961709384 0.178228357
vt 0.958804016 0.181133726
vt 0.954930191 0.169512252
vt 0.95008791 0.171449164
vt 0.951056366 0.171449164
vt 0.949119454 0.161764603
vt 0.952993279 0.160796147
vt 0.94524563 0.173386077
vt 0.948150998 0.161764603
vt 0.949119454 0.152080041
vt 0.952993279 0.153048497
vt 0.944277173 0.161764603
vt 0.938466436 0.160796147
vt 0.948150998 0.151111585
vt 0.951056366 0.148206217
vt 0.954930191 0.150143129
vt 0.934592612 0.175322989
vt 0.946214086 0.150143129
vt 0.95008791 0.14723776
vt 0.954930191 0.144332392
vt 0.95783556 0.148206217
vt 0.949119454 0.145300848
vt 0.953961735 0.144332392
vt 0.95783556 0.14239548
vt 0.959772472 0.14723776
vt 0.964614753 0.148206217
vt 0.952993279 0.140458567
vt 0.95783556 0.141427024
vt 0.963646296 0.143363936
vt 0.970425489 0.14723776
vt 0.955898647 0.135616287
vt 0.951056366 0.13464783
vt 0.963646296 0.143363936
vt 0.965583209 0.13464783
vt 0.968488577 0.14239548
vt 0.956867103 0.127868637
vt 0.968488577 0.143363936
vt 0.976236226 0.144332392
vt 0.972362402 0.140458567
vt 0.973330858 0.140458567
vt 0.980110051 0.137553199
vt 0.97526777 0.136584743
vt 0.976236226 0.136584743
vt 0.980110051 0.130774006
vt 0.97526777 0.131742462
vt 0.976236226 0.131742462
vt 0.978173139 0.123994813
vt 0.973330858 0.127868637
vt 0.974299314 0.126900181
vt 0.972362402 0.120120988
vt 0.969457033 0.124963269
vt 0.970425489 0.123994813
vt 0.96267784 0.119152532
vt 0.96267784 0.123994813
vt 0.96267784 0.123026357
vt 0.953961735 0.123026357
vt 0.955898647 0.126900181
vt 0.947182542 0.130774006
vt 0.955898647 0.127868637
vt 0.951056366 0.133679374
vt 0.946214086 0.139490111
vt 0.943308717 0.136584743
vt 0.941371805 0.14723776
vt 0.939434893 0.14239548
vt 0.935561068 0.141427024
vt 0.947182542 0.140458567
vt 0.941371805 0.14723776
vt 0.941371805 0.148206217
vt 0.936529524 0.145300848
vt 0.936529524 0.144332392
vt 0.931687243 0.146269304
vt 0.928781875 0.143363936
vt 0.934592612 0.161764603
vt 0.9326557 0.146269304
vt 0.929750331 0.162733059
vt 0.928781875 0.162733059
vt 0.930718787 0.174354533
vt 0.954930191 0.201471305
vt 0.965583209 0.211155866
vt 0.969457033 0.208250498
vt 0.95783556 0.19759748
vt 0.969457033 0.207282042
vt 0.948150998 0.187912919
vt 0.94524563 0.190818287
vt 0.958804016 0.19759748
vt 0.974299314 0.202439761
vt 0.939434893 0.176291445
vt 0.936529524 0.18016527
vt 0.9326557 0.179196813
vt 0.949119454 0.186944463
vt 0.963646296 0.1927552
vt 0.977204683 0.198565937
vt 0.934592612 0.176291445
vt 0.926844963 0.177259901
vt 0.940403349 0.175322989
vt 0.953961735 0.184039094
vt 0.967520121 0.189849831
vt 0.977204683 0.19759748
vt 0.930718787 0.175322989
vt 0.923939594 0.162733059
vt 0.95783556 0.181133726
vt 0.967520121 0.189849831
vt 0.980110051 0.194692112
vt 0.971393946 0.185976007
vt 0.961709384 0.178228357
vt 0.958804016 0.181133726
vt 0.954930191 0.169512252
vt 0.95008791 0.171449164
vt 0.951056366 0.171449164
vt 0.949119454 0.161764603
vt 0.952993279 0.160796147
vt 0.94524563 0.173386077
vt 0.948150998 0.161764603
vt 0.949119454 0.152080041
vt 0.952993279 0.153048497
vt 0.944277173 0.161764603
vt 0.938466436 0.160796147
vt 0.948150998 0.151111585
vt 0.951056366 0.148206217
vt 0.954930191 0.150143129
vt 0.934592612 0.175322989
vt 0.946214086 0.150143129
vt 0.95008791 0.14723776
vt 0.954930191 0.144332392
vt 0.95783556 0.148206217
vt 0.949119454 0.145300848
vt 0.953961735 0.144332392
vt 0.95783556 0.14239548
vt 0.959772472 0.14723776
vt 0.964614753 0.148206217
vt 0.952993279 0.140458567
vt 0.95783556 0.141427024
vt 0.963646296 0.143363936
vt 0.970425489 0.14723776
vt 0.955898647 0.135616287
vt 0.951056366 0.13464783
vt 0.963646296 0.143363936
vt 0.965583209 0.13464783
vt 0.968488577 0.14239548
vt 0.956867103 0.127868637
vt 0.968488577 0.143363936
vt 0.976236226 0.144332392
vt 0.972362402 0.140458567
vt 0.973330858 0.140458567
vt 0.980110051 0.137553199
vt 0.97526777 0.136584743
vt 0.976236226 0.136584743
vt 0.980110051 0.130774006
vt 0.97526777 0.131742462
vt 0.976236226 0.131742462
vt 0.978173139 0.123994813
vt 0.973330858 0.127868637
vt 0.974299314 0.126900181
vt 0.972362402 0.120120988
vt 0.969457033 0.124963269
vt 0.970425489 0.123994813
vt 0.96267784 0.119152532
vt 0.96267784 0.123994813
vt 0.96267784 0.123026357
vt 0.953961735 0.123026357
vt 0.955898647 0.126900181
vt 0.947182542 0.130774006
vt 0.955898647 0.127868637
vt 0.951056366 0.133679374
vt 0.946214086 0.139490111
vt 0.943308717 0.136584743
vt 0.941371805 0.14723776
vt 0.939434893 0.14239548
vt 0.935561068 0.141427024
vt 0.947182542 0.140458567
vt 0.941371805 0.14723776
vt 0.941371805 0.148206217
vt 0.936529524 0.145300848
vt 0.936529524 0.144332392
vt 0.931687243 0.146269304
vt 0.928781875 0.143363936
vt 0.934592612 0.161764603
vt 0.9326557 0.146269304
vt 0.929750331 0.162733059
vt 0.928781875 0.162733059
vt 0.930718787 0.174354533
vt 0.4997558 0.545273239
vt 0.52493566 0.229556533
vt 0.507503449 0.228588077
vt 0.516219554 0.539462502
vt 0.501692712 0.547210151
vt 0.51718801 0.539462502
vt 0.526872572 0.229556533
vt 0.547210151 0.23052499
vt 0.516219554 0.540430958
vt 0.527841028 0.544304783
vt 0.516219554 0.556894713
vt 0.52977794 0.563673906
vt 0.52977794 0.543336327
vt 0.543336327 0.548178607
vt 0.54236787 0.55011552
vt 0.556894713 0.560768537
vt 0.541399414 0.573358467
vt 0.54236787 0.574326923
vt 0.557863169 0.558831625
vt 0.557863169 0.56270545
vt 0.558831625 0.559800081
vt 0.569484643 0.23052499
vt 0.585948397 0.231493446
vt 0.558831625 0.561736993
vt 0.574326923 0.559800081
vt 0.601443696 0.231493446
vt 0.589822222 0.558831625
vt 0.569484643 0.596601415
vt 0.559800081 0.608222889
vt 0.561736993 0.609191345
vt 0.571421555 0.596601415
vt 0.576263836 0.595632959
vt 0.590790678 0.599506783
vt 0.601443696 0.604349064
vt 0.570453099 0.597569871
vt 0.576263836 0.597569871
vt 0.568516186 0.613065169
vt 0.583043029 0.61790745
vt 0.589822222 0.601443696
vt 0.601443696 0.606285976
vt 0.594664503 0.622749731
vt 0.4997558 0.545273239
vt 0.507503449 0.228588077
vt 0.52493566 0.229556533
vt 0.516219554 0.539462502
vt 0.501692712 0.547210151
vt 0.51718801 0.539462502
vt 0.526872572 0.229556533
vt 0.547210151 0.23052499
vt 0.516219554 0.540430958
vt 0.52977794 0.543336327
vt 0.527841028 0.544304783
vt 0.516219554 0.556894713
vt 0.52977794 0.563673906
vt 0.543336327 0.548178607
vt 0.569484643 0.23052499
vt 0.54236787 0.55011552
vt 0.556894713 0.560768537
vt 0.541399414 0.573358467
vt 0.54236787 0.574326923
vt 0.557863169 0.558831625
vt 0.557863169 0.56270545
vt 0.558831625 0.559800081
vt 0.585948397 0.231493446
vt 0.558831625 0.561736993
vt 0.574326923 0.559800081
vt 0.601443696 0.231493446
vt 0.589822222 0.558831625
vt 0.569484643 0.596601415
vt 0.559800081 0.608222889
vt 0.561736993 0.609191345
vt 0.571421555 0.596601415
vt 0.576263836 0.595632959
vt 0.590790678 0.599506783
vt 0.601443696 0.604349064
vt 0.570453099 0.597569871
vt 0.576263836 0.597569871
vt 0.568516186 0.613065169
vt 0.583043029 0.61790745
vt 0.589822222 0.601443696
vt 0.601443696 0.606285976
vt 0.594664503 0.622749731
vt 0.875516787 0.989794613
vt 0.866800681 0.690541662
vt 0.870674506 0.993668437
vt 0.873579874 0.690541662
vt 0.877453699 0.989794613
vt 0.875516787 0.690541662
vt 0.890043629 0.989794613
vt 0.889075173 0.690541662
vt 0.891012085 0.989794613
vt 0.890043629 0.690541662
vt 0.896822822 0.992699981
vt 0.896822822 0.690541662
vt 0.896822822 0.992699981
vt 0.891012085 0.989794613
vt 0.896822822 0.690541662
vt 0.875516787 0.989794613
vt 0.870674506 0.993668437
vt 0.872611418 0.994636893
vt 0.877453699 0.989794613
vt 0.877453699 0.989794613
vt 0.872611418 0.994636893
vt 0.89488591 0.994636893
vt 0.890043629 0.989794613
vt 0.890043629 0.989794613
vt 0.89488591 0.994636893
vt 0.896822822 0.992699981
vt 0.891012085 0.989794613
vt 0.875516787 0.989794613
vt 0.870674506 0.993668437
vt 0.866800681 0.690541662
vt 0.873579874 0.690541662
vt 0.877453699 0.989794613
vt 0.875516787 0.690541662
vt 0.890043629 0.989794613
vt 0.889075173 0.690541662
vt 0.891012085 0.989794613
vt 0.890043629 0.690541662
vt 0.875516787 0.989794613
vt 0.877453699 0.989794613
vt 0.872611418 0.994636893
vt 0.870674506 0.993668437
vt 0.877453699 0.989794613
vt 0.890043629 0.989794613
vt 0.89488591 0.994636893
vt 0.872611418 0.994636893
vt 0.890043629 0.989794613
vt 0.891012085 0.989794613
vt 0.896822822 0.992699981
vt 0.89488591 0.994636893
vt 0.923939594 0.830967804
vt 0.944277173 0.986889244
vt 0.953961735 0.985920788
vt 0.933624156 0.828062435
vt 0.954930191 0.984952332
vt 0.926844963 0.818377874
vt 0.918128857 0.818377874
vt 0.934592612 0.828062435
vt 0.96267784 0.983983876
vt 0.926844963 0.818377874
vt 0.918128857 0.817409417
vt 0.941371805 0.825157067
vt 0.963646296 0.983983876
vt 0.942340261 0.825157067
vt 0.973330858 0.982046963
vt 0.952024823 0.828062435
vt 0.956867103 0.825157067
vt 0.941371805 0.823220154
vt 0.930718787 0.812567137
vt 0.948150998 0.823220154
vt 0.931687243 0.810630224
vt 0.948150998 0.823220154
vt 0.958804016 0.821283242
vt 0.95008791 0.820314786
vt 0.933624156 0.8067564
vt 0.951056366 0.820314786
vt 0.958804016 0.815472505
vt 0.95008791 0.816440961
vt 0.935561068 0.803851031
vt 0.938466436 0.797071838
vt 0.951056366 0.816440961
vt 0.944277173 0.799977207
vt 0.940403349 0.791261101
vt 0.94524563 0.799977207
vt 0.954930191 0.799977207
vt 0.94524563 0.792229558
vt 0.941371805 0.787387277
vt 0.946214086 0.792229558
vt 0.954930191 0.795134926
vt 0.948150998 0.786418821
vt 0.941371805 0.78157654
vt 0.948150998 0.787387277
vt 0.956867103 0.792229558
vt 0.964614753 0.771891978
vt 0.940403349 0.777702715
vt 0.965583209 0.772860435
vt 0.973330858 0.774797347
vt 0.965583209 0.76898661
vt 0.940403349 0.774797347
vt 0.966551665 0.76898661
vt 0.973330858 0.767049698
vt 0.964614753 0.767049698
vt 0.940403349 0.771891978
vt 0.964614753 0.766081241
vt 0.970425489 0.762207417
vt 0.959772472 0.766081241
vt 0.959772472 0.765112785
vt 0.960740928 0.755428224
vt 0.934592612 0.767049698
vt 0.940403349 0.771891978
vt 0.934592612 0.768018154
vt 0.940403349 0.771891978
vt 0.9326557 0.770923522
vt 0.940403349 0.774797347
vt 0.940403349 0.774797347
vt 0.9326557 0.770923522
vt 0.9326557 0.774797347
vt 0.940403349 0.777702715
vt 0.931687243 0.778671171
vt 0.941371805 0.78157654
vt 0.931687243 0.785450364
vt 0.941371805 0.787387277
vt 0.930718787 0.789324189
vt 0.940403349 0.791261101
vt 0.930718787 0.789324189
vt 0.928781875 0.79416647
vt 0.938466436 0.797071838
vt 0.938466436 0.797071838
vt 0.925876506 0.799977207
vt 0.935561068 0.803851031
vt 0.923939594 0.802882575
vt 0.933624156 0.8067564
vt 0.922002682 0.8067564
vt 0.931687243 0.810630224
vt 0.931687243 0.810630224
vt 0.92006577 0.808693312
vt 0.930718787 0.812567137
vt 0.92006577 0.808693312
vt 0.926844963 0.818377874
vt 0.923939594 0.830967804
vt 0.953961735 0.985920788
vt 0.944277173 0.986889244
vt 0.933624156 0.828062435
vt 0.954930191 0.984952332
vt 0.926844963 0.818377874
vt 0.918128857 0.818377874
vt 0.934592612 0.828062435
vt 0.96267784 0.983983876
vt 0.926844963 0.818377874
vt 0.918128857 0.817409417
vt 0.941371805 0.825157067
vt 0.963646296 0.983983876
vt 0.942340261 0.825157067
vt 0.973330858 0.982046963
vt 0.952024823 0.828062435
vt 0.956867103 0.825157067
vt 0.941371805 0.823220154
vt 0.930718787 0.812567137
vt 0.948150998 0.823220154
vt 0.931687243 0.810630224
vt 0.948150998 0.823220154
vt 0.958804016 0.821283242
vt 0.95008791 0.820314786
vt 0.933624156 0.8067564
vt 0.951056366 0.820314786
vt 0.958804016 0.815472505
vt 0.95008791 0.816440961
vt 0.935561068 0.803851031
vt 0.938466436 0.797071838
vt 0.951056366 0.816440961
vt 0.944277173 0.799977207
vt 0.940403349 0.791261101
vt 0.94524563 0.799977207
vt 0.954930191 0.799977207
vt 0.94524563 0.792229558
vt 0.941371805 0.787387277
vt 0.946214086 0.792229558
vt 0.954930191 0.795134926
vt 0.948150998 0.786418821
vt 0.941371805 0.78157654
vt 0.948150998 0.787387277
vt 0.956867103 0.792229558
vt 0.964614753 0.771891978
vt 0.940403349 0.777702715
vt 0.965583209 0.772860435
vt 0.973330858 0.774797347
vt 0.965583209 0.76898661
vt 0.940403349 0.774797347
vt 0.966551665 0.76898661
vt 0.973330858 0.767049698
vt 0.964614753 0.767049698
vt 0.940403349 0.771891978
vt 0.964614753 0.766081241
vt 0.970425489 0.762207417
vt 0.959772472 0.766081241
vt 0.959772472 0.765112785
vt 0.960740928 0.755428224
vt 0.934592612 0.767049698
vt 0.940403349 0.771891978
vt 0.934592612 0.768018154
vt 0.940403349 0.771891978
vt 0.9326557 0.770923522
vt 0.940403349 0.774797347
vt 0.940403349 0.774797347
vt 0.9326557 0.774797347
vt 0.9326557 0.770923522
vt 0.940403349 0.777702715
vt 0.931687243 0.778671171
vt 0.941371805 0.78157654
vt 0.931687243 0.785450364
vt 0.941371805 0.787387277
vt 0.930718787 0.789324189
vt 0.940403349 0.791261101
vt 0.938466436 0.797071838
vt 0.928781875 0.79416647
vt 0.930718787 0.789324189
vt 0.938466436 0.797071838
vt 0.925876506 0.799977207
vt 0.935561068 0.803851031
vt 0.923939594 0.802882575
vt 0.933624156 0.8067564
vt 0.922002682 0.8067564
vt 0.931687243 0.810630224
vt 0.931687243 0.810630224
vt 0.92006577 0.808693312
vt 0.930718787 0.812567137
vt 0.926844963 0.818377874
vt 0.92006577 0.808693312
vt 0.946214086 0.278947797
vt 0.988826156 0.250862569
vt 0.97526777 0.226651165
vt 0.933624156 0.253767937
vt 0.858084576 0.306064569
vt 0.884232892 0.29831692
vt 0.877453699 0.27313706
vt 0.851305383 0.278947797
vt 0.782544996 0.32349678
vt 0.779639628 0.297348464
vt 0.768018154 0.301222289
vt 0.791261101 0.321559868
vt 0.817409417 0.317686043
vt 0.808693312 0.289600815
vt 0.779639628 0.297348464
vt 0.767049698 0.327370605
vt 0.768018154 0.301222289
vt 0.764144329 0.327370605
vt 0.741869838 0.312843762
vt 0.915223489 0.294443096
vt 0.946214086 0.278947797
vt 0.933624156 0.253767937
vt 0.905538927 0.267326323
vt 0.884232892 0.29831692
vt 0.915223489 0.294443096
vt 0.905538927 0.267326323
vt 0.877453699 0.27313706
vt 0.817409417 0.317686043
vt 0.858084576 0.306064569
vt 0.851305383 0.278947797
vt 0.808693312 0.289600815
vt 0.75639668 0.737027557
vt 0.741869838 0.75639668
vt 0.748649031 0.758333592
vt 0.758333592 0.739932925
vt 0.759302048 0.737027557
vt 0.767049698 0.327370605
vt 0.764144329 0.327370605
vt 0.75639668 0.737027557
vt 0.758333592 0.739932925
vt 0.772860435 0.739932925
vt 0.772860435 0.738964469
vt 0.759302048 0.737027557
vt 0.772860435 0.739932925
vt 0.775765803 0.762207417
vt 0.78157654 0.761238961
vt 0.774797347 0.737996013
vt 0.774797347 0.737996013
vt 0.789324189 0.593696046
vt 0.787387277 0.590790678
vt 0.772860435 0.738964469
vt 0.888106717 0.58788531
vt 0.855179207 0.574326923
vt 0.855179207 0.577232292
vt 0.886169804 0.590790678
vt 0.886169804 0.590790678
vt 0.918128857 0.633402749
vt 0.921034226 0.632434293
vt 0.888106717 0.58788531
vt 0.918128857 0.633402749
vt 0.95008791 0.747680575
vt 0.952993279 0.747680575
vt 0.921034226 0.632434293
vt 0.789324189 0.593696046
vt 0.811598681 0.58013766
vt 0.810630224 0.577232292
vt 0.787387277 0.590790678
vt 0.811598681 0.58013766
vt 0.855179207 0.577232292
vt 0.855179207 0.574326923
vt 0.810630224 0.577232292
vt 0.952993279 0.747680575
vt 0.993668437 0.748649031
vt 0.988826156 0.250862569
vt 0.946214086 0.278947797
vt 0.855179207 0.574326923
vt 0.888106717 0.58788531
vt 0.884232892 0.29831692
vt 0.858084576 0.306064569
vt 0.817409417 0.317686043
vt 0.810630224 0.577232292
vt 0.772860435 0.738964469
vt 0.787387277 0.590790678
vt 0.791261101 0.321559868
vt 0.782544996 0.32349678
vt 0.759302048 0.737027557
vt 0.772860435 0.738964469
vt 0.767049698 0.327370605
vt 0.817409417 0.317686043
vt 0.791261101 0.321559868
vt 0.787387277 0.590790678
vt 0.810630224 0.577232292
vt 0.921034226 0.632434293
vt 0.952993279 0.747680575
vt 0.946214086 0.278947797
vt 0.915223489 0.294443096
vt 0.888106717 0.58788531
vt 0.921034226 0.632434293
vt 0.915223489 0.294443096
vt 0.884232892 0.29831692
vt 0.886169804 0.590790678
vt 0.855179207 0.577232292
vt 0.852273839 0.600475239
vt 0.871642962 0.610159801
vt 0.789324189 0.593696046
vt 0.774797347 0.737996013
vt 0.78157654 0.761238961
vt 0.812567137 0.606285976
vt 0.75639668 0.737027557
vt 0.764144329 0.327370605
vt 0.741869838 0.312843762
vt 0.741869838 0.75639668
vt 0.772860435 0.739932925
vt 0.758333592 0.739932925
vt 0.748649031 0.758333592
vt 0.775765803 0.762207417
vt 0.811598681 0.58013766
vt 0.789324189 0.593696046
vt 0.812567137 0.606285976
vt 0.824188611 0.602412152
vt 0.95008791 0.747680575
vt 0.918128857 0.633402749
vt 0.895854366 0.644055766
vt 0.925876506 0.754459768
vt 0.918128857 0.633402749
vt 0.886169804 0.590790678
vt 0.871642962 0.610159801
vt 0.895854366 0.644055766
vt 0.855179207 0.577232292
vt 0.811598681 0.58013766
vt 0.824188611 0.602412152
vt 0.852273839 0.600475239
vt 0.946214086 0.278947797
vt 0.933624156 0.253767937
vt 0.97526777 0.226651165
vt 0.988826156 0.250862569
vt 0.858084576 0.306064569
vt 0.851305383 0.278947797
vt 0.877453699 0.27313706
vt 0.884232892 0.29831692
vt 0.782544996 0.32349678
vt 0.768018154 0.301222289
vt 0.779639628 0.297348464
vt 0.791261101 0.321559868
vt 0.779639628 0.297348464
vt 0.808693312 0.289600815
vt 0.817409417 0.317686043
vt 0.768018154 0.301222289
vt 0.767049698 0.327370605
vt 0.741869838 0.312843762
vt 0.764144329 0.327370605
vt 0.915223489 0.294443096
vt 0.905538927 0.267326323
vt 0.933624156 0.253767937
vt 0.946214086 0.278947797
vt 0.884232892 0.29831692
vt 0.877453699 0.27313706
vt 0.905538927 0.267326323
vt 0.915223489 0.294443096
vt 0.817409417 0.317686043
vt 0.808693312 0.289600815
vt 0.851305383 0.278947797
vt 0.858084576 0.306064569
vt 0.75639668 0.737027557
vt 0.758333592 0.739932925
vt 0.748649031 0.758333592
vt 0.741869838 0.75639668
vt 0.759302048 0.737027557
vt 0.75639668 0.737027557
vt 0.764144329 0.327370605
vt 0.767049698 0.327370605
vt 0.758333592 0.739932925
vt 0.759302048 0.737027557
vt 0.772860435 0.738964469
vt 0.772860435 0.739932925
vt 0.772860435 0.739932925
vt 0.774797347 0.737996013
vt 0.78157654 0.761238961
vt 0.775765803 0.762207417
vt 0.774797347 0.737996013
vt 0.772860435 0.738964469
vt 0.787387277 0.590790678
vt 0.789324189 0.593696046
vt 0.888106717 0.58788531
vt 0.886169804 0.590790678
vt 0.855179207 0.577232292
vt 0.855179207 0.574326923
vt 0.886169804 0.590790678
vt 0.888106717 0.58788531
vt 0.921034226 0.632434293
vt 0.918128857 0.633402749
vt 0.918128857 0.633402749
vt 0.921034226 0.632434293
vt 0.952993279 0.747680575
vt 0.95008791 0.747680575
vt 0.789324189 0.593696046
vt 0.787387277 0.590790678
vt 0.810630224 0.577232292
vt 0.811598681 0.58013766
vt 0.811598681 0.58013766
vt 0.810630224 0.577232292
vt 0.855179207 0.574326923
vt 0.855179207 0.577232292
vt 0.952993279 0.747680575
vt 0.946214086 0.278947797
vt 0.988826156 0.250862569
vt 0.993668437 0.748649031
vt 0.855179207 0.574326923
vt 0.884232892 0.29831692
vt 0.888106717 0.58788531
vt 0.858084576 0.306064569
vt 0.817409417 0.317686043
vt 0.810630224 0.577232292
vt 0.772860435 0.738964469
vt 0.791261101 0.321559868
vt 0.787387277 0.590790678
vt 0.782544996 0.32349678
vt 0.759302048 0.737027557
vt 0.767049698 0.327370605
vt 0.772860435 0.738964469
vt 0.817409417 0.317686043
vt 0.810630224 0.577232292
vt 0.787387277 0.590790678
vt 0.791261101 0.321559868
vt 0.921034226 0.632434293
vt 0.915223489 0.294443096
vt 0.946214086 0.278947797
vt 0.952993279 0.747680575
vt 0.888106717 0.58788531
vt 0.884232892 0.29831692
vt 0.915223489 0.294443096
vt 0.921034226 0.632434293
vt 0.886169804 0.590790678
vt 0.871642962 0.610159801
vt 0.852273839 0.600475239
vt 0.855179207 0.577232292
vt 0.789324189 0.593696046
vt 0.812567137 0.606285976
vt 0.78157654 0.761238961
vt 0.774797347 0.737996013
vt 0.75639668 0.737027557
vt 0.741869838 0.75639668
vt 0.741869838 0.312843762
vt 0.764144329 0.327370605
vt 0.772860435 0.739932925
vt 0.775765803 0.762207417
vt 0.748649031 0.758333592
vt 0.758333592 0.739932925
vt 0.811598681 0.58013766
vt 0.824188611 0.602412152
vt 0.812567137 0.606285976
vt 0.789324189 0.593696046
vt 0.95008791 0.747680575
vt 0.925876506 0.754459768
vt 0.895854366 0.644055766
vt 0.918128857 0.633402749
vt 0.918128857 0.633402749
vt 0.895854366 0.644055766
vt 0.871642962 0.610159801
vt 0.886169804 0.590790678
vt 0.855179207 0.577232292
vt 0.852273839 0.600475239
vt 0.824188611 0.602412152
vt 0.811598681 0.58013766
vt 0.4997558 0.545273239
vt 0.507503449 0.228588077
vt 0.52493566 0.229556533
vt 0.516219554 0.539462502
vt 0.501692712 0.547210151
vt 0.51718801 0.539462502
vt 0.526872572 0.229556533
vt 0.547210151 0.23052499
vt 0.516219554 0.540430958
vt 0.52977794 0.543336327
vt 0.527841028 0.544304783
vt 0.516219554 0.556894713
vt 0.52977794 0.563673906
vt 0.543336327 0.548178607
vt 0.569484643 0.23052499
vt 0.54236787 0.55011552
vt 0.556894713 0.560768537
vt 0.541399414 0.573358467
vt 0.54236787 0.574326923
vt 0.557863169 0.558831625
vt 0.557863169 0.56270545
vt 0.558831625 0.559800081
vt 0.585948397 0.231493446
vt 0.558831625 0.561736993
vt 0.574326923 0.559800081
vt 0.601443696 0.231493446
vt 0.589822222 0.558831625
vt 0.569484643 0.596601415
vt 0.559800081 0.608222889
vt 0.561736993 0.609191345
vt 0.571421555 0.596601415
vt 0.576263836 0.595632959
vt 0.590790678 0.599506783
vt 0.601443696 0.604349064
vt 0.570453099 0.597569871
vt 0.576263836 0.597569871
vt 0.568516186 0.613065169
vt 0.583043029 0.61790745
vt 0.589822222 0.601443696
vt 0.601443696 0.606285976
vt 0.594664503 0.622749731
vt 0.4997558 0.545273239
vt 0.52493566 0.229556533
vt 0.507503449 0.228588077
vt 0.516219554 0.539462502
vt 0.501692712 0.547210151
vt 0.51718801 0.539462502
vt 0.526872572 0.229556533
vt 0.547210151 0.23052499
vt 0.516219554 0.540430958
vt 0.52977794 0.543336327
vt 0.527841028 0.544304783
vt 0.516219554 0.556894713
vt 0.52977794 0.563673906
vt 0.543336327 0.548178607
vt 0.569484643 0.23052499
vt 0.54236787 0.55011552
vt 0.556894713 0.560768537
vt 0.541399414 0.573358467
vt 0.54236787 0.574326923
vt 0.557863169 0.558831625
vt 0.557863169 0.56270545
vt 0.558831625 0.559800081
vt 0.585948397 0.231493446
vt 0.558831625 0.561736993
vt 0.574326923 0.559800081
vt 0.601443696 0.231493446
vt 0.589822222 0.558831625
vt 0.569484643 0.596601415
vt 0.559800081 0.608222889
vt 0.561736993 0.609191345
vt 0.571421555 0.596601415
vt 0.576263836 0.595632959
vt 0.590790678 0.599506783
vt 0.601443696 0.604349064
vt 0.570453099 0.597569871
vt 0.576263836 0.597569871
vt 0.568516186 0.613065169
vt 0.583043029 0.61790745
vt 0.589822222 0.601443696
vt 0.601443696 0.606285976
vt 0.594664503 0.622749731
vt 0.875516787 0.989794613
vt 0.870674506 0.993668437
vt 0.866800681 0.690541662
vt 0.873579874 0.690541662
vt 0.877453699 0.989794613
vt 0.875516787 0.690541662
vt 0.890043629 0.989794613
vt 0.889075173 0.690541662
vt 0.891012085 0.989794613
vt 0.890043629 0.690541662
vt 0.896822822 0.992699981
vt 0.896822822 0.690541662
vt 0.875516787 0.989794613
vt 0.877453699 0.989794613
vt 0.872611418 0.994636893
vt 0.870674506 0.993668437
vt 0.877453699 0.989794613
vt 0.890043629 0.989794613
vt 0.89488591 0.994636893
vt 0.872611418 0.994636893
vt 0.890043629 0.989794613
vt 0.891012085 0.989794613
vt 0.896822822 0.992699981
vt 0.89488591 0.994636893
vt 0.875516787 0.989794613
vt 0.866800681 0.690541662
vt 0.870674506 0.993668437
vt 0.873579874 0.690541662
vt 0.877453699 0.989794613
vt 0.875516787 0.690541662
vt 0.890043629 0.989794613
vt 0.889075173 0.690541662
vt 0.891012085 0.989794613
vt 0.890043629 0.690541662
vt 0.896822822 0.992699981
vt 0.896822822 0.690541662
vt 0.875516787 0.989794613
vt 0.870674506 0.993668437
vt 0.872611418 0.994636893
vt 0.877453699 0.989794613
vt 0.877453699 0.989794613
vt 0.872611418 0.994636893
vt 0.89488591 0.994636893
vt 0.890043629 0.989794613
vt 0.890043629 0.989794613
vt 0.89488591 0.994636893
vt 0.896822822 0.992699981
vt 0.891012085 0.989794613
vt 0.923939594 0.830967804
vt 0.953961735 0.985920788
vt 0.944277173 0.986889244
vt 0.933624156 0.828062435
vt 0.954930191 0.984952332
vt 0.934592612 0.828062435
vt 0.96267784 0.983983876
vt 0.926844963 0.818377874
vt 0.918128857 0.818377874
vt 0.926844963 0.818377874
vt 0.918128857 0.817409417
vt 0.930718787 0.812567137
vt 0.941371805 0.825157067
vt 0.963646296 0.983983876
vt 0.942340261 0.825157067
vt 0.973330858 0.982046963
vt 0.952024823 0.828062435
vt 0.956867103 0.825157067
vt 0.941371805 0.823220154
vt 0.948150998 0.823220154
vt 0.931687243 0.810630224
vt 0.948150998 0.823220154
vt 0.958804016 0.821283242
vt 0.95008791 0.820314786
vt 0.933624156 0.8067564
vt 0.951056366 0.820314786
vt 0.958804016 0.815472505
vt 0.95008791 0.816440961
vt 0.935561068 0.803851031
vt 0.938466436 0.797071838
vt 0.951056366 0.816440961
vt 0.944277173 0.799977207
vt 0.940403349 0.791261101
vt 0.94524563 0.799977207
vt 0.954930191 0.799977207
vt 0.94524563 0.792229558
vt 0.941371805 0.787387277
vt 0.946214086 0.792229558
vt 0.954930191 0.795134926
vt 0.948150998 0.786418821
vt 0.941371805 0.78157654
vt 0.948150998 0.787387277
vt 0.956867103 0.792229558
vt 0.964614753 0.771891978
vt 0.940403349 0.777702715
vt 0.965583209 0.772860435
vt 0.973330858 0.774797347
vt 0.965583209 0.76898661
vt 0.940403349 0.774797347
vt 0.966551665 0.76898661
vt 0.973330858 0.767049698
vt 0.964614753 0.767049698
vt 0.940403349 0.771891978
vt 0.964614753 0.766081241
vt 0.970425489 0.762207417
vt 0.959772472 0.766081241
vt 0.959772472 0.765112785
vt 0.960740928 0.755428224
vt 0.934592612 0.767049698
vt 0.940403349 0.771891978
vt 0.934592612 0.768018154
vt 0.940403349 0.771891978
vt 0.9326557 0.770923522
vt 0.940403349 0.774797347
vt 0.940403349 0.774797347
vt 0.9326557 0.774797347
vt 0.9326557 0.770923522
vt 0.940403349 0.777702715
vt 0.931687243 0.778671171
vt 0.941371805 0.78157654
vt 0.931687243 0.785450364
vt 0.941371805 0.787387277
vt 0.930718787 0.789324189
vt 0.940403349 0.791261101
vt 0.938466436 0.797071838
vt 0.928781875 0.79416647
vt 0.930718787 0.789324189
vt 0.938466436 0.797071838
vt 0.925876506 0.799977207
vt 0.935561068 0.803851031
vt 0.923939594 0.802882575
vt 0.933624156 0.8067564
vt 0.922002682 0.8067564
vt 0.931687243 0.810630224
vt 0.931687243 0.810630224
vt 0.92006577 0.808693312
vt 0.930718787 0.812567137
vt 0.926844963 0.818377874
vt 0.92006577 0.808693312
vt 0.923939594 0.830967804
vt 0.944277173 0.986889244
vt 0.953961735 0.985920788
vt 0.933624156 0.828062435
vt 0.954930191 0.984952332
vt 0.926844963 0.818377874
vt 0.918128857 0.818377874
vt 0.934592612 0.828062435
vt 0.96267784 0.983983876
vt 0.926844963 0.818377874
vt 0.918128857 0.817409417
vt 0.941371805 0.825157067
vt 0.963646296 0.983983876
vt 0.942340261 0.825157067
vt 0.973330858 0.982046963
vt 0.952024823 0.828062435
vt 0.956867103 0.825157067
vt 0.941371805 0.823220154
vt 0.930718787 0.812567137
vt 0.948150998 0.823220154
vt 0.931687243 0.810630224
vt 0.948150998 0.823220154
vt 0.958804016 0.821283242
vt 0.95008791 0.820314786
vt 0.933624156 0.8067564
vt 0.951056366 0.820314786
vt 0.958804016 0.815472505
vt 0.95008791 0.816440961
vt 0.935561068 0.803851031
vt 0.938466436 0.797071838
vt 0.951056366 0.816440961
vt 0.944277173 0.799977207
vt 0.940403349 0.791261101
vt 0.94524563 0.799977207
vt 0.954930191 0.799977207
vt 0.94524563 0.792229558
vt 0.941371805 0.787387277
vt 0.946214086 0.792229558
vt 0.954930191 0.795134926
vt 0.948150998 0.786418821
vt 0.941371805 0.78157654
vt 0.948150998 0.787387277
vt 0.956867103 0.792229558
vt 0.964614753 0.771891978
vt 0.940403349 0.777702715
vt 0.965583209 0.772860435
vt 0.973330858 0.774797347
vt 0.965583209 0.76898661
vt 0.940403349 0.774797347
vt 0.966551665 0.76898661
vt 0.973330858 0.767049698
vt 0.964614753 0.767049698
vt 0.940403349 0.771891978
vt 0.964614753 0.766081241
vt 0.970425489 0.762207417
vt 0.959772472 0.766081241
vt 0.959772472 0.765112785
vt 0.960740928 0.755428224
vt 0.934592612 0.767049698
vt 0.940403349 0.771891978
vt 0.934592612 0.768018154
vt 0.940403349 0.771891978
vt 0.9326557 0.770923522
vt 0.940403349 0.774797347
vt 0.940403349 0.774797347
vt 0.9326557 0.770923522
vt 0.9326557 0.774797347
vt 0.940403349 0.777702715
vt 0.931687243 0.778671171
vt 0.941371805 0.78157654
vt 0.931687243 0.785450364
vt 0.941371805 0.787387277
vt 0.930718787 0.789324189
vt 0.940403349 0.791261101
vt 0.930718787 0.789324189
vt 0.928781875 0.79416647
vt 0.938466436 0.797071838
vt 0.938466436 0.797071838
vt 0.925876506 0.799977207
vt 0.935561068 0.803851031
vt 0.923939594 0.802882575
vt 0.933624156 0.8067564
vt 0.922002682 0.8067564
vt 0.931687243 0.810630224
vt 0.931687243 0.810630224
vt 0.92006577 0.808693312
vt 0.930718787 0.812567137
vt 0.92006577 0.808693312
vt 0.926844963 0.818377874
vt 0.946214086 0.278947797
vt 0.933624156 0.253767937
vt 0.97526777 0.226651165
vt 0.988826156 0.250862569
vt 0.858084576 0.306064569
vt 0.851305383 0.278947797
vt 0.877453699 0.27313706
vt 0.884232892 0.29831692
vt 0.782544996 0.32349678
vt 0.768018154 0.301222289
vt 0.779639628 0.297348464
vt 0.791261101 0.321559868
vt 0.779639628 0.297348464
vt 0.808693312 0.289600815
vt 0.817409417 0.317686043
vt 0.768018154 0.301222289
vt 0.767049698 0.327370605
vt 0.741869838 0.312843762
vt 0.764144329 0.327370605
vt 0.915223489 0.294443096
vt 0.905538927 0.267326323
vt 0.933624156 0.253767937
vt 0.946214086 0.278947797
vt 0.884232892 0.29831692
vt 0.877453699 0.27313706
vt 0.905538927 0.267326323
vt 0.915223489 0.294443096
vt 0.817409417 0.317686043
vt 0.808693312 0.289600815
vt 0.851305383 0.278947797
vt 0.858084576 0.306064569
vt 0.75639668 0.737027557
vt 0.758333592 0.739932925
vt 0.748649031 0.758333592
vt 0.741869838 0.75639668
vt 0.759302048 0.737027557
vt 0.75639668 0.737027557
vt 0.764144329 0.327370605
vt 0.767049698 0.327370605
vt 0.758333592 0.739932925
vt 0.759302048 0.737027557
vt 0.772860435 0.738964469
vt 0.772860435 0.739932925
vt 0.772860435 0.739932925
vt 0.774797347 0.737996013
vt 0.78157654 0.761238961
vt 0.775765803 0.762207417
vt 0.774797347 0.737996013
vt 0.772860435 0.738964469
vt 0.787387277 0.590790678
vt 0.789324189 0.593696046
vt 0.888106717 0.58788531
vt 0.886169804 0.590790678
vt 0.855179207 0.577232292
vt 0.855179207 0.574326923
vt 0.886169804 0.590790678
vt 0.888106717 0.58788531
vt 0.921034226 0.632434293
vt 0.918128857 0.633402749
vt 0.918128857 0.633402749
vt 0.921034226 0.632434293
vt 0.952993279 0.747680575
vt 0.95008791 0.747680575
vt 0.789324189 0.593696046
vt 0.787387277 0.590790678
vt 0.810630224 0.577232292
vt 0.811598681 0.58013766
vt 0.811598681 0.58013766
vt 0.810630224 0.577232292
vt 0.855179207 0.574326923
vt 0.855179207 0.577232292
vt 0.952993279 0.747680575
vt 0.946214086 0.278947797
vt 0.988826156 0.250862569
vt 0.993668437 0.748649031
vt 0.855179207 0.574326923
vt 0.884232892 0.29831692
vt 0.888106717 0.58788531
vt 0.858084576 0.306064569
vt 0.817409417 0.317686043
vt 0.810630224 0.577232292
vt 0.772860435 0.738964469
vt 0.791261101 0.321559868
vt 0.787387277 0.590790678
vt 0.782544996 0.32349678
vt 0.759302048 0.737027557
vt 0.767049698 0.327370605
vt 0.772860435 0.738964469
vt 0.817409417 0.317686043
vt 0.810630224 0.577232292
vt 0.787387277 0.590790678
vt 0.791261101 0.321559868
vt 0.921034226 0.632434293
vt 0.915223489 0.294443096
vt 0.946214086 0.278947797
vt 0.952993279 0.747680575
vt 0.888106717 0.58788531
vt 0.884232892 0.29831692
vt 0.915223489 0.294443096
vt 0.921034226 0.632434293
vt 0.886169804 0.590790678
vt 0.871642962 0.610159801
vt 0.852273839 0.600475239
vt 0.855179207 0.577232292
vt 0.789324189 0.593696046
vt 0.812567137 0.606285976
vt 0.78157654 0.761238961
vt 0.774797347 0.737996013
vt 0.75639668 0.737027557
vt 0.741869838 0.75639668
vt 0.741869838 0.312843762
vt 0.764144329 0.327370605
vt 0.772860435 0.739932925
vt 0.775765803 0.762207417
vt 0.748649031 0.758333592
vt 0.758333592 0.739932925
vt 0.811598681 0.58013766
vt 0.824188611 0.602412152
vt 0.812567137 0.606285976
vt 0.789324189 0.593696046
vt 0.95008791 0.747680575
vt 0.925876506 0.754459768
vt 0.895854366 0.644055766
vt 0.918128857 0.633402749
vt 0.918128857 0.633402749
vt 0.895854366 0.644055766
vt 0.871642962 0.610159801
vt 0.886169804 0.590790678
vt 0.855179207 0.577232292
vt 0.852273839 0.600475239
vt 0.824188611 0.602412152
vt 0.811598681 0.58013766
vt 0.946214086 0.278947797
vt 0.988826156 0.250862569
vt 0.97526777 0.226651165
vt 0.933624156 0.253767937
vt 0.858084576 0.306064569
vt 0.884232892 0.29831692
vt 0.877453699 0.27313706
vt 0.851305383 0.278947797
vt 0.782544996 0.32349678
vt 0.779639628 0.297348464
vt 0.768018154 0.301222289
vt 0.791261101 0.321559868
vt 0.817409417 0.317686043
vt 0.808693312 0.289600815
vt 0.779639628 0.297348464
vt 0.767049698 0.327370605
vt 0.768018154 0.301222289
vt 0.764144329 0.327370605
vt 0.741869838 0.312843762
vt 0.915223489 0.294443096
vt 0.946214086 0.278947797
vt 0.933624156 0.253767937
vt 0.905538927 0.267326323
vt 0.884232892 0.29831692
vt 0.915223489 0.294443096
vt 0.905538927 0.267326323
vt 0.877453699 0.27313706
vt 0.817409417 0.317686043
vt 0.858084576 0.306064569
vt 0.851305383 0.278947797
vt 0.808693312 0.289600815
vt 0.75639668 0.737027557
vt 0.741869838 0.75639668
vt 0.748649031 0.758333592
vt 0.758333592 0.739932925
vt 0.759302048 0.737027557
vt 0.767049698 0.327370605
vt 0.764144329 0.327370605
vt 0.75639668 0.737027557
vt 0.758333592 0.739932925
vt 0.772860435 0.739932925
vt 0.772860435 0.738964469
vt 0.759302048 0.737027557
vt 0.772860435 0.739932925
vt 0.775765803 0.762207417
vt 0.78157654 0.761238961
vt 0.774797347 0.737996013
vt 0.774797347 0.737996013
vt 0.789324189 0.593696046
vt 0.787387277 0.590790678
vt 0.772860435 0.738964469
vt 0.888106717 0.58788531
vt 0.855179207 0.574326923
vt 0.855179207 0.577232292
vt 0.886169804 0.590790678
vt 0.886169804 0.590790678
vt 0.918128857 0.633402749
vt 0.921034226 0.632434293
vt 0.888106717 0.58788531
vt 0.918128857 0.633402749
vt 0.95008791 0.747680575
vt 0.952993279 0.747680575
vt 0.921034226 0.632434293
vt 0.789324189 0.593696046
vt 0.811598681 0.58013766
vt 0.810630224 0.577232292
vt 0.787387277 0.590790678
vt 0.811598681 0.58013766
vt 0.855179207 0.577232292
vt 0.855179207 0.574326923
vt 0.810630224 0.577232292
vt 0.952993279 0.747680575
vt 0.993668437 0.748649031
vt 0.988826156 0.250862569
vt 0.946214086 0.278947797
vt 0.855179207 0.574326923
vt 0.888106717 0.58788531
vt 0.884232892 0.29831692
vt 0.858084576 0.306064569
vt 0.817409417 0.317686043
vt 0.810630224 0.577232292
vt 0.772860435 0.738964469
vt 0.787387277 0.590790678
vt 0.791261101 0.321559868
vt 0.782544996 0.32349678
vt 0.759302048 0.737027557
vt 0.772860435 0.738964469
vt 0.767049698 0.327370605
vt 0.817409417 0.317686043
vt 0.791261101 0.321559868
vt 0.787387277 0.590790678
vt 0.810630224 0.577232292
vt 0.921034226 0.632434293
vt 0.952993279 0.747680575
vt 0.946214086 0.278947797
vt 0.915223489 0.294443096
vt 0.888106717 0.58788531
vt 0.921034226 0.632434293
vt 0.915223489 0.294443096
vt 0.884232892 0.29831692
vt 0.886169804 0.590790678
vt 0.855179207 0.577232292
vt 0.852273839 0.600475239
vt 0.871642962 0.610159801
vt 0.789324189 0.593696046
vt 0.774797347 0.737996013
vt 0.78157654 0.761238961
vt 0.812567137 0.606285976
vt 0.75639668 0.737027557
vt 0.764144329 0.327370605
vt 0.741869838 0.312843762
vt 0.741869838 0.75639668
vt 0.772860435 0.739932925
vt 0.758333592 0.739932925
vt 0.748649031 0.758333592
vt 0.775765803 0.762207417
vt 0.811598681 0.58013766
vt 0.789324189 0.593696046
vt 0.812567137 0.606285976
vt 0.824188611 0.602412152
vt 0.95008791 0.747680575
vt 0.918128857 0.633402749
vt 0.895854366 0.644055766
vt 0.925876506 0.754459768
vt 0.918128857 0.633402749
vt 0.886169804 0.590790678
vt 0.871642962 0.610159801
vt 0.895854366 0.644055766
vt 0.855179207 0.577232292
vt 0.811598681 0.58013766
vt 0.824188611 0.602412152
vt 0.852273839 0.600475239
vt 0.836778541 0.241178007
vt 0.826125523 0.262484043
vt 0.829030891 0.264420955
vt 0.808693312 0.227619621
vt 0.832904716 0.220840428
vt 0.8067564 0.206313586
vt 0.833873172 0.204376673
vt 0.807724856 0.18500755
vt 0.836778541 0.18500755
vt 0.8067564 0.107531058
vt 0.833873172 0.106562602
vt 0.811598681 0.0145592677
vt 0.836778541 0.241178007
vt 0.837746997 0.238272639
vt 0.835810084 0.220840428
vt 0.836778541 0.203408217
vt 0.859053032 0.229556533
vt 0.873579874 0.246988744
vt 0.85711612 0.227619621
vt 0.868737594 0.207282042
vt 0.870674506 0.207282042
vt 0.89488591 0.215998147
vt 0.838715453 0.18500755
vt 0.864863769 0.181133726
vt 0.867769137 0.181133726
vt 0.896822822 0.18016527
vt 0.8619584 0.108499514
vt 0.864863769 0.109467971
vt 0.893917453 0.102688777
vt 0.847431558 0.0281176538
vt 0.85711612 0.00874853076
vt 0.853242295 0.00778007461
vt 0.847431558 0.0300545661
vt 0.849368471 0.108499514
vt 0.846463102 0.0290861099
vt 0.842589277 0.0319914784
vt 0.843557734 0.00681161846
vt 0.843557734 0.0339283907
vt 0.838715453 0.0339283907
vt 0.835810084 0.00681161846
vt 0.838715453 0.0368337592
vt 0.836778541 0.107531058
vt 0.834841628 0.035865303
vt 0.833873172 0.0339283907
vt 0.825157067 0.00971698691
vt 0.830967804 0.035865303
vt 0.83193626 0.035865303
vt 0.829999347 0.0348968469
vt 0.813535593 0.0145592677
vt 0.836778541 0.241178007
vt 0.829030891 0.264420955
vt 0.826125523 0.262484043
vt 0.808693312 0.227619621
vt 0.832904716 0.220840428
vt 0.8067564 0.206313586
vt 0.833873172 0.204376673
vt 0.807724856 0.18500755
vt 0.836778541 0.18500755
vt 0.8067564 0.107531058
vt 0.833873172 0.106562602
vt 0.811598681 0.0145592677
vt 0.836778541 0.241178007
vt 0.837746997 0.238272639
vt 0.835810084 0.220840428
vt 0.836778541 0.203408217
vt 0.859053032 0.229556533
vt 0.873579874 0.246988744
vt 0.85711612 0.227619621
vt 0.868737594 0.207282042
vt 0.870674506 0.207282042
vt 0.89488591 0.215998147
vt 0.838715453 0.18500755
vt 0.864863769 0.181133726
vt 0.867769137 0.181133726
vt 0.896822822 0.18016527
vt 0.8619584 0.108499514
vt 0.864863769 0.109467971
vt 0.893917453 0.102688777
vt 0.847431558 0.0281176538
vt 0.85711612 0.00874853076
vt 0.853242295 0.00778007461
vt 0.847431558 0.0300545661
vt 0.849368471 0.108499514
vt 0.846463102 0.0290861099
vt 0.842589277 0.0319914784
vt 0.843557734 0.00681161846
vt 0.843557734 0.0339283907
vt 0.838715453 0.0339283907
vt 0.835810084 0.00681161846
vt 0.838715453 0.0368337592
vt 0.836778541 0.107531058
vt 0.834841628 0.035865303
vt 0.833873172 0.0339283907
vt 0.825157067 0.00971698691
vt 0.830967804 0.035865303
vt 0.83193626 0.035865303
vt 0.829999347 0.0348968469
vt 0.813535593 0.0145592677
vt 0.836778541 0.241178007
vt 0.829030891 0.264420955
vt 0.826125523 0.262484043
vt 0.808693312 0.227619621
vt 0.832904716 0.220840428
vt 0.8067564 0.206313586
vt 0.833873172 0.204376673
vt 0.807724856 0.18500755
vt 0.836778541 0.18500755
vt 0.8067564 0.107531058
vt 0.833873172 0.106562602
vt 0.811598681 0.0145592677
vt 0.836778541 0.241178007
vt 0.837746997 0.238272639
vt 0.835810084 0.220840428
vt 0.836778541 0.203408217
vt 0.859053032 0.229556533
vt 0.873579874 0.246988744
vt 0.85711612 0.227619621
vt 0.868737594 0.207282042
vt 0.870674506 0.207282042
vt 0.89488591 0.215998147
vt 0.838715453 0.18500755
vt 0.864863769 0.181133726
vt 0.867769137 0.181133726
vt 0.896822822 0.18016527
vt 0.8619584 0.108499514
vt 0.864863769 0.109467971
vt 0.893917453 0.102688777
vt 0.847431558 0.0281176538
vt 0.85711612 0.00874853076
vt 0.853242295 0.00778007461
vt 0.847431558 0.0300545661
vt 0.849368471 0.108499514
vt 0.846463102 0.0290861099
vt 0.842589277 0.0319914784
vt 0.843557734 0.00681161846
vt 0.843557734 0.0339283907
vt 0.838715453 0.0339283907
vt 0.835810084 0.00681161846
vt 0.838715453 0.0368337592
vt 0.836778541 0.107531058
vt 0.834841628 0.035865303
vt 0.833873172 0.0339283907
vt 0.825157067 0.00971698691
vt 0.830967804 0.035865303
vt 0.83193626 0.035865303
vt 0.829999347 0.0348968469
vt 0.813535593 0.0145592677
vt 0.836778541 0.241178007
vt 0.826125523 0.262484043
vt 0.829030891 0.264420955
vt 0.808693312 0.227619621
vt 0.832904716 0.220840428
vt 0.8067564 0.206313586
vt 0.833873172 0.204376673
vt 0.807724856 0.18500755
vt 0.836778541 0.18500755
vt 0.8067564 0.107531058
vt 0.833873172 0.106562602
vt 0.811598681 0.0145592677
vt 0.836778541 0.241178007
vt 0.837746997 0.238272639
vt 0.835810084 0.220840428
vt 0.836778541 0.203408217
vt 0.859053032 0.229556533
vt 0.873579874 0.246988744
vt 0.85711612 0.227619621
vt 0.868737594 0.207282042
vt 0.870674506 0.207282042
vt 0.89488591 0.215998147
vt 0.838715453 0.18500755
vt 0.864863769 0.181133726
vt 0.867769137 0.181133726
vt 0.896822822 0.18016527
vt 0.8619584 0.108499514
vt 0.864863769 0.109467971
vt 0.893917453 0.102688777
vt 0.847431558 0.0281176538
vt 0.85711612 0.00874853076
vt 0.853242295 0.00778007461
vt 0.847431558 0.0300545661
vt 0.849368471 0.108499514
vt 0.846463102 0.0290861099
vt 0.842589277 0.0319914784
vt 0.843557734 0.00681161846
vt 0.843557734 0.0339283907
vt 0.838715453 0.0339283907
vt 0.835810084 0.00681161846
vt 0.838715453 0.0368337592
vt 0.836778541 0.107531058
vt 0.834841628 0.035865303
vt 0.833873172 0.0339283907
vt 0.825157067 0.00971698691
vt 0.830967804 0.035865303
vt 0.83193626 0.035865303
vt 0.829999347 0.0348968469
vt 0.813535593 0.0145592677
vt 0.396130991 0.594664503
vt 0.385477974 0.546241695
vt 0.381604149 0.548178607
vt 0.384509518 0.545273239
vt 0.384509518 0.545273239
vt 0.23052499 0.52493566
vt 0.392257167 0.593696046
vt 0.304127657 0.583043029
vt 0.23052499 0.528809484
vt 0.381604149 0.640181942
vt 0.377730325 0.638245029
vt 0.345771272 0.671172539
vt 0.344802815 0.66826717
vt 0.300253832 0.678920188
vt 0.300253832 0.675046363
vt 0.254736393 0.660519521
vt 0.257641762 0.657614152
vt 0.225682709 0.620812819
vt 0.229556533 0.618875906
vt 0.221808884 0.60531752
vt 0.224714253 0.599506783
vt 0.198565937 0.620812819
vt 0.168543796 0.533651765
vt 0.16757534 0.52977794
vt 0.19759748 0.616938994
vt 0.171449164 0.622749731
vt 0.169512252 0.618875906
vt 0.152080041 0.65567724
vt 0.126900181 0.547210151
vt 0.125931725 0.543336327
vt 0.102688777 0.604349064
vt 0.0581397945 0.568516186
vt 0.055234426 0.564642362
vt 0.149174673 0.652771872
vt 0.122057901 0.674077907
vt 0.0407075838 0.58788531
vt 0.0368337592 0.585948397
vt 0.121089444 0.670204082
vt 0.0881619352 0.674077907
vt 0.0416760399 0.621781275
vt 0.0378022153 0.623718187
vt 0.0891303914 0.670204082
vt 0.0571713383 0.65567724
vt 0.0600767068 0.652771872
vt 0.381604149 0.548178607
vt 0.385477974 0.546241695
vt 0.396130991 0.594664503
vt 0.384509518 0.545273239
vt 0.384509518 0.545273239
vt 0.23052499 0.52493566
vt 0.392257167 0.593696046
vt 0.381604149 0.640181942
vt 0.304127657 0.583043029
vt 0.23052499 0.528809484
vt 0.377730325 0.638245029
vt 0.345771272 0.671172539
vt 0.344802815 0.66826717
vt 0.300253832 0.678920188
vt 0.300253832 0.675046363
vt 0.254736393 0.660519521
vt 0.257641762 0.657614152
vt 0.225682709 0.620812819
vt 0.229556533 0.618875906
vt 0.221808884 0.60531752
vt 0.224714253 0.599506783
vt 0.198565937 0.620812819
vt 0.168543796 0.533651765
vt 0.16757534 0.52977794
vt 0.19759748 0.616938994
vt 0.171449164 0.622749731
vt 0.169512252 0.618875906
vt 0.152080041 0.65567724
vt 0.126900181 0.547210151
vt 0.125931725 0.543336327
vt 0.102688777 0.604349064
vt 0.0581397945 0.568516186
vt 0.055234426 0.564642362
vt 0.149174673 0.652771872
vt 0.122057901 0.674077907
vt 0.0407075838 0.58788531
vt 0.0368337592 0.585948397
vt 0.121089444 0.670204082
vt 0.0881619352 0.674077907
vt 0.0416760399 0.621781275
vt 0.0378022153 0.623718187
vt 0.0891303914 0.670204082
vt 0.0571713383 0.65567724
vt 0.0600767068 0.652771872
vt 0.381604149 0.548178607
vt 0.384509518 0.545273239
vt 0.385477974 0.546241695
vt 0.384509518 0.545273239
vt 0.396130991 0.594664503
vt 0.23052499 0.52493566
vt 0.392257167 0.593696046
vt 0.381604149 0.640181942
vt 0.304127657 0.583043029
vt 0.23052499 0.528809484
vt 0.377730325 0.638245029
vt 0.345771272 0.671172539
vt 0.344802815 0.66826717
vt 0.300253832 0.678920188
vt 0.300253832 0.675046363
vt 0.254736393 0.660519521
vt 0.257641762 0.657614152
vt 0.225682709 0.620812819
vt 0.229556533 0.618875906
vt 0.221808884 0.60531752
vt 0.224714253 0.599506783
vt 0.198565937 0.620812819
vt 0.168543796 0.533651765
vt 0.16757534 0.52977794
vt 0.19759748 0.616938994
vt 0.171449164 0.622749731
vt 0.169512252 0.618875906
vt 0.152080041 0.65567724
vt 0.126900181 0.547210151
vt 0.125931725 0.543336327
vt 0.102688777 0.604349064
vt 0.0581397945 0.568516186
vt 0.055234426 0.564642362
vt 0.149174673 0.652771872
vt 0.122057901 0.674077907
vt 0.0407075838 0.58788531
vt 0.0368337592 0.585948397
vt 0.121089444 0.670204082
vt 0.0881619352 0.674077907
vt 0.0416760399 0.621781275
vt 0.0378022153 0.623718187
vt 0.0891303914 0.670204082
vt 0.0571713383 0.65567724
vt 0.0600767068 0.652771872
vt 0.385477974 0.546241695
vt 0.384509518 0.545273239
vt 0.381604149 0.548178607
vt 0.384509518 0.545273239
vt 0.396130991 0.594664503
vt 0.23052499 0.52493566
vt 0.392257167 0.593696046
vt 0.304127657 0.583043029
vt 0.23052499 0.528809484
vt 0.381604149 0.640181942
vt 0.377730325 0.638245029
vt 0.345771272 0.671172539
vt 0.344802815 0.66826717
vt 0.300253832 0.678920188
vt 0.300253832 0.675046363
vt 0.254736393 0.660519521
vt 0.257641762 0.657614152
vt 0.225682709 0.620812819
vt 0.229556533 0.618875906
vt 0.221808884 0.60531752
vt 0.224714253 0.599506783
vt 0.198565937 0.620812819
vt 0.168543796 0.533651765
vt 0.16757534 0.52977794
vt 0.19759748 0.616938994
vt 0.171449164 0.622749731
vt 0.169512252 0.618875906
vt 0.152080041 0.65567724
vt 0.126900181 0.547210151
vt 0.125931725 0.543336327
vt 0.102688777 0.604349064
vt 0.0581397945 0.568516186
vt 0.055234426 0.564642362
vt 0.149174673 0.652771872
vt 0.122057901 0.674077907
vt 0.0407075838 0.58788531
vt 0.0368337592 0.585948397
vt 0.121089444 0.670204082
vt 0.0881619352 0.674077907
vt 0.0416760399 0.621781275
vt 0.0378022153 0.623718187
vt 0.0891303914 0.670204082
vt 0.0571713383 0.65567724
vt 0.0600767068 0.652771872
vt 0.980110051 0.0155277238
vt 0.985920788 0.0310230222
vt 0.982046963 0.0319914784
vt 0.976236226 0.0184330923
vt 0.970425489 0.0058431623
vt 0.982046963 0.0465183207
vt 0.985920788 0.0474867768
vt 0.968488577 0.00971698691
vt 0.959772472 0.00390625
vt 0.977204683 0.0571713383
vt 0.981078507 0.0600767068
vt 0.960740928 0.00874853076
vt 0.951056366 0.00971698691
vt 0.970425489 0.061045163
vt 0.971393946 0.0658874437
vt 0.953961735 0.0126223554
vt 0.94524563 0.0223069169
vt 0.96267784 0.0600767068
vt 0.960740928 0.0639505314
vt 0.95008791 0.023275373
vt 0.94524563 0.0387706715
vt 0.954930191 0.0513606014
vt 0.951056366 0.0542659699
vt 0.95008791 0.0378022153
vt 0.977204683 0.0562028822
vt 0.970425489 0.061045163
vt 0.96267784 0.0591082507
vt 0.955898647 0.0503921453
vt 0.965583209 0.0348968469
vt 0.981078507 0.0455498645
vt 0.951056366 0.0378022153
vt 0.95008791 0.023275373
vt 0.981078507 0.0319914784
vt 0.953961735 0.0135908115
vt 0.976236226 0.0194015484
vt 0.960740928 0.00874853076
vt 0.968488577 0.0106854431
vt 0.840652365 0.991731525
vt 0.829030891 0.9878577
vt 0.830967804 0.985920788
vt 0.840652365 0.988826156
vt 0.851305383 0.9878577
vt 0.827093979 0.979141595
vt 0.824188611 0.979141595
vt 0.849368471 0.985920788
vt 0.856147664 0.979141595
vt 0.827093979 0.621781275
vt 0.824188611 0.621781275
vt 0.853242295 0.979141595
vt 0.856147664 0.621781275
vt 0.830967804 0.615002082
vt 0.829030891 0.613065169
vt 0.853242295 0.621781275
vt 0.851305383 0.613065169
vt 0.840652365 0.612096713
vt 0.840652365 0.609191345
vt 0.849368471 0.615002082
vt 0.828062435 0.979141595
vt 0.828062435 0.622749731
vt 0.83193626 0.615970538
vt 0.840652365 0.613065169
vt 0.848400014 0.615970538
vt 0.852273839 0.621781275
vt 0.83193626 0.984952332
vt 0.852273839 0.979141595
vt 0.840652365 0.9878577
vt 0.848400014 0.984952332
vt 0.847431558 0.639213486
vt 0.849368471 0.645024222
vt 0.849368471 0.955898647
vt 0.847431558 0.961709384
vt 0.840652365 0.965583209
vt 0.832904716 0.96267784
vt 0.840652365 0.635339661
vt 0.830967804 0.954930191
vt 0.832904716 0.638245029
vt 0.830967804 0.645992679
vt 0.849368471 0.954930191
vt 0.846463102 0.961709384
vt 0.840652365 0.964614753
vt 0.833873172 0.961709384
vt 0.83193626 0.954930191
vt 0.83193626 0.645992679
vt 0.849368471 0.645024222
vt 0.833873172 0.639213486
vt 0.846463102 0.639213486
vt 0.840652365 0.636308117
vt 0.836778541 0.959772472
vt 0.834841628 0.954930191
vt 0.834841628 0.645992679
vt 0.836778541 0.641150398
vt 0.839683909 0.639213486
vt 0.843557734 0.641150398
vt 0.840652365 0.961709384
vt 0.845494646 0.645992679
vt 0.843557734 0.959772472
vt 0.845494646 0.954930191
vt 0.835810084 0.645992679
vt 0.836778541 0.641150398
vt 0.839683909 0.640181942
vt 0.843557734 0.641150398
vt 0.840652365 0.645992679
vt 0.840652365 0.954930191
vt 0.835810084 0.954930191
vt 0.84452619 0.645992679
vt 0.836778541 0.959772472
vt 0.84452619 0.954930191
vt 0.840652365 0.960740928
vt 0.843557734 0.958804016
vt 0.729279908 0.0494236891
vt 0.722500715 0.0368337592
vt 0.729279908 0.035865303
vt 0.735090645 0.0445814084
vt 0.741869838 0.055234426
vt 0.729279908 0.0252122853
vt 0.722500715 0.023275373
vt 0.74380675 0.0494236891
vt 0.75639668 0.0562028822
vt 0.734122188 0.0155277238
vt 0.729279908 0.0106854431
vt 0.754459768 0.0494236891
vt 0.768018154 0.048455233
vt 0.742838294 0.0106854431
vt 0.741869838 0.00390625
vt 0.763175873 0.0436129522
vt 0.774797347 0.035865303
vt 0.753491311 0.0106854431
vt 0.755428224 0.00390625
vt 0.768018154 0.0348968469
vt 0.773828891 0.0223069169
vt 0.762207417 0.0155277238
vt 0.767049698 0.0106854431
vt 0.768018154 0.0242438292
vt 0.735090645 0.01649618
vt 0.742838294 0.0116538992
vt 0.753491311 0.0106854431
vt 0.762207417 0.0155277238
vt 0.767049698 0.0242438292
vt 0.768018154 0.0348968469
vt 0.730248364 0.0252122853
vt 0.762207417 0.0436129522
vt 0.730248364 0.0348968469
vt 0.754459768 0.048455233
vt 0.735090645 0.0436129522
vt 0.74380675 0.048455233
vt 0.738964469 0.0203700046
vt 0.736059101 0.0271491976
vt 0.736059101 0.0339283907
vt 0.739932925 0.0397391276
vt 0.745743662 0.0426444961
vt 0.752522855 0.0426444961
vt 0.744775206 0.0174646361
vt 0.758333592 0.0387706715
vt 0.751554399 0.0174646361
vt 0.761238961 0.0329599346
vt 0.757365136 0.0203700046
vt 0.761238961 0.0261807415
vt 0.752522855 0.0416760399
vt 0.757365136 0.0387706715
vt 0.760270505 0.0329599346
vt 0.760270505 0.0261807415
vt 0.757365136 0.0213384607
vt 0.751554399 0.0174646361
vt 0.745743662 0.0416760399
vt 0.744775206 0.0174646361
vt 0.739932925 0.0387706715
vt 0.739932925 0.0213384607
vt 0.737027557 0.0329599346
vt 0.737027557 0.0271491976
vt 0.754459768 0.023275373
vt 0.750585943 0.0213384607
vt 0.745743662 0.0213384607
vt 0.741869838 0.023275373
vt 0.739932925 0.0281176538
vt 0.739932925 0.0319914784
vt 0.757365136 0.0271491976
vt 0.742838294 0.0368337592
vt 0.757365136 0.0319914784
vt 0.746712118 0.0387706715
vt 0.755428224 0.035865303
vt 0.750585943 0.0387706715
vt 0.740901382 0.0319914784
vt 0.742838294 0.035865303
vt 0.746712118 0.0378022153
vt 0.750585943 0.0378022153
vt 0.748649031 0.0300545661
vt 0.739932925 0.0281176538
vt 0.754459768 0.035865303
vt 0.75639668 0.0319914784
vt 0.742838294 0.0242438292
vt 0.75639668 0.0281176538
vt 0.746712118 0.0223069169
vt 0.754459768 0.0242438292
vt 0.750585943 0.0223069169
vt 0.729279908 0.0494236891
vt 0.729279908 0.035865303
vt 0.722500715 0.0368337592
vt 0.735090645 0.0445814084
vt 0.741869838 0.055234426
vt 0.729279908 0.0494236891
vt 0.735090645 0.0436129522
vt 0.741869838 0.055234426
vt 0.722500715 0.0368337592
vt 0.729279908 0.0252122853
vt 0.722500715 0.023275373
vt 0.722500715 0.023275373
vt 0.734122188 0.0155277238
vt 0.729279908 0.0106854431
vt 0.729279908 0.0106854431
vt 0.742838294 0.0106854431
vt 0.741869838 0.00390625
vt 0.741869838 0.00390625
vt 0.753491311 0.0106854431
vt 0.755428224 0.00390625
vt 0.755428224 0.00390625
vt 0.762207417 0.0155277238
vt 0.767049698 0.0106854431
vt 0.767049698 0.0106854431
vt 0.768018154 0.0242438292
vt 0.773828891 0.0223069169
vt 0.773828891 0.0223069169
vt 0.768018154 0.0348968469
vt 0.774797347 0.035865303
vt 0.774797347 0.035865303
vt 0.763175873 0.0436129522
vt 0.768018154 0.048455233
vt 0.768018154 0.048455233
vt 0.754459768 0.0494236891
vt 0.75639668 0.0562028822
vt 0.762207417 0.0436129522
vt 0.768018154 0.0348968469
vt 0.758333592 0.0387706715
vt 0.761238961 0.0329599346
vt 0.760270505 0.0329599346
vt 0.760270505 0.0261807415
vt 0.757365136 0.0319914784
vt 0.757365136 0.0271491976
vt 0.75639668 0.0281176538
vt 0.754459768 0.0242438292
vt 0.748649031 0.0300545661
vt 0.75639668 0.0319914784
vt 0.750585943 0.0223069169
vt 0.746712118 0.0223069169
vt 0.742838294 0.0242438292
vt 0.739932925 0.0281176538
vt 0.740901382 0.0319914784
vt 0.742838294 0.035865303
vt 0.746712118 0.0378022153
vt 0.750585943 0.0378022153
vt 0.754459768 0.035865303
vt 0.757365136 0.0213384607
vt 0.761238961 0.0261807415
vt 0.757365136 0.0203700046
vt 0.751554399 0.0174646361
vt 0.751554399 0.0174646361
vt 0.744775206 0.0174646361
vt 0.744775206 0.0174646361
vt 0.739932925 0.0213384607
vt 0.738964469 0.0203700046
vt 0.737027557 0.0271491976
vt 0.736059101 0.0271491976
vt 0.737027557 0.0329599346
vt 0.736059101 0.0339283907
vt 0.739932925 0.0387706715
vt 0.739932925 0.0397391276
vt 0.745743662 0.0416760399
vt 0.74380675 0.048455233
vt 0.745743662 0.0426444961
vt 0.752522855 0.0416760399
vt 0.752522855 0.0426444961
vt 0.757365136 0.0387706715
vt 0.750585943 0.0387706715
vt 0.755428224 0.035865303
vt 0.74380675 0.0494236891
vt 0.746712118 0.0387706715
vt 0.754459768 0.048455233
vt 0.742838294 0.0368337592
vt 0.739932925 0.0319914784
vt 0.739932925 0.0281176538
vt 0.741869838 0.023275373
vt 0.745743662 0.0213384607
vt 0.750585943 0.0213384607
vt 0.754459768 0.023275373
vt 0.418405483 0.447459168
vt 0.408720921 0.492976607
vt 0.412594746 0.495881975
vt 0.376761868 0.519124923
vt 0.423247764 0.446490711
vt 0.404847097 0.416468571
vt 0.410657834 0.420342395
vt 0.375793412 0.515251098
vt 0.33608671 0.520093379
vt 0.337055166 0.516219554
vt 0.304127657 0.508471905
vt 0.304127657 0.50459808
vt 0.284758534 0.515251098
vt 0.440679974 0.416468571
vt 0.441648431 0.421310851
vt 0.381604149 0.261515586
vt 0.284758534 0.511377274
vt 0.324465236 0.292506183
vt 0.263452499 0.509440361
vt 0.266357867 0.505566537
vt 0.246988744 0.484260501
vt 0.2479572 0.478449764
vt 0.227619621 0.508471905
vt 0.225682709 0.505566537
vt 0.202439761 0.51718801
vt 0.473607484 0.39903636
vt 0.476512852 0.400973272
vt 0.488134326 0.362235026
vt 0.49200815 0.363203482
vt 0.485228957 0.319622955
vt 0.489102782 0.318654499
vt 0.461017554 0.280884709
vt 0.463922922 0.277010885
vt 0.417437027 0.263452499
vt 0.418405483 0.259578674
vt 0.380635693 0.257641762
vt 0.344802815 0.269263236
vt 0.342865903 0.265389411
vt 0.324465236 0.286695446
vt 0.299285376 0.264420955
vt 0.301222289 0.26054713
vt 0.272168604 0.262484043
vt 0.270231692 0.258610218
vt 0.202439761 0.513314186
vt 0.17241762 0.511377274
vt 0.26054713 0.286695446
vt 0.258610218 0.282821622
vt 0.174354533 0.508471905
vt 0.150143129 0.488134326
vt 0.154016954 0.486197414
vt 0.14239548 0.455206817
vt 0.220840428 0.292506183
vt 0.219871972 0.287663902
vt 0.146269304 0.451332992
vt 0.102688777 0.454238361
vt 0.195660568 0.304127657
vt 0.196629024 0.299285376
vt 0.181133726 0.283790078
vt 0.184039094 0.279916253
vt 0.10462569 0.450364536
vt 0.0591082507 0.429058501
vt 0.14239548 0.265389411
vt 0.143363936 0.261515586
vt 0.0629820753 0.427121588
vt 0.0455498645 0.382572605
vt 0.0978464967 0.267326323
vt 0.0959095844 0.263452499
vt 0.0503921453 0.382572605
vt 0.055234426 0.311875306
vt 0.0591082507 0.313812219
vt 0.418405483 0.447459168
vt 0.423247764 0.446490711
vt 0.412594746 0.495881975
vt 0.404847097 0.416468571
vt 0.410657834 0.420342395
vt 0.408720921 0.492976607
vt 0.376761868 0.519124923
vt 0.375793412 0.515251098
vt 0.33608671 0.520093379
vt 0.337055166 0.516219554
vt 0.304127657 0.508471905
vt 0.304127657 0.50459808
vt 0.284758534 0.515251098
vt 0.440679974 0.416468571
vt 0.441648431 0.421310851
vt 0.381604149 0.261515586
vt 0.284758534 0.511377274
vt 0.324465236 0.292506183
vt 0.263452499 0.509440361
vt 0.266357867 0.505566537
vt 0.246988744 0.484260501
vt 0.2479572 0.478449764
vt 0.227619621 0.508471905
vt 0.225682709 0.505566537
vt 0.202439761 0.51718801
vt 0.473607484 0.39903636
vt 0.476512852 0.400973272
vt 0.488134326 0.362235026
vt 0.49200815 0.363203482
vt 0.485228957 0.319622955
vt 0.489102782 0.318654499
vt 0.461017554 0.280884709
vt 0.463922922 0.277010885
vt 0.417437027 0.263452499
vt 0.418405483 0.259578674
vt 0.380635693 0.257641762
vt 0.344802815 0.269263236
vt 0.342865903 0.265389411
vt 0.324465236 0.286695446
vt 0.299285376 0.264420955
vt 0.301222289 0.26054713
vt 0.272168604 0.262484043
vt 0.270231692 0.258610218
vt 0.202439761 0.513314186
vt 0.17241762 0.511377274
vt 0.26054713 0.286695446
vt 0.258610218 0.282821622
vt 0.174354533 0.508471905
vt 0.150143129 0.488134326
vt 0.154016954 0.486197414
vt 0.14239548 0.455206817
vt 0.220840428 0.292506183
vt 0.219871972 0.287663902
vt 0.146269304 0.451332992
vt 0.102688777 0.454238361
vt 0.195660568 0.304127657
vt 0.196629024 0.299285376
vt 0.181133726 0.283790078
vt 0.184039094 0.279916253
vt 0.10462569 0.450364536
vt 0.0591082507 0.429058501
vt 0.14239548 0.265389411
vt 0.143363936 0.261515586
vt 0.0629820753 0.427121588
vt 0.0455498645 0.382572605
vt 0.0978464967 0.267326323
vt 0.0959095844 0.263452499
vt 0.0503921453 0.382572605
vt 0.055234426 0.311875306
vt 0.0591082507 0.313812219
vt 0.418405483 0.447459168
vt 0.423247764 0.446490711
vt 0.412594746 0.495881975
vt 0.404847097 0.416468571
vt 0.410657834 0.420342395
vt 0.408720921 0.492976607
vt 0.376761868 0.519124923
vt 0.375793412 0.515251098
vt 0.33608671 0.520093379
vt 0.337055166 0.516219554
vt 0.304127657 0.508471905
vt 0.304127657 0.50459808
vt 0.284758534 0.515251098
vt 0.440679974 0.416468571
vt 0.441648431 0.421310851
vt 0.381604149 0.261515586
vt 0.284758534 0.511377274
vt 0.263452499 0.509440361
vt 0.473607484 0.39903636
vt 0.476512852 0.400973272
vt 0.488134326 0.362235026
vt 0.49200815 0.363203482
vt 0.485228957 0.319622955
vt 0.489102782 0.318654499
vt 0.461017554 0.280884709
vt 0.463922922 0.277010885
vt 0.417437027 0.263452499
vt 0.418405483 0.259578674
vt 0.380635693 0.257641762
vt 0.344802815 0.269263236
vt 0.342865903 0.265389411
vt 0.324465236 0.292506183
vt 0.324465236 0.286695446
vt 0.266357867 0.505566537
vt 0.246988744 0.484260501
vt 0.2479572 0.478449764
vt 0.227619621 0.508471905
vt 0.299285376 0.264420955
vt 0.301222289 0.26054713
vt 0.225682709 0.505566537
vt 0.202439761 0.51718801
vt 0.272168604 0.262484043
vt 0.270231692 0.258610218
vt 0.202439761 0.513314186
vt 0.17241762 0.511377274
vt 0.26054713 0.286695446
vt 0.258610218 0.282821622
vt 0.174354533 0.508471905
vt 0.150143129 0.488134326
vt 0.154016954 0.486197414
vt 0.14239548 0.455206817
vt 0.220840428 0.292506183
vt 0.219871972 0.287663902
vt 0.146269304 0.451332992
vt 0.102688777 0.454238361
vt 0.195660568 0.304127657
vt 0.196629024 0.299285376
vt 0.181133726 0.283790078
vt 0.184039094 0.279916253
vt 0.10462569 0.450364536
vt 0.0591082507 0.429058501
vt 0.14239548 0.265389411
vt 0.143363936 0.261515586
vt 0.0629820753 0.427121588
vt 0.0455498645 0.382572605
vt 0.0978464967 0.267326323
vt 0.0959095844 0.263452499
vt 0.0503921453 0.382572605
vt 0.055234426 0.311875306
vt 0.0591082507 0.313812219
vt 0.418405483 0.447459168
vt 0.408720921 0.492976607
vt 0.412594746 0.495881975
vt 0.376761868 0.519124923
vt 0.423247764 0.446490711
vt 0.404847097 0.416468571
vt 0.410657834 0.420342395
vt 0.375793412 0.515251098
vt 0.33608671 0.520093379
vt 0.337055166 0.516219554
vt 0.304127657 0.508471905
vt 0.304127657 0.50459808
vt 0.284758534 0.515251098
vt 0.440679974 0.416468571
vt 0.441648431 0.421310851
vt 0.381604149 0.261515586
vt 0.284758534 0.511377274
vt 0.263452499 0.509440361
vt 0.473607484 0.39903636
vt 0.476512852 0.400973272
vt 0.488134326 0.362235026
vt 0.49200815 0.363203482
vt 0.485228957 0.319622955
vt 0.489102782 0.318654499
vt 0.461017554 0.280884709
vt 0.463922922 0.277010885
vt 0.417437027 0.263452499
vt 0.418405483 0.259578674
vt 0.380635693 0.257641762
vt 0.344802815 0.269263236
vt 0.342865903 0.265389411
vt 0.324465236 0.292506183
vt 0.324465236 0.286695446
vt 0.266357867 0.505566537
vt 0.246988744 0.484260501
vt 0.2479572 0.478449764
vt 0.227619621 0.508471905
vt 0.299285376 0.264420955
vt 0.301222289 0.26054713
vt 0.225682709 0.505566537
vt 0.202439761 0.51718801
vt 0.272168604 0.262484043
vt 0.270231692 0.258610218
vt 0.202439761 0.513314186
vt 0.17241762 0.511377274
vt 0.26054713 0.286695446
vt 0.258610218 0.282821622
vt 0.174354533 0.508471905
vt 0.150143129 0.488134326
vt 0.154016954 0.486197414
vt 0.14239548 0.455206817
vt 0.220840428 0.292506183
vt 0.219871972 0.287663902
vt 0.146269304 0.451332992
vt 0.102688777 0.454238361
vt 0.195660568 0.304127657
vt 0.196629024 0.299285376
vt 0.181133726 0.283790078
vt 0.184039094 0.279916253
vt 0.10462569 0.450364536
vt 0.0591082507 0.429058501
vt 0.14239548 0.265389411
vt 0.143363936 0.261515586
vt 0.0629820753 0.427121588
vt 0.0455498645 0.382572605
vt 0.0978464967 0.267326323
vt 0.0959095844 0.263452499
vt 0.0503921453 0.382572605
vt 0.055234426 0.311875306
vt 0.0591082507 0.313812219
vt 0.980110051 0.0155277238
vt 0.982046963 0.0319914784
vt 0.985920788 0.0310230222
vt 0.976236226 0.0184330923
vt 0.970425489 0.0058431623
vt 0.982046963 0.0465183207
vt 0.985920788 0.0474867768
vt 0.968488577 0.00971698691
vt 0.959772472 0.00390625
vt 0.977204683 0.0571713383
vt 0.981078507 0.0600767068
vt 0.960740928 0.00874853076
vt 0.951056366 0.00971698691
vt 0.970425489 0.061045163
vt 0.971393946 0.0658874437
vt 0.953961735 0.0126223554
vt 0.94524563 0.0223069169
vt 0.96267784 0.0600767068
vt 0.960740928 0.0639505314
vt 0.95008791 0.023275373
vt 0.94524563 0.0387706715
vt 0.954930191 0.0513606014
vt 0.951056366 0.0542659699
vt 0.95008791 0.0378022153
vt 0.977204683 0.0562028822
vt 0.970425489 0.061045163
vt 0.96267784 0.0591082507
vt 0.955898647 0.0503921453
vt 0.965583209 0.0348968469
vt 0.981078507 0.0455498645
vt 0.951056366 0.0378022153
vt 0.95008791 0.023275373
vt 0.981078507 0.0319914784
vt 0.953961735 0.0135908115
vt 0.976236226 0.0194015484
vt 0.960740928 0.00874853076
vt 0.968488577 0.0106854431
vt 0.269263236 0.0532975137
vt 0.209218954 0.0920357598
vt 0.212124323 0.0939726721
vt 0.270231692 0.0562028822
vt 0.315749131 0.0523290576
vt 0.316717587 0.0562028822
vt 0.341897447 0.0310230222
vt 0.200502849 0.14723776
vt 0.19759748 0.14723776
vt 0.219871972 0.199534393
vt 0.21793506 0.201471305
vt 0.274105516 0.237304183
vt 0.27313706 0.240209551
vt 0.332212885 0.248925656
vt 0.332212885 0.251831025
vt 0.391288711 0.240209551
vt 0.392257167 0.243114919
vt 0.439711518 0.214061235
vt 0.441648431 0.216966603
vt 0.342865903 0.0339283907
vt 0.380635693 0.0155277238
vt 0.380635693 0.0184330923
vt 0.423247764 0.0174646361
vt 0.422279308 0.0213384607
vt 0.462954466 0.0339283907
vt 0.46198601 0.0368337592
vt 0.481355133 0.0426444961
vt 0.481355133 0.0465183207
vt 0.527841028 0.0184330923
vt 0.469733659 0.185976007
vt 0.469733659 0.189849831
vt 0.508471905 0.207282042
vt 0.506534993 0.21018741
vt 0.552052432 0.218903516
vt 0.552052432 0.221808884
vt 0.58788531 0.213092779
vt 0.588853766 0.215998147
vt 0.626623556 0.193723656
vt 0.622749731 0.199534393
vt 0.528809484 0.0223069169
vt 0.585948397 0.0126223554
vt 0.619844363 0.23052499
vt 0.585948397 0.0155277238
vt 0.639213486 0.0281176538
vt 0.640181942 0.0252122853
vt 0.682794012 0.0387706715
vt 0.615970538 0.23052499
vt 0.681825556 0.0416760399
vt 0.740901382 0.0697612683
vt 0.738964469 0.0726666368
vt 0.780608084 0.119152532
vt 0.777702715 0.121089444
vt 0.795134926 0.158859234
vt 0.792229558 0.15982769
vt 0.785450364 0.225682709
vt 0.782544996 0.224714253
vt 0.762207417 0.28572699
vt 0.759302048 0.283790078
vt 0.719595346 0.314780675
vt 0.717658434 0.311875306
vt 0.691510118 0.32349678
vt 0.621781275 0.269263236
vt 0.618875906 0.270231692
vt 0.691510118 0.319622955
vt 0.640181942 0.309938394
vt 0.642118854 0.307033026
vt 0.269263236 0.0532975137
vt 0.212124323 0.0939726721
vt 0.209218954 0.0920357598
vt 0.270231692 0.0562028822
vt 0.315749131 0.0523290576
vt 0.316717587 0.0562028822
vt 0.341897447 0.0310230222
vt 0.200502849 0.14723776
vt 0.19759748 0.14723776
vt 0.219871972 0.199534393
vt 0.21793506 0.201471305
vt 0.274105516 0.237304183
vt 0.27313706 0.240209551
vt 0.332212885 0.248925656
vt 0.332212885 0.251831025
vt 0.391288711 0.240209551
vt 0.392257167 0.243114919
vt 0.439711518 0.214061235
vt 0.441648431 0.216966603
vt 0.342865903 0.0339283907
vt 0.380635693 0.0155277238
vt 0.380635693 0.0184330923
vt 0.423247764 0.0174646361
vt 0.422279308 0.0213384607
vt 0.462954466 0.0339283907
vt 0.46198601 0.0368337592
vt 0.481355133 0.0426444961
vt 0.481355133 0.0465183207
vt 0.527841028 0.0184330923
vt 0.469733659 0.185976007
vt 0.469733659 0.189849831
vt 0.508471905 0.207282042
vt 0.506534993 0.21018741
vt 0.552052432 0.218903516
vt 0.552052432 0.221808884
vt 0.58788531 0.213092779
vt 0.588853766 0.215998147
vt 0.626623556 0.193723656
vt 0.622749731 0.199534393
vt 0.528809484 0.0223069169
vt 0.585948397 0.0126223554
vt 0.619844363 0.23052499
vt 0.585948397 0.0155277238
vt 0.639213486 0.0281176538
vt 0.640181942 0.0252122853
vt 0.682794012 0.0387706715
vt 0.615970538 0.23052499
vt 0.681825556 0.0416760399
vt 0.740901382 0.0697612683
vt 0.738964469 0.0726666368
vt 0.780608084 0.119152532
vt 0.777702715 0.121089444
vt 0.795134926 0.158859234
vt 0.792229558 0.15982769
vt 0.785450364 0.225682709
vt 0.782544996 0.224714253
vt 0.762207417 0.28572699
vt 0.759302048 0.283790078
vt 0.719595346 0.314780675
vt 0.717658434 0.311875306
vt 0.691510118 0.32349678
vt 0.621781275 0.269263236
vt 0.618875906 0.270231692
vt 0.691510118 0.319622955
vt 0.640181942 0.309938394
vt 0.642118854 0.307033026
vt 0.269263236 0.0532975137
vt 0.212124323 0.0939726721
vt 0.209218954 0.0920357598
vt 0.270231692 0.0562028822
vt 0.315749131 0.0523290576
vt 0.316717587 0.0562028822
vt 0.341897447 0.0310230222
vt 0.200502849 0.14723776
vt 0.19759748 0.14723776
vt 0.219871972 0.199534393
vt 0.21793506 0.201471305
vt 0.274105516 0.237304183
vt 0.27313706 0.240209551
vt 0.332212885 0.248925656
vt 0.332212885 0.251831025
vt 0.391288711 0.240209551
vt 0.392257167 0.243114919
vt 0.439711518 0.214061235
vt 0.441648431 0.216966603
vt 0.342865903 0.0339283907
vt 0.380635693 0.0155277238
vt 0.380635693 0.0184330923
vt 0.423247764 0.0174646361
vt 0.422279308 0.0213384607
vt 0.462954466 0.0339283907
vt 0.46198601 0.0368337592
vt 0.481355133 0.0426444961
vt 0.481355133 0.0465183207
vt 0.527841028 0.0184330923
vt 0.469733659 0.185976007
vt 0.469733659 0.189849831
vt 0.508471905 0.207282042
vt 0.506534993 0.21018741
vt 0.552052432 0.218903516
vt 0.552052432 0.221808884
vt 0.58788531 0.213092779
vt 0.588853766 0.215998147
vt 0.626623556 0.193723656
vt 0.622749731 0.199534393
vt 0.528809484 0.0223069169
vt 0.585948397 0.0126223554
vt 0.619844363 0.23052499
vt 0.585948397 0.0155277238
vt 0.639213486 0.0281176538
vt 0.640181942 0.0252122853
vt 0.682794012 0.0387706715
vt 0.615970538 0.23052499
vt 0.681825556 0.0416760399
vt 0.740901382 0.0697612683
vt 0.738964469 0.0726666368
vt 0.780608084 0.119152532
vt 0.777702715 0.121089444
vt 0.795134926 0.158859234
vt 0.792229558 0.15982769
vt 0.785450364 0.225682709
vt 0.782544996 0.224714253
vt 0.762207417 0.28572699
vt 0.759302048 0.283790078
vt 0.719595346 0.314780675
vt 0.717658434 0.311875306
vt 0.691510118 0.32349678
vt 0.621781275 0.269263236
vt 0.618875906 0.270231692
vt 0.691510118 0.319622955
vt 0.640181942 0.309938394
vt 0.642118854 0.307033026
vt 0.269263236 0.0532975137
vt 0.209218954 0.0920357598
vt 0.212124323 0.0939726721
vt 0.270231692 0.0562028822
vt 0.315749131 0.0523290576
vt 0.316717587 0.0562028822
vt 0.341897447 0.0310230222
vt 0.200502849 0.14723776
vt 0.19759748 0.14723776
vt 0.219871972 0.199534393
vt 0.21793506 0.201471305
vt 0.274105516 0.237304183
vt 0.27313706 0.240209551
vt 0.332212885 0.248925656
vt 0.332212885 0.251831025
vt 0.391288711 0.240209551
vt 0.392257167 0.243114919
vt 0.439711518 0.214061235
vt 0.441648431 0.216966603
vt 0.342865903 0.0339283907
vt 0.380635693 0.0155277238
vt 0.380635693 0.0184330923
vt 0.423247764 0.0174646361
vt 0.422279308 0.0213384607
vt 0.462954466 0.0339283907
vt 0.46198601 0.0368337592
vt 0.481355133 0.0426444961
vt 0.481355133 0.0465183207
vt 0.527841028 0.0184330923
vt 0.469733659 0.185976007
vt 0.469733659 0.189849831
vt 0.508471905 0.207282042
vt 0.506534993 0.21018741
vt 0.552052432 0.218903516
vt 0.552052432 0.221808884
vt 0.58788531 0.213092779
vt 0.588853766 0.215998147
vt 0.626623556 0.193723656
vt 0.622749731 0.199534393
vt 0.528809484 0.0223069169
vt 0.585948397 0.0126223554
vt 0.619844363 0.23052499
vt 0.585948397 0.0155277238
vt 0.639213486 0.0281176538
vt 0.640181942 0.0252122853
vt 0.682794012 0.0387706715
vt 0.615970538 0.23052499
vt 0.681825556 0.0416760399
vt 0.740901382 0.0697612683
vt 0.738964469 0.0726666368
vt 0.780608084 0.119152532
vt 0.777702715 0.121089444
vt 0.795134926 0.158859234
vt 0.792229558 0.15982769
vt 0.785450364 0.225682709
vt 0.782544996 0.224714253
vt 0.762207417 0.28572699
vt 0.759302048 0.283790078
vt 0.719595346 0.314780675
vt 0.717658434 0.311875306
vt 0.691510118 0.32349678
vt 0.621781275 0.269263236
vt 0.618875906 0.270231692
vt 0.691510118 0.319622955
vt 0.640181942 0.309938394
vt 0.642118854 0.307033026
vt 0.840652365 0.991731525
vt 0.840652365 0.988826156
vt 0.830967804 0.985920788
vt 0.829030891 0.9878577
vt 0.851305383 0.9878577
vt 0.827093979 0.979141595
vt 0.824188611 0.979141595
vt 0.849368471 0.985920788
vt 0.856147664 0.979141595
vt 0.827093979 0.621781275
vt 0.824188611 0.621781275
vt 0.853242295 0.979141595
vt 0.856147664 0.621781275
vt 0.830967804 0.615002082
vt 0.829030891 0.613065169
vt 0.853242295 0.621781275
vt 0.851305383 0.613065169
vt 0.840652365 0.612096713
vt 0.840652365 0.609191345
vt 0.849368471 0.615002082
vt 0.828062435 0.979141595
vt 0.828062435 0.622749731
vt 0.83193626 0.615970538
vt 0.840652365 0.613065169
vt 0.848400014 0.615970538
vt 0.852273839 0.621781275
vt 0.83193626 0.984952332
vt 0.852273839 0.979141595
vt 0.840652365 0.9878577
vt 0.848400014 0.984952332
vt 0.847431558 0.639213486
vt 0.849368471 0.645024222
vt 0.849368471 0.955898647
vt 0.847431558 0.961709384
vt 0.840652365 0.965583209
vt 0.832904716 0.96267784
vt 0.840652365 0.635339661
vt 0.830967804 0.954930191
vt 0.832904716 0.638245029
vt 0.830967804 0.645992679
vt 0.849368471 0.954930191
vt 0.846463102 0.961709384
vt 0.840652365 0.964614753
vt 0.833873172 0.961709384
vt 0.83193626 0.954930191
vt 0.83193626 0.645992679
vt 0.849368471 0.645024222
vt 0.833873172 0.639213486
vt 0.846463102 0.639213486
vt 0.840652365 0.636308117
vt 0.836778541 0.959772472
vt 0.834841628 0.954930191
vt 0.834841628 0.645992679
vt 0.836778541 0.641150398
vt 0.839683909 0.639213486
vt 0.843557734 0.641150398
vt 0.840652365 0.961709384
vt 0.845494646 0.645992679
vt 0.843557734 0.959772472
vt 0.845494646 0.954930191
vt 0.835810084 0.645992679
vt 0.836778541 0.641150398
vt 0.839683909 0.640181942
vt 0.843557734 0.641150398
vt 0.840652365 0.645992679
vt 0.840652365 0.954930191
vt 0.835810084 0.954930191
vt 0.84452619 0.645992679
vt 0.836778541 0.959772472
vt 0.84452619 0.954930191
vt 0.840652365 0.960740928
vt 0.843557734 0.958804016
vt 0.737027557 0.774797347
vt 0.750585943 0.823220154
vt 0.75639668 0.823220154
vt 0.742838294 0.864863769
vt 0.741869838 0.771891978
vt 0.737996013 0.860989944
vt 0.717658434 0.876485243
vt 0.698289311 0.740901382
vt 0.699257767 0.734122188
vt 0.716689978 0.870674506
vt 0.686667837 0.871642962
vt 0.650834959 0.699257767
vt 0.654708784 0.695383942
vt 0.6808571 0.864863769
vt 0.683762469 0.904570471
vt 0.599506783 0.654708784
vt 0.534620221 0.648898047
vt 0.602412152 0.648898047
vt 0.533651765 0.64308731
vt 0.460049097 0.676983275
vt 0.456175273 0.672140995
vt 0.677951732 0.901665103
vt 0.659551065 0.933624156
vt 0.65567724 0.928781875
vt 0.615970538 0.95008791
vt 0.614033626 0.944277173
vt 0.576263836 0.95783556
vt 0.576263836 0.952024823
vt 0.527841028 0.94524563
vt 0.530746397 0.940403349
vt 0.480386677 0.914255033
vt 0.484260501 0.910381208
vt 0.464891378 0.884232892
vt 0.431963869 0.715721522
vt 0.426153132 0.712816153
vt 0.464891378 0.87454833
vt 0.447459168 0.915223489
vt 0.425184676 0.772860435
vt 0.421310851 0.765112785
vt 0.443585343 0.911349664
vt 0.410657834 0.942340261
vt 0.392257167 0.757365136
vt 0.393225623 0.751554399
vt 0.408720921 0.936529524
vt 0.33608671 0.970425489
vt 0.357392745 0.760270505
vt 0.356424289 0.754459768
vt 0.334149798 0.964614753
vt 0.267326323 0.980110051
vt 0.31090685 0.784481908
vt 0.313812219 0.776734259
vt 0.268294779 0.974299314
vt 0.220840428 0.965583209
vt 0.293474639 0.729279908
vt 0.29831692 0.726374539
vt 0.255704849 0.694415486
vt 0.258610218 0.689573205
vt 0.223745796 0.960740928
vt 0.193723656 0.936529524
vt 0.196629024 0.6808571
vt 0.196629024 0.675046363
vt 0.141427024 0.700226223
vt 0.137553199 0.695383942
vt 0.195660568 0.929750331
vt 0.144332392 0.948150998
vt 0.102688777 0.747680575
vt 0.0988149529 0.74380675
vt 0.145300848 0.942340261
vt 0.080414286 0.923939594
vt 0.0562028822 0.782544996
vt 0.0513606014 0.778671171
vt 0.0842881106 0.919097313
vt 0.0503921453 0.884232892
vt 0.0426444961 0.828062435
vt 0.0368337592 0.828062435
vt 0.0562028822 0.881327524
vt 0.737027557 0.774797347
vt 0.741869838 0.771891978
vt 0.75639668 0.823220154
vt 0.698289311 0.740901382
vt 0.699257767 0.734122188
vt 0.750585943 0.823220154
vt 0.742838294 0.864863769
vt 0.737996013 0.860989944
vt 0.717658434 0.876485243
vt 0.716689978 0.870674506
vt 0.686667837 0.871642962
vt 0.650834959 0.699257767
vt 0.654708784 0.695383942
vt 0.6808571 0.864863769
vt 0.683762469 0.904570471
vt 0.599506783 0.654708784
vt 0.534620221 0.648898047
vt 0.602412152 0.648898047
vt 0.533651765 0.64308731
vt 0.460049097 0.676983275
vt 0.456175273 0.672140995
vt 0.677951732 0.901665103
vt 0.659551065 0.933624156
vt 0.65567724 0.928781875
vt 0.615970538 0.95008791
vt 0.614033626 0.944277173
vt 0.576263836 0.95783556
vt 0.576263836 0.952024823
vt 0.527841028 0.94524563
vt 0.530746397 0.940403349
vt 0.480386677 0.914255033
vt 0.484260501 0.910381208
vt 0.464891378 0.884232892
vt 0.431963869 0.715721522
vt 0.426153132 0.712816153
vt 0.464891378 0.87454833
vt 0.447459168 0.915223489
vt 0.425184676 0.772860435
vt 0.421310851 0.765112785
vt 0.443585343 0.911349664
vt 0.410657834 0.942340261
vt 0.392257167 0.757365136
vt 0.393225623 0.751554399
vt 0.408720921 0.936529524
vt 0.33608671 0.970425489
vt 0.357392745 0.760270505
vt 0.356424289 0.754459768
vt 0.334149798 0.964614753
vt 0.267326323 0.980110051
vt 0.31090685 0.784481908
vt 0.313812219 0.776734259
vt 0.268294779 0.974299314
vt 0.220840428 0.965583209
vt 0.293474639 0.729279908
vt 0.29831692 0.726374539
vt 0.255704849 0.694415486
vt 0.258610218 0.689573205
vt 0.223745796 0.960740928
vt 0.193723656 0.936529524
vt 0.196629024 0.6808571
vt 0.196629024 0.675046363
vt 0.141427024 0.700226223
vt 0.137553199 0.695383942
vt 0.195660568 0.929750331
vt 0.144332392 0.948150998
vt 0.102688777 0.747680575
vt 0.0988149529 0.74380675
vt 0.145300848 0.942340261
vt 0.080414286 0.923939594
vt 0.0562028822 0.782544996
vt 0.0513606014 0.778671171
vt 0.0842881106 0.919097313
vt 0.0503921453 0.884232892
vt 0.0426444961 0.828062435
vt 0.0368337592 0.828062435
vt 0.0562028822 0.881327524
vt 0.737027557 0.774797347
vt 0.741869838 0.771891978
vt 0.75639668 0.823220154
vt 0.698289311 0.740901382
vt 0.699257767 0.734122188
vt 0.750585943 0.823220154
vt 0.742838294 0.864863769
vt 0.737996013 0.860989944
vt 0.717658434 0.876485243
vt 0.716689978 0.870674506
vt 0.686667837 0.871642962
vt 0.650834959 0.699257767
vt 0.654708784 0.695383942
vt 0.6808571 0.864863769
vt 0.683762469 0.904570471
vt 0.599506783 0.654708784
vt 0.534620221 0.648898047
vt 0.602412152 0.648898047
vt 0.533651765 0.64308731
vt 0.460049097 0.676983275
vt 0.456175273 0.672140995
vt 0.677951732 0.901665103
vt 0.659551065 0.933624156
vt 0.65567724 0.928781875
vt 0.615970538 0.95008791
vt 0.614033626 0.944277173
vt 0.576263836 0.95783556
vt 0.576263836 0.952024823
vt 0.527841028 0.94524563
vt 0.530746397 0.940403349
vt 0.480386677 0.914255033
vt 0.484260501 0.910381208
vt 0.464891378 0.884232892
vt 0.431963869 0.715721522
vt 0.426153132 0.712816153
vt 0.464891378 0.87454833
vt 0.447459168 0.915223489
vt 0.425184676 0.772860435
vt 0.421310851 0.765112785
vt 0.443585343 0.911349664
vt 0.410657834 0.942340261
vt 0.392257167 0.757365136
vt 0.393225623 0.751554399
vt 0.408720921 0.936529524
vt 0.33608671 0.970425489
vt 0.357392745 0.760270505
vt 0.356424289 0.754459768
vt 0.334149798 0.964614753
vt 0.267326323 0.980110051
vt 0.31090685 0.784481908
vt 0.313812219 0.776734259
vt 0.268294779 0.974299314
vt 0.220840428 0.965583209
vt 0.293474639 0.729279908
vt 0.29831692 0.726374539
vt 0.255704849 0.694415486
vt 0.258610218 0.689573205
vt 0.223745796 0.960740928
vt 0.193723656 0.936529524
vt 0.196629024 0.6808571
vt 0.196629024 0.675046363
vt 0.141427024 0.700226223
vt 0.137553199 0.695383942
vt 0.195660568 0.929750331
vt 0.144332392 0.948150998
vt 0.102688777 0.747680575
vt 0.0988149529 0.74380675
vt 0.145300848 0.942340261
vt 0.080414286 0.923939594
vt 0.0562028822 0.782544996
vt 0.0513606014 0.778671171
vt 0.0842881106 0.919097313
vt 0.0503921453 0.884232892
vt 0.0426444961 0.828062435
vt 0.0368337592 0.828062435
vt 0.0562028822 0.881327524
vt 0.737027557 0.774797347
vt 0.750585943 0.823220154
vt 0.75639668 0.823220154
vt 0.741869838 0.771891978
vt 0.742838294 0.864863769
vt 0.698289311 0.740901382
vt 0.699257767 0.734122188
vt 0.737996013 0.860989944
vt 0.717658434 0.876485243
vt 0.716689978 0.870674506
vt 0.686667837 0.871642962
vt 0.650834959 0.699257767
vt 0.654708784 0.695383942
vt 0.6808571 0.864863769
vt 0.683762469 0.904570471
vt 0.599506783 0.654708784
vt 0.534620221 0.648898047
vt 0.602412152 0.648898047
vt 0.533651765 0.64308731
vt 0.460049097 0.676983275
vt 0.456175273 0.672140995
vt 0.677951732 0.901665103
vt 0.659551065 0.933624156
vt 0.65567724 0.928781875
vt 0.615970538 0.95008791
vt 0.614033626 0.944277173
vt 0.576263836 0.95783556
vt 0.576263836 0.952024823
vt 0.527841028 0.94524563
vt 0.530746397 0.940403349
vt 0.480386677 0.914255033
vt 0.484260501 0.910381208
vt 0.464891378 0.884232892
vt 0.431963869 0.715721522
vt 0.426153132 0.712816153
vt 0.464891378 0.87454833
vt 0.447459168 0.915223489
vt 0.425184676 0.772860435
vt 0.421310851 0.765112785
vt 0.443585343 0.911349664
vt 0.410657834 0.942340261
vt 0.392257167 0.757365136
vt 0.393225623 0.751554399
vt 0.408720921 0.936529524
vt 0.33608671 0.970425489
vt 0.357392745 0.760270505
vt 0.356424289 0.754459768
vt 0.334149798 0.964614753
vt 0.267326323 0.980110051
vt 0.31090685 0.784481908
vt 0.313812219 0.776734259
vt 0.268294779 0.974299314
vt 0.220840428 0.965583209
vt 0.293474639 0.729279908
vt 0.29831692 0.726374539
vt 0.255704849 0.694415486
vt 0.258610218 0.689573205
vt 0.223745796 0.960740928
vt 0.193723656 0.936529524
vt 0.196629024 0.6808571
vt 0.196629024 0.675046363
vt 0.141427024 0.700226223
vt 0.137553199 0.695383942
vt 0.195660568 0.929750331
vt 0.144332392 0.948150998
vt 0.102688777 0.747680575
vt 0.0988149529 0.74380675
vt 0.145300848 0.942340261
vt 0.080414286 0.923939594
vt 0.0562028822 0.782544996
vt 0.0513606014 0.778671171
vt 0.0842881106 0.919097313
vt 0.0503921453 0.884232892
vt 0.0426444961 0.828062435
vt 0.0368337592 0.828062435
vt 0.0562028822 0.881327524
vt 0.730248364 0.0348968469
vt 0.730248364 0.0252122853
vt 0.735090645 0.01649618
vt 0.742838294 0.0116538992
vt 0.753491311 0.0106854431
vt 0.762207417 0.0155277238
vt 0.767049698 0.0242438292
vn -0.584309268 -0.57646619 0.571199975
vn -0.584309268 -0.57646619 0.571199975
vn -0.584309268 -0.57646619 0.571199975
vn -0.584309268 0.552936958 0.594006229
vn -0.584309268 0.552936958 0.594006229
vn -0.584309268 0.552936958 0.594006229
vn -0.584309268 -0.57646619 -0.571199975
vn -0.584309268 -0.57646619 -0.571199975
vn -0.584309268 -0.57646619 -0.571199975
vn -0.584309268 0.552936958 -0.594006229
vn -0.584309268 0.552936958 -0.594006229
vn -0.584309268 0.552936958 -0.594006229
vn 0.584309268 -0.57646619 0.571199975
vn 0.584309268 -0.57646619 0.571199975
vn 0.584309268 -0.57646619 0.571199975
vn 0.584309268 0.552936958 0.594006229
vn 0.584309268 0.552936958 0.594006229
vn 0.584309268 0.552936958 0.594006229
vn 0.584309268 -0.57646619 -0.571199975
vn 0.584309268 -0.57646619 -0.571199975
vn 0.584309268 -0.57646619 -0.571199975
vn 0.584309268 0.552936958 -0.594006229
vn 0.584309268 0.552936958 -0.594006229
vn 0.584309268 0.552936958 -0.594006229
vn 0.458144127 -0.888877921 -0
vn 0.529407726 -0.843130822 0.0941162929
vn 0.528239201 -0.849095605 -0
vn 0.458144127 -0.888877921 -0
vn 0.15294001 -0.984306216 0.0880376456
vn 0.15294001 -0.984306216 -0.0880376456
vn -0.00392153847 -0.999992311 -0
vn -0.00392153847 -0.999992311 -0
vn -0.14470579 -0.989474726 -0
vn -0.14470579 -0.989474726 -0
vn -0.835287745 -0.54509388 0.071882159
vn -0.833852712 -0.551987006 -0
vn -0.999992311 0.00392153847 -0
vn -0.999992311 0.00392153847 -0
vn -0.882346209 0.466663106 0.060751231
vn -0.882346209 0.466663106 -0.060751231
vn -0.528239201 0.849095605 -0
vn -0.528239201 0.849095605 -0
vn -0.00392153847 0.999992311 -0
vn -0.00392153847 0.999992311 -0
vn 0.513342747 0.858183677 -0
vn 0.513342747 0.858183677 -0
vn 0.33333079 0.937247751 0.102260633
vn 0.332615423 0.943062554 -0
vn -0.00392153847 0.999992311 -0
vn -0.00392153847 0.999992311 -0
vn -0.301958481 0.945090829 0.124997606
vn -0.301958481 0.952933906 -0.0271670136
vn -0.997785158 0.0665190105 -0
vn -0.997785158 0.0665190105 -0
vn -0.898032364 0.435290797 0.0637165226
vn -0.898032364 0.435290797 -0.0637165226
vn -0.528239201 0.849095605 -0
vn -0.528239201 0.849095605 -0
vn -0.00392153847 0.999992311 -0
vn -0.00392153847 0.999992311 -0
vn 0.528239201 0.849095605 -0
vn 0.528239201 0.849095605 -0
vn 0.880722355 0.473632911 -0
vn 0.880722355 0.473632911 -0
vn 0.968620061 0.239213861 0.0674678157
vn 0.968620061 0.239213861 -0.0674678157
vn 0.458144127 -0.888877921 -0
vn 0.528239201 -0.849095605 -0
vn 0.529407726 -0.843130822 -0.0941162929
vn 0.458144127 -0.888877921 -0
vn 0.15294001 -0.984306216 -0.0880376456
vn 0.15294001 -0.984306216 -0.0880376456
vn -0.00392153847 -0.999992311 -0
vn -0.00392153847 -0.999992311 -0
vn -0.14470579 -0.989474726 -0
vn -0.14470579 -0.989474726 -0
vn -0.835287745 -0.54509388 -0.071882159
vn -0.833852712 -0.551987006 -0
vn -0.999992311 0.00392153847 -0
vn -0.999992311 0.00392153847 -0
vn -0.882346209 0.466663106 -0.060751231
vn -0.882346209 0.466663106 -0.060751231
vn -0.528239201 0.849095605 -0
vn -0.528239201 0.849095605 -0
vn -0.00392153847 0.999992311 -0
vn -0.00392153847 0.999992311 -0
vn 0.513342747 0.858183677 -0
vn 0.513342747 0.858183677 -0
vn 0.33333079 0.937247751 -0.102260633
vn 0.332615423 0.943062554 -0
vn -0.00392153847 0.999992311 -0
vn -0.00392153847 0.999992311 -0
vn -0.301958481 0.945090829 -0.124997606
vn -0.301958481 0.952933906 -0.0271670136
vn -0.997785158 0.0665190105 -0
vn -0.997785158 0.0665190105 -0
vn -0.898032364 0.435290797 -0.0637165226
vn -0.898032364 0.435290797 -0.0637165226
vn -0.528239201 0.849095605 -0
vn -0.528239201 0.849095605 -0
vn -0.00392153847 0.999992311 -0
vn -0.00392153847 0.999992311 -0
vn 0.528239201 0.849095605 -0
vn 0.528239201 0.849095605 -0
vn 0.880722355 0.473632911 -0
vn 0.880722355 0.473632911 -0
vn 0.968620061 0.239213861 -0.0674678157
vn 0.968620061 0.239213861 -0.0674678157
vn -0.458144127 -0.888877921 -0
vn -0.528239201 -0.849095605 -0
vn -0.529407726 -0.843130822 0.0941162929
vn -0.458144127 -0.888877921 -0
vn -0.15294001 -0.984306216 0.0880376456
vn -0.15294001 -0.984306216 -0.0880376456
vn -0.00392153847 -0.999992311 -0
vn -0.00392153847 -0.999992311 -0
vn 0.14470579 -0.989474726 -0
vn 0.14470579 -0.989474726 -0
vn 0.835287745 -0.54509388 0.071882159
vn 0.833852712 -0.551987006 -0
vn 0.999992311 0.00392153847 -0
vn 0.999992311 0.00392153847 -0
vn 0.882346209 0.466663106 0.060751231
vn 0.882346209 0.466663106 -0.060751231
vn 0.528239201 0.849095605 -0
vn 0.528239201 0.849095605 -0
vn -0.00392153847 0.999992311 -0
vn -0.00392153847 0.999992311 -0
vn -0.513342747 0.858183677 -0
vn -0.513342747 0.858183677 -0
vn -0.33333079 0.937247751 0.102260633
vn -0.332615423 0.943062554 -0
vn -0.00392153847 0.999992311 -0
vn -0.00392153847 0.999992311 -0
vn 0.301958481 0.945090829 0.124997606
vn 0.301958481 0.952933906 -0.0271670136
vn 0.997785158 0.0665190105 -0
vn 0.997785158 0.0665190105 -0
vn 0.898032364 0.435290797 0.0637165226
vn 0.898032364 0.435290797 -0.0637165226
vn 0.528239201 0.849095605 -0
vn 0.528239201 0.849095605 -0
vn -0.00392153847 0.999992311 -0
vn -0.00392153847 0.999992311 -0
vn -0.528239201 0.849095605 -0
vn -0.528239201 0.849095605 -0
vn -0.880722355 0.473632911 -0
vn -0.880722355 0.473632911 -0
vn -0.968620061 0.239213861 0.0674678157
vn -0.968620061 0.239213861 -0.0674678157
vn -0.458144127 -0.888877921 -0
vn -0.529407726 -0.843130822 -0.0941162929
vn -0.528239201 -0.849095605 -0
vn -0.458144127 -0.888877921 -0
vn -0.15294001 -0.984306216 -0.0880376456
vn -0.15294001 -0.984306216 -0.0880376456
vn -0.00392153847 -0.999992311 -0
vn -0.00392153847 -0.999992311 -0
vn 0.14470579 -0.989474726 -0
vn 0.14470579 -0.989474726 -0
vn 0.835287745 -0.54509388 -0.071882159
vn 0.833852712 -0.551987006 -0
vn 0.999992311 0.00392153847 -0
vn 0.999992311 0.00392153847 -0
vn 0.882346209 0.466663106 -0.060751231
vn 0.882346209 0.466663106 -0.060751231
vn 0.528239201 0.849095605 -0
vn 0.528239201 0.849095605 -0
vn -0.00392153847 0.999992311 -0
vn -0.00392153847 0.999992311 -0
vn -0.513342747 0.858183677 -0
vn -0.513342747 0.858183677 -0
vn -0.33333079 0.937247751 -0.102260633
vn -0.332615423 0.943062554 -0
vn -0.00392153847 0.999992311 -0
vn -0.00392153847 0.999992311 -0
vn 0.301958481 0.945090829 -0.124997606
vn 0.301958481 0.952933906 -0.0271670136
vn 0.997785158 0.0665190105 -0
vn 0.997785158 0.0665190105 -0
vn 0.898032364 0.435290797 -0.0637165226
vn 0.898032364 0.435290797 -0.0637165226
vn 0.528239201 0.849095605 -0
vn 0.528239201 0.849095605 -0
vn -0.00392153847 0.999992311 -0
vn -0.00392153847 0.999992311 -0
vn -0.528239201 0.849095605 -0
vn -0.528239201 0.849095605 -0
vn -0.880722355 0.473632911 -0
vn -0.880722355 0.473632911 -0
vn -0.968620061 0.239213861 -0.0674678157
vn -0.968620061 0.239213861 -0.0674678157
vn -0.997785158 -0.0665190105 -0
vn -0.999623435 -0.0274406433 -0
vn -0.999623435 -0.0274406433 -0
vn -0.992149293 -0.066666158 0.105808333
vn -0.982916491 -0.184052092 -0
vn -0.0431369258 -0.00392153871 0.999061473
vn -0.0431369258 -0.00392153871 0.999061473
vn 0.0509800032 0.00392153871 0.998691975
vn 0.0431369258 -0.00392153871 0.999061473
vn 0.999377744 0.0352721557 -0
vn 0.999930803 -0.0117638918 -0
vn 0.999930803 -0.0117638918 -0
vn 0.999377744 0.0352721557 -0
vn 0.976463138 0.207841552 -0.0576335743
vn 0.976463138 0.207841552 0.0576335743
vn 0.0509800032 0.0117646161 0.998630379
vn 0.898032364 0.427447719 0.104049605
vn 0.898032364 0.435290797 -0.0637165226
vn -0.0352938484 -0.00392153871 0.999369284
vn 0.0509800032 0.027450771 0.99832234
vn 0.803915435 0.592152345 0.0554578528
vn 0.803915435 0.592152345 -0.0554578528
vn -0.976463138 -0.184312319 0.112021018
vn -0.0352938484 -0.0117646161 0.999307729
vn -0.937247751 -0.33333079 0.102260633
vn -0.943062554 -0.332615423 -0
vn 0.0588230806 0.0431369258 0.997335977
vn 0.631367732 0.772543126 0.0674678157
vn 0.628973435 0.777426793 -0
vn -0.858816977 -0.505878493 0.0807486828
vn -0.858183677 -0.513342747 -0
vn -0.027450771 -0.0196076935 0.999430835
vn 0.0509800032 0.066666158 0.996472108
vn 0.458820029 0.882346209 0.104639132
vn 0.466663106 0.882346209 -0.060751231
vn -0.772543126 -0.631367732 0.0674678157
vn -0.772543126 -0.631367732 -0.0674678157
vn -0.027450771 -0.0196076935 0.999430835
vn -0.458820029 0.882346209 0.104639132
vn -0.466663106 0.882346209 -0.060751231
vn 0.0588230806 0.105881545 0.992637368
vn -0.521564648 -0.843130822 0.130769776
vn -0.521564648 -0.8509739 -0.0617554839
vn 0.521564648 -0.8509739 -0.0617554839
vn -0.00392153871 -0.0117646161 0.999923105
vn -0.631367732 0.772543126 0.0674678157
vn -0.628973435 0.777426793 -0
vn 0.521564648 -0.843130822 0.130769776
vn 0.00392153871 -0.0117646161 0.999923105
vn -0.0588230806 0.105881545 0.992637368
vn -0.803915435 0.592152345 0.0554578528
vn -0.803915435 0.592152345 -0.0554578528
vn -0.0509800032 0.066666158 0.996472108
vn 0.772543126 -0.631367732 0.0674678157
vn 0.772543126 -0.631367732 -0.0674678157
vn 0.027450771 -0.0196076935 0.999430835
vn -0.898032364 0.427447719 0.104049605
vn -0.898032364 0.435290797 -0.0637165226
vn -0.0588230806 0.0431369258 0.997335977
vn 0.858816977 -0.505878493 0.0807486828
vn 0.858183677 -0.513342747 -0
vn 0.027450771 -0.0196076935 0.999430835
vn -0.976463138 0.207841552 0.0576335743
vn -0.976463138 0.207841552 -0.0576335743
vn -0.0509800032 0.027450771 0.99832234
vn 0.937247751 -0.33333079 0.102260633
vn 0.943062554 -0.332615423 -0
vn 0.0352938484 -0.0117646161 0.999307729
vn -0.999377744 0.0352721557 -0
vn -0.999377744 0.0352721557 -0
vn -0.999930803 -0.0117638918 -0
vn -0.999930803 -0.0117638918 -0
vn -0.0509800032 0.0117646161 0.998630379
vn -0.0509800032 0.00392153871 0.998691975
vn -0.0431369258 -0.00392153871 0.999061473
vn 0.0431369258 -0.00392153871 0.999061473
vn 0.0352938484 -0.00392153871 0.999369284
vn 0.0431369258 -0.00392153871 0.999061473
vn 0.976463138 -0.184312319 0.112021018
vn 0.982916491 -0.184052092 -0
vn 0.992149293 -0.066666158 0.105808333
vn 0.999623435 -0.0274406433 -0
vn 0.997785158 -0.0665190105 -0
vn 0.999623435 -0.0274406433 -0
vn -0.997785158 -0.0665190105 -0
vn -0.999623435 -0.0274406433 -0
vn -0.999623435 -0.0274406433 -0
vn -0.992149293 -0.066666158 -0.105808333
vn -0.982916491 -0.184052092 -0
vn -0.0431369258 -0.00392153871 -0.999061473
vn -0.0431369258 -0.00392153871 -0.999061473
vn 0.0509800032 0.00392153871 -0.998691975
vn 0.0431369258 -0.00392153871 -0.999061473
vn 0.999377744 0.0352721557 -0
vn 0.999930803 -0.0117638918 -0
vn 0.999930803 -0.0117638918 -0
vn 0.999377744 0.0352721557 -0
vn 0.976463138 0.207841552 -0.0576335743
vn 0.976463138 0.207841552 -0.0576335743
vn 0.0509800032 0.0117646161 -0.998630379
vn 0.898032364 0.427447719 -0.104049605
vn 0.898032364 0.435290797 -0.0637165226
vn -0.0352938484 -0.00392153871 -0.999369284
vn 0.803915435 0.592152345 -0.0554578528
vn 0.803915435 0.592152345 -0.0554578528
vn 0.0509800032 0.027450771 -0.99832234
vn -0.976463138 -0.184312319 -0.112021018
vn 0.631367732 0.772543126 -0.0674678157
vn 0.628973435 0.777426793 -0
vn 0.0588230806 0.0431369258 -0.997335977
vn -0.0352938484 -0.0117646161 -0.999307729
vn -0.937247751 -0.33333079 -0.102260633
vn -0.943062554 -0.332615423 -0
vn 0.458820029 0.882346209 -0.104639132
vn 0.466663106 0.882346209 -0.060751231
vn 0.0509800032 0.066666158 -0.996472108
vn -0.027450771 -0.0196076935 -0.999430835
vn -0.858816977 -0.505878493 -0.0807486828
vn -0.858183677 -0.513342747 -0
vn -0.458820029 0.882346209 -0.104639132
vn -0.466663106 0.882346209 -0.060751231
vn 0.0588230806 0.105881545 -0.992637368
vn -0.027450771 -0.0196076935 -0.999430835
vn -0.772543126 -0.631367732 -0.0674678157
vn -0.772543126 -0.631367732 -0.0674678157
vn -0.631367732 0.772543126 -0.0674678157
vn -0.628973435 0.777426793 -0
vn -0.00392153871 -0.0117646161 -0.999923105
vn -0.521564648 -0.843130822 -0.130769776
vn -0.521564648 -0.8509739 -0.0617554839
vn 0.521564648 -0.8509739 -0.0617554839
vn -0.0588230806 0.105881545 -0.992637368
vn -0.803915435 0.592152345 -0.0554578528
vn -0.803915435 0.592152345 -0.0554578528
vn 0.00392153871 -0.0117646161 -0.999923105
vn 0.521564648 -0.843130822 -0.130769776
vn -0.0509800032 0.066666158 -0.996472108
vn -0.898032364 0.427447719 -0.104049605
vn -0.898032364 0.435290797 -0.0637165226
vn 0.772543126 -0.631367732 -0.0674678157
vn 0.772543126 -0.631367732 -0.0674678157
vn 0.027450771 -0.0196076935 -0.999430835
vn -0.0588230806 0.0431369258 -0.997335977
vn -0.976463138 0.207841552 -0.0576335743
vn -0.976463138 0.207841552 -0.0576335743
vn 0.858816977 -0.505878493 -0.0807486828
vn 0.858183677 -0.513342747 -0
vn 0.027450771 -0.0196076935 -0.999430835
vn -0.0509800032 0.027450771 -0.99832234
vn -0.999377744 0.0352721557 -0
vn -0.999377744 0.0352721557 -0
vn -0.999930803 -0.0117638918 -0
vn -0.999930803 -0.0117638918 -0
vn 0.937247751 -0.33333079 -0.102260633
vn 0.943062554 -0.332615423 -0
vn 0.0352938484 -0.0117646161 -0.999307729
vn -0.0509800032 0.0117646161 -0.998630379
vn -0.0509800032 0.00392153871 -0.998691975
vn -0.0431369258 -0.00392153871 -0.999061473
vn 0.0431369258 -0.00392153871 -0.999061473
vn 0.0352938484 -0.00392153871 -0.999369284
vn 0.976463138 -0.184312319 -0.112021018
vn 0.982916491 -0.184052092 -0
vn 0.0431369258 -0.00392153871 -0.999061473
vn 0.992149293 -0.066666158 -0.105808333
vn 0.997785158 -0.0665190105 -0
vn 0.999623435 -0.0274406433 -0
vn 0.999623435 -0.0274406433 -0
vn -0.223143683 0.974785564 -0
vn 0.372546177 0.921561596 0.10924088
vn 0.372065834 0.928206343 -0
vn -0.223143683 0.974785564 -0
vn 0.615567953 0.788083812 -0
vn 0.615567953 0.788083812 -0
vn 0.960776984 0.270586171 -0.060751231
vn 0.960776984 0.270586171 0.060751231
vn 0.960481557 -0.278343635 -0
vn 0.960481557 -0.278343635 -0
vn 0.843130822 -0.537250803 -0.022180874
vn 0.843130822 -0.537250803 0.022180874
vn 0.835287745 -0.54509388 -0.071882159
vn 0.835287745 -0.54509388 0.071882159
vn 0.628973435 -0.777426793 -0
vn 0.631367732 -0.772543126 0.0674678157
vn 0.105881545 -0.992149293 -0.0665498191
vn 0.105881545 -0.992149293 0.0665498191
vn -0.332615423 -0.943062554 -0
vn -0.332615423 -0.943062554 -0
vn -0.81960159 -0.568623113 -0.0701497636
vn -0.81960159 -0.568623113 0.0701497636
vn -0.551987006 -0.833852712 -0
vn -0.54509388 -0.835287745 0.071882159
vn 0.426739521 -0.90437458 -0
vn 0.427447719 -0.898032364 0.104049605
vn -0.0743038327 -0.997235649 -0
vn -0.0743038327 -0.997235649 -0
vn 0.662658482 -0.748921716 -0
vn 0.662740042 -0.741170816 0.106964755
vn 0.97305722 -0.230563759 -0
vn 0.97305722 -0.230563759 -0
vn 0.717641584 -0.694112351 -0.056556177
vn 0.717641584 -0.694112351 0.056556177
vn 0.26179466 -0.965123596 -0
vn 0.26179466 -0.965123596 -0
vn -0.317644635 -0.945090829 -0.0768453717
vn -0.317644635 -0.945090829 0.0768453717
vn -0.450976951 -0.890189287 -0.0646747476
vn -0.443133874 -0.890189287 0.105808333
vn -0.592152345 -0.803915435 -0.0554578528
vn -0.592152345 -0.803915435 0.0554578528
vn -0.952933906 -0.301958481 -0.0271670136
vn -0.952933906 -0.301958481 0.0271670136
vn -0.992149293 0.1215677 -0.0293440684
vn -0.992149293 0.1215677 0.0293440684
vn -0.788083812 0.615567953 -0
vn -0.788083812 0.615567953 -0
vn -0.380389255 0.921561596 -0.0776417341
vn -0.380389255 0.921561596 0.0776417341
vn -0.498035416 0.866660055 -0.0293440684
vn -0.498035416 0.866660055 0.0293440684
vn -0.756205966 0.654333659 -0
vn -0.756205966 0.654333659 -0
vn -0.332615423 0.943062554 -0
vn -0.325487713 0.945090829 0.0293440684
vn -0.0196040749 0.999807822 -0
vn -0.0196040749 0.999807822 -0
vn 0.199998474 0.976463138 -0.0807486828
vn 0.199998474 0.976463138 0.0807486828
vn 0.537250803 0.843130822 -0.022180874
vn 0.537250803 0.843130822 0.022180874
vn -0.215684616 0.97646308 -0
vn -0.215684629 0.968620061 0.123512422
vn -0.858183677 0.513342747 -0
vn -0.858183677 0.513342747 -0
vn -0.639210809 0.764700048 -0.0815069169
vn -0.639210809 0.764700048 0.0815069169
vn -0.309174564 0.951005304 -0
vn -0.309174564 0.951005304 -0
vn 0.0196040749 0.999807822 -0
vn 0.0196040749 0.999807822 -0
vn 0.317644635 0.945090829 -0.0768453717
vn 0.317644635 0.945090829 0.0768453717
vn 0.79480215 0.606868637 -0
vn 0.79480215 0.606868637 -0
vn 0.372065834 0.928206343 -0
vn 0.372546177 0.921561596 0.10924088
vn -0.223143683 0.974785564 -0
vn 0.372065834 0.928206343 -0
vn 0.372546177 0.921561596 -0.10924088
vn -0.223143683 0.974785564 -0
vn 0.615567953 0.788083812 -0
vn 0.615567953 0.788083812 -0
vn 0.960776984 0.270586171 -0.060751231
vn 0.960776984 0.270586171 -0.060751231
vn 0.960481557 -0.278343635 -0
vn 0.960481557 -0.278343635 -0
vn 0.843130822 -0.537250803 -0.022180874
vn 0.843130822 -0.537250803 -0.022180874
vn 0.835287745 -0.54509388 -0.071882159
vn 0.835287745 -0.54509388 -0.071882159
vn 0.628973435 -0.777426793 -0
vn 0.631367732 -0.772543126 -0.0674678157
vn 0.105881545 -0.992149293 -0.0665498191
vn 0.105881545 -0.992149293 -0.0665498191
vn -0.332615423 -0.943062554 -0
vn -0.332615423 -0.943062554 -0
vn -0.81960159 -0.568623113 -0.0701497636
vn -0.81960159 -0.568623113 -0.0701497636
vn -0.551987006 -0.833852712 -0
vn -0.54509388 -0.835287745 -0.071882159
vn 0.426739521 -0.90437458 -0
vn 0.427447719 -0.898032364 -0.104049605
vn -0.0743038327 -0.997235649 -0
vn -0.0743038327 -0.997235649 -0
vn 0.662658482 -0.748921716 -0
vn 0.662740042 -0.741170816 -0.106964755
vn 0.97305722 -0.230563759 -0
vn 0.97305722 -0.230563759 -0
vn 0.717641584 -0.694112351 -0.056556177
vn 0.717641584 -0.694112351 -0.056556177
vn 0.26179466 -0.965123596 -0
vn 0.26179466 -0.965123596 -0
vn -0.317644635 -0.945090829 -0.0768453717
vn -0.317644635 -0.945090829 -0.0768453717
vn -0.450976951 -0.890189287 -0.0646747476
vn -0.443133874 -0.890189287 -0.105808333
vn -0.592152345 -0.803915435 -0.0554578528
vn -0.592152345 -0.803915435 -0.0554578528
vn -0.952933906 -0.301958481 -0.0271670136
vn -0.952933906 -0.301958481 -0.0271670136
vn -0.992149293 0.1215677 -0.0293440684
vn -0.992149293 0.1215677 -0.0293440684
vn -0.788083812 0.615567953 -0
vn -0.788083812 0.615567953 -0
vn -0.380389255 0.921561596 -0.0776417341
vn -0.380389255 0.921561596 -0.0776417341
vn -0.498035416 0.866660055 -0.0293440684
vn -0.498035416 0.866660055 -0.0293440684
vn -0.756205966 0.654333659 -0
vn -0.756205966 0.654333659 -0
vn -0.332615423 0.943062554 -0
vn -0.325487713 0.945090829 -0.0293440684
vn -0.0196040749 0.999807822 -0
vn -0.0196040749 0.999807822 -0
vn 0.199998474 0.976463138 -0.0807486828
vn 0.199998474 0.976463138 -0.0807486828
vn 0.537250803 0.843130822 -0.022180874
vn 0.537250803 0.843130822 -0.022180874
vn -0.215684616 0.97646308 -0
vn -0.215684629 0.968620061 -0.123512422
vn -0.858183677 0.513342747 -0
vn -0.858183677 0.513342747 -0
vn -0.639210809 0.764700048 -0.0815069169
vn -0.639210809 0.764700048 -0.0815069169
vn -0.309174564 0.951005304 -0
vn -0.309174564 0.951005304 -0
vn 0.0196040749 0.999807822 -0
vn 0.0196040749 0.999807822 -0
vn 0.317644635 0.945090829 -0.0768453717
vn 0.317644635 0.945090829 -0.0768453717
vn 0.79480215 0.606868637 -0
vn 0.79480215 0.606868637 -0
vn 0.372065834 0.928206343 -0
vn 0.372546177 0.921561596 -0.10924088
vn 0.223143683 0.974785564 -0
vn -0.372065834 0.928206343 -0
vn -0.372546177 0.921561596 0.10924088
vn 0.223143683 0.974785564 -0
vn -0.615567953 0.788083812 -0
vn -0.615567953 0.788083812 -0
vn -0.960776984 0.270586171 -0.060751231
vn -0.960776984 0.270586171 0.060751231
vn -0.960481557 -0.278343635 -0
vn -0.960481557 -0.278343635 -0
vn -0.843130822 -0.537250803 -0.022180874
vn -0.843130822 -0.537250803 0.022180874
vn -0.835287745 -0.54509388 -0.071882159
vn -0.835287745 -0.54509388 0.071882159
vn -0.628973435 -0.777426793 -0
vn -0.631367732 -0.772543126 0.0674678157
vn -0.105881545 -0.992149293 -0.0665498191
vn -0.105881545 -0.992149293 0.0665498191
vn 0.332615423 -0.943062554 -0
vn 0.332615423 -0.943062554 -0
vn 0.81960159 -0.568623113 -0.0701497636
vn 0.81960159 -0.568623113 0.0701497636
vn 0.551987006 -0.833852712 -0
vn 0.54509388 -0.835287745 0.071882159
vn -0.426739521 -0.90437458 -0
vn -0.427447719 -0.898032364 0.104049605
vn 0.0743038327 -0.997235649 -0
vn 0.0743038327 -0.997235649 -0
vn -0.662658482 -0.748921716 -0
vn -0.662740042 -0.741170816 0.106964755
vn -0.97305722 -0.230563759 -0
vn -0.97305722 -0.230563759 -0
vn -0.717641584 -0.694112351 -0.056556177
vn -0.717641584 -0.694112351 0.056556177
vn -0.26179466 -0.965123596 -0
vn -0.26179466 -0.965123596 -0
vn 0.317644635 -0.945090829 -0.0768453717
vn 0.317644635 -0.945090829 0.0768453717
vn 0.450976951 -0.890189287 -0.0646747476
vn 0.443133874 -0.890189287 0.105808333
vn 0.592152345 -0.803915435 -0.0554578528
vn 0.592152345 -0.803915435 0.0554578528
vn 0.952933906 -0.301958481 -0.0271670136
vn 0.952933906 -0.301958481 0.0271670136
vn 0.992149293 0.1215677 -0.0293440684
vn 0.992149293 0.1215677 0.0293440684
vn 0.788083812 0.615567953 -0
vn 0.788083812 0.615567953 -0
vn 0.380389255 0.921561596 -0.0776417341
vn 0.380389255 0.921561596 0.0776417341
vn 0.498035416 0.866660055 -0.0293440684
vn 0.498035416 0.866660055 0.0293440684
vn 0.756205966 0.654333659 -0
vn 0.756205966 0.654333659 -0
vn 0.332615423 0.943062554 -0
vn 0.325487713 0.945090829 0.0293440684
vn 0.0196040749 0.999807822 -0
vn 0.0196040749 0.999807822 -0
vn -0.199998474 0.976463138 -0.0807486828
vn -0.199998474 0.976463138 0.0807486828
vn -0.537250803 0.843130822 -0.022180874
vn -0.537250803 0.843130822 0.022180874
vn 0.215684616 0.97646308 -0
vn 0.215684629 0.968620061 0.123512422
vn 0.858183677 0.513342747 -0
vn 0.858183677 0.513342747 -0
vn 0.639210809 0.764700048 -0.0815069169
vn 0.639210809 0.764700048 0.0815069169
vn 0.309174564 0.951005304 -0
vn 0.309174564 0.951005304 -0
vn -0.0196040749 0.999807822 -0
vn -0.0196040749 0.999807822 -0
vn -0.317644635 0.945090829 -0.0768453717
vn -0.317644635 0.945090829 0.0768453717
vn -0.79480215 0.606868637 -0
vn -0.79480215 0.606868637 -0
vn -0.372065834 0.928206343 -0
vn -0.372546177 0.921561596 0.10924088
vn 0.223143683 0.974785564 -0
vn -0.372546177 0.921561596 -0.10924088
vn -0.372065834 0.928206343 -0
vn 0.223143683 0.974785564 -0
vn -0.615567953 0.788083812 -0
vn -0.615567953 0.788083812 -0
vn -0.960776984 0.270586171 -0.060751231
vn -0.960776984 0.270586171 -0.060751231
vn -0.960481557 -0.278343635 -0
vn -0.960481557 -0.278343635 -0
vn -0.843130822 -0.537250803 -0.022180874
vn -0.843130822 -0.537250803 -0.022180874
vn -0.835287745 -0.54509388 -0.071882159
vn -0.835287745 -0.54509388 -0.071882159
vn -0.628973435 -0.777426793 -0
vn -0.631367732 -0.772543126 -0.0674678157
vn -0.105881545 -0.992149293 -0.0665498191
vn -0.105881545 -0.992149293 -0.0665498191
vn 0.332615423 -0.943062554 -0
vn 0.332615423 -0.943062554 -0
vn 0.81960159 -0.568623113 -0.0701497636
vn 0.81960159 -0.568623113 -0.0701497636
vn 0.551987006 -0.833852712 -0
vn 0.54509388 -0.835287745 -0.071882159
vn -0.426739521 -0.90437458 -0
vn -0.427447719 -0.898032364 -0.104049605
vn 0.0743038327 -0.997235649 -0
vn 0.0743038327 -0.997235649 -0
vn -0.662658482 -0.748921716 -0
vn -0.662740042 -0.741170816 -0.106964755
vn -0.97305722 -0.230563759 -0
vn -0.97305722 -0.230563759 -0
vn -0.717641584 -0.694112351 -0.056556177
vn -0.717641584 -0.694112351 -0.056556177
vn -0.26179466 -0.965123596 -0
vn -0.26179466 -0.965123596 -0
vn 0.317644635 -0.945090829 -0.0768453717
vn 0.317644635 -0.945090829 -0.0768453717
vn 0.450976951 -0.890189287 -0.0646747476
vn 0.443133874 -0.890189287 -0.105808333
vn 0.592152345 -0.803915435 -0.0554578528
vn 0.592152345 -0.803915435 -0.0554578528
vn 0.952933906 -0.301958481 -0.0271670136
vn 0.952933906 -0.301958481 -0.0271670136
vn 0.992149293 0.1215677 -0.0293440684
vn 0.992149293 0.1215677 -0.0293440684
vn 0.788083812 0.615567953 -0
vn 0.788083812 0.615567953 -0
vn 0.380389255 0.921561596 -0.0776417341
vn 0.380389255 0.921561596 -0.0776417341
vn 0.498035416 0.866660055 -0.0293440684
vn 0.498035416 0.866660055 -0.0293440684
vn 0.756205966 0.654333659 -0
vn 0.756205966 0.654333659 -0
vn 0.332615423 0.943062554 -0
vn 0.325487713 0.945090829 -0.0293440684
vn 0.0196040749 0.999807822 -0
vn 0.0196040749 0.999807822 -0
vn -0.199998474 0.976463138 -0.0807486828
vn -0.199998474 0.976463138 -0.0807486828
vn -0.537250803 0.843130822 -0.022180874
vn -0.537250803 0.843130822 -0.022180874
vn 0.215684616 0.97646308 -0
vn 0.215684629 0.968620061 -0.123512422
vn 0.858183677 0.513342747 -0
vn 0.858183677 0.513342747 -0
vn 0.639210809 0.764700048 -0.0815069169
vn 0.639210809 0.764700048 -0.0815069169
vn 0.309174564 0.951005304 -0
vn 0.309174564 0.951005304 -0
vn -0.0196040749 0.999807822 -0
vn -0.0196040749 0.999807822 -0
vn -0.317644635 0.945090829 -0.0768453717
vn -0.317644635 0.945090829 -0.0768453717
vn -0.79480215 0.606868637 -0
vn -0.79480215 0.606868637 -0
vn -0.372065834 0.928206343 -0
vn -0.372546177 0.921561596 -0.10924088
vn -0.992149293 0.0901953903 -0.0866289305
vn -0.968620061 0.0352938484 0.246027482
vn -0.999070885 0.0430971754 -0
vn -0.968620061 0.0823523129 0.234506448
vn -0.97646308 0.215684616 -0
vn -0.0745092355 0.00392153871 0.997212613
vn -0.0745092355 0.00392153871 0.997212613
vn -0.00392153871 0.00392153871 0.999984621
vn -0.0588230806 0.0117646161 0.998199098
vn -0.0509800032 0.0196076935 0.998507175
vn -0.945090829 0.215684629 0.245526916
vn -0.921561541 0.388232309 -0
vn -0.890189287 0.380389255 0.250733023
vn -0.725484661 0.686269274 -0.0520239392
vn -0.027450771 0.027450771 0.999246171
vn -0.709798506 0.670583119 0.215648698
vn -0.00392153847 0.999992311 -0
vn -0.00392153871 0.0352938484 0.999369284
vn -0.00392153871 0.976463138 0.215648698
vn 0.725484661 0.686269274 -0.0520239392
vn 0.027450771 0.027450771 0.999246171
vn 0.709798506 0.670583119 0.215648698
vn 0.921561541 0.388232309 -0
vn 0.0509800032 0.0196076935 0.998507175
vn 0.890189287 0.380389255 0.250733023
vn 0.97646308 0.215684616 -0
vn 0.0588230806 0.0117646161 0.998199098
vn 0.945090829 0.215684629 0.245526916
vn 0.992149293 0.0901953903 -0.0866289305
vn 0.0745092355 0.00392153871 0.997212613
vn 0.0745092355 0.00392153871 0.997212613
vn 0.968620061 0.0823523129 0.234506448
vn 0.999070885 0.0430971754 -0
vn 0.968620061 0.0352938484 0.246027482
vn -0.992149293 0.0901953903 -0.0866289305
vn -0.999070885 0.0430971754 -0
vn -0.968620061 0.0352938484 -0.246027482
vn -0.968620061 0.0823523129 -0.234506448
vn -0.97646308 0.215684616 -0
vn -0.0745092355 0.00392153871 -0.997212613
vn -0.0745092355 0.00392153871 -0.997212613
vn -0.00392153871 0.00392153871 -0.999984621
vn -0.0588230806 0.0117646161 -0.998199098
vn -0.0509800032 0.0196076935 -0.998507175
vn -0.945090829 0.215684629 -0.245526916
vn -0.921561541 0.388232309 -0
vn -0.890189287 0.380389255 -0.250733023
vn -0.725484661 0.686269274 -0.0520239392
vn -0.027450771 0.027450771 -0.999246171
vn -0.709798506 0.670583119 -0.215648698
vn -0.00392153847 0.999992311 -0
vn -0.00392153871 0.0352938484 -0.999369284
vn -0.00392153871 0.976463138 -0.215648698
vn 0.725484661 0.686269274 -0.0520239392
vn 0.027450771 0.027450771 -0.999246171
vn 0.709798506 0.670583119 -0.215648698
vn 0.921561541 0.388232309 -0
vn 0.0509800032 0.0196076935 -0.998507175
vn 0.890189287 0.380389255 -0.250733023
vn 0.97646308 0.215684616 -0
vn 0.0588230806 0.0117646161 -0.998199098
vn 0.945090829 0.215684629 -0.245526916
vn 0.992149293 0.0901953903 -0.0866289305
vn 0.0745092355 0.00392153871 -0.997212613
vn 0.0745092355 0.00392153871 -0.997212613
vn 0.968620061 0.0823523129 -0.234506448
vn 0.999070885 0.0430971754 -0
vn 0.968620061 0.0352938484 -0.246027482
vn 0.575299505 0.817942834 -0
vn 0.575299505 0.817942834 -0
vn 0.0665190105 0.997785158 -0
vn 0.0665190105 0.997785158 -0
vn -0.488960668 0.872305832 -0
vn -0.488960668 0.872305832 -0
vn -0.918740111 0.394862771 -0
vn -0.918740111 0.394862771 -0
vn -0.998703027 0.050914272 -0
vn -0.998703027 0.050914272 -0
vn -0.215684629 0.968620061 0.123512422
vn -0.215684616 0.97646308 -0
vn 0.528239201 0.849095605 -0
vn 0.528239201 0.849095605 -0
vn 0.152350724 0.988326493 -0
vn 0.152350724 0.988326493 -0
vn -0.176469231 0.984306157 -0
vn -0.176469231 0.984306157 -0
vn 0.301958481 0.952933906 0.0271670136
vn 0.301958481 0.952933906 -0.0271670136
vn 0.741170816 0.670583119 0.0313704013
vn 0.741170816 0.670583119 -0.0313704013
vn 0.504113981 0.863637131 -0
vn 0.504113981 0.863637131 -0
vn 0.184052092 0.982916491 -0
vn 0.184052092 0.982916491 -0
vn -0.207841552 0.976463138 0.0576335743
vn -0.207841552 0.976463138 -0.0576335743
vn -0.63748767 0.770460558 -0
vn -0.63748767 0.770460558 -0
vn -0.967074537 0.254493299 -0
vn -0.967074537 0.254493299 -0
vn -0.896764448 -0.442508221 -0
vn -0.896764448 -0.442508221 -0
vn -0.505878493 -0.858816977 0.0807486828
vn -0.505878493 -0.858816977 -0.0807486828
vn -0.473632911 -0.880722355 -0
vn -0.473632911 -0.880722355 -0
vn -0.686269274 -0.725484661 0.0520239392
vn -0.686269274 -0.725484661 -0.0520239392
vn -0.372065834 -0.928206343 -0
vn -0.372065834 -0.928206343 -0
vn 0.0117638918 -0.999930803 -0
vn 0.0117638918 -0.999930803 -0
vn 0.207841552 -0.976463138 0.0576335743
vn 0.207841552 -0.976463138 -0.0576335743
vn -0.450976951 -0.890189287 0.0646747476
vn -0.450976951 -0.890189287 -0.0646747476
vn -0.498035416 -0.866660055 0.0293440684
vn -0.498035416 -0.866660055 -0.0293440684
vn -0.15294001 -0.984306216 0.0880376456
vn -0.15294001 -0.984306216 -0.0880376456
vn 0.058722022 -0.998274373 -0
vn 0.058722022 -0.998274373 -0
vn 0.223143683 -0.974785564 -0
vn 0.223143683 -0.974785564 -0
vn 0.482349261 -0.874503132 0.0508277732
vn 0.482349261 -0.874503132 -0.0508277732
vn 0.748921716 -0.662658482 -0
vn 0.748921716 -0.662658482 -0
vn 0.976463138 -0.199998474 0.0807486828
vn 0.976463138 -0.199998474 -0.0807486828
vn 0.992149293 0.105881545 0.0665498191
vn 0.992149293 0.105881545 -0.0665498191
vn 0.880722355 0.473632911 -0
vn 0.880722355 0.473632911 -0
vn 0.575299505 0.817942834 -0
vn 0.575299505 0.817942834 -0
vn 0.575299505 0.817942834 -0
vn 0.0665190105 0.997785158 -0
vn 0.575299505 0.817942834 -0
vn 0.0665190105 0.997785158 -0
vn -0.488960668 0.872305832 -0
vn -0.488960668 0.872305832 -0
vn -0.918740111 0.394862771 -0
vn -0.918740111 0.394862771 -0
vn -0.998703027 0.050914272 -0
vn -0.998703027 0.050914272 -0
vn -0.215684629 0.968620061 -0.123512422
vn -0.215684616 0.97646308 -0
vn 0.528239201 0.849095605 -0
vn 0.528239201 0.849095605 -0
vn 0.152350724 0.988326493 -0
vn 0.152350724 0.988326493 -0
vn -0.176469231 0.984306157 -0
vn -0.176469231 0.984306157 -0
vn 0.301958481 0.952933906 -0.0271670136
vn 0.301958481 0.952933906 -0.0271670136
vn 0.741170816 0.670583119 -0.0313704013
vn 0.741170816 0.670583119 -0.0313704013
vn 0.504113981 0.863637131 -0
vn 0.504113981 0.863637131 -0
vn 0.184052092 0.982916491 -0
vn 0.184052092 0.982916491 -0
vn -0.207841552 0.976463138 -0.0576335743
vn -0.207841552 0.976463138 -0.0576335743
vn -0.63748767 0.770460558 -0
vn -0.63748767 0.770460558 -0
vn -0.967074537 0.254493299 -0
vn -0.967074537 0.254493299 -0
vn -0.896764448 -0.442508221 -0
vn -0.896764448 -0.442508221 -0
vn -0.505878493 -0.858816977 -0.0807486828
vn -0.505878493 -0.858816977 -0.0807486828
vn -0.473632911 -0.880722355 -0
vn -0.473632911 -0.880722355 -0
vn -0.686269274 -0.725484661 -0.0520239392
vn -0.686269274 -0.725484661 -0.0520239392
vn -0.372065834 -0.928206343 -0
vn -0.372065834 -0.928206343 -0
vn 0.0117638918 -0.999930803 -0
vn 0.0117638918 -0.999930803 -0
vn 0.207841552 -0.976463138 -0.0576335743
vn 0.207841552 -0.976463138 -0.0576335743
vn -0.450976951 -0.890189287 -0.0646747476
vn -0.450976951 -0.890189287 -0.0646747476
vn -0.498035416 -0.866660055 -0.0293440684
vn -0.498035416 -0.866660055 -0.0293440684
vn -0.15294001 -0.984306216 -0.0880376456
vn -0.15294001 -0.984306216 -0.0880376456
vn 0.058722022 -0.998274373 -0
vn 0.058722022 -0.998274373 -0
vn 0.223143683 -0.974785564 -0
vn 0.223143683 -0.974785564 -0
vn 0.482349261 -0.874503132 -0.0508277732
vn 0.482349261 -0.874503132 -0.0508277732
vn 0.748921716 -0.662658482 -0
vn 0.748921716 -0.662658482 -0
vn 0.976463138 -0.199998474 -0.0807486828
vn 0.976463138 -0.199998474 -0.0807486828
vn 0.992149293 0.105881545 -0.0665498191
vn 0.992149293 0.105881545 -0.0665498191
vn 0.880722355 0.473632911 -0
vn 0.880722355 0.473632911 -0
vn 0.575299505 0.817942834 -0
vn 0.575299505 0.817942834 -0
vn -0.575299505 0.817942834 -0
vn -0.0665190105 0.997785158 -0
vn -0.575299505 0.817942834 -0
vn -0.0665190105 0.997785158 -0
vn 0.488960668 0.872305832 -0
vn 0.488960668 0.872305832 -0
vn 0.918740111 0.394862771 -0
vn 0.918740111 0.394862771 -0
vn 0.998703027 0.050914272 -0
vn 0.998703027 0.050914272 -0
vn 0.215684629 0.968620061 0.123512422
vn 0.215684616 0.97646308 -0
vn -0.528239201 0.849095605 -0
vn -0.528239201 0.849095605 -0
vn -0.152350724 0.988326493 -0
vn -0.152350724 0.988326493 -0
vn 0.176469231 0.984306157 -0
vn 0.176469231 0.984306157 -0
vn -0.301958481 0.952933906 0.0271670136
vn -0.301958481 0.952933906 -0.0271670136
vn -0.741170816 0.670583119 0.0313704013
vn -0.741170816 0.670583119 -0.0313704013
vn -0.504113981 0.863637131 -0
vn -0.504113981 0.863637131 -0
vn -0.184052092 0.982916491 -0
vn -0.184052092 0.982916491 -0
vn 0.207841552 0.976463138 0.0576335743
vn 0.207841552 0.976463138 -0.0576335743
vn 0.63748767 0.770460558 -0
vn 0.63748767 0.770460558 -0
vn 0.967074537 0.254493299 -0
vn 0.967074537 0.254493299 -0
vn 0.896764448 -0.442508221 -0
vn 0.896764448 -0.442508221 -0
vn 0.505878493 -0.858816977 0.0807486828
vn 0.505878493 -0.858816977 -0.0807486828
vn 0.473632911 -0.880722355 -0
vn 0.473632911 -0.880722355 -0
vn 0.686269274 -0.725484661 0.0520239392
vn 0.686269274 -0.725484661 -0.0520239392
vn 0.372065834 -0.928206343 -0
vn 0.372065834 -0.928206343 -0
vn -0.0117638918 -0.999930803 -0
vn -0.0117638918 -0.999930803 -0
vn -0.207841552 -0.976463138 0.0576335743
vn -0.207841552 -0.976463138 -0.0576335743
vn 0.450976951 -0.890189287 0.0646747476
vn 0.450976951 -0.890189287 -0.0646747476
vn 0.498035416 -0.866660055 0.0293440684
vn 0.498035416 -0.866660055 -0.0293440684
vn 0.15294001 -0.984306216 0.0880376456
vn 0.15294001 -0.984306216 -0.0880376456
vn -0.058722022 -0.998274373 -0
vn -0.058722022 -0.998274373 -0
vn -0.223143683 -0.974785564 -0
vn -0.223143683 -0.974785564 -0
vn -0.482349261 -0.874503132 0.0508277732
vn -0.482349261 -0.874503132 -0.0508277732
vn -0.748921716 -0.662658482 -0
vn -0.748921716 -0.662658482 -0
vn -0.976463138 -0.199998474 0.0807486828
vn -0.976463138 -0.199998474 -0.0807486828
vn -0.992149293 0.105881545 0.0665498191
vn -0.992149293 0.105881545 -0.0665498191
vn -0.880722355 0.473632911 -0
vn -0.880722355 0.473632911 -0
vn -0.575299505 0.817942834 -0
vn -0.575299505 0.817942834 -0
vn -0.575299505 0.817942834 -0
vn -0.575299505 0.817942834 -0
vn -0.0665190105 0.997785158 -0
vn -0.0665190105 0.997785158 -0
vn 0.488960668 0.872305832 -0
vn 0.488960668 0.872305832 -0
vn 0.918740111 0.394862771 -0
vn 0.918740111 0.394862771 -0
vn 0.998703027 0.050914272 -0
vn 0.998703027 0.050914272 -0
vn 0.215684629 0.968620061 -0.123512422
vn 0.215684616 0.97646308 -0
vn -0.528239201 0.849095605 -0
vn -0.528239201 0.849095605 -0
vn -0.152350724 0.988326493 -0
vn -0.152350724 0.988326493 -0
vn 0.176469231 0.984306157 -0
vn 0.176469231 0.984306157 -0
vn -0.301958481 0.952933906 -0.0271670136
vn -0.301958481 0.952933906 -0.0271670136
vn -0.741170816 0.670583119 -0.0313704013
vn -0.741170816 0.670583119 -0.0313704013
vn -0.504113981 0.863637131 -0
vn -0.504113981 0.863637131 -0
vn -0.184052092 0.982916491 -0
vn -0.184052092 0.982916491 -0
vn 0.207841552 0.976463138 -0.0576335743
vn 0.207841552 0.976463138 -0.0576335743
vn 0.63748767 0.770460558 -0
vn 0.63748767 0.770460558 -0
vn 0.967074537 0.254493299 -0
vn 0.967074537 0.254493299 -0
vn 0.896764448 -0.442508221 -0
vn 0.896764448 -0.442508221 -0
vn 0.505878493 -0.858816977 -0.0807486828
vn 0.505878493 -0.858816977 -0.0807486828
vn 0.473632911 -0.880722355 -0
vn 0.473632911 -0.880722355 -0
vn 0.686269274 -0.725484661 -0.0520239392
vn 0.686269274 -0.725484661 -0.0520239392
vn 0.372065834 -0.928206343 -0
vn 0.372065834 -0.928206343 -0
vn -0.0117638918 -0.999930803 -0
vn -0.0117638918 -0.999930803 -0
vn -0.207841552 -0.976463138 -0.0576335743
vn -0.207841552 -0.976463138 -0.0576335743
vn 0.450976951 -0.890189287 -0.0646747476
vn 0.450976951 -0.890189287 -0.0646747476
vn 0.498035416 -0.866660055 -0.0293440684
vn 0.498035416 -0.866660055 -0.0293440684
vn 0.15294001 -0.984306216 -0.0880376456
vn 0.15294001 -0.984306216 -0.0880376456
vn -0.058722022 -0.998274373 -0
vn -0.058722022 -0.998274373 -0
vn -0.223143683 -0.974785564 -0
vn -0.223143683 -0.974785564 -0
vn -0.482349261 -0.874503132 -0.0508277732
vn -0.482349261 -0.874503132 -0.0508277732
vn -0.748921716 -0.662658482 -0
vn -0.748921716 -0.662658482 -0
vn -0.976463138 -0.199998474 -0.0807486828
vn -0.976463138 -0.199998474 -0.0807486828
vn -0.992149293 0.105881545 -0.0665498191
vn -0.992149293 0.105881545 -0.0665498191
vn -0.880722355 0.473632911 -0
vn -0.880722355 0.473632911 -0
vn -0.575299505 0.817942834 -0
vn -0.575299505 0.817942834 -0
vn -0.528239201 0.849095605 -0
vn -0.528239201 0.849095605 -0
vn 0.137253855 0.984306216 0.110917325
vn 0.137034853 0.990566226 -0
vn 0.741170816 0.670583119 0.0313704013
vn 0.741170816 0.670583119 -0.0313704013
vn 0.247056939 0.968620061 0.0271670136
vn 0.247056939 0.968620061 -0.0271670136
vn -0.332615423 0.943062554 -0
vn -0.332615423 0.943062554 -0
vn -0.803915435 0.592152345 0.0554578528
vn -0.803915435 0.592152345 -0.0554578528
vn -0.403918487 0.913718519 0.0443657964
vn -0.403918487 0.913718519 -0.0443657964
vn -0.0665190105 0.997785158 -0
vn -0.0665190105 0.997785158 -0
vn -0.645942241 0.763386285 -0
vn -0.645942241 0.763386285 -0
vn -0.974785564 0.223143683 -0
vn -0.974785564 0.223143683 -0
vn -0.981472661 -0.191602233 -0
vn -0.981472661 -0.191602233 -0
vn -0.662658482 -0.748921716 -0
vn -0.662658482 -0.748921716 -0
vn -0.00392153847 -0.999992311 -0
vn -0.00392153847 -0.999992311 -0
vn 0.426739521 -0.90437458 -0
vn 0.426739521 -0.90437458 -0
vn 0.0274406433 -0.999623435 -0
vn 0.0274406433 -0.999623435 -0
vn -0.419604642 -0.905875442 0.0576335743
vn -0.419604642 -0.905875442 -0.0576335743
vn -0.645942241 -0.763386285 -0
vn -0.645942241 -0.763386285 -0
vn -0.615567953 -0.788083812 -0
vn -0.615567953 -0.788083812 -0
vn 0.325487713 -0.945090829 0.0293440684
vn 0.325487713 -0.945090829 -0.0293440684
vn -0.050914272 -0.998703027 -0
vn -0.050914272 -0.998703027 -0
vn -0.615567953 -0.788083812 -0
vn -0.615567953 -0.788083812 -0
vn -0.247056939 -0.968620061 0.0271670136
vn -0.247056939 -0.968620061 -0.0271670136
vn 0.0665190105 -0.997785158 -0
vn 0.0665190105 -0.997785158 -0
vn 0.513342747 -0.858183677 -0
vn 0.513342747 -0.858183677 -0
vn 0.896764448 -0.442508221 -0
vn 0.896764448 -0.442508221 -0
vn 0.999992311 0.00392153847 -0
vn 0.999992311 0.00392153847 -0
vn 0.843130822 0.537250803 0.022180874
vn 0.843130822 0.537250803 -0.022180874
vn 0.394862771 0.918740111 -0
vn 0.394862771 0.918740111 -0
vn 0.882346209 0.466663106 0.060751231
vn 0.882346209 0.466663106 -0.060751231
vn 0.97646308 -0.215684616 -0
vn 0.97646308 -0.215684616 -0
vn 0.929404674 0.356860022 0.0941162929
vn 0.929404674 0.356860022 -0.0941162929
vn 0.482349261 0.874503132 0.0508277732
vn 0.482349261 0.874503132 -0.0508277732
vn 0.0274406433 0.999623435 -0
vn 0.0274406433 0.999623435 -0
vn 0.0901953903 0.992149293 0.0866289305
vn 0.0901953903 0.992149293 -0.0866289305
vn 0.207841552 0.976463138 0.0576335743
vn 0.207841552 0.976463138 -0.0576335743
vn -0.528239201 0.849095605 -0
vn -0.528239201 0.849095605 -0
vn -0.528239201 0.849095605 -0
vn 0.137253855 0.984306216 -0.110917325
vn -0.528239201 0.849095605 -0
vn 0.137034853 0.990566226 -0
vn 0.741170816 0.670583119 -0.0313704013
vn 0.741170816 0.670583119 -0.0313704013
vn 0.247056939 0.968620061 -0.0271670136
vn 0.247056939 0.968620061 -0.0271670136
vn -0.332615423 0.943062554 -0
vn -0.332615423 0.943062554 -0
vn -0.803915435 0.592152345 -0.0554578528
vn -0.803915435 0.592152345 -0.0554578528
vn -0.403918487 0.913718519 -0.0443657964
vn -0.403918487 0.913718519 -0.0443657964
vn -0.0665190105 0.997785158 -0
vn -0.0665190105 0.997785158 -0
vn -0.645942241 0.763386285 -0
vn -0.645942241 0.763386285 -0
vn -0.974785564 0.223143683 -0
vn -0.974785564 0.223143683 -0
vn -0.981472661 -0.191602233 -0
vn -0.981472661 -0.191602233 -0
vn -0.662658482 -0.748921716 -0
vn -0.662658482 -0.748921716 -0
vn -0.00392153847 -0.999992311 -0
vn -0.00392153847 -0.999992311 -0
vn 0.426739521 -0.90437458 -0
vn 0.426739521 -0.90437458 -0
vn 0.0274406433 -0.999623435 -0
vn 0.0274406433 -0.999623435 -0
vn -0.419604642 -0.905875442 -0.0576335743
vn -0.419604642 -0.905875442 -0.0576335743
vn -0.645942241 -0.763386285 -0
vn -0.645942241 -0.763386285 -0
vn -0.615567953 -0.788083812 -0
vn -0.615567953 -0.788083812 -0
vn 0.325487713 -0.945090829 -0.0293440684
vn 0.325487713 -0.945090829 -0.0293440684
vn -0.050914272 -0.998703027 -0
vn -0.050914272 -0.998703027 -0
vn -0.615567953 -0.788083812 -0
vn -0.615567953 -0.788083812 -0
vn -0.247056939 -0.968620061 -0.0271670136
vn -0.247056939 -0.968620061 -0.0271670136
vn 0.0665190105 -0.997785158 -0
vn 0.0665190105 -0.997785158 -0
vn 0.513342747 -0.858183677 -0
vn 0.513342747 -0.858183677 -0
vn 0.896764448 -0.442508221 -0
vn 0.896764448 -0.442508221 -0
vn 0.999992311 0.00392153847 -0
vn 0.999992311 0.00392153847 -0
vn 0.843130822 0.537250803 -0.022180874
vn 0.843130822 0.537250803 -0.022180874
vn 0.394862771 0.918740111 -0
vn 0.394862771 0.918740111 -0
vn 0.882346209 0.466663106 -0.060751231
vn 0.882346209 0.466663106 -0.060751231
vn 0.97646308 -0.215684616 -0
vn 0.97646308 -0.215684616 -0
vn 0.929404674 0.356860022 -0.0941162929
vn 0.929404674 0.356860022 -0.0941162929
vn 0.482349261 0.874503132 -0.0508277732
vn 0.482349261 0.874503132 -0.0508277732
vn 0.0274406433 0.999623435 -0
vn 0.0274406433 0.999623435 -0
vn 0.0901953903 0.992149293 -0.0866289305
vn 0.0901953903 0.992149293 -0.0866289305
vn 0.207841552 0.976463138 -0.0576335743
vn 0.207841552 0.976463138 -0.0576335743
vn -0.528239201 0.849095605 -0
vn -0.528239201 0.849095605 -0
vn 0.528239201 0.849095605 -0
vn -0.137253855 0.984306216 0.110917325
vn 0.528239201 0.849095605 -0
vn -0.137034853 0.990566226 -0
vn -0.741170816 0.670583119 0.0313704013
vn -0.741170816 0.670583119 -0.0313704013
vn -0.247056939 0.968620061 0.0271670136
vn -0.247056939 0.968620061 -0.0271670136
vn 0.332615423 0.943062554 -0
vn 0.332615423 0.943062554 -0
vn 0.803915435 0.592152345 0.0554578528
vn 0.803915435 0.592152345 -0.0554578528
vn 0.403918487 0.913718519 0.0443657964
vn 0.403918487 0.913718519 -0.0443657964
vn 0.0665190105 0.997785158 -0
vn 0.0665190105 0.997785158 -0
vn 0.645942241 0.763386285 -0
vn 0.645942241 0.763386285 -0
vn 0.974785564 0.223143683 -0
vn 0.974785564 0.223143683 -0
vn 0.981472661 -0.191602233 -0
vn 0.981472661 -0.191602233 -0
vn 0.662658482 -0.748921716 -0
vn 0.662658482 -0.748921716 -0
vn 0.00392153847 -0.999992311 -0
vn 0.00392153847 -0.999992311 -0
vn -0.426739521 -0.90437458 -0
vn -0.426739521 -0.90437458 -0
vn -0.0274406433 -0.999623435 -0
vn -0.0274406433 -0.999623435 -0
vn 0.419604642 -0.905875442 0.0576335743
vn 0.419604642 -0.905875442 -0.0576335743
vn 0.645942241 -0.763386285 -0
vn 0.645942241 -0.763386285 -0
vn 0.615567953 -0.788083812 -0
vn 0.615567953 -0.788083812 -0
vn -0.325487713 -0.945090829 0.0293440684
vn -0.325487713 -0.945090829 -0.0293440684
vn 0.050914272 -0.998703027 -0
vn 0.050914272 -0.998703027 -0
vn 0.615567953 -0.788083812 -0
vn 0.615567953 -0.788083812 -0
vn 0.247056939 -0.968620061 0.0271670136
vn 0.247056939 -0.968620061 -0.0271670136
vn -0.0665190105 -0.997785158 -0
vn -0.0665190105 -0.997785158 -0
vn -0.513342747 -0.858183677 -0
vn -0.513342747 -0.858183677 -0
vn -0.896764448 -0.442508221 -0
vn -0.896764448 -0.442508221 -0
vn -0.999992311 0.00392153847 -0
vn -0.999992311 0.00392153847 -0
vn -0.843130822 0.537250803 0.022180874
vn -0.843130822 0.537250803 -0.022180874
vn -0.394862771 0.918740111 -0
vn -0.394862771 0.918740111 -0
vn -0.882346209 0.466663106 0.060751231
vn -0.882346209 0.466663106 -0.060751231
vn -0.97646308 -0.215684616 -0
vn -0.97646308 -0.215684616 -0
vn -0.929404674 0.356860022 0.0941162929
vn -0.929404674 0.356860022 -0.0941162929
vn -0.482349261 0.874503132 0.0508277732
vn -0.482349261 0.874503132 -0.0508277732
vn -0.0274406433 0.999623435 -0
vn -0.0274406433 0.999623435 -0
vn -0.0901953903 0.992149293 0.0866289305
vn -0.0901953903 0.992149293 -0.0866289305
vn -0.207841552 0.976463138 0.0576335743
vn -0.207841552 0.976463138 -0.0576335743
vn 0.528239201 0.849095605 -0
vn 0.528239201 0.849095605 -0
vn 0.528239201 0.849095605 -0
vn 0.528239201 0.849095605 -0
vn -0.137253855 0.984306216 -0.110917325
vn -0.137034853 0.990566226 -0
vn -0.741170816 0.670583119 -0.0313704013
vn -0.741170816 0.670583119 -0.0313704013
vn -0.247056939 0.968620061 -0.0271670136
vn -0.247056939 0.968620061 -0.0271670136
vn 0.332615423 0.943062554 -0
vn 0.332615423 0.943062554 -0
vn 0.803915435 0.592152345 -0.0554578528
vn 0.803915435 0.592152345 -0.0554578528
vn 0.403918487 0.913718519 -0.0443657964
vn 0.403918487 0.913718519 -0.0443657964
vn 0.0665190105 0.997785158 -0
vn 0.0665190105 0.997785158 -0
vn 0.645942241 0.763386285 -0
vn 0.645942241 0.763386285 -0
vn 0.974785564 0.223143683 -0
vn 0.974785564 0.223143683 -0
vn 0.981472661 -0.191602233 -0
vn 0.981472661 -0.191602233 -0
vn 0.662658482 -0.748921716 -0
vn 0.662658482 -0.748921716 -0
vn 0.00392153847 -0.999992311 -0
vn 0.00392153847 -0.999992311 -0
vn -0.426739521 -0.90437458 -0
vn -0.426739521 -0.90437458 -0
vn -0.0274406433 -0.999623435 -0
vn -0.0274406433 -0.999623435 -0
vn 0.419604642 -0.905875442 -0.0576335743
vn 0.419604642 -0.905875442 -0.0576335743
vn 0.645942241 -0.763386285 -0
vn 0.645942241 -0.763386285 -0
vn 0.615567953 -0.788083812 -0
vn 0.615567953 -0.788083812 -0
vn -0.325487713 -0.945090829 -0.0293440684
vn -0.325487713 -0.945090829 -0.0293440684
vn 0.050914272 -0.998703027 -0
vn 0.050914272 -0.998703027 -0
vn 0.615567953 -0.788083812 -0
vn 0.615567953 -0.788083812 -0
vn 0.247056939 -0.968620061 -0.0271670136
vn 0.247056939 -0.968620061 -0.0271670136
vn -0.0665190105 -0.997785158 -0
vn -0.0665190105 -0.997785158 -0
vn -0.513342747 -0.858183677 -0
vn -0.513342747 -0.858183677 -0
vn -0.896764448 -0.442508221 -0
vn -0.896764448 -0.442508221 -0
vn -0.999992311 0.00392153847 -0
vn -0.999992311 0.00392153847 -0
vn -0.843130822 0.537250803 -0.022180874
vn -0.843130822 0.537250803 -0.022180874
vn -0.394862771 0.918740111 -0
vn -0.394862771 0.918740111 -0
vn -0.882346209 0.466663106 -0.060751231
vn -0.882346209 0.466663106 -0.060751231
vn -0.97646308 -0.215684616 -0
vn -0.97646308 -0.215684616 -0
vn -0.929404674 0.356860022 -0.0941162929
vn -0.929404674 0.356860022 -0.0941162929
vn -0.482349261 0.874503132 -0.0508277732
vn -0.482349261 0.874503132 -0.0508277732
vn -0.0274406433 0.999623435 -0
vn -0.0274406433 0.999623435 -0
vn -0.0901953903 0.992149293 -0.0866289305
vn -0.0901953903 0.992149293 -0.0866289305
vn -0.207841552 0.976463138 -0.0576335743
vn -0.207841552 0.976463138 -0.0576335743
vn 0.528239201 0.849095605 -0
vn 0.528239201 0.849095605 -0
vn 0.905875442 -0.419604642 -0.0576335743
vn 0.882346209 -0.466663106 -0.060751231
vn 0.874503132 -0.466663106 0.132173437
vn 0.898032364 -0.419604642 0.132173437
vn 0.0745092355 -0.0431369258 0.996286896
vn 0.960776984 -0.254900016 0.10924088
vn 0.967074537 -0.254493299 -0
vn 0.0823523129 -0.0352938484 0.995978133
vn -0.00392153871 0.00392153871 0.999984621
vn 0.898032364 -0.403918487 0.174320764
vn 0.911701732 -0.410852712 -0
vn 0.191602233 -0.981472661 -0
vn 0.0980384677 -0.027450771 0.994803958
vn -0.00392153871 0.00392153871 0.999984621
vn -0.0901953903 0.0509800032 0.994618435
vn 0.192155397 -0.976463138 0.0979593944
vn 0.999930803 -0.0117638918 -0
vn 0.027450771 -0.0117646161 0.999553925
vn -0.00392153871 0.00392153871 0.999984621
vn -0.0901953903 0.0509800032 0.994618435
vn -0.858816977 0.505878493 0.0807486828
vn 0.999930803 -0.0117638918 -0
vn 0.839779682 0.54292733 -0
vn -0.0901953903 0.0352938484 0.995298516
vn -0.882346209 0.466663106 0.060751231
vn -0.858816977 0.505878493 -0.0807486828
vn -0.882346209 0.466663106 -0.060751231
vn -0.943062554 0.332615423 -0
vn -0.937247751 0.325487713 0.124997606
vn -0.999930803 0.0117638918 -0
vn -0.0823523129 0.00392153871 0.996595564
vn -0.992149293 0.0117646161 0.124504513
vn -0.913718519 -0.380389255 0.142907253
vn -0.921561596 -0.380389255 -0.0776417341
vn -0.00392153871 0.00392153871 0.999984621
vn -0.0980384677 -0.0431369258 0.994247285
vn -0.796072358 -0.592152345 0.124997606
vn -0.801405145 -0.598121889 -0
vn -0.00392153871 0.00392153871 0.999984621
vn -0.00392153871 0.00392153871 0.999984621
vn -0.0980384677 -0.0745092355 0.992389456
vn -0.505878493 -0.8509739 0.141174969
vn -0.505878493 -0.858816977 -0.0807486828
vn -0.00392153871 0.0117646161 0.999923105
vn -0.0745092355 -0.1215677 0.989782637
vn -0.239213861 -0.960776984 0.140300807
vn -0.247056939 -0.968620061 -0.0271670136
vn 0.0117646161 -0.0431369258 0.9989999
vn -0.0117646161 0.00392153871 0.999923105
vn 0.0196076935 0.0509800032 0.998507175
vn -0.027450771 -0.113724623 0.993133005
vn 0.858816977 -0.466663106 0.211326631
vn 0.872305832 -0.488960668 -0
vn 0.984306216 -0.168626164 -0.0520239392
vn 0.0352938484 0.0352938484 0.998753567
vn 0.231370784 0.066666158 0.970578788
vn 0.984306216 -0.168626164 0.0520239392
vn 0.770460558 -0.63748767 -0
vn 0.1215677 0.113724623 0.986046654
vn 0.066666158 0.176469242 0.982045941
vn 0.39607541 -0.0509800032 0.916801674
vn -0.00392153871 0.027450771 0.999615464
vn 0.301958481 -0.254900016 0.918611484
vn 0.027450771 0.309801558 0.950404887
vn 0.764700048 -0.639210809 0.0815069169
vn 0.309174564 -0.951005304 -0
vn 0.1215677 -0.372546177 0.920016652
vn 0.309801558 -0.945090829 0.104049605
vn -0.207841552 -0.976463138 -0.0576335743
vn -0.0823523129 -0.380389255 0.921152599
vn -0.207841552 -0.976463138 0.0576335743
vn -0.670583119 -0.741170816 -0.0313704013
vn -0.262743093 -0.294115403 0.918946242
vn -0.662740042 -0.741170816 0.106964755
vn -0.951005304 -0.309174564 -0
vn -0.372546177 -0.1215677 0.920016652
vn -0.945090829 -0.309801558 0.104049605
vn -0.97305722 0.230563759 -0
vn -0.380389255 0.0901953903 0.920417735
vn -0.968620061 0.231370784 0.0907895256
vn -0.694112351 0.717641584 -0.056556177
vn -0.247056939 0.278429248 0.928137933
vn -0.694112351 0.717641584 0.056556177
vn -0.191602233 0.981472661 -0
vn -0.199998474 0.976463138 0.0807486828
vn 0.184052092 0.982916491 -0
vn 0.15294001 0.262743093 0.952667529
vn 0.184312319 0.976463138 0.112021018
vn 0.458820029 0.882346209 0.104639132
vn 0.466663106 0.882346209 -0.060751231
vn -0.270586171 0.929404674 0.250978239
vn -0.223143683 0.974785564 -0
vn -0.827444667 0.560780035 -0.0293440684
vn 0.113724623 0.199998474 0.973173839
vn 0.0196076935 0.0588230806 0.998075841
vn -0.0588230806 0.0352938484 0.99764432
vn -0.827444667 0.552936958 0.0979593944
vn 0.552936958 0.827444667 0.0979593944
vn 0.560780035 0.827444667 -0.0293440684
vn -0.00392153871 0.00392153871 0.999984621
vn 0.0823523129 0.113724623 0.990093332
vn 0.129410777 0.0823523129 0.988165445
vn 0.835287745 0.537250803 0.116858709
vn 0.168626164 0.00392153871 0.985672277
vn 0.905875442 -0.419604642 -0.0576335743
vn 0.874503132 -0.466663106 -0.132173437
vn 0.882346209 -0.466663106 -0.060751231
vn 0.898032364 -0.419604642 -0.132173437
vn 0.0745092355 -0.0431369258 -0.996286896
vn 0.960776984 -0.254900016 -0.10924088
vn 0.967074537 -0.254493299 -0
vn 0.0823523129 -0.0352938484 -0.995978133
vn -0.00392153871 0.00392153871 -0.999984621
vn 0.898032364 -0.403918487 -0.174320764
vn 0.911701732 -0.410852712 -0
vn 0.191602233 -0.981472661 -0
vn 0.0980384677 -0.027450771 -0.994803958
vn -0.00392153871 0.00392153871 -0.999984621
vn -0.0901953903 0.0509800032 -0.994618435
vn 0.192155397 -0.976463138 -0.0979593944
vn 0.999930803 -0.0117638918 -0
vn 0.027450771 -0.0117646161 -0.999553925
vn -0.00392153871 0.00392153871 -0.999984621
vn -0.0901953903 0.0509800032 -0.994618435
vn -0.858816977 0.505878493 -0.0807486828
vn 0.999930803 -0.0117638918 -0
vn 0.839779682 0.54292733 -0
vn -0.0901953903 0.0352938484 -0.995298516
vn -0.882346209 0.466663106 -0.060751231
vn -0.858816977 0.505878493 -0.0807486828
vn -0.882346209 0.466663106 -0.060751231
vn -0.943062554 0.332615423 -0
vn -0.937247751 0.325487713 -0.124997606
vn -0.999930803 0.0117638918 -0
vn -0.0823523129 0.00392153871 -0.996595564
vn -0.992149293 0.0117646161 -0.124504513
vn -0.913718519 -0.380389255 -0.142907253
vn -0.921561596 -0.380389255 -0.0776417341
vn -0.00392153871 0.00392153871 -0.999984621
vn -0.0980384677 -0.0431369258 -0.994247285
vn -0.796072358 -0.592152345 -0.124997606
vn -0.801405145 -0.598121889 -0
vn -0.00392153871 0.00392153871 -0.999984621
vn -0.00392153871 0.00392153871 -0.999984621
vn -0.0980384677 -0.0745092355 -0.992389456
vn -0.505878493 -0.8509739 -0.141174969
vn -0.505878493 -0.858816977 -0.0807486828
vn -0.00392153871 0.0117646161 -0.999923105
vn -0.0745092355 -0.1215677 -0.989782637
vn -0.239213861 -0.960776984 -0.140300807
vn -0.247056939 -0.968620061 -0.0271670136
vn 0.0117646161 -0.0431369258 -0.9989999
vn -0.0117646161 0.00392153871 -0.999923105
vn 0.0196076935 0.0509800032 -0.998507175
vn -0.027450771 -0.113724623 -0.993133005
vn 0.858816977 -0.466663106 -0.211326631
vn 0.872305832 -0.488960668 -0
vn 0.984306216 -0.168626164 -0.0520239392
vn 0.0352938484 0.0352938484 -0.998753567
vn 0.231370784 0.066666158 -0.970578788
vn 0.984306216 -0.168626164 -0.0520239392
vn 0.770460558 -0.63748767 -0
vn 0.1215677 0.113724623 -0.986046654
vn 0.066666158 0.176469242 -0.982045941
vn 0.113724623 0.199998474 -0.973173839
vn 0.39607541 -0.0509800032 -0.916801674
vn -0.00392153871 0.027450771 -0.999615464
vn 0.301958481 -0.254900016 -0.918611484
vn 0.027450771 0.309801558 -0.950404887
vn 0.764700048 -0.639210809 -0.0815069169
vn 0.309174564 -0.951005304 -0
vn 0.1215677 -0.372546177 -0.920016652
vn 0.309801558 -0.945090829 -0.104049605
vn -0.207841552 -0.976463138 -0.0576335743
vn -0.0823523129 -0.380389255 -0.921152599
vn -0.207841552 -0.976463138 -0.0576335743
vn -0.670583119 -0.741170816 -0.0313704013
vn -0.262743093 -0.294115403 -0.918946242
vn -0.662740042 -0.741170816 -0.106964755
vn -0.951005304 -0.309174564 -0
vn -0.372546177 -0.1215677 -0.920016652
vn -0.945090829 -0.309801558 -0.104049605
vn -0.97305722 0.230563759 -0
vn -0.380389255 0.0901953903 -0.920417735
vn -0.968620061 0.231370784 -0.0907895256
vn -0.694112351 0.717641584 -0.056556177
vn -0.247056939 0.278429248 -0.928137933
vn -0.694112351 0.717641584 -0.056556177
vn -0.191602233 0.981472661 -0
vn -0.199998474 0.976463138 -0.0807486828
vn 0.184052092 0.982916491 -0
vn 0.15294001 0.262743093 -0.952667529
vn 0.184312319 0.976463138 -0.112021018
vn 0.458820029 0.882346209 -0.104639132
vn 0.466663106 0.882346209 -0.060751231
vn -0.270586171 0.929404674 -0.250978239
vn -0.223143683 0.974785564 -0
vn -0.827444667 0.560780035 -0.0293440684
vn 0.0196076935 0.0588230806 -0.998075841
vn -0.0588230806 0.0352938484 -0.99764432
vn -0.827444667 0.552936958 -0.0979593944
vn 0.552936958 0.827444667 -0.0979593944
vn 0.560780035 0.827444667 -0.0293440684
vn -0.00392153871 0.00392153871 -0.999984621
vn 0.0823523129 0.113724623 -0.990093332
vn 0.129410777 0.0823523129 -0.988165445
vn 0.835287745 0.537250803 -0.116858709
vn 0.168626164 0.00392153871 -0.985672277
vn -0.905875442 -0.419604642 -0.0576335743
vn -0.874503132 -0.466663106 0.132173437
vn -0.882346209 -0.466663106 -0.060751231
vn -0.898032364 -0.419604642 0.132173437
vn -0.0745092355 -0.0431369258 0.996286896
vn -0.960776984 -0.254900016 0.10924088
vn -0.967074537 -0.254493299 -0
vn -0.0823523129 -0.0352938484 0.995978133
vn -0.00392153871 0.00392153871 0.999984621
vn -0.898032364 -0.403918487 0.174320764
vn -0.911701732 -0.410852712 -0
vn -0.191602233 -0.981472661 -0
vn -0.0980384677 -0.027450771 0.994803958
vn -0.00392153871 0.00392153871 0.999984621
vn 0.0901953903 0.0509800032 0.994618435
vn -0.192155397 -0.976463138 0.0979593944
vn -0.999930803 -0.0117638918 -0
vn -0.027450771 -0.0117646161 0.999553925
vn -0.00392153871 0.00392153871 0.999984621
vn 0.0901953903 0.0509800032 0.994618435
vn 0.858816977 0.505878493 0.0807486828
vn -0.999930803 -0.0117638918 -0
vn -0.839779682 0.54292733 -0
vn 0.0901953903 0.0352938484 0.995298516
vn 0.882346209 0.466663106 0.060751231
vn 0.858816977 0.505878493 -0.0807486828
vn 0.882346209 0.466663106 -0.060751231
vn 0.943062554 0.332615423 -0
vn 0.937247751 0.325487713 0.124997606
vn 0.999930803 0.0117638918 -0
vn 0.0823523129 0.00392153871 0.996595564
vn 0.992149293 0.0117646161 0.124504513
vn 0.913718519 -0.380389255 0.142907253
vn 0.921561596 -0.380389255 -0.0776417341
vn -0.00392153871 0.00392153871 0.999984621
vn 0.0980384677 -0.0431369258 0.994247285
vn 0.796072358 -0.592152345 0.124997606
vn 0.801405145 -0.598121889 -0
vn -0.00392153871 0.00392153871 0.999984621
vn -0.00392153871 0.00392153871 0.999984621
vn 0.0980384677 -0.0745092355 0.992389456
vn 0.505878493 -0.8509739 0.141174969
vn 0.505878493 -0.858816977 -0.0807486828
vn -0.0117646161 -0.0431369258 0.9989999
vn -0.00392153871 0.0117646161 0.999923105
vn 0.0745092355 -0.1215677 0.989782637
vn 0.239213861 -0.960776984 0.140300807
vn 0.247056939 -0.968620061 -0.0271670136
vn -0.0196076935 0.0509800032 0.998507175
vn 0.027450771 -0.113724623 0.993133005
vn -0.858816977 -0.466663106 0.211326631
vn -0.872305832 -0.488960668 -0
vn -0.984306216 -0.168626164 -0.0520239392
vn -0.0352938484 0.0352938484 0.998753567
vn -0.231370784 0.066666158 0.970578788
vn -0.984306216 -0.168626164 0.0520239392
vn -0.770460558 -0.63748767 -0
vn -0.1215677 0.113724623 0.986046654
vn -0.066666158 0.176469242 0.982045941
vn -0.39607541 -0.0509800032 0.916801674
vn 0.00392153871 0.027450771 0.999615464
vn -0.301958481 -0.254900016 0.918611484
vn -0.027450771 0.309801558 0.950404887
vn -0.764700048 -0.639210809 0.0815069169
vn -0.309174564 -0.951005304 -0
vn -0.1215677 -0.372546177 0.920016652
vn -0.309801558 -0.945090829 0.104049605
vn 0.207841552 -0.976463138 -0.0576335743
vn 0.0823523129 -0.380389255 0.921152599
vn 0.207841552 -0.976463138 0.0576335743
vn 0.670583119 -0.741170816 -0.0313704013
vn 0.262743093 -0.294115403 0.918946242
vn 0.662740042 -0.741170816 0.106964755
vn 0.951005304 -0.309174564 -0
vn 0.372546177 -0.1215677 0.920016652
vn 0.945090829 -0.309801558 0.104049605
vn 0.97305722 0.230563759 -0
vn 0.380389255 0.0901953903 0.920417735
vn 0.968620061 0.231370784 0.0907895256
vn 0.694112351 0.717641584 -0.056556177
vn 0.247056939 0.278429248 0.928137933
vn 0.694112351 0.717641584 0.056556177
vn 0.191602233 0.981472661 -0
vn 0.199998474 0.976463138 0.0807486828
vn -0.184052092 0.982916491 -0
vn -0.15294001 0.262743093 0.952667529
vn -0.184312319 0.976463138 0.112021018
vn -0.458820029 0.882346209 0.104639132
vn -0.466663106 0.882346209 -0.060751231
vn 0.270586171 0.929404674 0.250978239
vn 0.223143683 0.974785564 -0
vn 0.827444667 0.560780035 -0.0293440684
vn -0.113724623 0.199998474 0.973173839
vn -0.0196076935 0.0588230806 0.998075841
vn 0.0117646161 0.00392153871 0.999923105
vn 0.0588230806 0.0352938484 0.99764432
vn 0.827444667 0.552936958 0.0979593944
vn -0.552936958 0.827444667 0.0979593944
vn -0.560780035 0.827444667 -0.0293440684
vn -0.00392153871 0.00392153871 0.999984621
vn -0.0823523129 0.113724623 0.990093332
vn -0.129410777 0.0823523129 0.988165445
vn -0.835287745 0.537250803 0.116858709
vn -0.168626164 0.00392153871 0.985672277
vn -0.905875442 -0.419604642 -0.0576335743
vn -0.882346209 -0.466663106 -0.060751231
vn -0.874503132 -0.466663106 -0.132173437
vn -0.898032364 -0.419604642 -0.132173437
vn -0.0745092355 -0.0431369258 -0.996286896
vn -0.960776984 -0.254900016 -0.10924088
vn -0.967074537 -0.254493299 -0
vn -0.0823523129 -0.0352938484 -0.995978133
vn -0.00392153871 0.00392153871 -0.999984621
vn -0.898032364 -0.403918487 -0.174320764
vn -0.911701732 -0.410852712 -0
vn -0.191602233 -0.981472661 -0
vn -0.0980384677 -0.027450771 -0.994803958
vn -0.00392153871 0.00392153871 -0.999984621
vn 0.0901953903 0.0509800032 -0.994618435
vn -0.192155397 -0.976463138 -0.0979593944
vn -0.999930803 -0.0117638918 -0
vn -0.027450771 -0.0117646161 -0.999553925
vn -0.00392153871 0.00392153871 -0.999984621
vn 0.0901953903 0.0509800032 -0.994618435
vn 0.858816977 0.505878493 -0.0807486828
vn -0.999930803 -0.0117638918 -0
vn -0.839779682 0.54292733 -0
vn 0.0901953903 0.0352938484 -0.995298516
vn 0.882346209 0.466663106 -0.060751231
vn 0.858816977 0.505878493 -0.0807486828
vn 0.882346209 0.466663106 -0.060751231
vn 0.943062554 0.332615423 -0
vn 0.937247751 0.325487713 -0.124997606
vn 0.999930803 0.0117638918 -0
vn 0.0823523129 0.00392153871 -0.996595564
vn 0.992149293 0.0117646161 -0.124504513
vn 0.913718519 -0.380389255 -0.142907253
vn 0.921561596 -0.380389255 -0.0776417341
vn -0.00392153871 0.00392153871 -0.999984621
vn 0.0980384677 -0.0431369258 -0.994247285
vn 0.796072358 -0.592152345 -0.124997606
vn 0.801405145 -0.598121889 -0
vn -0.00392153871 0.00392153871 -0.999984621
vn -0.00392153871 0.00392153871 -0.999984621
vn 0.0980384677 -0.0745092355 -0.992389456
vn 0.505878493 -0.8509739 -0.141174969
vn 0.505878493 -0.858816977 -0.0807486828
vn -0.0117646161 -0.0431369258 -0.9989999
vn -0.00392153871 0.0117646161 -0.999923105
vn 0.0745092355 -0.1215677 -0.989782637
vn 0.239213861 -0.960776984 -0.140300807
vn 0.247056939 -0.968620061 -0.0271670136
vn -0.0196076935 0.0509800032 -0.998507175
vn 0.027450771 -0.113724623 -0.993133005
vn -0.858816977 -0.466663106 -0.211326631
vn -0.872305832 -0.488960668 -0
vn -0.984306216 -0.168626164 -0.0520239392
vn -0.0352938484 0.0352938484 -0.998753567
vn -0.231370784 0.066666158 -0.970578788
vn -0.984306216 -0.168626164 -0.0520239392
vn -0.770460558 -0.63748767 -0
vn -0.1215677 0.113724623 -0.986046654
vn -0.066666158 0.176469242 -0.982045941
vn -0.39607541 -0.0509800032 -0.916801674
vn 0.00392153871 0.027450771 -0.999615464
vn -0.301958481 -0.254900016 -0.918611484
vn -0.027450771 0.309801558 -0.950404887
vn -0.764700048 -0.639210809 -0.0815069169
vn -0.309174564 -0.951005304 -0
vn -0.1215677 -0.372546177 -0.920016652
vn -0.309801558 -0.945090829 -0.104049605
vn 0.207841552 -0.976463138 -0.0576335743
vn 0.0823523129 -0.380389255 -0.921152599
vn 0.207841552 -0.976463138 -0.0576335743
vn 0.670583119 -0.741170816 -0.0313704013
vn 0.262743093 -0.294115403 -0.918946242
vn 0.662740042 -0.741170816 -0.106964755
vn 0.951005304 -0.309174564 -0
vn 0.372546177 -0.1215677 -0.920016652
vn 0.945090829 -0.309801558 -0.104049605
vn 0.97305722 0.230563759 -0
vn 0.380389255 0.0901953903 -0.920417735
vn 0.968620061 0.231370784 -0.0907895256
vn 0.694112351 0.717641584 -0.056556177
vn 0.247056939 0.278429248 -0.928137933
vn 0.694112351 0.717641584 -0.056556177
vn 0.191602233 0.981472661 -0
vn 0.199998474 0.976463138 -0.0807486828
vn -0.184052092 0.982916491 -0
vn -0.15294001 0.262743093 -0.952667529
vn -0.184312319 0.976463138 -0.112021018
vn -0.458820029 0.882346209 -0.104639132
vn -0.466663106 0.882346209 -0.060751231
vn 0.270586171 0.929404674 -0.250978239
vn 0.223143683 0.974785564 -0
vn 0.827444667 0.560780035 -0.0293440684
vn -0.113724623 0.199998474 -0.973173839
vn -0.0196076935 0.0588230806 -0.998075841
vn 0.0117646161 0.00392153871 -0.999923105
vn 0.0588230806 0.0352938484 -0.99764432
vn 0.827444667 0.552936958 -0.0979593944
vn -0.552936958 0.827444667 -0.0979593944
vn -0.560780035 0.827444667 -0.0293440684
vn -0.00392153871 0.00392153871 -0.999984621
vn -0.0823523129 0.113724623 -0.990093332
vn -0.129410777 0.0823523129 -0.988165445
vn -0.835287745 0.537250803 -0.116858709
vn -0.168626164 0.00392153871 -0.985672277
vn -0.00392153847 -0.999992311 -0
vn -0.00392153847 -0.999992311 -0
vn -0.00392153847 -0.999992311 -0
vn -0.00392153847 -0.999992311 -0
vn -0.997235649 -0.0743038327 -0
vn -0.00392153871 -0.066666158 0.997767631
vn -0.00392153871 -0.066666158 0.997767631
vn -0.00392153871 0.00392153871 0.999984621
vn -0.992149293 -0.0745092355 0.100439802
vn -0.999377744 -0.0352721557 -0
vn -0.999377744 -0.0352721557 -0
vn -0.952933906 -0.294115403 -0.0735737741
vn -0.00392153871 -0.00392153871 0.999984621
vn -0.00392153871 -0.00392153871 0.999984621
vn -0.952933906 -0.286272326 0.0998254784
vn -0.858816977 -0.505878493 0.0807486828
vn -0.858816977 -0.505878493 -0.0807486828
vn -0.0196040749 -0.999807822 -0
vn -0.00392153871 -0.00392153871 0.999984621
vn -0.0196040749 -0.999807822 -0
vn -0.00392153871 0.00392153871 0.999984621
vn -0.00392153871 0.00392153871 0.999984621
vn -0.00392153871 0.00392153871 0.999984621
vn -0.00392153871 -0.0588230806 0.998260721
vn -0.00392153871 0.00392153871 0.999984621
vn -0.00392153871 0.00392153871 0.999984621
vn -0.00392153871 0.00392153871 0.999984621
vn -0.0274406433 -0.999623435 -0
vn -0.0274406433 -0.999623435 -0
vn -0.999070885 -0.0430971754 -0
vn -0.0196076935 -0.105881545 0.994185414
vn -0.027450771 -0.00392153871 0.999615464
vn -0.0196076935 -0.0117646161 0.999738532
vn -0.0431369258 -0.0352938484 0.998445567
vn -0.999377744 -0.0352721557 -0
vn -0.984306216 -0.15294001 0.0880376456
vn -0.984306216 -0.15294001 -0.0880376456
vn -0.896764448 -0.442508221 -0
vn -0.896764448 -0.442508221 -0
vn -0.788083812 -0.615567953 -0
vn -0.788083812 -0.615567953 -0
vn -0.00392153847 -0.999992311 -0
vn -0.00392153847 -0.999992311 -0
vn -0.00392153847 -0.999992311 -0
vn -0.00392153847 -0.999992311 -0
vn -0.997235649 -0.0743038327 -0
vn -0.00392153871 -0.066666158 -0.997767631
vn -0.00392153871 -0.066666158 -0.997767631
vn -0.00392153871 0.00392153871 -0.999984621
vn -0.992149293 -0.0745092355 -0.100439802
vn -0.00392153871 -0.00392153871 -0.999984621
vn -0.999377744 -0.0352721557 -0
vn -0.999377744 -0.0352721557 -0
vn -0.952933906 -0.294115403 -0.0735737741
vn -0.00392153871 -0.00392153871 -0.999984621
vn -0.00392153871 0.00392153871 -0.999984621
vn -0.952933906 -0.286272326 -0.0998254784
vn -0.858816977 -0.505878493 -0.0807486828
vn -0.858816977 -0.505878493 -0.0807486828
vn -0.0196040749 -0.999807822 -0
vn -0.00392153871 -0.00392153871 -0.999984621
vn -0.0196040749 -0.999807822 -0
vn -0.00392153871 0.00392153871 -0.999984621
vn -0.00392153871 0.00392153871 -0.999984621
vn -0.00392153871 -0.0588230806 -0.998260721
vn -0.00392153871 0.00392153871 -0.999984621
vn -0.00392153871 0.00392153871 -0.999984621
vn -0.00392153871 0.00392153871 -0.999984621
vn -0.0274406433 -0.999623435 -0
vn -0.0274406433 -0.999623435 -0
vn -0.999070885 -0.0430971754 -0
vn -0.0196076935 -0.105881545 -0.994185414
vn -0.027450771 -0.00392153871 -0.999615464
vn -0.0196076935 -0.0117646161 -0.999738532
vn -0.0431369258 -0.0352938484 -0.998445567
vn -0.999377744 -0.0352721557 -0
vn -0.984306216 -0.15294001 -0.0880376456
vn -0.984306216 -0.15294001 -0.0880376456
vn -0.896764448 -0.442508221 -0
vn -0.896764448 -0.442508221 -0
vn -0.788083812 -0.615567953 -0
vn -0.788083812 -0.615567953 -0
vn 0.00392153871 -0.968620061 0.248515189
vn -0.00392153847 -0.999992311 -0
vn -0.00392153847 -0.999992311 -0
vn 0.0430971754 -0.999070885 -0
vn 0.027450771 -0.0352938484 0.9989999
vn 0.568623113 -0.81960159 -0.0701497636
vn 0.027450771 0.0352938484 0.9989999
vn 0.568623113 0.81960159 -0.0701497636
vn 0.00392153871 0.968620061 0.248515189
vn 0.00392153847 0.999992311 -0
vn -0.00392153847 0.999992311 -0
vn -0.00392153847 0.999992311 -0
vn -0.00392153847 0.999992311 -0
vn 0.00392153871 0.968620061 -0.248515189
vn -0.00392153847 0.999992311 -0
vn -0.999992311 0.00392153847 -0
vn -0.999992311 0.00392153847 -0
vn -0.999992311 0.00392153847 -0
vn -0.999992311 0.00392153847 -0
vn -0.999992311 0.00392153847 -0
vn -0.999992311 0.00392153847 -0
vn -0.999992311 0.00392153847 -0
vn -0.999992311 0.00392153847 -0
vn -0.999992311 0.00392153847 -0
vn -0.999992311 0.00392153847 -0
vn -0.999992311 0.00392153847 -0
vn -0.999992311 0.00392153847 -0
vn 0.00392153871 -0.968620061 -0.248515189
vn -0.00392153847 -0.999992311 -0
vn -0.00392153847 -0.999992311 -0
vn 0.0430971754 -0.999070885 -0
vn 0.027450771 -0.0352938484 -0.9989999
vn 0.568623113 -0.81960159 -0.0701497636
vn 0.027450771 0.0352938484 -0.9989999
vn 0.568623113 0.81960159 -0.0701497636
vn 0.00392153871 0.968620061 -0.248515189
vn 0.00392153847 0.999992311 -0
vn -0.999992311 0.00392153847 -0
vn -0.999992311 0.00392153847 -0
vn -0.999992311 0.00392153847 -0
vn -0.999992311 0.00392153847 -0
vn -0.999992311 0.00392153847 -0
vn -0.999992311 0.00392153847 -0
vn -0.999992311 0.00392153847 -0
vn -0.999992311 0.00392153847 -0
vn -0.999992311 0.00392153847 -0
vn -0.999992311 0.00392153847 -0
vn -0.999992311 0.00392153847 -0
vn -0.999992311 0.00392153847 -0
vn -0.00392153847 0.999992311 -0
vn -0.00392153847 0.999992311 -0
vn -0.00392153847 0.999992311 -0
vn -0.00392153847 0.999992311 -0
vn -0.00392153871 0.0745092355 0.997212613
vn -0.050914272 0.998703027 -0
vn -0.0352721557 0.999377744 -0
vn -0.00392153871 0.0745092355 0.997212613
vn -0.00392153871 -0.0823523129 0.996595564
vn -0.0196076935 0.066666158 0.997582659
vn -0.999992311 0.00392153847 -0
vn 0.00392153871 -0.0745092355 0.997212613
vn -0.00392153847 -0.999992311 -0
vn 0.0196040749 -0.999807822 -0
vn -0.00392153847 -0.999992311 -0
vn 0.0196040749 -0.999807822 -0
vn 0.670583119 0.741170816 -0.0313704013
vn 0.00392153871 -0.0352938484 0.999369284
vn -0.00392153871 -0.0431369258 0.999061473
vn 0.0352938484 -0.0588230806 0.99764432
vn -0.00392153871 -0.113724623 0.993504571
vn 0.654896964 0.749013893 0.100439802
vn 0.998274373 -0.058722022 -0
vn 0.0431369258 -0.0745092355 0.996286896
vn -0.00392153871 -0.066666158 0.997767631
vn 0.999070885 -0.0430971754 -0
vn 0.575299505 -0.817942834 -0
vn 0.0509800032 -0.105881545 0.993071064
vn -0.00392153871 -0.0196076935 0.99980006
vn -0.00392153871 0.00392153871 0.999984621
vn 0.57646619 -0.811758513 0.0934604133
vn 0.0352938484 -0.0431369258 0.998445567
vn -0.00392153871 0.00392153871 0.999984621
vn 0.623524655 -0.780386203 0.0470571923
vn 0.623524655 -0.780386203 -0.0470571923
vn 0.0745092355 -0.00392153871 0.997212613
vn -0.00392153871 0.00392153871 0.999984621
vn 0.992149293 -0.0431369258 0.117383924
vn 0.999070885 -0.0430971754 -0
vn 0.027450771 0.0588230806 0.997890926
vn -0.00392153871 0.00392153871 0.999984621
vn 0.380389255 0.921561596 0.0776417341
vn 0.380389255 0.921561596 -0.0776417341
vn 0.0352938484 0.0901953903 0.995298516
vn -0.00392153871 0.00392153871 0.999984621
vn 0.356860022 0.929404674 0.0941162929
vn 0.355832718 0.934549665 -0
vn 0.0431369258 0.0117646161 0.9989999
vn -0.00392153871 0.00392153871 0.999984621
vn 0.976463138 0.199998474 0.0807486828
vn 0.976463138 0.199998474 -0.0807486828
vn 0.027450771 -0.0352938484 0.9989999
vn -0.027450771 -0.168626164 0.985297758
vn 0.6078385 -0.78822928 0.0960570652
vn 0.6078385 -0.78822928 -0.0960570652
vn 0.0117646161 -0.137253855 0.990466038
vn 0.0980384677 -0.992149293 0.0776417341
vn 0.0980384677 -0.992149293 -0.0776417341
vn -0.0274406433 -0.999623435 -0
vn -0.0352721557 -0.999377744 -0
vn -0.999992311 0.00392153847 -0
vn -0.999992311 0.00392153847 -0
vn -0.999992311 0.00392153847 -0
vn -0.999992311 0.00392153847 -0
vn -0.999992311 0.00392153847 -0
vn -0.999992311 0.00392153847 -0
vn -0.999992311 0.00392153847 -0
vn -0.999992311 0.00392153847 -0
vn -0.999992311 0.00392153847 -0
vn -0.999992311 0.00392153847 -0
vn -0.999992311 0.00392153847 -0
vn -0.999992311 0.00392153847 -0
vn -0.999992311 0.00392153847 -0
vn -0.999992311 0.00392153847 -0
vn -0.999992311 0.00392153847 -0
vn -0.999992311 0.00392153847 -0
vn -0.999992311 0.00392153847 -0
vn -0.999992311 0.00392153847 -0
vn -0.999992311 0.00392153847 -0
vn -0.999992311 0.00392153847 -0
vn -0.999992311 0.00392153847 -0
vn -0.999992311 0.00392153847 -0
vn -0.999992311 0.00392153847 -0
vn -0.999992311 0.00392153847 -0
vn -0.999992311 0.00392153847 -0
vn -0.999992311 0.00392153847 -0
vn -0.999992311 0.00392153847 -0
vn -0.999992311 0.00392153847 -0
vn -0.999992311 0.00392153847 -0
vn -0.00392153847 0.999992311 -0
vn -0.00392153847 0.999992311 -0
vn -0.00392153847 0.999992311 -0
vn -0.00392153847 0.999992311 -0
vn -0.00392153871 0.0745092355 -0.997212613
vn -0.050914272 0.998703027 -0
vn -0.0352721557 0.999377744 -0
vn -0.00392153871 0.0745092355 -0.997212613
vn -0.00392153871 -0.0823523129 -0.996595564
vn -0.0196076935 0.066666158 -0.997582659
vn -0.999992311 0.00392153847 -0
vn 0.00392153871 -0.0745092355 -0.997212613
vn -0.00392153847 -0.999992311 -0
vn 0.0196040749 -0.999807822 -0
vn -0.00392153847 -0.999992311 -0
vn 0.0196040749 -0.999807822 -0
vn 0.670583119 0.741170816 -0.0313704013
vn 0.00392153871 -0.0352938484 -0.999369284
vn -0.00392153871 -0.0431369258 -0.999061473
vn 0.0352938484 -0.0588230806 -0.99764432
vn -0.00392153871 -0.113724623 -0.993504571
vn 0.654896964 0.749013893 -0.100439802
vn 0.998274373 -0.058722022 -0
vn 0.0431369258 -0.0745092355 -0.996286896
vn -0.00392153871 -0.066666158 -0.997767631
vn 0.999070885 -0.0430971754 -0
vn 0.575299505 -0.817942834 -0
vn 0.0509800032 -0.105881545 -0.993071064
vn -0.00392153871 -0.0196076935 -0.99980006
vn -0.00392153871 0.00392153871 -0.999984621
vn 0.57646619 -0.811758513 -0.0934604133
vn 0.0352938484 -0.0431369258 -0.998445567
vn -0.00392153871 0.00392153871 -0.999984621
vn 0.623524655 -0.780386203 -0.0470571923
vn 0.623524655 -0.780386203 -0.0470571923
vn 0.0745092355 -0.00392153871 -0.997212613
vn -0.00392153871 0.00392153871 -0.999984621
vn 0.992149293 -0.0431369258 -0.117383924
vn 0.999070885 -0.0430971754 -0
vn 0.027450771 0.0588230806 -0.997890926
vn -0.00392153871 0.00392153871 -0.999984621
vn 0.380389255 0.921561596 -0.0776417341
vn 0.380389255 0.921561596 -0.0776417341
vn 0.0352938484 0.0901953903 -0.995298516
vn -0.00392153871 0.00392153871 -0.999984621
vn 0.356860022 0.929404674 -0.0941162929
vn 0.355832718 0.934549665 -0
vn 0.0431369258 0.0117646161 -0.9989999
vn -0.00392153871 0.00392153871 -0.999984621
vn 0.976463138 0.199998474 -0.0807486828
vn 0.976463138 0.199998474 -0.0807486828
vn 0.027450771 -0.0352938484 -0.9989999
vn -0.027450771 -0.168626164 -0.985297758
vn 0.6078385 -0.78822928 -0.0960570652
vn 0.6078385 -0.78822928 -0.0960570652
vn 0.0117646161 -0.137253855 -0.990466038
vn 0.0980384677 -0.992149293 -0.0776417341
vn 0.0980384677 -0.992149293 -0.0776417341
vn -0.0274406433 -0.999623435 -0
vn -0.0352721557 -0.999377744 -0
vn -0.999992311 0.00392153847 -0
vn -0.999992311 0.00392153847 -0
vn -0.999992311 0.00392153847 -0
vn -0.999992311 0.00392153847 -0
vn -0.999992311 0.00392153847 -0
vn -0.999992311 0.00392153847 -0
vn -0.999992311 0.00392153847 -0
vn -0.999992311 0.00392153847 -0
vn -0.999992311 0.00392153847 -0
vn -0.999992311 0.00392153847 -0
vn -0.999992311 0.00392153847 -0
vn -0.999992311 0.00392153847 -0
vn -0.999992311 0.00392153847 -0
vn -0.999992311 0.00392153847 -0
vn -0.999992311 0.00392153847 -0
vn -0.999992311 0.00392153847 -0
vn -0.999992311 0.00392153847 -0
vn -0.999992311 0.00392153847 -0
vn -0.999992311 0.00392153847 -0
vn -0.999992311 0.00392153847 -0
vn -0.999992311 0.00392153847 -0
vn -0.999992311 0.00392153847 -0
vn -0.999992311 0.00392153847 -0
vn -0.999992311 0.00392153847 -0
vn -0.999992311 0.00392153847 -0
vn -0.999992311 0.00392153847 -0
vn -0.999992311 0.00392153847 -0
vn -0.999992311 0.00392153847 -0
vn -0.999992311 0.00392153847 -0
vn 0.811608702 -0.584201433 -0
vn 0.811608702 -0.584201433 -0
vn 0.811608702 -0.584201433 -0
vn 0.811608702 -0.584201433 -0
vn 0.95836291 -0.28555303 -0
vn 0.95836291 -0.28555303 -0
vn 0.95836291 -0.28555303 -0
vn 0.95836291 -0.28555303 -0
vn 0.999992311 0.00392153847 -0
vn 0.999992311 0.00392153847 -0
vn 0.999992311 0.00392153847 -0
vn 0.999992311 0.00392153847 -0
vn 0.999992311 0.00392153847 -0
vn 0.999992311 0.00392153847 -0
vn 0.999992311 0.00392153847 -0
vn 0.999992311 0.00392153847 -0
vn 0.999992311 0.00392153847 -0
vn 0.999992311 0.00392153847 -0
vn 0.999992311 0.00392153847 -0
vn 0.888877921 -0.458144127 -0
vn 0.888877921 -0.458144127 -0
vn 0.888877921 -0.458144127 -0
vn 0.888877921 -0.458144127 -0
vn 0.999992311 0.00392153847 -0
vn 0.999992311 0.00392153847 -0
vn 0.999992311 0.00392153847 -0
vn 0.999992311 0.00392153847 -0
vn 0.974785564 -0.223143683 -0
vn 0.974785564 -0.223143683 -0
vn 0.974785564 -0.223143683 -0
vn 0.974785564 -0.223143683 -0
vn -0.709798506 -0.701955429 -0.0586911971
vn -0.709798506 -0.701955429 -0.0586911971
vn -0.709798506 -0.701955429 -0.0586911971
vn -0.709798506 -0.701955429 -0.0586911971
vn -0.00392153871 -0.709798506 0.704393854
vn -0.00392153871 -0.709798506 0.704393854
vn -0.00392153871 -0.709798506 0.704393854
vn -0.00392153871 -0.709798506 0.704393854
vn -0.701955429 0.00392153871 0.71221008
vn -0.701955429 0.00392153871 0.71221008
vn -0.701955429 0.00392153871 0.71221008
vn -0.701955429 0.00392153871 0.71221008
vn -0.733327738 0.678426197 -0.0443657964
vn -0.733327738 0.678426197 -0.0443657964
vn -0.733327738 0.678426197 -0.0443657964
vn -0.733327738 0.678426197 -0.0443657964
vn -0.0509800032 0.701955429 0.710393986
vn -0.0509800032 0.701955429 0.710393986
vn -0.0509800032 0.701955429 0.710393986
vn -0.0509800032 0.701955429 0.710393986
vn -0.654896964 -0.262743093 0.708573238
vn -0.654896964 -0.262743093 0.708573238
vn -0.654896964 -0.262743093 0.708573238
vn -0.654896964 -0.262743093 0.708573238
vn -0.403918487 -0.584309268 0.703869687
vn -0.403918487 -0.584309268 0.703869687
vn -0.403918487 -0.584309268 0.703869687
vn -0.403918487 -0.584309268 0.703869687
vn -0.184312319 -0.725484661 0.663099522
vn -0.184312319 -0.725484661 0.663099522
vn -0.184312319 -0.725484661 0.663099522
vn -0.184312319 -0.725484661 0.663099522
vn -0.599995422 0.372546177 0.707965281
vn -0.599995422 0.372546177 0.707965281
vn -0.599995422 0.372546177 0.707965281
vn -0.599995422 0.372546177 0.707965281
vn -0.701955429 0.0823523129 0.707443759
vn -0.701955429 0.0823523129 0.707443759
vn -0.701955429 0.0823523129 0.707443759
vn -0.701955429 0.0823523129 0.707443759
vn -0.00392153871 0.00392153871 0.999984621
vn -0.00392153871 0.00392153871 0.999984621
vn -0.00392153871 0.00392153871 0.999984621
vn -0.00392153871 0.00392153871 0.999984621
vn -0.00392153871 0.00392153871 0.999984621
vn -0.00392153871 0.00392153871 0.999984621
vn -0.00392153871 0.00392153871 0.999984621
vn -0.00392153871 0.00392153871 0.999984621
vn -0.00392153871 0.00392153871 0.999984621
vn -0.00392153871 0.00392153871 0.999984621
vn -0.00392153871 0.00392153871 0.999984621
vn -0.00392153871 0.00392153871 0.999984621
vn -0.00392153871 0.00392153871 0.999984621
vn -0.00392153871 0.00392153871 0.999984621
vn -0.00392153871 0.00392153871 0.999984621
vn -0.00392153871 0.00392153871 0.999984621
vn -0.00392153871 0.00392153871 0.999984621
vn -0.00392153871 0.00392153871 0.999984621
vn -0.00392153871 0.00392153871 0.999984621
vn -0.00392153871 0.00392153871 0.999984621
vn -0.00392153871 0.00392153871 0.999984621
vn -0.00392153871 0.00392153871 0.999984621
vn -0.00392153871 0.00392153871 0.999984621
vn -0.00392153871 0.00392153871 0.999984621
vn -0.00392153871 0.00392153871 0.999984621
vn -0.00392153871 0.00392153871 0.999984621
vn -0.00392153871 0.00392153871 0.999984621
vn -0.00392153871 0.00392153871 0.999984621
vn -0.00392153871 0.00392153871 0.999984621
vn -0.929404674 -0.3647031 -0.056556177
vn -0.929404674 -0.3647031 -0.056556177
vn -0.929404674 -0.3647031 -0.056556177
vn -0.929404674 -0.3647031 -0.056556177
vn -0.0665190105 0.997785158 -0
vn -0.0665190105 0.997785158 -0
vn -0.0665190105 0.997785158 -0
vn -0.0665190105 0.997785158 -0
vn -0.00392153847 -0.999992311 -0
vn -0.00392153847 -0.999992311 -0
vn -0.00392153847 -0.999992311 -0
vn -0.00392153847 -0.999992311 -0
vn -0.999930803 0.0117638918 -0
vn -0.999930803 0.0117638918 -0
vn -0.999930803 0.0117638918 -0
vn -0.999930803 0.0117638918 -0
vn -0.8509739 0.521564648 -0.0617554839
vn -0.8509739 0.521564648 -0.0617554839
vn -0.8509739 0.521564648 -0.0617554839
vn -0.8509739 0.521564648 -0.0617554839
vn -0.247056939 -0.968620061 -0.0271670136
vn -0.247056939 -0.968620061 -0.0271670136
vn -0.247056939 -0.968620061 -0.0271670136
vn -0.247056939 -0.968620061 -0.0271670136
vn -0.566363042 -0.824155874 -0
vn -0.566363042 -0.824155874 -0
vn -0.566363042 -0.824155874 -0
vn -0.566363042 -0.824155874 -0
vn -0.992149293 0.113724623 -0.0520239392
vn -0.992149293 0.113724623 -0.0520239392
vn -0.992149293 0.113724623 -0.0520239392
vn -0.992149293 0.113724623 -0.0520239392
vn 0.811608702 -0.584201433 -0
vn 0.811608702 -0.584201433 -0
vn 0.811608702 -0.584201433 -0
vn 0.811608702 -0.584201433 -0
vn 0.95836291 -0.28555303 -0
vn 0.95836291 -0.28555303 -0
vn 0.95836291 -0.28555303 -0
vn 0.95836291 -0.28555303 -0
vn 0.999992311 0.00392153847 -0
vn 0.999992311 0.00392153847 -0
vn 0.999992311 0.00392153847 -0
vn 0.999992311 0.00392153847 -0
vn 0.999992311 0.00392153847 -0
vn 0.999992311 0.00392153847 -0
vn 0.999992311 0.00392153847 -0
vn 0.999992311 0.00392153847 -0
vn 0.999992311 0.00392153847 -0
vn 0.999992311 0.00392153847 -0
vn 0.999992311 0.00392153847 -0
vn 0.888877921 -0.458144127 -0
vn 0.888877921 -0.458144127 -0
vn 0.888877921 -0.458144127 -0
vn 0.888877921 -0.458144127 -0
vn 0.999992311 0.00392153847 -0
vn 0.999992311 0.00392153847 -0
vn 0.999992311 0.00392153847 -0
vn 0.999992311 0.00392153847 -0
vn 0.974785564 -0.223143683 -0
vn 0.974785564 -0.223143683 -0
vn 0.974785564 -0.223143683 -0
vn 0.974785564 -0.223143683 -0
vn -0.709798506 -0.701955429 -0.0586911971
vn -0.709798506 -0.701955429 -0.0586911971
vn -0.709798506 -0.701955429 -0.0586911971
vn -0.709798506 -0.701955429 -0.0586911971
vn -0.00392153871 -0.709798506 -0.704393854
vn -0.00392153871 -0.709798506 -0.704393854
vn -0.00392153871 -0.709798506 -0.704393854
vn -0.00392153871 -0.709798506 -0.704393854
vn -0.701955429 0.00392153871 -0.71221008
vn -0.701955429 0.00392153871 -0.71221008
vn -0.701955429 0.00392153871 -0.71221008
vn -0.701955429 0.00392153871 -0.71221008
vn -0.733327738 0.678426197 -0.0443657964
vn -0.733327738 0.678426197 -0.0443657964
vn -0.733327738 0.678426197 -0.0443657964
vn -0.733327738 0.678426197 -0.0443657964
vn -0.0509800032 0.701955429 -0.710393986
vn -0.0509800032 0.701955429 -0.710393986
vn -0.0509800032 0.701955429 -0.710393986
vn -0.0509800032 0.701955429 -0.710393986
vn -0.654896964 -0.262743093 -0.708573238
vn -0.654896964 -0.262743093 -0.708573238
vn -0.654896964 -0.262743093 -0.708573238
vn -0.654896964 -0.262743093 -0.708573238
vn -0.403918487 -0.584309268 -0.703869687
vn -0.403918487 -0.584309268 -0.703869687
vn -0.403918487 -0.584309268 -0.703869687
vn -0.403918487 -0.584309268 -0.703869687
vn -0.184312319 -0.725484661 -0.663099522
vn -0.184312319 -0.725484661 -0.663099522
vn -0.184312319 -0.725484661 -0.663099522
vn -0.184312319 -0.725484661 -0.663099522
vn -0.599995422 0.372546177 -0.707965281
vn -0.599995422 0.372546177 -0.707965281
vn -0.599995422 0.372546177 -0.707965281
vn -0.599995422 0.372546177 -0.707965281
vn -0.701955429 0.0823523129 -0.707443759
vn -0.701955429 0.0823523129 -0.707443759
vn -0.701955429 0.0823523129 -0.707443759
vn -0.701955429 0.0823523129 -0.707443759
vn -0.00392153871 0.00392153871 -0.999984621
vn -0.00392153871 0.00392153871 -0.999984621
vn -0.00392153871 0.00392153871 -0.999984621
vn -0.00392153871 0.00392153871 -0.999984621
vn -0.00392153871 0.00392153871 -0.999984621
vn -0.00392153871 0.00392153871 -0.999984621
vn -0.00392153871 0.00392153871 -0.999984621
vn -0.00392153871 0.00392153871 -0.999984621
vn -0.00392153871 0.00392153871 -0.999984621
vn -0.00392153871 0.00392153871 -0.999984621
vn -0.00392153871 0.00392153871 -0.999984621
vn -0.00392153871 0.00392153871 -0.999984621
vn -0.00392153871 0.00392153871 -0.999984621
vn -0.00392153871 0.00392153871 -0.999984621
vn -0.00392153871 0.00392153871 -0.999984621
vn -0.00392153871 0.00392153871 -0.999984621
vn -0.00392153871 0.00392153871 -0.999984621
vn -0.00392153871 0.00392153871 -0.999984621
vn -0.00392153871 0.00392153871 -0.999984621
vn -0.00392153871 0.00392153871 -0.999984621
vn -0.00392153871 0.00392153871 -0.999984621
vn -0.00392153871 0.00392153871 -0.999984621
vn -0.00392153871 0.00392153871 -0.999984621
vn -0.00392153871 0.00392153871 -0.999984621
vn -0.00392153871 0.00392153871 -0.999984621
vn -0.00392153871 0.00392153871 -0.999984621
vn -0.00392153871 0.00392153871 -0.999984621
vn -0.00392153871 0.00392153871 -0.999984621
vn -0.00392153871 0.00392153871 -0.999984621
vn -0.929404674 -0.3647031 -0.056556177
vn -0.929404674 -0.3647031 -0.056556177
vn -0.929404674 -0.3647031 -0.056556177
vn -0.929404674 -0.3647031 -0.056556177
vn -0.0665190105 0.997785158 -0
vn -0.0665190105 0.997785158 -0
vn -0.0665190105 0.997785158 -0
vn -0.0665190105 0.997785158 -0
vn -0.00392153847 -0.999992311 -0
vn -0.00392153847 -0.999992311 -0
vn -0.00392153847 -0.999992311 -0
vn -0.00392153847 -0.999992311 -0
vn -0.999930803 0.0117638918 -0
vn -0.999930803 0.0117638918 -0
vn -0.999930803 0.0117638918 -0
vn -0.999930803 0.0117638918 -0
vn -0.8509739 0.521564648 -0.0617554839
vn -0.8509739 0.521564648 -0.0617554839
vn -0.8509739 0.521564648 -0.0617554839
vn -0.8509739 0.521564648 -0.0617554839
vn -0.247056939 -0.968620061 -0.0271670136
vn -0.247056939 -0.968620061 -0.0271670136
vn -0.247056939 -0.968620061 -0.0271670136
vn -0.247056939 -0.968620061 -0.0271670136
vn -0.566363042 -0.824155874 -0
vn -0.566363042 -0.824155874 -0
vn -0.566363042 -0.824155874 -0
vn -0.566363042 -0.824155874 -0
vn -0.992149293 0.113724623 -0.0520239392
vn -0.992149293 0.113724623 -0.0520239392
vn -0.992149293 0.113724623 -0.0520239392
vn -0.992149293 0.113724623 -0.0520239392
vn 0.00392153847 -0.999992311 -0
vn -0.00392153847 -0.999992311 -0
vn -0.00392153847 -0.999992311 -0
vn 0.00392153847 -0.999992311 -0
vn 0.997235649 -0.0743038327 -0
vn 0.00392153871 -0.066666158 0.997767631
vn -0.00392153871 -0.066666158 0.997767631
vn -0.00392153871 0.00392153871 0.999984621
vn 0.992149293 -0.0745092355 0.100439802
vn 0.00392153871 -0.00392153871 0.999984621
vn 0.999377744 -0.0352721557 -0
vn 0.999377744 -0.0352721557 -0
vn 0.952933906 -0.294115403 -0.0735737741
vn 0.00392153871 -0.00392153871 0.999984621
vn -0.00392153871 0.00392153871 0.999984621
vn 0.952933906 -0.286272326 0.0998254784
vn 0.858816977 -0.505878493 0.0807486828
vn 0.858816977 -0.505878493 -0.0807486828
vn 0.0196040749 -0.999807822 -0
vn 0.00392153871 -0.00392153871 0.999984621
vn 0.0196040749 -0.999807822 -0
vn -0.00392153871 0.00392153871 0.999984621
vn -0.00392153871 0.00392153871 0.999984621
vn 0.00392153871 -0.0588230806 0.998260721
vn -0.00392153871 0.00392153871 0.999984621
vn -0.00392153871 0.00392153871 0.999984621
vn -0.00392153871 0.00392153871 0.999984621
vn 0.0274406433 -0.999623435 -0
vn 0.0274406433 -0.999623435 -0
vn 0.999070885 -0.0430971754 -0
vn 0.0196076935 -0.105881545 0.994185414
vn 0.027450771 -0.00392153871 0.999615464
vn 0.0196076935 -0.0117646161 0.999738532
vn 0.0431369258 -0.0352938484 0.998445567
vn 0.999377744 -0.0352721557 -0
vn 0.984306216 -0.15294001 0.0880376456
vn 0.984306216 -0.15294001 -0.0880376456
vn 0.896764448 -0.442508221 -0
vn 0.896764448 -0.442508221 -0
vn 0.788083812 -0.615567953 -0
vn 0.788083812 -0.615567953 -0
vn 0.00392153847 -0.999992311 -0
vn -0.00392153847 -0.999992311 -0
vn -0.00392153847 -0.999992311 -0
vn 0.00392153847 -0.999992311 -0
vn 0.997235649 -0.0743038327 -0
vn 0.00392153871 -0.066666158 -0.997767631
vn -0.00392153871 -0.066666158 -0.997767631
vn -0.00392153871 0.00392153871 -0.999984621
vn 0.992149293 -0.0745092355 -0.100439802
vn 0.00392153871 -0.00392153871 -0.999984621
vn 0.999377744 -0.0352721557 -0
vn 0.999377744 -0.0352721557 -0
vn 0.952933906 -0.294115403 -0.0735737741
vn 0.00392153871 -0.00392153871 -0.999984621
vn -0.00392153871 0.00392153871 -0.999984621
vn 0.952933906 -0.286272326 -0.0998254784
vn 0.858816977 -0.505878493 -0.0807486828
vn 0.858816977 -0.505878493 -0.0807486828
vn 0.0196040749 -0.999807822 -0
vn 0.00392153871 -0.00392153871 -0.999984621
vn 0.0196040749 -0.999807822 -0
vn -0.00392153871 0.00392153871 -0.999984621
vn -0.00392153871 0.00392153871 -0.999984621
vn 0.00392153871 -0.0588230806 -0.998260721
vn -0.00392153871 0.00392153871 -0.999984621
vn -0.00392153871 0.00392153871 -0.999984621
vn -0.00392153871 0.00392153871 -0.999984621
vn 0.0274406433 -0.999623435 -0
vn 0.0274406433 -0.999623435 -0
vn 0.999070885 -0.0430971754 -0
vn 0.0196076935 -0.105881545 -0.994185414
vn 0.027450771 -0.00392153871 -0.999615464
vn 0.0196076935 -0.0117646161 -0.999738532
vn 0.0431369258 -0.0352938484 -0.998445567
vn 0.999377744 -0.0352721557 -0
vn 0.984306216 -0.15294001 -0.0880376456
vn 0.984306216 -0.15294001 -0.0880376456
vn 0.896764448 -0.442508221 -0
vn 0.896764448 -0.442508221 -0
vn 0.788083812 -0.615567953 -0
vn 0.788083812 -0.615567953 -0
vn -0.00392153871 -0.968620061 0.248515189
vn -0.00392153847 -0.999992311 -0
vn -0.00392153847 -0.999992311 -0
vn -0.0117638918 -0.999930803 -0
vn -0.027450771 -0.0352938484 0.9989999
vn -0.568623113 -0.81960159 -0.0701497636
vn -0.027450771 0.0352938484 0.9989999
vn -0.568623113 0.81960159 -0.0701497636
vn -0.00392153871 0.968620061 0.248515189
vn -0.00392153847 0.999992311 -0
vn -0.00392153847 0.999992311 -0
vn -0.00392153847 0.999992311 -0
vn 0.999992311 0.00392153847 -0
vn 0.999992311 0.00392153847 -0
vn 0.999992311 0.00392153847 -0
vn 0.999992311 0.00392153847 -0
vn 0.999992311 0.00392153847 -0
vn 0.999992311 0.00392153847 -0
vn 0.999992311 0.00392153847 -0
vn 0.999992311 0.00392153847 -0
vn 0.999992311 0.00392153847 -0
vn 0.999992311 0.00392153847 -0
vn 0.999992311 0.00392153847 -0
vn 0.999992311 0.00392153847 -0
vn -0.00392153871 -0.968620061 -0.248515189
vn -0.00392153847 -0.999992311 -0
vn -0.00392153847 -0.999992311 -0
vn -0.0117638918 -0.999930803 -0
vn -0.027450771 -0.0352938484 -0.9989999
vn -0.568623113 -0.81960159 -0.0701497636
vn -0.027450771 0.0352938484 -0.9989999
vn -0.568623113 0.81960159 -0.0701497636
vn -0.00392153871 0.968620061 -0.248515189
vn -0.00392153847 0.999992311 -0
vn -0.00392153847 0.999992311 -0
vn -0.00392153847 0.999992311 -0
vn 0.999992311 0.00392153847 -0
vn 0.999992311 0.00392153847 -0
vn 0.999992311 0.00392153847 -0
vn 0.999992311 0.00392153847 -0
vn 0.999992311 0.00392153847 -0
vn 0.999992311 0.00392153847 -0
vn 0.999992311 0.00392153847 -0
vn 0.999992311 0.00392153847 -0
vn 0.999992311 0.00392153847 -0
vn 0.999992311 0.00392153847 -0
vn 0.999992311 0.00392153847 -0
vn 0.999992311 0.00392153847 -0
vn -0.00392153847 0.999992311 -0
vn -0.00392153847 0.999992311 -0
vn -0.00392153847 0.999992311 -0
vn -0.00392153847 0.999992311 -0
vn -0.00392153871 0.0745092355 0.997212613
vn -0.00392153871 0.0745092355 0.997212613
vn -0.00392153871 -0.0823523129 0.996595564
vn 0.050914272 0.998703027 -0
vn 0.0352721557 0.999377744 -0
vn 0.0196076935 0.066666158 0.997582659
vn 0.999992311 0.00392153847 -0
vn -0.00392153871 -0.0431369258 0.999061473
vn -0.00392153871 -0.0745092355 0.997212613
vn -0.00392153847 -0.999992311 -0
vn -0.0196040749 -0.999807822 -0
vn -0.00392153847 -0.999992311 -0
vn -0.0196040749 -0.999807822 -0
vn -0.670583119 0.741170816 -0.0313704013
vn -0.00392153871 -0.0352938484 0.999369284
vn -0.0352938484 -0.0588230806 0.99764432
vn 0.00392153871 -0.113724623 0.993504571
vn -0.654896964 0.749013893 0.100439802
vn -0.998274373 -0.058722022 -0
vn -0.0431369258 -0.0745092355 0.996286896
vn 0.00392153871 -0.066666158 0.997767631
vn -0.999070885 -0.0430971754 -0
vn -0.575299505 -0.817942834 -0
vn -0.0509800032 -0.105881545 0.993071064
vn 0.00392153871 -0.0196076935 0.99980006
vn -0.00392153871 0.00392153871 0.999984621
vn -0.57646619 -0.811758513 0.0934604133
vn -0.0352938484 -0.0431369258 0.998445567
vn -0.00392153871 0.00392153871 0.999984621
vn -0.623524655 -0.780386203 0.0470571923
vn -0.623524655 -0.780386203 -0.0470571923
vn -0.0745092355 -0.00392153871 0.997212613
vn -0.00392153871 0.00392153871 0.999984621
vn -0.992149293 -0.0431369258 0.117383924
vn -0.999070885 -0.0430971754 -0
vn -0.027450771 0.0588230806 0.997890926
vn -0.00392153871 0.00392153871 0.999984621
vn -0.380389255 0.921561596 0.0776417341
vn -0.380389255 0.921561596 -0.0776417341
vn -0.0352938484 0.0901953903 0.995298516
vn -0.00392153871 0.00392153871 0.999984621
vn -0.356860022 0.929404674 0.0941162929
vn -0.355832718 0.934549665 -0
vn -0.0431369258 0.0117646161 0.9989999
vn -0.00392153871 0.00392153871 0.999984621
vn -0.976463138 0.199998474 0.0807486828
vn -0.976463138 0.199998474 -0.0807486828
vn -0.027450771 -0.0352938484 0.9989999
vn 0.027450771 -0.168626164 0.985297758
vn -0.6078385 -0.78822928 0.0960570652
vn -0.6078385 -0.78822928 -0.0960570652
vn -0.0117646161 -0.137253855 0.990466038
vn -0.0980384677 -0.992149293 0.0776417341
vn -0.0980384677 -0.992149293 -0.0776417341
vn 0.0274406433 -0.999623435 -0
vn 0.0352721557 -0.999377744 -0
vn 0.999992311 0.00392153847 -0
vn 0.999992311 0.00392153847 -0
vn 0.999992311 0.00392153847 -0
vn 0.999992311 0.00392153847 -0
vn 0.999992311 0.00392153847 -0
vn 0.999992311 0.00392153847 -0
vn 0.999992311 0.00392153847 -0
vn 0.999992311 0.00392153847 -0
vn 0.999992311 0.00392153847 -0
vn 0.999992311 0.00392153847 -0
vn 0.999992311 0.00392153847 -0
vn 0.999992311 0.00392153847 -0
vn 0.999992311 0.00392153847 -0
vn 0.999992311 0.00392153847 -0
vn 0.999992311 0.00392153847 -0
vn 0.999992311 0.00392153847 -0
vn 0.999992311 0.00392153847 -0
vn 0.999992311 0.00392153847 -0
vn 0.999992311 0.00392153847 -0
vn 0.999992311 0.00392153847 -0
vn 0.999992311 0.00392153847 -0
vn 0.999992311 0.00392153847 -0
vn 0.999992311 0.00392153847 -0
vn 0.999992311 0.00392153847 -0
vn 0.999992311 0.00392153847 -0
vn 0.999992311 0.00392153847 -0
vn 0.999992311 0.00392153847 -0
vn 0.999992311 0.00392153847 -0
vn 0.999992311 0.00392153847 -0
vn -0.00392153847 0.999992311 -0
vn -0.00392153847 0.999992311 -0
vn -0.00392153847 0.999992311 -0
vn -0.00392153847 0.999992311 -0
vn -0.00392153871 0.0745092355 -0.997212613
vn 0.050914272 0.998703027 -0
vn 0.0352721557 0.999377744 -0
vn -0.00392153871 0.0745092355 -0.997212613
vn -0.00392153871 -0.0823523129 -0.996595564
vn 0.0196076935 0.066666158 -0.997582659
vn 0.999992311 0.00392153847 -0
vn -0.00392153871 -0.0745092355 -0.997212613
vn -0.00392153847 -0.999992311 -0
vn -0.0196040749 -0.999807822 -0
vn -0.00392153847 -0.999992311 -0
vn -0.0196040749 -0.999807822 -0
vn -0.670583119 0.741170816 -0.0313704013
vn -0.00392153871 -0.0352938484 -0.999369284
vn -0.00392153871 -0.0431369258 -0.999061473
vn -0.0352938484 -0.0588230806 -0.99764432
vn 0.00392153871 -0.113724623 -0.993504571
vn -0.654896964 0.749013893 -0.100439802
vn -0.998274373 -0.058722022 -0
vn -0.0431369258 -0.0745092355 -0.996286896
vn 0.00392153871 -0.066666158 -0.997767631
vn -0.999070885 -0.0430971754 -0
vn -0.575299505 -0.817942834 -0
vn -0.0509800032 -0.105881545 -0.993071064
vn 0.00392153871 -0.0196076935 -0.99980006
vn -0.00392153871 0.00392153871 -0.999984621
vn -0.57646619 -0.811758513 -0.0934604133
vn -0.0352938484 -0.0431369258 -0.998445567
vn -0.00392153871 0.00392153871 -0.999984621
vn -0.623524655 -0.780386203 -0.0470571923
vn -0.623524655 -0.780386203 -0.0470571923
vn -0.0745092355 -0.00392153871 -0.997212613
vn -0.00392153871 0.00392153871 -0.999984621
vn -0.992149293 -0.0431369258 -0.117383924
vn -0.999070885 -0.0430971754 -0
vn -0.027450771 0.0588230806 -0.997890926
vn -0.00392153871 0.00392153871 -0.999984621
vn -0.380389255 0.921561596 -0.0776417341
vn -0.380389255 0.921561596 -0.0776417341
vn -0.0352938484 0.0901953903 -0.995298516
vn -0.00392153871 0.00392153871 -0.999984621
vn -0.356860022 0.929404674 -0.0941162929
vn -0.355832718 0.934549665 -0
vn -0.0431369258 0.0117646161 -0.9989999
vn -0.00392153871 0.00392153871 -0.999984621
vn -0.976463138 0.199998474 -0.0807486828
vn -0.976463138 0.199998474 -0.0807486828
vn -0.027450771 -0.0352938484 -0.9989999
vn 0.027450771 -0.168626164 -0.985297758
vn -0.6078385 -0.78822928 -0.0960570652
vn -0.6078385 -0.78822928 -0.0960570652
vn -0.0117646161 -0.137253855 -0.990466038
vn -0.0980384677 -0.992149293 -0.0776417341
vn -0.0980384677 -0.992149293 -0.0776417341
vn 0.0274406433 -0.999623435 -0
vn 0.0352721557 -0.999377744 -0
vn 0.999992311 0.00392153847 -0
vn 0.999992311 0.00392153847 -0
vn 0.999992311 0.00392153847 -0
vn 0.999992311 0.00392153847 -0
vn 0.999992311 0.00392153847 -0
vn 0.999992311 0.00392153847 -0
vn 0.999992311 0.00392153847 -0
vn 0.999992311 0.00392153847 -0
vn 0.999992311 0.00392153847 -0
vn 0.999992311 0.00392153847 -0
vn 0.999992311 0.00392153847 -0
vn 0.999992311 0.00392153847 -0
vn 0.999992311 0.00392153847 -0
vn 0.999992311 0.00392153847 -0
vn 0.999992311 0.00392153847 -0
vn 0.999992311 0.00392153847 -0
vn 0.999992311 0.00392153847 -0
vn 0.999992311 0.00392153847 -0
vn 0.999992311 0.00392153847 -0
vn 0.999992311 0.00392153847 -0
vn 0.999992311 0.00392153847 -0
vn 0.999992311 0.00392153847 -0
vn 0.999992311 0.00392153847 -0
vn 0.999992311 0.00392153847 -0
vn 0.999992311 0.00392153847 -0
vn 0.999992311 0.00392153847 -0
vn 0.999992311 0.00392153847 -0
vn 0.999992311 0.00392153847 -0
vn 0.999992311 0.00392153847 -0
vn -0.811608702 -0.584201433 -0
vn -0.811608702 -0.584201433 -0
vn -0.811608702 -0.584201433 -0
vn -0.811608702 -0.584201433 -0
vn -0.95836291 -0.28555303 -0
vn -0.95836291 -0.28555303 -0
vn -0.95836291 -0.28555303 -0
vn -0.95836291 -0.28555303 -0
vn -0.999992311 0.00392153847 -0
vn -0.999992311 0.00392153847 -0
vn -0.999992311 0.00392153847 -0
vn -0.999992311 0.00392153847 -0
vn -0.999992311 0.00392153847 -0
vn -0.999992311 0.00392153847 -0
vn -0.999992311 0.00392153847 -0
vn -0.999992311 0.00392153847 -0
vn -0.999992311 0.00392153847 -0
vn -0.999992311 0.00392153847 -0
vn -0.999992311 0.00392153847 -0
vn -0.888877921 -0.458144127 -0
vn -0.888877921 -0.458144127 -0
vn -0.888877921 -0.458144127 -0
vn -0.888877921 -0.458144127 -0
vn -0.999992311 0.00392153847 -0
vn -0.999992311 0.00392153847 -0
vn -0.999992311 0.00392153847 -0
vn -0.999992311 0.00392153847 -0
vn -0.974785564 -0.223143683 -0
vn -0.974785564 -0.223143683 -0
vn -0.974785564 -0.223143683 -0
vn -0.974785564 -0.223143683 -0
vn 0.709798506 -0.701955429 -0.0586911971
vn 0.709798506 -0.701955429 -0.0586911971
vn 0.709798506 -0.701955429 -0.0586911971
vn 0.709798506 -0.701955429 -0.0586911971
vn -0.00392153871 -0.709798506 0.704393854
vn -0.00392153871 -0.709798506 0.704393854
vn -0.00392153871 -0.709798506 0.704393854
vn -0.00392153871 -0.709798506 0.704393854
vn 0.701955429 0.00392153871 0.71221008
vn 0.701955429 0.00392153871 0.71221008
vn 0.701955429 0.00392153871 0.71221008
vn 0.701955429 0.00392153871 0.71221008
vn 0.733327738 0.678426197 -0.0443657964
vn 0.733327738 0.678426197 -0.0443657964
vn 0.733327738 0.678426197 -0.0443657964
vn 0.733327738 0.678426197 -0.0443657964
vn 0.0509800032 0.701955429 0.710393986
vn 0.0509800032 0.701955429 0.710393986
vn 0.0509800032 0.701955429 0.710393986
vn 0.0509800032 0.701955429 0.710393986
vn 0.654896964 -0.262743093 0.708573238
vn 0.654896964 -0.262743093 0.708573238
vn 0.654896964 -0.262743093 0.708573238
vn 0.654896964 -0.262743093 0.708573238
vn 0.403918487 -0.584309268 0.703869687
vn 0.403918487 -0.584309268 0.703869687
vn 0.403918487 -0.584309268 0.703869687
vn 0.403918487 -0.584309268 0.703869687
vn 0.184312319 -0.725484661 0.663099522
vn 0.184312319 -0.725484661 0.663099522
vn 0.184312319 -0.725484661 0.663099522
vn 0.184312319 -0.725484661 0.663099522
vn 0.599995422 0.372546177 0.707965281
vn 0.599995422 0.372546177 0.707965281
vn 0.599995422 0.372546177 0.707965281
vn 0.599995422 0.372546177 0.707965281
vn 0.701955429 0.0823523129 0.707443759
vn 0.701955429 0.0823523129 0.707443759
vn 0.701955429 0.0823523129 0.707443759
vn 0.701955429 0.0823523129 0.707443759
vn -0.00392153871 0.00392153871 0.999984621
vn -0.00392153871 0.00392153871 0.999984621
vn -0.00392153871 0.00392153871 0.999984621
vn -0.00392153871 0.00392153871 0.999984621
vn -0.00392153871 0.00392153871 0.999984621
vn -0.00392153871 0.00392153871 0.999984621
vn -0.00392153871 0.00392153871 0.999984621
vn -0.00392153871 0.00392153871 0.999984621
vn -0.00392153871 0.00392153871 0.999984621
vn -0.00392153871 0.00392153871 0.999984621
vn -0.00392153871 0.00392153871 0.999984621
vn -0.00392153871 0.00392153871 0.999984621
vn -0.00392153871 0.00392153871 0.999984621
vn -0.00392153871 0.00392153871 0.999984621
vn -0.00392153871 0.00392153871 0.999984621
vn -0.00392153871 0.00392153871 0.999984621
vn -0.00392153871 0.00392153871 0.999984621
vn -0.00392153871 0.00392153871 0.999984621
vn -0.00392153871 0.00392153871 0.999984621
vn -0.00392153871 0.00392153871 0.999984621
vn -0.00392153871 0.00392153871 0.999984621
vn -0.00392153871 0.00392153871 0.999984621
vn -0.00392153871 0.00392153871 0.999984621
vn -0.00392153871 0.00392153871 0.999984621
vn -0.00392153871 0.00392153871 0.999984621
vn -0.00392153871 0.00392153871 0.999984621
vn -0.00392153871 0.00392153871 0.999984621
vn -0.00392153871 0.00392153871 0.999984621
vn -0.00392153871 0.00392153871 0.999984621
vn 0.929404674 -0.3647031 -0.056556177
vn 0.929404674 -0.3647031 -0.056556177
vn 0.929404674 -0.3647031 -0.056556177
vn 0.929404674 -0.3647031 -0.056556177
vn 0.0665190105 0.997785158 -0
vn 0.0665190105 0.997785158 -0
vn 0.0665190105 0.997785158 -0
vn 0.0665190105 0.997785158 -0
vn -0.00392153847 -0.999992311 -0
vn -0.00392153847 -0.999992311 -0
vn -0.00392153847 -0.999992311 -0
vn -0.00392153847 -0.999992311 -0
vn 0.999930803 0.0117638918 -0
vn 0.999930803 0.0117638918 -0
vn 0.999930803 0.0117638918 -0
vn 0.999930803 0.0117638918 -0
vn 0.8509739 0.521564648 -0.0617554839
vn 0.8509739 0.521564648 -0.0617554839
vn 0.8509739 0.521564648 -0.0617554839
vn 0.8509739 0.521564648 -0.0617554839
vn 0.247056939 -0.968620061 -0.0271670136
vn 0.247056939 -0.968620061 -0.0271670136
vn 0.247056939 -0.968620061 -0.0271670136
vn 0.247056939 -0.968620061 -0.0271670136
vn 0.566363042 -0.824155874 -0
vn 0.566363042 -0.824155874 -0
vn 0.566363042 -0.824155874 -0
vn 0.566363042 -0.824155874 -0
vn 0.992149293 0.113724623 -0.0520239392
vn 0.992149293 0.113724623 -0.0520239392
vn 0.992149293 0.113724623 -0.0520239392
vn 0.992149293 0.113724623 -0.0520239392
vn -0.811608702 -0.584201433 -0
vn -0.811608702 -0.584201433 -0
vn -0.811608702 -0.584201433 -0
vn -0.811608702 -0.584201433 -0
vn -0.95836291 -0.28555303 -0
vn -0.95836291 -0.28555303 -0
vn -0.95836291 -0.28555303 -0
vn -0.95836291 -0.28555303 -0
vn -0.999992311 0.00392153847 -0
vn -0.999992311 0.00392153847 -0
vn -0.999992311 0.00392153847 -0
vn -0.999992311 0.00392153847 -0
vn -0.999992311 0.00392153847 -0
vn -0.999992311 0.00392153847 -0
vn -0.999992311 0.00392153847 -0
vn -0.999992311 0.00392153847 -0
vn -0.999992311 0.00392153847 -0
vn -0.999992311 0.00392153847 -0
vn -0.999992311 0.00392153847 -0
vn -0.888877921 -0.458144127 -0
vn -0.888877921 -0.458144127 -0
vn -0.888877921 -0.458144127 -0
vn -0.888877921 -0.458144127 -0
vn -0.999992311 0.00392153847 -0
vn -0.999992311 0.00392153847 -0
vn -0.999992311 0.00392153847 -0
vn -0.999992311 0.00392153847 -0
vn -0.974785564 -0.223143683 -0
vn -0.974785564 -0.223143683 -0
vn -0.974785564 -0.223143683 -0
vn -0.974785564 -0.223143683 -0
vn 0.709798506 -0.701955429 -0.0586911971
vn 0.709798506 -0.701955429 -0.0586911971
vn 0.709798506 -0.701955429 -0.0586911971
vn 0.709798506 -0.701955429 -0.0586911971
vn -0.00392153871 -0.709798506 -0.704393854
vn -0.00392153871 -0.709798506 -0.704393854
vn -0.00392153871 -0.709798506 -0.704393854
vn -0.00392153871 -0.709798506 -0.704393854
vn 0.701955429 0.00392153871 -0.71221008
vn 0.701955429 0.00392153871 -0.71221008
vn 0.701955429 0.00392153871 -0.71221008
vn 0.701955429 0.00392153871 -0.71221008
vn 0.733327738 0.678426197 -0.0443657964
vn 0.733327738 0.678426197 -0.0443657964
vn 0.733327738 0.678426197 -0.0443657964
vn 0.733327738 0.678426197 -0.0443657964
vn 0.0509800032 0.701955429 -0.710393986
vn 0.0509800032 0.701955429 -0.710393986
vn 0.0509800032 0.701955429 -0.710393986
vn 0.0509800032 0.701955429 -0.710393986
vn 0.654896964 -0.262743093 -0.708573238
vn 0.654896964 -0.262743093 -0.708573238
vn 0.654896964 -0.262743093 -0.708573238
vn 0.654896964 -0.262743093 -0.708573238
vn 0.403918487 -0.584309268 -0.703869687
vn 0.403918487 -0.584309268 -0.703869687
vn 0.403918487 -0.584309268 -0.703869687
vn 0.403918487 -0.584309268 -0.703869687
vn 0.184312319 -0.725484661 -0.663099522
vn 0.184312319 -0.725484661 -0.663099522
vn 0.184312319 -0.725484661 -0.663099522
vn 0.184312319 -0.725484661 -0.663099522
vn 0.599995422 0.372546177 -0.707965281
vn 0.599995422 0.372546177 -0.707965281
vn 0.599995422 0.372546177 -0.707965281
vn 0.599995422 0.372546177 -0.707965281
vn 0.701955429 0.0823523129 -0.707443759
vn 0.701955429 0.0823523129 -0.707443759
vn 0.701955429 0.0823523129 -0.707443759
vn 0.701955429 0.0823523129 -0.707443759
vn -0.00392153871 0.00392153871 -0.999984621
vn -0.00392153871 0.00392153871 -0.999984621
vn -0.00392153871 0.00392153871 -0.999984621
vn -0.00392153871 0.00392153871 -0.999984621
vn -0.00392153871 0.00392153871 -0.999984621
vn -0.00392153871 0.00392153871 -0.999984621
vn -0.00392153871 0.00392153871 -0.999984621
vn -0.00392153871 0.00392153871 -0.999984621
vn -0.00392153871 0.00392153871 -0.999984621
vn -0.00392153871 0.00392153871 -0.999984621
vn -0.00392153871 0.00392153871 -0.999984621
vn -0.00392153871 0.00392153871 -0.999984621
vn -0.00392153871 0.00392153871 -0.999984621
vn -0.00392153871 0.00392153871 -0.999984621
vn -0.00392153871 0.00392153871 -0.999984621
vn -0.00392153871 0.00392153871 -0.999984621
vn -0.00392153871 0.00392153871 -0.999984621
vn -0.00392153871 0.00392153871 -0.999984621
vn -0.00392153871 0.00392153871 -0.999984621
vn -0.00392153871 0.00392153871 -0.999984621
vn -0.00392153871 0.00392153871 -0.999984621
vn -0.00392153871 0.00392153871 -0.999984621
vn -0.00392153871 0.00392153871 -0.999984621
vn -0.00392153871 0.00392153871 -0.999984621
vn -0.00392153871 0.00392153871 -0.999984621
vn -0.00392153871 0.00392153871 -0.999984621
vn -0.00392153871 0.00392153871 -0.999984621
vn -0.00392153871 0.00392153871 -0.999984621
vn -0.00392153871 0.00392153871 -0.999984621
vn 0.929404674 -0.3647031 -0.056556177
vn 0.929404674 -0.3647031 -0.056556177
vn 0.929404674 -0.3647031 -0.056556177
vn 0.929404674 -0.3647031 -0.056556177
vn 0.0665190105 0.997785158 -0
vn 0.0665190105 0.997785158 -0
vn 0.0665190105 0.997785158 -0
vn 0.0665190105 0.997785158 -0
vn -0.00392153847 -0.999992311 -0
vn -0.00392153847 -0.999992311 -0
vn -0.00392153847 -0.999992311 -0
vn -0.00392153847 -0.999992311 -0
vn 0.999930803 0.0117638918 -0
vn 0.999930803 0.0117638918 -0
vn 0.999930803 0.0117638918 -0
vn 0.999930803 0.0117638918 -0
vn 0.8509739 0.521564648 -0.0617554839
vn 0.8509739 0.521564648 -0.0617554839
vn 0.8509739 0.521564648 -0.0617554839
vn 0.8509739 0.521564648 -0.0617554839
vn 0.247056939 -0.968620061 -0.0271670136
vn 0.247056939 -0.968620061 -0.0271670136
vn 0.247056939 -0.968620061 -0.0271670136
vn 0.247056939 -0.968620061 -0.0271670136
vn 0.566363042 -0.824155874 -0
vn 0.566363042 -0.824155874 -0
vn 0.566363042 -0.824155874 -0
vn 0.566363042 -0.824155874 -0
vn 0.992149293 0.113724623 -0.0520239392
vn 0.992149293 0.113724623 -0.0520239392
vn 0.992149293 0.113724623 -0.0520239392
vn 0.992149293 0.113724623 -0.0520239392
vn 0.631367732 0.772543126 -0.0674678157
vn 0.631367732 0.772543126 -0.0674678157
vn -0.984306157 -0.176469231 -0
vn 0.615567953 0.788083812 -0
vn 0.6078385 0.78822928 -0.0960570652
vn 0.394862771 0.918740111 -0
vn 0.39607541 0.913718519 -0.0907895256
vn 0.058722022 0.998274373 -0
vn 0.0588230806 0.992149293 -0.110361339
vn -0.00392153847 0.999992311 -0
vn -0.00392153847 0.999992311 -0
vn 0.0196040749 0.999807822 -0
vn -0.984306157 -0.176469231 -0
vn -0.129410777 0.105881545 -0.985921878
vn 0.0431369258 0.0588230806 -0.997335977
vn 0.0196076935 0.0431369258 -0.998876741
vn -0.913718519 -0.403918487 -0.0443657964
vn -0.913718519 -0.403918487 -0.0443657964
vn -0.113724623 -0.0509800032 -0.992203482
vn -0.0509800032 -0.105881545 -0.993071064
vn -0.443133874 -0.890189287 -0.105808333
vn -0.442508221 -0.896764448 -0
vn 0.00392153871 0.066666158 -0.997767631
vn -0.00392153871 -0.0823523129 -0.996595564
vn -0.00392153847 -0.999992311 -0
vn -0.00392153847 -0.999992311 -0
vn -0.00392153871 -0.1215677 -0.992575396
vn -0.00392153847 -0.999992311 -0
vn -0.00392153847 -0.999992311 -0
vn 0.0196040749 -0.999807822 -0
vn 0.0196040749 -0.999807822 -0
vn 0.97646308 -0.215684616 -0
vn 0.0117646161 -0.160783087 -0.986919649
vn -0.00392153871 0.00392153871 -0.999984621
vn 0.976463138 -0.207841552 -0.0576335743
vn 0.976463138 -0.199998474 -0.0807486828
vn 0.976463138 -0.199998474 -0.0807486828
vn 0.0196076935 -0.00392153871 -0.99980006
vn 0.772543126 -0.631367732 -0.0674678157
vn 0.772543126 -0.631367732 -0.0674678157
vn 0.027450771 -0.0196076935 -0.999430835
vn -0.00392153871 0.184312319 -0.982859904
vn 0.0117646161 -0.0196076935 -0.999738532
vn 0.575299505 -0.817942834 -0
vn 0.575299505 -0.817942834 -0
vn 0.0196040749 0.999807822 -0
vn 0.0196076935 0.356860022 -0.933952067
vn 0.654896964 -0.749013893 -0.100439802
vn 0.654333659 -0.756205966 -0
vn -0.631367732 0.772543126 -0.0674678157
vn 0.984306157 -0.176469231 -0
vn -0.631367732 0.772543126 -0.0674678157
vn -0.615567953 0.788083812 -0
vn -0.6078385 0.78822928 -0.0960570652
vn -0.394862771 0.918740111 -0
vn -0.39607541 0.913718519 -0.0907895256
vn -0.058722022 0.998274373 -0
vn -0.0588230806 0.992149293 -0.110361339
vn -0.00392153847 0.999992311 -0
vn -0.00392153847 0.999992311 -0
vn -0.0196040749 0.999807822 -0
vn 0.984306157 -0.176469231 -0
vn 0.129410777 0.105881545 -0.985921878
vn -0.0431369258 0.0588230806 -0.997335977
vn -0.0196076935 0.0431369258 -0.998876741
vn 0.913718519 -0.403918487 -0.0443657964
vn 0.913718519 -0.403918487 -0.0443657964
vn 0.113724623 -0.0509800032 -0.992203482
vn 0.0509800032 -0.105881545 -0.993071064
vn 0.443133874 -0.890189287 -0.105808333
vn 0.442508221 -0.896764448 -0
vn -0.00392153871 0.066666158 -0.997767631
vn -0.00392153871 -0.0823523129 -0.996595564
vn -0.00392153847 -0.999992311 -0
vn -0.00392153847 -0.999992311 -0
vn -0.00392153871 -0.1215677 -0.992575396
vn -0.00392153847 -0.999992311 -0
vn -0.00392153847 -0.999992311 -0
vn -0.0196040749 -0.999807822 -0
vn -0.0196040749 -0.999807822 -0
vn -0.97646308 -0.215684616 -0
vn -0.0117646161 -0.160783087 -0.986919649
vn -0.00392153871 0.00392153871 -0.999984621
vn -0.976463138 -0.207841552 -0.0576335743
vn -0.976463138 -0.199998474 -0.0807486828
vn -0.976463138 -0.199998474 -0.0807486828
vn -0.0196076935 -0.00392153871 -0.99980006
vn -0.772543126 -0.631367732 -0.0674678157
vn -0.772543126 -0.631367732 -0.0674678157
vn -0.027450771 -0.0196076935 -0.999430835
vn -0.00392153871 0.184312319 -0.982859904
vn -0.0117646161 -0.0196076935 -0.999738532
vn -0.575299505 -0.817942834 -0
vn -0.575299505 -0.817942834 -0
vn -0.0196040749 0.999807822 -0
vn -0.0196076935 0.356860022 -0.933952067
vn -0.654896964 -0.749013893 -0.100439802
vn -0.654333659 -0.756205966 -0
vn 0.631367732 0.772543126 0.0674678157
vn -0.984306157 -0.176469231 -0
vn 0.631367732 0.772543126 -0.0674678157
vn 0.615567953 0.788083812 -0
vn 0.6078385 0.78822928 0.0960570652
vn 0.394862771 0.918740111 -0
vn 0.39607541 0.913718519 0.0907895256
vn 0.058722022 0.998274373 -0
vn 0.0588230806 0.992149293 0.110361339
vn -0.00392153847 0.999992311 -0
vn -0.00392153847 0.999992311 -0
vn 0.0196040749 0.999807822 -0
vn -0.984306157 -0.176469231 -0
vn -0.129410777 0.105881545 0.985921878
vn 0.0431369258 0.0588230806 0.997335977
vn 0.0196076935 0.0431369258 0.998876741
vn -0.913718519 -0.403918487 0.0443657964
vn -0.913718519 -0.403918487 -0.0443657964
vn -0.113724623 -0.0509800032 0.992203482
vn -0.0509800032 -0.105881545 0.993071064
vn -0.443133874 -0.890189287 0.105808333
vn -0.442508221 -0.896764448 -0
vn 0.00392153871 0.066666158 0.997767631
vn -0.00392153871 -0.0823523129 0.996595564
vn -0.00392153847 -0.999992311 -0
vn -0.00392153847 -0.999992311 -0
vn -0.00392153871 -0.1215677 0.992575396
vn -0.00392153847 -0.999992311 -0
vn -0.00392153847 -0.999992311 -0
vn 0.0196040749 -0.999807822 -0
vn 0.0196040749 -0.999807822 -0
vn 0.97646308 -0.215684616 -0
vn 0.0117646161 -0.160783087 0.986919649
vn -0.00392153871 0.00392153871 0.999984621
vn 0.976463138 -0.207841552 0.0576335743
vn 0.976463138 -0.199998474 0.0807486828
vn 0.976463138 -0.199998474 -0.0807486828
vn 0.0196076935 -0.00392153871 0.99980006
vn 0.772543126 -0.631367732 0.0674678157
vn 0.772543126 -0.631367732 -0.0674678157
vn 0.027450771 -0.0196076935 0.999430835
vn -0.00392153871 0.184312319 0.982859904
vn 0.0117646161 -0.0196076935 0.999738532
vn 0.575299505 -0.817942834 -0
vn 0.575299505 -0.817942834 -0
vn 0.0196040749 0.999807822 -0
vn 0.0196076935 0.356860022 0.933952067
vn 0.654896964 -0.749013893 0.100439802
vn 0.654333659 -0.756205966 -0
vn -0.631367732 0.772543126 0.0674678157
vn -0.631367732 0.772543126 -0.0674678157
vn 0.984306157 -0.176469231 -0
vn -0.615567953 0.788083812 -0
vn -0.6078385 0.78822928 0.0960570652
vn -0.394862771 0.918740111 -0
vn -0.39607541 0.913718519 0.0907895256
vn -0.058722022 0.998274373 -0
vn -0.0588230806 0.992149293 0.110361339
vn -0.00392153847 0.999992311 -0
vn -0.00392153847 0.999992311 -0
vn -0.0196040749 0.999807822 -0
vn 0.984306157 -0.176469231 -0
vn 0.129410777 0.105881545 0.985921878
vn -0.0431369258 0.0588230806 0.997335977
vn -0.0196076935 0.0431369258 0.998876741
vn 0.913718519 -0.403918487 0.0443657964
vn 0.913718519 -0.403918487 -0.0443657964
vn 0.113724623 -0.0509800032 0.992203482
vn 0.0509800032 -0.105881545 0.993071064
vn 0.443133874 -0.890189287 0.105808333
vn 0.442508221 -0.896764448 -0
vn -0.00392153871 0.066666158 0.997767631
vn -0.00392153871 -0.0823523129 0.996595564
vn -0.00392153847 -0.999992311 -0
vn -0.00392153847 -0.999992311 -0
vn -0.00392153871 -0.1215677 0.992575396
vn -0.00392153847 -0.999992311 -0
vn -0.00392153847 -0.999992311 -0
vn -0.0196040749 -0.999807822 -0
vn -0.0196040749 -0.999807822 -0
vn -0.97646308 -0.215684616 -0
vn -0.0117646161 -0.160783087 0.986919649
vn -0.00392153871 0.00392153871 0.999984621
vn -0.976463138 -0.207841552 0.0576335743
vn -0.976463138 -0.199998474 0.0807486828
vn -0.976463138 -0.199998474 -0.0807486828
vn -0.0196076935 -0.00392153871 0.99980006
vn -0.772543126 -0.631367732 0.0674678157
vn -0.772543126 -0.631367732 -0.0674678157
vn -0.027450771 -0.0196076935 0.999430835
vn -0.00392153871 0.184312319 0.982859904
vn -0.0117646161 -0.0196076935 0.999738532
vn -0.575299505 -0.817942834 -0
vn -0.575299505 -0.817942834 -0
vn -0.0196040749 0.999807822 -0
vn -0.0196076935 0.356860022 0.933952067
vn -0.654896964 -0.749013893 0.100439802
vn -0.654333659 -0.756205966 -0
vn -0.880722355 0.473632911 -0
vn -0.968620061 0.239213861 -0.0674678157
vn -0.129410777 -0.1215677 -0.98411084
vn -0.450976951 -0.498035416 -0.740662213
vn -0.529407726 -0.843130822 -0.0941162929
vn -0.458144127 -0.888877921 -0
vn -0.066666158 0.0352938484 -0.997150925
vn -0.00392153871 0.00392153871 -0.999984621
vn -0.0509800032 -0.105881545 -0.993071064
vn -0.528239201 0.849095605 -0
vn -0.0431369258 0.066666158 -0.996842429
vn -0.00392153847 0.999992311 -0
vn -0.00392153871 0.0745092355 -0.997212613
vn 0.528239201 0.849095605 -0
vn 0.0431369258 0.066666158 -0.996842429
vn 0.898032364 0.435290797 -0.0637165226
vn 0.0745092355 0.0352938484 -0.996595564
vn 0.997785158 0.0665190105 -0
vn 0.0745092355 0.00392153871 -0.997212613
vn 0.301958481 0.945090829 -0.124997606
vn 0.00392153871 0.00392153871 -0.999984621
vn -0.00392153847 0.999992311 -0
vn -0.0117646161 -0.0823523129 -0.996533838
vn -0.15294001 -0.984306216 -0.0880376456
vn -0.00392153871 0.0745092355 -0.997212613
vn -0.33333079 0.937247751 -0.102260633
vn -0.0117646161 0.027450771 -0.999553925
vn -0.513342747 0.858183677 -0
vn -0.00392153871 -0.0823523129 -0.996595564
vn -0.00392153847 -0.999992311 -0
vn -0.00392153871 0.00392153871 -0.999984621
vn 0.0196076935 -0.137253855 -0.990341819
vn 0.14470579 -0.989474726 -0
vn -0.0509800032 0.0823523129 -0.995298516
vn -0.00392153847 0.999992311 -0
vn 0.0980384677 -0.066666158 -0.99294717
vn 0.835287745 -0.54509388 -0.071882159
vn -0.00392153871 0.0980384677 -0.995174899
vn 0.528239201 0.849095605 -0
vn 0.105881545 0.00392153871 -0.994371017
vn 0.999992311 0.00392153847 -0
vn 0.0509800032 0.0823523129 -0.995298516
vn 0.882346209 0.466663106 -0.060751231
vn 0.0901953903 0.0509800032 -0.994618435
vn -0.129410777 -0.1215677 0.98411084
vn -0.968620061 0.239213861 0.0674678157
vn -0.880722355 0.473632911 -0
vn -0.450976951 -0.498035416 0.740662213
vn -0.529407726 -0.843130822 0.0941162929
vn -0.458144127 -0.888877921 -0
vn -0.066666158 0.0352938484 0.997150925
vn -0.528239201 0.849095605 -0
vn -0.00392153871 0.00392153871 0.999984621
vn -0.0509800032 -0.105881545 0.993071064
vn -0.0431369258 0.066666158 0.996842429
vn -0.00392153847 0.999992311 -0
vn -0.00392153871 0.0745092355 0.997212613
vn 0.528239201 0.849095605 -0
vn 0.0431369258 0.066666158 0.996842429
vn 0.898032364 0.435290797 0.0637165226
vn 0.0745092355 0.0352938484 0.996595564
vn 0.997785158 0.0665190105 -0
vn 0.0745092355 0.00392153871 0.997212613
vn 0.301958481 0.945090829 0.124997606
vn 0.00392153871 0.00392153871 0.999984621
vn -0.00392153847 0.999992311 -0
vn -0.0117646161 -0.0823523129 0.996533838
vn -0.15294001 -0.984306216 0.0880376456
vn -0.00392153871 0.0745092355 0.997212613
vn -0.33333079 0.937247751 0.102260633
vn -0.0117646161 0.027450771 0.999553925
vn -0.513342747 0.858183677 -0
vn -0.00392153871 -0.0823523129 0.996595564
vn -0.00392153847 -0.999992311 -0
vn -0.00392153871 0.00392153871 0.999984621
vn 0.0196076935 -0.137253855 0.990341819
vn 0.14470579 -0.989474726 -0
vn -0.0509800032 0.0823523129 0.995298516
vn -0.00392153847 0.999992311 -0
vn 0.0980384677 -0.066666158 0.99294717
vn 0.835287745 -0.54509388 0.071882159
vn -0.00392153871 0.0980384677 0.995174899
vn 0.528239201 0.849095605 -0
vn 0.105881545 0.00392153871 0.994371017
vn 0.999992311 0.00392153847 -0
vn 0.0509800032 0.0823523129 0.995298516
vn 0.882346209 0.466663106 0.060751231
vn 0.0901953903 0.0509800032 0.994618435
vn 0.129410777 -0.1215677 -0.98411084
vn 0.450976951 -0.498035416 -0.740662213
vn 0.968620061 0.239213861 -0.0674678157
vn 0.529407726 -0.843130822 -0.0941162929
vn 0.880722355 0.473632911 -0
vn 0.458144127 -0.888877921 -0
vn 0.066666158 0.0352938484 -0.997150925
vn 0.528239201 0.849095605 -0
vn -0.00392153871 0.00392153871 -0.999984621
vn 0.0509800032 -0.105881545 -0.993071064
vn 0.0431369258 0.066666158 -0.996842429
vn -0.00392153847 0.999992311 -0
vn -0.00392153871 0.0745092355 -0.997212613
vn -0.528239201 0.849095605 -0
vn -0.0431369258 0.066666158 -0.996842429
vn -0.898032364 0.435290797 -0.0637165226
vn -0.0745092355 0.0352938484 -0.996595564
vn -0.997785158 0.0665190105 -0
vn -0.0745092355 0.00392153871 -0.997212613
vn -0.301958481 0.945090829 -0.124997606
vn -0.00392153871 0.00392153871 -0.999984621
vn -0.00392153847 0.999992311 -0
vn 0.0117646161 -0.0823523129 -0.996533838
vn 0.15294001 -0.984306216 -0.0880376456
vn -0.00392153871 0.0745092355 -0.997212613
vn 0.33333079 0.937247751 -0.102260633
vn 0.0117646161 0.027450771 -0.999553925
vn 0.513342747 0.858183677 -0
vn -0.00392153871 -0.0823523129 -0.996595564
vn -0.00392153847 -0.999992311 -0
vn -0.00392153871 0.00392153871 -0.999984621
vn -0.0196076935 -0.137253855 -0.990341819
vn -0.14470579 -0.989474726 -0
vn 0.0509800032 0.0823523129 -0.995298516
vn -0.00392153847 0.999992311 -0
vn -0.0980384677 -0.066666158 -0.99294717
vn -0.835287745 -0.54509388 -0.071882159
vn -0.00392153871 0.0980384677 -0.995174899
vn -0.528239201 0.849095605 -0
vn -0.105881545 0.00392153871 -0.994371017
vn -0.999992311 0.00392153847 -0
vn -0.0509800032 0.0823523129 -0.995298516
vn -0.882346209 0.466663106 -0.060751231
vn -0.0901953903 0.0509800032 -0.994618435
vn 0.968620061 0.239213861 0.0674678157
vn 0.450976951 -0.498035416 0.740662213
vn 0.129410777 -0.1215677 0.98411084
vn 0.529407726 -0.843130822 0.0941162929
vn 0.880722355 0.473632911 -0
vn 0.458144127 -0.888877921 -0
vn 0.066666158 0.0352938484 0.997150925
vn -0.00392153871 0.00392153871 0.999984621
vn 0.0509800032 -0.105881545 0.993071064
vn 0.528239201 0.849095605 -0
vn 0.0431369258 0.066666158 0.996842429
vn -0.00392153847 0.999992311 -0
vn -0.00392153871 0.0745092355 0.997212613
vn -0.528239201 0.849095605 -0
vn -0.0431369258 0.066666158 0.996842429
vn -0.898032364 0.435290797 0.0637165226
vn -0.0745092355 0.0352938484 0.996595564
vn -0.997785158 0.0665190105 -0
vn -0.0745092355 0.00392153871 0.997212613
vn -0.301958481 0.945090829 0.124997606
vn -0.00392153871 0.00392153871 0.999984621
vn -0.00392153847 0.999992311 -0
vn 0.0117646161 -0.0823523129 0.996533838
vn 0.15294001 -0.984306216 0.0880376456
vn -0.00392153871 0.0745092355 0.997212613
vn 0.33333079 0.937247751 0.102260633
vn 0.0117646161 0.027450771 0.999553925
vn 0.513342747 0.858183677 -0
vn -0.00392153871 -0.0823523129 0.996595564
vn -0.00392153847 -0.999992311 -0
vn -0.00392153871 0.00392153871 0.999984621
vn -0.0196076935 -0.137253855 0.990341819
vn -0.14470579 -0.989474726 -0
vn 0.0509800032 0.0823523129 0.995298516
vn -0.00392153847 0.999992311 -0
vn -0.0980384677 -0.066666158 0.99294717
vn -0.835287745 -0.54509388 0.071882159
vn -0.00392153871 0.0980384677 0.995174899
vn -0.528239201 0.849095605 -0
vn -0.105881545 0.00392153871 0.994371017
vn -0.999992311 0.00392153847 -0
vn -0.0509800032 0.0823523129 0.995298516
vn -0.882346209 0.466663106 0.060751231
vn -0.0901953903 0.0509800032 0.994618435
vn 0.952933906 -0.294115403 -0.0735737741
vn 0.999992311 0.00392153847 -0
vn 0.999992311 0.00392153847 -0
vn 0.952933906 -0.301958481 -0.0271670136
vn 0.733327738 -0.678426197 -0.0443657964
vn 0.952933906 0.301958481 -0.0271670136
vn 0.952933906 0.294115403 -0.0735737741
vn 0.725484661 -0.686269274 -0.0520239392
vn -0.00392153847 -0.999992311 -0
vn 0.725484661 0.686269274 -0.0520239392
vn 0.733327738 0.678426197 -0.0443657964
vn -0.00392153847 -0.999992311 -0
vn -0.733327738 -0.678426197 -0.0443657964
vn -0.00392153847 0.999992311 -0
vn -0.00392153847 0.999992311 -0
vn -0.725484661 -0.686269274 -0.0520239392
vn -0.952933906 -0.294115403 -0.0735737741
vn -0.725484661 0.686269274 -0.0520239392
vn -0.733327738 0.678426197 -0.0443657964
vn -0.952933906 -0.301958481 -0.0271670136
vn -0.999992311 0.00392153847 -0
vn -0.952933906 0.301958481 -0.0271670136
vn -0.952933906 0.294115403 -0.0735737741
vn -0.999992311 0.00392153847 -0
vn 0.184312319 0.199998474 -0.962304307
vn -0.00392153871 0.239213861 -0.970958985
vn -0.184312319 0.199998474 -0.962304307
vn -0.325487713 0.113724623 -0.938682299
vn -0.00392153871 0.00392153871 -0.999984621
vn 0.325487713 0.113724623 -0.938682299
vn -0.380389255 0.00392153871 -0.924818164
vn -0.325487713 -0.113724623 -0.938682299
vn 0.380389255 0.00392153871 -0.924818164
vn -0.184312319 -0.199998474 -0.962304307
vn 0.325487713 -0.113724623 -0.938682299
vn -0.00392153871 -0.239213861 -0.970958985
vn 0.184312319 -0.199998474 -0.962304307
vn 0.999807822 -0.0196040749 -0
vn 0.694112351 0.717641584 -0.056556177
vn 0.686269274 0.717641584 -0.118427366
vn 0.992149293 -0.0196076935 -0.123512422
vn 0.694112351 -0.717641584 -0.056556177
vn 0.00392153871 0.992149293 -0.124997606
vn 0.00392153847 0.999992311 -0
vn 0.686269274 -0.717641584 -0.118427366
vn 0.00392153847 -0.999992311 -0
vn -0.00392153871 0.992149293 -0.124997606
vn -0.00392153847 0.999992311 -0
vn 0.00392153871 -0.992149293 -0.124997606
vn -0.00392153847 -0.999992311 -0
vn -0.686269274 0.717641584 -0.118427366
vn -0.694112351 0.717641584 -0.056556177
vn -0.00392153871 -0.992149293 -0.124997606
vn -0.694112351 -0.717641584 -0.056556177
vn -0.992149293 -0.0196076935 -0.123512422
vn -0.999807822 -0.0196040749 -0
vn -0.686269274 -0.717641584 -0.118427366
vn 0.00392153871 0.435290797 -0.900281369
vn -0.00392153871 0.435290797 -0.900281369
vn -0.0352938484 0.0352938484 -0.998753567
vn -0.0431369258 -0.00392153871 -0.999061473
vn -0.0352938484 -0.0352938484 -0.998753567
vn -0.00392153871 -0.435290797 -0.900281369
vn 0.0352938484 0.0352938484 -0.998753567
vn 0.00392153871 -0.435290797 -0.900281369
vn 0.0431369258 -0.00392153871 -0.999061473
vn 0.0352938484 -0.0352938484 -0.998753567
vn 0.0117646161 0.0196076935 -0.999738532
vn 0.00392153871 0.066666158 -0.997767631
vn -0.00392153871 0.066666158 -0.997767631
vn -0.0117646161 0.0196076935 -0.999738532
vn -0.0117646161 0.00392153871 -0.999923105
vn -0.0117646161 -0.0196076935 -0.999738532
vn 0.0117646161 0.00392153871 -0.999923105
vn -0.00392153871 -0.066666158 -0.997767631
vn 0.0117646161 -0.0196076935 -0.999738532
vn 0.00392153871 -0.066666158 -0.997767631
vn -0.00392153871 0.960776984 -0.277294445
vn -0.466663106 0.81960159 -0.332383482
vn -0.921561596 0.027450771 -0.38726048
vn -0.466663106 -0.81960159 -0.332383482
vn -0.00392153871 -0.960776984 -0.277294445
vn 0.00392153871 -0.960776984 -0.277294445
vn 0.00392153871 0.960776984 -0.277294445
vn 0.466663106 -0.81960159 -0.332383482
vn 0.466663106 0.81960159 -0.332383482
vn 0.921561596 0.027450771 -0.38726048
vn -0.474506184 -0.843130822 -0.25293141
vn -0.00392153871 -0.960776984 -0.277294445
vn 0.00392153871 -0.960776984 -0.277294445
vn 0.474506184 -0.843130822 -0.25293141
vn 0.968620061 0.0352938484 -0.246027482
vn 0.474506184 0.843130822 -0.25293141
vn -0.968620061 0.0352938484 -0.246027482
vn 0.00392153871 0.960776984 -0.277294445
vn -0.474506184 0.843130822 -0.25293141
vn -0.00392153871 0.960776984 -0.277294445
vn 0.00392153871 -0.105881545 -0.994371017
vn 0.105881545 -0.192155397 -0.975635896
vn 0.207841552 0.00392153871 -0.978154646
vn 0.105881545 0.184312319 -0.977147925
vn -0.00392153871 0.00392153871 -0.999984621
vn -0.00392153871 0.00392153871 -0.999984621
vn -0.00392153871 -0.105881545 -0.994371017
vn 0.00392153871 0.105881545 -0.994371017
vn -0.105881545 -0.192155397 -0.975635896
vn -0.00392153871 0.105881545 -0.994371017
vn -0.207841552 0.00392153871 -0.978154646
vn -0.105881545 0.184312319 -0.977147925
vn 0.866660055 -0.498035416 -0.0293440684
vn 0.999992311 0.00392153847 -0
vn 0.992149293 0.00392153871 -0.124997606
vn 0.858816977 -0.498035416 -0.119975515
vn 0.498035416 -0.866660055 -0.0293440684
vn 0.858816977 0.498035416 -0.119975515
vn 0.866660055 0.498035416 -0.0293440684
vn 0.498035416 -0.858816977 -0.119975515
vn -0.00392153847 -0.999992311 -0
vn 0.498035416 0.858816977 -0.119975515
vn 0.498035416 0.866660055 -0.0293440684
vn -0.00392153871 -0.992149293 -0.124997606
vn -0.498035416 -0.866660055 -0.0293440684
vn -0.00392153871 0.992149293 -0.124997606
vn -0.00392153847 0.999992311 -0
vn -0.498035416 -0.858816977 -0.119975515
vn -0.866660055 -0.498035416 -0.0293440684
vn -0.498035416 0.858816977 -0.119975515
vn -0.498035416 0.866660055 -0.0293440684
vn -0.858816977 -0.498035416 -0.119975515
vn -0.999992311 0.00392153847 -0
vn -0.858816977 0.498035416 -0.119975515
vn -0.866660055 0.498035416 -0.0293440684
vn -0.992149293 0.00392153871 -0.124997606
vn 0.0509800032 0.0901953903 -0.994618435
vn -0.00392153871 0.105881545 -0.994371017
vn -0.0509800032 0.0901953903 -0.994618435
vn -0.0901953903 0.0509800032 -0.994618435
vn -0.105881545 0.00392153871 -0.994371017
vn -0.0901953903 -0.0509800032 -0.994618435
vn 0.0901953903 0.0509800032 -0.994618435
vn -0.0509800032 -0.0901953903 -0.994618435
vn 0.105881545 0.00392153871 -0.994371017
vn -0.00392153871 -0.105881545 -0.994371017
vn 0.0901953903 -0.0509800032 -0.994618435
vn 0.0509800032 -0.0901953903 -0.994618435
vn -0.0196076935 -0.0352938484 -0.999184609
vn -0.0352938484 -0.0196076935 -0.999184609
vn -0.0352938484 0.00392153871 -0.999369284
vn -0.0352938484 0.0196076935 -0.999184609
vn -0.0196076935 0.0352938484 -0.999184609
vn -0.00392153871 0.0352938484 -0.999369284
vn -0.00392153871 -0.0352938484 -0.999369284
vn 0.0196076935 0.0352938484 -0.999184609
vn 0.0196076935 -0.0352938484 -0.999184609
vn 0.0352938484 0.0196076935 -0.999184609
vn 0.0352938484 -0.0196076935 -0.999184609
vn 0.0352938484 0.00392153871 -0.999369284
vn -0.00392153871 0.905875442 -0.423526039
vn 0.450976951 0.78822928 -0.418705614
vn 0.78822928 0.450976951 -0.418705614
vn 0.905875442 0.00392153871 -0.423526039
vn 0.78822928 -0.450976951 -0.418705614
vn 0.450976951 -0.78822928 -0.418705614
vn -0.450976951 0.78822928 -0.418705614
vn -0.00392153871 -0.905875442 -0.423526039
vn -0.78822928 0.450976951 -0.418705614
vn -0.450976951 -0.78822928 -0.418705614
vn -0.905875442 0.00392153871 -0.423526039
vn -0.78822928 -0.450976951 -0.418705614
vn 0.803915435 -0.466663106 -0.368707904
vn 0.466663106 -0.803915435 -0.368707904
vn -0.00392153871 -0.929404674 -0.369041426
vn -0.466663106 -0.803915435 -0.368707904
vn -0.803915435 -0.466663106 -0.368707904
vn -0.929404674 0.00392153871 -0.369041426
vn 0.929404674 0.00392153871 -0.369041426
vn -0.803915435 0.466663106 -0.368707904
vn 0.803915435 0.466663106 -0.368707904
vn -0.466663106 0.803915435 -0.368707904
vn 0.466663106 0.803915435 -0.368707904
vn -0.00392153871 0.929404674 -0.369041426
vn -0.113724623 0.00392153871 -0.993504571
vn -0.0980384677 0.0588230806 -0.993442653
vn -0.0588230806 0.0980384677 -0.993442653
vn -0.00392153871 0.113724623 -0.993504571
vn -0.00392153871 0.00392153871 -0.999984621
vn -0.0980384677 -0.0588230806 -0.993442653
vn 0.0588230806 0.0980384677 -0.993442653
vn 0.0980384677 0.0588230806 -0.993442653
vn -0.0588230806 -0.0980384677 -0.993442653
vn 0.113724623 0.00392153871 -0.993504571
vn -0.00392153871 -0.113724623 -0.993504571
vn 0.0980384677 -0.0588230806 -0.993442653
vn 0.0588230806 -0.0980384677 -0.993442653
vn 0.866660055 -0.498035416 -0.0293440684
vn 0.992149293 0.00392153871 0.124997606
vn 0.999992311 0.00392153847 -0
vn 0.858816977 -0.498035416 0.119975515
vn 0.498035416 -0.866660055 -0.0293440684
vn 0.866660055 -0.498035416 -0.0293440684
vn 0.0901953903 -0.0509800032 0.994618435
vn 0.498035416 -0.866660055 -0.0293440684
vn 0.999992311 0.00392153847 -0
vn 0.858816977 0.498035416 0.119975515
vn 0.866660055 0.498035416 -0.0293440684
vn 0.866660055 0.498035416 -0.0293440684
vn 0.498035416 0.858816977 0.119975515
vn 0.498035416 0.866660055 -0.0293440684
vn 0.498035416 0.866660055 -0.0293440684
vn -0.00392153871 0.992149293 0.124997606
vn -0.00392153847 0.999992311 -0
vn -0.00392153847 0.999992311 -0
vn -0.498035416 0.858816977 0.119975515
vn -0.498035416 0.866660055 -0.0293440684
vn -0.498035416 0.866660055 -0.0293440684
vn -0.858816977 0.498035416 0.119975515
vn -0.866660055 0.498035416 -0.0293440684
vn -0.866660055 0.498035416 -0.0293440684
vn -0.992149293 0.00392153871 0.124997606
vn -0.999992311 0.00392153847 -0
vn -0.999992311 0.00392153847 -0
vn -0.858816977 -0.498035416 0.119975515
vn -0.866660055 -0.498035416 -0.0293440684
vn -0.866660055 -0.498035416 -0.0293440684
vn -0.498035416 -0.858816977 0.119975515
vn -0.498035416 -0.866660055 -0.0293440684
vn -0.498035416 -0.866660055 -0.0293440684
vn -0.00392153871 -0.992149293 0.124997606
vn -0.00392153847 -0.999992311 -0
vn -0.0509800032 -0.0901953903 0.994618435
vn -0.0901953903 -0.0509800032 0.994618435
vn 0.0196076935 0.0352938484 0.999184609
vn 0.0352938484 0.0196076935 0.999184609
vn 0.78822928 0.450976951 0.418705614
vn 0.905875442 0.00392153871 0.423526039
vn 0.803915435 0.466663106 0.368707904
vn 0.929404674 0.00392153871 0.369041426
vn 0.113724623 0.00392153871 0.993504571
vn 0.0980384677 -0.0588230806 0.993442653
vn -0.00392153871 0.00392153871 0.999984621
vn 0.0980384677 0.0588230806 0.993442653
vn 0.0588230806 -0.0980384677 0.993442653
vn -0.00392153871 -0.113724623 0.993504571
vn -0.0588230806 -0.0980384677 0.993442653
vn -0.0980384677 -0.0588230806 0.993442653
vn -0.113724623 0.00392153871 0.993504571
vn -0.0980384677 0.0588230806 0.993442653
vn -0.0588230806 0.0980384677 0.993442653
vn -0.00392153871 0.113724623 0.993504571
vn 0.0588230806 0.0980384677 0.993442653
vn 0.78822928 -0.450976951 0.418705614
vn 0.0352938484 0.00392153871 0.999369284
vn 0.0352938484 -0.0196076935 0.999184609
vn 0.450976951 -0.78822928 0.418705614
vn 0.0196076935 -0.0352938484 0.999184609
vn -0.00392153871 -0.905875442 0.423526039
vn -0.00392153871 -0.0352938484 0.999369284
vn -0.450976951 -0.78822928 0.418705614
vn -0.0196076935 -0.0352938484 0.999184609
vn -0.78822928 -0.450976951 0.418705614
vn -0.0352938484 -0.0196076935 0.999184609
vn -0.905875442 0.00392153871 0.423526039
vn -0.0352938484 0.00392153871 0.999369284
vn -0.78822928 0.450976951 0.418705614
vn -0.0352938484 0.0196076935 0.999184609
vn -0.450976951 0.78822928 0.418705614
vn 0.0509800032 -0.0901953903 0.994618435
vn -0.0196076935 0.0352938484 0.999184609
vn -0.00392153871 0.905875442 0.423526039
vn -0.00392153871 0.0352938484 0.999369284
vn 0.450976951 0.78822928 0.418705614
vn -0.00392153871 0.929404674 0.369041426
vn 0.466663106 0.803915435 0.368707904
vn 0.498035416 -0.858816977 0.119975515
vn -0.466663106 0.803915435 0.368707904
vn -0.00392153871 -0.105881545 0.994371017
vn -0.803915435 0.466663106 0.368707904
vn -0.929404674 0.00392153871 0.369041426
vn -0.803915435 -0.466663106 0.368707904
vn -0.466663106 -0.803915435 0.368707904
vn -0.00392153871 -0.929404674 0.369041426
vn 0.466663106 -0.803915435 0.368707904
vn 0.803915435 -0.466663106 0.368707904
vn -0.0823523129 -0.0196076935 -0.996410375
vn -0.0901953903 0.0352938484 -0.995298516
vn -0.929404674 0.356860022 -0.0941162929
vn -0.482349261 0.874503132 -0.0508277732
vn -0.97646308 -0.215684616 -0
vn -0.00392153871 0.00392153871 -0.999984621
vn -0.882346209 0.466663106 -0.060751231
vn -0.0352938484 0.066666158 -0.997150925
vn -0.0274406433 0.999623435 -0
vn -0.00392153871 0.0196076935 -0.99980006
vn -0.0901953903 0.992149293 -0.0866289305
vn -0.00392153871 0.00392153871 -0.999984621
vn -0.207841552 0.976463138 -0.0576335743
vn -0.0117646161 0.027450771 -0.999553925
vn -0.394862771 0.918740111 -0
vn 0.00392153871 -0.0196076935 -0.99980006
vn -0.00392153871 0.0117646161 -0.999923105
vn -0.00392153871 -0.00392153871 -0.999984621
vn 0.528239201 0.849095605 -0
vn 0.0117646161 0.0117646161 -0.999861584
vn -0.137253855 0.984306216 -0.110917325
vn -0.00392153871 0.00392153871 -0.999984621
vn -0.741170816 0.670583119 -0.0313704013
vn -0.0196076935 0.0196076935 -0.999615464
vn -0.247056939 0.968620061 -0.0271670136
vn -0.0431369258 0.027450771 -0.998691975
vn -0.843130822 0.537250803 -0.022180874
vn -0.286272326 0.00392153871 -0.95814027
vn -0.999992311 0.00392153847 -0
vn -0.0509800032 -0.0196076935 -0.998507175
vn -0.896764448 -0.442508221 -0
vn -0.0196076935 -0.027450771 -0.999430835
vn -0.513342747 -0.858183677 -0
vn -0.00392153871 -0.0352938484 -0.999369284
vn -0.0665190105 -0.997785158 -0
vn 0.247056939 -0.968620061 -0.0271670136
vn 0.0117646161 -0.0117646161 -0.999861584
vn 0.615567953 -0.788083812 -0
vn 0.050914272 -0.998703027 -0
vn -0.0117646161 -0.027450771 -0.999553925
vn -0.325487713 -0.945090829 -0.0293440684
vn 0.0196076935 -0.0196076935 -0.999615464
vn 0.615567953 -0.788083812 -0
vn -0.00392153871 0.027450771 -0.999615464
vn 0.332615423 0.943062554 -0
vn 0.00392153871 -0.0117646161 -0.999923105
vn 0.645942241 -0.763386285 -0
vn 0.0117646161 0.0196076935 -0.999738532
vn 0.803915435 0.592152345 -0.0554578528
vn 0.0196076935 0.0117646161 -0.999738532
vn 0.403918487 0.913718519 -0.0443657964
vn 0.0117646161 -0.0196076935 -0.999738532
vn 0.419604642 -0.905875442 -0.0576335743
vn 0.00392153871 0.00392153871 -0.999984621
vn 0.0665190105 0.997785158 -0
vn -0.00392153871 -0.0117646161 -0.999923105
vn -0.0274406433 -0.999623435 -0
vn -0.0117646161 -0.0196076935 -0.999738532
vn -0.426739521 -0.90437458 -0
vn 0.00392153871 0.0196076935 -0.99980006
vn 0.645942241 0.763386285 -0
vn -0.00392153871 -0.0196076935 -0.99980006
vn 0.00392153847 -0.999992311 -0
vn 0.0196076935 0.0196076935 -0.999615464
vn 0.974785564 0.223143683 -0
vn 0.0196076935 -0.027450771 -0.999430835
vn 0.662658482 -0.748921716 -0
vn 0.066666158 0.0117646161 -0.997705977
vn 0.981472661 -0.191602233 -0
vn 0.0745092355 -0.0117646161 -0.997150925
vn -0.0823523129 -0.0196076935 0.996410375
vn -0.97646308 -0.215684616 -0
vn -0.929404674 0.356860022 0.0941162929
vn -0.00392153871 0.00392153871 0.999984621
vn -0.882346209 0.466663106 0.060751231
vn -0.0901953903 0.0352938484 0.995298516
vn -0.482349261 0.874503132 0.0508277732
vn -0.0352938484 0.066666158 0.997150925
vn -0.0274406433 0.999623435 -0
vn -0.00392153871 0.0196076935 0.99980006
vn -0.0901953903 0.992149293 0.0866289305
vn -0.00392153871 0.00392153871 0.999984621
vn -0.207841552 0.976463138 0.0576335743
vn -0.0117646161 0.027450771 0.999553925
vn -0.394862771 0.918740111 -0
vn 0.00392153871 -0.0196076935 0.99980006
vn -0.00392153871 0.0117646161 0.999923105
vn -0.00392153871 -0.00392153871 0.999984621
vn 0.528239201 0.849095605 -0
vn 0.0117646161 0.0117646161 0.999861584
vn -0.137253855 0.984306216 0.110917325
vn -0.00392153871 0.00392153871 0.999984621
vn -0.741170816 0.670583119 0.0313704013
vn -0.0196076935 0.0196076935 0.999615464
vn -0.247056939 0.968620061 0.0271670136
vn -0.0431369258 0.027450771 0.998691975
vn -0.843130822 0.537250803 0.022180874
vn -0.286272326 0.00392153871 0.95814027
vn -0.999992311 0.00392153847 -0
vn -0.0509800032 -0.0196076935 0.998507175
vn -0.896764448 -0.442508221 -0
vn -0.0196076935 -0.027450771 0.999430835
vn -0.513342747 -0.858183677 -0
vn -0.00392153871 -0.0352938484 0.999369284
vn -0.0665190105 -0.997785158 -0
vn 0.247056939 -0.968620061 0.0271670136
vn 0.0117646161 -0.0117646161 0.999861584
vn 0.615567953 -0.788083812 -0
vn 0.050914272 -0.998703027 -0
vn -0.0117646161 -0.027450771 0.999553925
vn -0.325487713 -0.945090829 0.0293440684
vn 0.0196076935 -0.0196076935 0.999615464
vn 0.615567953 -0.788083812 -0
vn -0.00392153871 0.027450771 0.999615464
vn 0.332615423 0.943062554 -0
vn 0.00392153871 -0.0117646161 0.999923105
vn 0.645942241 -0.763386285 -0
vn 0.0117646161 0.0196076935 0.999738532
vn 0.803915435 0.592152345 0.0554578528
vn 0.0196076935 0.0117646161 0.999738532
vn 0.403918487 0.913718519 0.0443657964
vn 0.0117646161 -0.0196076935 0.999738532
vn 0.419604642 -0.905875442 0.0576335743
vn 0.00392153871 0.00392153871 0.999984621
vn 0.0665190105 0.997785158 -0
vn -0.00392153871 -0.0117646161 0.999923105
vn -0.0274406433 -0.999623435 -0
vn -0.0117646161 -0.0196076935 0.999738532
vn -0.426739521 -0.90437458 -0
vn 0.00392153871 0.0196076935 0.99980006
vn 0.645942241 0.763386285 -0
vn -0.00392153871 -0.0196076935 0.99980006
vn 0.00392153847 -0.999992311 -0
vn 0.0196076935 0.0196076935 0.999615464
vn 0.974785564 0.223143683 -0
vn 0.0196076935 -0.027450771 0.999430835
vn 0.662658482 -0.748921716 -0
vn 0.066666158 0.0117646161 0.997705977
vn 0.981472661 -0.191602233 -0
vn 0.0745092355 -0.0117646161 0.997150925
vn 0.0823523129 -0.0196076935 -0.996410375
vn 0.97646308 -0.215684616 -0
vn 0.929404674 0.356860022 -0.0941162929
vn 0.00392153871 0.00392153871 -0.999984621
vn 0.882346209 0.466663106 -0.060751231
vn 0.0901953903 0.0352938484 -0.995298516
vn 0.482349261 0.874503132 -0.0508277732
vn 0.0352938484 0.066666158 -0.997150925
vn 0.0274406433 0.999623435 -0
vn 0.00392153871 0.0196076935 -0.99980006
vn 0.0901953903 0.992149293 -0.0866289305
vn 0.00392153871 0.00392153871 -0.999984621
vn 0.207841552 0.976463138 -0.0576335743
vn 0.0117646161 0.027450771 -0.999553925
vn 0.394862771 0.918740111 -0
vn -0.00392153871 -0.0196076935 -0.99980006
vn 0.00392153871 0.0117646161 -0.999923105
vn -0.528239201 0.849095605 -0
vn 0.0431369258 0.027450771 -0.998691975
vn 0.843130822 0.537250803 -0.022180874
vn 0.286272326 0.00392153871 -0.95814027
vn 0.999992311 0.00392153847 -0
vn 0.0509800032 -0.0196076935 -0.998507175
vn 0.896764448 -0.442508221 -0
vn 0.0196076935 -0.027450771 -0.999430835
vn 0.513342747 -0.858183677 -0
vn 0.00392153871 -0.0352938484 -0.999369284
vn 0.0665190105 -0.997785158 -0
vn -0.247056939 -0.968620061 -0.0271670136
vn -0.0117646161 -0.0117646161 -0.999861584
vn -0.615567953 -0.788083812 -0
vn -0.00392153871 -0.00392153871 -0.999984621
vn -0.050914272 -0.998703027 -0
vn -0.0117646161 0.0117646161 -0.999861584
vn 0.137253855 0.984306216 -0.110917325
vn 0.00392153871 0.00392153871 -0.999984621
vn 0.741170816 0.670583119 -0.0313704013
vn 0.0117646161 -0.027450771 -0.999553925
vn 0.325487713 -0.945090829 -0.0293440684
vn 0.0196076935 0.0196076935 -0.999615464
vn 0.247056939 0.968620061 -0.0271670136
vn -0.0196076935 -0.0196076935 -0.999615464
vn -0.615567953 -0.788083812 -0
vn 0.00392153871 0.027450771 -0.999615464
vn -0.332615423 0.943062554 -0
vn -0.00392153871 -0.0117646161 -0.999923105
vn -0.645942241 -0.763386285 -0
vn -0.0117646161 0.0196076935 -0.999738532
vn -0.803915435 0.592152345 -0.0554578528
vn -0.0196076935 0.0117646161 -0.999738532
vn -0.403918487 0.913718519 -0.0443657964
vn -0.0117646161 -0.0196076935 -0.999738532
vn -0.419604642 -0.905875442 -0.0576335743
vn -0.00392153871 0.00392153871 -0.999984621
vn -0.0665190105 0.997785158 -0
vn -0.00392153871 -0.0117646161 -0.999923105
vn 0.0274406433 -0.999623435 -0
vn 0.0117646161 -0.0196076935 -0.999738532
vn 0.426739521 -0.90437458 -0
vn -0.00392153871 0.0196076935 -0.99980006
vn -0.645942241 0.763386285 -0
vn -0.00392153871 -0.0196076935 -0.99980006
vn -0.00392153847 -0.999992311 -0
vn -0.0196076935 0.0196076935 -0.999615464
vn -0.974785564 0.223143683 -0
vn -0.0196076935 -0.027450771 -0.999430835
vn -0.662658482 -0.748921716 -0
vn -0.066666158 0.0117646161 -0.997705977
vn -0.981472661 -0.191602233 -0
vn -0.0745092355 -0.0117646161 -0.997150925
vn 0.0823523129 -0.0196076935 0.996410375
vn 0.0901953903 0.0352938484 0.995298516
vn 0.929404674 0.356860022 0.0941162929
vn 0.482349261 0.874503132 0.0508277732
vn 0.97646308 -0.215684616 -0
vn 0.00392153871 0.00392153871 0.999984621
vn 0.882346209 0.466663106 0.060751231
vn 0.0352938484 0.066666158 0.997150925
vn 0.0274406433 0.999623435 -0
vn 0.00392153871 0.0196076935 0.99980006
vn 0.0901953903 0.992149293 0.0866289305
vn 0.00392153871 0.00392153871 0.999984621
vn 0.207841552 0.976463138 0.0576335743
vn 0.0117646161 0.027450771 0.999553925
vn 0.394862771 0.918740111 -0
vn -0.00392153871 -0.0196076935 0.99980006
vn 0.00392153871 0.0117646161 0.999923105
vn -0.528239201 0.849095605 -0
vn 0.0431369258 0.027450771 0.998691975
vn 0.843130822 0.537250803 0.022180874
vn 0.286272326 0.00392153871 0.95814027
vn 0.999992311 0.00392153847 -0
vn 0.0509800032 -0.0196076935 0.998507175
vn 0.896764448 -0.442508221 -0
vn 0.0196076935 -0.027450771 0.999430835
vn 0.513342747 -0.858183677 -0
vn 0.00392153871 -0.0352938484 0.999369284
vn 0.0665190105 -0.997785158 -0
vn -0.247056939 -0.968620061 0.0271670136
vn -0.0117646161 -0.0117646161 0.999861584
vn -0.615567953 -0.788083812 -0
vn -0.00392153871 -0.00392153871 0.999984621
vn -0.050914272 -0.998703027 -0
vn -0.0117646161 0.0117646161 0.999861584
vn 0.137253855 0.984306216 0.110917325
vn 0.00392153871 0.00392153871 0.999984621
vn 0.741170816 0.670583119 0.0313704013
vn 0.0117646161 -0.027450771 0.999553925
vn 0.325487713 -0.945090829 0.0293440684
vn 0.0196076935 0.0196076935 0.999615464
vn 0.247056939 0.968620061 0.0271670136
vn -0.0196076935 -0.0196076935 0.999615464
vn -0.615567953 -0.788083812 -0
vn 0.00392153871 0.027450771 0.999615464
vn -0.332615423 0.943062554 -0
vn -0.00392153871 -0.0117646161 0.999923105
vn -0.645942241 -0.763386285 -0
vn -0.0117646161 0.0196076935 0.999738532
vn -0.803915435 0.592152345 0.0554578528
vn -0.0196076935 0.0117646161 0.999738532
vn -0.403918487 0.913718519 0.0443657964
vn -0.0117646161 -0.0196076935 0.999738532
vn -0.419604642 -0.905875442 0.0576335743
vn -0.00392153871 0.00392153871 0.999984621
vn -0.0665190105 0.997785158 -0
vn -0.00392153871 -0.0117646161 0.999923105
vn 0.0274406433 -0.999623435 -0
vn 0.0117646161 -0.0196076935 0.999738532
vn 0.426739521 -0.90437458 -0
vn -0.00392153871 0.0196076935 0.99980006
vn -0.645942241 0.763386285 -0
vn -0.00392153871 -0.0196076935 0.99980006
vn -0.00392153847 -0.999992311 -0
vn -0.0196076935 0.0196076935 0.999615464
vn -0.974785564 0.223143683 -0
vn -0.0196076935 -0.027450771 0.999430835
vn -0.662658482 -0.748921716 -0
vn -0.066666158 0.0117646161 0.997705977
vn -0.981472661 -0.191602233 -0
vn -0.0745092355 -0.0117646161 0.997150925
vn 0.952933906 -0.294115403 -0.0735737741
vn 0.999992311 0.00392153847 -0
vn 0.999992311 0.00392153847 -0
vn 0.952933906 -0.301958481 0.0271670136
vn 0.733327738 -0.678426197 -0.0443657964
vn 0.952933906 0.301958481 0.0271670136
vn 0.952933906 0.294115403 -0.0735737741
vn 0.725484661 -0.686269274 0.0520239392
vn -0.00392153847 -0.999992311 -0
vn 0.725484661 0.686269274 0.0520239392
vn 0.733327738 0.678426197 -0.0443657964
vn -0.00392153847 -0.999992311 -0
vn -0.733327738 -0.678426197 -0.0443657964
vn -0.00392153847 0.999992311 -0
vn -0.00392153847 0.999992311 -0
vn -0.725484661 -0.686269274 0.0520239392
vn -0.952933906 -0.294115403 -0.0735737741
vn -0.725484661 0.686269274 0.0520239392
vn -0.733327738 0.678426197 -0.0443657964
vn -0.952933906 -0.301958481 0.0271670136
vn -0.999992311 0.00392153847 -0
vn -0.952933906 0.301958481 0.0271670136
vn -0.952933906 0.294115403 -0.0735737741
vn -0.999992311 0.00392153847 -0
vn 0.184312319 0.199998474 0.962304307
vn -0.00392153871 0.239213861 0.970958985
vn -0.184312319 0.199998474 0.962304307
vn -0.325487713 0.113724623 0.938682299
vn -0.00392153871 0.00392153871 0.999984621
vn 0.325487713 0.113724623 0.938682299
vn -0.380389255 0.00392153871 0.924818164
vn -0.325487713 -0.113724623 0.938682299
vn 0.380389255 0.00392153871 0.924818164
vn -0.184312319 -0.199998474 0.962304307
vn 0.325487713 -0.113724623 0.938682299
vn -0.00392153871 -0.239213861 0.970958985
vn 0.184312319 -0.199998474 0.962304307
vn 0.505878493 -0.858816977 -0.0807486828
vn 0.896764448 -0.442508221 -0
vn 0.1215677 -0.0588230806 -0.990838604
vn 0.027450771 -0.0509800032 -0.99832234
vn 0.473632911 -0.880722355 -0
vn 0.00392153871 -0.0117646161 -0.999923105
vn 0.686269274 -0.725484661 -0.0520239392
vn 0.0588230806 0.0196076935 -0.998075841
vn 0.967074537 0.254493299 -0
vn 0.027450771 0.027450771 -0.999246171
vn 0.63748767 0.770460558 -0
vn 0.00392153871 0.027450771 -0.999615464
vn 0.207841552 0.976463138 -0.0576335743
vn -0.00392153871 0.027450771 -0.999615464
vn -0.184052092 0.982916491 -0
vn -0.0117646161 0.027450771 -0.999553925
vn -0.504113981 0.863637131 -0
vn -0.0196076935 0.0196076935 -0.999615464
vn -0.741170816 0.670583119 -0.0313704013
vn 0.0196076935 -0.0196076935 -0.999615464
vn 0.372065834 -0.928206343 -0
vn 0.0117646161 -0.027450771 -0.999553925
vn -0.0117638918 -0.999930803 -0
vn -0.00392153871 -0.027450771 -0.999615464
vn -0.207841552 -0.976463138 -0.0576335743
vn -0.00392153871 -0.027450771 -0.999615464
vn 0.450976951 -0.890189287 -0.0646747476
vn 0.00392153871 -0.0117646161 -0.999923105
vn 0.498035416 -0.866660055 -0.0293440684
vn -0.00392153871 0.0117646161 -0.999923105
vn -0.301958481 0.952933906 -0.0271670136
vn 0.00392153871 0.0352938484 -0.999369284
vn 0.176469231 0.984306157 -0
vn -0.00392153871 0.0352938484 -0.999369284
vn -0.152350724 0.988326493 -0
vn -0.0117646161 0.0196076935 -0.999738532
vn -0.528239201 0.849095605 -0
vn 0.00392153871 0.00392153871 -0.999984621
vn 0.215684629 0.968620061 -0.123512422
vn 0.0117646161 -0.027450771 -0.999553925
vn 0.15294001 -0.984306216 -0.0880376456
vn 0.0352938484 0.00392153871 -0.999369284
vn 0.00392153871 -0.027450771 -0.999615464
vn -0.00392153871 -0.027450771 -0.999615464
vn -0.058722022 -0.998274373 -0
vn -0.223143683 -0.974785564 -0
vn 0.998703027 0.050914272 -0
vn -0.00392153871 -0.027450771 -0.999615464
vn -0.482349261 -0.874503132 -0.0508277732
vn -0.0196076935 -0.027450771 -0.999430835
vn -0.748921716 -0.662658482 -0
vn -0.027450771 -0.0196076935 -0.999430835
vn -0.976463138 -0.199998474 -0.0807486828
vn -0.0352938484 -0.00392153871 -0.999369284
vn -0.992149293 0.105881545 -0.0665498191
vn -0.0352938484 0.00392153871 -0.999369284
vn -0.880722355 0.473632911 -0
vn -0.0352938484 0.0196076935 -0.999184609
vn -0.575299505 0.817942834 -0
vn -0.027450771 0.0352938484 -0.9989999
vn -0.0665190105 0.997785158 -0
vn 0.066666158 0.027450771 -0.997397653
vn 0.918740111 0.394862771 -0
vn -0.00392153871 0.113724623 -0.993504571
vn 0.488960668 0.872305832 -0
vn 0.0823523129 0.145096932 -0.985984268
vn 0.505878493 -0.858816977 0.0807486828
vn 0.1215677 -0.0588230806 0.990838604
vn 0.896764448 -0.442508221 -0
vn 0.027450771 -0.0509800032 0.99832234
vn 0.473632911 -0.880722355 -0
vn 0.00392153871 -0.0117646161 0.999923105
vn 0.686269274 -0.725484661 0.0520239392
vn 0.0588230806 0.0196076935 0.998075841
vn 0.967074537 0.254493299 -0
vn 0.027450771 0.027450771 0.999246171
vn 0.63748767 0.770460558 -0
vn 0.00392153871 0.027450771 0.999615464
vn 0.207841552 0.976463138 0.0576335743
vn -0.00392153871 0.027450771 0.999615464
vn -0.184052092 0.982916491 -0
vn -0.0117646161 0.027450771 0.999553925
vn -0.504113981 0.863637131 -0
vn -0.0196076935 0.0196076935 0.999615464
vn -0.741170816 0.670583119 0.0313704013
vn 0.0196076935 -0.0196076935 0.999615464
vn 0.372065834 -0.928206343 -0
vn 0.0117646161 -0.027450771 0.999553925
vn -0.0117638918 -0.999930803 -0
vn -0.00392153871 -0.027450771 0.999615464
vn -0.207841552 -0.976463138 0.0576335743
vn -0.00392153871 -0.027450771 0.999615464
vn 0.450976951 -0.890189287 0.0646747476
vn 0.00392153871 -0.0117646161 0.999923105
vn 0.498035416 -0.866660055 0.0293440684
vn -0.00392153871 0.0117646161 0.999923105
vn -0.301958481 0.952933906 0.0271670136
vn 0.00392153871 0.0352938484 0.999369284
vn 0.176469231 0.984306157 -0
vn -0.00392153871 0.0352938484 0.999369284
vn -0.152350724 0.988326493 -0
vn -0.0117646161 0.0196076935 0.999738532
vn -0.528239201 0.849095605 -0
vn 0.00392153871 0.00392153871 0.999984621
vn 0.215684629 0.968620061 0.123512422
vn 0.0117646161 -0.027450771 0.999553925
vn 0.15294001 -0.984306216 0.0880376456
vn 0.0352938484 0.00392153871 0.999369284
vn 0.00392153871 -0.027450771 0.999615464
vn -0.00392153871 -0.027450771 0.999615464
vn -0.058722022 -0.998274373 -0
vn -0.223143683 -0.974785564 -0
vn 0.998703027 0.050914272 -0
vn -0.00392153871 -0.027450771 0.999615464
vn -0.482349261 -0.874503132 0.0508277732
vn -0.0196076935 -0.027450771 0.999430835
vn -0.748921716 -0.662658482 -0
vn -0.027450771 -0.0196076935 0.999430835
vn -0.976463138 -0.199998474 0.0807486828
vn -0.0352938484 -0.00392153871 0.999369284
vn -0.992149293 0.105881545 0.0665498191
vn -0.0352938484 0.00392153871 0.999369284
vn -0.880722355 0.473632911 -0
vn -0.0352938484 0.0196076935 0.999184609
vn -0.575299505 0.817942834 -0
vn -0.027450771 0.0352938484 0.9989999
vn -0.0665190105 0.997785158 -0
vn 0.066666158 0.027450771 0.997397653
vn 0.918740111 0.394862771 -0
vn -0.00392153871 0.113724623 0.993504571
vn 0.488960668 0.872305832 -0
vn 0.0823523129 0.145096932 0.985984268
vn -0.505878493 -0.858816977 -0.0807486828
vn -0.1215677 -0.0588230806 -0.990838604
vn -0.896764448 -0.442508221 -0
vn -0.027450771 -0.0509800032 -0.99832234
vn -0.473632911 -0.880722355 -0
vn -0.00392153871 -0.0117646161 -0.999923105
vn -0.686269274 -0.725484661 -0.0520239392
vn -0.0588230806 0.0196076935 -0.998075841
vn -0.967074537 0.254493299 -0
vn -0.027450771 0.027450771 -0.999246171
vn -0.63748767 0.770460558 -0
vn -0.00392153871 0.027450771 -0.999615464
vn -0.207841552 0.976463138 -0.0576335743
vn 0.00392153871 0.027450771 -0.999615464
vn 0.184052092 0.982916491 -0
vn 0.0117646161 0.027450771 -0.999553925
vn 0.504113981 0.863637131 -0
vn 0.0196076935 0.0196076935 -0.999615464
vn 0.741170816 0.670583119 -0.0313704013
vn -0.0196076935 -0.0196076935 -0.999615464
vn -0.372065834 -0.928206343 -0
vn -0.0117646161 -0.027450771 -0.999553925
vn 0.0117638918 -0.999930803 -0
vn -0.00392153871 -0.027450771 -0.999615464
vn 0.207841552 -0.976463138 -0.0576335743
vn 0.00392153871 -0.027450771 -0.999615464
vn -0.450976951 -0.890189287 -0.0646747476
vn -0.00392153871 -0.0117646161 -0.999923105
vn -0.498035416 -0.866660055 -0.0293440684
vn 0.00392153871 0.0117646161 -0.999923105
vn 0.301958481 0.952933906 -0.0271670136
vn -0.00392153871 0.0352938484 -0.999369284
vn -0.176469231 0.984306157 -0
vn 0.00392153871 0.0352938484 -0.999369284
vn 0.152350724 0.988326493 -0
vn 0.0117646161 0.0196076935 -0.999738532
vn 0.528239201 0.849095605 -0
vn -0.00392153871 0.00392153871 -0.999984621
vn -0.215684629 0.968620061 -0.123512422
vn -0.0117646161 -0.027450771 -0.999553925
vn -0.15294001 -0.984306216 -0.0880376456
vn -0.0352938484 0.00392153871 -0.999369284
vn -0.00392153871 -0.027450771 -0.999615464
vn 0.00392153871 -0.027450771 -0.999615464
vn 0.058722022 -0.998274373 -0
vn 0.223143683 -0.974785564 -0
vn -0.998703027 0.050914272 -0
vn 0.00392153871 -0.027450771 -0.999615464
vn 0.482349261 -0.874503132 -0.0508277732
vn 0.0196076935 -0.027450771 -0.999430835
vn 0.748921716 -0.662658482 -0
vn 0.027450771 -0.0196076935 -0.999430835
vn 0.976463138 -0.199998474 -0.0807486828
vn 0.0352938484 -0.00392153871 -0.999369284
vn 0.992149293 0.105881545 -0.0665498191
vn 0.0352938484 0.00392153871 -0.999369284
vn 0.880722355 0.473632911 -0
vn 0.0352938484 0.0196076935 -0.999184609
vn 0.575299505 0.817942834 -0
vn 0.027450771 0.0352938484 -0.9989999
vn 0.0665190105 0.997785158 -0
vn -0.066666158 0.027450771 -0.997397653
vn -0.918740111 0.394862771 -0
vn 0.00392153871 0.113724623 -0.993504571
vn -0.488960668 0.872305832 -0
vn -0.0823523129 0.145096932 -0.985984268
vn -0.505878493 -0.858816977 0.0807486828
vn -0.896764448 -0.442508221 -0
vn -0.1215677 -0.0588230806 0.990838604
vn -0.027450771 -0.0509800032 0.99832234
vn -0.473632911 -0.880722355 -0
vn -0.00392153871 -0.0117646161 0.999923105
vn -0.686269274 -0.725484661 0.0520239392
vn -0.0588230806 0.0196076935 0.998075841
vn -0.967074537 0.254493299 -0
vn -0.027450771 0.027450771 0.999246171
vn -0.63748767 0.770460558 -0
vn -0.00392153871 0.027450771 0.999615464
vn -0.207841552 0.976463138 0.0576335743
vn 0.00392153871 0.027450771 0.999615464
vn 0.184052092 0.982916491 -0
vn 0.0117646161 0.027450771 0.999553925
vn 0.504113981 0.863637131 -0
vn 0.0196076935 0.0196076935 0.999615464
vn 0.741170816 0.670583119 0.0313704013
vn -0.0196076935 -0.0196076935 0.999615464
vn -0.372065834 -0.928206343 -0
vn -0.0117646161 -0.027450771 0.999553925
vn 0.0117638918 -0.999930803 -0
vn -0.00392153871 -0.027450771 0.999615464
vn 0.207841552 -0.976463138 0.0576335743
vn 0.00392153871 -0.027450771 0.999615464
vn -0.450976951 -0.890189287 0.0646747476
vn -0.00392153871 -0.0117646161 0.999923105
vn -0.498035416 -0.866660055 0.0293440684
vn 0.00392153871 0.0117646161 0.999923105
vn 0.301958481 0.952933906 0.0271670136
vn -0.00392153871 0.0352938484 0.999369284
vn -0.176469231 0.984306157 -0
vn 0.00392153871 0.0352938484 0.999369284
vn 0.152350724 0.988326493 -0
vn 0.0117646161 0.0196076935 0.999738532
vn 0.528239201 0.849095605 -0
vn -0.00392153871 0.00392153871 0.999984621
vn -0.215684629 0.968620061 0.123512422
vn -0.0117646161 -0.027450771 0.999553925
vn -0.15294001 -0.984306216 0.0880376456
vn -0.0352938484 0.00392153871 0.999369284
vn -0.00392153871 -0.027450771 0.999615464
vn 0.00392153871 -0.027450771 0.999615464
vn 0.058722022 -0.998274373 -0
vn 0.223143683 -0.974785564 -0
vn -0.998703027 0.050914272 -0
vn 0.00392153871 -0.027450771 0.999615464
vn 0.482349261 -0.874503132 0.0508277732
vn 0.0196076935 -0.027450771 0.999430835
vn 0.748921716 -0.662658482 -0
vn 0.027450771 -0.0196076935 0.999430835
vn 0.976463138 -0.199998474 0.0807486828
vn 0.0352938484 -0.00392153871 0.999369284
vn 0.992149293 0.105881545 0.0665498191
vn 0.0352938484 0.00392153871 0.999369284
vn 0.880722355 0.473632911 -0
vn 0.0352938484 0.0196076935 0.999184609
vn 0.575299505 0.817942834 -0
vn 0.027450771 0.0352938484 0.9989999
vn 0.0665190105 0.997785158 -0
vn -0.066666158 0.027450771 0.997397653
vn -0.918740111 0.394862771 -0
vn 0.00392153871 0.113724623 0.993504571
vn -0.488960668 0.872305832 -0
vn -0.0823523129 0.145096932 0.985984268
vn 0.999807822 -0.0196040749 -0
vn 0.992149293 -0.0196076935 0.123512422
vn 0.686269274 0.717641584 0.118427366
vn 0.694112351 0.717641584 -0.056556177
vn 0.694112351 -0.717641584 -0.056556177
vn 0.00392153871 0.992149293 0.124997606
vn 0.00392153847 0.999992311 -0
vn 0.686269274 -0.717641584 0.118427366
vn 0.00392153847 -0.999992311 -0
vn -0.00392153871 0.992149293 0.124997606
vn -0.00392153847 0.999992311 -0
vn 0.00392153871 -0.992149293 0.124997606
vn -0.00392153847 -0.999992311 -0
vn -0.686269274 0.717641584 0.118427366
vn -0.694112351 0.717641584 -0.056556177
vn -0.00392153871 -0.992149293 0.124997606
vn -0.694112351 -0.717641584 -0.056556177
vn -0.992149293 -0.0196076935 0.123512422
vn -0.999807822 -0.0196040749 -0
vn -0.686269274 -0.717641584 0.118427366
vn 0.00392153871 0.435290797 0.900281369
vn -0.00392153871 0.435290797 0.900281369
vn -0.0352938484 0.0352938484 0.998753567
vn -0.0431369258 -0.00392153871 0.999061473
vn -0.0352938484 -0.0352938484 0.998753567
vn -0.00392153871 -0.435290797 0.900281369
vn 0.0352938484 0.0352938484 0.998753567
vn 0.00392153871 -0.435290797 0.900281369
vn 0.0431369258 -0.00392153871 0.999061473
vn 0.0352938484 -0.0352938484 0.998753567
vn 0.0117646161 0.0196076935 0.999738532
vn 0.00392153871 0.066666158 0.997767631
vn -0.00392153871 0.066666158 0.997767631
vn -0.0117646161 0.0196076935 0.999738532
vn -0.0117646161 0.00392153871 0.999923105
vn -0.0117646161 -0.0196076935 0.999738532
vn 0.0117646161 0.00392153871 0.999923105
vn -0.00392153871 -0.066666158 0.997767631
vn 0.0117646161 -0.0196076935 0.999738532
vn 0.00392153871 -0.066666158 0.997767631
vn -0.00392153871 0.960776984 0.277294445
vn -0.466663106 0.81960159 0.332383482
vn -0.921561596 0.027450771 0.38726048
vn -0.466663106 -0.81960159 0.332383482
vn -0.00392153871 -0.960776984 0.277294445
vn 0.00392153871 -0.960776984 0.277294445
vn 0.00392153871 0.960776984 0.277294445
vn 0.466663106 -0.81960159 0.332383482
vn 0.466663106 0.81960159 0.332383482
vn 0.921561596 0.027450771 0.38726048
vn -0.474506184 -0.843130822 0.25293141
vn -0.00392153871 -0.960776984 0.277294445
vn 0.00392153871 -0.960776984 0.277294445
vn 0.474506184 -0.843130822 0.25293141
vn 0.968620061 0.0352938484 0.246027482
vn 0.474506184 0.843130822 0.25293141
vn -0.968620061 0.0352938484 0.246027482
vn 0.00392153871 0.960776984 0.277294445
vn -0.474506184 0.843130822 0.25293141
vn -0.00392153871 0.960776984 0.277294445
vn 0.00392153871 -0.105881545 0.994371017
vn 0.105881545 -0.192155397 0.975635896
vn 0.207841552 0.00392153871 0.978154646
vn 0.105881545 0.184312319 0.977147925
vn -0.00392153871 0.00392153871 0.999984621
vn -0.00392153871 0.00392153871 0.999984621
vn -0.00392153871 -0.105881545 0.994371017
vn 0.00392153871 0.105881545 0.994371017
vn -0.105881545 -0.192155397 0.975635896
vn -0.00392153871 0.105881545 0.994371017
vn -0.207841552 0.00392153871 0.978154646
vn -0.105881545 0.184312319 0.977147925
vn -0.066666158 -0.0196076935 -0.997582659
vn -0.0588230806 0.0196076935 -0.998075841
vn -0.960776984 0.270586171 -0.060751231
vn -0.615567953 0.788083812 -0
vn -0.960481557 -0.278343635 -0
vn -0.0352938484 0.0431369258 -0.998445567
vn 0.223143683 0.974785564 -0
vn -0.027450771 -0.0196076935 -0.999430835
vn -0.843130822 -0.537250803 -0.022180874
vn 0.00392153871 0.027450771 -0.999615464
vn -0.372546177 0.921561596 -0.10924088
vn -0.027450771 -0.0196076935 -0.999430835
vn -0.835287745 -0.54509388 -0.071882159
vn -0.00392153871 0.00392153871 -0.999984621
vn -0.79480215 0.606868637 -0
vn -0.027450771 -0.027450771 -0.999246171
vn -0.00392153871 -0.027450771 -0.999615464
vn -0.631367732 -0.772543126 -0.0674678157
vn -0.105881545 -0.992149293 -0.0665498191
vn 0.00392153871 -0.0196076935 -0.99980006
vn 0.332615423 -0.943062554 -0
vn -0.027450771 0.0196076935 -0.999430835
vn -0.317644635 0.945090829 -0.0768453717
vn -0.0117646161 0.0352938484 -0.999307729
vn -0.0196040749 0.999807822 -0
vn -0.00392153871 0.0117646161 -0.999923105
vn 0.309174564 0.951005304 -0
vn 0.00392153871 0.0117646161 -0.999923105
vn 0.639210809 0.764700048 -0.0815069169
vn 0.0196076935 0.027450771 -0.999430835
vn 0.858183677 0.513342747 -0
vn 0.0196076935 0.0117646161 -0.999738532
vn 0.215684629 0.968620061 -0.123512422
vn 0.0196076935 -0.0117646161 -0.999738532
vn 0.81960159 -0.568623113 -0.0701497636
vn 0.00392153871 0.00392153871 -0.999984621
vn -0.537250803 0.843130822 -0.022180874
vn 0.00392153871 -0.00392153871 -0.999984621
vn 0.54509388 -0.835287745 -0.071882159
vn -0.0117646161 0.027450771 -0.999553925
vn -0.199998474 0.976463138 -0.0807486828
vn -0.0117646161 -0.0196076935 -0.999738532
vn -0.427447719 -0.898032364 -0.104049605
vn -0.00392153871 0.027450771 -0.999615464
vn 0.0196040749 0.999807822 -0
vn 0.00392153871 -0.0196076935 -0.99980006
vn 0.0743038327 -0.997235649 -0
vn 0.00392153871 0.027450771 -0.999615464
vn 0.325487713 0.945090829 -0.0293440684
vn -0.00392153871 -0.00392153871 -0.999984621
vn -0.662740042 -0.741170816 -0.106964755
vn 0.00392153871 0.0196076935 -0.99980006
vn 0.756205966 0.654333659 -0
vn -0.0196076935 -0.00392153871 -0.99980006
vn -0.97305722 -0.230563759 -0
vn -0.0196076935 -0.0196076935 -0.999615464
vn -0.717641584 -0.694112351 -0.056556177
vn 0.0117646161 0.0117646161 -0.999861584
vn 0.498035416 0.866660055 -0.0293440684
vn -0.0117646161 -0.0352938484 -0.999307729
vn -0.26179466 -0.965123596 -0
vn 0.0117646161 -0.027450771 -0.999553925
vn 0.317644635 -0.945090829 -0.0768453717
vn 0.00392153871 0.00392153871 -0.999984621
vn 0.380389255 0.921561596 -0.0776417341
vn 0.0117646161 -0.0196076935 -0.999738532
vn 0.443133874 -0.890189287 -0.105808333
vn 0.0117646161 0.027450771 -0.999553925
vn 0.788083812 0.615567953 -0
vn 0.0196076935 -0.027450771 -0.999430835
vn 0.592152345 -0.803915435 -0.0554578528
vn 0.027450771 0.0196076935 -0.999430835
vn 0.992149293 0.1215677 -0.0293440684
vn 0.113724623 -0.0352938484 -0.992885217
vn 0.952933906 -0.301958481 -0.0271670136
vn 0.105881545 0.0117646161 -0.994309153
vn -0.066666158 -0.0196076935 0.997582659
vn -0.960481557 -0.278343635 -0
vn -0.960776984 0.270586171 0.060751231
vn -0.027450771 -0.0196076935 0.999430835
vn -0.843130822 -0.537250803 0.022180874
vn -0.0588230806 0.0196076935 0.998075841
vn -0.615567953 0.788083812 -0
vn -0.0352938484 0.0431369258 0.998445567
vn 0.223143683 0.974785564 -0
vn 0.00392153871 0.027450771 0.999615464
vn -0.372546177 0.921561596 0.10924088
vn -0.027450771 -0.0196076935 0.999430835
vn -0.835287745 -0.54509388 0.071882159
vn -0.00392153871 0.00392153871 0.999984621
vn -0.79480215 0.606868637 -0
vn -0.027450771 -0.027450771 0.999246171
vn -0.00392153871 -0.027450771 0.999615464
vn -0.631367732 -0.772543126 0.0674678157
vn -0.105881545 -0.992149293 0.0665498191
vn 0.00392153871 -0.0196076935 0.99980006
vn 0.332615423 -0.943062554 -0
vn -0.027450771 0.0196076935 0.999430835
vn -0.317644635 0.945090829 0.0768453717
vn -0.0117646161 0.0352938484 0.999307729
vn -0.0196040749 0.999807822 -0
vn -0.00392153871 0.0117646161 0.999923105
vn 0.309174564 0.951005304 -0
vn 0.00392153871 0.0117646161 0.999923105
vn 0.639210809 0.764700048 0.0815069169
vn 0.0196076935 0.027450771 0.999430835
vn 0.858183677 0.513342747 -0
vn 0.0196076935 0.0117646161 0.999738532
vn 0.215684629 0.968620061 0.123512422
vn 0.0196076935 -0.0117646161 0.999738532
vn 0.81960159 -0.568623113 0.0701497636
vn 0.00392153871 0.00392153871 0.999984621
vn -0.537250803 0.843130822 0.022180874
vn 0.00392153871 -0.00392153871 0.999984621
vn 0.54509388 -0.835287745 0.071882159
vn -0.0117646161 0.027450771 0.999553925
vn -0.199998474 0.976463138 0.0807486828
vn -0.0117646161 -0.0196076935 0.999738532
vn -0.427447719 -0.898032364 0.104049605
vn -0.00392153871 0.027450771 0.999615464
vn 0.0196040749 0.999807822 -0
vn 0.00392153871 -0.0196076935 0.99980006
vn 0.0743038327 -0.997235649 -0
vn 0.00392153871 0.027450771 0.999615464
vn 0.325487713 0.945090829 0.0293440684
vn -0.00392153871 -0.00392153871 0.999984621
vn -0.662740042 -0.741170816 0.106964755
vn 0.00392153871 0.0196076935 0.99980006
vn 0.756205966 0.654333659 -0
vn -0.0196076935 -0.00392153871 0.99980006
vn -0.97305722 -0.230563759 -0
vn -0.0196076935 -0.0196076935 0.999615464
vn -0.717641584 -0.694112351 0.056556177
vn 0.0117646161 0.0117646161 0.999861584
vn 0.498035416 0.866660055 0.0293440684
vn -0.0117646161 -0.0352938484 0.999307729
vn -0.26179466 -0.965123596 -0
vn 0.0117646161 -0.027450771 0.999553925
vn 0.317644635 -0.945090829 0.0768453717
vn 0.00392153871 0.00392153871 0.999984621
vn 0.380389255 0.921561596 0.0776417341
vn 0.0117646161 -0.0196076935 0.999738532
vn 0.443133874 -0.890189287 0.105808333
vn 0.0117646161 0.027450771 0.999553925
vn 0.788083812 0.615567953 -0
vn 0.0196076935 -0.027450771 0.999430835
vn 0.592152345 -0.803915435 0.0554578528
vn 0.027450771 0.0196076935 0.999430835
vn 0.992149293 0.1215677 0.0293440684
vn 0.113724623 -0.0352938484 0.992885217
vn 0.952933906 -0.301958481 0.0271670136
vn 0.105881545 0.0117646161 0.994309153
vn 0.066666158 -0.0196076935 -0.997582659
vn 0.960481557 -0.278343635 -0
vn 0.960776984 0.270586171 -0.060751231
vn 0.027450771 -0.0196076935 -0.999430835
vn 0.843130822 -0.537250803 -0.022180874
vn 0.0588230806 0.0196076935 -0.998075841
vn 0.615567953 0.788083812 -0
vn 0.0352938484 0.0431369258 -0.998445567
vn -0.223143683 0.974785564 -0
vn -0.00392153871 0.027450771 -0.999615464
vn 0.372546177 0.921561596 -0.10924088
vn 0.027450771 -0.0196076935 -0.999430835
vn 0.835287745 -0.54509388 -0.071882159
vn 0.00392153871 0.00392153871 -0.999984621
vn 0.79480215 0.606868637 -0
vn 0.027450771 -0.027450771 -0.999246171
vn 0.00392153871 -0.027450771 -0.999615464
vn 0.631367732 -0.772543126 -0.0674678157
vn 0.105881545 -0.992149293 -0.0665498191
vn -0.00392153871 -0.0196076935 -0.99980006
vn -0.332615423 -0.943062554 -0
vn 0.027450771 0.0196076935 -0.999430835
vn 0.317644635 0.945090829 -0.0768453717
vn 0.0117646161 0.0352938484 -0.999307729
vn 0.0196040749 0.999807822 -0
vn 0.00392153871 0.0117646161 -0.999923105
vn -0.309174564 0.951005304 -0
vn -0.00392153871 0.0117646161 -0.999923105
vn -0.639210809 0.764700048 -0.0815069169
vn -0.0196076935 0.027450771 -0.999430835
vn -0.858183677 0.513342747 -0
vn -0.0196076935 0.0117646161 -0.999738532
vn -0.215684629 0.968620061 -0.123512422
vn -0.0196076935 -0.0117646161 -0.999738532
vn -0.81960159 -0.568623113 -0.0701497636
vn -0.00392153871 0.00392153871 -0.999984621
vn 0.537250803 0.843130822 -0.022180874
vn -0.00392153871 -0.00392153871 -0.999984621
vn -0.54509388 -0.835287745 -0.071882159
vn 0.0117646161 0.027450771 -0.999553925
vn 0.199998474 0.976463138 -0.0807486828
vn 0.0117646161 -0.0196076935 -0.999738532
vn 0.427447719 -0.898032364 -0.104049605
vn 0.00392153871 0.027450771 -0.999615464
vn -0.0196040749 0.999807822 -0
vn -0.00392153871 -0.0196076935 -0.99980006
vn -0.0743038327 -0.997235649 -0
vn -0.00392153871 0.027450771 -0.999615464
vn -0.325487713 0.945090829 -0.0293440684
vn 0.00392153871 -0.00392153871 -0.999984621
vn 0.662740042 -0.741170816 -0.106964755
vn -0.00392153871 0.0196076935 -0.99980006
vn -0.756205966 0.654333659 -0
vn 0.0196076935 -0.00392153871 -0.99980006
vn 0.97305722 -0.230563759 -0
vn 0.0196076935 -0.0196076935 -0.999615464
vn 0.717641584 -0.694112351 -0.056556177
vn -0.0117646161 0.0117646161 -0.999861584
vn -0.498035416 0.866660055 -0.0293440684
vn 0.0117646161 -0.0352938484 -0.999307729
vn 0.26179466 -0.965123596 -0
vn -0.0117646161 -0.027450771 -0.999553925
vn -0.317644635 -0.945090829 -0.0768453717
vn -0.00392153871 0.00392153871 -0.999984621
vn -0.380389255 0.921561596 -0.0776417341
vn -0.0117646161 -0.0196076935 -0.999738532
vn -0.443133874 -0.890189287 -0.105808333
vn -0.0117646161 0.027450771 -0.999553925
vn -0.788083812 0.615567953 -0
vn -0.0196076935 -0.027450771 -0.999430835
vn -0.592152345 -0.803915435 -0.0554578528
vn -0.027450771 0.0196076935 -0.999430835
vn -0.992149293 0.1215677 -0.0293440684
vn -0.113724623 -0.0352938484 -0.992885217
vn -0.952933906 -0.301958481 -0.0271670136
vn -0.105881545 0.0117646161 -0.994309153
vn 0.066666158 -0.0196076935 0.997582659
vn 0.0588230806 0.0196076935 0.998075841
vn 0.960776984 0.270586171 0.060751231
vn 0.960481557 -0.278343635 -0
vn 0.615567953 0.788083812 -0
vn 0.027450771 -0.0196076935 0.999430835
vn 0.843130822 -0.537250803 0.022180874
vn 0.0352938484 0.0431369258 0.998445567
vn -0.223143683 0.974785564 -0
vn -0.00392153871 0.027450771 0.999615464
vn 0.372546177 0.921561596 0.10924088
vn 0.027450771 -0.0196076935 0.999430835
vn 0.835287745 -0.54509388 0.071882159
vn 0.00392153871 0.00392153871 0.999984621
vn 0.79480215 0.606868637 -0
vn 0.027450771 -0.027450771 0.999246171
vn 0.00392153871 -0.027450771 0.999615464
vn 0.631367732 -0.772543126 0.0674678157
vn 0.105881545 -0.992149293 0.0665498191
vn -0.00392153871 -0.0196076935 0.99980006
vn -0.332615423 -0.943062554 -0
vn 0.027450771 0.0196076935 0.999430835
vn 0.317644635 0.945090829 0.0768453717
vn 0.0117646161 0.0352938484 0.999307729
vn 0.0196040749 0.999807822 -0
vn 0.00392153871 0.0117646161 0.999923105
vn -0.309174564 0.951005304 -0
vn -0.00392153871 0.0117646161 0.999923105
vn -0.639210809 0.764700048 0.0815069169
vn -0.0196076935 0.027450771 0.999430835
vn -0.858183677 0.513342747 -0
vn -0.0196076935 0.0117646161 0.999738532
vn -0.215684629 0.968620061 0.123512422
vn -0.0196076935 -0.0117646161 0.999738532
vn -0.81960159 -0.568623113 0.0701497636
vn -0.00392153871 0.00392153871 0.999984621
vn 0.537250803 0.843130822 0.022180874
vn -0.00392153871 -0.00392153871 0.999984621
vn -0.54509388 -0.835287745 0.071882159
vn 0.0117646161 0.027450771 0.999553925
vn 0.199998474 0.976463138 0.0807486828
vn 0.0117646161 -0.0196076935 0.999738532
vn 0.427447719 -0.898032364 0.104049605
vn 0.00392153871 0.027450771 0.999615464
vn -0.0196040749 0.999807822 -0
vn -0.00392153871 -0.0196076935 0.99980006
vn -0.0743038327 -0.997235649 -0
vn -0.00392153871 0.027450771 0.999615464
vn -0.325487713 0.945090829 0.0293440684
vn 0.00392153871 -0.00392153871 0.999984621
vn 0.662740042 -0.741170816 0.106964755
vn -0.00392153871 0.0196076935 0.99980006
vn -0.756205966 0.654333659 -0
vn 0.0196076935 -0.00392153871 0.99980006
vn 0.97305722 -0.230563759 -0
vn 0.0196076935 -0.0196076935 0.999615464
vn 0.717641584 -0.694112351 0.056556177
vn -0.0117646161 0.0117646161 0.999861584
vn -0.498035416 0.866660055 0.0293440684
vn 0.0117646161 -0.0352938484 0.999307729
vn 0.26179466 -0.965123596 -0
vn -0.0117646161 -0.027450771 0.999553925
vn -0.317644635 -0.945090829 0.0768453717
vn -0.00392153871 0.00392153871 0.999984621
vn -0.380389255 0.921561596 0.0776417341
vn -0.0117646161 -0.0196076935 0.999738532
vn -0.443133874 -0.890189287 0.105808333
vn -0.0117646161 0.027450771 0.999553925
vn -0.788083812 0.615567953 -0
vn -0.0196076935 -0.027450771 0.999430835
vn -0.592152345 -0.803915435 0.0554578528
vn -0.027450771 0.0196076935 0.999430835
vn -0.992149293 0.1215677 0.0293440684
vn -0.113724623 -0.0352938484 0.992885217
vn -0.952933906 -0.301958481 0.0271670136
vn -0.105881545 0.0117646161 0.994309153
vn 0.105881545 0.00392153871 0.994371017
vn 0.0901953903 0.0509800032 0.994618435
vn 0.0509800032 0.0901953903 0.994618435
vn -0.00392153871 0.105881545 0.994371017
vn -0.0509800032 0.0901953903 0.994618435
vn -0.0901953903 0.0509800032 0.994618435
vn -0.105881545 0.00392153871 0.994371017
g item_10_0
f 3/3/3 2/2/2 1/1/1
f 6/6/6 5/5/5 4/4/4
f 9/9/9 8/8/8 7/7/7
f 12/12/12 11/11/11 10/10/10
f 15/15/15 14/14/14 13/13/13
f 18/18/18 17/17/17 16/16/16
f 21/21/21 20/20/20 19/19/19
f 24/24/24 23/23/23 22/22/22
f 27/27/27 26/26/26 25/25/25
f 28/28/28 27/27/27 25/25/25
f 28/28/28 25/25/25 29/29/29
f 30/30/30 28/28/28 29/29/29
f 30/30/30 29/29/29 31/31/31
f 32/32/32 30/30/30 31/31/31
f 32/32/32 31/31/31 33/33/33
f 34/34/34 32/32/32 33/33/33
f 34/34/34 33/33/33 35/35/35
f 36/36/36 34/34/34 35/35/35
f 36/36/36 35/35/35 37/37/37
f 38/38/38 36/36/36 37/37/37
f 38/38/38 37/37/37 39/39/39
f 40/40/40 38/38/38 39/39/39
f 40/40/40 39/39/39 41/41/41
f 42/42/42 40/40/40 41/41/41
f 42/42/42 41/41/41 43/43/43
f 44/44/44 42/42/42 43/43/43
f 44/44/44 43/43/43 45/45/45
f 46/46/46 44/44/44 45/45/45
f 46/46/46 45/45/45 47/47/47
f 48/48/48 46/46/46 47/47/47
f 48/48/48 47/47/47 49/49/49
f 50/50/50 48/48/48 49/49/49
f 50/50/50 49/49/49 51/51/51
f 52/52/52 50/50/50 51/51/51
f 52/52/52 51/51/51 53/53/53
f 54/54/54 52/52/52 53/53/53
f 54/54/54 53/53/53 55/55/55
f 56/56/56 54/54/54 55/55/55
f 56/56/56 55/55/55 57/57/57
f 58/58/58 56/56/56 57/57/57
f 58/58/58 57/57/57 59/59/59
f 60/60/60 58/58/58 59/59/59
f 60/60/60 59/59/59 61/61/61
f 62/62/62 60/60/60 61/61/61
f 62/62/62 61/61/61 63/63/63
f 64/64/64 62/62/62 63/63/63
f 64/64/64 63/63/63 65/65/65
f 66/66/66 64/64/64 65/65/65
f 69/69/69 68/68/68 67/67/67
f 68/68/68 70/70/70 67/67/67
f 67/67/67 70/70/70 71/71/71
f 70/70/70 72/72/72 71/71/71
f 71/71/71 72/72/72 73/73/73
f 72/72/72 74/74/74 73/73/73
f 73/73/73 74/74/74 75/75/75
f 74/74/74 76/76/76 75/75/75
f 75/75/75 76/76/76 77/77/77
f 76/76/76 78/78/78 77/77/77
f 77/77/77 78/78/78 79/79/79
f 78/78/78 80/80/80 79/79/79
f 79/79/79 80/80/80 81/81/81
f 80/80/80 82/82/82 81/81/81
f 81/81/81 82/82/82 83/83/83
f 82/82/82 84/84/84 83/83/83
f 83/83/83 84/84/84 85/85/85
f 84/84/84 86/86/86 85/85/85
f 85/85/85 86/86/86 87/87/87
f 86/86/86 88/88/88 87/87/87
f 87/87/87 88/88/88 89/89/89
f 88/88/88 90/90/90 89/89/89
f 89/89/89 90/90/90 91/91/91
f 90/90/90 92/92/92 91/91/91
f 91/91/91 92/92/92 93/93/93
f 92/92/92 94/94/94 93/93/93
f 93/93/93 94/94/94 95/95/95
f 94/94/94 96/96/96 95/95/95
f 95/95/95 96/96/96 97/97/97
f 96/96/96 98/98/98 97/97/97
f 97/97/97 98/98/98 99/99/99
f 98/98/98 100/100/100 99/99/99
f 99/99/99 100/100/100 101/101/101
f 100/100/100 102/102/102 101/101/101
f 101/101/101 102/102/102 103/103/103
f 102/102/102 104/104/104 103/103/103
f 103/103/103 104/104/104 105/105/105
f 104/104/104 106/106/106 105/105/105
f 105/105/105 106/106/106 107/107/107
f 108/108/108 105/105/105 107/107/107
f 111/111/111 110/110/110 109/109/109
f 110/110/110 112/112/112 109/109/109
f 109/109/109 112/112/112 113/113/113
f 112/112/112 114/114/114 113/113/113
f 113/113/113 114/114/114 115/115/115
f 114/114/114 116/116/116 115/115/115
f 115/115/115 116/116/116 117/117/117
f 116/116/116 118/118/118 117/117/117
f 117/117/117 118/118/118 119/119/119
f 118/118/118 120/120/120 119/119/119
f 119/119/119 120/120/120 121/121/121
f 120/120/120 122/122/122 121/121/121
f 121/121/121 122/122/122 123/123/123
f 122/122/122 124/124/124 123/123/123
f 123/123/123 124/124/124 125/125/125
f 124/124/124 126/126/126 125/125/125
f 125/125/125 126/126/126 127/127/127
f 126/126/126 128/128/128 127/127/127
f 127/127/127 128/128/128 129/129/129
f 128/128/128 130/130/130 129/129/129
f 129/129/129 130/130/130 131/131/131
f 130/130/130 132/132/132 131/131/131
f 131/131/131 132/132/132 133/133/133
f 132/132/132 134/134/134 133/133/133
f 133/133/133 134/134/134 135/135/135
f 134/134/134 136/136/136 135/135/135
f 135/135/135 136/136/136 137/137/137
f 136/136/136 138/138/138 137/137/137
f 137/137/137 138/138/138 139/139/139
f 138/138/138 140/140/140 139/139/139
f 139/139/139 140/140/140 141/141/141
f 140/140/140 142/142/142 141/141/141
f 141/141/141 142/142/142 143/143/143
f 142/142/142 144/144/144 143/143/143
f 143/143/143 144/144/144 145/145/145
f 144/144/144 146/146/146 145/145/145
f 145/145/145 146/146/146 147/147/147
f 146/146/146 148/148/148 147/147/147
f 147/147/147 148/148/148 149/149/149
f 148/148/148 150/150/150 149/149/149
f 153/153/153 152/152/152 151/151/151
f 154/154/154 153/153/153 151/151/151
f 154/154/154 151/151/151 155/155/155
f 156/156/156 154/154/154 155/155/155
f 156/156/156 155/155/155 157/157/157
f 158/158/158 156/156/156 157/157/157
f 158/158/158 157/157/157 159/159/159
f 160/160/160 158/158/158 159/159/159
f 160/160/160 159/159/159 161/161/161
f 162/162/162 160/160/160 161/161/161
f 162/162/162 161/161/161 163/163/163
f 164/164/164 162/162/162 163/163/163
f 164/164/164 163/163/163 165/165/165
f 166/166/166 164/164/164 165/165/165
f 166/166/166 165/165/165 167/167/167
f 168/168/168 166/166/166 167/167/167
f 168/168/168 167/167/167 169/169/169
f 170/170/170 168/168/168 169/169/169
f 170/170/170 169/169/169 171/171/171
f 172/172/172 170/170/170 171/171/171
f 172/172/172 171/171/171 173/173/173
f 174/174/174 172/172/172 173/173/173
f 174/174/174 173/173/173 175/175/175
f 176/176/176 174/174/174 175/175/175
f 176/176/176 175/175/175 177/177/177
f 178/178/178 176/176/176 177/177/177
f 178/178/178 177/177/177 179/179/179
f 180/180/180 178/178/178 179/179/179
f 180/180/180 179/179/179 181/181/181
f 182/182/182 180/180/180 181/181/181
f 182/182/182 181/181/181 183/183/183
f 184/184/184 182/182/182 183/183/183
f 184/184/184 183/183/183 185/185/185
f 186/186/186 184/184/184 185/185/185
f 186/186/186 185/185/185 187/187/187
f 188/188/188 186/186/186 187/187/187
f 188/188/188 187/187/187 189/189/189
f 190/190/190 188/188/188 189/189/189
f 190/190/190 189/189/189 191/191/191
f 189/189/189 192/192/192 191/191/191
f 195/195/195 194/194/194 193/193/193
f 194/194/194 196/196/196 193/193/193
f 197/197/197 193/193/193 196/196/196
f 196/196/196 194/194/194 198/198/198
f 194/194/194 199/199/199 198/198/198
f 198/198/198 199/199/199 200/200/200
f 199/199/199 201/201/201 200/200/200
f 202/202/202 200/200/200 201/201/201
f 203/203/203 202/202/202 201/201/201
f 202/202/202 203/203/203 204/204/204
f 205/205/205 202/202/202 204/204/204
f 205/205/205 206/206/206 202/202/202
f 200/200/200 202/202/202 207/207/207
f 206/206/206 207/207/207 202/202/202
f 198/198/198 200/200/200 208/208/208
f 208/208/208 200/200/200 207/207/207
f 209/209/209 207/207/207 206/206/206
f 207/207/207 209/209/209 208/208/208
f 210/210/210 209/209/209 206/206/206
f 196/196/196 198/198/198 211/211/211
f 211/211/211 198/198/198 208/208/208
f 209/209/209 212/212/212 208/208/208
f 211/211/211 208/208/208 212/212/212
f 213/213/213 209/209/209 210/210/210
f 209/209/209 213/213/213 212/212/212
f 214/214/214 213/213/213 210/210/210
f 215/215/215 196/196/196 211/211/211
f 215/215/215 197/197/197 196/196/196
f 216/216/216 211/211/211 212/212/212
f 215/215/215 211/211/211 216/216/216
f 215/215/215 217/217/217 197/197/197
f 217/217/217 215/215/215 216/216/216
f 217/217/217 218/218/218 197/197/197
f 213/213/213 219/219/219 212/212/212
f 216/216/216 212/212/212 219/219/219
f 220/220/220 213/213/213 214/214/214
f 213/213/213 220/220/220 219/219/219
f 221/221/221 220/220/220 214/214/214
f 217/217/217 222/222/222 218/218/218
f 222/222/222 223/223/223 218/218/218
f 216/216/216 224/224/224 217/217/217
f 224/224/224 216/216/216 219/219/219
f 224/224/224 222/222/222 217/217/217
f 220/220/220 225/225/225 219/219/219
f 224/224/224 219/219/219 225/225/225
f 226/226/226 220/220/220 221/221/221
f 220/220/220 226/226/226 225/225/225
f 227/227/227 226/226/226 221/221/221
f 222/222/222 228/228/228 223/223/223
f 228/228/228 229/229/229 223/223/223
f 224/224/224 230/230/230 222/222/222
f 230/230/230 224/224/224 225/225/225
f 230/230/230 228/228/228 222/222/222
f 231/231/231 226/226/226 227/227/227
f 232/232/232 231/231/231 227/227/227
f 226/226/226 233/233/233 225/225/225
f 230/230/230 225/225/225 233/233/233
f 226/226/226 231/231/231 233/233/233
f 228/228/228 234/234/234 229/229/229
f 234/234/234 235/235/235 229/229/229
f 235/235/235 234/234/234 236/236/236
f 230/230/230 237/237/237 228/228/228
f 237/237/237 234/234/234 228/228/228
f 237/237/237 230/230/230 233/233/233
f 238/238/238 231/231/231 232/232/232
f 239/239/239 238/238/238 232/232/232
f 234/234/234 240/240/240 236/236/236
f 234/234/234 237/237/237 240/240/240
f 241/241/241 237/237/237 233/233/233
f 237/237/237 241/241/241 240/240/240
f 231/231/231 242/242/242 233/233/233
f 231/231/231 238/238/238 242/242/242
f 242/242/242 241/241/241 233/233/233
f 243/243/243 238/238/238 239/239/239
f 244/244/244 243/243/243 239/239/239
f 238/238/238 245/245/245 242/242/242
f 241/241/241 242/242/242 245/245/245
f 238/238/238 243/243/243 245/245/245
f 240/240/240 246/246/246 236/236/236
f 246/246/246 247/247/247 236/236/236
f 241/241/241 248/248/248 240/240/240
f 248/248/248 241/241/241 245/245/245
f 248/248/248 246/246/246 240/240/240
f 249/249/249 243/243/243 244/244/244
f 250/250/250 249/249/249 244/244/244
f 243/243/243 251/251/251 245/245/245
f 248/248/248 245/245/245 251/251/251
f 243/243/243 249/249/249 251/251/251
f 246/246/246 252/252/252 247/247/247
f 252/252/252 253/253/253 247/247/247
f 248/248/248 254/254/254 246/246/246
f 254/254/254 248/248/248 251/251/251
f 254/254/254 252/252/252 246/246/246
f 255/255/255 249/249/249 250/250/250
f 256/256/256 255/255/255 250/250/250
f 249/249/249 257/257/257 251/251/251
f 254/254/254 251/251/251 257/257/257
f 249/249/249 255/255/255 257/257/257
f 252/252/252 258/258/258 253/253/253
f 258/258/258 259/259/259 253/253/253
f 254/254/254 260/260/260 252/252/252
f 260/260/260 254/254/254 257/257/257
f 260/260/260 258/258/258 252/252/252
f 261/261/261 255/255/255 256/256/256
f 262/262/262 261/261/261 256/256/256
f 262/262/262 263/263/263 261/261/261
f 263/263/263 264/264/264 261/261/261
f 255/255/255 265/265/265 257/257/257
f 260/260/260 257/257/257 265/265/265
f 255/255/255 261/261/261 265/265/265
f 261/261/261 264/264/264 266/266/266
f 261/261/261 266/266/266 265/265/265
f 264/264/264 267/267/267 266/266/266
f 267/267/267 268/268/268 266/266/266
f 269/269/269 260/260/260 265/265/265
f 260/260/260 269/269/269 258/258/258
f 269/269/269 265/265/265 266/266/266
f 268/268/268 270/270/270 266/266/266
f 270/270/270 269/269/269 266/266/266
f 269/269/269 271/271/271 258/258/258
f 269/269/269 270/270/270 271/271/271
f 258/258/258 271/271/271 259/259/259
f 271/271/271 272/272/272 259/259/259
f 270/270/270 268/268/268 273/273/273
f 270/270/270 273/273/273 271/271/271
f 271/271/271 273/273/273 272/272/272
f 268/268/268 274/274/274 273/273/273
f 273/273/273 275/275/275 272/272/272
f 274/274/274 276/276/276 273/273/273
f 276/276/276 275/275/275 273/273/273
f 279/279/279 278/278/278 277/277/277
f 280/280/280 279/279/279 277/277/277
f 277/277/277 281/281/281 280/280/280
f 279/279/279 280/280/280 282/282/282
f 283/283/283 279/279/279 282/282/282
f 283/283/283 282/282/282 284/284/284
f 285/285/285 283/283/283 284/284/284
f 284/284/284 286/286/286 285/285/285
f 286/286/286 287/287/287 285/285/285
f 287/287/287 286/286/286 288/288/288
f 286/286/286 289/289/289 288/288/288
f 290/290/290 289/289/289 286/286/286
f 286/286/286 284/284/284 291/291/291
f 291/291/291 290/290/290 286/286/286
f 284/284/284 282/282/282 292/292/292
f 284/284/284 292/292/292 291/291/291
f 291/291/291 293/293/293 290/290/290
f 293/293/293 291/291/291 292/292/292
f 293/293/293 294/294/294 290/290/290
f 282/282/282 280/280/280 295/295/295
f 282/282/282 295/295/295 292/292/292
f 293/293/293 296/296/296 294/294/294
f 296/296/296 297/297/297 294/294/294
f 298/298/298 293/293/293 292/292/292
f 292/292/292 295/295/295 298/298/298
f 296/296/296 293/293/293 298/298/298
f 280/280/280 299/299/299 295/295/295
f 281/281/281 299/299/299 280/280/280
f 296/296/296 300/300/300 297/297/297
f 300/300/300 301/301/301 297/297/297
f 302/302/302 296/296/296 298/298/298
f 300/300/300 296/296/296 302/302/302
f 295/295/295 303/303/303 298/298/298
f 295/295/295 299/299/299 303/303/303
f 298/298/298 303/303/303 302/302/302
f 304/304/304 299/299/299 281/281/281
f 299/299/299 304/304/304 303/303/303
f 305/305/305 304/304/304 281/281/281
f 300/300/300 306/306/306 301/301/301
f 306/306/306 307/307/307 301/301/301
f 308/308/308 300/300/300 302/302/302
f 306/306/306 300/300/300 308/308/308
f 303/303/303 309/309/309 302/302/302
f 309/309/309 303/303/303 304/304/304
f 302/302/302 309/309/309 308/308/308
f 310/310/310 304/304/304 305/305/305
f 310/310/310 309/309/309 304/304/304
f 311/311/311 310/310/310 305/305/305
f 306/306/306 312/312/312 307/307/307
f 312/312/312 313/313/313 307/307/307
f 314/314/314 306/306/306 308/308/308
f 312/312/312 306/306/306 314/314/314
f 309/309/309 315/315/315 308/308/308
f 315/315/315 309/309/309 310/310/310
f 308/308/308 315/315/315 314/314/314
f 316/316/316 310/310/310 311/311/311
f 316/316/316 315/315/315 310/310/310
f 317/317/317 316/316/316 311/311/311
f 312/312/312 318/318/318 313/313/313
f 318/318/318 319/319/319 313/313/313
f 320/320/320 315/315/315 316/316/316
f 315/315/315 320/320/320 314/314/314
f 321/321/321 316/316/316 317/317/317
f 321/321/321 320/320/320 316/316/316
f 322/322/322 321/321/321 317/317/317
f 321/321/321 322/322/322 323/323/323
f 324/324/324 312/312/312 314/314/314
f 318/318/318 312/312/312 324/324/324
f 318/318/318 325/325/325 319/319/319
f 325/325/325 326/326/326 319/319/319
f 320/320/320 327/327/327 314/314/314
f 327/327/327 324/324/324 314/314/314
f 320/320/320 321/321/321 328/328/328
f 328/328/328 321/321/321 323/323/323
f 327/327/327 320/320/320 328/328/328
f 329/329/329 318/318/318 324/324/324
f 324/324/324 327/327/327 329/329/329
f 325/325/325 318/318/318 329/329/329
f 325/325/325 330/330/330 326/326/326
f 330/330/330 331/331/331 326/326/326
f 332/332/332 328/328/328 323/323/323
f 333/333/333 332/332/332 323/323/323
f 334/334/334 327/327/327 328/328/328
f 327/327/327 334/334/334 329/329/329
f 332/332/332 334/334/334 328/328/328
f 335/335/335 325/325/325 329/329/329
f 329/329/329 334/334/334 335/335/335
f 330/330/330 325/325/325 335/335/335
f 330/330/330 336/336/336 331/331/331
f 336/336/336 337/337/337 331/331/331
f 338/338/338 332/332/332 333/333/333
f 339/339/339 338/338/338 333/333/333
f 340/340/340 334/334/334 332/332/332
f 334/334/334 340/340/340 335/335/335
f 338/338/338 340/340/340 332/332/332
f 341/341/341 330/330/330 335/335/335
f 335/335/335 340/340/340 341/341/341
f 336/336/336 330/330/330 341/341/341
f 336/336/336 342/342/342 337/337/337
f 342/342/342 343/343/343 337/337/337
f 344/344/344 343/343/343 342/342/342
f 345/345/345 344/344/344 342/342/342
f 346/346/346 338/338/338 339/339/339
f 347/347/347 346/346/346 339/339/339
f 348/348/348 340/340/340 338/338/338
f 340/340/340 348/348/348 341/341/341
f 346/346/346 348/348/348 338/338/338
f 349/349/349 336/336/336 341/341/341
f 342/342/342 336/336/336 349/349/349
f 341/341/341 348/348/348 349/349/349
f 345/345/345 342/342/342 350/350/350
f 350/350/350 342/342/342 349/349/349
f 351/351/351 345/345/345 350/350/350
f 352/352/352 351/351/351 350/350/350
f 348/348/348 353/353/353 349/349/349
f 353/353/353 348/348/348 346/346/346
f 349/349/349 353/353/353 350/350/350
f 354/354/354 346/346/346 347/347/347
f 354/354/354 353/353/353 346/346/346
f 355/355/355 354/354/354 347/347/347
f 353/353/353 356/356/356 350/350/350
f 356/356/356 352/352/352 350/350/350
f 356/356/356 353/353/353 354/354/354
f 357/357/357 354/354/354 355/355/355
f 357/357/357 356/356/356 354/354/354
f 352/352/352 356/356/356 357/357/357
f 358/358/358 357/357/357 355/355/355
f 359/359/359 352/352/352 357/357/357
f 358/358/358 360/360/360 357/357/357
f 360/360/360 359/359/359 357/357/357
f 363/363/363 362/362/362 361/361/361
f 362/362/362 364/364/364 361/361/361
f 361/361/361 364/364/364 365/365/365
f 364/364/364 366/366/366 365/365/365
f 365/365/365 366/366/366 367/367/367
f 366/366/366 368/368/368 367/367/367
f 367/367/367 368/368/368 369/369/369
f 368/368/368 370/370/370 369/369/369
f 369/369/369 370/370/370 371/371/371
f 370/370/370 372/372/372 371/371/371
f 371/371/371 372/372/372 373/373/373
f 372/372/372 374/374/374 373/373/373
f 373/373/373 374/374/374 375/375/375
f 374/374/374 376/376/376 375/375/375
f 375/375/375 376/376/376 377/377/377
f 376/376/376 378/378/378 377/377/377
f 377/377/377 378/378/378 379/379/379
f 378/378/378 380/380/380 379/379/379
f 379/379/379 380/380/380 381/381/381
f 380/380/380 382/382/382 381/381/381
f 381/381/381 382/382/382 383/383/383
f 382/382/382 384/384/384 383/383/383
f 383/383/383 384/384/384 385/385/385
f 384/384/384 386/386/386 385/385/385
f 385/385/385 386/386/386 387/387/387
f 386/386/386 388/388/388 387/387/387
f 387/387/387 388/388/388 389/389/389
f 388/388/388 390/390/390 389/389/389
f 389/389/389 390/390/390 391/391/391
f 390/390/390 392/392/392 391/391/391
f 391/391/391 392/392/392 393/393/393
f 392/392/392 394/394/394 393/393/393
f 393/393/393 394/394/394 395/395/395
f 394/394/394 396/396/396 395/395/395
f 395/395/395 396/396/396 397/397/397
f 396/396/396 398/398/398 397/397/397
f 397/397/397 398/398/398 399/399/399
f 398/398/398 400/400/400 399/399/399
f 399/399/399 400/400/400 401/401/401
f 400/400/400 402/402/402 401/401/401
f 401/401/401 402/402/402 403/403/403
f 402/402/402 404/404/404 403/403/403
f 403/403/403 404/404/404 405/405/405
f 404/404/404 406/406/406 405/405/405
f 405/405/405 406/406/406 407/407/407
f 406/406/406 408/408/408 407/407/407
f 407/407/407 408/408/408 409/409/409
f 408/408/408 410/410/410 409/409/409
f 409/409/409 410/410/410 411/411/411
f 410/410/410 412/412/412 411/411/411
f 411/411/411 412/412/412 413/413/413
f 412/412/412 414/414/414 413/413/413
f 413/413/413 414/414/414 415/415/415
f 414/414/414 416/416/416 415/415/415
f 415/415/415 416/416/416 417/417/417
f 416/416/416 418/418/418 417/417/417
f 417/417/417 418/418/418 419/419/419
f 418/418/418 420/420/420 419/419/419
f 419/419/419 420/420/420 421/421/421
f 420/420/420 422/422/422 421/421/421
f 421/421/421 422/422/422 423/423/423
f 422/422/422 424/424/424 423/423/423
f 423/423/423 424/424/424 425/425/425
f 424/424/424 426/426/426 425/425/425
f 425/425/425 426/426/426 427/427/427
f 426/426/426 428/428/428 427/427/427
f 427/427/427 428/428/428 429/429/429
f 428/428/428 430/430/430 429/429/429
f 429/429/429 430/430/430 431/431/431
f 430/430/430 432/432/432 431/431/431
f 431/431/431 432/432/432 433/433/433
f 432/432/432 434/434/434 433/433/433
f 433/433/433 434/434/434 435/435/435
f 434/434/434 436/436/436 435/435/435
f 435/435/435 436/436/436 437/437/437
f 436/436/436 438/438/438 437/437/437
f 441/441/441 440/440/440 439/439/439
f 442/442/442 441/441/441 439/439/439
f 442/442/442 439/439/439 443/443/443
f 444/444/444 442/442/442 443/443/443
f 444/444/444 443/443/443 445/445/445
f 446/446/446 444/444/444 445/445/445
f 446/446/446 445/445/445 447/447/447
f 448/448/448 446/446/446 447/447/447
f 448/448/448 447/447/447 449/449/449
f 450/450/450 448/448/448 449/449/449
f 450/450/450 449/449/449 451/451/451
f 452/452/452 450/450/450 451/451/451
f 452/452/452 451/451/451 453/453/453
f 454/454/454 452/452/452 453/453/453
f 454/454/454 453/453/453 455/455/455
f 456/456/456 454/454/454 455/455/455
f 456/456/456 455/455/455 457/457/457
f 458/458/458 456/456/456 457/457/457
f 458/458/458 457/457/457 459/459/459
f 460/460/460 458/458/458 459/459/459
f 460/460/460 459/459/459 461/461/461
f 462/462/462 460/460/460 461/461/461
f 462/462/462 461/461/461 463/463/463
f 464/464/464 462/462/462 463/463/463
f 464/464/464 463/463/463 465/465/465
f 466/466/466 464/464/464 465/465/465
f 466/466/466 465/465/465 467/467/467
f 468/468/468 466/466/466 467/467/467
f 468/468/468 467/467/467 469/469/469
f 470/470/470 468/468/468 469/469/469
f 470/470/470 469/469/469 471/471/471
f 472/472/472 470/470/470 471/471/471
f 472/472/472 471/471/471 473/473/473
f 474/474/474 472/472/472 473/473/473
f 474/474/474 473/473/473 475/475/475
f 476/476/476 474/474/474 475/475/475
f 476/476/476 475/475/475 477/477/477
f 478/478/478 476/476/476 477/477/477
f 478/478/478 477/477/477 479/479/479
f 480/480/480 478/478/478 479/479/479
f 480/480/480 479/479/479 481/481/481
f 482/482/482 480/480/480 481/481/481
f 482/482/482 481/481/481 483/483/483
f 484/484/484 482/482/482 483/483/483
f 484/484/484 483/483/483 485/485/485
f 486/486/486 484/484/484 485/485/485
f 486/486/486 485/485/485 487/487/487
f 488/488/488 486/486/486 487/487/487
f 488/488/488 487/487/487 489/489/489
f 490/490/490 488/488/488 489/489/489
f 490/490/490 489/489/489 491/491/491
f 492/492/492 490/490/490 491/491/491
f 492/492/492 491/491/491 493/493/493
f 494/494/494 492/492/492 493/493/493
f 494/494/494 493/493/493 495/495/495
f 496/496/496 494/494/494 495/495/495
f 496/496/496 495/495/495 497/497/497
f 498/498/498 496/496/496 497/497/497
f 498/498/498 497/497/497 499/499/499
f 500/500/500 498/498/498 499/499/499
f 500/500/500 499/499/499 501/501/501
f 502/502/502 500/500/500 501/501/501
f 502/502/502 501/501/501 503/503/503
f 504/504/504 502/502/502 503/503/503
f 504/504/504 503/503/503 505/505/505
f 506/506/506 504/504/504 505/505/505
f 506/506/506 505/505/505 507/507/507
f 508/508/508 506/506/506 507/507/507
f 508/508/508 507/507/507 509/509/509
f 510/510/510 508/508/508 509/509/509
f 510/510/510 509/509/509 511/511/511
f 512/512/512 510/510/510 511/511/511
f 512/512/512 511/511/511 513/513/513
f 514/514/514 512/512/512 513/513/513
f 514/514/514 513/513/513 515/515/515
f 516/516/516 514/514/514 515/515/515
f 519/519/519 518/518/518 517/517/517
f 520/520/520 519/519/519 517/517/517
f 520/520/520 517/517/517 521/521/521
f 522/522/522 520/520/520 521/521/521
f 522/522/522 521/521/521 523/523/523
f 524/524/524 522/522/522 523/523/523
f 524/524/524 523/523/523 525/525/525
f 526/526/526 524/524/524 525/525/525
f 526/526/526 525/525/525 527/527/527
f 528/528/528 526/526/526 527/527/527
f 528/528/528 527/527/527 529/529/529
f 530/530/530 528/528/528 529/529/529
f 530/530/530 529/529/529 531/531/531
f 532/532/532 530/530/530 531/531/531
f 532/532/532 531/531/531 533/533/533
f 534/534/534 532/532/532 533/533/533
f 534/534/534 533/533/533 535/535/535
f 536/536/536 534/534/534 535/535/535
f 536/536/536 535/535/535 537/537/537
f 538/538/538 536/536/536 537/537/537
f 538/538/538 537/537/537 539/539/539
f 540/540/540 538/538/538 539/539/539
f 540/540/540 539/539/539 541/541/541
f 542/542/542 540/540/540 541/541/541
f 542/542/542 541/541/541 543/543/543
f 544/544/544 542/542/542 543/543/543
f 544/544/544 543/543/543 545/545/545
f 546/546/546 544/544/544 545/545/545
f 546/546/546 545/545/545 547/547/547
f 548/548/548 546/546/546 547/547/547
f 548/548/548 547/547/547 549/549/549
f 550/550/550 548/548/548 549/549/549
f 550/550/550 549/549/549 551/551/551
f 552/552/552 550/550/550 551/551/551
f 552/552/552 551/551/551 553/553/553
f 554/554/554 552/552/552 553/553/553
f 554/554/554 553/553/553 555/555/555
f 556/556/556 554/554/554 555/555/555
f 556/556/556 555/555/555 557/557/557
f 558/558/558 556/556/556 557/557/557
f 558/558/558 557/557/557 559/559/559
f 560/560/560 558/558/558 559/559/559
f 560/560/560 559/559/559 561/561/561
f 562/562/562 560/560/560 561/561/561
f 562/562/562 561/561/561 563/563/563
f 564/564/564 562/562/562 563/563/563
f 564/564/564 563/563/563 565/565/565
f 566/566/566 564/564/564 565/565/565
f 566/566/566 565/565/565 567/567/567
f 568/568/568 566/566/566 567/567/567
f 568/568/568 567/567/567 569/569/569
f 570/570/570 568/568/568 569/569/569
f 570/570/570 569/569/569 571/571/571
f 572/572/572 570/570/570 571/571/571
f 572/572/572 571/571/571 573/573/573
f 574/574/574 572/572/572 573/573/573
f 574/574/574 573/573/573 575/575/575
f 576/576/576 574/574/574 575/575/575
f 576/576/576 575/575/575 577/577/577
f 578/578/578 576/576/576 577/577/577
f 578/578/578 577/577/577 579/579/579
f 580/580/580 578/578/578 579/579/579
f 580/580/580 579/579/579 581/581/581
f 582/582/582 580/580/580 581/581/581
f 582/582/582 581/581/581 583/583/583
f 584/584/584 582/582/582 583/583/583
f 584/584/584 583/583/583 585/585/585
f 586/586/586 584/584/584 585/585/585
f 586/586/586 585/585/585 587/587/587
f 588/588/588 586/586/586 587/587/587
f 588/588/588 587/587/587 589/589/589
f 590/590/590 588/588/588 589/589/589
f 590/590/590 589/589/589 591/591/591
f 592/592/592 590/590/590 591/591/591
f 592/592/592 591/591/591 593/593/593
f 594/594/594 592/592/592 593/593/593
f 597/597/597 596/596/596 595/595/595
f 596/596/596 598/598/598 595/595/595
f 595/595/595 598/598/598 599/599/599
f 598/598/598 600/600/600 599/599/599
f 599/599/599 600/600/600 601/601/601
f 600/600/600 602/602/602 601/601/601
f 601/601/601 602/602/602 603/603/603
f 602/602/602 604/604/604 603/603/603
f 603/603/603 604/604/604 605/605/605
f 604/604/604 606/606/606 605/605/605
f 605/605/605 606/606/606 607/607/607
f 606/606/606 608/608/608 607/607/607
f 607/607/607 608/608/608 609/609/609
f 608/608/608 610/610/610 609/609/609
f 609/609/609 610/610/610 611/611/611
f 610/610/610 612/612/612 611/611/611
f 611/611/611 612/612/612 613/613/613
f 612/612/612 614/614/614 613/613/613
f 613/613/613 614/614/614 615/615/615
f 614/614/614 616/616/616 615/615/615
f 615/615/615 616/616/616 617/617/617
f 616/616/616 618/618/618 617/617/617
f 617/617/617 618/618/618 619/619/619
f 618/618/618 620/620/620 619/619/619
f 619/619/619 620/620/620 621/621/621
f 620/620/620 622/622/622 621/621/621
f 621/621/621 622/622/622 623/623/623
f 622/622/622 624/624/624 623/623/623
f 623/623/623 624/624/624 625/625/625
f 624/624/624 626/626/626 625/625/625
f 625/625/625 626/626/626 627/627/627
f 626/626/626 628/628/628 627/627/627
f 627/627/627 628/628/628 629/629/629
f 628/628/628 630/630/630 629/629/629
f 629/629/629 630/630/630 631/631/631
f 630/630/630 632/632/632 631/631/631
f 631/631/631 632/632/632 633/633/633
f 632/632/632 634/634/634 633/633/633
f 633/633/633 634/634/634 635/635/635
f 634/634/634 636/636/636 635/635/635
f 635/635/635 636/636/636 637/637/637
f 636/636/636 638/638/638 637/637/637
f 637/637/637 638/638/638 639/639/639
f 638/638/638 640/640/640 639/639/639
f 639/639/639 640/640/640 641/641/641
f 640/640/640 642/642/642 641/641/641
f 641/641/641 642/642/642 643/643/643
f 642/642/642 644/644/644 643/643/643
f 643/643/643 644/644/644 645/645/645
f 644/644/644 646/646/646 645/645/645
f 645/645/645 646/646/646 647/647/647
f 646/646/646 648/648/648 647/647/647
f 647/647/647 648/648/648 649/649/649
f 648/648/648 650/650/650 649/649/649
f 649/649/649 650/650/650 651/651/651
f 650/650/650 652/652/652 651/651/651
f 651/651/651 652/652/652 653/653/653
f 652/652/652 654/654/654 653/653/653
f 653/653/653 654/654/654 655/655/655
f 654/654/654 656/656/656 655/655/655
f 655/655/655 656/656/656 657/657/657
f 656/656/656 658/658/658 657/657/657
f 657/657/657 658/658/658 659/659/659
f 658/658/658 660/660/660 659/659/659
f 659/659/659 660/660/660 661/661/661
f 660/660/660 662/662/662 661/661/661
f 661/661/661 662/662/662 663/663/663
f 662/662/662 664/664/664 663/663/663
f 663/663/663 664/664/664 665/665/665
f 664/664/664 666/666/666 665/665/665
f 665/665/665 666/666/666 667/667/667
f 666/666/666 668/668/668 667/667/667
f 667/667/667 668/668/668 669/669/669
f 668/668/668 670/670/670 669/669/669
f 669/669/669 670/670/670 671/671/671
f 670/670/670 672/672/672 671/671/671
f 675/675/675 674/674/674 673/673/673
f 674/674/674 676/676/676 673/673/673
f 673/673/673 676/676/676 677/677/677
f 676/676/676 674/674/674 678/678/678
f 674/674/674 679/679/679 678/678/678
f 679/679/679 680/680/680 678/678/678
f 678/678/678 680/680/680 681/681/681
f 676/676/676 678/678/678 681/681/681
f 681/681/681 680/680/680 682/682/682
f 676/676/676 683/683/683 677/677/677
f 683/683/683 676/676/676 681/681/681
f 683/683/683 681/681/681 682/682/682
f 677/677/677 683/683/683 684/684/684
f 683/683/683 685/685/685 684/684/684
f 685/685/685 683/683/683 682/682/682
f 684/684/684 685/685/685 686/686/686
f 685/685/685 682/682/682 687/687/687
f 682/682/682 680/680/680 687/687/687
f 685/685/685 688/688/688 686/686/686
f 688/688/688 685/685/685 687/687/687
f 686/686/686 688/688/688 689/689/689
f 688/688/688 687/687/687 690/690/690
f 687/687/687 680/680/680 690/690/690
f 688/688/688 691/691/691 689/689/689
f 691/691/691 688/688/688 690/690/690
f 689/689/689 691/691/691 692/692/692
f 691/691/691 690/690/690 693/693/693
f 690/690/690 680/680/680 693/693/693
f 691/691/691 694/694/694 692/692/692
f 694/694/694 691/691/691 693/693/693
f 692/692/692 694/694/694 695/695/695
f 694/694/694 693/693/693 696/696/696
f 693/693/693 680/680/680 696/696/696
f 694/694/694 697/697/697 695/695/695
f 697/697/697 694/694/694 696/696/696
f 695/695/695 697/697/697 698/698/698
f 696/696/696 680/680/680 699/699/699
f 697/697/697 696/696/696 699/699/699
f 697/697/697 700/700/700 698/698/698
f 700/700/700 697/697/697 699/699/699
f 698/698/698 700/700/700 701/701/701
f 699/699/699 680/680/680 702/702/702
f 700/700/700 699/699/699 702/702/702
f 702/702/702 680/680/680 703/703/703
f 700/700/700 704/704/704 701/701/701
f 704/704/704 700/700/700 702/702/702
f 702/702/702 703/703/703 704/704/704
f 701/701/701 704/704/704 705/705/705
f 703/703/703 706/706/706 704/704/704
f 704/704/704 706/706/706 705/705/705
f 709/709/709 708/708/708 707/707/707
f 710/710/710 709/709/709 707/707/707
f 710/710/710 707/707/707 711/711/711
f 709/709/709 710/710/710 712/712/712
f 713/713/713 709/709/709 712/712/712
f 714/714/714 713/713/713 712/712/712
f 714/714/714 712/712/712 715/715/715
f 712/712/712 710/710/710 715/715/715
f 714/714/714 715/715/715 716/716/716
f 717/717/717 710/710/710 711/711/711
f 710/710/710 717/717/717 715/715/715
f 715/715/715 717/717/717 716/716/716
f 717/717/717 711/711/711 718/718/718
f 719/719/719 717/717/717 718/718/718
f 717/717/717 719/719/719 716/716/716
f 719/719/719 718/718/718 720/720/720
f 716/716/716 719/719/719 721/721/721
f 714/714/714 716/716/716 721/721/721
f 722/722/722 719/719/719 720/720/720
f 719/719/719 722/722/722 721/721/721
f 722/722/722 720/720/720 723/723/723
f 721/721/721 722/722/722 724/724/724
f 714/714/714 721/721/721 724/724/724
f 725/725/725 722/722/722 723/723/723
f 722/722/722 725/725/725 724/724/724
f 725/725/725 723/723/723 726/726/726
f 724/724/724 725/725/725 727/727/727
f 714/714/714 724/724/724 727/727/727
f 728/728/728 725/725/725 726/726/726
f 725/725/725 728/728/728 727/727/727
f 728/728/728 726/726/726 729/729/729
f 727/727/727 728/728/728 730/730/730
f 714/714/714 727/727/727 730/730/730
f 731/731/731 728/728/728 729/729/729
f 728/728/728 731/731/731 730/730/730
f 731/731/731 729/729/729 732/732/732
f 714/714/714 730/730/730 733/733/733
f 730/730/730 731/731/731 733/733/733
f 734/734/734 731/731/731 732/732/732
f 731/731/731 734/734/734 733/733/733
f 734/734/734 732/732/732 735/735/735
f 714/714/714 733/733/733 736/736/736
f 733/733/733 734/734/734 736/736/736
f 714/714/714 736/736/736 737/737/737
f 738/738/738 734/734/734 735/735/735
f 734/734/734 738/738/738 736/736/736
f 737/737/737 736/736/736 738/738/738
f 738/738/738 735/735/735 739/739/739
f 740/740/740 737/737/737 738/738/738
f 740/740/740 738/738/738 739/739/739
f 743/743/743 742/742/742 741/741/741
f 744/744/744 743/743/743 741/741/741
f 745/745/745 743/743/743 744/744/744
f 746/746/746 745/745/745 744/744/744
f 747/747/747 745/745/745 746/746/746
f 748/748/748 747/747/747 746/746/746
f 749/749/749 747/747/747 748/748/748
f 750/750/750 749/749/749 748/748/748
f 751/751/751 749/749/749 750/750/750
f 752/752/752 751/751/751 750/750/750
f 753/753/753 751/751/751 752/752/752
f 754/754/754 753/753/753 752/752/752
f 755/755/755 753/753/753 754/754/754
f 756/756/756 755/755/755 754/754/754
f 757/757/757 755/755/755 756/756/756
f 758/758/758 757/757/757 756/756/756
f 759/759/759 757/757/757 758/758/758
f 760/760/760 759/759/759 758/758/758
f 761/761/761 759/759/759 760/760/760
f 762/762/762 761/761/761 760/760/760
f 763/763/763 761/761/761 762/762/762
f 764/764/764 763/763/763 762/762/762
f 765/765/765 763/763/763 764/764/764
f 766/766/766 765/765/765 764/764/764
f 767/767/767 765/765/765 766/766/766
f 768/768/768 767/767/767 766/766/766
f 769/769/769 767/767/767 768/768/768
f 770/770/770 769/769/769 768/768/768
f 771/771/771 769/769/769 770/770/770
f 772/772/772 771/771/771 770/770/770
f 773/773/773 771/771/771 772/772/772
f 774/774/774 773/773/773 772/772/772
f 775/775/775 773/773/773 774/774/774
f 776/776/776 775/775/775 774/774/774
f 777/777/777 775/775/775 776/776/776
f 778/778/778 777/777/777 776/776/776
f 779/779/779 777/777/777 778/778/778
f 780/780/780 779/779/779 778/778/778
f 781/781/781 779/779/779 780/780/780
f 782/782/782 781/781/781 780/780/780
f 783/783/783 781/781/781 782/782/782
f 784/784/784 783/783/783 782/782/782
f 785/785/785 783/783/783 784/784/784
f 786/786/786 785/785/785 784/784/784
f 787/787/787 785/785/785 786/786/786
f 788/788/788 787/787/787 786/786/786
f 789/789/789 787/787/787 788/788/788
f 790/790/790 789/789/789 788/788/788
f 791/791/791 789/789/789 790/790/790
f 792/792/792 791/791/791 790/790/790
f 793/793/793 791/791/791 792/792/792
f 794/794/794 793/793/793 792/792/792
f 795/795/795 793/793/793 794/794/794
f 796/796/796 795/795/795 794/794/794
f 797/797/797 795/795/795 796/796/796
f 798/798/798 797/797/797 796/796/796
f 799/799/799 797/797/797 798/798/798
f 800/800/800 799/799/799 798/798/798
f 801/801/801 799/799/799 800/800/800
f 802/802/802 801/801/801 800/800/800
f 803/803/803 801/801/801 802/802/802
f 804/804/804 803/803/803 802/802/802
f 805/805/805 803/803/803 804/804/804
f 806/806/806 805/805/805 804/804/804
f 807/807/807 805/805/805 806/806/806
f 808/808/808 807/807/807 806/806/806
f 811/811/811 810/810/810 809/809/809
f 810/810/810 812/812/812 809/809/809
f 810/810/810 813/813/813 812/812/812
f 813/813/813 814/814/814 812/812/812
f 813/813/813 815/815/815 814/814/814
f 815/815/815 816/816/816 814/814/814
f 815/815/815 817/817/817 816/816/816
f 817/817/817 818/818/818 816/816/816
f 817/817/817 819/819/819 818/818/818
f 819/819/819 820/820/820 818/818/818
f 819/819/819 821/821/821 820/820/820
f 821/821/821 822/822/822 820/820/820
f 821/821/821 823/823/823 822/822/822
f 823/823/823 824/824/824 822/822/822
f 823/823/823 825/825/825 824/824/824
f 825/825/825 826/826/826 824/824/824
f 825/825/825 827/827/827 826/826/826
f 827/827/827 828/828/828 826/826/826
f 827/827/827 829/829/829 828/828/828
f 829/829/829 830/830/830 828/828/828
f 829/829/829 831/831/831 830/830/830
f 831/831/831 832/832/832 830/830/830
f 831/831/831 833/833/833 832/832/832
f 833/833/833 834/834/834 832/832/832
f 833/833/833 835/835/835 834/834/834
f 835/835/835 836/836/836 834/834/834
f 835/835/835 837/837/837 836/836/836
f 837/837/837 838/838/838 836/836/836
f 837/837/837 839/839/839 838/838/838
f 839/839/839 840/840/840 838/838/838
f 839/839/839 841/841/841 840/840/840
f 841/841/841 842/842/842 840/840/840
f 841/841/841 843/843/843 842/842/842
f 843/843/843 844/844/844 842/842/842
f 843/843/843 845/845/845 844/844/844
f 845/845/845 846/846/846 844/844/844
f 845/845/845 847/847/847 846/846/846
f 847/847/847 848/848/848 846/846/846
f 847/847/847 849/849/849 848/848/848
f 849/849/849 850/850/850 848/848/848
f 849/849/849 851/851/851 850/850/850
f 851/851/851 852/852/852 850/850/850
f 851/851/851 853/853/853 852/852/852
f 853/853/853 854/854/854 852/852/852
f 853/853/853 855/855/855 854/854/854
f 855/855/855 856/856/856 854/854/854
f 855/855/855 857/857/857 856/856/856
f 857/857/857 858/858/858 856/856/856
f 857/857/857 859/859/859 858/858/858
f 859/859/859 860/860/860 858/858/858
f 859/859/859 861/861/861 860/860/860
f 861/861/861 862/862/862 860/860/860
f 861/861/861 863/863/863 862/862/862
f 863/863/863 864/864/864 862/862/862
f 863/863/863 865/865/865 864/864/864
f 865/865/865 866/866/866 864/864/864
f 865/865/865 867/867/867 866/866/866
f 867/867/867 868/868/868 866/866/866
f 867/867/867 869/869/869 868/868/868
f 869/869/869 870/870/870 868/868/868
f 869/869/869 871/871/871 870/870/870
f 871/871/871 872/872/872 870/870/870
f 871/871/871 873/873/873 872/872/872
f 873/873/873 874/874/874 872/872/872
f 873/873/873 875/875/875 874/874/874
f 875/875/875 876/876/876 874/874/874
f 879/879/879 878/878/878 877/877/877
f 878/878/878 880/880/880 877/877/877
f 878/878/878 881/881/881 880/880/880
f 881/881/881 882/882/882 880/880/880
f 881/881/881 883/883/883 882/882/882
f 883/883/883 884/884/884 882/882/882
f 883/883/883 885/885/885 884/884/884
f 885/885/885 886/886/886 884/884/884
f 885/885/885 887/887/887 886/886/886
f 887/887/887 888/888/888 886/886/886
f 887/887/887 889/889/889 888/888/888
f 889/889/889 890/890/890 888/888/888
f 889/889/889 891/891/891 890/890/890
f 891/891/891 892/892/892 890/890/890
f 891/891/891 893/893/893 892/892/892
f 893/893/893 894/894/894 892/892/892
f 893/893/893 895/895/895 894/894/894
f 895/895/895 896/896/896 894/894/894
f 895/895/895 897/897/897 896/896/896
f 897/897/897 898/898/898 896/896/896
f 897/897/897 899/899/899 898/898/898
f 899/899/899 900/900/900 898/898/898
f 899/899/899 901/901/901 900/900/900
f 901/901/901 902/902/902 900/900/900
f 901/901/901 903/903/903 902/902/902
f 903/903/903 904/904/904 902/902/902
f 903/903/903 905/905/905 904/904/904
f 905/905/905 906/906/906 904/904/904
f 905/905/905 907/907/907 906/906/906
f 907/907/907 908/908/908 906/906/906
f 907/907/907 909/909/909 908/908/908
f 909/909/909 910/910/910 908/908/908
f 909/909/909 911/911/911 910/910/910
f 911/911/911 912/912/912 910/910/910
f 911/911/911 913/913/913 912/912/912
f 913/913/913 914/914/914 912/912/912
f 913/913/913 915/915/915 914/914/914
f 915/915/915 916/916/916 914/914/914
f 915/915/915 917/917/917 916/916/916
f 917/917/917 918/918/918 916/916/916
f 917/917/917 919/919/919 918/918/918
f 919/919/919 920/920/920 918/918/918
f 919/919/919 921/921/921 920/920/920
f 921/921/921 922/922/922 920/920/920
f 921/921/921 923/923/923 922/922/922
f 923/923/923 924/924/924 922/922/922
f 923/923/923 925/925/925 924/924/924
f 925/925/925 926/926/926 924/924/924
f 925/925/925 927/927/927 926/926/926
f 927/927/927 928/928/928 926/926/926
f 927/927/927 929/929/929 928/928/928
f 929/929/929 930/930/930 928/928/928
f 929/929/929 931/931/931 930/930/930
f 931/931/931 932/932/932 930/930/930
f 931/931/931 933/933/933 932/932/932
f 933/933/933 934/934/934 932/932/932
f 933/933/933 935/935/935 934/934/934
f 935/935/935 936/936/936 934/934/934
f 935/935/935 937/937/937 936/936/936
f 937/937/937 938/938/938 936/936/936
f 937/937/937 939/939/939 938/938/938
f 939/939/939 940/940/940 938/938/938
f 939/939/939 941/941/941 940/940/940
f 941/941/941 942/942/942 940/940/940
f 941/941/941 943/943/943 942/942/942
f 943/943/943 944/944/944 942/942/942
f 947/947/947 946/946/946 945/945/945
f 948/948/948 947/947/947 945/945/945
f 949/949/949 947/947/947 948/948/948
f 950/950/950 949/949/949 948/948/948
f 951/951/951 949/949/949 950/950/950
f 952/952/952 951/951/951 950/950/950
f 953/953/953 951/951/951 952/952/952
f 954/954/954 953/953/953 952/952/952
f 955/955/955 953/953/953 954/954/954
f 956/956/956 955/955/955 954/954/954
f 957/957/957 955/955/955 956/956/956
f 958/958/958 957/957/957 956/956/956
f 959/959/959 957/957/957 958/958/958
f 960/960/960 959/959/959 958/958/958
f 961/961/961 959/959/959 960/960/960
f 962/962/962 961/961/961 960/960/960
f 963/963/963 961/961/961 962/962/962
f 964/964/964 963/963/963 962/962/962
f 965/965/965 963/963/963 964/964/964
f 966/966/966 965/965/965 964/964/964
f 967/967/967 965/965/965 966/966/966
f 968/968/968 967/967/967 966/966/966
f 969/969/969 967/967/967 968/968/968
f 970/970/970 969/969/969 968/968/968
f 971/971/971 969/969/969 970/970/970
f 972/972/972 971/971/971 970/970/970
f 973/973/973 971/971/971 972/972/972
f 974/974/974 973/973/973 972/972/972
f 975/975/975 973/973/973 974/974/974
f 976/976/976 975/975/975 974/974/974
f 977/977/977 975/975/975 976/976/976
f 978/978/978 977/977/977 976/976/976
f 979/979/979 977/977/977 978/978/978
f 980/980/980 979/979/979 978/978/978
f 981/981/981 979/979/979 980/980/980
f 982/982/982 981/981/981 980/980/980
f 983/983/983 981/981/981 982/982/982
f 984/984/984 983/983/983 982/982/982
f 985/985/985 983/983/983 984/984/984
f 986/986/986 985/985/985 984/984/984
f 987/987/987 985/985/985 986/986/986
f 988/988/988 987/987/987 986/986/986
f 989/989/989 987/987/987 988/988/988
f 990/990/990 989/989/989 988/988/988
f 991/991/991 989/989/989 990/990/990
f 992/992/992 991/991/991 990/990/990
f 993/993/993 991/991/991 992/992/992
f 994/994/994 993/993/993 992/992/992
f 995/995/995 993/993/993 994/994/994
f 996/996/996 995/995/995 994/994/994
f 997/997/997 995/995/995 996/996/996
f 998/998/998 997/997/997 996/996/996
f 999/999/999 997/997/997 998/998/998
f 1000/1000/1000 999/999/999 998/998/998
f 1001/1001/1001 999/999/999 1000/1000/1000
f 1002/1002/1002 1001/1001/1001 1000/1000/1000
f 1003/1003/1003 1001/1001/1001 1002/1002/1002
f 1004/1004/1004 1003/1003/1003 1002/1002/1002
f 1005/1005/1005 1003/1003/1003 1004/1004/1004
f 1006/1006/1006 1005/1005/1005 1004/1004/1004
f 1007/1007/1007 1005/1005/1005 1006/1006/1006
f 1008/1008/1008 1007/1007/1007 1006/1006/1006
f 1009/1009/1009 1007/1007/1007 1008/1008/1008
f 1010/1010/1010 1009/1009/1009 1008/1008/1008
f 1011/1011/1011 1009/1009/1009 1010/1010/1010
f 1012/1012/1012 1011/1011/1011 1010/1010/1010
f 1015/1015/1015 1014/1014/1014 1013/1013/1013
f 1016/1016/1016 1015/1015/1015 1013/1013/1013
f 1017/1017/1017 1015/1015/1015 1016/1016/1016
f 1018/1018/1018 1017/1017/1017 1016/1016/1016
f 1019/1019/1019 1017/1017/1017 1018/1018/1018
f 1020/1020/1020 1019/1019/1019 1018/1018/1018
f 1021/1021/1021 1019/1019/1019 1020/1020/1020
f 1022/1022/1022 1021/1021/1021 1020/1020/1020
f 1023/1023/1023 1021/1021/1021 1022/1022/1022
f 1024/1024/1024 1023/1023/1023 1022/1022/1022
f 1025/1025/1025 1023/1023/1023 1024/1024/1024
f 1026/1026/1026 1025/1025/1025 1024/1024/1024
f 1027/1027/1027 1025/1025/1025 1026/1026/1026
f 1028/1028/1028 1027/1027/1027 1026/1026/1026
f 1029/1029/1029 1027/1027/1027 1028/1028/1028
f 1030/1030/1030 1029/1029/1029 1028/1028/1028
f 1031/1031/1031 1029/1029/1029 1030/1030/1030
f 1032/1032/1032 1031/1031/1031 1030/1030/1030
f 1033/1033/1033 1031/1031/1031 1032/1032/1032
f 1034/1034/1034 1033/1033/1033 1032/1032/1032
f 1035/1035/1035 1033/1033/1033 1034/1034/1034
f 1036/1036/1036 1035/1035/1035 1034/1034/1034
f 1037/1037/1037 1035/1035/1035 1036/1036/1036
f 1038/1038/1038 1037/1037/1037 1036/1036/1036
f 1039/1039/1039 1037/1037/1037 1038/1038/1038
f 1040/1040/1040 1039/1039/1039 1038/1038/1038
f 1041/1041/1041 1039/1039/1039 1040/1040/1040
f 1042/1042/1042 1041/1041/1041 1040/1040/1040
f 1043/1043/1043 1041/1041/1041 1042/1042/1042
f 1044/1044/1044 1043/1043/1043 1042/1042/1042
f 1045/1045/1045 1043/1043/1043 1044/1044/1044
f 1046/1046/1046 1045/1045/1045 1044/1044/1044
f 1047/1047/1047 1045/1045/1045 1046/1046/1046
f 1048/1048/1048 1047/1047/1047 1046/1046/1046
f 1049/1049/1049 1047/1047/1047 1048/1048/1048
f 1050/1050/1050 1049/1049/1049 1048/1048/1048
f 1051/1051/1051 1049/1049/1049 1050/1050/1050
f 1052/1052/1052 1051/1051/1051 1050/1050/1050
f 1053/1053/1053 1051/1051/1051 1052/1052/1052
f 1054/1054/1054 1053/1053/1053 1052/1052/1052
f 1055/1055/1055 1053/1053/1053 1054/1054/1054
f 1056/1056/1056 1055/1055/1055 1054/1054/1054
f 1057/1057/1057 1055/1055/1055 1056/1056/1056
f 1058/1058/1058 1057/1057/1057 1056/1056/1056
f 1059/1059/1059 1057/1057/1057 1058/1058/1058
f 1060/1060/1060 1059/1059/1059 1058/1058/1058
f 1061/1061/1061 1059/1059/1059 1060/1060/1060
f 1062/1062/1062 1061/1061/1061 1060/1060/1060
f 1063/1063/1063 1061/1061/1061 1062/1062/1062
f 1064/1064/1064 1063/1063/1063 1062/1062/1062
f 1065/1065/1065 1063/1063/1063 1064/1064/1064
f 1066/1066/1066 1065/1065/1065 1064/1064/1064
f 1067/1067/1067 1065/1065/1065 1066/1066/1066
f 1068/1068/1068 1067/1067/1067 1066/1066/1066
f 1069/1069/1069 1067/1067/1067 1068/1068/1068
f 1070/1070/1070 1069/1069/1069 1068/1068/1068
f 1071/1071/1071 1069/1069/1069 1070/1070/1070
f 1072/1072/1072 1071/1071/1071 1070/1070/1070
f 1073/1073/1073 1071/1071/1071 1072/1072/1072
f 1074/1074/1074 1073/1073/1073 1072/1072/1072
f 1075/1075/1075 1073/1073/1073 1074/1074/1074
f 1076/1076/1076 1075/1075/1075 1074/1074/1074
f 1077/1077/1077 1075/1075/1075 1076/1076/1076
f 1078/1078/1078 1077/1077/1077 1076/1076/1076
f 1079/1079/1079 1077/1077/1077 1078/1078/1078
f 1080/1080/1080 1079/1079/1079 1078/1078/1078
f 1081/1081/1081 1079/1079/1079 1080/1080/1080
f 1082/1082/1082 1081/1081/1081 1080/1080/1080
f 1083/1083/1083 1081/1081/1081 1082/1082/1082
f 1084/1084/1084 1083/1083/1083 1082/1082/1082
f 1087/1087/1087 1086/1086/1086 1085/1085/1085
f 1086/1086/1086 1088/1088/1088 1085/1085/1085
f 1086/1086/1086 1089/1089/1089 1088/1088/1088
f 1089/1089/1089 1090/1090/1090 1088/1088/1088
f 1089/1089/1089 1091/1091/1091 1090/1090/1090
f 1091/1091/1091 1092/1092/1092 1090/1090/1090
f 1091/1091/1091 1093/1093/1093 1092/1092/1092
f 1093/1093/1093 1094/1094/1094 1092/1092/1092
f 1093/1093/1093 1095/1095/1095 1094/1094/1094
f 1095/1095/1095 1096/1096/1096 1094/1094/1094
f 1095/1095/1095 1097/1097/1097 1096/1096/1096
f 1097/1097/1097 1098/1098/1098 1096/1096/1096
f 1097/1097/1097 1099/1099/1099 1098/1098/1098
f 1099/1099/1099 1100/1100/1100 1098/1098/1098
f 1099/1099/1099 1101/1101/1101 1100/1100/1100
f 1101/1101/1101 1102/1102/1102 1100/1100/1100
f 1101/1101/1101 1103/1103/1103 1102/1102/1102
f 1103/1103/1103 1104/1104/1104 1102/1102/1102
f 1103/1103/1103 1105/1105/1105 1104/1104/1104
f 1105/1105/1105 1106/1106/1106 1104/1104/1104
f 1105/1105/1105 1107/1107/1107 1106/1106/1106
f 1107/1107/1107 1108/1108/1108 1106/1106/1106
f 1107/1107/1107 1109/1109/1109 1108/1108/1108
f 1109/1109/1109 1110/1110/1110 1108/1108/1108
f 1109/1109/1109 1111/1111/1111 1110/1110/1110
f 1111/1111/1111 1112/1112/1112 1110/1110/1110
f 1111/1111/1111 1113/1113/1113 1112/1112/1112
f 1113/1113/1113 1114/1114/1114 1112/1112/1112
f 1113/1113/1113 1115/1115/1115 1114/1114/1114
f 1115/1115/1115 1116/1116/1116 1114/1114/1114
f 1115/1115/1115 1117/1117/1117 1116/1116/1116
f 1117/1117/1117 1118/1118/1118 1116/1116/1116
f 1117/1117/1117 1119/1119/1119 1118/1118/1118
f 1119/1119/1119 1120/1120/1120 1118/1118/1118
f 1119/1119/1119 1121/1121/1121 1120/1120/1120
f 1121/1121/1121 1122/1122/1122 1120/1120/1120
f 1121/1121/1121 1123/1123/1123 1122/1122/1122
f 1123/1123/1123 1124/1124/1124 1122/1122/1122
f 1123/1123/1123 1125/1125/1125 1124/1124/1124
f 1125/1125/1125 1126/1126/1126 1124/1124/1124
f 1125/1125/1125 1127/1127/1127 1126/1126/1126
f 1127/1127/1127 1128/1128/1128 1126/1126/1126
f 1127/1127/1127 1129/1129/1129 1128/1128/1128
f 1129/1129/1129 1130/1130/1130 1128/1128/1128
f 1129/1129/1129 1131/1131/1131 1130/1130/1130
f 1131/1131/1131 1132/1132/1132 1130/1130/1130
f 1131/1131/1131 1133/1133/1133 1132/1132/1132
f 1133/1133/1133 1134/1134/1134 1132/1132/1132
f 1133/1133/1133 1135/1135/1135 1134/1134/1134
f 1135/1135/1135 1136/1136/1136 1134/1134/1134
f 1135/1135/1135 1137/1137/1137 1136/1136/1136
f 1137/1137/1137 1138/1138/1138 1136/1136/1136
f 1137/1137/1137 1139/1139/1139 1138/1138/1138
f 1139/1139/1139 1140/1140/1140 1138/1138/1138
f 1139/1139/1139 1141/1141/1141 1140/1140/1140
f 1141/1141/1141 1142/1142/1142 1140/1140/1140
f 1141/1141/1141 1143/1143/1143 1142/1142/1142
f 1143/1143/1143 1144/1144/1144 1142/1142/1142
f 1143/1143/1143 1145/1145/1145 1144/1144/1144
f 1145/1145/1145 1146/1146/1146 1144/1144/1144
f 1145/1145/1145 1147/1147/1147 1146/1146/1146
f 1147/1147/1147 1148/1148/1148 1146/1146/1146
f 1147/1147/1147 1149/1149/1149 1148/1148/1148
f 1149/1149/1149 1150/1150/1150 1148/1148/1148
f 1149/1149/1149 1151/1151/1151 1150/1150/1150
f 1151/1151/1151 1152/1152/1152 1150/1150/1150
f 1151/1151/1151 1153/1153/1153 1152/1152/1152
f 1153/1153/1153 1154/1154/1154 1152/1152/1152
f 1153/1153/1153 1155/1155/1155 1154/1154/1154
f 1155/1155/1155 1156/1156/1156 1154/1154/1154
f 1159/1159/1159 1158/1158/1158 1157/1157/1157
f 1158/1158/1158 1160/1160/1160 1157/1157/1157
f 1158/1158/1158 1161/1161/1161 1160/1160/1160
f 1161/1161/1161 1162/1162/1162 1160/1160/1160
f 1161/1161/1161 1163/1163/1163 1162/1162/1162
f 1163/1163/1163 1164/1164/1164 1162/1162/1162
f 1163/1163/1163 1165/1165/1165 1164/1164/1164
f 1165/1165/1165 1166/1166/1166 1164/1164/1164
f 1165/1165/1165 1167/1167/1167 1166/1166/1166
f 1167/1167/1167 1168/1168/1168 1166/1166/1166
f 1167/1167/1167 1169/1169/1169 1168/1168/1168
f 1169/1169/1169 1170/1170/1170 1168/1168/1168
f 1169/1169/1169 1171/1171/1171 1170/1170/1170
f 1171/1171/1171 1172/1172/1172 1170/1170/1170
f 1171/1171/1171 1173/1173/1173 1172/1172/1172
f 1173/1173/1173 1174/1174/1174 1172/1172/1172
f 1173/1173/1173 1175/1175/1175 1174/1174/1174
f 1175/1175/1175 1176/1176/1176 1174/1174/1174
f 1175/1175/1175 1177/1177/1177 1176/1176/1176
f 1177/1177/1177 1178/1178/1178 1176/1176/1176
f 1177/1177/1177 1179/1179/1179 1178/1178/1178
f 1179/1179/1179 1180/1180/1180 1178/1178/1178
f 1179/1179/1179 1181/1181/1181 1180/1180/1180
f 1181/1181/1181 1182/1182/1182 1180/1180/1180
f 1181/1181/1181 1183/1183/1183 1182/1182/1182
f 1183/1183/1183 1184/1184/1184 1182/1182/1182
f 1183/1183/1183 1185/1185/1185 1184/1184/1184
f 1185/1185/1185 1186/1186/1186 1184/1184/1184
f 1185/1185/1185 1187/1187/1187 1186/1186/1186
f 1187/1187/1187 1188/1188/1188 1186/1186/1186
f 1187/1187/1187 1189/1189/1189 1188/1188/1188
f 1189/1189/1189 1190/1190/1190 1188/1188/1188
f 1189/1189/1189 1191/1191/1191 1190/1190/1190
f 1191/1191/1191 1192/1192/1192 1190/1190/1190
f 1191/1191/1191 1193/1193/1193 1192/1192/1192
f 1193/1193/1193 1194/1194/1194 1192/1192/1192
f 1193/1193/1193 1195/1195/1195 1194/1194/1194
f 1195/1195/1195 1196/1196/1196 1194/1194/1194
f 1195/1195/1195 1197/1197/1197 1196/1196/1196
f 1197/1197/1197 1198/1198/1198 1196/1196/1196
f 1197/1197/1197 1199/1199/1199 1198/1198/1198
f 1199/1199/1199 1200/1200/1200 1198/1198/1198
f 1199/1199/1199 1201/1201/1201 1200/1200/1200
f 1201/1201/1201 1202/1202/1202 1200/1200/1200
f 1201/1201/1201 1203/1203/1203 1202/1202/1202
f 1203/1203/1203 1204/1204/1204 1202/1202/1202
f 1203/1203/1203 1205/1205/1205 1204/1204/1204
f 1205/1205/1205 1206/1206/1206 1204/1204/1204
f 1205/1205/1205 1207/1207/1207 1206/1206/1206
f 1207/1207/1207 1208/1208/1208 1206/1206/1206
f 1207/1207/1207 1209/1209/1209 1208/1208/1208
f 1209/1209/1209 1210/1210/1210 1208/1208/1208
f 1209/1209/1209 1211/1211/1211 1210/1210/1210
f 1211/1211/1211 1212/1212/1212 1210/1210/1210
f 1211/1211/1211 1213/1213/1213 1212/1212/1212
f 1213/1213/1213 1214/1214/1214 1212/1212/1212
f 1213/1213/1213 1215/1215/1215 1214/1214/1214
f 1215/1215/1215 1216/1216/1216 1214/1214/1214
f 1215/1215/1215 1217/1217/1217 1216/1216/1216
f 1217/1217/1217 1218/1218/1218 1216/1216/1216
f 1217/1217/1217 1219/1219/1219 1218/1218/1218
f 1219/1219/1219 1220/1220/1220 1218/1218/1218
f 1219/1219/1219 1221/1221/1221 1220/1220/1220
f 1221/1221/1221 1222/1222/1222 1220/1220/1220
f 1221/1221/1221 1223/1223/1223 1222/1222/1222
f 1223/1223/1223 1224/1224/1224 1222/1222/1222
f 1223/1223/1223 1225/1225/1225 1224/1224/1224
f 1225/1225/1225 1226/1226/1226 1224/1224/1224
f 1225/1225/1225 1227/1227/1227 1226/1226/1226
f 1227/1227/1227 1228/1228/1228 1226/1226/1226
f 1231/1231/1231 1230/1230/1230 1229/1229/1229
f 1232/1232/1232 1231/1231/1231 1229/1229/1229
f 1233/1233/1233 1231/1231/1231 1232/1232/1232
f 1234/1234/1234 1233/1233/1233 1232/1232/1232
f 1235/1235/1235 1233/1233/1233 1234/1234/1234
f 1236/1236/1236 1235/1235/1235 1234/1234/1234
f 1237/1237/1237 1235/1235/1235 1236/1236/1236
f 1238/1238/1238 1237/1237/1237 1236/1236/1236
f 1239/1239/1239 1237/1237/1237 1238/1238/1238
f 1240/1240/1240 1239/1239/1239 1238/1238/1238
f 1241/1241/1241 1239/1239/1239 1240/1240/1240
f 1242/1242/1242 1241/1241/1241 1240/1240/1240
f 1243/1243/1243 1241/1241/1241 1242/1242/1242
f 1244/1244/1244 1243/1243/1243 1242/1242/1242
f 1245/1245/1245 1243/1243/1243 1244/1244/1244
f 1246/1246/1246 1245/1245/1245 1244/1244/1244
f 1247/1247/1247 1245/1245/1245 1246/1246/1246
f 1248/1248/1248 1247/1247/1247 1246/1246/1246
f 1249/1249/1249 1247/1247/1247 1248/1248/1248
f 1250/1250/1250 1249/1249/1249 1248/1248/1248
f 1251/1251/1251 1249/1249/1249 1250/1250/1250
f 1252/1252/1252 1251/1251/1251 1250/1250/1250
f 1253/1253/1253 1251/1251/1251 1252/1252/1252
f 1254/1254/1254 1253/1253/1253 1252/1252/1252
f 1255/1255/1255 1253/1253/1253 1254/1254/1254
f 1256/1256/1256 1255/1255/1255 1254/1254/1254
f 1257/1257/1257 1255/1255/1255 1256/1256/1256
f 1258/1258/1258 1257/1257/1257 1256/1256/1256
f 1259/1259/1259 1257/1257/1257 1258/1258/1258
f 1260/1260/1260 1259/1259/1259 1258/1258/1258
f 1261/1261/1261 1259/1259/1259 1260/1260/1260
f 1262/1262/1262 1261/1261/1261 1260/1260/1260
f 1263/1263/1263 1261/1261/1261 1262/1262/1262
f 1264/1264/1264 1263/1263/1263 1262/1262/1262
f 1265/1265/1265 1263/1263/1263 1264/1264/1264
f 1266/1266/1266 1265/1265/1265 1264/1264/1264
f 1267/1267/1267 1265/1265/1265 1266/1266/1266
f 1268/1268/1268 1267/1267/1267 1266/1266/1266
f 1269/1269/1269 1267/1267/1267 1268/1268/1268
f 1270/1270/1270 1269/1269/1269 1268/1268/1268
f 1271/1271/1271 1269/1269/1269 1270/1270/1270
f 1272/1272/1272 1271/1271/1271 1270/1270/1270
f 1273/1273/1273 1271/1271/1271 1272/1272/1272
f 1274/1274/1274 1273/1273/1273 1272/1272/1272
f 1275/1275/1275 1273/1273/1273 1274/1274/1274
f 1276/1276/1276 1275/1275/1275 1274/1274/1274
f 1277/1277/1277 1275/1275/1275 1276/1276/1276
f 1278/1278/1278 1277/1277/1277 1276/1276/1276
f 1279/1279/1279 1277/1277/1277 1278/1278/1278
f 1280/1280/1280 1279/1279/1279 1278/1278/1278
f 1281/1281/1281 1279/1279/1279 1280/1280/1280
f 1282/1282/1282 1281/1281/1281 1280/1280/1280
f 1283/1283/1283 1281/1281/1281 1282/1282/1282
f 1284/1284/1284 1283/1283/1283 1282/1282/1282
f 1285/1285/1285 1283/1283/1283 1284/1284/1284
f 1286/1286/1286 1285/1285/1285 1284/1284/1284
f 1287/1287/1287 1285/1285/1285 1286/1286/1286
f 1288/1288/1288 1287/1287/1287 1286/1286/1286
f 1289/1289/1289 1287/1287/1287 1288/1288/1288
f 1290/1290/1290 1289/1289/1289 1288/1288/1288
f 1291/1291/1291 1289/1289/1289 1290/1290/1290
f 1292/1292/1292 1291/1291/1291 1290/1290/1290
f 1293/1293/1293 1291/1291/1291 1292/1292/1292
f 1294/1294/1294 1293/1293/1293 1292/1292/1292
f 1295/1295/1295 1293/1293/1293 1294/1294/1294
f 1296/1296/1296 1295/1295/1295 1294/1294/1294
f 1297/1297/1297 1295/1295/1295 1296/1296/1296
f 1298/1298/1298 1297/1297/1297 1296/1296/1296
f 1299/1299/1299 1297/1297/1297 1298/1298/1298
f 1300/1300/1300 1299/1299/1299 1298/1298/1298
f 1303/1303/1303 1302/1302/1302 1301/1301/1301
f 1304/1304/1304 1303/1303/1303 1301/1301/1301
f 1305/1305/1305 1303/1303/1303 1304/1304/1304
f 1306/1306/1306 1304/1304/1304 1301/1301/1301
f 1307/1307/1307 1306/1306/1306 1301/1301/1301
f 1308/1308/1308 1305/1305/1305 1304/1304/1304
f 1304/1304/1304 1306/1306/1306 1308/1308/1308
f 1309/1309/1309 1305/1305/1305 1308/1308/1308
f 1310/1310/1310 1306/1306/1306 1307/1307/1307
f 1311/1311/1311 1310/1310/1310 1307/1307/1307
f 1311/1311/1311 1312/1312/1312 1310/1310/1310
f 1306/1306/1306 1313/1313/1313 1308/1308/1308
f 1306/1306/1306 1310/1310/1310 1313/1313/1313
f 1314/1314/1314 1309/1309/1309 1308/1308/1308
f 1315/1315/1315 1309/1309/1309 1314/1314/1314
f 1312/1312/1312 1316/1316/1316 1310/1310/1310
f 1312/1312/1312 1317/1317/1317 1316/1316/1316
f 1310/1310/1310 1318/1318/1318 1313/1313/1313
f 1310/1310/1310 1316/1316/1316 1318/1318/1318
f 1313/1313/1313 1319/1319/1319 1308/1308/1308
f 1319/1319/1319 1314/1314/1314 1308/1308/1308
f 1320/1320/1320 1315/1315/1315 1314/1314/1314
f 1321/1321/1321 1315/1315/1315 1320/1320/1320
f 1317/1317/1317 1322/1322/1322 1316/1316/1316
f 1322/1322/1322 1317/1317/1317 1323/1323/1323
f 1324/1324/1324 1320/1320/1320 1314/1314/1314
f 1319/1319/1319 1324/1324/1324 1314/1314/1314
f 1325/1325/1325 1321/1321/1321 1320/1320/1320
f 1320/1320/1320 1324/1324/1324 1325/1325/1325
f 1326/1326/1326 1321/1321/1321 1325/1325/1325
f 1327/1327/1327 1326/1326/1326 1325/1325/1325
f 1328/1328/1328 1327/1327/1327 1325/1325/1325
f 1329/1329/1329 1328/1328/1328 1325/1325/1325
f 1324/1324/1324 1329/1329/1329 1325/1325/1325
f 1330/1330/1330 1328/1328/1328 1329/1329/1329
f 1331/1331/1331 1324/1324/1324 1319/1319/1319
f 1324/1324/1324 1331/1331/1331 1329/1329/1329
f 1332/1332/1332 1330/1330/1330 1329/1329/1329
f 1331/1331/1331 1332/1332/1332 1329/1329/1329
f 1330/1330/1330 1332/1332/1332 1333/1333/1333
f 1334/1334/1334 1330/1330/1330 1333/1333/1333
f 1335/1335/1335 1331/1331/1331 1319/1319/1319
f 1335/1335/1335 1319/1319/1319 1313/1313/1313
f 1318/1318/1318 1335/1335/1335 1313/1313/1313
f 1331/1331/1331 1336/1336/1336 1332/1332/1332
f 1336/1336/1336 1333/1333/1333 1332/1332/1332
f 1334/1334/1334 1333/1333/1333 1337/1337/1337
f 1338/1338/1338 1334/1334/1334 1337/1337/1337
f 1331/1331/1331 1335/1335/1335 1339/1339/1339
f 1336/1336/1336 1331/1331/1331 1339/1339/1339
f 1335/1335/1335 1318/1318/1318 1340/1340/1340
f 1339/1339/1339 1335/1335/1335 1340/1340/1340
f 1336/1336/1336 1341/1341/1341 1333/1333/1333
f 1341/1341/1341 1337/1337/1337 1333/1333/1333
f 1338/1338/1338 1337/1337/1337 1342/1342/1342
f 1343/1343/1343 1338/1338/1338 1342/1342/1342
f 1336/1336/1336 1339/1339/1339 1344/1344/1344
f 1341/1341/1341 1336/1336/1336 1344/1344/1344
f 1337/1337/1337 1341/1341/1341 1345/1345/1345
f 1342/1342/1342 1337/1337/1337 1345/1345/1345
f 1343/1343/1343 1342/1342/1342 1346/1346/1346
f 1347/1347/1347 1343/1343/1343 1346/1346/1346
f 1318/1318/1318 1348/1348/1348 1340/1340/1340
f 1316/1316/1316 1348/1348/1348 1318/1318/1318
f 1316/1316/1316 1322/1322/1322 1348/1348/1348
f 1339/1339/1339 1340/1340/1340 1349/1349/1349
f 1349/1349/1349 1344/1344/1344 1339/1339/1339
f 1341/1341/1341 1344/1344/1344 1350/1350/1350
f 1345/1345/1345 1341/1341/1341 1350/1350/1350
f 1342/1342/1342 1345/1345/1345 1351/1351/1351
f 1346/1346/1346 1342/1342/1342 1351/1351/1351
f 1347/1347/1347 1346/1346/1346 1352/1352/1352
f 1353/1353/1353 1347/1347/1347 1352/1352/1352
f 1353/1353/1353 1352/1352/1352 1354/1354/1354
f 1345/1345/1345 1350/1350/1350 1355/1355/1355
f 1351/1351/1351 1345/1345/1345 1355/1355/1355
f 1346/1346/1346 1351/1351/1351 1356/1356/1356
f 1352/1352/1352 1346/1346/1346 1356/1356/1356
f 1352/1352/1352 1357/1357/1357 1354/1354/1354
f 1354/1354/1354 1357/1357/1357 1358/1358/1358
f 1351/1351/1351 1355/1355/1355 1359/1359/1359
f 1356/1356/1356 1351/1351/1351 1359/1359/1359
f 1355/1355/1355 1350/1350/1350 1360/1360/1360
f 1359/1359/1359 1355/1355/1355 1360/1360/1360
f 1352/1352/1352 1356/1356/1356 1361/1361/1361
f 1357/1357/1357 1352/1352/1352 1361/1361/1361
f 1362/1362/1362 1361/1361/1361 1356/1356/1356
f 1359/1359/1359 1362/1362/1362 1356/1356/1356
f 1361/1361/1361 1362/1362/1362 1363/1363/1363
f 1357/1357/1357 1361/1361/1361 1363/1363/1363
f 1364/1364/1364 1362/1362/1362 1359/1359/1359
f 1357/1357/1357 1365/1365/1365 1358/1358/1358
f 1365/1365/1365 1357/1357/1357 1363/1363/1363
f 1358/1358/1358 1365/1365/1365 1366/1366/1366
f 1365/1365/1365 1363/1363/1363 1367/1367/1367
f 1363/1363/1363 1362/1362/1362 1367/1367/1367
f 1365/1365/1365 1368/1368/1368 1366/1366/1366
f 1368/1368/1368 1365/1365/1365 1367/1367/1367
f 1366/1366/1366 1368/1368/1368 1369/1369/1369
f 1368/1368/1368 1367/1367/1367 1370/1370/1370
f 1367/1367/1367 1362/1362/1362 1370/1370/1370
f 1368/1368/1368 1371/1371/1371 1369/1369/1369
f 1371/1371/1371 1368/1368/1368 1370/1370/1370
f 1369/1369/1369 1371/1371/1371 1372/1372/1372
f 1371/1371/1371 1370/1370/1370 1373/1373/1373
f 1370/1370/1370 1362/1362/1362 1373/1373/1373
f 1371/1371/1371 1374/1374/1374 1372/1372/1372
f 1374/1374/1374 1371/1371/1371 1373/1373/1373
f 1372/1372/1372 1374/1374/1374 1375/1375/1375
f 1374/1374/1374 1373/1373/1373 1376/1376/1376
f 1373/1373/1373 1362/1362/1362 1376/1376/1376
f 1374/1374/1374 1377/1377/1377 1375/1375/1375
f 1377/1377/1377 1374/1374/1374 1376/1376/1376
f 1375/1375/1375 1377/1377/1377 1378/1378/1378
f 1376/1376/1376 1362/1362/1362 1379/1379/1379
f 1377/1377/1377 1376/1376/1376 1379/1379/1379
f 1377/1377/1377 1380/1380/1380 1378/1378/1378
f 1380/1380/1380 1377/1377/1377 1379/1379/1379
f 1378/1378/1378 1380/1380/1380 1381/1381/1381
f 1379/1379/1379 1362/1362/1362 1382/1382/1382
f 1380/1380/1380 1379/1379/1379 1382/1382/1382
f 1382/1382/1382 1362/1362/1362 1364/1364/1364
f 1380/1380/1380 1383/1383/1383 1381/1381/1381
f 1383/1383/1383 1380/1380/1380 1382/1382/1382
f 1383/1383/1383 1382/1382/1382 1364/1364/1364
f 1381/1381/1381 1383/1383/1383 1384/1384/1384
f 1383/1383/1383 1385/1385/1385 1384/1384/1384
f 1385/1385/1385 1383/1383/1383 1364/1364/1364
f 1384/1384/1384 1385/1385/1385 1386/1386/1386
f 1387/1387/1387 1385/1385/1385 1364/1364/1364
f 1387/1387/1387 1364/1364/1364 1359/1359/1359
f 1387/1387/1387 1359/1359/1359 1360/1360/1360
f 1387/1387/1387 1360/1360/1360 1385/1385/1385
f 1385/1385/1385 1388/1388/1388 1386/1386/1386
f 1360/1360/1360 1388/1388/1388 1385/1385/1385
f 1388/1388/1388 1389/1389/1389 1386/1386/1386
f 1389/1389/1389 1390/1390/1390 1386/1386/1386
f 1389/1389/1389 1391/1391/1391 1390/1390/1390
f 1391/1391/1391 1392/1392/1392 1390/1390/1390
f 1392/1392/1392 1391/1391/1391 1393/1393/1393
f 1360/1360/1360 1394/1394/1394 1388/1388/1388
f 1394/1394/1394 1389/1389/1389 1388/1388/1388
f 1350/1350/1350 1394/1394/1394 1360/1360/1360
f 1350/1350/1350 1344/1344/1344 1394/1394/1394
f 1394/1394/1394 1395/1395/1395 1389/1389/1389
f 1344/1344/1344 1395/1395/1395 1394/1394/1394
f 1395/1395/1395 1391/1391/1391 1389/1389/1389
f 1349/1349/1349 1395/1395/1395 1344/1344/1344
f 1349/1349/1349 1391/1391/1391 1395/1395/1395
f 1349/1349/1349 1396/1396/1396 1391/1391/1391
f 1349/1349/1349 1340/1340/1340 1396/1396/1396
f 1391/1391/1391 1397/1397/1397 1393/1393/1393
f 1396/1396/1396 1397/1397/1397 1391/1391/1391
f 1397/1397/1397 1398/1398/1398 1393/1393/1393
f 1398/1398/1398 1399/1399/1399 1393/1393/1393
f 1340/1340/1340 1400/1400/1400 1396/1396/1396
f 1348/1348/1348 1400/1400/1400 1340/1340/1340
f 1396/1396/1396 1401/1401/1401 1397/1397/1397
f 1401/1401/1401 1398/1398/1398 1397/1397/1397
f 1402/1402/1402 1401/1401/1401 1396/1396/1396
f 1400/1400/1400 1402/1402/1402 1396/1396/1396
f 1401/1401/1401 1402/1402/1402 1398/1398/1398
f 1398/1398/1398 1403/1403/1403 1399/1399/1399
f 1402/1402/1402 1403/1403/1403 1398/1398/1398
f 1403/1403/1403 1323/1323/1323 1399/1399/1399
f 1403/1403/1403 1322/1322/1322 1323/1323/1323
f 1322/1322/1322 1404/1404/1404 1348/1348/1348
f 1348/1348/1348 1404/1404/1404 1400/1400/1400
f 1404/1404/1404 1402/1402/1402 1400/1400/1400
f 1404/1404/1404 1322/1322/1322 1403/1403/1403
f 1402/1402/1402 1404/1404/1404 1403/1403/1403
f 1407/1407/1407 1406/1406/1406 1405/1405/1405
f 1406/1406/1406 1408/1408/1408 1405/1405/1405
f 1406/1406/1406 1409/1409/1409 1408/1408/1408
f 1408/1408/1408 1410/1410/1410 1405/1405/1405
f 1410/1410/1410 1411/1411/1411 1405/1405/1405
f 1409/1409/1409 1412/1412/1412 1408/1408/1408
f 1410/1410/1410 1408/1408/1408 1412/1412/1412
f 1409/1409/1409 1413/1413/1413 1412/1412/1412
f 1410/1410/1410 1414/1414/1414 1411/1411/1411
f 1414/1414/1414 1415/1415/1415 1411/1411/1411
f 1416/1416/1416 1415/1415/1415 1414/1414/1414
f 1417/1417/1417 1410/1410/1410 1412/1412/1412
f 1414/1414/1414 1410/1410/1410 1417/1417/1417
f 1413/1413/1413 1418/1418/1418 1412/1412/1412
f 1413/1413/1413 1419/1419/1419 1418/1418/1418
f 1420/1420/1420 1416/1416/1416 1414/1414/1414
f 1421/1421/1421 1416/1416/1416 1420/1420/1420
f 1422/1422/1422 1414/1414/1414 1417/1417/1417
f 1420/1420/1420 1414/1414/1414 1422/1422/1422
f 1423/1423/1423 1417/1417/1417 1412/1412/1412
f 1418/1418/1418 1423/1423/1423 1412/1412/1412
f 1419/1419/1419 1424/1424/1424 1418/1418/1418
f 1419/1419/1419 1425/1425/1425 1424/1424/1424
f 1426/1426/1426 1421/1421/1421 1420/1420/1420
f 1421/1421/1421 1426/1426/1426 1427/1427/1427
f 1424/1424/1424 1428/1428/1428 1418/1418/1418
f 1428/1428/1428 1423/1423/1423 1418/1418/1418
f 1425/1425/1425 1429/1429/1429 1424/1424/1424
f 1428/1428/1428 1424/1424/1424 1429/1429/1429
f 1425/1425/1425 1430/1430/1430 1429/1429/1429
f 1430/1430/1430 1431/1431/1431 1429/1429/1429
f 1431/1431/1431 1432/1432/1432 1429/1429/1429
f 1432/1432/1432 1433/1433/1433 1429/1429/1429
f 1433/1433/1433 1428/1428/1428 1429/1429/1429
f 1432/1432/1432 1434/1434/1434 1433/1433/1433
f 1428/1428/1428 1435/1435/1435 1423/1423/1423
f 1435/1435/1435 1428/1428/1428 1433/1433/1433
f 1434/1434/1434 1436/1436/1436 1433/1433/1433
f 1436/1436/1436 1435/1435/1435 1433/1433/1433
f 1436/1436/1436 1434/1434/1434 1437/1437/1437
f 1434/1434/1434 1438/1438/1438 1437/1437/1437
f 1435/1435/1435 1439/1439/1439 1423/1423/1423
f 1423/1423/1423 1439/1439/1439 1417/1417/1417
f 1439/1439/1439 1422/1422/1422 1417/1417/1417
f 1440/1440/1440 1435/1435/1435 1436/1436/1436
f 1437/1437/1437 1440/1440/1440 1436/1436/1436
f 1437/1437/1437 1438/1438/1438 1441/1441/1441
f 1438/1438/1438 1442/1442/1442 1441/1441/1441
f 1439/1439/1439 1435/1435/1435 1443/1443/1443
f 1435/1435/1435 1440/1440/1440 1443/1443/1443
f 1422/1422/1422 1439/1439/1439 1444/1444/1444
f 1439/1439/1439 1443/1443/1443 1444/1444/1444
f 1445/1445/1445 1440/1440/1440 1437/1437/1437
f 1441/1441/1441 1445/1445/1445 1437/1437/1437
f 1441/1441/1441 1442/1442/1442 1446/1446/1446
f 1442/1442/1442 1447/1447/1447 1446/1446/1446
f 1443/1443/1443 1440/1440/1440 1448/1448/1448
f 1440/1440/1440 1445/1445/1445 1448/1448/1448
f 1445/1445/1445 1441/1441/1441 1449/1449/1449
f 1441/1441/1441 1446/1446/1446 1449/1449/1449
f 1446/1446/1446 1447/1447/1447 1450/1450/1450
f 1447/1447/1447 1451/1451/1451 1450/1450/1450
f 1452/1452/1452 1422/1422/1422 1444/1444/1444
f 1452/1452/1452 1420/1420/1420 1422/1422/1422
f 1426/1426/1426 1420/1420/1420 1452/1452/1452
f 1453/1453/1453 1444/1444/1444 1443/1443/1443
f 1443/1443/1443 1448/1448/1448 1453/1453/1453
f 1445/1445/1445 1449/1449/1449 1454/1454/1454
f 1448/1448/1448 1445/1445/1445 1454/1454/1454
f 1449/1449/1449 1446/1446/1446 1455/1455/1455
f 1446/1446/1446 1450/1450/1450 1455/1455/1455
f 1450/1450/1450 1451/1451/1451 1456/1456/1456
f 1451/1451/1451 1457/1457/1457 1456/1456/1456
f 1456/1456/1456 1457/1457/1457 1458/1458/1458
f 1454/1454/1454 1449/1449/1449 1459/1459/1459
f 1449/1449/1449 1455/1455/1455 1459/1459/1459
f 1455/1455/1455 1450/1450/1450 1460/1460/1460
f 1450/1450/1450 1456/1456/1456 1460/1460/1460
f 1461/1461/1461 1456/1456/1456 1458/1458/1458
f 1461/1461/1461 1458/1458/1458 1462/1462/1462
f 1459/1459/1459 1455/1455/1455 1463/1463/1463
f 1455/1455/1455 1460/1460/1460 1463/1463/1463
f 1454/1454/1454 1459/1459/1459 1464/1464/1464
f 1459/1459/1459 1463/1463/1463 1464/1464/1464
f 1448/1448/1448 1454/1454/1454 1465/1465/1465
f 1465/1465/1465 1454/1454/1454 1464/1464/1464
f 1460/1460/1460 1456/1456/1456 1466/1466/1466
f 1456/1456/1456 1461/1461/1461 1466/1466/1466
f 1466/1466/1466 1467/1467/1467 1460/1460/1460
f 1467/1467/1467 1463/1463/1463 1460/1460/1460
f 1467/1467/1467 1466/1466/1466 1468/1468/1468
f 1466/1466/1466 1461/1461/1461 1468/1468/1468
f 1467/1467/1467 1469/1469/1469 1463/1463/1463
f 1470/1470/1470 1461/1461/1461 1462/1462/1462
f 1461/1461/1461 1470/1470/1470 1468/1468/1468
f 1470/1470/1470 1462/1462/1462 1471/1471/1471
f 1468/1468/1468 1470/1470/1470 1472/1472/1472
f 1467/1467/1467 1468/1468/1468 1472/1472/1472
f 1473/1473/1473 1470/1470/1470 1471/1471/1471
f 1470/1470/1470 1473/1473/1473 1472/1472/1472
f 1473/1473/1473 1471/1471/1471 1474/1474/1474
f 1472/1472/1472 1473/1473/1473 1475/1475/1475
f 1467/1467/1467 1472/1472/1472 1475/1475/1475
f 1476/1476/1476 1473/1473/1473 1474/1474/1474
f 1473/1473/1473 1476/1476/1476 1475/1475/1475
f 1476/1476/1476 1474/1474/1474 1477/1477/1477
f 1475/1475/1475 1476/1476/1476 1478/1478/1478
f 1467/1467/1467 1475/1475/1475 1478/1478/1478
f 1479/1479/1479 1476/1476/1476 1477/1477/1477
f 1476/1476/1476 1479/1479/1479 1478/1478/1478
f 1479/1479/1479 1477/1477/1477 1480/1480/1480
f 1478/1478/1478 1479/1479/1479 1481/1481/1481
f 1467/1467/1467 1478/1478/1478 1481/1481/1481
f 1482/1482/1482 1479/1479/1479 1480/1480/1480
f 1479/1479/1479 1482/1482/1482 1481/1481/1481
f 1482/1482/1482 1480/1480/1480 1483/1483/1483
f 1467/1467/1467 1481/1481/1481 1484/1484/1484
f 1481/1481/1481 1482/1482/1482 1484/1484/1484
f 1485/1485/1485 1482/1482/1482 1483/1483/1483
f 1482/1482/1482 1485/1485/1485 1484/1484/1484
f 1485/1485/1485 1483/1483/1483 1486/1486/1486
f 1467/1467/1467 1484/1484/1484 1487/1487/1487
f 1484/1484/1484 1485/1485/1485 1487/1487/1487
f 1467/1467/1467 1487/1487/1487 1469/1469/1469
f 1488/1488/1488 1485/1485/1485 1486/1486/1486
f 1485/1485/1485 1488/1488/1488 1487/1487/1487
f 1487/1487/1487 1488/1488/1488 1469/1469/1469
f 1488/1488/1488 1486/1486/1486 1489/1489/1489
f 1490/1490/1490 1488/1488/1488 1489/1489/1489
f 1488/1488/1488 1490/1490/1490 1469/1469/1469
f 1490/1490/1490 1489/1489/1489 1491/1491/1491
f 1490/1490/1490 1492/1492/1492 1469/1469/1469
f 1469/1469/1469 1492/1492/1492 1463/1463/1463
f 1463/1463/1463 1492/1492/1492 1464/1464/1464
f 1464/1464/1464 1492/1492/1492 1490/1490/1490
f 1493/1493/1493 1464/1464/1464 1490/1490/1490
f 1493/1493/1493 1490/1490/1490 1491/1491/1491
f 1465/1465/1465 1464/1464/1464 1493/1493/1493
f 1494/1494/1494 1493/1493/1493 1491/1491/1491
f 1494/1494/1494 1465/1465/1465 1493/1493/1493
f 1495/1495/1495 1494/1494/1494 1491/1491/1491
f 1496/1496/1496 1494/1494/1494 1495/1495/1495
f 1497/1497/1497 1496/1496/1496 1495/1495/1495
f 1496/1496/1496 1497/1497/1497 1498/1498/1498
f 1499/1499/1499 1465/1465/1465 1494/1494/1494
f 1496/1496/1496 1499/1499/1499 1494/1494/1494
f 1499/1499/1499 1448/1448/1448 1465/1465/1465
f 1448/1448/1448 1499/1499/1499 1453/1453/1453
f 1496/1496/1496 1453/1453/1453 1499/1499/1499
f 1500/1500/1500 1453/1453/1453 1496/1496/1496
f 1444/1444/1444 1453/1453/1453 1500/1500/1500
f 1501/1501/1501 1496/1496/1496 1498/1498/1498
f 1501/1501/1501 1500/1500/1500 1496/1496/1496
f 1502/1502/1502 1501/1501/1501 1498/1498/1498
f 1503/1503/1503 1502/1502/1502 1498/1498/1498
f 1504/1504/1504 1444/1444/1444 1500/1500/1500
f 1504/1504/1504 1452/1452/1452 1444/1444/1444
f 1505/1505/1505 1500/1500/1500 1501/1501/1501
f 1502/1502/1502 1505/1505/1505 1501/1501/1501
f 1505/1505/1505 1506/1506/1506 1500/1500/1500
f 1506/1506/1506 1504/1504/1504 1500/1500/1500
f 1506/1506/1506 1505/1505/1505 1502/1502/1502
f 1507/1507/1507 1502/1502/1502 1503/1503/1503
f 1507/1507/1507 1506/1506/1506 1502/1502/1502
f 1427/1427/1427 1507/1507/1507 1503/1503/1503
f 1426/1426/1426 1507/1507/1507 1427/1427/1427
f 1508/1508/1508 1426/1426/1426 1452/1452/1452
f 1508/1508/1508 1452/1452/1452 1504/1504/1504
f 1506/1506/1506 1508/1508/1508 1504/1504/1504
f 1508/1508/1508 1506/1506/1506 1507/1507/1507
f 1426/1426/1426 1508/1508/1508 1507/1507/1507
f 1511/1511/1511 1510/1510/1510 1509/1509/1509
f 1510/1510/1510 1512/1512/1512 1509/1509/1509
f 1510/1510/1510 1513/1513/1513 1512/1512/1512
f 1512/1512/1512 1514/1514/1514 1509/1509/1509
f 1514/1514/1514 1515/1515/1515 1509/1509/1509
f 1513/1513/1513 1516/1516/1516 1512/1512/1512
f 1514/1514/1514 1512/1512/1512 1516/1516/1516
f 1513/1513/1513 1517/1517/1517 1516/1516/1516
f 1514/1514/1514 1518/1518/1518 1515/1515/1515
f 1518/1518/1518 1519/1519/1519 1515/1515/1515
f 1520/1520/1520 1519/1519/1519 1518/1518/1518
f 1521/1521/1521 1514/1514/1514 1516/1516/1516
f 1518/1518/1518 1514/1514/1514 1521/1521/1521
f 1517/1517/1517 1522/1522/1522 1516/1516/1516
f 1517/1517/1517 1523/1523/1523 1522/1522/1522
f 1524/1524/1524 1520/1520/1520 1518/1518/1518
f 1525/1525/1525 1520/1520/1520 1524/1524/1524
f 1526/1526/1526 1518/1518/1518 1521/1521/1521
f 1524/1524/1524 1518/1518/1518 1526/1526/1526
f 1527/1527/1527 1521/1521/1521 1516/1516/1516
f 1522/1522/1522 1527/1527/1527 1516/1516/1516
f 1523/1523/1523 1528/1528/1528 1522/1522/1522
f 1523/1523/1523 1529/1529/1529 1528/1528/1528
f 1530/1530/1530 1525/1525/1525 1524/1524/1524
f 1525/1525/1525 1530/1530/1530 1531/1531/1531
f 1528/1528/1528 1532/1532/1532 1522/1522/1522
f 1532/1532/1532 1527/1527/1527 1522/1522/1522
f 1529/1529/1529 1533/1533/1533 1528/1528/1528
f 1532/1532/1532 1528/1528/1528 1533/1533/1533
f 1529/1529/1529 1534/1534/1534 1533/1533/1533
f 1534/1534/1534 1535/1535/1535 1533/1533/1533
f 1535/1535/1535 1536/1536/1536 1533/1533/1533
f 1536/1536/1536 1537/1537/1537 1533/1533/1533
f 1537/1537/1537 1532/1532/1532 1533/1533/1533
f 1536/1536/1536 1538/1538/1538 1537/1537/1537
f 1532/1532/1532 1539/1539/1539 1527/1527/1527
f 1539/1539/1539 1532/1532/1532 1537/1537/1537
f 1538/1538/1538 1540/1540/1540 1537/1537/1537
f 1540/1540/1540 1539/1539/1539 1537/1537/1537
f 1540/1540/1540 1538/1538/1538 1541/1541/1541
f 1538/1538/1538 1542/1542/1542 1541/1541/1541
f 1539/1539/1539 1543/1543/1543 1527/1527/1527
f 1527/1527/1527 1543/1543/1543 1521/1521/1521
f 1543/1543/1543 1526/1526/1526 1521/1521/1521
f 1544/1544/1544 1539/1539/1539 1540/1540/1540
f 1541/1541/1541 1544/1544/1544 1540/1540/1540
f 1541/1541/1541 1542/1542/1542 1545/1545/1545
f 1542/1542/1542 1546/1546/1546 1545/1545/1545
f 1543/1543/1543 1539/1539/1539 1547/1547/1547
f 1539/1539/1539 1544/1544/1544 1547/1547/1547
f 1526/1526/1526 1543/1543/1543 1548/1548/1548
f 1543/1543/1543 1547/1547/1547 1548/1548/1548
f 1549/1549/1549 1544/1544/1544 1541/1541/1541
f 1545/1545/1545 1549/1549/1549 1541/1541/1541
f 1545/1545/1545 1546/1546/1546 1550/1550/1550
f 1546/1546/1546 1551/1551/1551 1550/1550/1550
f 1552/1552/1552 1526/1526/1526 1548/1548/1548
f 1552/1552/1552 1524/1524/1524 1526/1526/1526
f 1530/1530/1530 1524/1524/1524 1552/1552/1552
f 1547/1547/1547 1544/1544/1544 1553/1553/1553
f 1544/1544/1544 1549/1549/1549 1553/1553/1553
f 1549/1549/1549 1545/1545/1545 1554/1554/1554
f 1545/1545/1545 1550/1550/1550 1554/1554/1554
f 1550/1550/1550 1551/1551/1551 1555/1555/1555
f 1551/1551/1551 1556/1556/1556 1555/1555/1555
f 1553/1553/1553 1549/1549/1549 1557/1557/1557
f 1549/1549/1549 1554/1554/1554 1557/1557/1557
f 1554/1554/1554 1550/1550/1550 1558/1558/1558
f 1550/1550/1550 1555/1555/1555 1558/1558/1558
f 1555/1555/1555 1556/1556/1556 1559/1559/1559
f 1556/1556/1556 1560/1560/1560 1559/1559/1559
f 1559/1559/1559 1560/1560/1560 1561/1561/1561
f 1557/1557/1557 1554/1554/1554 1562/1562/1562
f 1554/1554/1554 1558/1558/1558 1562/1562/1562
f 1558/1558/1558 1555/1555/1555 1563/1563/1563
f 1555/1555/1555 1559/1559/1559 1563/1563/1563
f 1564/1564/1564 1559/1559/1559 1561/1561/1561
f 1564/1564/1564 1561/1561/1561 1565/1565/1565
f 1562/1562/1562 1558/1558/1558 1566/1566/1566
f 1558/1558/1558 1563/1563/1563 1566/1566/1566
f 1557/1557/1557 1562/1562/1562 1567/1567/1567
f 1562/1562/1562 1566/1566/1566 1567/1567/1567
f 1563/1563/1563 1559/1559/1559 1568/1568/1568
f 1559/1559/1559 1564/1564/1564 1568/1568/1568
f 1568/1568/1568 1569/1569/1569 1563/1563/1563
f 1569/1569/1569 1566/1566/1566 1563/1563/1563
f 1569/1569/1569 1568/1568/1568 1570/1570/1570
f 1568/1568/1568 1564/1564/1564 1570/1570/1570
f 1569/1569/1569 1571/1571/1571 1566/1566/1566
f 1572/1572/1572 1564/1564/1564 1565/1565/1565
f 1564/1564/1564 1572/1572/1572 1570/1570/1570
f 1572/1572/1572 1565/1565/1565 1573/1573/1573
f 1570/1570/1570 1572/1572/1572 1574/1574/1574
f 1569/1569/1569 1570/1570/1570 1574/1574/1574
f 1575/1575/1575 1572/1572/1572 1573/1573/1573
f 1572/1572/1572 1575/1575/1575 1574/1574/1574
f 1575/1575/1575 1573/1573/1573 1576/1576/1576
f 1574/1574/1574 1575/1575/1575 1577/1577/1577
f 1569/1569/1569 1574/1574/1574 1577/1577/1577
f 1578/1578/1578 1575/1575/1575 1576/1576/1576
f 1575/1575/1575 1578/1578/1578 1577/1577/1577
f 1578/1578/1578 1576/1576/1576 1579/1579/1579
f 1577/1577/1577 1578/1578/1578 1580/1580/1580
f 1569/1569/1569 1577/1577/1577 1580/1580/1580
f 1581/1581/1581 1578/1578/1578 1579/1579/1579
f 1578/1578/1578 1581/1581/1581 1580/1580/1580
f 1581/1581/1581 1579/1579/1579 1582/1582/1582
f 1580/1580/1580 1581/1581/1581 1583/1583/1583
f 1569/1569/1569 1580/1580/1580 1583/1583/1583
f 1584/1584/1584 1581/1581/1581 1582/1582/1582
f 1581/1581/1581 1584/1584/1584 1583/1583/1583
f 1584/1584/1584 1582/1582/1582 1585/1585/1585
f 1569/1569/1569 1583/1583/1583 1586/1586/1586
f 1583/1583/1583 1584/1584/1584 1586/1586/1586
f 1587/1587/1587 1584/1584/1584 1585/1585/1585
f 1584/1584/1584 1587/1587/1587 1586/1586/1586
f 1587/1587/1587 1585/1585/1585 1588/1588/1588
f 1569/1569/1569 1586/1586/1586 1589/1589/1589
f 1586/1586/1586 1587/1587/1587 1589/1589/1589
f 1569/1569/1569 1589/1589/1589 1571/1571/1571
f 1590/1590/1590 1587/1587/1587 1588/1588/1588
f 1587/1587/1587 1590/1590/1590 1589/1589/1589
f 1589/1589/1589 1590/1590/1590 1571/1571/1571
f 1590/1590/1590 1588/1588/1588 1591/1591/1591
f 1592/1592/1592 1590/1590/1590 1591/1591/1591
f 1590/1590/1590 1592/1592/1592 1571/1571/1571
f 1592/1592/1592 1591/1591/1591 1593/1593/1593
f 1592/1592/1592 1594/1594/1594 1571/1571/1571
f 1571/1571/1571 1594/1594/1594 1566/1566/1566
f 1566/1566/1566 1594/1594/1594 1567/1567/1567
f 1567/1567/1567 1594/1594/1594 1592/1592/1592
f 1595/1595/1595 1592/1592/1592 1593/1593/1593
f 1595/1595/1595 1567/1567/1567 1592/1592/1592
f 1596/1596/1596 1595/1595/1595 1593/1593/1593
f 1597/1597/1597 1596/1596/1596 1593/1593/1593
f 1598/1598/1598 1596/1596/1596 1597/1597/1597
f 1599/1599/1599 1598/1598/1598 1597/1597/1597
f 1598/1598/1598 1599/1599/1599 1600/1600/1600
f 1601/1601/1601 1567/1567/1567 1595/1595/1595
f 1596/1596/1596 1601/1601/1601 1595/1595/1595
f 1601/1601/1601 1557/1557/1557 1567/1567/1567
f 1553/1553/1553 1557/1557/1557 1601/1601/1601
f 1602/1602/1602 1601/1601/1601 1596/1596/1596
f 1602/1602/1602 1553/1553/1553 1601/1601/1601
f 1598/1598/1598 1602/1602/1602 1596/1596/1596
f 1547/1547/1547 1553/1553/1553 1602/1602/1602
f 1602/1602/1602 1603/1603/1603 1547/1547/1547
f 1598/1598/1598 1603/1603/1603 1602/1602/1602
f 1603/1603/1603 1548/1548/1548 1547/1547/1547
f 1604/1604/1604 1603/1603/1603 1598/1598/1598
f 1548/1548/1548 1603/1603/1603 1604/1604/1604
f 1605/1605/1605 1598/1598/1598 1600/1600/1600
f 1605/1605/1605 1604/1604/1604 1598/1598/1598
f 1606/1606/1606 1605/1605/1605 1600/1600/1600
f 1607/1607/1607 1606/1606/1606 1600/1600/1600
f 1608/1608/1608 1548/1548/1548 1604/1604/1604
f 1608/1608/1608 1552/1552/1552 1548/1548/1548
f 1609/1609/1609 1604/1604/1604 1605/1605/1605
f 1606/1606/1606 1609/1609/1609 1605/1605/1605
f 1609/1609/1609 1610/1610/1610 1604/1604/1604
f 1610/1610/1610 1608/1608/1608 1604/1604/1604
f 1610/1610/1610 1609/1609/1609 1606/1606/1606
f 1611/1611/1611 1606/1606/1606 1607/1607/1607
f 1611/1611/1611 1610/1610/1610 1606/1606/1606
f 1531/1531/1531 1611/1611/1611 1607/1607/1607
f 1530/1530/1530 1611/1611/1611 1531/1531/1531
f 1612/1612/1612 1530/1530/1530 1552/1552/1552
f 1612/1612/1612 1552/1552/1552 1608/1608/1608
f 1610/1610/1610 1612/1612/1612 1608/1608/1608
f 1612/1612/1612 1610/1610/1610 1611/1611/1611
f 1530/1530/1530 1612/1612/1612 1611/1611/1611
f 1615/1615/1615 1614/1614/1614 1613/1613/1613
f 1616/1616/1616 1615/1615/1615 1613/1613/1613
f 1617/1617/1617 1615/1615/1615 1616/1616/1616
f 1618/1618/1618 1616/1616/1616 1613/1613/1613
f 1619/1619/1619 1618/1618/1618 1613/1613/1613
f 1620/1620/1620 1617/1617/1617 1616/1616/1616
f 1616/1616/1616 1618/1618/1618 1620/1620/1620
f 1621/1621/1621 1617/1617/1617 1620/1620/1620
f 1622/1622/1622 1618/1618/1618 1619/1619/1619
f 1623/1623/1623 1622/1622/1622 1619/1619/1619
f 1623/1623/1623 1624/1624/1624 1622/1622/1622
f 1618/1618/1618 1625/1625/1625 1620/1620/1620
f 1618/1618/1618 1622/1622/1622 1625/1625/1625
f 1626/1626/1626 1621/1621/1621 1620/1620/1620
f 1627/1627/1627 1621/1621/1621 1626/1626/1626
f 1624/1624/1624 1628/1628/1628 1622/1622/1622
f 1624/1624/1624 1629/1629/1629 1628/1628/1628
f 1622/1622/1622 1630/1630/1630 1625/1625/1625
f 1622/1622/1622 1628/1628/1628 1630/1630/1630
f 1625/1625/1625 1631/1631/1631 1620/1620/1620
f 1631/1631/1631 1626/1626/1626 1620/1620/1620
f 1632/1632/1632 1627/1627/1627 1626/1626/1626
f 1633/1633/1633 1627/1627/1627 1632/1632/1632
f 1629/1629/1629 1634/1634/1634 1628/1628/1628
f 1634/1634/1634 1629/1629/1629 1635/1635/1635
f 1636/1636/1636 1632/1632/1632 1626/1626/1626
f 1631/1631/1631 1636/1636/1636 1626/1626/1626
f 1637/1637/1637 1633/1633/1633 1632/1632/1632
f 1632/1632/1632 1636/1636/1636 1637/1637/1637
f 1638/1638/1638 1633/1633/1633 1637/1637/1637
f 1639/1639/1639 1638/1638/1638 1637/1637/1637
f 1640/1640/1640 1639/1639/1639 1637/1637/1637
f 1641/1641/1641 1640/1640/1640 1637/1637/1637
f 1636/1636/1636 1641/1641/1641 1637/1637/1637
f 1642/1642/1642 1640/1640/1640 1641/1641/1641
f 1643/1643/1643 1636/1636/1636 1631/1631/1631
f 1636/1636/1636 1643/1643/1643 1641/1641/1641
f 1644/1644/1644 1642/1642/1642 1641/1641/1641
f 1643/1643/1643 1644/1644/1644 1641/1641/1641
f 1642/1642/1642 1644/1644/1644 1645/1645/1645
f 1646/1646/1646 1642/1642/1642 1645/1645/1645
f 1647/1647/1647 1643/1643/1643 1631/1631/1631
f 1647/1647/1647 1631/1631/1631 1625/1625/1625
f 1630/1630/1630 1647/1647/1647 1625/1625/1625
f 1643/1643/1643 1648/1648/1648 1644/1644/1644
f 1648/1648/1648 1645/1645/1645 1644/1644/1644
f 1646/1646/1646 1645/1645/1645 1649/1649/1649
f 1650/1650/1650 1646/1646/1646 1649/1649/1649
f 1643/1643/1643 1647/1647/1647 1651/1651/1651
f 1648/1648/1648 1643/1643/1643 1651/1651/1651
f 1647/1647/1647 1630/1630/1630 1652/1652/1652
f 1651/1651/1651 1647/1647/1647 1652/1652/1652
f 1648/1648/1648 1653/1653/1653 1645/1645/1645
f 1653/1653/1653 1649/1649/1649 1645/1645/1645
f 1650/1650/1650 1649/1649/1649 1654/1654/1654
f 1655/1655/1655 1650/1650/1650 1654/1654/1654
f 1630/1630/1630 1656/1656/1656 1652/1652/1652
f 1628/1628/1628 1656/1656/1656 1630/1630/1630
f 1628/1628/1628 1634/1634/1634 1656/1656/1656
f 1648/1648/1648 1651/1651/1651 1657/1657/1657
f 1653/1653/1653 1648/1648/1648 1657/1657/1657
f 1649/1649/1649 1653/1653/1653 1658/1658/1658
f 1654/1654/1654 1649/1649/1649 1658/1658/1658
f 1655/1655/1655 1654/1654/1654 1659/1659/1659
f 1660/1660/1660 1655/1655/1655 1659/1659/1659
f 1653/1653/1653 1657/1657/1657 1661/1661/1661
f 1658/1658/1658 1653/1653/1653 1661/1661/1661
f 1654/1654/1654 1658/1658/1658 1662/1662/1662
f 1659/1659/1659 1654/1654/1654 1662/1662/1662
f 1660/1660/1660 1659/1659/1659 1663/1663/1663
f 1664/1664/1664 1660/1660/1660 1663/1663/1663
f 1664/1664/1664 1663/1663/1663 1665/1665/1665
f 1658/1658/1658 1661/1661/1661 1666/1666/1666
f 1662/1662/1662 1658/1658/1658 1666/1666/1666
f 1659/1659/1659 1662/1662/1662 1667/1667/1667
f 1663/1663/1663 1659/1659/1659 1667/1667/1667
f 1663/1663/1663 1668/1668/1668 1665/1665/1665
f 1665/1665/1665 1668/1668/1668 1669/1669/1669
f 1662/1662/1662 1666/1666/1666 1670/1670/1670
f 1667/1667/1667 1662/1662/1662 1670/1670/1670
f 1666/1666/1666 1661/1661/1661 1671/1671/1671
f 1670/1670/1670 1666/1666/1666 1671/1671/1671
f 1663/1663/1663 1667/1667/1667 1672/1672/1672
f 1668/1668/1668 1663/1663/1663 1672/1672/1672
f 1673/1673/1673 1672/1672/1672 1667/1667/1667
f 1670/1670/1670 1673/1673/1673 1667/1667/1667
f 1672/1672/1672 1673/1673/1673 1674/1674/1674
f 1668/1668/1668 1672/1672/1672 1674/1674/1674
f 1675/1675/1675 1673/1673/1673 1670/1670/1670
f 1668/1668/1668 1676/1676/1676 1669/1669/1669
f 1676/1676/1676 1668/1668/1668 1674/1674/1674
f 1669/1669/1669 1676/1676/1676 1677/1677/1677
f 1676/1676/1676 1674/1674/1674 1678/1678/1678
f 1674/1674/1674 1673/1673/1673 1678/1678/1678
f 1676/1676/1676 1679/1679/1679 1677/1677/1677
f 1679/1679/1679 1676/1676/1676 1678/1678/1678
f 1677/1677/1677 1679/1679/1679 1680/1680/1680
f 1679/1679/1679 1678/1678/1678 1681/1681/1681
f 1678/1678/1678 1673/1673/1673 1681/1681/1681
f 1679/1679/1679 1682/1682/1682 1680/1680/1680
f 1682/1682/1682 1679/1679/1679 1681/1681/1681
f 1680/1680/1680 1682/1682/1682 1683/1683/1683
f 1682/1682/1682 1681/1681/1681 1684/1684/1684
f 1681/1681/1681 1673/1673/1673 1684/1684/1684
f 1682/1682/1682 1685/1685/1685 1683/1683/1683
f 1685/1685/1685 1682/1682/1682 1684/1684/1684
f 1683/1683/1683 1685/1685/1685 1686/1686/1686
f 1685/1685/1685 1684/1684/1684 1687/1687/1687
f 1684/1684/1684 1673/1673/1673 1687/1687/1687
f 1685/1685/1685 1688/1688/1688 1686/1686/1686
f 1688/1688/1688 1685/1685/1685 1687/1687/1687
f 1686/1686/1686 1688/1688/1688 1689/1689/1689
f 1687/1687/1687 1673/1673/1673 1690/1690/1690
f 1688/1688/1688 1687/1687/1687 1690/1690/1690
f 1688/1688/1688 1691/1691/1691 1689/1689/1689
f 1691/1691/1691 1688/1688/1688 1690/1690/1690
f 1689/1689/1689 1691/1691/1691 1692/1692/1692
f 1690/1690/1690 1673/1673/1673 1693/1693/1693
f 1691/1691/1691 1690/1690/1690 1693/1693/1693
f 1693/1693/1693 1673/1673/1673 1675/1675/1675
f 1691/1691/1691 1694/1694/1694 1692/1692/1692
f 1694/1694/1694 1691/1691/1691 1693/1693/1693
f 1694/1694/1694 1693/1693/1693 1675/1675/1675
f 1692/1692/1692 1694/1694/1694 1695/1695/1695
f 1694/1694/1694 1696/1696/1696 1695/1695/1695
f 1696/1696/1696 1694/1694/1694 1675/1675/1675
f 1695/1695/1695 1696/1696/1696 1697/1697/1697
f 1698/1698/1698 1696/1696/1696 1675/1675/1675
f 1698/1698/1698 1675/1675/1675 1670/1670/1670
f 1698/1698/1698 1670/1670/1670 1671/1671/1671
f 1698/1698/1698 1671/1671/1671 1696/1696/1696
f 1696/1696/1696 1699/1699/1699 1697/1697/1697
f 1671/1671/1671 1699/1699/1699 1696/1696/1696
f 1699/1699/1699 1700/1700/1700 1697/1697/1697
f 1700/1700/1700 1701/1701/1701 1697/1697/1697
f 1700/1700/1700 1702/1702/1702 1701/1701/1701
f 1702/1702/1702 1703/1703/1703 1701/1701/1701
f 1703/1703/1703 1702/1702/1702 1704/1704/1704
f 1671/1671/1671 1705/1705/1705 1699/1699/1699
f 1705/1705/1705 1700/1700/1700 1699/1699/1699
f 1661/1661/1661 1705/1705/1705 1671/1671/1671
f 1661/1661/1661 1657/1657/1657 1705/1705/1705
f 1705/1705/1705 1706/1706/1706 1700/1700/1700
f 1657/1657/1657 1706/1706/1706 1705/1705/1705
f 1706/1706/1706 1702/1702/1702 1700/1700/1700
f 1706/1706/1706 1657/1657/1657 1651/1651/1651
f 1651/1651/1651 1707/1707/1707 1706/1706/1706
f 1707/1707/1707 1702/1702/1702 1706/1706/1706
f 1651/1651/1651 1652/1652/1652 1707/1707/1707
f 1707/1707/1707 1708/1708/1708 1702/1702/1702
f 1707/1707/1707 1652/1652/1652 1708/1708/1708
f 1702/1702/1702 1709/1709/1709 1704/1704/1704
f 1708/1708/1708 1709/1709/1709 1702/1702/1702
f 1709/1709/1709 1710/1710/1710 1704/1704/1704
f 1710/1710/1710 1711/1711/1711 1704/1704/1704
f 1652/1652/1652 1712/1712/1712 1708/1708/1708
f 1656/1656/1656 1712/1712/1712 1652/1652/1652
f 1708/1708/1708 1713/1713/1713 1709/1709/1709
f 1713/1713/1713 1710/1710/1710 1709/1709/1709
f 1714/1714/1714 1713/1713/1713 1708/1708/1708
f 1712/1712/1712 1714/1714/1714 1708/1708/1708
f 1713/1713/1713 1714/1714/1714 1710/1710/1710
f 1710/1710/1710 1715/1715/1715 1711/1711/1711
f 1714/1714/1714 1715/1715/1715 1710/1710/1710
f 1715/1715/1715 1635/1635/1635 1711/1711/1711
f 1715/1715/1715 1634/1634/1634 1635/1635/1635
f 1634/1634/1634 1716/1716/1716 1656/1656/1656
f 1656/1656/1656 1716/1716/1716 1712/1712/1712
f 1716/1716/1716 1714/1714/1714 1712/1712/1712
f 1716/1716/1716 1634/1634/1634 1715/1715/1715
f 1714/1714/1714 1716/1716/1716 1715/1715/1715
f 1719/1719/1719 1718/1718/1718 1717/1717/1717
f 1718/1718/1718 1720/1720/1720 1717/1717/1717
f 1721/1721/1721 1717/1717/1717 1720/1720/1720
f 1720/1720/1720 1718/1718/1718 1722/1722/1722
f 1718/1718/1718 1723/1723/1723 1722/1722/1722
f 1723/1723/1723 1724/1724/1724 1722/1722/1722
f 1725/1725/1725 1721/1721/1721 1720/1720/1720
f 1720/1720/1720 1722/1722/1722 1725/1725/1725
f 1725/1725/1725 1726/1726/1726 1721/1721/1721
f 1726/1726/1726 1727/1727/1727 1721/1721/1721
f 1728/1728/1728 1727/1727/1727 1726/1726/1726
f 1722/1722/1722 1729/1729/1729 1725/1725/1725
f 1724/1724/1724 1729/1729/1729 1722/1722/1722
f 1729/1729/1729 1726/1726/1726 1725/1725/1725
f 1726/1726/1726 1729/1729/1729 1730/1730/1730
f 1729/1729/1729 1724/1724/1724 1730/1730/1730
f 1731/1731/1731 1728/1728/1728 1726/1726/1726
f 1731/1731/1731 1726/1726/1726 1730/1730/1730
f 1731/1731/1731 1732/1732/1732 1728/1728/1728
f 1731/1731/1731 1730/1730/1730 1732/1732/1732
f 1732/1732/1732 1733/1733/1733 1728/1728/1728
f 1734/1734/1734 1733/1733/1733 1732/1732/1732
f 1735/1735/1735 1730/1730/1730 1724/1724/1724
f 1730/1730/1730 1735/1735/1735 1732/1732/1732
f 1736/1736/1736 1734/1734/1734 1732/1732/1732
f 1736/1736/1736 1732/1732/1732 1735/1735/1735
f 1737/1737/1737 1735/1735/1735 1724/1724/1724
f 1724/1724/1724 1738/1738/1738 1737/1737/1737
f 1738/1738/1738 1739/1739/1739 1737/1737/1737
f 1740/1740/1740 1735/1735/1735 1737/1737/1737
f 1740/1740/1740 1736/1736/1736 1735/1735/1735
f 1739/1739/1739 1741/1741/1741 1737/1737/1737
f 1740/1740/1740 1737/1737/1737 1741/1741/1741
f 1739/1739/1739 1742/1742/1742 1741/1741/1741
f 1742/1742/1742 1743/1743/1743 1741/1741/1741
f 1736/1736/1736 1744/1744/1744 1734/1734/1734
f 1744/1744/1744 1745/1745/1745 1734/1734/1734
f 1746/1746/1746 1745/1745/1745 1744/1744/1744
f 1740/1740/1740 1747/1747/1747 1736/1736/1736
f 1747/1747/1747 1744/1744/1744 1736/1736/1736
f 1741/1741/1741 1748/1748/1748 1740/1740/1740
f 1748/1748/1748 1747/1747/1747 1740/1740/1740
f 1741/1741/1741 1743/1743/1743 1749/1749/1749
f 1748/1748/1748 1741/1741/1741 1749/1749/1749
f 1743/1743/1743 1750/1750/1750 1749/1749/1749
f 1744/1744/1744 1747/1747/1747 1751/1751/1751
f 1751/1751/1751 1746/1746/1746 1744/1744/1744
f 1747/1747/1747 1748/1748/1748 1751/1751/1751
f 1751/1751/1751 1752/1752/1752 1746/1746/1746
f 1748/1748/1748 1752/1752/1752 1751/1751/1751
f 1752/1752/1752 1748/1748/1748 1749/1749/1749
f 1752/1752/1752 1753/1753/1753 1746/1746/1746
f 1754/1754/1754 1753/1753/1753 1752/1752/1752
f 1749/1749/1749 1750/1750/1750 1755/1755/1755
f 1755/1755/1755 1752/1752/1752 1749/1749/1749
f 1755/1755/1755 1754/1754/1754 1752/1752/1752
f 1750/1750/1750 1756/1756/1756 1755/1755/1755
f 1755/1755/1755 1756/1756/1756 1754/1754/1754
f 1756/1756/1756 1757/1757/1757 1754/1754/1754
f 1760/1760/1760 1759/1759/1759 1758/1758/1758
f 1761/1761/1761 1760/1760/1760 1758/1758/1758
f 1758/1758/1758 1762/1762/1762 1761/1761/1761
f 1760/1760/1760 1761/1761/1761 1763/1763/1763
f 1764/1764/1764 1760/1760/1760 1763/1763/1763
f 1765/1765/1765 1764/1764/1764 1763/1763/1763
f 1762/1762/1762 1766/1766/1766 1761/1761/1761
f 1763/1763/1763 1761/1761/1761 1766/1766/1766
f 1767/1767/1767 1765/1765/1765 1763/1763/1763
f 1767/1767/1767 1763/1763/1763 1766/1766/1766
f 1768/1768/1768 1766/1766/1766 1762/1762/1762
f 1768/1768/1768 1767/1767/1767 1766/1766/1766
f 1769/1769/1769 1768/1768/1768 1762/1762/1762
f 1769/1769/1769 1770/1770/1770 1768/1768/1768
f 1765/1765/1765 1767/1767/1767 1771/1771/1771
f 1767/1767/1767 1768/1768/1768 1771/1771/1771
f 1772/1772/1772 1765/1765/1765 1771/1771/1771
f 1770/1770/1770 1773/1773/1773 1768/1768/1768
f 1768/1768/1768 1773/1773/1773 1771/1771/1771
f 1774/1774/1774 1773/1773/1773 1770/1770/1770
f 1771/1771/1771 1773/1773/1773 1774/1774/1774
f 1775/1775/1775 1774/1774/1774 1770/1770/1770
f 1775/1775/1775 1776/1776/1776 1774/1774/1774
f 1771/1771/1771 1777/1777/1777 1772/1772/1772
f 1777/1777/1777 1771/1771/1771 1774/1774/1774
f 1776/1776/1776 1778/1778/1778 1774/1774/1774
f 1774/1774/1774 1778/1778/1778 1777/1777/1777
f 1777/1777/1777 1779/1779/1779 1772/1772/1772
f 1780/1780/1780 1772/1772/1772 1779/1779/1779
f 1777/1777/1777 1781/1781/1781 1779/1779/1779
f 1778/1778/1778 1781/1781/1781 1777/1777/1777
f 1782/1782/1782 1780/1780/1780 1779/1779/1779
f 1782/1782/1782 1779/1779/1779 1781/1781/1781
f 1783/1783/1783 1780/1780/1780 1782/1782/1782
f 1784/1784/1784 1783/1783/1783 1782/1782/1782
f 1785/1785/1785 1778/1778/1778 1776/1776/1776
f 1786/1786/1786 1785/1785/1785 1776/1776/1776
f 1786/1786/1786 1787/1787/1787 1785/1785/1785
f 1788/1788/1788 1781/1781/1781 1778/1778/1778
f 1785/1785/1785 1788/1788/1788 1778/1778/1778
f 1781/1781/1781 1789/1789/1789 1782/1782/1782
f 1781/1781/1781 1788/1788/1788 1789/1789/1789
f 1784/1784/1784 1782/1782/1782 1790/1790/1790
f 1782/1782/1782 1789/1789/1789 1790/1790/1790
f 1791/1791/1791 1784/1784/1784 1790/1790/1790
f 1788/1788/1788 1785/1785/1785 1792/1792/1792
f 1787/1787/1787 1792/1792/1792 1785/1785/1785
f 1789/1789/1789 1788/1788/1788 1792/1792/1792
f 1793/1793/1793 1792/1792/1792 1787/1787/1787
f 1793/1793/1793 1789/1789/1789 1792/1792/1792
f 1789/1789/1789 1793/1793/1793 1790/1790/1790
f 1794/1794/1794 1793/1793/1793 1787/1787/1787
f 1794/1794/1794 1795/1795/1795 1793/1793/1793
f 1791/1791/1791 1790/1790/1790 1796/1796/1796
f 1793/1793/1793 1796/1796/1796 1790/1790/1790
f 1795/1795/1795 1796/1796/1796 1793/1793/1793
f 1797/1797/1797 1791/1791/1791 1796/1796/1796
f 1797/1797/1797 1796/1796/1796 1795/1795/1795
f 1798/1798/1798 1797/1797/1797 1795/1795/1795
f 1801/1801/1801 1800/1800/1800 1799/1799/1799
f 1800/1800/1800 1802/1802/1802 1799/1799/1799
f 1799/1799/1799 1802/1802/1802 1803/1803/1803
f 1802/1802/1802 1804/1804/1804 1803/1803/1803
f 1803/1803/1803 1804/1804/1804 1805/1805/1805
f 1804/1804/1804 1806/1806/1806 1805/1805/1805
f 1805/1805/1805 1806/1806/1806 1807/1807/1807
f 1806/1806/1806 1808/1808/1808 1807/1807/1807
f 1807/1807/1807 1808/1808/1808 1809/1809/1809
f 1808/1808/1808 1810/1810/1810 1809/1809/1809
f 1808/1808/1808 1812/1812/1812 1811/1811/1811
f 1813/1813/1813 1808/1808/1808 1811/1811/1811
f 1816/1816/1816 1815/1815/1815 1814/1814/1814
f 1817/1817/1817 1816/1816/1816 1814/1814/1814
f 1820/1820/1820 1819/1819/1819 1818/1818/1818
f 1821/1821/1821 1820/1820/1820 1818/1818/1818
f 1824/1824/1824 1823/1823/1823 1822/1822/1822
f 1825/1825/1825 1824/1824/1824 1822/1822/1822
f 1828/1828/1828 1827/1827/1827 1826/1826/1826
f 1829/1829/1829 1828/1828/1828 1826/1826/1826
f 1829/1829/1829 1826/1826/1826 1830/1830/1830
f 1831/1831/1831 1829/1829/1829 1830/1830/1830
f 1831/1831/1831 1830/1830/1830 1832/1832/1832
f 1833/1833/1833 1831/1831/1831 1832/1832/1832
f 1833/1833/1833 1832/1832/1832 1834/1834/1834
f 1835/1835/1835 1833/1833/1833 1834/1834/1834
f 1838/1838/1838 1837/1837/1837 1836/1836/1836
f 1839/1839/1839 1838/1838/1838 1836/1836/1836
f 1842/1842/1842 1841/1841/1841 1840/1840/1840
f 1843/1843/1843 1842/1842/1842 1840/1840/1840
f 1846/1846/1846 1845/1845/1845 1844/1844/1844
f 1847/1847/1847 1846/1846/1846 1844/1844/1844
f 1850/1850/1850 1849/1849/1849 1848/1848/1848
f 1851/1851/1851 1850/1850/1850 1848/1848/1848
f 1852/1852/1852 1850/1850/1850 1851/1851/1851
f 1851/1851/1851 1848/1848/1848 1853/1853/1853
f 1848/1848/1848 1854/1854/1854 1853/1853/1853
f 1855/1855/1855 1852/1852/1852 1851/1851/1851
f 1855/1855/1855 1851/1851/1851 1853/1853/1853
f 1856/1856/1856 1852/1852/1852 1855/1855/1855
f 1853/1853/1853 1854/1854/1854 1857/1857/1857
f 1857/1857/1857 1855/1855/1855 1853/1853/1853
f 1854/1854/1854 1858/1858/1858 1857/1857/1857
f 1859/1859/1859 1856/1856/1856 1855/1855/1855
f 1859/1859/1859 1855/1855/1855 1857/1857/1857
f 1856/1856/1856 1859/1859/1859 1860/1860/1860
f 1859/1859/1859 1861/1861/1861 1860/1860/1860
f 1860/1860/1860 1861/1861/1861 1862/1862/1862
f 1861/1861/1861 1863/1863/1863 1862/1862/1862
f 1863/1863/1863 1861/1861/1861 1864/1864/1864
f 1857/1857/1857 1865/1865/1865 1859/1859/1859
f 1859/1859/1859 1865/1865/1865 1861/1861/1861
f 1857/1857/1857 1866/1866/1866 1865/1865/1865
f 1865/1865/1865 1866/1866/1866 1867/1867/1867
f 1865/1865/1865 1867/1867/1867 1861/1861/1861
f 1866/1866/1866 1868/1868/1868 1867/1867/1867
f 1861/1861/1861 1869/1869/1869 1864/1864/1864
f 1867/1867/1867 1869/1869/1869 1861/1861/1861
f 1870/1870/1870 1864/1864/1864 1869/1869/1869
f 1871/1871/1871 1867/1867/1867 1868/1868/1868
f 1867/1867/1867 1871/1871/1871 1869/1869/1869
f 1872/1872/1872 1871/1871/1871 1868/1868/1868
f 1873/1873/1873 1870/1870/1870 1869/1869/1869
f 1871/1871/1871 1873/1873/1873 1869/1869/1869
f 1874/1874/1874 1870/1870/1870 1873/1873/1873
f 1875/1875/1875 1871/1871/1871 1872/1872/1872
f 1871/1871/1871 1875/1875/1875 1873/1873/1873
f 1876/1876/1876 1875/1875/1875 1872/1872/1872
f 1876/1876/1876 1877/1877/1877 1875/1875/1875
f 1878/1878/1878 1874/1874/1874 1873/1873/1873
f 1875/1875/1875 1878/1878/1878 1873/1873/1873
f 1877/1877/1877 1879/1879/1879 1875/1875/1875
f 1878/1878/1878 1875/1875/1875 1879/1879/1879
f 1877/1877/1877 1880/1880/1880 1879/1879/1879
f 1878/1878/1878 1881/1881/1881 1874/1874/1874
f 1881/1881/1881 1878/1878/1878 1879/1879/1879
f 1881/1881/1881 1882/1882/1882 1874/1874/1874
f 1880/1880/1880 1883/1883/1883 1879/1879/1879
f 1879/1879/1879 1883/1883/1883 1881/1881/1881
f 1880/1880/1880 1884/1884/1884 1883/1883/1883
f 1881/1881/1881 1885/1885/1885 1882/1882/1882
f 1883/1883/1883 1885/1885/1885 1881/1881/1881
f 1885/1885/1885 1886/1886/1886 1882/1882/1882
f 1884/1884/1884 1887/1887/1887 1883/1883/1883
f 1883/1883/1883 1887/1887/1887 1885/1885/1885
f 1884/1884/1884 1888/1888/1888 1887/1887/1887
f 1885/1885/1885 1889/1889/1889 1886/1886/1886
f 1887/1887/1887 1889/1889/1889 1885/1885/1885
f 1889/1889/1889 1890/1890/1890 1886/1886/1886
f 1888/1888/1888 1891/1891/1891 1887/1887/1887
f 1887/1887/1887 1891/1891/1891 1889/1889/1889
f 1888/1888/1888 1892/1892/1892 1891/1891/1891
f 1889/1889/1889 1893/1893/1893 1890/1890/1890
f 1891/1891/1891 1893/1893/1893 1889/1889/1889
f 1893/1893/1893 1894/1894/1894 1890/1890/1890
f 1892/1892/1892 1895/1895/1895 1891/1891/1891
f 1891/1891/1891 1895/1895/1895 1893/1893/1893
f 1892/1892/1892 1896/1896/1896 1895/1895/1895
f 1893/1893/1893 1897/1897/1897 1894/1894/1894
f 1895/1895/1895 1897/1897/1897 1893/1893/1893
f 1897/1897/1897 1898/1898/1898 1894/1894/1894
f 1896/1896/1896 1899/1899/1899 1895/1895/1895
f 1895/1895/1895 1899/1899/1899 1897/1897/1897
f 1896/1896/1896 1900/1900/1900 1899/1899/1899
f 1897/1897/1897 1901/1901/1901 1898/1898/1898
f 1899/1899/1899 1901/1901/1901 1897/1897/1897
f 1901/1901/1901 1902/1902/1902 1898/1898/1898
f 1899/1899/1899 1903/1903/1903 1901/1901/1901
f 1900/1900/1900 1903/1903/1903 1899/1899/1899
f 1901/1901/1901 1904/1904/1904 1902/1902/1902
f 1903/1903/1903 1904/1904/1904 1901/1901/1901
f 1904/1904/1904 1903/1903/1903 1900/1900/1900
f 1904/1904/1904 1905/1905/1905 1902/1902/1902
f 1906/1906/1906 1905/1905/1905 1904/1904/1904
f 1907/1907/1907 1904/1904/1904 1900/1900/1900
f 1907/1907/1907 1906/1906/1906 1904/1904/1904
f 1900/1900/1900 1908/1908/1908 1907/1907/1907
f 1908/1908/1908 1906/1906/1906 1907/1907/1907
f 1910/1910/1910 1908/1908/1908 1909/1909/1909
f 1911/1911/1911 1910/1910/1910 1909/1909/1909
f 1914/1914/1914 1913/1913/1913 1912/1912/1912
f 1915/1915/1915 1914/1914/1914 1912/1912/1912
f 1916/1916/1916 1914/1914/1914 1915/1915/1915
f 1917/1917/1917 1916/1916/1916 1915/1915/1915
f 1918/1918/1918 1916/1916/1916 1917/1917/1917
f 1919/1919/1919 1918/1918/1918 1917/1917/1917
f 1920/1920/1920 1918/1918/1918 1919/1919/1919
f 1921/1921/1921 1920/1920/1920 1919/1919/1919
f 1923/1923/1923 1922/1922/1922 1921/1921/1921
f 1924/1924/1924 1923/1923/1923 1921/1921/1921
f 1926/1926/1926 1923/1923/1923 1925/1925/1925
f 1927/1927/1927 1926/1926/1926 1925/1925/1925
f 1928/1928/1928 1926/1926/1926 1927/1927/1927
f 1929/1929/1929 1928/1928/1928 1927/1927/1927
f 1930/1930/1930 1928/1928/1928 1929/1929/1929
f 1931/1931/1931 1930/1930/1930 1929/1929/1929
f 1933/1933/1933 1930/1930/1930 1932/1932/1932
f 1934/1934/1934 1933/1933/1933 1932/1932/1932
f 1858/1858/1858 1935/1935/1935 1934/1934/1934
f 1936/1936/1936 1858/1858/1858 1934/1934/1934
f 1939/1939/1939 1938/1938/1938 1937/1937/1937
f 1938/1938/1938 1940/1940/1940 1937/1937/1937
f 1938/1938/1938 1941/1941/1941 1940/1940/1940
f 1937/1937/1937 1940/1940/1940 1942/1942/1942
f 1943/1943/1943 1937/1937/1937 1942/1942/1942
f 1941/1941/1941 1944/1944/1944 1940/1940/1940
f 1940/1940/1940 1944/1944/1944 1942/1942/1942
f 1941/1941/1941 1945/1945/1945 1944/1944/1944
f 1943/1943/1943 1942/1942/1942 1946/1946/1946
f 1944/1944/1944 1946/1946/1946 1942/1942/1942
f 1947/1947/1947 1943/1943/1943 1946/1946/1946
f 1945/1945/1945 1948/1948/1948 1944/1944/1944
f 1948/1948/1948 1945/1945/1945 1949/1949/1949
f 1950/1950/1950 1948/1948/1948 1949/1949/1949
f 1950/1950/1950 1949/1949/1949 1951/1951/1951
f 1952/1952/1952 1950/1950/1950 1951/1951/1951
f 1950/1950/1950 1952/1952/1952 1953/1953/1953
f 1954/1954/1954 1946/1946/1946 1944/1944/1944
f 1944/1944/1944 1948/1948/1948 1954/1954/1954
f 1954/1954/1954 1948/1948/1948 1950/1950/1950
f 1954/1954/1954 1955/1955/1955 1946/1946/1946
f 1955/1955/1955 1954/1954/1954 1956/1956/1956
f 1956/1956/1956 1954/1954/1954 1950/1950/1950
f 1957/1957/1957 1955/1955/1955 1956/1956/1956
f 1958/1958/1958 1950/1950/1950 1953/1953/1953
f 1958/1958/1958 1956/1956/1956 1950/1950/1950
f 1953/1953/1953 1959/1959/1959 1958/1958/1958
f 1956/1956/1956 1960/1960/1960 1957/1957/1957
f 1960/1960/1960 1956/1956/1956 1958/1958/1958
f 1960/1960/1960 1961/1961/1961 1957/1957/1957
f 1959/1959/1959 1962/1962/1962 1958/1958/1958
f 1962/1962/1962 1960/1960/1960 1958/1958/1958
f 1959/1959/1959 1963/1963/1963 1962/1962/1962
f 1960/1960/1960 1964/1964/1964 1961/1961/1961
f 1964/1964/1964 1960/1960/1960 1962/1962/1962
f 1964/1964/1964 1965/1965/1965 1961/1961/1961
f 1966/1966/1966 1965/1965/1965 1964/1964/1964
f 1963/1963/1963 1967/1967/1967 1962/1962/1962
f 1967/1967/1967 1964/1964/1964 1962/1962/1962
f 1968/1968/1968 1966/1966/1966 1964/1964/1964
f 1964/1964/1964 1967/1967/1967 1968/1968/1968
f 1969/1969/1969 1966/1966/1966 1968/1968/1968
f 1970/1970/1970 1967/1967/1967 1963/1963/1963
f 1967/1967/1967 1970/1970/1970 1968/1968/1968
f 1971/1971/1971 1970/1970/1970 1963/1963/1963
f 1972/1972/1972 1969/1969/1969 1968/1968/1968
f 1972/1972/1972 1968/1968/1968 1970/1970/1970
f 1973/1973/1973 1969/1969/1969 1972/1972/1972
f 1974/1974/1974 1970/1970/1970 1971/1971/1971
f 1974/1974/1974 1972/1972/1972 1970/1970/1970
f 1975/1975/1975 1974/1974/1974 1971/1971/1971
f 1976/1976/1976 1973/1973/1973 1972/1972/1972
f 1976/1976/1976 1972/1972/1972 1974/1974/1974
f 1977/1977/1977 1973/1973/1973 1976/1976/1976
f 1978/1978/1978 1974/1974/1974 1975/1975/1975
f 1978/1978/1978 1976/1976/1976 1974/1974/1974
f 1979/1979/1979 1978/1978/1978 1975/1975/1975
f 1980/1980/1980 1977/1977/1977 1976/1976/1976
f 1980/1980/1980 1976/1976/1976 1978/1978/1978
f 1981/1981/1981 1977/1977/1977 1980/1980/1980
f 1982/1982/1982 1978/1978/1978 1979/1979/1979
f 1982/1982/1982 1980/1980/1980 1978/1978/1978
f 1983/1983/1983 1982/1982/1982 1979/1979/1979
f 1984/1984/1984 1981/1981/1981 1980/1980/1980
f 1984/1984/1984 1980/1980/1980 1982/1982/1982
f 1985/1985/1985 1981/1981/1981 1984/1984/1984
f 1986/1986/1986 1982/1982/1982 1983/1983/1983
f 1986/1986/1986 1984/1984/1984 1982/1982/1982
f 1987/1987/1987 1986/1986/1986 1983/1983/1983
f 1988/1988/1988 1985/1985/1985 1984/1984/1984
f 1988/1988/1988 1984/1984/1984 1986/1986/1986
f 1989/1989/1989 1985/1985/1985 1988/1988/1988
f 1990/1990/1990 1986/1986/1986 1987/1987/1987
f 1990/1990/1990 1988/1988/1988 1986/1986/1986
f 1991/1991/1991 1990/1990/1990 1987/1987/1987
f 1992/1992/1992 1988/1988/1988 1990/1990/1990
f 1992/1992/1992 1989/1989/1989 1988/1988/1988
f 1993/1993/1993 1990/1990/1990 1991/1991/1991
f 1993/1993/1993 1992/1992/1992 1990/1990/1990
f 1992/1992/1992 1993/1993/1993 1989/1989/1989
f 1994/1994/1994 1993/1993/1993 1991/1991/1991
f 1994/1994/1994 1995/1995/1995 1993/1993/1993
f 1993/1993/1993 1996/1996/1996 1989/1989/1989
f 1995/1995/1995 1996/1996/1996 1993/1993/1993
f 1997/1997/1997 1989/1989/1989 1996/1996/1996
f 1995/1995/1995 1997/1997/1997 1996/1996/1996
f 1997/1997/1997 1999/1999/1999 1998/1998/1998
f 1999/1999/1999 2000/2000/2000 1998/1998/1998
f 2003/2003/2003 2002/2002/2002 2001/2001/2001
f 2002/2002/2002 2004/2004/2004 2001/2001/2001
f 2002/2002/2002 2005/2005/2005 2004/2004/2004
f 2005/2005/2005 2006/2006/2006 2004/2004/2004
f 2005/2005/2005 2007/2007/2007 2006/2006/2006
f 2007/2007/2007 2008/2008/2008 2006/2006/2006
f 2007/2007/2007 2009/2009/2009 2008/2008/2008
f 2009/2009/2009 2010/2010/2010 2008/2008/2008
f 2012/2012/2012 2011/2011/2011 2010/2010/2010
f 2013/2013/2013 2012/2012/2012 2010/2010/2010
f 2012/2012/2012 2015/2015/2015 2014/2014/2014
f 2015/2015/2015 2016/2016/2016 2014/2014/2014
f 2015/2015/2015 2017/2017/2017 2016/2016/2016
f 2017/2017/2017 2018/2018/2018 2016/2016/2016
f 2017/2017/2017 2019/2019/2019 2018/2018/2018
f 2019/2019/2019 2020/2020/2020 2018/2018/2018
f 2019/2019/2019 2022/2022/2022 2021/2021/2021
f 2022/2022/2022 2023/2023/2023 2021/2021/2021
f 1947/1947/1947 2024/2024/2024 2023/2023/2023
f 2025/2025/2025 1947/1947/1947 2023/2023/2023
f 2028/2028/2028 2027/2027/2027 2026/2026/2026
f 2029/2029/2029 2028/2028/2028 2026/2026/2026
f 2032/2032/2032 2031/2031/2031 2030/2030/2030
f 2033/2033/2033 2032/2032/2032 2030/2030/2030
f 2036/2036/2036 2035/2035/2035 2034/2034/2034
f 2035/2035/2035 2037/2037/2037 2034/2034/2034
f 2039/2039/2039 2038/2038/2038 2037/2037/2037
f 2040/2040/2040 2039/2039/2039 2037/2037/2037
f 2042/2042/2042 2034/2034/2034 2041/2041/2041
f 2042/2042/2042 2041/2041/2041 2043/2043/2043
f 2043/2043/2043 2044/2044/2044 2042/2042/2042
f 2047/2047/2047 2046/2046/2046 2045/2045/2045
f 2048/2048/2048 2047/2047/2047 2045/2045/2045
f 2051/2051/2051 2050/2050/2050 2049/2049/2049
f 2052/2052/2052 2051/2051/2051 2049/2049/2049
f 2055/2055/2055 2054/2054/2054 2053/2053/2053
f 2056/2056/2056 2055/2055/2055 2053/2053/2053
f 2059/2059/2059 2058/2058/2058 2057/2057/2057
f 2060/2060/2060 2059/2059/2059 2057/2057/2057
f 2063/2063/2063 2062/2062/2062 2061/2061/2061
f 2064/2064/2064 2063/2063/2063 2061/2061/2061
f 2067/2067/2067 2066/2066/2066 2065/2065/2065
f 2068/2068/2068 2067/2067/2067 2065/2065/2065
f 2071/2071/2071 2070/2070/2070 2069/2069/2069
f 2072/2072/2072 2071/2071/2071 2069/2069/2069
f 2075/2075/2075 2074/2074/2074 2073/2073/2073
f 2076/2076/2076 2075/2075/2075 2073/2073/2073
f 2079/2079/2079 2078/2078/2078 2077/2077/2077
f 2080/2080/2080 2079/2079/2079 2077/2077/2077
f 2083/2083/2083 2082/2082/2082 2081/2081/2081
f 2084/2084/2084 2083/2083/2083 2081/2081/2081
f 2087/2087/2087 2086/2086/2086 2085/2085/2085
f 2088/2088/2088 2087/2087/2087 2085/2085/2085
f 2091/2091/2091 2090/2090/2090 2089/2089/2089
f 2092/2092/2092 2091/2091/2091 2089/2089/2089
f 2095/2095/2095 2094/2094/2094 2093/2093/2093
f 2096/2096/2096 2095/2095/2095 2093/2093/2093
f 2099/2099/2099 2098/2098/2098 2097/2097/2097
f 2100/2100/2100 2099/2099/2099 2097/2097/2097
f 2103/2103/2103 2102/2102/2102 2101/2101/2101
f 2104/2104/2104 2103/2103/2103 2101/2101/2101
f 2105/2105/2105 2104/2104/2104 2101/2101/2101
f 2106/2106/2106 2105/2105/2105 2101/2101/2101
f 2109/2109/2109 2108/2108/2108 2107/2107/2107
f 2110/2110/2110 2109/2109/2109 2107/2107/2107
f 2110/2110/2110 2112/2112/2112 2111/2111/2111
f 2113/2113/2113 2110/2110/2110 2111/2111/2111
f 2116/2116/2116 2115/2115/2115 2114/2114/2114
f 2117/2117/2117 2116/2116/2116 2114/2114/2114
f 2120/2120/2120 2119/2119/2119 2118/2118/2118
f 2121/2121/2121 2120/2120/2120 2118/2118/2118
f 2124/2124/2124 2123/2123/2123 2122/2122/2122
f 2125/2125/2125 2124/2124/2124 2122/2122/2122
f 2128/2128/2128 2127/2127/2127 2126/2126/2126
f 2129/2129/2129 2128/2128/2128 2126/2126/2126
f 2132/2132/2132 2131/2131/2131 2130/2130/2130
f 2133/2133/2133 2132/2132/2132 2130/2130/2130
f 2136/2136/2136 2135/2135/2135 2134/2134/2134
f 2137/2137/2137 2136/2136/2136 2134/2134/2134
f 2140/2140/2140 2139/2139/2139 2138/2138/2138
f 2141/2141/2141 2140/2140/2140 2138/2138/2138
f 2144/2144/2144 2143/2143/2143 2142/2142/2142
f 2145/2145/2145 2144/2144/2144 2142/2142/2142
f 2148/2148/2148 2147/2147/2147 2146/2146/2146
f 2149/2149/2149 2148/2148/2148 2146/2146/2146
f 2152/2152/2152 2151/2151/2151 2150/2150/2150
f 2153/2153/2153 2152/2152/2152 2150/2150/2150
f 2156/2156/2156 2155/2155/2155 2154/2154/2154
f 2157/2157/2157 2156/2156/2156 2154/2154/2154
f 2160/2160/2160 2159/2159/2159 2158/2158/2158
f 2161/2161/2161 2160/2160/2160 2158/2158/2158
f 2164/2164/2164 2163/2163/2163 2162/2162/2162
f 2165/2165/2165 2164/2164/2164 2162/2162/2162
f 2168/2168/2168 2167/2167/2167 2166/2166/2166
f 2169/2169/2169 2168/2168/2168 2166/2166/2166
f 2171/2171/2171 2170/2170/2170 2169/2169/2169
f 2172/2172/2172 2171/2171/2171 2169/2169/2169
f 2174/2174/2174 2166/2166/2166 2173/2173/2173
f 2174/2174/2174 2173/2173/2173 2175/2175/2175
f 2175/2175/2175 2176/2176/2176 2174/2174/2174
f 2179/2179/2179 2178/2178/2178 2177/2177/2177
f 2180/2180/2180 2179/2179/2179 2177/2177/2177
f 2183/2183/2183 2182/2182/2182 2181/2181/2181
f 2184/2184/2184 2183/2183/2183 2181/2181/2181
f 2187/2187/2187 2186/2186/2186 2185/2185/2185
f 2188/2188/2188 2187/2187/2187 2185/2185/2185
f 2191/2191/2191 2190/2190/2190 2189/2189/2189
f 2192/2192/2192 2191/2191/2191 2189/2189/2189
f 2195/2195/2195 2194/2194/2194 2193/2193/2193
f 2196/2196/2196 2195/2195/2195 2193/2193/2193
f 2199/2199/2199 2198/2198/2198 2197/2197/2197
f 2200/2200/2200 2199/2199/2199 2197/2197/2197
f 2203/2203/2203 2202/2202/2202 2201/2201/2201
f 2204/2204/2204 2203/2203/2203 2201/2201/2201
f 2207/2207/2207 2206/2206/2206 2205/2205/2205
f 2208/2208/2208 2207/2207/2207 2205/2205/2205
f 2211/2211/2211 2210/2210/2210 2209/2209/2209
f 2212/2212/2212 2211/2211/2211 2209/2209/2209
f 2215/2215/2215 2214/2214/2214 2213/2213/2213
f 2216/2216/2216 2215/2215/2215 2213/2213/2213
f 2219/2219/2219 2218/2218/2218 2217/2217/2217
f 2220/2220/2220 2219/2219/2219 2217/2217/2217
f 2223/2223/2223 2222/2222/2222 2221/2221/2221
f 2224/2224/2224 2223/2223/2223 2221/2221/2221
f 2227/2227/2227 2226/2226/2226 2225/2225/2225
f 2228/2228/2228 2227/2227/2227 2225/2225/2225
f 2231/2231/2231 2230/2230/2230 2229/2229/2229
f 2232/2232/2232 2231/2231/2231 2229/2229/2229
f 2235/2235/2235 2234/2234/2234 2233/2233/2233
f 2234/2234/2234 2236/2236/2236 2233/2233/2233
f 2236/2236/2236 2237/2237/2237 2233/2233/2233
f 2237/2237/2237 2238/2238/2238 2233/2233/2233
f 2241/2241/2241 2240/2240/2240 2239/2239/2239
f 2240/2240/2240 2242/2242/2242 2239/2239/2239
f 2242/2242/2242 2244/2244/2244 2243/2243/2243
f 2245/2245/2245 2242/2242/2242 2243/2243/2243
f 2248/2248/2248 2247/2247/2247 2246/2246/2246
f 2249/2249/2249 2248/2248/2248 2246/2246/2246
f 2252/2252/2252 2251/2251/2251 2250/2250/2250
f 2253/2253/2253 2252/2252/2252 2250/2250/2250
f 2256/2256/2256 2255/2255/2255 2254/2254/2254
f 2257/2257/2257 2256/2256/2256 2254/2254/2254
f 2260/2260/2260 2259/2259/2259 2258/2258/2258
f 2261/2261/2261 2260/2260/2260 2258/2258/2258
f 2264/2264/2264 2263/2263/2263 2262/2262/2262
f 2265/2265/2265 2264/2264/2264 2262/2262/2262
f 2268/2268/2268 2267/2267/2267 2266/2266/2266
f 2269/2269/2269 2268/2268/2268 2266/2266/2266
f 2272/2272/2272 2271/2271/2271 2270/2270/2270
f 2273/2273/2273 2272/2272/2272 2270/2270/2270
f 2276/2276/2276 2275/2275/2275 2274/2274/2274
f 2277/2277/2277 2276/2276/2276 2274/2274/2274
f 2280/2280/2280 2279/2279/2279 2278/2278/2278
f 2281/2281/2281 2280/2280/2280 2278/2278/2278
f 2284/2284/2284 2283/2283/2283 2282/2282/2282
f 2285/2285/2285 2284/2284/2284 2282/2282/2282
f 2288/2288/2288 2287/2287/2287 2286/2286/2286
f 2289/2289/2289 2288/2288/2288 2286/2286/2286
f 2292/2292/2292 2291/2291/2291 2290/2290/2290
f 2293/2293/2293 2292/2292/2292 2290/2290/2290
f 2290/2290/2290 2294/2294/2294 2293/2293/2293
f 2292/2292/2292 2293/2293/2293 2295/2295/2295
f 2296/2296/2296 2292/2292/2292 2295/2295/2295
f 2297/2297/2297 2296/2296/2296 2295/2295/2295
f 2294/2294/2294 2298/2298/2298 2293/2293/2293
f 2295/2295/2295 2293/2293/2293 2298/2298/2298
f 2299/2299/2299 2297/2297/2297 2295/2295/2295
f 2299/2299/2299 2295/2295/2295 2298/2298/2298
f 2300/2300/2300 2298/2298/2298 2294/2294/2294
f 2300/2300/2300 2299/2299/2299 2298/2298/2298
f 2301/2301/2301 2300/2300/2300 2294/2294/2294
f 2301/2301/2301 2302/2302/2302 2300/2300/2300
f 2297/2297/2297 2299/2299/2299 2303/2303/2303
f 2299/2299/2299 2300/2300/2300 2303/2303/2303
f 2304/2304/2304 2297/2297/2297 2303/2303/2303
f 2302/2302/2302 2305/2305/2305 2300/2300/2300
f 2300/2300/2300 2305/2305/2305 2303/2303/2303
f 2306/2306/2306 2305/2305/2305 2302/2302/2302
f 2303/2303/2303 2305/2305/2305 2306/2306/2306
f 2307/2307/2307 2306/2306/2306 2302/2302/2302
f 2307/2307/2307 2308/2308/2308 2306/2306/2306
f 2304/2304/2304 2303/2303/2303 2309/2309/2309
f 2309/2309/2309 2303/2303/2303 2306/2306/2306
f 2308/2308/2308 2310/2310/2310 2306/2306/2306
f 2306/2306/2306 2310/2310/2310 2309/2309/2309
f 2309/2309/2309 2311/2311/2311 2304/2304/2304
f 2312/2312/2312 2304/2304/2304 2311/2311/2311
f 2309/2309/2309 2313/2313/2313 2311/2311/2311
f 2310/2310/2310 2313/2313/2313 2309/2309/2309
f 2314/2314/2314 2312/2312/2312 2311/2311/2311
f 2314/2314/2314 2311/2311/2311 2313/2313/2313
f 2315/2315/2315 2312/2312/2312 2314/2314/2314
f 2316/2316/2316 2315/2315/2315 2314/2314/2314
f 2317/2317/2317 2310/2310/2310 2308/2308/2308
f 2318/2318/2318 2317/2317/2317 2308/2308/2308
f 2318/2318/2318 2319/2319/2319 2317/2317/2317
f 2320/2320/2320 2313/2313/2313 2310/2310/2310
f 2317/2317/2317 2320/2320/2320 2310/2310/2310
f 2321/2321/2321 2314/2314/2314 2313/2313/2313
f 2313/2313/2313 2320/2320/2320 2321/2321/2321
f 2316/2316/2316 2314/2314/2314 2322/2322/2322
f 2314/2314/2314 2321/2321/2321 2322/2322/2322
f 2323/2323/2323 2316/2316/2316 2322/2322/2322
f 2320/2320/2320 2317/2317/2317 2324/2324/2324
f 2319/2319/2319 2324/2324/2324 2317/2317/2317
f 2321/2321/2321 2320/2320/2320 2324/2324/2324
f 2325/2325/2325 2324/2324/2324 2319/2319/2319
f 2325/2325/2325 2321/2321/2321 2324/2324/2324
f 2321/2321/2321 2325/2325/2325 2322/2322/2322
f 2326/2326/2326 2325/2325/2325 2319/2319/2319
f 2326/2326/2326 2327/2327/2327 2325/2325/2325
f 2323/2323/2323 2322/2322/2322 2328/2328/2328
f 2325/2325/2325 2328/2328/2328 2322/2322/2322
f 2327/2327/2327 2328/2328/2328 2325/2325/2325
f 2329/2329/2329 2323/2323/2323 2328/2328/2328
f 2329/2329/2329 2328/2328/2328 2327/2327/2327
f 2330/2330/2330 2329/2329/2329 2327/2327/2327
f 2333/2333/2333 2332/2332/2332 2331/2331/2331
f 2332/2332/2332 2334/2334/2334 2331/2331/2331
f 2335/2335/2335 2331/2331/2331 2334/2334/2334
f 2334/2334/2334 2332/2332/2332 2336/2336/2336
f 2332/2332/2332 2337/2337/2337 2336/2336/2336
f 2337/2337/2337 2338/2338/2338 2336/2336/2336
f 2339/2339/2339 2335/2335/2335 2334/2334/2334
f 2334/2334/2334 2336/2336/2336 2339/2339/2339
f 2338/2338/2338 2340/2340/2340 2336/2336/2336
f 2336/2336/2336 2340/2340/2340 2339/2339/2339
f 2339/2339/2339 2341/2341/2341 2335/2335/2335
f 2340/2340/2340 2341/2341/2341 2339/2339/2339
f 2341/2341/2341 2342/2342/2342 2335/2335/2335
f 2343/2343/2343 2342/2342/2342 2341/2341/2341
f 2340/2340/2340 2338/2338/2338 2344/2344/2344
f 2341/2341/2341 2340/2340/2340 2344/2344/2344
f 2344/2344/2344 2338/2338/2338 2345/2345/2345
f 2346/2346/2346 2343/2343/2343 2341/2341/2341
f 2346/2346/2346 2341/2341/2341 2344/2344/2344
f 2346/2346/2346 2347/2347/2347 2343/2343/2343
f 2346/2346/2346 2344/2344/2344 2347/2347/2347
f 2347/2347/2347 2348/2348/2348 2343/2343/2343
f 2349/2349/2349 2348/2348/2348 2347/2347/2347
f 2350/2350/2350 2344/2344/2344 2345/2345/2345
f 2344/2344/2344 2350/2350/2350 2347/2347/2347
f 2351/2351/2351 2349/2349/2349 2347/2347/2347
f 2351/2351/2351 2347/2347/2347 2350/2350/2350
f 2345/2345/2345 2352/2352/2352 2350/2350/2350
f 2345/2345/2345 2353/2353/2353 2352/2352/2352
f 2354/2354/2354 2350/2350/2350 2352/2352/2352
f 2354/2354/2354 2351/2351/2351 2350/2350/2350
f 2353/2353/2353 2355/2355/2355 2352/2352/2352
f 2354/2354/2354 2352/2352/2352 2355/2355/2355
f 2353/2353/2353 2356/2356/2356 2355/2355/2355
f 2356/2356/2356 2357/2357/2357 2355/2355/2355
f 2351/2351/2351 2358/2358/2358 2349/2349/2349
f 2358/2358/2358 2359/2359/2359 2349/2349/2349
f 2360/2360/2360 2359/2359/2359 2358/2358/2358
f 2354/2354/2354 2361/2361/2361 2351/2351/2351
f 2361/2361/2361 2358/2358/2358 2351/2351/2351
f 2354/2354/2354 2355/2355/2355 2362/2362/2362
f 2362/2362/2362 2361/2361/2361 2354/2354/2354
f 2355/2355/2355 2357/2357/2357 2363/2363/2363
f 2362/2362/2362 2355/2355/2355 2363/2363/2363
f 2357/2357/2357 2364/2364/2364 2363/2363/2363
f 2358/2358/2358 2361/2361/2361 2365/2365/2365
f 2365/2365/2365 2360/2360/2360 2358/2358/2358
f 2361/2361/2361 2362/2362/2362 2365/2365/2365
f 2365/2365/2365 2366/2366/2366 2360/2360/2360
f 2362/2362/2362 2366/2366/2366 2365/2365/2365
f 2366/2366/2366 2362/2362/2362 2363/2363/2363
f 2366/2366/2366 2367/2367/2367 2360/2360/2360
f 2368/2368/2368 2367/2367/2367 2366/2366/2366
f 2363/2363/2363 2364/2364/2364 2369/2369/2369
f 2369/2369/2369 2366/2366/2366 2363/2363/2363
f 2369/2369/2369 2368/2368/2368 2366/2366/2366
f 2364/2364/2364 2370/2370/2370 2369/2369/2369
f 2369/2369/2369 2370/2370/2370 2368/2368/2368
f 2370/2370/2370 2371/2371/2371 2368/2368/2368
f 2374/2374/2374 2373/2373/2373 2372/2372/2372
f 2375/2375/2375 2374/2374/2374 2372/2372/2372
f 2375/2375/2375 2372/2372/2372 2376/2376/2376
f 2377/2377/2377 2375/2375/2375 2376/2376/2376
f 2377/2377/2377 2376/2376/2376 2378/2378/2378
f 2379/2379/2379 2377/2377/2377 2378/2378/2378
f 2379/2379/2379 2378/2378/2378 2380/2380/2380
f 2381/2381/2381 2379/2379/2379 2380/2380/2380
f 2381/2381/2381 2380/2380/2380 2382/2382/2382
f 2383/2383/2383 2381/2381/2381 2382/2382/2382
f 2386/2386/2386 2385/2385/2385 2384/2384/2384
f 2387/2387/2387 2386/2386/2386 2384/2384/2384
f 2390/2390/2390 2389/2389/2389 2388/2388/2388
f 2391/2391/2391 2390/2390/2390 2388/2388/2388
f 2394/2394/2394 2393/2393/2393 2392/2392/2392
f 2395/2395/2395 2394/2394/2394 2392/2392/2392
f 2398/2398/2398 2397/2397/2397 2396/2396/2396
f 2397/2397/2397 2399/2399/2399 2396/2396/2396
f 2396/2396/2396 2399/2399/2399 2400/2400/2400
f 2399/2399/2399 2401/2401/2401 2400/2400/2400
f 2400/2400/2400 2401/2401/2401 2402/2402/2402
f 2401/2401/2401 2403/2403/2403 2402/2402/2402
f 2402/2402/2402 2403/2403/2403 2404/2404/2404
f 2403/2403/2403 2405/2405/2405 2404/2404/2404
f 2404/2404/2404 2405/2405/2405 2406/2406/2406
f 2405/2405/2405 2407/2407/2407 2406/2406/2406
f 2410/2410/2410 2409/2409/2409 2408/2408/2408
f 2411/2411/2411 2410/2410/2410 2408/2408/2408
f 2414/2414/2414 2413/2413/2413 2412/2412/2412
f 2415/2415/2415 2414/2414/2414 2412/2412/2412
f 2418/2418/2418 2417/2417/2417 2416/2416/2416
f 2419/2419/2419 2418/2418/2418 2416/2416/2416
f 2422/2422/2422 2421/2421/2421 2420/2420/2420
f 2421/2421/2421 2423/2423/2423 2420/2420/2420
f 2421/2421/2421 2424/2424/2424 2423/2423/2423
f 2424/2424/2424 2425/2425/2425 2423/2423/2423
f 2424/2424/2424 2426/2426/2426 2425/2425/2425
f 2420/2420/2420 2423/2423/2423 2427/2427/2427
f 2423/2423/2423 2425/2425/2425 2427/2427/2427
f 2428/2428/2428 2420/2420/2420 2427/2427/2427
f 2428/2428/2428 2427/2427/2427 2429/2429/2429
f 2425/2425/2425 2429/2429/2429 2427/2427/2427
f 2430/2430/2430 2428/2428/2428 2429/2429/2429
f 2431/2431/2431 2429/2429/2429 2425/2425/2425
f 2426/2426/2426 2432/2432/2432 2425/2425/2425
f 2432/2432/2432 2426/2426/2426 2433/2433/2433
f 2434/2434/2434 2432/2432/2432 2433/2433/2433
f 2434/2434/2434 2433/2433/2433 2435/2435/2435
f 2436/2436/2436 2434/2434/2434 2435/2435/2435
f 2434/2434/2434 2436/2436/2436 2437/2437/2437
f 2425/2425/2425 2432/2432/2432 2438/2438/2438
f 2425/2425/2425 2438/2438/2438 2431/2431/2431
f 2438/2438/2438 2432/2432/2432 2434/2434/2434
f 2431/2431/2431 2438/2438/2438 2439/2439/2439
f 2439/2439/2439 2438/2438/2438 2434/2434/2434
f 2440/2440/2440 2431/2431/2431 2439/2439/2439
f 2441/2441/2441 2434/2434/2434 2437/2437/2437
f 2441/2441/2441 2439/2439/2439 2434/2434/2434
f 2437/2437/2437 2442/2442/2442 2441/2441/2441
f 2439/2439/2439 2443/2443/2443 2440/2440/2440
f 2443/2443/2443 2439/2439/2439 2441/2441/2441
f 2443/2443/2443 2444/2444/2444 2440/2440/2440
f 2442/2442/2442 2445/2445/2445 2441/2441/2441
f 2445/2445/2445 2443/2443/2443 2441/2441/2441
f 2442/2442/2442 2446/2446/2446 2445/2445/2445
f 2443/2443/2443 2447/2447/2447 2444/2444/2444
f 2447/2447/2447 2443/2443/2443 2445/2445/2445
f 2447/2447/2447 2448/2448/2448 2444/2444/2444
f 2449/2449/2449 2448/2448/2448 2447/2447/2447
f 2446/2446/2446 2450/2450/2450 2445/2445/2445
f 2450/2450/2450 2447/2447/2447 2445/2445/2445
f 2451/2451/2451 2449/2449/2449 2447/2447/2447
f 2447/2447/2447 2450/2450/2450 2451/2451/2451
f 2452/2452/2452 2449/2449/2449 2451/2451/2451
f 2453/2453/2453 2450/2450/2450 2446/2446/2446
f 2450/2450/2450 2453/2453/2453 2451/2451/2451
f 2454/2454/2454 2453/2453/2453 2446/2446/2446
f 2455/2455/2455 2452/2452/2452 2451/2451/2451
f 2455/2455/2455 2451/2451/2451 2453/2453/2453
f 2456/2456/2456 2452/2452/2452 2455/2455/2455
f 2457/2457/2457 2453/2453/2453 2454/2454/2454
f 2457/2457/2457 2455/2455/2455 2453/2453/2453
f 2458/2458/2458 2457/2457/2457 2454/2454/2454
f 2459/2459/2459 2456/2456/2456 2455/2455/2455
f 2459/2459/2459 2455/2455/2455 2457/2457/2457
f 2460/2460/2460 2456/2456/2456 2459/2459/2459
f 2461/2461/2461 2457/2457/2457 2458/2458/2458
f 2461/2461/2461 2459/2459/2459 2457/2457/2457
f 2462/2462/2462 2461/2461/2461 2458/2458/2458
f 2463/2463/2463 2460/2460/2460 2459/2459/2459
f 2463/2463/2463 2459/2459/2459 2461/2461/2461
f 2464/2464/2464 2460/2460/2460 2463/2463/2463
f 2465/2465/2465 2461/2461/2461 2462/2462/2462
f 2465/2465/2465 2463/2463/2463 2461/2461/2461
f 2466/2466/2466 2465/2465/2465 2462/2462/2462
f 2467/2467/2467 2464/2464/2464 2463/2463/2463
f 2467/2467/2467 2463/2463/2463 2465/2465/2465
f 2468/2468/2468 2464/2464/2464 2467/2467/2467
f 2469/2469/2469 2465/2465/2465 2466/2466/2466
f 2469/2469/2469 2467/2467/2467 2465/2465/2465
f 2470/2470/2470 2469/2469/2469 2466/2466/2466
f 2471/2471/2471 2468/2468/2468 2467/2467/2467
f 2471/2471/2471 2467/2467/2467 2469/2469/2469
f 2472/2472/2472 2468/2468/2468 2471/2471/2471
f 2473/2473/2473 2469/2469/2469 2470/2470/2470
f 2473/2473/2473 2471/2471/2471 2469/2469/2469
f 2474/2474/2474 2473/2473/2473 2470/2470/2470
f 2475/2475/2475 2471/2471/2471 2473/2473/2473
f 2475/2475/2475 2472/2472/2472 2471/2471/2471
f 2476/2476/2476 2473/2473/2473 2474/2474/2474
f 2476/2476/2476 2475/2475/2475 2473/2473/2473
f 2475/2475/2475 2476/2476/2476 2472/2472/2472
f 2477/2477/2477 2476/2476/2476 2474/2474/2474
f 2477/2477/2477 2478/2478/2478 2476/2476/2476
f 2476/2476/2476 2479/2479/2479 2472/2472/2472
f 2478/2478/2478 2479/2479/2479 2476/2476/2476
f 2480/2480/2480 2472/2472/2472 2479/2479/2479
f 2478/2478/2478 2480/2480/2480 2479/2479/2479
f 2480/2480/2480 2482/2482/2482 2481/2481/2481
f 2482/2482/2482 2483/2483/2483 2481/2481/2481
f 2486/2486/2486 2485/2485/2485 2484/2484/2484
f 2485/2485/2485 2487/2487/2487 2484/2484/2484
f 2485/2485/2485 2488/2488/2488 2487/2487/2487
f 2488/2488/2488 2489/2489/2489 2487/2487/2487
f 2488/2488/2488 2490/2490/2490 2489/2489/2489
f 2490/2490/2490 2491/2491/2491 2489/2489/2489
f 2490/2490/2490 2492/2492/2492 2491/2491/2491
f 2492/2492/2492 2493/2493/2493 2491/2491/2491
f 2495/2495/2495 2494/2494/2494 2493/2493/2493
f 2496/2496/2496 2495/2495/2495 2493/2493/2493
f 2495/2495/2495 2498/2498/2498 2497/2497/2497
f 2498/2498/2498 2499/2499/2499 2497/2497/2497
f 2498/2498/2498 2500/2500/2500 2499/2499/2499
f 2500/2500/2500 2501/2501/2501 2499/2499/2499
f 2500/2500/2500 2502/2502/2502 2501/2501/2501
f 2502/2502/2502 2503/2503/2503 2501/2501/2501
f 2502/2502/2502 2505/2505/2505 2504/2504/2504
f 2505/2505/2505 2506/2506/2506 2504/2504/2504
f 2430/2430/2430 2507/2507/2507 2506/2506/2506
f 2508/2508/2508 2430/2430/2430 2506/2506/2506
f 2511/2511/2511 2510/2510/2510 2509/2509/2509
f 2512/2512/2512 2511/2511/2511 2509/2509/2509
f 2513/2513/2513 2511/2511/2511 2512/2512/2512
f 2512/2512/2512 2509/2509/2509 2514/2514/2514
f 2509/2509/2509 2515/2515/2515 2514/2514/2514
f 2516/2516/2516 2513/2513/2513 2512/2512/2512
f 2516/2516/2516 2512/2512/2512 2514/2514/2514
f 2517/2517/2517 2513/2513/2513 2516/2516/2516
f 2514/2514/2514 2515/2515/2515 2518/2518/2518
f 2518/2518/2518 2516/2516/2516 2514/2514/2514
f 2515/2515/2515 2519/2519/2519 2518/2518/2518
f 2520/2520/2520 2517/2517/2517 2516/2516/2516
f 2517/2517/2517 2520/2520/2520 2521/2521/2521
f 2520/2520/2520 2522/2522/2522 2521/2521/2521
f 2521/2521/2521 2522/2522/2522 2523/2523/2523
f 2522/2522/2522 2524/2524/2524 2523/2523/2523
f 2524/2524/2524 2522/2522/2522 2525/2525/2525
f 2526/2526/2526 2516/2516/2516 2518/2518/2518
f 2526/2526/2526 2520/2520/2520 2516/2516/2516
f 2520/2520/2520 2526/2526/2526 2522/2522/2522
f 2518/2518/2518 2527/2527/2527 2526/2526/2526
f 2526/2526/2526 2527/2527/2527 2528/2528/2528
f 2526/2526/2526 2528/2528/2528 2522/2522/2522
f 2527/2527/2527 2529/2529/2529 2528/2528/2528
f 2522/2522/2522 2530/2530/2530 2525/2525/2525
f 2528/2528/2528 2530/2530/2530 2522/2522/2522
f 2531/2531/2531 2525/2525/2525 2530/2530/2530
f 2532/2532/2532 2528/2528/2528 2529/2529/2529
f 2528/2528/2528 2532/2532/2532 2530/2530/2530
f 2533/2533/2533 2532/2532/2532 2529/2529/2529
f 2534/2534/2534 2531/2531/2531 2530/2530/2530
f 2532/2532/2532 2534/2534/2534 2530/2530/2530
f 2535/2535/2535 2531/2531/2531 2534/2534/2534
f 2536/2536/2536 2532/2532/2532 2533/2533/2533
f 2532/2532/2532 2536/2536/2536 2534/2534/2534
f 2537/2537/2537 2536/2536/2536 2533/2533/2533
f 2537/2537/2537 2538/2538/2538 2536/2536/2536
f 2539/2539/2539 2535/2535/2535 2534/2534/2534
f 2536/2536/2536 2539/2539/2539 2534/2534/2534
f 2538/2538/2538 2540/2540/2540 2536/2536/2536
f 2539/2539/2539 2536/2536/2536 2540/2540/2540
f 2538/2538/2538 2541/2541/2541 2540/2540/2540
f 2539/2539/2539 2542/2542/2542 2535/2535/2535
f 2542/2542/2542 2539/2539/2539 2540/2540/2540
f 2542/2542/2542 2543/2543/2543 2535/2535/2535
f 2541/2541/2541 2544/2544/2544 2540/2540/2540
f 2540/2540/2540 2544/2544/2544 2542/2542/2542
f 2541/2541/2541 2545/2545/2545 2544/2544/2544
f 2542/2542/2542 2546/2546/2546 2543/2543/2543
f 2544/2544/2544 2546/2546/2546 2542/2542/2542
f 2546/2546/2546 2547/2547/2547 2543/2543/2543
f 2545/2545/2545 2548/2548/2548 2544/2544/2544
f 2544/2544/2544 2548/2548/2548 2546/2546/2546
f 2545/2545/2545 2549/2549/2549 2548/2548/2548
f 2546/2546/2546 2550/2550/2550 2547/2547/2547
f 2548/2548/2548 2550/2550/2550 2546/2546/2546
f 2550/2550/2550 2551/2551/2551 2547/2547/2547
f 2549/2549/2549 2552/2552/2552 2548/2548/2548
f 2548/2548/2548 2552/2552/2552 2550/2550/2550
f 2549/2549/2549 2553/2553/2553 2552/2552/2552
f 2550/2550/2550 2554/2554/2554 2551/2551/2551
f 2552/2552/2552 2554/2554/2554 2550/2550/2550
f 2554/2554/2554 2555/2555/2555 2551/2551/2551
f 2553/2553/2553 2556/2556/2556 2552/2552/2552
f 2552/2552/2552 2556/2556/2556 2554/2554/2554
f 2553/2553/2553 2557/2557/2557 2556/2556/2556
f 2554/2554/2554 2558/2558/2558 2555/2555/2555
f 2556/2556/2556 2558/2558/2558 2554/2554/2554
f 2558/2558/2558 2559/2559/2559 2555/2555/2555
f 2557/2557/2557 2560/2560/2560 2556/2556/2556
f 2556/2556/2556 2560/2560/2560 2558/2558/2558
f 2557/2557/2557 2561/2561/2561 2560/2560/2560
f 2558/2558/2558 2562/2562/2562 2559/2559/2559
f 2560/2560/2560 2562/2562/2562 2558/2558/2558
f 2562/2562/2562 2563/2563/2563 2559/2559/2559
f 2560/2560/2560 2564/2564/2564 2562/2562/2562
f 2561/2561/2561 2564/2564/2564 2560/2560/2560
f 2562/2562/2562 2565/2565/2565 2563/2563/2563
f 2564/2564/2564 2565/2565/2565 2562/2562/2562
f 2565/2565/2565 2564/2564/2564 2561/2561/2561
f 2565/2565/2565 2566/2566/2566 2563/2563/2563
f 2567/2567/2567 2566/2566/2566 2565/2565/2565
f 2568/2568/2568 2565/2565/2565 2561/2561/2561
f 2568/2568/2568 2567/2567/2567 2565/2565/2565
f 2561/2561/2561 2569/2569/2569 2568/2568/2568
f 2569/2569/2569 2567/2567/2567 2568/2568/2568
f 2571/2571/2571 2569/2569/2569 2570/2570/2570
f 2572/2572/2572 2571/2571/2571 2570/2570/2570
f 2575/2575/2575 2574/2574/2574 2573/2573/2573
f 2576/2576/2576 2575/2575/2575 2573/2573/2573
f 2577/2577/2577 2575/2575/2575 2576/2576/2576
f 2578/2578/2578 2577/2577/2577 2576/2576/2576
f 2579/2579/2579 2577/2577/2577 2578/2578/2578
f 2580/2580/2580 2579/2579/2579 2578/2578/2578
f 2581/2581/2581 2579/2579/2579 2580/2580/2580
f 2582/2582/2582 2581/2581/2581 2580/2580/2580
f 2584/2584/2584 2583/2583/2583 2582/2582/2582
f 2585/2585/2585 2584/2584/2584 2582/2582/2582
f 2587/2587/2587 2584/2584/2584 2586/2586/2586
f 2588/2588/2588 2587/2587/2587 2586/2586/2586
f 2589/2589/2589 2587/2587/2587 2588/2588/2588
f 2590/2590/2590 2589/2589/2589 2588/2588/2588
f 2591/2591/2591 2589/2589/2589 2590/2590/2590
f 2592/2592/2592 2591/2591/2591 2590/2590/2590
f 2594/2594/2594 2591/2591/2591 2593/2593/2593
f 2595/2595/2595 2594/2594/2594 2593/2593/2593
f 2519/2519/2519 2596/2596/2596 2595/2595/2595
f 2597/2597/2597 2519/2519/2519 2595/2595/2595
f 2600/2600/2600 2599/2599/2599 2598/2598/2598
f 2601/2601/2601 2600/2600/2600 2598/2598/2598
f 2604/2604/2604 2603/2603/2603 2602/2602/2602
f 2605/2605/2605 2604/2604/2604 2602/2602/2602
f 2608/2608/2608 2607/2607/2607 2606/2606/2606
f 2609/2609/2609 2608/2608/2608 2606/2606/2606
f 2611/2611/2611 2610/2610/2610 2609/2609/2609
f 2612/2612/2612 2611/2611/2611 2609/2609/2609
f 2614/2614/2614 2606/2606/2606 2613/2613/2613
f 2614/2614/2614 2613/2613/2613 2615/2615/2615
f 2615/2615/2615 2616/2616/2616 2614/2614/2614
f 2619/2619/2619 2618/2618/2618 2617/2617/2617
f 2620/2620/2620 2619/2619/2619 2617/2617/2617
f 2623/2623/2623 2622/2622/2622 2621/2621/2621
f 2624/2624/2624 2623/2623/2623 2621/2621/2621
f 2627/2627/2627 2626/2626/2626 2625/2625/2625
f 2628/2628/2628 2627/2627/2627 2625/2625/2625
f 2631/2631/2631 2630/2630/2630 2629/2629/2629
f 2632/2632/2632 2631/2631/2631 2629/2629/2629
f 2635/2635/2635 2634/2634/2634 2633/2633/2633
f 2636/2636/2636 2635/2635/2635 2633/2633/2633
f 2639/2639/2639 2638/2638/2638 2637/2637/2637
f 2640/2640/2640 2639/2639/2639 2637/2637/2637
f 2643/2643/2643 2642/2642/2642 2641/2641/2641
f 2644/2644/2644 2643/2643/2643 2641/2641/2641
f 2647/2647/2647 2646/2646/2646 2645/2645/2645
f 2648/2648/2648 2647/2647/2647 2645/2645/2645
f 2651/2651/2651 2650/2650/2650 2649/2649/2649
f 2652/2652/2652 2651/2651/2651 2649/2649/2649
f 2655/2655/2655 2654/2654/2654 2653/2653/2653
f 2656/2656/2656 2655/2655/2655 2653/2653/2653
f 2659/2659/2659 2658/2658/2658 2657/2657/2657
f 2660/2660/2660 2659/2659/2659 2657/2657/2657
f 2663/2663/2663 2662/2662/2662 2661/2661/2661
f 2664/2664/2664 2663/2663/2663 2661/2661/2661
f 2667/2667/2667 2666/2666/2666 2665/2665/2665
f 2668/2668/2668 2667/2667/2667 2665/2665/2665
f 2671/2671/2671 2670/2670/2670 2669/2669/2669
f 2672/2672/2672 2671/2671/2671 2669/2669/2669
f 2675/2675/2675 2674/2674/2674 2673/2673/2673
f 2674/2674/2674 2676/2676/2676 2673/2673/2673
f 2676/2676/2676 2677/2677/2677 2673/2673/2673
f 2677/2677/2677 2678/2678/2678 2673/2673/2673
f 2681/2681/2681 2680/2680/2680 2679/2679/2679
f 2680/2680/2680 2682/2682/2682 2679/2679/2679
f 2682/2682/2682 2684/2684/2684 2683/2683/2683
f 2685/2685/2685 2682/2682/2682 2683/2683/2683
f 2688/2688/2688 2687/2687/2687 2686/2686/2686
f 2689/2689/2689 2688/2688/2688 2686/2686/2686
f 2692/2692/2692 2691/2691/2691 2690/2690/2690
f 2693/2693/2693 2692/2692/2692 2690/2690/2690
f 2696/2696/2696 2695/2695/2695 2694/2694/2694
f 2697/2697/2697 2696/2696/2696 2694/2694/2694
f 2700/2700/2700 2699/2699/2699 2698/2698/2698
f 2701/2701/2701 2700/2700/2700 2698/2698/2698
f 2704/2704/2704 2703/2703/2703 2702/2702/2702
f 2705/2705/2705 2704/2704/2704 2702/2702/2702
f 2708/2708/2708 2707/2707/2707 2706/2706/2706
f 2709/2709/2709 2708/2708/2708 2706/2706/2706
f 2712/2712/2712 2711/2711/2711 2710/2710/2710
f 2713/2713/2713 2712/2712/2712 2710/2710/2710
f 2716/2716/2716 2715/2715/2715 2714/2714/2714
f 2717/2717/2717 2716/2716/2716 2714/2714/2714
f 2720/2720/2720 2719/2719/2719 2718/2718/2718
f 2721/2721/2721 2720/2720/2720 2718/2718/2718
f 2724/2724/2724 2723/2723/2723 2722/2722/2722
f 2725/2725/2725 2724/2724/2724 2722/2722/2722
f 2728/2728/2728 2727/2727/2727 2726/2726/2726
f 2729/2729/2729 2728/2728/2728 2726/2726/2726
f 2732/2732/2732 2731/2731/2731 2730/2730/2730
f 2733/2733/2733 2732/2732/2732 2730/2730/2730
f 2736/2736/2736 2735/2735/2735 2734/2734/2734
f 2737/2737/2737 2736/2736/2736 2734/2734/2734
f 2740/2740/2740 2739/2739/2739 2738/2738/2738
f 2739/2739/2739 2741/2741/2741 2738/2738/2738
f 2743/2743/2743 2742/2742/2742 2741/2741/2741
f 2744/2744/2744 2743/2743/2743 2741/2741/2741
f 2746/2746/2746 2738/2738/2738 2745/2745/2745
f 2746/2746/2746 2745/2745/2745 2747/2747/2747
f 2747/2747/2747 2748/2748/2748 2746/2746/2746
f 2751/2751/2751 2750/2750/2750 2749/2749/2749
f 2752/2752/2752 2751/2751/2751 2749/2749/2749
f 2755/2755/2755 2754/2754/2754 2753/2753/2753
f 2756/2756/2756 2755/2755/2755 2753/2753/2753
f 2759/2759/2759 2758/2758/2758 2757/2757/2757
f 2760/2760/2760 2759/2759/2759 2757/2757/2757
f 2763/2763/2763 2762/2762/2762 2761/2761/2761
f 2764/2764/2764 2763/2763/2763 2761/2761/2761
f 2767/2767/2767 2766/2766/2766 2765/2765/2765
f 2768/2768/2768 2767/2767/2767 2765/2765/2765
f 2771/2771/2771 2770/2770/2770 2769/2769/2769
f 2772/2772/2772 2771/2771/2771 2769/2769/2769
f 2775/2775/2775 2774/2774/2774 2773/2773/2773
f 2776/2776/2776 2775/2775/2775 2773/2773/2773
f 2779/2779/2779 2778/2778/2778 2777/2777/2777
f 2780/2780/2780 2779/2779/2779 2777/2777/2777
f 2783/2783/2783 2782/2782/2782 2781/2781/2781
f 2784/2784/2784 2783/2783/2783 2781/2781/2781
f 2787/2787/2787 2786/2786/2786 2785/2785/2785
f 2788/2788/2788 2787/2787/2787 2785/2785/2785
f 2791/2791/2791 2790/2790/2790 2789/2789/2789
f 2792/2792/2792 2791/2791/2791 2789/2789/2789
f 2795/2795/2795 2794/2794/2794 2793/2793/2793
f 2796/2796/2796 2795/2795/2795 2793/2793/2793
f 2799/2799/2799 2798/2798/2798 2797/2797/2797
f 2800/2800/2800 2799/2799/2799 2797/2797/2797
f 2803/2803/2803 2802/2802/2802 2801/2801/2801
f 2804/2804/2804 2803/2803/2803 2801/2801/2801
f 2807/2807/2807 2806/2806/2806 2805/2805/2805
f 2808/2808/2808 2807/2807/2807 2805/2805/2805
f 2809/2809/2809 2808/2808/2808 2805/2805/2805
f 2810/2810/2810 2809/2809/2809 2805/2805/2805
f 2813/2813/2813 2812/2812/2812 2811/2811/2811
f 2814/2814/2814 2813/2813/2813 2811/2811/2811
f 2814/2814/2814 2816/2816/2816 2815/2815/2815
f 2817/2817/2817 2814/2814/2814 2815/2815/2815
f 2820/2820/2820 2819/2819/2819 2818/2818/2818
f 2821/2821/2821 2820/2820/2820 2818/2818/2818
f 2824/2824/2824 2823/2823/2823 2822/2822/2822
f 2825/2825/2825 2824/2824/2824 2822/2822/2822
f 2828/2828/2828 2827/2827/2827 2826/2826/2826
f 2829/2829/2829 2828/2828/2828 2826/2826/2826
f 2832/2832/2832 2831/2831/2831 2830/2830/2830
f 2833/2833/2833 2832/2832/2832 2830/2830/2830
f 2836/2836/2836 2835/2835/2835 2834/2834/2834
f 2837/2837/2837 2836/2836/2836 2834/2834/2834
f 2840/2840/2840 2839/2839/2839 2838/2838/2838
f 2841/2841/2841 2840/2840/2840 2838/2838/2838
f 2844/2844/2844 2843/2843/2843 2842/2842/2842
f 2845/2845/2845 2844/2844/2844 2842/2842/2842
f 2848/2848/2848 2847/2847/2847 2846/2846/2846
f 2849/2849/2849 2848/2848/2848 2846/2846/2846
f 2852/2852/2852 2851/2851/2851 2850/2850/2850
f 2853/2853/2853 2852/2852/2852 2850/2850/2850
f 2856/2856/2856 2855/2855/2855 2854/2854/2854
f 2857/2857/2857 2856/2856/2856 2854/2854/2854
f 2860/2860/2860 2859/2859/2859 2858/2858/2858
f 2861/2861/2861 2860/2860/2860 2858/2858/2858
f 2864/2864/2864 2863/2863/2863 2862/2862/2862
f 2863/2863/2863 2865/2865/2865 2862/2862/2862
f 2865/2865/2865 2866/2866/2866 2862/2862/2862
f 2865/2865/2865 2867/2867/2867 2866/2866/2866
f 2867/2867/2867 2868/2868/2868 2866/2866/2866
f 2867/2867/2867 2869/2869/2869 2868/2868/2868
f 2869/2869/2869 2870/2870/2870 2868/2868/2868
f 2869/2869/2869 2871/2871/2871 2870/2870/2870
f 2871/2871/2871 2872/2872/2872 2870/2870/2870
f 2871/2871/2871 2873/2873/2873 2872/2872/2872
f 2874/2874/2874 2864/2864/2864 2862/2862/2862
f 2862/2862/2862 2866/2866/2866 2875/2875/2875
f 2875/2875/2875 2874/2874/2874 2862/2862/2862
f 2876/2876/2876 2866/2866/2866 2868/2868/2868
f 2866/2866/2866 2876/2876/2876 2875/2875/2875
f 2877/2877/2877 2868/2868/2868 2870/2870/2870
f 2877/2877/2877 2876/2876/2876 2868/2868/2868
f 2864/2864/2864 2874/2874/2874 2878/2878/2878
f 2879/2879/2879 2864/2864/2864 2878/2878/2878
f 2875/2875/2875 2880/2880/2880 2874/2874/2874
f 2880/2880/2880 2875/2875/2875 2876/2876/2876
f 2880/2880/2880 2878/2878/2878 2874/2874/2874
f 2881/2881/2881 2880/2880/2880 2876/2876/2876
f 2880/2880/2880 2881/2881/2881 2878/2878/2878
f 2877/2877/2877 2881/2881/2881 2876/2876/2876
f 2879/2879/2879 2878/2878/2878 2882/2882/2882
f 2881/2881/2881 2882/2882/2882 2878/2878/2878
f 2883/2883/2883 2879/2879/2879 2882/2882/2882
f 2884/2884/2884 2877/2877/2877 2870/2870/2870
f 2884/2884/2884 2870/2870/2870 2872/2872/2872
f 2885/2885/2885 2881/2881/2881 2877/2877/2877
f 2882/2882/2882 2881/2881/2881 2885/2885/2885
f 2884/2884/2884 2885/2885/2885 2877/2877/2877
f 2883/2883/2883 2882/2882/2882 2886/2886/2886
f 2886/2886/2886 2882/2882/2882 2885/2885/2885
f 2887/2887/2887 2883/2883/2883 2886/2886/2886
f 2886/2886/2886 2885/2885/2885 2888/2888/2888
f 2888/2888/2888 2885/2885/2885 2884/2884/2884
f 2887/2887/2887 2886/2886/2886 2889/2889/2889
f 2889/2889/2889 2886/2886/2886 2888/2888/2888
f 2890/2890/2890 2887/2887/2887 2889/2889/2889
f 2890/2890/2890 2889/2889/2889 2891/2891/2891
f 2892/2892/2892 2890/2890/2890 2891/2891/2891
f 2893/2893/2893 2892/2892/2892 2891/2891/2891
f 2889/2889/2889 2888/2888/2888 2894/2894/2894
f 2891/2891/2891 2889/2889/2889 2894/2894/2894
f 2895/2895/2895 2888/2888/2888 2884/2884/2884
f 2888/2888/2888 2895/2895/2895 2894/2894/2894
f 2896/2896/2896 2893/2893/2893 2891/2891/2891
f 2894/2894/2894 2896/2896/2896 2891/2891/2891
f 2893/2893/2893 2896/2896/2896 2897/2897/2897
f 2898/2898/2898 2893/2893/2893 2897/2897/2897
f 2894/2894/2894 2899/2899/2899 2896/2896/2896
f 2895/2895/2895 2899/2899/2899 2894/2894/2894
f 2899/2899/2899 2897/2897/2897 2896/2896/2896
f 2898/2898/2898 2897/2897/2897 2900/2900/2900
f 2901/2901/2901 2898/2898/2898 2900/2900/2900
f 2899/2899/2899 2902/2902/2902 2897/2897/2897
f 2899/2899/2899 2895/2895/2895 2902/2902/2902
f 2902/2902/2902 2900/2900/2900 2897/2897/2897
f 2895/2895/2895 2884/2884/2884 2903/2903/2903
f 2903/2903/2903 2884/2884/2884 2872/2872/2872
f 2902/2902/2902 2895/2895/2895 2904/2904/2904
f 2900/2900/2900 2902/2902/2902 2904/2904/2904
f 2895/2895/2895 2903/2903/2903 2904/2904/2904
f 2901/2901/2901 2900/2900/2900 2905/2905/2905
f 2905/2905/2905 2900/2900/2900 2904/2904/2904
f 2906/2906/2906 2901/2901/2901 2905/2905/2905
f 2903/2903/2903 2872/2872/2872 2907/2907/2907
f 2873/2873/2873 2907/2907/2907 2872/2872/2872
f 2903/2903/2903 2908/2908/2908 2904/2904/2904
f 2905/2905/2905 2904/2904/2904 2908/2908/2908
f 2908/2908/2908 2903/2903/2903 2907/2907/2907
f 2906/2906/2906 2905/2905/2905 2909/2909/2909
f 2909/2909/2909 2905/2905/2905 2908/2908/2908
f 2908/2908/2908 2907/2907/2907 2909/2909/2909
f 2907/2907/2907 2873/2873/2873 2909/2909/2909
f 2910/2910/2910 2906/2906/2906 2909/2909/2909
f 2873/2873/2873 2910/2910/2910 2909/2909/2909
f 2913/2913/2913 2912/2912/2912 2911/2911/2911
f 2914/2914/2914 2913/2913/2913 2911/2911/2911
f 2915/2915/2915 2914/2914/2914 2911/2911/2911
f 2916/2916/2916 2914/2914/2914 2915/2915/2915
f 2917/2917/2917 2916/2916/2916 2915/2915/2915
f 2918/2918/2918 2916/2916/2916 2917/2917/2917
f 2919/2919/2919 2918/2918/2918 2917/2917/2917
f 2920/2920/2920 2918/2918/2918 2919/2919/2919
f 2921/2921/2921 2920/2920/2920 2919/2919/2919
f 2922/2922/2922 2920/2920/2920 2921/2921/2921
f 2912/2912/2912 2923/2923/2923 2911/2911/2911
f 2915/2915/2915 2911/2911/2911 2924/2924/2924
f 2923/2923/2923 2924/2924/2924 2911/2911/2911
f 2915/2915/2915 2925/2925/2925 2917/2917/2917
f 2925/2925/2925 2915/2915/2915 2924/2924/2924
f 2917/2917/2917 2926/2926/2926 2919/2919/2919
f 2925/2925/2925 2926/2926/2926 2917/2917/2917
f 2923/2923/2923 2912/2912/2912 2927/2927/2927
f 2912/2912/2912 2928/2928/2928 2927/2927/2927
f 2929/2929/2929 2924/2924/2924 2923/2923/2923
f 2924/2924/2924 2929/2929/2929 2925/2925/2925
f 2927/2927/2927 2929/2929/2929 2923/2923/2923
f 2929/2929/2929 2930/2930/2930 2925/2925/2925
f 2930/2930/2930 2929/2929/2929 2927/2927/2927
f 2930/2930/2930 2926/2926/2926 2925/2925/2925
f 2927/2927/2927 2928/2928/2928 2931/2931/2931
f 2931/2931/2931 2930/2930/2930 2927/2927/2927
f 2928/2928/2928 2932/2932/2932 2931/2931/2931
f 2926/2926/2926 2933/2933/2933 2919/2919/2919
f 2919/2919/2919 2933/2933/2933 2921/2921/2921
f 2930/2930/2930 2934/2934/2934 2926/2926/2926
f 2930/2930/2930 2931/2931/2931 2934/2934/2934
f 2934/2934/2934 2933/2933/2933 2926/2926/2926
f 2931/2931/2931 2932/2932/2932 2935/2935/2935
f 2931/2931/2931 2935/2935/2935 2934/2934/2934
f 2932/2932/2932 2936/2936/2936 2935/2935/2935
f 2934/2934/2934 2935/2935/2935 2937/2937/2937
f 2934/2934/2934 2937/2937/2937 2933/2933/2933
f 2935/2935/2935 2936/2936/2936 2938/2938/2938
f 2935/2935/2935 2938/2938/2938 2937/2937/2937
f 2936/2936/2936 2939/2939/2939 2938/2938/2938
f 2938/2938/2938 2939/2939/2939 2940/2940/2940
f 2939/2939/2939 2941/2941/2941 2940/2940/2940
f 2941/2941/2941 2942/2942/2942 2940/2940/2940
f 2937/2937/2937 2938/2938/2938 2943/2943/2943
f 2938/2938/2938 2940/2940/2940 2943/2943/2943
f 2937/2937/2937 2944/2944/2944 2933/2933/2933
f 2944/2944/2944 2937/2937/2937 2943/2943/2943
f 2942/2942/2942 2945/2945/2945 2940/2940/2940
f 2945/2945/2945 2943/2943/2943 2940/2940/2940
f 2945/2945/2945 2942/2942/2942 2946/2946/2946
f 2942/2942/2942 2947/2947/2947 2946/2946/2946
f 2948/2948/2948 2943/2943/2943 2945/2945/2945
f 2948/2948/2948 2944/2944/2944 2943/2943/2943
f 2946/2946/2946 2948/2948/2948 2945/2945/2945
f 2946/2946/2946 2947/2947/2947 2949/2949/2949
f 2947/2947/2947 2950/2950/2950 2949/2949/2949
f 2951/2951/2951 2948/2948/2948 2946/2946/2946
f 2944/2944/2944 2948/2948/2948 2951/2951/2951
f 2949/2949/2949 2951/2951/2951 2946/2946/2946
f 2933/2933/2933 2944/2944/2944 2952/2952/2952
f 2933/2933/2933 2952/2952/2952 2921/2921/2921
f 2944/2944/2944 2951/2951/2951 2953/2953/2953
f 2951/2951/2951 2949/2949/2949 2953/2953/2953
f 2952/2952/2952 2944/2944/2944 2953/2953/2953
f 2949/2949/2949 2950/2950/2950 2954/2954/2954
f 2949/2949/2949 2954/2954/2954 2953/2953/2953
f 2950/2950/2950 2955/2955/2955 2954/2954/2954
f 2921/2921/2921 2952/2952/2952 2956/2956/2956
f 2956/2956/2956 2922/2922/2922 2921/2921/2921
f 2957/2957/2957 2952/2952/2952 2953/2953/2953
f 2953/2953/2953 2954/2954/2954 2957/2957/2957
f 2952/2952/2952 2957/2957/2957 2956/2956/2956
f 2954/2954/2954 2955/2955/2955 2958/2958/2958
f 2954/2954/2954 2958/2958/2958 2957/2957/2957
f 2956/2956/2956 2957/2957/2957 2958/2958/2958
f 2922/2922/2922 2956/2956/2956 2958/2958/2958
f 2955/2955/2955 2959/2959/2959 2958/2958/2958
f 2959/2959/2959 2922/2922/2922 2958/2958/2958
f 2962/2962/2962 2961/2961/2961 2960/2960/2960
f 2963/2963/2963 2962/2962/2962 2960/2960/2960
f 2964/2964/2964 2963/2963/2963 2960/2960/2960
f 2965/2965/2965 2963/2963/2963 2964/2964/2964
f 2966/2966/2966 2965/2965/2965 2964/2964/2964
f 2967/2967/2967 2965/2965/2965 2966/2966/2966
f 2968/2968/2968 2967/2967/2967 2966/2966/2966
f 2969/2969/2969 2967/2967/2967 2968/2968/2968
f 2970/2970/2970 2969/2969/2969 2968/2968/2968
f 2971/2971/2971 2969/2969/2969 2970/2970/2970
f 2961/2961/2961 2972/2972/2972 2960/2960/2960
f 2964/2964/2964 2960/2960/2960 2973/2973/2973
f 2972/2972/2972 2973/2973/2973 2960/2960/2960
f 2964/2964/2964 2974/2974/2974 2966/2966/2966
f 2974/2974/2974 2964/2964/2964 2973/2973/2973
f 2966/2966/2966 2975/2975/2975 2968/2968/2968
f 2974/2974/2974 2975/2975/2975 2966/2966/2966
f 2972/2972/2972 2961/2961/2961 2976/2976/2976
f 2961/2961/2961 2977/2977/2977 2976/2976/2976
f 2978/2978/2978 2973/2973/2973 2972/2972/2972
f 2973/2973/2973 2978/2978/2978 2974/2974/2974
f 2976/2976/2976 2978/2978/2978 2972/2972/2972
f 2978/2978/2978 2979/2979/2979 2974/2974/2974
f 2979/2979/2979 2978/2978/2978 2976/2976/2976
f 2979/2979/2979 2975/2975/2975 2974/2974/2974
f 2976/2976/2976 2977/2977/2977 2980/2980/2980
f 2980/2980/2980 2979/2979/2979 2976/2976/2976
f 2977/2977/2977 2981/2981/2981 2980/2980/2980
f 2975/2975/2975 2982/2982/2982 2968/2968/2968
f 2968/2968/2968 2982/2982/2982 2970/2970/2970
f 2979/2979/2979 2983/2983/2983 2975/2975/2975
f 2979/2979/2979 2980/2980/2980 2983/2983/2983
f 2983/2983/2983 2982/2982/2982 2975/2975/2975
f 2980/2980/2980 2981/2981/2981 2984/2984/2984
f 2980/2980/2980 2984/2984/2984 2983/2983/2983
f 2981/2981/2981 2985/2985/2985 2984/2984/2984
f 2983/2983/2983 2984/2984/2984 2986/2986/2986
f 2983/2983/2983 2986/2986/2986 2982/2982/2982
f 2984/2984/2984 2985/2985/2985 2987/2987/2987
f 2984/2984/2984 2987/2987/2987 2986/2986/2986
f 2985/2985/2985 2988/2988/2988 2987/2987/2987
f 2987/2987/2987 2988/2988/2988 2989/2989/2989
f 2988/2988/2988 2990/2990/2990 2989/2989/2989
f 2990/2990/2990 2991/2991/2991 2989/2989/2989
f 2986/2986/2986 2987/2987/2987 2992/2992/2992
f 2987/2987/2987 2989/2989/2989 2992/2992/2992
f 2986/2986/2986 2993/2993/2993 2982/2982/2982
f 2993/2993/2993 2986/2986/2986 2992/2992/2992
f 2991/2991/2991 2994/2994/2994 2989/2989/2989
f 2994/2994/2994 2992/2992/2992 2989/2989/2989
f 2994/2994/2994 2991/2991/2991 2995/2995/2995
f 2991/2991/2991 2996/2996/2996 2995/2995/2995
f 2997/2997/2997 2992/2992/2992 2994/2994/2994
f 2997/2997/2997 2993/2993/2993 2992/2992/2992
f 2995/2995/2995 2997/2997/2997 2994/2994/2994
f 2995/2995/2995 2996/2996/2996 2998/2998/2998
f 2996/2996/2996 2999/2999/2999 2998/2998/2998
f 3000/3000/3000 2997/2997/2997 2995/2995/2995
f 2993/2993/2993 2997/2997/2997 3000/3000/3000
f 2998/2998/2998 3000/3000/3000 2995/2995/2995
f 2982/2982/2982 2993/2993/2993 3001/3001/3001
f 2982/2982/2982 3001/3001/3001 2970/2970/2970
f 2993/2993/2993 3000/3000/3000 3002/3002/3002
f 3000/3000/3000 2998/2998/2998 3002/3002/3002
f 3001/3001/3001 2993/2993/2993 3002/3002/3002
f 2998/2998/2998 2999/2999/2999 3003/3003/3003
f 2998/2998/2998 3003/3003/3003 3002/3002/3002
f 2999/2999/2999 3004/3004/3004 3003/3003/3003
f 2970/2970/2970 3001/3001/3001 3005/3005/3005
f 3005/3005/3005 2971/2971/2971 2970/2970/2970
f 3006/3006/3006 3001/3001/3001 3002/3002/3002
f 3002/3002/3002 3003/3003/3003 3006/3006/3006
f 3001/3001/3001 3006/3006/3006 3005/3005/3005
f 3003/3003/3003 3004/3004/3004 3007/3007/3007
f 3003/3003/3003 3007/3007/3007 3006/3006/3006
f 3005/3005/3005 3006/3006/3006 3007/3007/3007
f 2971/2971/2971 3005/3005/3005 3007/3007/3007
f 3004/3004/3004 3008/3008/3008 3007/3007/3007
f 3008/3008/3008 2971/2971/2971 3007/3007/3007
f 3011/3011/3011 3010/3010/3010 3009/3009/3009
f 3010/3010/3010 3012/3012/3012 3009/3009/3009
f 3012/3012/3012 3013/3013/3013 3009/3009/3009
f 3012/3012/3012 3014/3014/3014 3013/3013/3013
f 3014/3014/3014 3015/3015/3015 3013/3013/3013
f 3014/3014/3014 3016/3016/3016 3015/3015/3015
f 3016/3016/3016 3017/3017/3017 3015/3015/3015
f 3016/3016/3016 3018/3018/3018 3017/3017/3017
f 3018/3018/3018 3019/3019/3019 3017/3017/3017
f 3018/3018/3018 3020/3020/3020 3019/3019/3019
f 3021/3021/3021 3011/3011/3011 3009/3009/3009
f 3009/3009/3009 3013/3013/3013 3022/3022/3022
f 3022/3022/3022 3021/3021/3021 3009/3009/3009
f 3023/3023/3023 3013/3013/3013 3015/3015/3015
f 3013/3013/3013 3023/3023/3023 3022/3022/3022
f 3024/3024/3024 3015/3015/3015 3017/3017/3017
f 3024/3024/3024 3023/3023/3023 3015/3015/3015
f 3011/3011/3011 3021/3021/3021 3025/3025/3025
f 3026/3026/3026 3011/3011/3011 3025/3025/3025
f 3022/3022/3022 3027/3027/3027 3021/3021/3021
f 3027/3027/3027 3022/3022/3022 3023/3023/3023
f 3027/3027/3027 3025/3025/3025 3021/3021/3021
f 3028/3028/3028 3027/3027/3027 3023/3023/3023
f 3027/3027/3027 3028/3028/3028 3025/3025/3025
f 3024/3024/3024 3028/3028/3028 3023/3023/3023
f 3026/3026/3026 3025/3025/3025 3029/3029/3029
f 3028/3028/3028 3029/3029/3029 3025/3025/3025
f 3030/3030/3030 3026/3026/3026 3029/3029/3029
f 3031/3031/3031 3024/3024/3024 3017/3017/3017
f 3031/3031/3031 3017/3017/3017 3019/3019/3019
f 3032/3032/3032 3028/3028/3028 3024/3024/3024
f 3029/3029/3029 3028/3028/3028 3032/3032/3032
f 3031/3031/3031 3032/3032/3032 3024/3024/3024
f 3030/3030/3030 3029/3029/3029 3033/3033/3033
f 3033/3033/3033 3029/3029/3029 3032/3032/3032
f 3034/3034/3034 3030/3030/3030 3033/3033/3033
f 3033/3033/3033 3032/3032/3032 3035/3035/3035
f 3035/3035/3035 3032/3032/3032 3031/3031/3031
f 3034/3034/3034 3033/3033/3033 3036/3036/3036
f 3036/3036/3036 3033/3033/3033 3035/3035/3035
f 3037/3037/3037 3034/3034/3034 3036/3036/3036
f 3037/3037/3037 3036/3036/3036 3038/3038/3038
f 3039/3039/3039 3037/3037/3037 3038/3038/3038
f 3040/3040/3040 3039/3039/3039 3038/3038/3038
f 3036/3036/3036 3035/3035/3035 3041/3041/3041
f 3038/3038/3038 3036/3036/3036 3041/3041/3041
f 3042/3042/3042 3035/3035/3035 3031/3031/3031
f 3035/3035/3035 3042/3042/3042 3041/3041/3041
f 3043/3043/3043 3040/3040/3040 3038/3038/3038
f 3041/3041/3041 3043/3043/3043 3038/3038/3038
f 3040/3040/3040 3043/3043/3043 3044/3044/3044
f 3045/3045/3045 3040/3040/3040 3044/3044/3044
f 3041/3041/3041 3046/3046/3046 3043/3043/3043
f 3042/3042/3042 3046/3046/3046 3041/3041/3041
f 3046/3046/3046 3044/3044/3044 3043/3043/3043
f 3045/3045/3045 3044/3044/3044 3047/3047/3047
f 3048/3048/3048 3045/3045/3045 3047/3047/3047
f 3046/3046/3046 3049/3049/3049 3044/3044/3044
f 3046/3046/3046 3042/3042/3042 3049/3049/3049
f 3049/3049/3049 3047/3047/3047 3044/3044/3044
f 3042/3042/3042 3031/3031/3031 3050/3050/3050
f 3050/3050/3050 3031/3031/3031 3019/3019/3019
f 3049/3049/3049 3042/3042/3042 3051/3051/3051
f 3047/3047/3047 3049/3049/3049 3051/3051/3051
f 3042/3042/3042 3050/3050/3050 3051/3051/3051
f 3048/3048/3048 3047/3047/3047 3052/3052/3052
f 3052/3052/3052 3047/3047/3047 3051/3051/3051
f 3053/3053/3053 3048/3048/3048 3052/3052/3052
f 3050/3050/3050 3019/3019/3019 3054/3054/3054
f 3020/3020/3020 3054/3054/3054 3019/3019/3019
f 3050/3050/3050 3055/3055/3055 3051/3051/3051
f 3052/3052/3052 3051/3051/3051 3055/3055/3055
f 3055/3055/3055 3050/3050/3050 3054/3054/3054
f 3053/3053/3053 3052/3052/3052 3056/3056/3056
f 3056/3056/3056 3052/3052/3052 3055/3055/3055
f 3055/3055/3055 3054/3054/3054 3056/3056/3056
f 3054/3054/3054 3020/3020/3020 3056/3056/3056
f 3057/3057/3057 3053/3053/3053 3056/3056/3056
f 3020/3020/3020 3057/3057/3057 3056/3056/3056
f 3060/3060/3060 3059/3059/3059 3058/3058/3058
f 3060/3060/3060 3061/3061/3061 3059/3059/3059
f 3062/3062/3062 3061/3061/3061 3060/3060/3060
f 3063/3063/3063 3062/3062/3062 3060/3060/3060
f 3058/3058/3058 3064/3064/3064 3060/3060/3060
f 3064/3064/3064 3065/3065/3065 3060/3060/3060
f 3060/3060/3060 3065/3065/3065 3066/3066/3066
f 3060/3060/3060 3066/3066/3066 3063/3063/3063
f 3058/3058/3058 3067/3067/3067 3064/3064/3064
f 3067/3067/3067 3068/3068/3068 3064/3064/3064
f 3068/3068/3068 3065/3065/3065 3064/3064/3064
f 3067/3067/3067 3069/3069/3069 3068/3068/3068
f 3069/3069/3069 3070/3070/3070 3068/3068/3068
f 3070/3070/3070 3065/3065/3065 3068/3068/3068
f 3069/3069/3069 3071/3071/3071 3070/3070/3070
f 3071/3071/3071 3072/3072/3072 3070/3070/3070
f 3072/3072/3072 3065/3065/3065 3070/3070/3070
f 3071/3071/3071 3073/3073/3073 3072/3072/3072
f 3073/3073/3073 3074/3074/3074 3072/3072/3072
f 3074/3074/3074 3065/3065/3065 3072/3072/3072
f 3073/3073/3073 3075/3075/3075 3074/3074/3074
f 3075/3075/3075 3076/3076/3076 3074/3074/3074
f 3076/3076/3076 3065/3065/3065 3074/3074/3074
f 3076/3076/3076 3075/3075/3075 3077/3077/3077
f 3078/3078/3078 3065/3065/3065 3076/3076/3076
f 3078/3078/3078 3076/3076/3076 3077/3077/3077
f 3066/3066/3066 3065/3065/3065 3078/3078/3078
f 3077/3077/3077 3079/3079/3079 3078/3078/3078
f 3078/3078/3078 3080/3080/3080 3066/3066/3066
f 3063/3063/3063 3066/3066/3066 3080/3080/3080
f 3081/3081/3081 3063/3063/3063 3080/3080/3080
f 3079/3079/3079 3082/3082/3082 3078/3078/3078
f 3082/3082/3082 3080/3080/3080 3078/3078/3078
f 3082/3082/3082 3079/3079/3079 3083/3083/3083
f 3084/3084/3084 3082/3082/3082 3083/3083/3083
f 3084/3084/3084 3080/3080/3080 3082/3082/3082
f 3083/3083/3083 3085/3085/3085 3084/3084/3084
f 3081/3081/3081 3080/3080/3080 3086/3086/3086
f 3086/3086/3086 3080/3080/3080 3084/3084/3084
f 3087/3087/3087 3081/3081/3081 3086/3086/3086
f 3084/3084/3084 3088/3088/3088 3086/3086/3086
f 3086/3086/3086 3088/3088/3088 3089/3089/3089
f 3087/3087/3087 3086/3086/3086 3089/3089/3089
f 3090/3090/3090 3087/3087/3087 3089/3089/3089
f 3085/3085/3085 3091/3091/3091 3084/3084/3084
f 3091/3091/3091 3088/3088/3088 3084/3084/3084
f 3085/3085/3085 3092/3092/3092 3091/3091/3091
f 3090/3090/3090 3089/3089/3089 3093/3093/3093
f 3089/3089/3089 3088/3088/3088 3093/3093/3093
f 3094/3094/3094 3090/3090/3090 3093/3093/3093
f 3092/3092/3092 3095/3095/3095 3091/3091/3091
f 3095/3095/3095 3088/3088/3088 3091/3091/3091
f 3092/3092/3092 3096/3096/3096 3095/3095/3095
f 3094/3094/3094 3093/3093/3093 3097/3097/3097
f 3093/3093/3093 3088/3088/3088 3097/3097/3097
f 3098/3098/3098 3094/3094/3094 3097/3097/3097
f 3096/3096/3096 3099/3099/3099 3095/3095/3095
f 3099/3099/3099 3088/3088/3088 3095/3095/3095
f 3096/3096/3096 3100/3100/3100 3099/3099/3099
f 3098/3098/3098 3097/3097/3097 3101/3101/3101
f 3097/3097/3097 3088/3088/3088 3101/3101/3101
f 3101/3101/3101 3088/3088/3088 3099/3099/3099
f 3100/3100/3100 3101/3101/3101 3099/3099/3099
f 3100/3100/3100 3098/3098/3098 3101/3101/3101
f 3104/3104/3104 3103/3103/3103 3102/3102/3102
f 3103/3103/3103 3105/3105/3105 3102/3102/3102
f 3102/3102/3102 3105/3105/3105 3106/3106/3106
f 3102/3102/3102 3106/3106/3106 3107/3107/3107
f 3102/3102/3102 3108/3108/3108 3104/3104/3104
f 3109/3109/3109 3104/3104/3104 3108/3108/3108
f 3110/3110/3110 3108/3108/3108 3102/3102/3102
f 3110/3110/3110 3102/3102/3102 3111/3111/3111
f 3107/3107/3107 3111/3111/3111 3102/3102/3102
f 3112/3112/3112 3109/3109/3109 3108/3108/3108
f 3110/3110/3110 3112/3112/3112 3108/3108/3108
f 3113/3113/3113 3109/3109/3109 3112/3112/3112
f 3114/3114/3114 3113/3113/3113 3112/3112/3112
f 3110/3110/3110 3114/3114/3114 3112/3112/3112
f 3115/3115/3115 3113/3113/3113 3114/3114/3114
f 3116/3116/3116 3115/3115/3115 3114/3114/3114
f 3110/3110/3110 3116/3116/3116 3114/3114/3114
f 3117/3117/3117 3115/3115/3115 3116/3116/3116
f 3118/3118/3118 3117/3117/3117 3116/3116/3116
f 3110/3110/3110 3118/3118/3118 3116/3116/3116
f 3119/3119/3119 3117/3117/3117 3118/3118/3118
f 3120/3120/3120 3119/3119/3119 3118/3118/3118
f 3110/3110/3110 3120/3120/3120 3118/3118/3118
f 3119/3119/3119 3120/3120/3120 3121/3121/3121
f 3110/3110/3110 3122/3122/3122 3120/3120/3120
f 3120/3120/3120 3122/3122/3122 3121/3121/3121
f 3110/3110/3110 3111/3111/3111 3122/3122/3122
f 3123/3123/3123 3121/3121/3121 3122/3122/3122
f 3124/3124/3124 3122/3122/3122 3111/3111/3111
f 3111/3111/3111 3107/3107/3107 3124/3124/3124
f 3107/3107/3107 3125/3125/3125 3124/3124/3124
f 3126/3126/3126 3123/3123/3123 3122/3122/3122
f 3124/3124/3124 3126/3126/3126 3122/3122/3122
f 3123/3123/3123 3126/3126/3126 3127/3127/3127
f 3126/3126/3126 3128/3128/3128 3127/3127/3127
f 3124/3124/3124 3128/3128/3128 3126/3126/3126
f 3129/3129/3129 3127/3127/3127 3128/3128/3128
f 3124/3124/3124 3125/3125/3125 3130/3130/3130
f 3124/3124/3124 3130/3130/3130 3128/3128/3128
f 3125/3125/3125 3131/3131/3131 3130/3130/3130
f 3132/3132/3132 3128/3128/3128 3130/3130/3130
f 3132/3132/3132 3130/3130/3130 3133/3133/3133
f 3130/3130/3130 3131/3131/3131 3133/3133/3133
f 3131/3131/3131 3134/3134/3134 3133/3133/3133
f 3135/3135/3135 3129/3129/3129 3128/3128/3128
f 3132/3132/3132 3135/3135/3135 3128/3128/3128
f 3136/3136/3136 3129/3129/3129 3135/3135/3135
f 3133/3133/3133 3134/3134/3134 3137/3137/3137
f 3132/3132/3132 3133/3133/3133 3137/3137/3137
f 3134/3134/3134 3138/3138/3138 3137/3137/3137
f 3139/3139/3139 3136/3136/3136 3135/3135/3135
f 3132/3132/3132 3139/3139/3139 3135/3135/3135
f 3140/3140/3140 3136/3136/3136 3139/3139/3139
f 3137/3137/3137 3138/3138/3138 3141/3141/3141
f 3132/3132/3132 3137/3137/3137 3141/3141/3141
f 3138/3138/3138 3142/3142/3142 3141/3141/3141
f 3143/3143/3143 3140/3140/3140 3139/3139/3139
f 3132/3132/3132 3143/3143/3143 3139/3139/3139
f 3144/3144/3144 3140/3140/3140 3143/3143/3143
f 3141/3141/3141 3142/3142/3142 3145/3145/3145
f 3132/3132/3132 3141/3141/3141 3145/3145/3145
f 3132/3132/3132 3145/3145/3145 3143/3143/3143
f 3145/3145/3145 3144/3144/3144 3143/3143/3143
f 3142/3142/3142 3144/3144/3144 3145/3145/3145
f 3148/3148/3148 3147/3147/3147 3146/3146/3146
f 3146/3146/3146 3147/3147/3147 3149/3149/3149
f 3146/3146/3146 3150/3150/3150 3148/3148/3148
f 3149/3149/3149 3151/3151/3151 3146/3146/3146
f 3146/3146/3146 3152/3152/3152 3150/3150/3150
f 3153/3153/3153 3150/3150/3150 3152/3152/3152
f 3154/3154/3154 3152/3152/3152 3146/3146/3146
f 3154/3154/3154 3146/3146/3146 3155/3155/3155
f 3151/3151/3151 3155/3155/3155 3146/3146/3146
f 3156/3156/3156 3153/3153/3153 3152/3152/3152
f 3154/3154/3154 3156/3156/3156 3152/3152/3152
f 3157/3157/3157 3153/3153/3153 3156/3156/3156
f 3158/3158/3158 3157/3157/3157 3156/3156/3156
f 3154/3154/3154 3158/3158/3158 3156/3156/3156
f 3159/3159/3159 3157/3157/3157 3158/3158/3158
f 3160/3160/3160 3159/3159/3159 3158/3158/3158
f 3154/3154/3154 3160/3160/3160 3158/3158/3158
f 3161/3161/3161 3159/3159/3159 3160/3160/3160
f 3162/3162/3162 3161/3161/3161 3160/3160/3160
f 3154/3154/3154 3162/3162/3162 3160/3160/3160
f 3163/3163/3163 3161/3161/3161 3162/3162/3162
f 3164/3164/3164 3163/3163/3163 3162/3162/3162
f 3154/3154/3154 3164/3164/3164 3162/3162/3162
f 3163/3163/3163 3164/3164/3164 3165/3165/3165
f 3154/3154/3154 3166/3166/3166 3164/3164/3164
f 3164/3164/3164 3166/3166/3166 3165/3165/3165
f 3154/3154/3154 3155/3155/3155 3166/3166/3166
f 3167/3167/3167 3165/3165/3165 3166/3166/3166
f 3168/3168/3168 3166/3166/3166 3155/3155/3155
f 3155/3155/3155 3151/3151/3151 3168/3168/3168
f 3151/3151/3151 3169/3169/3169 3168/3168/3168
f 3170/3170/3170 3167/3167/3167 3166/3166/3166
f 3168/3168/3168 3170/3170/3170 3166/3166/3166
f 3167/3167/3167 3170/3170/3170 3171/3171/3171
f 3170/3170/3170 3172/3172/3172 3171/3171/3171
f 3168/3168/3168 3172/3172/3172 3170/3170/3170
f 3173/3173/3173 3171/3171/3171 3172/3172/3172
f 3168/3168/3168 3169/3169/3169 3174/3174/3174
f 3168/3168/3168 3174/3174/3174 3172/3172/3172
f 3169/3169/3169 3175/3175/3175 3174/3174/3174
f 3176/3176/3176 3172/3172/3172 3174/3174/3174
f 3176/3176/3176 3174/3174/3174 3177/3177/3177
f 3174/3174/3174 3175/3175/3175 3177/3177/3177
f 3175/3175/3175 3178/3178/3178 3177/3177/3177
f 3179/3179/3179 3173/3173/3173 3172/3172/3172
f 3176/3176/3176 3179/3179/3179 3172/3172/3172
f 3180/3180/3180 3173/3173/3173 3179/3179/3179
f 3177/3177/3177 3178/3178/3178 3181/3181/3181
f 3176/3176/3176 3177/3177/3177 3181/3181/3181
f 3178/3178/3178 3182/3182/3182 3181/3181/3181
f 3183/3183/3183 3180/3180/3180 3179/3179/3179
f 3176/3176/3176 3183/3183/3183 3179/3179/3179
f 3184/3184/3184 3180/3180/3180 3183/3183/3183
f 3181/3181/3181 3182/3182/3182 3185/3185/3185
f 3176/3176/3176 3181/3181/3181 3185/3185/3185
f 3182/3182/3182 3186/3186/3186 3185/3185/3185
f 3187/3187/3187 3184/3184/3184 3183/3183/3183
f 3176/3176/3176 3187/3187/3187 3183/3183/3183
f 3188/3188/3188 3184/3184/3184 3187/3187/3187
f 3185/3185/3185 3186/3186/3186 3189/3189/3189
f 3176/3176/3176 3185/3185/3185 3189/3189/3189
f 3176/3176/3176 3189/3189/3189 3187/3187/3187
f 3189/3189/3189 3188/3188/3188 3187/3187/3187
f 3186/3186/3186 3188/3188/3188 3189/3189/3189
f 3192/3192/3192 3191/3191/3191 3190/3190/3190
f 3193/3193/3193 3191/3191/3191 3192/3192/3192
f 3190/3190/3190 3194/3194/3194 3192/3192/3192
f 3192/3192/3192 3195/3195/3195 3193/3193/3193
f 3194/3194/3194 3196/3196/3196 3192/3192/3192
f 3196/3196/3196 3197/3197/3197 3192/3192/3192
f 3192/3192/3192 3197/3197/3197 3198/3198/3198
f 3192/3192/3192 3198/3198/3198 3195/3195/3195
f 3194/3194/3194 3199/3199/3199 3196/3196/3196
f 3199/3199/3199 3200/3200/3200 3196/3196/3196
f 3200/3200/3200 3197/3197/3197 3196/3196/3196
f 3199/3199/3199 3201/3201/3201 3200/3200/3200
f 3201/3201/3201 3202/3202/3202 3200/3200/3200
f 3202/3202/3202 3197/3197/3197 3200/3200/3200
f 3201/3201/3201 3203/3203/3203 3202/3202/3202
f 3203/3203/3203 3204/3204/3204 3202/3202/3202
f 3204/3204/3204 3197/3197/3197 3202/3202/3202
f 3203/3203/3203 3205/3205/3205 3204/3204/3204
f 3205/3205/3205 3206/3206/3206 3204/3204/3204
f 3206/3206/3206 3197/3197/3197 3204/3204/3204
f 3205/3205/3205 3207/3207/3207 3206/3206/3206
f 3207/3207/3207 3208/3208/3208 3206/3206/3206
f 3208/3208/3208 3197/3197/3197 3206/3206/3206
f 3208/3208/3208 3207/3207/3207 3209/3209/3209
f 3210/3210/3210 3197/3197/3197 3208/3208/3208
f 3210/3210/3210 3208/3208/3208 3209/3209/3209
f 3198/3198/3198 3197/3197/3197 3210/3210/3210
f 3209/3209/3209 3211/3211/3211 3210/3210/3210
f 3210/3210/3210 3212/3212/3212 3198/3198/3198
f 3195/3195/3195 3198/3198/3198 3212/3212/3212
f 3213/3213/3213 3195/3195/3195 3212/3212/3212
f 3211/3211/3211 3214/3214/3214 3210/3210/3210
f 3214/3214/3214 3212/3212/3212 3210/3210/3210
f 3214/3214/3214 3211/3211/3211 3215/3215/3215
f 3216/3216/3216 3214/3214/3214 3215/3215/3215
f 3216/3216/3216 3212/3212/3212 3214/3214/3214
f 3215/3215/3215 3217/3217/3217 3216/3216/3216
f 3213/3213/3213 3212/3212/3212 3218/3218/3218
f 3218/3218/3218 3212/3212/3212 3216/3216/3216
f 3219/3219/3219 3213/3213/3213 3218/3218/3218
f 3216/3216/3216 3220/3220/3220 3218/3218/3218
f 3218/3218/3218 3220/3220/3220 3221/3221/3221
f 3219/3219/3219 3218/3218/3218 3221/3221/3221
f 3222/3222/3222 3219/3219/3219 3221/3221/3221
f 3217/3217/3217 3223/3223/3223 3216/3216/3216
f 3223/3223/3223 3220/3220/3220 3216/3216/3216
f 3217/3217/3217 3224/3224/3224 3223/3223/3223
f 3222/3222/3222 3221/3221/3221 3225/3225/3225
f 3221/3221/3221 3220/3220/3220 3225/3225/3225
f 3226/3226/3226 3222/3222/3222 3225/3225/3225
f 3224/3224/3224 3227/3227/3227 3223/3223/3223
f 3227/3227/3227 3220/3220/3220 3223/3223/3223
f 3224/3224/3224 3228/3228/3228 3227/3227/3227
f 3226/3226/3226 3225/3225/3225 3229/3229/3229
f 3225/3225/3225 3220/3220/3220 3229/3229/3229
f 3230/3230/3230 3226/3226/3226 3229/3229/3229
f 3228/3228/3228 3231/3231/3231 3227/3227/3227
f 3231/3231/3231 3220/3220/3220 3227/3227/3227
f 3228/3228/3228 3232/3232/3232 3231/3231/3231
f 3230/3230/3230 3229/3229/3229 3233/3233/3233
f 3229/3229/3229 3220/3220/3220 3233/3233/3233
f 3233/3233/3233 3220/3220/3220 3231/3231/3231
f 3232/3232/3232 3233/3233/3233 3231/3231/3231
f 3232/3232/3232 3230/3230/3230 3233/3233/3233
f 3236/3236/3236 3235/3235/3235 3234/3234/3234
f 3237/3237/3237 3236/3236/3236 3234/3234/3234
f 3237/3237/3237 3234/3234/3234 3238/3238/3238
f 3236/3236/3236 3239/3239/3239 3235/3235/3235
f 3239/3239/3239 3240/3240/3240 3235/3235/3235
f 3241/3241/3241 3237/3237/3237 3238/3238/3238
f 3241/3241/3241 3238/3238/3238 3242/3242/3242
f 3239/3239/3239 3243/3243/3243 3240/3240/3240
f 3243/3243/3243 3244/3244/3244 3240/3240/3240
f 3245/3245/3245 3241/3241/3241 3242/3242/3242
f 3245/3245/3245 3242/3242/3242 3246/3246/3246
f 3243/3243/3243 3247/3247/3247 3244/3244/3244
f 3247/3247/3247 3248/3248/3248 3244/3244/3244
f 3249/3249/3249 3245/3245/3245 3246/3246/3246
f 3249/3249/3249 3246/3246/3246 3250/3250/3250
f 3247/3247/3247 3251/3251/3251 3248/3248/3248
f 3251/3251/3251 3252/3252/3252 3248/3248/3248
f 3253/3253/3253 3249/3249/3249 3250/3250/3250
f 3253/3253/3253 3250/3250/3250 3254/3254/3254
f 3251/3251/3251 3255/3255/3255 3252/3252/3252
f 3255/3255/3255 3256/3256/3256 3252/3252/3252
f 3257/3257/3257 3254/3254/3254 3256/3256/3256
f 3257/3257/3257 3253/3253/3253 3254/3254/3254
f 3255/3255/3255 3257/3257/3257 3256/3256/3256
f 3247/3247/3247 3243/3243/3243 3258/3258/3258
f 3251/3251/3251 3247/3247/3247 3259/3259/3259
f 3259/3259/3259 3247/3247/3247 3258/3258/3258
f 3255/3255/3255 3251/3251/3251 3260/3260/3260
f 3260/3260/3260 3251/3251/3251 3259/3259/3259
f 3257/3257/3257 3255/3255/3255 3261/3261/3261
f 3261/3261/3261 3255/3255/3255 3260/3260/3260
f 3262/3262/3262 3260/3260/3260 3259/3259/3259
f 3262/3262/3262 3259/3259/3259 3258/3258/3258
f 3262/3262/3262 3261/3261/3261 3260/3260/3260
f 3262/3262/3262 3258/3258/3258 3263/3263/3263
f 3258/3258/3258 3243/3243/3243 3263/3263/3263
f 3262/3262/3262 3264/3264/3264 3261/3261/3261
f 3264/3264/3264 3257/3257/3257 3261/3261/3261
f 3253/3253/3253 3257/3257/3257 3264/3264/3264
f 3243/3243/3243 3239/3239/3239 3263/3263/3263
f 3265/3265/3265 3253/3253/3253 3264/3264/3264
f 3262/3262/3262 3265/3265/3265 3264/3264/3264
f 3249/3249/3249 3253/3253/3253 3265/3265/3265
f 3266/3266/3266 3263/3263/3263 3239/3239/3239
f 3262/3262/3262 3263/3263/3263 3266/3266/3266
f 3236/3236/3236 3266/3266/3266 3239/3239/3239
f 3267/3267/3267 3249/3249/3249 3265/3265/3265
f 3262/3262/3262 3267/3267/3267 3265/3265/3265
f 3245/3245/3245 3249/3249/3249 3267/3267/3267
f 3266/3266/3266 3236/3236/3236 3268/3268/3268
f 3262/3262/3262 3266/3266/3266 3268/3268/3268
f 3236/3236/3236 3237/3237/3237 3268/3268/3268
f 3269/3269/3269 3245/3245/3245 3267/3267/3267
f 3262/3262/3262 3269/3269/3269 3267/3267/3267
f 3241/3241/3241 3245/3245/3245 3269/3269/3269
f 3268/3268/3268 3237/3237/3237 3270/3270/3270
f 3262/3262/3262 3268/3268/3268 3270/3270/3270
f 3262/3262/3262 3270/3270/3270 3269/3269/3269
f 3270/3270/3270 3241/3241/3241 3269/3269/3269
f 3237/3237/3237 3241/3241/3241 3270/3270/3270
f 3273/3273/3273 3272/3272/3272 3271/3271/3271
f 3274/3274/3274 3273/3273/3273 3271/3271/3271
f 3274/3274/3274 3271/3271/3271 3275/3275/3275
f 3273/3273/3273 3276/3276/3276 3272/3272/3272
f 3276/3276/3276 3277/3277/3277 3272/3272/3272
f 3278/3278/3278 3274/3274/3274 3275/3275/3275
f 3278/3278/3278 3275/3275/3275 3279/3279/3279
f 3276/3276/3276 3280/3280/3280 3277/3277/3277
f 3280/3280/3280 3281/3281/3281 3277/3277/3277
f 3282/3282/3282 3278/3278/3278 3279/3279/3279
f 3282/3282/3282 3279/3279/3279 3283/3283/3283
f 3280/3280/3280 3284/3284/3284 3281/3281/3281
f 3284/3284/3284 3285/3285/3285 3281/3281/3281
f 3286/3286/3286 3282/3282/3282 3283/3283/3283
f 3286/3286/3286 3283/3283/3283 3287/3287/3287
f 3284/3284/3284 3288/3288/3288 3285/3285/3285
f 3288/3288/3288 3289/3289/3289 3285/3285/3285
f 3290/3290/3290 3287/3287/3287 3289/3289/3289
f 3290/3290/3290 3286/3286/3286 3287/3287/3287
f 3288/3288/3288 3290/3290/3290 3289/3289/3289
f 3280/3280/3280 3276/3276/3276 3291/3291/3291
f 3284/3284/3284 3280/3280/3280 3292/3292/3292
f 3292/3292/3292 3280/3280/3280 3291/3291/3291
f 3288/3288/3288 3284/3284/3284 3293/3293/3293
f 3293/3293/3293 3284/3284/3284 3292/3292/3292
f 3290/3290/3290 3288/3288/3288 3294/3294/3294
f 3294/3294/3294 3288/3288/3288 3293/3293/3293
f 3290/3290/3290 3295/3295/3295 3286/3286/3286
f 3295/3295/3295 3290/3290/3290 3294/3294/3294
f 3282/3282/3282 3286/3286/3286 3296/3296/3296
f 3295/3295/3295 3296/3296/3296 3286/3286/3286
f 3291/3291/3291 3276/3276/3276 3297/3297/3297
f 3276/3276/3276 3273/3273/3273 3297/3297/3297
f 3298/3298/3298 3282/3282/3282 3296/3296/3296
f 3278/3278/3278 3282/3282/3282 3298/3298/3298
f 3299/3299/3299 3297/3297/3297 3273/3273/3273
f 3274/3274/3274 3299/3299/3299 3273/3273/3273
f 3274/3274/3274 3278/3278/3278 3300/3300/3300
f 3300/3300/3300 3278/3278/3278 3298/3298/3298
f 3299/3299/3299 3274/3274/3274 3300/3300/3300
f 3301/3301/3301 3295/3295/3295 3294/3294/3294
f 3302/3302/3302 3296/3296/3296 3295/3295/3295
f 3301/3301/3301 3302/3302/3302 3295/3295/3295
f 3303/3303/3303 3298/3298/3298 3296/3296/3296
f 3302/3302/3302 3303/3303/3303 3296/3296/3296
f 3304/3304/3304 3300/3300/3300 3298/3298/3298
f 3303/3303/3303 3304/3304/3304 3298/3298/3298
f 3305/3305/3305 3299/3299/3299 3300/3300/3300
f 3304/3304/3304 3305/3305/3305 3300/3300/3300
f 3306/3306/3306 3297/3297/3297 3299/3299/3299
f 3305/3305/3305 3306/3306/3306 3299/3299/3299
f 3307/3307/3307 3301/3301/3301 3294/3294/3294
f 3307/3307/3307 3294/3294/3294 3293/3293/3293
f 3306/3306/3306 3308/3308/3308 3297/3297/3297
f 3308/3308/3308 3291/3291/3291 3297/3297/3297
f 3309/3309/3309 3307/3307/3307 3293/3293/3293
f 3309/3309/3309 3293/3293/3293 3292/3292/3292
f 3310/3310/3310 3292/3292/3292 3291/3291/3291
f 3308/3308/3308 3310/3310/3310 3291/3291/3291
f 3310/3310/3310 3309/3309/3309 3292/3292/3292
f 3304/3304/3304 3303/3303/3303 3311/3311/3311
f 3305/3305/3305 3304/3304/3304 3312/3312/3312
f 3312/3312/3312 3304/3304/3304 3311/3311/3311
f 3305/3305/3305 3313/3313/3313 3306/3306/3306
f 3313/3313/3313 3305/3305/3305 3312/3312/3312
f 3308/3308/3308 3306/3306/3306 3314/3314/3314
f 3313/3313/3313 3314/3314/3314 3306/3306/3306
f 3310/3310/3310 3308/3308/3308 3315/3315/3315
f 3315/3315/3315 3308/3308/3308 3314/3314/3314
f 3309/3309/3309 3310/3310/3310 3316/3316/3316
f 3316/3316/3316 3310/3310/3310 3315/3315/3315
f 3311/3311/3311 3303/3303/3303 3317/3317/3317
f 3303/3303/3303 3302/3302/3302 3317/3317/3317
f 3318/3318/3318 3309/3309/3309 3316/3316/3316
f 3307/3307/3307 3309/3309/3309 3318/3318/3318
f 3319/3319/3319 3317/3317/3317 3302/3302/3302
f 3301/3301/3301 3319/3319/3319 3302/3302/3302
f 3301/3301/3301 3307/3307/3307 3320/3320/3320
f 3320/3320/3320 3307/3307/3307 3318/3318/3318
f 3319/3319/3319 3301/3301/3301 3320/3320/3320
f 3321/3321/3321 3314/3314/3314 3313/3313/3313
f 3322/3322/3322 3315/3315/3315 3314/3314/3314
f 3321/3321/3321 3322/3322/3322 3314/3314/3314
f 3323/3323/3323 3316/3316/3316 3315/3315/3315
f 3322/3322/3322 3323/3323/3323 3315/3315/3315
f 3324/3324/3324 3318/3318/3318 3316/3316/3316
f 3323/3323/3323 3324/3324/3324 3316/3316/3316
f 3325/3325/3325 3320/3320/3320 3318/3318/3318
f 3324/3324/3324 3325/3325/3325 3318/3318/3318
f 3326/3326/3326 3319/3319/3319 3320/3320/3320
f 3325/3325/3325 3326/3326/3326 3320/3320/3320
f 3327/3327/3327 3321/3321/3321 3313/3313/3313
f 3327/3327/3327 3313/3313/3313 3312/3312/3312
f 3326/3326/3326 3328/3328/3328 3319/3319/3319
f 3328/3328/3328 3317/3317/3317 3319/3319/3319
f 3329/3329/3329 3327/3327/3327 3312/3312/3312
f 3329/3329/3329 3312/3312/3312 3311/3311/3311
f 3330/3330/3330 3311/3311/3311 3317/3317/3317
f 3328/3328/3328 3330/3330/3330 3317/3317/3317
f 3330/3330/3330 3329/3329/3329 3311/3311/3311
f 3324/3324/3324 3323/3323/3323 3331/3331/3331
f 3325/3325/3325 3324/3324/3324 3332/3332/3332
f 3332/3332/3332 3324/3324/3324 3331/3331/3331
f 3326/3326/3326 3325/3325/3325 3333/3333/3333
f 3333/3333/3333 3325/3325/3325 3332/3332/3332
f 3326/3326/3326 3334/3334/3334 3328/3328/3328
f 3334/3334/3334 3326/3326/3326 3333/3333/3333
f 3333/3333/3333 3332/3332/3332 3335/3335/3335
f 3335/3335/3335 3334/3334/3334 3333/3333/3333
f 3335/3335/3335 3332/3332/3332 3331/3331/3331
f 3335/3335/3335 3331/3331/3331 3336/3336/3336
f 3331/3331/3331 3323/3323/3323 3337/3337/3337
f 3331/3331/3331 3337/3337/3337 3336/3336/3336
f 3323/3323/3323 3322/3322/3322 3337/3337/3337
f 3334/3334/3334 3338/3338/3338 3328/3328/3328
f 3338/3338/3338 3334/3334/3334 3335/3335/3335
f 3330/3330/3330 3328/3328/3328 3338/3338/3338
f 3338/3338/3338 3335/3335/3335 3336/3336/3336
f 3337/3337/3337 3322/3322/3322 3339/3339/3339
f 3337/3337/3337 3339/3339/3339 3336/3336/3336
f 3322/3322/3322 3321/3321/3321 3339/3339/3339
f 3340/3340/3340 3330/3330/3330 3338/3338/3338
f 3340/3340/3340 3338/3338/3338 3336/3336/3336
f 3329/3329/3329 3330/3330/3330 3340/3340/3340
f 3341/3341/3341 3339/3339/3339 3321/3321/3321
f 3336/3336/3336 3339/3339/3339 3341/3341/3341
f 3327/3327/3327 3341/3341/3341 3321/3321/3321
f 3342/3342/3342 3329/3329/3329 3340/3340/3340
f 3336/3336/3336 3342/3342/3342 3340/3340/3340
f 3341/3341/3341 3342/3342/3342 3336/3336/3336
f 3327/3327/3327 3329/3329/3329 3342/3342/3342
f 3341/3341/3341 3327/3327/3327 3342/3342/3342
f 3345/3345/3345 3344/3344/3344 3343/3343/3343
f 3346/3346/3346 3345/3345/3345 3343/3343/3343
f 3346/3346/3346 3343/3343/3343 3347/3347/3347
f 3345/3345/3345 3348/3348/3348 3344/3344/3344
f 3348/3348/3348 3349/3349/3349 3344/3344/3344
f 3350/3350/3350 3346/3346/3346 3347/3347/3347
f 3350/3350/3350 3347/3347/3347 3351/3351/3351
f 3348/3348/3348 3352/3352/3352 3349/3349/3349
f 3352/3352/3352 3353/3353/3353 3349/3349/3349
f 3354/3354/3354 3350/3350/3350 3351/3351/3351
f 3354/3354/3354 3351/3351/3351 3355/3355/3355
f 3352/3352/3352 3356/3356/3356 3353/3353/3353
f 3356/3356/3356 3357/3357/3357 3353/3353/3353
f 3358/3358/3358 3354/3354/3354 3355/3355/3355
f 3358/3358/3358 3355/3355/3355 3359/3359/3359
f 3356/3356/3356 3360/3360/3360 3357/3357/3357
f 3360/3360/3360 3361/3361/3361 3357/3357/3357
f 3362/3362/3362 3358/3358/3358 3359/3359/3359
f 3362/3362/3362 3359/3359/3359 3363/3363/3363
f 3360/3360/3360 3364/3364/3364 3361/3361/3361
f 3364/3364/3364 3365/3365/3365 3361/3361/3361
f 3366/3366/3366 3363/3363/3363 3365/3365/3365
f 3366/3366/3366 3362/3362/3362 3363/3363/3363
f 3364/3364/3364 3366/3366/3366 3365/3365/3365
f 3356/3356/3356 3352/3352/3352 3367/3367/3367
f 3360/3360/3360 3356/3356/3356 3368/3368/3368
f 3368/3368/3368 3356/3356/3356 3367/3367/3367
f 3364/3364/3364 3360/3360/3360 3369/3369/3369
f 3369/3369/3369 3360/3360/3360 3368/3368/3368
f 3366/3366/3366 3364/3364/3364 3370/3370/3370
f 3370/3370/3370 3364/3364/3364 3369/3369/3369
f 3362/3362/3362 3366/3366/3366 3371/3371/3371
f 3371/3371/3371 3366/3366/3366 3370/3370/3370
f 3358/3358/3358 3362/3362/3362 3372/3372/3372
f 3372/3372/3372 3362/3362/3362 3371/3371/3371
f 3367/3367/3367 3352/3352/3352 3373/3373/3373
f 3352/3352/3352 3348/3348/3348 3373/3373/3373
f 3374/3374/3374 3358/3358/3358 3372/3372/3372
f 3354/3354/3354 3358/3358/3358 3374/3374/3374
f 3375/3375/3375 3373/3373/3373 3348/3348/3348
f 3345/3345/3345 3375/3375/3375 3348/3348/3348
f 3376/3376/3376 3354/3354/3354 3374/3374/3374
f 3350/3350/3350 3354/3354/3354 3376/3376/3376
f 3375/3375/3375 3345/3345/3345 3377/3377/3377
f 3345/3345/3345 3346/3346/3346 3377/3377/3377
f 3346/3346/3346 3350/3350/3350 3378/3378/3378
f 3378/3378/3378 3350/3350/3350 3376/3376/3376
f 3377/3377/3377 3346/3346/3346 3378/3378/3378
f 3379/3379/3379 3367/3367/3367 3373/3373/3373
f 3380/3380/3380 3373/3373/3373 3375/3375/3375
f 3380/3380/3380 3379/3379/3379 3373/3373/3373
f 3381/3381/3381 3375/3375/3375 3377/3377/3377
f 3381/3381/3381 3380/3380/3380 3375/3375/3375
f 3382/3382/3382 3377/3377/3377 3378/3378/3378
f 3382/3382/3382 3381/3381/3381 3377/3377/3377
f 3383/3383/3383 3378/3378/3378 3376/3376/3376
f 3383/3383/3383 3382/3382/3382 3378/3378/3378
f 3384/3384/3384 3376/3376/3376 3374/3374/3374
f 3384/3384/3384 3383/3383/3383 3376/3376/3376
f 3379/3379/3379 3385/3385/3385 3367/3367/3367
f 3385/3385/3385 3368/3368/3368 3367/3367/3367
f 3386/3386/3386 3384/3384/3384 3374/3374/3374
f 3386/3386/3386 3374/3374/3374 3372/3372/3372
f 3385/3385/3385 3387/3387/3387 3368/3368/3368
f 3387/3387/3387 3369/3369/3369 3368/3368/3368
f 3388/3388/3388 3386/3386/3386 3372/3372/3372
f 3388/3388/3388 3372/3372/3372 3371/3371/3371
f 3387/3387/3387 3389/3389/3389 3369/3369/3369
f 3389/3389/3389 3370/3370/3370 3369/3369/3369
f 3390/3390/3390 3371/3371/3371 3370/3370/3370
f 3390/3390/3390 3388/3388/3388 3371/3371/3371
f 3389/3389/3389 3390/3390/3390 3370/3370/3370
f 3383/3383/3383 3384/3384/3384 3391/3391/3391
f 3384/3384/3384 3386/3386/3386 3392/3392/3392
f 3391/3391/3391 3384/3384/3384 3392/3392/3392
f 3386/3386/3386 3388/3388/3388 3393/3393/3393
f 3392/3392/3392 3386/3386/3386 3393/3393/3393
f 3388/3388/3388 3390/3390/3390 3394/3394/3394
f 3393/3393/3393 3388/3388/3388 3394/3394/3394
f 3390/3390/3390 3389/3389/3389 3395/3395/3395
f 3394/3394/3394 3390/3390/3390 3395/3395/3395
f 3389/3389/3389 3387/3387/3387 3396/3396/3396
f 3395/3395/3395 3389/3389/3389 3396/3396/3396
f 3397/3397/3397 3383/3383/3383 3391/3391/3391
f 3382/3382/3382 3383/3383/3383 3397/3397/3397
f 3396/3396/3396 3387/3387/3387 3398/3398/3398
f 3387/3387/3387 3385/3385/3385 3398/3398/3398
f 3399/3399/3399 3382/3382/3382 3397/3397/3397
f 3381/3381/3381 3382/3382/3382 3399/3399/3399
f 3398/3398/3398 3385/3385/3385 3400/3400/3400
f 3385/3385/3385 3379/3379/3379 3400/3400/3400
f 3401/3401/3401 3381/3381/3381 3399/3399/3399
f 3381/3381/3381 3401/3401/3401 3380/3380/3380
f 3379/3379/3379 3380/3380/3380 3402/3402/3402
f 3400/3400/3400 3379/3379/3379 3402/3402/3402
f 3401/3401/3401 3402/3402/3402 3380/3380/3380
f 3403/3403/3403 3395/3395/3395 3396/3396/3396
f 3404/3404/3404 3396/3396/3396 3398/3398/3398
f 3404/3404/3404 3403/3403/3403 3396/3396/3396
f 3405/3405/3405 3398/3398/3398 3400/3400/3400
f 3405/3405/3405 3404/3404/3404 3398/3398/3398
f 3406/3406/3406 3400/3400/3400 3402/3402/3402
f 3406/3406/3406 3405/3405/3405 3400/3400/3400
f 3407/3407/3407 3402/3402/3402 3401/3401/3401
f 3407/3407/3407 3406/3406/3406 3402/3402/3402
f 3408/3408/3408 3401/3401/3401 3399/3399/3399
f 3408/3408/3408 3407/3407/3407 3401/3401/3401
f 3403/3403/3403 3409/3409/3409 3395/3395/3395
f 3409/3409/3409 3394/3394/3394 3395/3395/3395
f 3410/3410/3410 3408/3408/3408 3399/3399/3399
f 3410/3410/3410 3399/3399/3399 3397/3397/3397
f 3409/3409/3409 3411/3411/3411 3394/3394/3394
f 3411/3411/3411 3393/3393/3393 3394/3394/3394
f 3412/3412/3412 3410/3410/3410 3397/3397/3397
f 3412/3412/3412 3397/3397/3397 3391/3391/3391
f 3411/3411/3411 3413/3413/3413 3393/3393/3393
f 3413/3413/3413 3392/3392/3392 3393/3393/3393
f 3414/3414/3414 3391/3391/3391 3392/3392/3392
f 3414/3414/3414 3412/3412/3412 3391/3391/3391
f 3413/3413/3413 3414/3414/3414 3392/3392/3392
f 3408/3408/3408 3415/3415/3415 3407/3407/3407
f 3408/3408/3408 3410/3410/3410 3416/3416/3416
f 3415/3415/3415 3408/3408/3408 3416/3416/3416
f 3410/3410/3410 3412/3412/3412 3417/3417/3417
f 3416/3416/3416 3410/3410/3410 3417/3417/3417
f 3412/3412/3412 3414/3414/3414 3418/3418/3418
f 3417/3417/3417 3412/3412/3412 3418/3418/3418
f 3419/3419/3419 3416/3416/3416 3417/3417/3417
f 3419/3419/3419 3415/3415/3415 3416/3416/3416
f 3419/3419/3419 3417/3417/3417 3418/3418/3418
f 3419/3419/3419 3420/3420/3420 3415/3415/3415
f 3415/3415/3415 3420/3420/3420 3407/3407/3407
f 3419/3419/3419 3418/3418/3418 3421/3421/3421
f 3418/3418/3418 3414/3414/3414 3421/3421/3421
f 3414/3414/3414 3413/3413/3413 3421/3421/3421
f 3406/3406/3406 3407/3407/3407 3420/3420/3420
f 3421/3421/3421 3413/3413/3413 3422/3422/3422
f 3419/3419/3419 3421/3421/3421 3422/3422/3422
f 3413/3413/3413 3411/3411/3411 3422/3422/3422
f 3423/3423/3423 3406/3406/3406 3420/3420/3420
f 3419/3419/3419 3423/3423/3423 3420/3420/3420
f 3405/3405/3405 3406/3406/3406 3423/3423/3423
f 3422/3422/3422 3411/3411/3411 3424/3424/3424
f 3419/3419/3419 3422/3422/3422 3424/3424/3424
f 3411/3411/3411 3409/3409/3409 3424/3424/3424
f 3425/3425/3425 3405/3405/3405 3423/3423/3423
f 3419/3419/3419 3425/3425/3425 3423/3423/3423
f 3404/3404/3404 3405/3405/3405 3425/3425/3425
f 3424/3424/3424 3409/3409/3409 3426/3426/3426
f 3419/3419/3419 3424/3424/3424 3426/3426/3426
f 3409/3409/3409 3403/3403/3403 3426/3426/3426
f 3427/3427/3427 3404/3404/3404 3425/3425/3425
f 3419/3419/3419 3427/3427/3427 3425/3425/3425
f 3419/3419/3419 3426/3426/3426 3427/3427/3427
f 3403/3403/3403 3404/3404/3404 3427/3427/3427
f 3426/3426/3426 3403/3403/3403 3427/3427/3427
f 3430/3430/3430 3429/3429/3429 3428/3428/3428
f 3429/3429/3429 3431/3431/3431 3428/3428/3428
f 3428/3428/3428 3431/3431/3431 3432/3432/3432
f 3429/3429/3429 3431/3431/3431 3433/3433/3433
f 3431/3431/3431 3429/3429/3429 3434/3434/3434
f 3431/3431/3431 3429/3429/3429 3434/3434/3434
f 3433/3433/3433 3431/3431/3431 3435/3435/3435
f 3436/3436/3436 3429/3429/3429 3433/3433/3433
f 3437/3437/3437 3429/3429/3429 3430/3430/3430
f 3437/3437/3437 3429/3429/3429 3436/3436/3436
f 3438/3438/3438 3437/3437/3437 3430/3430/3430
f 3439/3439/3439 3437/3437/3437 3436/3436/3436
f 3440/3440/3440 3437/3437/3437 3438/3438/3438
f 3440/3440/3440 3437/3437/3437 3439/3439/3439
f 3441/3441/3441 3440/3440/3440 3438/3438/3438
f 3442/3442/3442 3440/3440/3440 3439/3439/3439
f 3443/3443/3443 3440/3440/3440 3441/3441/3441
f 3443/3443/3443 3440/3440/3440 3442/3442/3442
f 3444/3444/3444 3443/3443/3443 3441/3441/3441
f 3445/3445/3445 3443/3443/3443 3442/3442/3442
f 3446/3446/3446 3443/3443/3443 3444/3444/3444
f 3446/3446/3446 3443/3443/3443 3445/3445/3445
f 3447/3447/3447 3446/3446/3446 3444/3444/3444
f 3448/3448/3448 3446/3446/3446 3445/3445/3445
f 3449/3449/3449 3446/3446/3446 3447/3447/3447
f 3449/3449/3449 3446/3446/3446 3448/3448/3448
f 3450/3450/3450 3449/3449/3449 3447/3447/3447
f 3451/3451/3451 3449/3449/3449 3448/3448/3448
f 3452/3452/3452 3449/3449/3449 3450/3450/3450
f 3452/3452/3452 3449/3449/3449 3451/3451/3451
f 3453/3453/3453 3452/3452/3452 3450/3450/3450
f 3454/3454/3454 3452/3452/3452 3451/3451/3451
f 3455/3455/3455 3452/3452/3452 3453/3453/3453
f 3455/3455/3455 3452/3452/3452 3454/3454/3454
f 3456/3456/3456 3455/3455/3455 3453/3453/3453
f 3457/3457/3457 3455/3455/3455 3454/3454/3454
f 3458/3458/3458 3455/3455/3455 3456/3456/3456
f 3458/3458/3458 3455/3455/3455 3457/3457/3457
f 3459/3459/3459 3458/3458/3458 3456/3456/3456
f 3460/3460/3460 3458/3458/3458 3457/3457/3457
f 3461/3461/3461 3458/3458/3458 3459/3459/3459
f 3461/3461/3461 3458/3458/3458 3460/3460/3460
f 3462/3462/3462 3461/3461/3461 3459/3459/3459
f 3462/3462/3462 3461/3461/3461 3460/3460/3460
f 3458/3458/3458 3461/3461/3461 3463/3463/3463
f 3458/3458/3458 3461/3461/3461 3463/3463/3463
f 3458/3458/3458 3463/3463/3463 3464/3464/3464
f 3458/3458/3458 3463/3463/3463 3464/3464/3464
f 3455/3455/3455 3458/3458/3458 3464/3464/3464
f 3455/3455/3455 3458/3458/3458 3464/3464/3464
f 3463/3463/3463 3465/3465/3465 3464/3464/3464
f 3463/3463/3463 3465/3465/3465 3464/3464/3464
f 3465/3465/3465 3466/3466/3466 3464/3464/3464
f 3465/3465/3465 3466/3466/3466 3464/3464/3464
f 3466/3466/3466 3465/3465/3465 3467/3467/3467
f 3466/3466/3466 3465/3465/3465 3467/3467/3467
f 3466/3466/3466 3467/3467/3467 3468/3468/3468
f 3466/3466/3466 3467/3467/3467 3468/3468/3468
f 3467/3467/3467 3469/3469/3469 3468/3468/3468
f 3467/3467/3467 3469/3469/3469 3468/3468/3468
f 3469/3469/3469 3470/3470/3470 3468/3468/3468
f 3469/3469/3469 3470/3470/3470 3468/3468/3468
f 3470/3470/3470 3469/3469/3469 3471/3471/3471
f 3470/3470/3470 3469/3469/3469 3471/3471/3471
f 3470/3470/3470 3471/3471/3471 3472/3472/3472
f 3470/3470/3470 3471/3471/3471 3472/3472/3472
f 3471/3471/3471 3473/3473/3473 3472/3472/3472
f 3471/3471/3471 3473/3473/3473 3472/3472/3472
f 3469/3469/3469 3474/3474/3474 3471/3471/3471
f 3474/3474/3474 3473/3473/3473 3471/3471/3471
f 3469/3469/3469 3474/3474/3474 3471/3471/3471
f 3474/3474/3474 3473/3473/3473 3471/3471/3471
f 3472/3472/3472 3473/3473/3473 3475/3475/3475
f 3472/3472/3472 3473/3473/3473 3475/3475/3475
f 3475/3475/3475 3473/3473/3473 3476/3476/3476
f 3475/3475/3475 3473/3473/3473 3476/3476/3476
f 3476/3476/3476 3473/3473/3473 3477/3477/3477
f 3476/3476/3476 3473/3473/3473 3477/3477/3477
f 3477/3477/3477 3473/3473/3473 3478/3478/3478
f 3477/3477/3477 3473/3473/3473 3478/3478/3478
f 3478/3478/3478 3473/3473/3473 3479/3479/3479
f 3478/3478/3478 3473/3473/3473 3479/3479/3479
f 3479/3479/3479 3473/3473/3473 3480/3480/3480
f 3479/3479/3479 3473/3473/3473 3480/3480/3480
f 3480/3480/3480 3473/3473/3473 3481/3481/3481
f 3480/3480/3480 3473/3473/3473 3481/3481/3481
f 3481/3481/3481 3473/3473/3473 3482/3482/3482
f 3481/3481/3481 3473/3473/3473 3482/3482/3482
f 3482/3482/3482 3473/3473/3473 3483/3483/3483
f 3483/3483/3483 3473/3473/3473 3474/3474/3474
f 3482/3482/3482 3473/3473/3473 3483/3483/3483
f 3483/3483/3483 3473/3473/3473 3474/3474/3474
f 3468/3468/3468 3470/3470/3470 3484/3484/3484
f 3468/3468/3468 3470/3470/3470 3484/3484/3484
f 3485/3485/3485 3468/3468/3468 3484/3484/3484
f 3485/3485/3485 3468/3468/3468 3484/3484/3484
f 3486/3486/3486 3485/3485/3485 3484/3484/3484
f 3486/3486/3486 3485/3485/3485 3484/3484/3484
f 3485/3485/3485 3466/3466/3466 3468/3468/3468
f 3485/3485/3485 3466/3466/3466 3468/3468/3468
f 3486/3486/3486 3484/3484/3484 3487/3487/3487
f 3486/3486/3486 3484/3484/3484 3487/3487/3487
f 3488/3488/3488 3486/3486/3486 3487/3487/3487
f 3488/3488/3488 3486/3486/3486 3487/3487/3487
f 3488/3488/3488 3487/3487/3487 3489/3489/3489
f 3488/3488/3488 3487/3487/3487 3489/3489/3489
f 3490/3490/3490 3488/3488/3488 3489/3489/3489
f 3490/3490/3490 3488/3488/3488 3489/3489/3489
f 3490/3490/3490 3489/3489/3489 3491/3491/3491
f 3490/3490/3490 3489/3489/3489 3491/3491/3491
f 3492/3492/3492 3490/3490/3490 3491/3491/3491
f 3492/3492/3492 3490/3490/3490 3491/3491/3491
f 3492/3492/3492 3491/3491/3491 3493/3493/3493
f 3492/3492/3492 3491/3491/3491 3493/3493/3493
f 3494/3494/3494 3492/3492/3492 3493/3493/3493
f 3494/3494/3494 3492/3492/3492 3493/3493/3493
f 3493/3493/3493 3495/3495/3495 3494/3494/3494
f 3493/3493/3493 3495/3495/3495 3494/3494/3494
f 3495/3495/3495 3496/3496/3496 3494/3494/3494
f 3495/3495/3495 3496/3496/3496 3494/3494/3494
f 3496/3496/3496 3495/3495/3495 3497/3497/3497
f 3496/3496/3496 3495/3495/3495 3497/3497/3497
f 3498/3498/3498 3496/3496/3496 3497/3497/3497
f 3498/3498/3498 3496/3496/3496 3497/3497/3497
f 3498/3498/3498 3497/3497/3497 3499/3499/3499
f 3498/3498/3498 3497/3497/3497 3499/3499/3499
f 3496/3496/3496 3498/3498/3498 3434/3434/3434
f 3496/3496/3496 3498/3498/3498 3434/3434/3434
f 3434/3434/3434 3498/3498/3498 3500/3500/3500
f 3434/3434/3434 3498/3498/3498 3500/3500/3500
f 3501/3501/3501 3498/3498/3498 3499/3499/3499
f 3501/3501/3501 3498/3498/3498 3499/3499/3499
f 3498/3498/3498 3501/3501/3501 3500/3500/3500
f 3498/3498/3498 3501/3501/3501 3500/3500/3500
f 3501/3501/3501 3499/3499/3499 3502/3502/3502
f 3501/3501/3501 3499/3499/3499 3502/3502/3502
f 3431/3431/3431 3434/3434/3434 3500/3500/3500
f 3431/3431/3431 3434/3434/3434 3500/3500/3500
f 3503/3503/3503 3501/3501/3501 3502/3502/3502
f 3503/3503/3503 3501/3501/3501 3502/3502/3502
f 3503/3503/3503 3502/3502/3502 3504/3504/3504
f 3503/3503/3503 3502/3502/3502 3504/3504/3504
f 3465/3465/3465 3503/3503/3503 3504/3504/3504
f 3465/3465/3465 3503/3503/3503 3504/3504/3504
f 3502/3502/3502 3505/3505/3505 3504/3504/3504
f 3502/3502/3502 3505/3505/3505 3504/3504/3504
f 3505/3505/3505 3506/3506/3506 3504/3504/3504
f 3505/3505/3505 3506/3506/3506 3504/3504/3504
f 3506/3506/3506 3505/3505/3505 3483/3483/3483
f 3506/3506/3506 3505/3505/3505 3483/3483/3483
f 3504/3504/3504 3506/3506/3506 3467/3467/3467
f 3465/3465/3465 3504/3504/3504 3467/3467/3467
f 3465/3465/3465 3504/3504/3504 3467/3467/3467
f 3504/3504/3504 3506/3506/3506 3467/3467/3467
f 3503/3503/3503 3465/3465/3465 3463/3463/3463
f 3503/3503/3503 3465/3465/3465 3463/3463/3463
f 3506/3506/3506 3469/3469/3469 3467/3467/3467
f 3506/3506/3506 3469/3469/3469 3467/3467/3467
f 3469/3469/3469 3506/3506/3506 3474/3474/3474
f 3469/3469/3469 3506/3506/3506 3474/3474/3474
f 3506/3506/3506 3483/3483/3483 3474/3474/3474
f 3506/3506/3506 3483/3483/3483 3474/3474/3474
f 3505/3505/3505 3482/3482/3482 3483/3483/3483
f 3505/3505/3505 3482/3482/3482 3483/3483/3483
f 3507/3507/3507 3431/3431/3431 3500/3500/3500
f 3507/3507/3507 3431/3431/3431 3500/3500/3500
f 3431/3431/3431 3507/3507/3507 3435/3435/3435
f 3431/3431/3431 3507/3507/3507 3432/3432/3432
f 3435/3435/3435 3507/3507/3507 3462/3462/3462
f 3432/3432/3432 3507/3507/3507 3462/3462/3462
f 3507/3507/3507 3461/3461/3461 3462/3462/3462
f 3507/3507/3507 3461/3461/3461 3462/3462/3462
f 3505/3505/3505 3508/3508/3508 3482/3482/3482
f 3505/3505/3505 3508/3508/3508 3482/3482/3482
f 3508/3508/3508 3481/3481/3481 3482/3482/3482
f 3508/3508/3508 3481/3481/3481 3482/3482/3482
f 3508/3508/3508 3505/3505/3505 3502/3502/3502
f 3508/3508/3508 3505/3505/3505 3502/3502/3502
f 3499/3499/3499 3508/3508/3508 3502/3502/3502
f 3499/3499/3499 3508/3508/3508 3502/3502/3502
f 3507/3507/3507 3500/3500/3500 3509/3509/3509
f 3507/3507/3507 3500/3500/3500 3509/3509/3509
f 3461/3461/3461 3507/3507/3507 3509/3509/3509
f 3461/3461/3461 3507/3507/3507 3509/3509/3509
f 3500/3500/3500 3501/3501/3501 3509/3509/3509
f 3500/3500/3500 3501/3501/3501 3509/3509/3509
f 3461/3461/3461 3509/3509/3509 3463/3463/3463
f 3461/3461/3461 3509/3509/3509 3463/3463/3463
f 3501/3501/3501 3503/3503/3503 3509/3509/3509
f 3501/3501/3501 3503/3503/3503 3509/3509/3509
f 3509/3509/3509 3503/3503/3503 3463/3463/3463
f 3509/3509/3509 3503/3503/3503 3463/3463/3463
f 3508/3508/3508 3510/3510/3510 3481/3481/3481
f 3508/3508/3508 3510/3510/3510 3481/3481/3481
f 3510/3510/3510 3508/3508/3508 3499/3499/3499
f 3510/3510/3510 3508/3508/3508 3499/3499/3499
f 3510/3510/3510 3480/3480/3480 3481/3481/3481
f 3510/3510/3510 3480/3480/3480 3481/3481/3481
f 3497/3497/3497 3510/3510/3510 3499/3499/3499
f 3497/3497/3497 3510/3510/3510 3499/3499/3499
f 3510/3510/3510 3511/3511/3511 3480/3480/3480
f 3510/3510/3510 3511/3511/3511 3480/3480/3480
f 3511/3511/3511 3510/3510/3510 3497/3497/3497
f 3511/3511/3511 3510/3510/3510 3497/3497/3497
f 3511/3511/3511 3479/3479/3479 3480/3480/3480
f 3511/3511/3511 3479/3479/3479 3480/3480/3480
f 3495/3495/3495 3511/3511/3511 3497/3497/3497
f 3495/3495/3495 3511/3511/3511 3497/3497/3497
f 3479/3479/3479 3511/3511/3511 3512/3512/3512
f 3479/3479/3479 3511/3511/3511 3512/3512/3512
f 3512/3512/3512 3511/3511/3511 3495/3495/3495
f 3512/3512/3512 3511/3511/3511 3495/3495/3495
f 3478/3478/3478 3479/3479/3479 3512/3512/3512
f 3478/3478/3478 3479/3479/3479 3512/3512/3512
f 3493/3493/3493 3512/3512/3512 3495/3495/3495
f 3493/3493/3493 3512/3512/3512 3495/3495/3495
f 3512/3512/3512 3513/3513/3513 3478/3478/3478
f 3512/3512/3512 3513/3513/3513 3478/3478/3478
f 3513/3513/3513 3512/3512/3512 3493/3493/3493
f 3513/3513/3513 3512/3512/3512 3493/3493/3493
f 3513/3513/3513 3477/3477/3477 3478/3478/3478
f 3513/3513/3513 3477/3477/3477 3478/3478/3478
f 3491/3491/3491 3513/3513/3513 3493/3493/3493
f 3491/3491/3491 3513/3513/3513 3493/3493/3493
f 3513/3513/3513 3514/3514/3514 3477/3477/3477
f 3513/3513/3513 3514/3514/3514 3477/3477/3477
f 3514/3514/3514 3513/3513/3513 3491/3491/3491
f 3514/3514/3514 3513/3513/3513 3491/3491/3491
f 3514/3514/3514 3476/3476/3476 3477/3477/3477
f 3514/3514/3514 3476/3476/3476 3477/3477/3477
f 3489/3489/3489 3514/3514/3514 3491/3491/3491
f 3489/3489/3489 3514/3514/3514 3491/3491/3491
f 3514/3514/3514 3515/3515/3515 3476/3476/3476
f 3514/3514/3514 3515/3515/3515 3476/3476/3476
f 3515/3515/3515 3514/3514/3514 3489/3489/3489
f 3515/3515/3515 3514/3514/3514 3489/3489/3489
f 3515/3515/3515 3475/3475/3475 3476/3476/3476
f 3515/3515/3515 3475/3475/3475 3476/3476/3476
f 3487/3487/3487 3515/3515/3515 3489/3489/3489
f 3487/3487/3487 3515/3515/3515 3489/3489/3489
f 3515/3515/3515 3516/3516/3516 3475/3475/3475
f 3515/3515/3515 3516/3516/3516 3475/3475/3475
f 3516/3516/3516 3515/3515/3515 3487/3487/3487
f 3516/3516/3516 3515/3515/3515 3487/3487/3487
f 3516/3516/3516 3472/3472/3472 3475/3475/3475
f 3516/3516/3516 3472/3472/3472 3475/3475/3475
f 3484/3484/3484 3516/3516/3516 3487/3487/3487
f 3484/3484/3484 3516/3516/3516 3487/3487/3487
f 3516/3516/3516 3470/3470/3470 3472/3472/3472
f 3516/3516/3516 3470/3470/3470 3472/3472/3472
f 3470/3470/3470 3516/3516/3516 3484/3484/3484
f 3470/3470/3470 3516/3516/3516 3484/3484/3484
f 3519/3519/3519 3518/3518/3518 3517/3517/3517
f 3519/3519/3519 3520/3520/3520 3518/3518/3518
f 3521/3521/3521 3519/3519/3519 3517/3517/3517
f 3521/3521/3521 3517/3517/3517 3522/3522/3522
f 3523/3523/3523 3521/3521/3521 3522/3522/3522
f 3520/3520/3520 3524/3524/3524 3518/3518/3518
f 3517/3517/3517 3518/3518/3518 3524/3524/3524
f 3522/3522/3522 3517/3517/3517 3524/3524/3524
f 3524/3524/3524 3520/3520/3520 3525/3525/3525
f 3526/3526/3526 3524/3524/3524 3525/3525/3525
f 3522/3522/3522 3524/3524/3524 3526/3526/3526
f 3526/3526/3526 3525/3525/3525 3527/3527/3527
f 3528/3528/3528 3526/3526/3526 3527/3527/3527
f 3527/3527/3527 3529/3529/3529 3528/3528/3528
f 3522/3522/3522 3530/3530/3530 3523/3523/3523
f 3530/3530/3530 3531/3531/3531 3523/3523/3523
f 3526/3526/3526 3528/3528/3528 3532/3532/3532
f 3522/3522/3522 3526/3526/3526 3532/3532/3532
f 3529/3529/3529 3533/3533/3533 3528/3528/3528
f 3534/3534/3534 3528/3528/3528 3533/3533/3533
f 3533/3533/3533 3529/3529/3529 3535/3535/3535
f 3536/3536/3536 3533/3533/3533 3535/3535/3535
f 3533/3533/3533 3536/3536/3536 3534/3534/3534
f 3536/3536/3536 3535/3535/3535 3537/3537/3537
f 3538/3538/3538 3536/3536/3536 3537/3537/3537
f 3536/3536/3536 3538/3538/3538 3534/3534/3534
f 3538/3538/3538 3537/3537/3537 3539/3539/3539
f 3540/3540/3540 3538/3538/3538 3539/3539/3539
f 3540/3540/3540 3539/3539/3539 3541/3541/3541
f 3531/3531/3531 3530/3530/3530 3542/3542/3542
f 3543/3543/3543 3531/3531/3531 3542/3542/3542
f 3543/3543/3543 3542/3542/3542 3544/3544/3544
f 3545/3545/3545 3543/3543/3543 3544/3544/3544
f 3542/3542/3542 3546/3546/3546 3544/3544/3544
f 3544/3544/3544 3546/3546/3546 3545/3545/3545
f 3542/3542/3542 3530/3530/3530 3546/3546/3546
f 3546/3546/3546 3547/3547/3547 3545/3545/3545
f 3530/3530/3530 3548/3548/3548 3546/3546/3546
f 3546/3546/3546 3548/3548/3548 3547/3547/3547
f 3530/3530/3530 3522/3522/3522 3548/3548/3548
f 3548/3548/3548 3549/3549/3549 3547/3547/3547
f 3522/3522/3522 3550/3550/3550 3548/3548/3548
f 3549/3549/3549 3548/3548/3548 3550/3550/3550
f 3551/3551/3551 3549/3549/3549 3550/3550/3550
f 3522/3522/3522 3532/3532/3532 3550/3550/3550
f 3551/3551/3551 3550/3550/3550 3532/3532/3532
f 3552/3552/3552 3551/3551/3551 3532/3532/3532
f 3552/3552/3552 3532/3532/3532 3553/3553/3553
f 3528/3528/3528 3553/3553/3553 3532/3532/3532
f 3554/3554/3554 3552/3552/3552 3553/3553/3553
f 3534/3534/3534 3553/3553/3553 3528/3528/3528
f 3554/3554/3554 3553/3553/3553 3534/3534/3534
f 3555/3555/3555 3554/3554/3554 3534/3534/3534
f 3555/3555/3555 3534/3534/3534 3556/3556/3556
f 3538/3538/3538 3556/3556/3556 3534/3534/3534
f 3557/3557/3557 3555/3555/3555 3556/3556/3556
f 3538/3538/3538 3540/3540/3540 3556/3556/3556
f 3557/3557/3557 3556/3556/3556 3558/3558/3558
f 3540/3540/3540 3558/3558/3558 3556/3556/3556
f 3559/3559/3559 3557/3557/3557 3558/3558/3558
f 3540/3540/3540 3560/3560/3560 3558/3558/3558
f 3560/3560/3560 3540/3540/3540 3541/3541/3541
f 3560/3560/3560 3541/3541/3541 3561/3561/3561
f 3559/3559/3559 3558/3558/3558 3562/3562/3562
f 3560/3560/3560 3562/3562/3562 3558/3558/3558
f 3563/3563/3563 3559/3559/3559 3562/3562/3562
f 3564/3564/3564 3560/3560/3560 3561/3561/3561
f 3560/3560/3560 3564/3564/3564 3562/3562/3562
f 3564/3564/3564 3561/3561/3561 3565/3565/3565
f 3566/3566/3566 3564/3564/3564 3565/3565/3565
f 3564/3564/3564 3566/3566/3566 3562/3562/3562
f 3566/3566/3566 3565/3565/3565 3567/3567/3567
f 3563/3563/3563 3562/3562/3562 3568/3568/3568
f 3566/3566/3566 3568/3568/3568 3562/3562/3562
f 3569/3569/3569 3563/3563/3563 3568/3568/3568
f 3570/3570/3570 3566/3566/3566 3567/3567/3567
f 3566/3566/3566 3570/3570/3570 3568/3568/3568
f 3570/3570/3570 3567/3567/3567 3571/3571/3571
f 3569/3569/3569 3568/3568/3568 3572/3572/3572
f 3570/3570/3570 3572/3572/3572 3568/3568/3568
f 3573/3573/3573 3569/3569/3569 3572/3572/3572
f 3573/3573/3573 3572/3572/3572 3574/3574/3574
f 3570/3570/3570 3574/3574/3574 3572/3572/3572
f 3575/3575/3575 3573/3573/3573 3574/3574/3574
f 3576/3576/3576 3570/3570/3570 3571/3571/3571
f 3570/3570/3570 3576/3576/3576 3574/3574/3574
f 3576/3576/3576 3571/3571/3571 3577/3577/3577
f 3575/3575/3575 3574/3574/3574 3578/3578/3578
f 3576/3576/3576 3578/3578/3578 3574/3574/3574
f 3579/3579/3579 3575/3575/3575 3578/3578/3578
f 3580/3580/3580 3576/3576/3576 3577/3577/3577
f 3576/3576/3576 3580/3580/3580 3578/3578/3578
f 3577/3577/3577 3581/3581/3581 3580/3580/3580
f 3579/3579/3579 3578/3578/3578 3582/3582/3582
f 3580/3580/3580 3582/3582/3582 3578/3578/3578
f 3583/3583/3583 3579/3579/3579 3582/3582/3582
f 3581/3581/3581 3584/3584/3584 3580/3580/3580
f 3580/3580/3580 3584/3584/3584 3582/3582/3582
f 3581/3581/3581 3585/3585/3585 3584/3584/3584
f 3583/3583/3583 3582/3582/3582 3586/3586/3586
f 3584/3584/3584 3586/3586/3586 3582/3582/3582
f 3585/3585/3585 3586/3586/3586 3584/3584/3584
f 3585/3585/3585 3583/3583/3583 3586/3586/3586
f 3589/3589/3589 3588/3588/3588 3587/3587/3587
f 3587/3587/3587 3588/3588/3588 3590/3590/3590
f 3588/3588/3588 3591/3591/3591 3590/3590/3590
f 3592/3592/3592 3589/3589/3589 3587/3587/3587
f 3593/3593/3593 3589/3589/3589 3592/3592/3592
f 3592/3592/3592 3587/3587/3587 3594/3594/3594
f 3594/3594/3594 3593/3593/3593 3592/3592/3592
f 3587/3587/3587 3590/3590/3590 3594/3594/3594
f 3593/3593/3593 3594/3594/3594 3595/3595/3595
f 3594/3594/3594 3596/3596/3596 3595/3595/3595
f 3594/3594/3594 3590/3590/3590 3596/3596/3596
f 3595/3595/3595 3596/3596/3596 3597/3597/3597
f 3596/3596/3596 3598/3598/3598 3597/3597/3597
f 3599/3599/3599 3597/3597/3597 3598/3598/3598
f 3600/3600/3600 3590/3590/3590 3591/3591/3591
f 3601/3601/3601 3600/3600/3600 3591/3591/3591
f 3598/3598/3598 3596/3596/3596 3602/3602/3602
f 3596/3596/3596 3590/3590/3590 3602/3602/3602
f 3603/3603/3603 3599/3599/3599 3598/3598/3598
f 3603/3603/3603 3598/3598/3598 3604/3604/3604
f 3599/3599/3599 3603/3603/3603 3605/3605/3605
f 3603/3603/3603 3606/3606/3606 3605/3605/3605
f 3604/3604/3604 3606/3606/3606 3603/3603/3603
f 3605/3605/3605 3606/3606/3606 3607/3607/3607
f 3606/3606/3606 3608/3608/3608 3607/3607/3607
f 3608/3608/3608 3606/3606/3606 3604/3604/3604
f 3607/3607/3607 3608/3608/3608 3609/3609/3609
f 3608/3608/3608 3610/3610/3610 3609/3609/3609
f 3609/3609/3609 3610/3610/3610 3611/3611/3611
f 3600/3600/3600 3601/3601/3601 3612/3612/3612
f 3601/3601/3601 3613/3613/3613 3612/3612/3612
f 3612/3612/3612 3613/3613/3613 3614/3614/3614
f 3613/3613/3613 3615/3615/3615 3614/3614/3614
f 3616/3616/3616 3612/3612/3612 3614/3614/3614
f 3616/3616/3616 3614/3614/3614 3615/3615/3615
f 3600/3600/3600 3612/3612/3612 3616/3616/3616
f 3617/3617/3617 3616/3616/3616 3615/3615/3615
f 3618/3618/3618 3600/3600/3600 3616/3616/3616
f 3618/3618/3618 3616/3616/3616 3617/3617/3617
f 3590/3590/3590 3600/3600/3600 3618/3618/3618
f 3619/3619/3619 3618/3618/3618 3617/3617/3617
f 3620/3620/3620 3590/3590/3590 3618/3618/3618
f 3618/3618/3618 3619/3619/3619 3620/3620/3620
f 3619/3619/3619 3621/3621/3621 3620/3620/3620
f 3602/3602/3602 3590/3590/3590 3620/3620/3620
f 3620/3620/3620 3621/3621/3621 3602/3602/3602
f 3621/3621/3621 3622/3622/3622 3602/3602/3602
f 3602/3602/3602 3622/3622/3622 3623/3623/3623
f 3623/3623/3623 3598/3598/3598 3602/3602/3602
f 3622/3622/3622 3624/3624/3624 3623/3623/3623
f 3598/3598/3598 3623/3623/3623 3604/3604/3604
f 3623/3623/3623 3624/3624/3624 3604/3604/3604
f 3624/3624/3624 3625/3625/3625 3604/3604/3604
f 3604/3604/3604 3625/3625/3625 3626/3626/3626
f 3626/3626/3626 3608/3608/3608 3604/3604/3604
f 3625/3625/3625 3627/3627/3627 3626/3626/3626
f 3610/3610/3610 3608/3608/3608 3626/3626/3626
f 3626/3626/3626 3627/3627/3627 3628/3628/3628
f 3628/3628/3628 3610/3610/3610 3626/3626/3626
f 3627/3627/3627 3629/3629/3629 3628/3628/3628
f 3630/3630/3630 3610/3610/3610 3628/3628/3628
f 3610/3610/3610 3630/3630/3630 3611/3611/3611
f 3611/3611/3611 3630/3630/3630 3631/3631/3631
f 3628/3628/3628 3629/3629/3629 3632/3632/3632
f 3632/3632/3632 3630/3630/3630 3628/3628/3628
f 3629/3629/3629 3633/3633/3633 3632/3632/3632
f 3630/3630/3630 3634/3634/3634 3631/3631/3631
f 3634/3634/3634 3630/3630/3630 3632/3632/3632
f 3631/3631/3631 3634/3634/3634 3635/3635/3635
f 3634/3634/3634 3636/3636/3636 3635/3635/3635
f 3636/3636/3636 3634/3634/3634 3632/3632/3632
f 3635/3635/3635 3636/3636/3636 3637/3637/3637
f 3632/3632/3632 3633/3633/3633 3638/3638/3638
f 3638/3638/3638 3636/3636/3636 3632/3632/3632
f 3633/3633/3633 3639/3639/3639 3638/3638/3638
f 3636/3636/3636 3640/3640/3640 3637/3637/3637
f 3640/3640/3640 3636/3636/3636 3638/3638/3638
f 3637/3637/3637 3640/3640/3640 3641/3641/3641
f 3638/3638/3638 3639/3639/3639 3642/3642/3642
f 3642/3642/3642 3640/3640/3640 3638/3638/3638
f 3639/3639/3639 3643/3643/3643 3642/3642/3642
f 3642/3642/3642 3643/3643/3643 3644/3644/3644
f 3644/3644/3644 3640/3640/3640 3642/3642/3642
f 3643/3643/3643 3645/3645/3645 3644/3644/3644
f 3640/3640/3640 3646/3646/3646 3641/3641/3641
f 3646/3646/3646 3640/3640/3640 3644/3644/3644
f 3641/3641/3641 3646/3646/3646 3647/3647/3647
f 3644/3644/3644 3645/3645/3645 3648/3648/3648
f 3648/3648/3648 3646/3646/3646 3644/3644/3644
f 3645/3645/3645 3649/3649/3649 3648/3648/3648
f 3646/3646/3646 3650/3650/3650 3647/3647/3647
f 3650/3650/3650 3646/3646/3646 3648/3648/3648
f 3651/3651/3651 3647/3647/3647 3650/3650/3650
f 3648/3648/3648 3649/3649/3649 3652/3652/3652
f 3652/3652/3652 3650/3650/3650 3648/3648/3648
f 3649/3649/3649 3653/3653/3653 3652/3652/3652
f 3654/3654/3654 3651/3651/3651 3650/3650/3650
f 3654/3654/3654 3650/3650/3650 3652/3652/3652
f 3655/3655/3655 3651/3651/3651 3654/3654/3654
f 3653/3653/3653 3655/3655/3655 3656/3656/3656
f 3652/3652/3652 3653/3653/3653 3656/3656/3656
f 3656/3656/3656 3655/3655/3655 3654/3654/3654
f 3656/3656/3656 3654/3654/3654 3652/3652/3652
f 3659/3659/3659 3658/3658/3658 3657/3657/3657
f 3657/3657/3657 3658/3658/3658 3660/3660/3660
f 3658/3658/3658 3661/3661/3661 3660/3660/3660
f 3662/3662/3662 3659/3659/3659 3657/3657/3657
f 3663/3663/3663 3659/3659/3659 3662/3662/3662
f 3662/3662/3662 3657/3657/3657 3664/3664/3664
f 3664/3664/3664 3663/3663/3663 3662/3662/3662
f 3657/3657/3657 3660/3660/3660 3664/3664/3664
f 3663/3663/3663 3664/3664/3664 3665/3665/3665
f 3664/3664/3664 3666/3666/3666 3665/3665/3665
f 3664/3664/3664 3660/3660/3660 3666/3666/3666
f 3665/3665/3665 3666/3666/3666 3667/3667/3667
f 3666/3666/3666 3668/3668/3668 3667/3667/3667
f 3669/3669/3669 3667/3667/3667 3668/3668/3668
f 3670/3670/3670 3660/3660/3660 3661/3661/3661
f 3671/3671/3671 3670/3670/3670 3661/3661/3661
f 3668/3668/3668 3666/3666/3666 3672/3672/3672
f 3666/3666/3666 3660/3660/3660 3672/3672/3672
f 3673/3673/3673 3669/3669/3669 3668/3668/3668
f 3669/3669/3669 3673/3673/3673 3674/3674/3674
f 3670/3670/3670 3671/3671/3671 3675/3675/3675
f 3671/3671/3671 3676/3676/3676 3675/3675/3675
f 3675/3675/3675 3676/3676/3676 3677/3677/3677
f 3676/3676/3676 3678/3678/3678 3677/3677/3677
f 3679/3679/3679 3675/3675/3675 3677/3677/3677
f 3679/3679/3679 3677/3677/3677 3678/3678/3678
f 3670/3670/3670 3675/3675/3675 3679/3679/3679
f 3680/3680/3680 3679/3679/3679 3678/3678/3678
f 3681/3681/3681 3670/3670/3670 3679/3679/3679
f 3681/3681/3681 3679/3679/3679 3680/3680/3680
f 3660/3660/3660 3670/3670/3670 3681/3681/3681
f 3682/3682/3682 3681/3681/3681 3680/3680/3680
f 3683/3683/3683 3660/3660/3660 3681/3681/3681
f 3681/3681/3681 3682/3682/3682 3683/3683/3683
f 3682/3682/3682 3684/3684/3684 3683/3683/3683
f 3672/3672/3672 3660/3660/3660 3683/3683/3683
f 3683/3683/3683 3684/3684/3684 3672/3672/3672
f 3684/3684/3684 3685/3685/3685 3672/3672/3672
f 3672/3672/3672 3685/3685/3685 3686/3686/3686
f 3686/3686/3686 3668/3668/3668 3672/3672/3672
f 3685/3685/3685 3687/3687/3687 3686/3686/3686
f 3673/3673/3673 3668/3668/3668 3686/3686/3686
f 3686/3686/3686 3687/3687/3687 3688/3688/3688
f 3686/3686/3686 3688/3688/3688 3673/3673/3673
f 3687/3687/3687 3689/3689/3689 3688/3688/3688
f 3688/3688/3688 3690/3690/3690 3673/3673/3673
f 3673/3673/3673 3690/3690/3690 3674/3674/3674
f 3674/3674/3674 3690/3690/3690 3691/3691/3691
f 3690/3690/3690 3692/3692/3692 3691/3691/3691
f 3692/3692/3692 3690/3690/3690 3688/3688/3688
f 3691/3691/3691 3692/3692/3692 3693/3693/3693
f 3688/3688/3688 3689/3689/3689 3694/3694/3694
f 3694/3694/3694 3692/3692/3692 3688/3688/3688
f 3689/3689/3689 3695/3695/3695 3694/3694/3694
f 3692/3692/3692 3696/3696/3696 3693/3693/3693
f 3696/3696/3696 3692/3692/3692 3694/3694/3694
f 3693/3693/3693 3696/3696/3696 3697/3697/3697
f 3694/3694/3694 3695/3695/3695 3698/3698/3698
f 3698/3698/3698 3696/3696/3696 3694/3694/3694
f 3695/3695/3695 3699/3699/3699 3698/3698/3698
f 3696/3696/3696 3700/3700/3700 3697/3697/3697
f 3700/3700/3700 3696/3696/3696 3698/3698/3698
f 3697/3697/3697 3700/3700/3700 3701/3701/3701
f 3698/3698/3698 3699/3699/3699 3702/3702/3702
f 3702/3702/3702 3700/3700/3700 3698/3698/3698
f 3699/3699/3699 3703/3703/3703 3702/3702/3702
f 3700/3700/3700 3704/3704/3704 3701/3701/3701
f 3704/3704/3704 3700/3700/3700 3702/3702/3702
f 3701/3701/3701 3704/3704/3704 3705/3705/3705
f 3704/3704/3704 3706/3706/3706 3705/3705/3705
f 3706/3706/3706 3704/3704/3704 3702/3702/3702
f 3705/3705/3705 3706/3706/3706 3707/3707/3707
f 3702/3702/3702 3703/3703/3703 3708/3708/3708
f 3708/3708/3708 3706/3706/3706 3702/3702/3702
f 3703/3703/3703 3709/3709/3709 3708/3708/3708
f 3706/3706/3706 3710/3710/3710 3707/3707/3707
f 3710/3710/3710 3706/3706/3706 3708/3708/3708
f 3707/3707/3707 3710/3710/3710 3711/3711/3711
f 3708/3708/3708 3709/3709/3709 3712/3712/3712
f 3712/3712/3712 3710/3710/3710 3708/3708/3708
f 3709/3709/3709 3713/3713/3713 3712/3712/3712
f 3712/3712/3712 3713/3713/3713 3714/3714/3714
f 3714/3714/3714 3710/3710/3710 3712/3712/3712
f 3713/3713/3713 3715/3715/3715 3714/3714/3714
f 3710/3710/3710 3716/3716/3716 3711/3711/3711
f 3716/3716/3716 3710/3710/3710 3714/3714/3714
f 3711/3711/3711 3716/3716/3716 3717/3717/3717
f 3714/3714/3714 3715/3715/3715 3718/3718/3718
f 3718/3718/3718 3716/3716/3716 3714/3714/3714
f 3715/3715/3715 3719/3719/3719 3718/3718/3718
f 3716/3716/3716 3720/3720/3720 3717/3717/3717
f 3720/3720/3720 3716/3716/3716 3718/3718/3718
f 3721/3721/3721 3717/3717/3717 3720/3720/3720
f 3718/3718/3718 3719/3719/3719 3722/3722/3722
f 3722/3722/3722 3720/3720/3720 3718/3718/3718
f 3719/3719/3719 3723/3723/3723 3722/3722/3722
f 3724/3724/3724 3721/3721/3721 3720/3720/3720
f 3724/3724/3724 3720/3720/3720 3722/3722/3722
f 3725/3725/3725 3721/3721/3721 3724/3724/3724
f 3723/3723/3723 3725/3725/3725 3726/3726/3726
f 3722/3722/3722 3723/3723/3723 3726/3726/3726
f 3726/3726/3726 3725/3725/3725 3724/3724/3724
f 3726/3726/3726 3724/3724/3724 3722/3722/3722
f 3729/3729/3729 3728/3728/3728 3727/3727/3727
f 3729/3729/3729 3730/3730/3730 3728/3728/3728
f 3731/3731/3731 3729/3729/3729 3727/3727/3727
f 3731/3731/3731 3727/3727/3727 3732/3732/3732
f 3733/3733/3733 3731/3731/3731 3732/3732/3732
f 3730/3730/3730 3734/3734/3734 3728/3728/3728
f 3727/3727/3727 3728/3728/3728 3734/3734/3734
f 3732/3732/3732 3727/3727/3727 3734/3734/3734
f 3734/3734/3734 3730/3730/3730 3735/3735/3735
f 3736/3736/3736 3734/3734/3734 3735/3735/3735
f 3732/3732/3732 3734/3734/3734 3736/3736/3736
f 3736/3736/3736 3735/3735/3735 3737/3737/3737
f 3738/3738/3738 3736/3736/3736 3737/3737/3737
f 3737/3737/3737 3739/3739/3739 3738/3738/3738
f 3732/3732/3732 3740/3740/3740 3733/3733/3733
f 3740/3740/3740 3741/3741/3741 3733/3733/3733
f 3736/3736/3736 3738/3738/3738 3742/3742/3742
f 3732/3732/3732 3736/3736/3736 3742/3742/3742
f 3739/3739/3739 3743/3743/3743 3738/3738/3738
f 3743/3743/3743 3739/3739/3739 3744/3744/3744
f 3741/3741/3741 3740/3740/3740 3745/3745/3745
f 3746/3746/3746 3741/3741/3741 3745/3745/3745
f 3746/3746/3746 3745/3745/3745 3747/3747/3747
f 3748/3748/3748 3746/3746/3746 3747/3747/3747
f 3745/3745/3745 3749/3749/3749 3747/3747/3747
f 3747/3747/3747 3749/3749/3749 3748/3748/3748
f 3745/3745/3745 3740/3740/3740 3749/3749/3749
f 3749/3749/3749 3750/3750/3750 3748/3748/3748
f 3740/3740/3740 3751/3751/3751 3749/3749/3749
f 3749/3749/3749 3751/3751/3751 3750/3750/3750
f 3740/3740/3740 3732/3732/3732 3751/3751/3751
f 3751/3751/3751 3752/3752/3752 3750/3750/3750
f 3732/3732/3732 3753/3753/3753 3751/3751/3751
f 3752/3752/3752 3751/3751/3751 3753/3753/3753
f 3754/3754/3754 3752/3752/3752 3753/3753/3753
f 3732/3732/3732 3742/3742/3742 3753/3753/3753
f 3754/3754/3754 3753/3753/3753 3742/3742/3742
f 3755/3755/3755 3754/3754/3754 3742/3742/3742
f 3755/3755/3755 3742/3742/3742 3756/3756/3756
f 3738/3738/3738 3756/3756/3756 3742/3742/3742
f 3757/3757/3757 3755/3755/3755 3756/3756/3756
f 3756/3756/3756 3738/3738/3738 3743/3743/3743
f 3757/3757/3757 3756/3756/3756 3758/3758/3758
f 3743/3743/3743 3758/3758/3758 3756/3756/3756
f 3759/3759/3759 3757/3757/3757 3758/3758/3758
f 3743/3743/3743 3760/3760/3760 3758/3758/3758
f 3760/3760/3760 3743/3743/3743 3744/3744/3744
f 3760/3760/3760 3744/3744/3744 3761/3761/3761
f 3762/3762/3762 3760/3760/3760 3761/3761/3761
f 3760/3760/3760 3762/3762/3762 3758/3758/3758
f 3762/3762/3762 3761/3761/3761 3763/3763/3763
f 3759/3759/3759 3758/3758/3758 3764/3764/3764
f 3762/3762/3762 3764/3764/3764 3758/3758/3758
f 3765/3765/3765 3759/3759/3759 3764/3764/3764
f 3766/3766/3766 3762/3762/3762 3763/3763/3763
f 3762/3762/3762 3766/3766/3766 3764/3764/3764
f 3766/3766/3766 3763/3763/3763 3767/3767/3767
f 3765/3765/3765 3764/3764/3764 3768/3768/3768
f 3766/3766/3766 3768/3768/3768 3764/3764/3764
f 3769/3769/3769 3765/3765/3765 3768/3768/3768
f 3770/3770/3770 3766/3766/3766 3767/3767/3767
f 3766/3766/3766 3770/3770/3770 3768/3768/3768
f 3770/3770/3770 3767/3767/3767 3771/3771/3771
f 3769/3769/3769 3768/3768/3768 3772/3772/3772
f 3770/3770/3770 3772/3772/3772 3768/3768/3768
f 3773/3773/3773 3769/3769/3769 3772/3772/3772
f 3774/3774/3774 3770/3770/3770 3771/3771/3771
f 3770/3770/3770 3774/3774/3774 3772/3772/3772
f 3774/3774/3774 3771/3771/3771 3775/3775/3775
f 3776/3776/3776 3774/3774/3774 3775/3775/3775
f 3774/3774/3774 3776/3776/3776 3772/3772/3772
f 3776/3776/3776 3775/3775/3775 3777/3777/3777
f 3773/3773/3773 3772/3772/3772 3778/3778/3778
f 3776/3776/3776 3778/3778/3778 3772/3772/3772
f 3779/3779/3779 3773/3773/3773 3778/3778/3778
f 3780/3780/3780 3776/3776/3776 3777/3777/3777
f 3776/3776/3776 3780/3780/3780 3778/3778/3778
f 3780/3780/3780 3777/3777/3777 3781/3781/3781
f 3779/3779/3779 3778/3778/3778 3782/3782/3782
f 3780/3780/3780 3782/3782/3782 3778/3778/3778
f 3783/3783/3783 3779/3779/3779 3782/3782/3782
f 3783/3783/3783 3782/3782/3782 3784/3784/3784
f 3780/3780/3780 3784/3784/3784 3782/3782/3782
f 3785/3785/3785 3783/3783/3783 3784/3784/3784
f 3786/3786/3786 3780/3780/3780 3781/3781/3781
f 3780/3780/3780 3786/3786/3786 3784/3784/3784
f 3786/3786/3786 3781/3781/3781 3787/3787/3787
f 3785/3785/3785 3784/3784/3784 3788/3788/3788
f 3786/3786/3786 3788/3788/3788 3784/3784/3784
f 3789/3789/3789 3785/3785/3785 3788/3788/3788
f 3790/3790/3790 3786/3786/3786 3787/3787/3787
f 3786/3786/3786 3790/3790/3790 3788/3788/3788
f 3787/3787/3787 3791/3791/3791 3790/3790/3790
f 3789/3789/3789 3788/3788/3788 3792/3792/3792
f 3790/3790/3790 3792/3792/3792 3788/3788/3788
f 3793/3793/3793 3789/3789/3789 3792/3792/3792
f 3791/3791/3791 3794/3794/3794 3790/3790/3790
f 3790/3790/3790 3794/3794/3794 3792/3792/3792
f 3791/3791/3791 3795/3795/3795 3794/3794/3794
f 3793/3793/3793 3792/3792/3792 3796/3796/3796
f 3794/3794/3794 3796/3796/3796 3792/3792/3792
f 3795/3795/3795 3796/3796/3796 3794/3794/3794
f 3795/3795/3795 3793/3793/3793 3796/3796/3796
f 3799/3799/3799 3798/3798/3798 3797/3797/3797
f 3798/3798/3798 3800/3800/3800 3797/3797/3797
f 3797/3797/3797 3800/3800/3800 3801/3801/3801
f 3802/3802/3802 3798/3798/3798 3799/3799/3799
f 3803/3803/3803 3802/3802/3802 3799/3799/3799
f 3800/3800/3800 3804/3804/3804 3801/3801/3801
f 3801/3801/3801 3804/3804/3804 3805/3805/3805
f 3806/3806/3806 3802/3802/3802 3803/3803/3803
f 3807/3807/3807 3806/3806/3806 3803/3803/3803
f 3804/3804/3804 3808/3808/3808 3805/3805/3805
f 3805/3805/3805 3808/3808/3808 3809/3809/3809
f 3810/3810/3810 3806/3806/3806 3807/3807/3807
f 3811/3811/3811 3810/3810/3810 3807/3807/3807
f 3808/3808/3808 3812/3812/3812 3809/3809/3809
f 3809/3809/3809 3812/3812/3812 3813/3813/3813
f 3814/3814/3814 3810/3810/3810 3811/3811/3811
f 3815/3815/3815 3814/3814/3814 3811/3811/3811
f 3812/3812/3812 3816/3816/3816 3813/3813/3813
f 3813/3813/3813 3816/3816/3816 3817/3817/3817
f 3818/3818/3818 3814/3814/3814 3815/3815/3815
f 3819/3819/3819 3818/3818/3818 3815/3815/3815
f 3817/3817/3817 3820/3820/3820 3819/3819/3819
f 3816/3816/3816 3820/3820/3820 3817/3817/3817
f 3820/3820/3820 3818/3818/3818 3819/3819/3819
f 3806/3806/3806 3810/3810/3810 3821/3821/3821
f 3810/3810/3810 3814/3814/3814 3822/3822/3822
f 3810/3810/3810 3822/3822/3822 3821/3821/3821
f 3814/3814/3814 3818/3818/3818 3823/3823/3823
f 3814/3814/3814 3823/3823/3823 3822/3822/3822
f 3818/3818/3818 3820/3820/3820 3824/3824/3824
f 3818/3818/3818 3824/3824/3824 3823/3823/3823
f 3823/3823/3823 3825/3825/3825 3822/3822/3822
f 3822/3822/3822 3825/3825/3825 3821/3821/3821
f 3824/3824/3824 3825/3825/3825 3823/3823/3823
f 3821/3821/3821 3825/3825/3825 3826/3826/3826
f 3806/3806/3806 3821/3821/3821 3826/3826/3826
f 3827/3827/3827 3825/3825/3825 3824/3824/3824
f 3820/3820/3820 3827/3827/3827 3824/3824/3824
f 3820/3820/3820 3816/3816/3816 3827/3827/3827
f 3802/3802/3802 3806/3806/3806 3826/3826/3826
f 3816/3816/3816 3828/3828/3828 3827/3827/3827
f 3828/3828/3828 3825/3825/3825 3827/3827/3827
f 3816/3816/3816 3812/3812/3812 3828/3828/3828
f 3826/3826/3826 3829/3829/3829 3802/3802/3802
f 3826/3826/3826 3825/3825/3825 3829/3829/3829
f 3829/3829/3829 3798/3798/3798 3802/3802/3802
f 3812/3812/3812 3830/3830/3830 3828/3828/3828
f 3830/3830/3830 3825/3825/3825 3828/3828/3828
f 3812/3812/3812 3808/3808/3808 3830/3830/3830
f 3798/3798/3798 3829/3829/3829 3831/3831/3831
f 3829/3829/3829 3825/3825/3825 3831/3831/3831
f 3800/3800/3800 3798/3798/3798 3831/3831/3831
f 3808/3808/3808 3832/3832/3832 3830/3830/3830
f 3832/3832/3832 3825/3825/3825 3830/3830/3830
f 3808/3808/3808 3804/3804/3804 3832/3832/3832
f 3800/3800/3800 3831/3831/3831 3833/3833/3833
f 3831/3831/3831 3825/3825/3825 3833/3833/3833
f 3833/3833/3833 3825/3825/3825 3832/3832/3832
f 3804/3804/3804 3833/3833/3833 3832/3832/3832
f 3804/3804/3804 3800/3800/3800 3833/3833/3833
f 3836/3836/3836 3835/3835/3835 3834/3834/3834
f 3837/3837/3837 3836/3836/3836 3834/3834/3834
f 3837/3837/3837 3834/3834/3834 3838/3838/3838
f 3839/3839/3839 3837/3837/3837 3838/3838/3838
f 3839/3839/3839 3838/3838/3838 3840/3840/3840
f 3835/3835/3835 3836/3836/3836 3841/3841/3841
f 3836/3836/3836 3837/3837/3837 3841/3841/3841
f 3842/3842/3842 3835/3835/3835 3841/3841/3841
f 3841/3841/3841 3837/3837/3837 3843/3843/3843
f 3842/3842/3842 3841/3841/3841 3843/3843/3843
f 3843/3843/3843 3837/3837/3837 3839/3839/3839
f 3844/3844/3844 3842/3842/3842 3843/3843/3843
f 3844/3844/3844 3843/3843/3843 3845/3845/3845
f 3843/3843/3843 3839/3839/3839 3845/3845/3845
f 3846/3846/3846 3844/3844/3844 3845/3845/3845
f 3846/3846/3846 3845/3845/3845 3847/3847/3847
f 3845/3845/3845 3839/3839/3839 3847/3847/3847
f 3848/3848/3848 3846/3846/3846 3847/3847/3847
f 3848/3848/3848 3847/3847/3847 3849/3849/3849
f 3847/3847/3847 3839/3839/3839 3849/3849/3849
f 3850/3850/3850 3848/3848/3848 3849/3849/3849
f 3850/3850/3850 3849/3849/3849 3851/3851/3851
f 3849/3849/3849 3839/3839/3839 3851/3851/3851
f 3852/3852/3852 3850/3850/3850 3851/3851/3851
f 3851/3851/3851 3839/3839/3839 3853/3853/3853
f 3853/3853/3853 3839/3839/3839 3840/3840/3840
f 3853/3853/3853 3840/3840/3840 3854/3854/3854
f 3855/3855/3855 3853/3853/3853 3854/3854/3854
f 3851/3851/3851 3853/3853/3853 3855/3855/3855
f 3855/3855/3855 3854/3854/3854 3856/3856/3856
f 3857/3857/3857 3855/3855/3855 3856/3856/3856
f 3851/3851/3851 3855/3855/3855 3857/3857/3857
f 3857/3857/3857 3856/3856/3856 3858/3858/3858
f 3859/3859/3859 3857/3857/3857 3858/3858/3858
f 3851/3851/3851 3857/3857/3857 3859/3859/3859
f 3859/3859/3859 3858/3858/3858 3860/3860/3860
f 3861/3861/3861 3859/3859/3859 3860/3860/3860
f 3861/3861/3861 3860/3860/3860 3862/3862/3862
f 3852/3852/3852 3851/3851/3851 3863/3863/3863
f 3851/3851/3851 3859/3859/3859 3863/3863/3863
f 3863/3863/3863 3859/3859/3859 3861/3861/3861
f 3864/3864/3864 3852/3852/3852 3863/3863/3863
f 3864/3864/3864 3863/3863/3863 3865/3865/3865
f 3863/3863/3863 3861/3861/3861 3865/3865/3865
f 3866/3866/3866 3864/3864/3864 3865/3865/3865
f 3866/3866/3866 3865/3865/3865 3867/3867/3867
f 3865/3865/3865 3861/3861/3861 3867/3867/3867
f 3868/3868/3868 3866/3866/3866 3867/3867/3867
f 3868/3868/3868 3867/3867/3867 3869/3869/3869
f 3867/3867/3867 3861/3861/3861 3869/3869/3869
f 3870/3870/3870 3868/3868/3868 3869/3869/3869
f 3870/3870/3870 3869/3869/3869 3871/3871/3871
f 3869/3869/3869 3861/3861/3861 3871/3871/3871
f 3872/3872/3872 3870/3870/3870 3871/3871/3871
f 3873/3873/3873 3861/3861/3861 3862/3862/3862
f 3871/3871/3871 3861/3861/3861 3873/3873/3873
f 3873/3873/3873 3862/3862/3862 3874/3874/3874
f 3872/3872/3872 3871/3871/3871 3875/3875/3875
f 3871/3871/3871 3873/3873/3873 3876/3876/3876
f 3876/3876/3876 3873/3873/3873 3874/3874/3874
f 3871/3871/3871 3876/3876/3876 3877/3877/3877
f 3876/3876/3876 3874/3874/3874 3878/3878/3878
f 3877/3877/3877 3876/3876/3876 3878/3878/3878
f 3877/3877/3877 3878/3878/3878 3879/3879/3879
f 3880/3880/3880 3872/3872/3872 3875/3875/3875
f 3881/3881/3881 3877/3877/3877 3879/3879/3879
f 3871/3871/3871 3877/3877/3877 3881/3881/3881
f 3881/3881/3881 3879/3879/3879 3882/3882/3882
f 3883/3883/3883 3881/3881/3881 3882/3882/3882
f 3871/3871/3871 3881/3881/3881 3883/3883/3883
f 3883/3883/3883 3882/3882/3882 3884/3884/3884
f 3885/3885/3885 3883/3883/3883 3884/3884/3884
f 3871/3871/3871 3883/3883/3883 3885/3885/3885
f 3885/3885/3885 3884/3884/3884 3886/3886/3886
f 3887/3887/3887 3885/3885/3885 3886/3886/3886
f 3871/3871/3871 3885/3885/3885 3887/3887/3887
f 3887/3887/3887 3886/3886/3886 3888/3888/3888
f 3889/3889/3889 3887/3887/3887 3888/3888/3888
f 3871/3871/3871 3887/3887/3887 3889/3889/3889
f 3889/3889/3889 3888/3888/3888 3890/3890/3890
f 3871/3871/3871 3889/3889/3889 3891/3891/3891
f 3891/3891/3891 3889/3889/3889 3890/3890/3890
f 3891/3891/3891 3890/3890/3890 3892/3892/3892
f 3871/3871/3871 3891/3891/3891 3875/3875/3875
f 3893/3893/3893 3891/3891/3891 3892/3892/3892
f 3875/3875/3875 3891/3891/3891 3893/3893/3893
f 3893/3893/3893 3892/3892/3892 3894/3894/3894
f 3875/3875/3875 3893/3893/3893 3895/3895/3895
f 3880/3880/3880 3875/3875/3875 3895/3895/3895
f 3896/3896/3896 3880/3880/3880 3895/3895/3895
f 3897/3897/3897 3893/3893/3893 3894/3894/3894
f 3895/3895/3895 3893/3893/3893 3897/3897/3897
f 3897/3897/3897 3894/3894/3894 3898/3898/3898
f 3896/3896/3896 3895/3895/3895 3899/3899/3899
f 3898/3898/3898 3896/3896/3896 3899/3899/3899
f 3899/3899/3899 3897/3897/3897 3898/3898/3898
f 3895/3895/3895 3897/3897/3897 3899/3899/3899
f 3902/3902/3902 3901/3901/3901 3900/3900/3900
f 3901/3901/3901 3903/3903/3903 3900/3900/3900
f 3900/3900/3900 3903/3903/3903 3904/3904/3904
f 3903/3903/3903 3905/3905/3905 3904/3904/3904
f 3904/3904/3904 3905/3905/3905 3906/3906/3906
f 3901/3901/3901 3902/3902/3902 3907/3907/3907
f 3903/3903/3903 3901/3901/3901 3907/3907/3907
f 3902/3902/3902 3908/3908/3908 3907/3907/3907
f 3903/3903/3903 3907/3907/3907 3909/3909/3909
f 3907/3907/3907 3908/3908/3908 3909/3909/3909
f 3903/3903/3903 3909/3909/3909 3905/3905/3905
f 3908/3908/3908 3910/3910/3910 3909/3909/3909
f 3909/3909/3909 3910/3910/3910 3911/3911/3911
f 3905/3905/3905 3909/3909/3909 3911/3911/3911
f 3910/3910/3910 3912/3912/3912 3911/3911/3911
f 3911/3911/3911 3912/3912/3912 3913/3913/3913
f 3905/3905/3905 3911/3911/3911 3913/3913/3913
f 3912/3912/3912 3914/3914/3914 3913/3913/3913
f 3913/3913/3913 3914/3914/3914 3915/3915/3915
f 3905/3905/3905 3913/3913/3913 3915/3915/3915
f 3914/3914/3914 3916/3916/3916 3915/3915/3915
f 3915/3915/3915 3916/3916/3916 3917/3917/3917
f 3905/3905/3905 3915/3915/3915 3917/3917/3917
f 3916/3916/3916 3918/3918/3918 3917/3917/3917
f 3905/3905/3905 3917/3917/3917 3919/3919/3919
f 3905/3905/3905 3919/3919/3919 3906/3906/3906
f 3906/3906/3906 3919/3919/3919 3920/3920/3920
f 3919/3919/3919 3921/3921/3921 3920/3920/3920
f 3919/3919/3919 3917/3917/3917 3921/3921/3921
f 3920/3920/3920 3921/3921/3921 3922/3922/3922
f 3921/3921/3921 3923/3923/3923 3922/3922/3922
f 3921/3921/3921 3917/3917/3917 3923/3923/3923
f 3922/3922/3922 3923/3923/3923 3924/3924/3924
f 3923/3923/3923 3925/3925/3925 3924/3924/3924
f 3923/3923/3923 3917/3917/3917 3925/3925/3925
f 3924/3924/3924 3925/3925/3925 3926/3926/3926
f 3925/3925/3925 3927/3927/3927 3926/3926/3926
f 3926/3926/3926 3927/3927/3927 3928/3928/3928
f 3917/3917/3917 3918/3918/3918 3929/3929/3929
f 3925/3925/3925 3917/3917/3917 3929/3929/3929
f 3925/3925/3925 3929/3929/3929 3927/3927/3927
f 3918/3918/3918 3930/3930/3930 3929/3929/3929
f 3929/3929/3929 3930/3930/3930 3931/3931/3931
f 3927/3927/3927 3929/3929/3929 3931/3931/3931
f 3930/3930/3930 3932/3932/3932 3931/3931/3931
f 3931/3931/3931 3932/3932/3932 3933/3933/3933
f 3927/3927/3927 3931/3931/3931 3933/3933/3933
f 3932/3932/3932 3934/3934/3934 3933/3933/3933
f 3933/3933/3933 3934/3934/3934 3935/3935/3935
f 3927/3927/3927 3933/3933/3933 3935/3935/3935
f 3934/3934/3934 3936/3936/3936 3935/3935/3935
f 3935/3935/3935 3936/3936/3936 3937/3937/3937
f 3927/3927/3927 3935/3935/3935 3937/3937/3937
f 3936/3936/3936 3938/3938/3938 3937/3937/3937
f 3927/3927/3927 3939/3939/3939 3928/3928/3928
f 3927/3927/3927 3937/3937/3937 3939/3939/3939
f 3928/3928/3928 3939/3939/3939 3940/3940/3940
f 3937/3937/3937 3938/3938/3938 3941/3941/3941
f 3939/3939/3939 3937/3937/3937 3942/3942/3942
f 3939/3939/3939 3942/3942/3942 3940/3940/3940
f 3942/3942/3942 3937/3937/3937 3943/3943/3943
f 3940/3940/3940 3942/3942/3942 3944/3944/3944
f 3942/3942/3942 3943/3943/3943 3944/3944/3944
f 3944/3944/3944 3943/3943/3943 3945/3945/3945
f 3938/3938/3938 3946/3946/3946 3941/3941/3941
f 3943/3943/3943 3947/3947/3947 3945/3945/3945
f 3943/3943/3943 3937/3937/3937 3947/3947/3947
f 3945/3945/3945 3947/3947/3947 3948/3948/3948
f 3947/3947/3947 3949/3949/3949 3948/3948/3948
f 3947/3947/3947 3937/3937/3937 3949/3949/3949
f 3948/3948/3948 3949/3949/3949 3950/3950/3950
f 3949/3949/3949 3951/3951/3951 3950/3950/3950
f 3949/3949/3949 3937/3937/3937 3951/3951/3951
f 3950/3950/3950 3951/3951/3951 3952/3952/3952
f 3951/3951/3951 3953/3953/3953 3952/3952/3952
f 3951/3951/3951 3937/3937/3937 3953/3953/3953
f 3952/3952/3952 3953/3953/3953 3954/3954/3954
f 3953/3953/3953 3955/3955/3955 3954/3954/3954
f 3953/3953/3953 3937/3937/3937 3955/3955/3955
f 3954/3954/3954 3955/3955/3955 3956/3956/3956
f 3955/3955/3955 3937/3937/3937 3957/3957/3957
f 3955/3955/3955 3957/3957/3957 3956/3956/3956
f 3956/3956/3956 3957/3957/3957 3958/3958/3958
f 3957/3957/3957 3937/3937/3937 3941/3941/3941
f 3957/3957/3957 3959/3959/3959 3958/3958/3958
f 3957/3957/3957 3941/3941/3941 3959/3959/3959
f 3958/3958/3958 3959/3959/3959 3960/3960/3960
f 3959/3959/3959 3941/3941/3941 3961/3961/3961
f 3941/3941/3941 3946/3946/3946 3961/3961/3961
f 3946/3946/3946 3962/3962/3962 3961/3961/3961
f 3959/3959/3959 3963/3963/3963 3960/3960/3960
f 3959/3959/3959 3961/3961/3961 3963/3963/3963
f 3960/3960/3960 3963/3963/3963 3964/3964/3964
f 3962/3962/3962 3964/3964/3964 3965/3965/3965
f 3961/3961/3961 3962/3962/3962 3965/3965/3965
f 3963/3963/3963 3965/3965/3965 3964/3964/3964
f 3963/3963/3963 3961/3961/3961 3965/3965/3965
f 3968/3968/3968 3967/3967/3967 3966/3966/3966
f 3967/3967/3967 3969/3969/3969 3966/3966/3966
f 3966/3966/3966 3969/3969/3969 3970/3970/3970
f 3969/3969/3969 3971/3971/3971 3970/3970/3970
f 3970/3970/3970 3971/3971/3971 3972/3972/3972
f 3967/3967/3967 3968/3968/3968 3973/3973/3973
f 3969/3969/3969 3967/3967/3967 3973/3973/3973
f 3968/3968/3968 3974/3974/3974 3973/3973/3973
f 3969/3969/3969 3973/3973/3973 3975/3975/3975
f 3973/3973/3973 3974/3974/3974 3975/3975/3975
f 3969/3969/3969 3975/3975/3975 3971/3971/3971
f 3974/3974/3974 3976/3976/3976 3975/3975/3975
f 3975/3975/3975 3976/3976/3976 3977/3977/3977
f 3971/3971/3971 3975/3975/3975 3977/3977/3977
f 3976/3976/3976 3978/3978/3978 3977/3977/3977
f 3977/3977/3977 3978/3978/3978 3979/3979/3979
f 3971/3971/3971 3977/3977/3977 3979/3979/3979
f 3978/3978/3978 3980/3980/3980 3979/3979/3979
f 3979/3979/3979 3980/3980/3980 3981/3981/3981
f 3971/3971/3971 3979/3979/3979 3981/3981/3981
f 3980/3980/3980 3982/3982/3982 3981/3981/3981
f 3981/3981/3981 3982/3982/3982 3983/3983/3983
f 3971/3971/3971 3981/3981/3981 3983/3983/3983
f 3982/3982/3982 3984/3984/3984 3983/3983/3983
f 3971/3971/3971 3983/3983/3983 3985/3985/3985
f 3971/3971/3971 3985/3985/3985 3972/3972/3972
f 3972/3972/3972 3985/3985/3985 3986/3986/3986
f 3985/3985/3985 3987/3987/3987 3986/3986/3986
f 3985/3985/3985 3983/3983/3983 3987/3987/3987
f 3986/3986/3986 3987/3987/3987 3988/3988/3988
f 3987/3987/3987 3989/3989/3989 3988/3988/3988
f 3987/3987/3987 3983/3983/3983 3989/3989/3989
f 3988/3988/3988 3989/3989/3989 3990/3990/3990
f 3989/3989/3989 3991/3991/3991 3990/3990/3990
f 3989/3989/3989 3983/3983/3983 3991/3991/3991
f 3990/3990/3990 3991/3991/3991 3992/3992/3992
f 3991/3991/3991 3993/3993/3993 3992/3992/3992
f 3992/3992/3992 3993/3993/3993 3994/3994/3994
f 3983/3983/3983 3984/3984/3984 3995/3995/3995
f 3991/3991/3991 3983/3983/3983 3995/3995/3995
f 3991/3991/3991 3995/3995/3995 3993/3993/3993
f 3984/3984/3984 3996/3996/3996 3995/3995/3995
f 3995/3995/3995 3996/3996/3996 3997/3997/3997
f 3993/3993/3993 3995/3995/3995 3997/3997/3997
f 3996/3996/3996 3998/3998/3998 3997/3997/3997
f 3997/3997/3997 3998/3998/3998 3999/3999/3999
f 3993/3993/3993 3997/3997/3997 3999/3999/3999
f 3998/3998/3998 4000/4000/4000 3999/3999/3999
f 3999/3999/3999 4000/4000/4000 4001/4001/4001
f 3993/3993/3993 3999/3999/3999 4001/4001/4001
f 4000/4000/4000 4002/4002/4002 4001/4001/4001
f 4001/4001/4001 4002/4002/4002 4003/4003/4003
f 3993/3993/3993 4001/4001/4001 4003/4003/4003
f 4002/4002/4002 4004/4004/4004 4003/4003/4003
f 3993/3993/3993 4005/4005/4005 3994/3994/3994
f 3993/3993/3993 4003/4003/4003 4005/4005/4005
f 3994/3994/3994 4005/4005/4005 4006/4006/4006
f 4003/4003/4003 4004/4004/4004 4007/4007/4007
f 4005/4005/4005 4003/4003/4003 4008/4008/4008
f 4005/4005/4005 4008/4008/4008 4006/4006/4006
f 4008/4008/4008 4003/4003/4003 4009/4009/4009
f 4006/4006/4006 4008/4008/4008 4010/4010/4010
f 4008/4008/4008 4009/4009/4009 4010/4010/4010
f 4010/4010/4010 4009/4009/4009 4011/4011/4011
f 4004/4004/4004 4012/4012/4012 4007/4007/4007
f 4009/4009/4009 4013/4013/4013 4011/4011/4011
f 4009/4009/4009 4003/4003/4003 4013/4013/4013
f 4011/4011/4011 4013/4013/4013 4014/4014/4014
f 4013/4013/4013 4015/4015/4015 4014/4014/4014
f 4013/4013/4013 4003/4003/4003 4015/4015/4015
f 4014/4014/4014 4015/4015/4015 4016/4016/4016
f 4015/4015/4015 4017/4017/4017 4016/4016/4016
f 4015/4015/4015 4003/4003/4003 4017/4017/4017
f 4016/4016/4016 4017/4017/4017 4018/4018/4018
f 4017/4017/4017 4019/4019/4019 4018/4018/4018
f 4017/4017/4017 4003/4003/4003 4019/4019/4019
f 4018/4018/4018 4019/4019/4019 4020/4020/4020
f 4019/4019/4019 4021/4021/4021 4020/4020/4020
f 4019/4019/4019 4003/4003/4003 4021/4021/4021
f 4020/4020/4020 4021/4021/4021 4022/4022/4022
f 4021/4021/4021 4003/4003/4003 4023/4023/4023
f 4021/4021/4021 4023/4023/4023 4022/4022/4022
f 4022/4022/4022 4023/4023/4023 4024/4024/4024
f 4023/4023/4023 4003/4003/4003 4007/4007/4007
f 4023/4023/4023 4025/4025/4025 4024/4024/4024
f 4023/4023/4023 4007/4007/4007 4025/4025/4025
f 4024/4024/4024 4025/4025/4025 4026/4026/4026
f 4025/4025/4025 4007/4007/4007 4027/4027/4027
f 4007/4007/4007 4012/4012/4012 4027/4027/4027
f 4012/4012/4012 4028/4028/4028 4027/4027/4027
f 4025/4025/4025 4029/4029/4029 4026/4026/4026
f 4025/4025/4025 4027/4027/4027 4029/4029/4029
f 4026/4026/4026 4029/4029/4029 4030/4030/4030
f 4028/4028/4028 4030/4030/4030 4031/4031/4031
f 4027/4027/4027 4028/4028/4028 4031/4031/4031
f 4029/4029/4029 4031/4031/4031 4030/4030/4030
f 4029/4029/4029 4027/4027/4027 4031/4031/4031
f 4034/4034/4034 4033/4033/4033 4032/4032/4032
f 4035/4035/4035 4034/4034/4034 4032/4032/4032
f 4035/4035/4035 4032/4032/4032 4036/4036/4036
f 4037/4037/4037 4035/4035/4035 4036/4036/4036
f 4037/4037/4037 4036/4036/4036 4038/4038/4038
f 4033/4033/4033 4034/4034/4034 4039/4039/4039
f 4034/4034/4034 4035/4035/4035 4039/4039/4039
f 4040/4040/4040 4033/4033/4033 4039/4039/4039
f 4039/4039/4039 4035/4035/4035 4041/4041/4041
f 4040/4040/4040 4039/4039/4039 4041/4041/4041
f 4041/4041/4041 4035/4035/4035 4037/4037/4037
f 4042/4042/4042 4040/4040/4040 4041/4041/4041
f 4042/4042/4042 4041/4041/4041 4043/4043/4043
f 4041/4041/4041 4037/4037/4037 4043/4043/4043
f 4044/4044/4044 4042/4042/4042 4043/4043/4043
f 4044/4044/4044 4043/4043/4043 4045/4045/4045
f 4043/4043/4043 4037/4037/4037 4045/4045/4045
f 4046/4046/4046 4044/4044/4044 4045/4045/4045
f 4046/4046/4046 4045/4045/4045 4047/4047/4047
f 4045/4045/4045 4037/4037/4037 4047/4047/4047
f 4048/4048/4048 4046/4046/4046 4047/4047/4047
f 4048/4048/4048 4047/4047/4047 4049/4049/4049
f 4047/4047/4047 4037/4037/4037 4049/4049/4049
f 4050/4050/4050 4048/4048/4048 4049/4049/4049
f 4049/4049/4049 4037/4037/4037 4051/4051/4051
f 4051/4051/4051 4037/4037/4037 4038/4038/4038
f 4051/4051/4051 4038/4038/4038 4052/4052/4052
f 4053/4053/4053 4051/4051/4051 4052/4052/4052
f 4049/4049/4049 4051/4051/4051 4053/4053/4053
f 4053/4053/4053 4052/4052/4052 4054/4054/4054
f 4055/4055/4055 4053/4053/4053 4054/4054/4054
f 4049/4049/4049 4053/4053/4053 4055/4055/4055
f 4055/4055/4055 4054/4054/4054 4056/4056/4056
f 4057/4057/4057 4055/4055/4055 4056/4056/4056
f 4049/4049/4049 4055/4055/4055 4057/4057/4057
f 4057/4057/4057 4056/4056/4056 4058/4058/4058
f 4059/4059/4059 4057/4057/4057 4058/4058/4058
f 4059/4059/4059 4058/4058/4058 4060/4060/4060
f 4050/4050/4050 4049/4049/4049 4061/4061/4061
f 4049/4049/4049 4057/4057/4057 4061/4061/4061
f 4061/4061/4061 4057/4057/4057 4059/4059/4059
f 4062/4062/4062 4050/4050/4050 4061/4061/4061
f 4062/4062/4062 4061/4061/4061 4063/4063/4063
f 4061/4061/4061 4059/4059/4059 4063/4063/4063
f 4064/4064/4064 4062/4062/4062 4063/4063/4063
f 4064/4064/4064 4063/4063/4063 4065/4065/4065
f 4063/4063/4063 4059/4059/4059 4065/4065/4065
f 4066/4066/4066 4064/4064/4064 4065/4065/4065
f 4066/4066/4066 4065/4065/4065 4067/4067/4067
f 4065/4065/4065 4059/4059/4059 4067/4067/4067
f 4068/4068/4068 4066/4066/4066 4067/4067/4067
f 4068/4068/4068 4067/4067/4067 4069/4069/4069
f 4067/4067/4067 4059/4059/4059 4069/4069/4069
f 4070/4070/4070 4068/4068/4068 4069/4069/4069
f 4071/4071/4071 4059/4059/4059 4060/4060/4060
f 4069/4069/4069 4059/4059/4059 4071/4071/4071
f 4071/4071/4071 4060/4060/4060 4072/4072/4072
f 4070/4070/4070 4069/4069/4069 4073/4073/4073
f 4069/4069/4069 4071/4071/4071 4074/4074/4074
f 4074/4074/4074 4071/4071/4071 4072/4072/4072
f 4069/4069/4069 4074/4074/4074 4075/4075/4075
f 4074/4074/4074 4072/4072/4072 4076/4076/4076
f 4075/4075/4075 4074/4074/4074 4076/4076/4076
f 4075/4075/4075 4076/4076/4076 4077/4077/4077
f 4078/4078/4078 4070/4070/4070 4073/4073/4073
f 4079/4079/4079 4075/4075/4075 4077/4077/4077
f 4069/4069/4069 4075/4075/4075 4079/4079/4079
f 4079/4079/4079 4077/4077/4077 4080/4080/4080
f 4081/4081/4081 4079/4079/4079 4080/4080/4080
f 4069/4069/4069 4079/4079/4079 4081/4081/4081
f 4081/4081/4081 4080/4080/4080 4082/4082/4082
f 4083/4083/4083 4081/4081/4081 4082/4082/4082
f 4069/4069/4069 4081/4081/4081 4083/4083/4083
f 4083/4083/4083 4082/4082/4082 4084/4084/4084
f 4085/4085/4085 4083/4083/4083 4084/4084/4084
f 4069/4069/4069 4083/4083/4083 4085/4085/4085
f 4085/4085/4085 4084/4084/4084 4086/4086/4086
f 4087/4087/4087 4085/4085/4085 4086/4086/4086
f 4069/4069/4069 4085/4085/4085 4087/4087/4087
f 4087/4087/4087 4086/4086/4086 4088/4088/4088
f 4069/4069/4069 4087/4087/4087 4089/4089/4089
f 4089/4089/4089 4087/4087/4087 4088/4088/4088
f 4089/4089/4089 4088/4088/4088 4090/4090/4090
f 4069/4069/4069 4089/4089/4089 4073/4073/4073
f 4091/4091/4091 4089/4089/4089 4090/4090/4090
f 4073/4073/4073 4089/4089/4089 4091/4091/4091
f 4091/4091/4091 4090/4090/4090 4092/4092/4092
f 4073/4073/4073 4091/4091/4091 4093/4093/4093
f 4078/4078/4078 4073/4073/4073 4093/4093/4093
f 4094/4094/4094 4078/4078/4078 4093/4093/4093
f 4095/4095/4095 4091/4091/4091 4092/4092/4092
f 4093/4093/4093 4091/4091/4091 4095/4095/4095
f 4095/4095/4095 4092/4092/4092 4096/4096/4096
f 4094/4094/4094 4093/4093/4093 4097/4097/4097
f 4096/4096/4096 4094/4094/4094 4097/4097/4097
f 4097/4097/4097 4095/4095/4095 4096/4096/4096
f 4093/4093/4093 4095/4095/4095 4097/4097/4097
f 4100/4100/4100 4099/4099/4099 4098/4098/4098
f 4101/4101/4101 4100/4100/4100 4098/4098/4098
f 4098/4098/4098 4099/4099/4099 4102/4102/4102
f 4103/4103/4103 4100/4100/4100 4101/4101/4101
f 4104/4104/4104 4103/4103/4103 4101/4101/4101
f 4099/4099/4099 4105/4105/4105 4102/4102/4102
f 4102/4102/4102 4105/4105/4105 4106/4106/4106
f 4107/4107/4107 4103/4103/4103 4104/4104/4104
f 4108/4108/4108 4107/4107/4107 4104/4104/4104
f 4105/4105/4105 4109/4109/4109 4106/4106/4106
f 4106/4106/4106 4109/4109/4109 4110/4110/4110
f 4111/4111/4111 4107/4107/4107 4108/4108/4108
f 4112/4112/4112 4111/4111/4111 4108/4108/4108
f 4109/4109/4109 4113/4113/4113 4110/4110/4110
f 4110/4110/4110 4113/4113/4113 4114/4114/4114
f 4115/4115/4115 4111/4111/4111 4112/4112/4112
f 4116/4116/4116 4115/4115/4115 4112/4112/4112
f 4114/4114/4114 4117/4117/4117 4116/4116/4116
f 4113/4113/4113 4117/4117/4117 4114/4114/4114
f 4117/4117/4117 4115/4115/4115 4116/4116/4116
f 4103/4103/4103 4107/4107/4107 4118/4118/4118
f 4107/4107/4107 4111/4111/4111 4119/4119/4119
f 4107/4107/4107 4119/4119/4119 4118/4118/4118
f 4111/4111/4111 4115/4115/4115 4120/4120/4120
f 4111/4111/4111 4120/4120/4120 4119/4119/4119
f 4115/4115/4115 4117/4117/4117 4121/4121/4121
f 4115/4115/4115 4121/4121/4121 4120/4120/4120
f 4122/4122/4122 4117/4117/4117 4113/4113/4113
f 4117/4117/4117 4122/4122/4122 4121/4121/4121
f 4113/4113/4113 4109/4109/4109 4123/4123/4123
f 4123/4123/4123 4122/4122/4122 4113/4113/4113
f 4103/4103/4103 4118/4118/4118 4124/4124/4124
f 4100/4100/4100 4103/4103/4103 4124/4124/4124
f 4109/4109/4109 4125/4125/4125 4123/4123/4123
f 4109/4109/4109 4105/4105/4105 4125/4125/4125
f 4124/4124/4124 4126/4126/4126 4100/4100/4100
f 4126/4126/4126 4099/4099/4099 4100/4100/4100
f 4105/4105/4105 4099/4099/4099 4127/4127/4127
f 4105/4105/4105 4127/4127/4127 4125/4125/4125
f 4099/4099/4099 4126/4126/4126 4127/4127/4127
f 4122/4122/4122 4128/4128/4128 4121/4121/4121
f 4123/4123/4123 4129/4129/4129 4122/4122/4122
f 4129/4129/4129 4128/4128/4128 4122/4122/4122
f 4125/4125/4125 4130/4130/4130 4123/4123/4123
f 4130/4130/4130 4129/4129/4129 4123/4123/4123
f 4127/4127/4127 4131/4131/4131 4125/4125/4125
f 4131/4131/4131 4130/4130/4130 4125/4125/4125
f 4126/4126/4126 4132/4132/4132 4127/4127/4127
f 4132/4132/4132 4131/4131/4131 4127/4127/4127
f 4124/4124/4124 4133/4133/4133 4126/4126/4126
f 4133/4133/4133 4132/4132/4132 4126/4126/4126
f 4128/4128/4128 4134/4134/4134 4121/4121/4121
f 4121/4121/4121 4134/4134/4134 4120/4120/4120
f 4135/4135/4135 4133/4133/4133 4124/4124/4124
f 4118/4118/4118 4135/4135/4135 4124/4124/4124
f 4134/4134/4134 4136/4136/4136 4120/4120/4120
f 4120/4120/4120 4136/4136/4136 4119/4119/4119
f 4119/4119/4119 4137/4137/4137 4118/4118/4118
f 4137/4137/4137 4135/4135/4135 4118/4118/4118
f 4136/4136/4136 4137/4137/4137 4119/4119/4119
f 4130/4130/4130 4131/4131/4131 4138/4138/4138
f 4131/4131/4131 4132/4132/4132 4139/4139/4139
f 4131/4131/4131 4139/4139/4139 4138/4138/4138
f 4140/4140/4140 4132/4132/4132 4133/4133/4133
f 4132/4132/4132 4140/4140/4140 4139/4139/4139
f 4133/4133/4133 4135/4135/4135 4141/4141/4141
f 4141/4141/4141 4140/4140/4140 4133/4133/4133
f 4135/4135/4135 4137/4137/4137 4142/4142/4142
f 4135/4135/4135 4142/4142/4142 4141/4141/4141
f 4137/4137/4137 4136/4136/4136 4143/4143/4143
f 4137/4137/4137 4143/4143/4143 4142/4142/4142
f 4130/4130/4130 4138/4138/4138 4144/4144/4144
f 4129/4129/4129 4130/4130/4130 4144/4144/4144
f 4136/4136/4136 4145/4145/4145 4143/4143/4143
f 4136/4136/4136 4134/4134/4134 4145/4145/4145
f 4144/4144/4144 4146/4146/4146 4129/4129/4129
f 4146/4146/4146 4128/4128/4128 4129/4129/4129
f 4134/4134/4134 4128/4128/4128 4147/4147/4147
f 4134/4134/4134 4147/4147/4147 4145/4145/4145
f 4128/4128/4128 4146/4146/4146 4147/4147/4147
f 4141/4141/4141 4148/4148/4148 4140/4140/4140
f 4142/4142/4142 4149/4149/4149 4141/4141/4141
f 4149/4149/4149 4148/4148/4148 4141/4141/4141
f 4143/4143/4143 4150/4150/4150 4142/4142/4142
f 4150/4150/4150 4149/4149/4149 4142/4142/4142
f 4145/4145/4145 4151/4151/4151 4143/4143/4143
f 4151/4151/4151 4150/4150/4150 4143/4143/4143
f 4147/4147/4147 4152/4152/4152 4145/4145/4145
f 4152/4152/4152 4151/4151/4151 4145/4145/4145
f 4146/4146/4146 4153/4153/4153 4147/4147/4147
f 4153/4153/4153 4152/4152/4152 4147/4147/4147
f 4148/4148/4148 4154/4154/4154 4140/4140/4140
f 4140/4140/4140 4154/4154/4154 4139/4139/4139
f 4155/4155/4155 4153/4153/4153 4146/4146/4146
f 4144/4144/4144 4155/4155/4155 4146/4146/4146
f 4154/4154/4154 4156/4156/4156 4139/4139/4139
f 4139/4139/4139 4156/4156/4156 4138/4138/4138
f 4138/4138/4138 4157/4157/4157 4144/4144/4144
f 4157/4157/4157 4155/4155/4155 4144/4144/4144
f 4156/4156/4156 4157/4157/4157 4138/4138/4138
f 4150/4150/4150 4151/4151/4151 4158/4158/4158
f 4151/4151/4151 4152/4152/4152 4159/4159/4159
f 4151/4151/4151 4159/4159/4159 4158/4158/4158
f 4152/4152/4152 4153/4153/4153 4160/4160/4160
f 4152/4152/4152 4160/4160/4160 4159/4159/4159
f 4161/4161/4161 4153/4153/4153 4155/4155/4155
f 4153/4153/4153 4161/4161/4161 4160/4160/4160
f 4159/4159/4159 4160/4160/4160 4162/4162/4162
f 4161/4161/4161 4162/4162/4162 4160/4160/4160
f 4159/4159/4159 4162/4162/4162 4158/4158/4158
f 4158/4158/4158 4162/4162/4162 4163/4163/4163
f 4150/4150/4150 4158/4158/4158 4164/4164/4164
f 4164/4164/4164 4158/4158/4158 4163/4163/4163
f 4149/4149/4149 4150/4150/4150 4164/4164/4164
f 4165/4165/4165 4161/4161/4161 4155/4155/4155
f 4161/4161/4161 4165/4165/4165 4162/4162/4162
f 4155/4155/4155 4157/4157/4157 4165/4165/4165
f 4162/4162/4162 4165/4165/4165 4163/4163/4163
f 4149/4149/4149 4164/4164/4164 4166/4166/4166
f 4166/4166/4166 4164/4164/4164 4163/4163/4163
f 4148/4148/4148 4149/4149/4149 4166/4166/4166
f 4157/4157/4157 4167/4167/4167 4165/4165/4165
f 4165/4165/4165 4167/4167/4167 4163/4163/4163
f 4157/4157/4157 4156/4156/4156 4167/4167/4167
f 4166/4166/4166 4168/4168/4168 4148/4148/4148
f 4166/4166/4166 4163/4163/4163 4168/4168/4168
f 4168/4168/4168 4154/4154/4154 4148/4148/4148
f 4156/4156/4156 4169/4169/4169 4167/4167/4167
f 4169/4169/4169 4163/4163/4163 4167/4167/4167
f 4156/4156/4156 4154/4154/4154 4169/4169/4169
f 4154/4154/4154 4168/4168/4168 4169/4169/4169
f 4169/4169/4169 4168/4168/4168 4163/4163/4163
f 4172/4172/4172 4171/4171/4171 4170/4170/4170
f 4172/4172/4172 4173/4173/4173 4171/4171/4171
f 4174/4174/4174 4172/4172/4172 4170/4170/4170
f 4173/4173/4173 4175/4175/4175 4171/4171/4171
f 4170/4170/4170 4171/4171/4171 4175/4175/4175
f 4175/4175/4175 4173/4173/4173 4176/4176/4176
f 4174/4174/4174 4170/4170/4170 4177/4177/4177
f 4177/4177/4177 4170/4170/4170 4175/4175/4175
f 4178/4178/4178 4174/4174/4174 4177/4177/4177
f 4179/4179/4179 4175/4175/4175 4176/4176/4176
f 4175/4175/4175 4179/4179/4179 4177/4177/4177
f 4176/4176/4176 4180/4180/4180 4179/4179/4179
f 4178/4178/4178 4177/4177/4177 4181/4181/4181
f 4181/4181/4181 4177/4177/4177 4179/4179/4179
f 4182/4182/4182 4178/4178/4178 4181/4181/4181
f 4180/4180/4180 4183/4183/4183 4179/4179/4179
f 4181/4181/4181 4179/4179/4179 4183/4183/4183
f 4180/4180/4180 4184/4184/4184 4183/4183/4183
f 4181/4181/4181 4185/4185/4185 4182/4182/4182
f 4183/4183/4183 4185/4185/4185 4181/4181/4181
f 4185/4185/4185 4183/4183/4183 4186/4186/4186
f 4185/4185/4185 4187/4187/4187 4182/4182/4182
f 4185/4185/4185 4186/4186/4186 4187/4187/4187
f 4186/4186/4186 4188/4188/4188 4187/4187/4187
f 4188/4188/4188 4186/4186/4186 4189/4189/4189
f 4190/4190/4190 4188/4188/4188 4189/4189/4189
f 4184/4184/4184 4191/4191/4191 4183/4183/4183
f 4183/4183/4183 4191/4191/4191 4186/4186/4186
f 4191/4191/4191 4184/4184/4184 4192/4192/4192
f 4193/4193/4193 4191/4191/4191 4192/4192/4192
f 4191/4191/4191 4193/4193/4193 4186/4186/4186
f 4192/4192/4192 4194/4194/4194 4193/4193/4193
f 4193/4193/4193 4195/4195/4195 4186/4186/4186
f 4194/4194/4194 4195/4195/4195 4193/4193/4193
f 4186/4186/4186 4195/4195/4195 4189/4189/4189
f 4195/4195/4195 4194/4194/4194 4196/4196/4196
f 4197/4197/4197 4195/4195/4195 4196/4196/4196
f 4195/4195/4195 4197/4197/4197 4189/4189/4189
f 4197/4197/4197 4196/4196/4196 4198/4198/4198
f 4199/4199/4199 4197/4197/4197 4198/4198/4198
f 4197/4197/4197 4199/4199/4199 4189/4189/4189
f 4198/4198/4198 4200/4200/4200 4199/4199/4199
f 4200/4200/4200 4201/4201/4201 4199/4199/4199
f 4189/4189/4189 4199/4199/4199 4201/4201/4201
f 4201/4201/4201 4200/4200/4200 4202/4202/4202
f 4203/4203/4203 4189/4189/4189 4201/4201/4201
f 4190/4190/4190 4189/4189/4189 4203/4203/4203
f 4204/4204/4204 4190/4190/4190 4203/4203/4203
f 4205/4205/4205 4201/4201/4201 4202/4202/4202
f 4203/4203/4203 4201/4201/4201 4205/4205/4205
f 4202/4202/4202 4206/4206/4206 4205/4205/4205
f 4204/4204/4204 4203/4203/4203 4207/4207/4207
f 4205/4205/4205 4207/4207/4207 4203/4203/4203
f 4208/4208/4208 4204/4204/4204 4207/4207/4207
f 4206/4206/4206 4209/4209/4209 4205/4205/4205
f 4207/4207/4207 4205/4205/4205 4209/4209/4209
f 4209/4209/4209 4206/4206/4206 4210/4210/4210
f 4208/4208/4208 4207/4207/4207 4211/4211/4211
f 4211/4211/4211 4207/4207/4207 4209/4209/4209
f 4212/4212/4212 4208/4208/4208 4211/4211/4211
f 4213/4213/4213 4209/4209/4209 4210/4210/4210
f 4209/4209/4209 4213/4213/4213 4211/4211/4211
f 4213/4213/4213 4210/4210/4210 4214/4214/4214
f 4212/4212/4212 4211/4211/4211 4215/4215/4215
f 4211/4211/4211 4213/4213/4213 4215/4215/4215
f 4216/4216/4216 4212/4212/4212 4215/4215/4215
f 4217/4217/4217 4213/4213/4213 4214/4214/4214
f 4213/4213/4213 4217/4217/4217 4215/4215/4215
f 4217/4217/4217 4214/4214/4214 4218/4218/4218
f 4216/4216/4216 4215/4215/4215 4219/4219/4219
f 4215/4215/4215 4217/4217/4217 4219/4219/4219
f 4220/4220/4220 4216/4216/4216 4219/4219/4219
f 4221/4221/4221 4217/4217/4217 4218/4218/4218
f 4217/4217/4217 4221/4221/4221 4219/4219/4219
f 4221/4221/4221 4218/4218/4218 4222/4222/4222
f 4220/4220/4220 4219/4219/4219 4223/4223/4223
f 4224/4224/4224 4220/4220/4220 4223/4223/4223
f 4225/4225/4225 4223/4223/4223 4219/4219/4219
f 4224/4224/4224 4223/4223/4223 4225/4225/4225
f 4225/4225/4225 4219/4219/4219 4221/4221/4221
f 4226/4226/4226 4224/4224/4224 4225/4225/4225
f 4227/4227/4227 4221/4221/4221 4222/4222/4222
f 4221/4221/4221 4227/4227/4227 4225/4225/4225
f 4227/4227/4227 4222/4222/4222 4228/4228/4228
f 4226/4226/4226 4225/4225/4225 4229/4229/4229
f 4229/4229/4229 4225/4225/4225 4227/4227/4227
f 4230/4230/4230 4226/4226/4226 4229/4229/4229
f 4230/4230/4230 4229/4229/4229 4231/4231/4231
f 4231/4231/4231 4229/4229/4229 4227/4227/4227
f 4232/4232/4232 4230/4230/4230 4231/4231/4231
f 4233/4233/4233 4227/4227/4227 4228/4228/4228
f 4233/4233/4233 4231/4231/4231 4227/4227/4227
f 4233/4233/4233 4228/4228/4228 4234/4234/4234
f 4232/4232/4232 4231/4231/4231 4235/4235/4235
f 4235/4235/4235 4231/4231/4231 4233/4233/4233
f 4236/4236/4236 4232/4232/4232 4235/4235/4235
f 4237/4237/4237 4233/4233/4233 4234/4234/4234
f 4237/4237/4237 4235/4235/4235 4233/4233/4233
f 4237/4237/4237 4234/4234/4234 4238/4238/4238
f 4236/4236/4236 4235/4235/4235 4239/4239/4239
f 4239/4239/4239 4235/4235/4235 4237/4237/4237
f 4240/4240/4240 4236/4236/4236 4239/4239/4239
f 4241/4241/4241 4237/4237/4237 4238/4238/4238
f 4241/4241/4241 4239/4239/4239 4237/4237/4237
f 4241/4241/4241 4238/4238/4238 4242/4242/4242
f 4240/4240/4240 4239/4239/4239 4243/4243/4243
f 4243/4243/4243 4239/4239/4239 4241/4241/4241
f 4244/4244/4244 4240/4240/4240 4243/4243/4243
f 4242/4242/4242 4244/4244/4244 4245/4245/4245
f 4245/4245/4245 4241/4241/4241 4242/4242/4242
f 4244/4244/4244 4243/4243/4243 4245/4245/4245
f 4245/4245/4245 4243/4243/4243 4241/4241/4241
f 4248/4248/4248 4247/4247/4247 4246/4246/4246
f 4246/4246/4246 4247/4247/4247 4249/4249/4249
f 4247/4247/4247 4250/4250/4250 4249/4249/4249
f 4251/4251/4251 4248/4248/4248 4246/4246/4246
f 4252/4252/4252 4248/4248/4248 4251/4251/4251
f 4253/4253/4253 4251/4251/4251 4246/4246/4246
f 4253/4253/4253 4252/4252/4252 4251/4251/4251
f 4253/4253/4253 4246/4246/4246 4249/4249/4249
f 4252/4252/4252 4253/4253/4253 4254/4254/4254
f 4253/4253/4253 4255/4255/4255 4254/4254/4254
f 4249/4249/4249 4255/4255/4255 4253/4253/4253
f 4256/4256/4256 4254/4254/4254 4255/4255/4255
f 4249/4249/4249 4250/4250/4250 4257/4257/4257
f 4255/4255/4255 4249/4249/4249 4257/4257/4257
f 4250/4250/4250 4258/4258/4258 4257/4257/4257
f 4259/4259/4259 4256/4256/4256 4255/4255/4255
f 4259/4259/4259 4255/4255/4255 4257/4257/4257
f 4260/4260/4260 4256/4256/4256 4259/4259/4259
f 4261/4261/4261 4257/4257/4257 4258/4258/4258
f 4257/4257/4257 4261/4261/4261 4259/4259/4259
f 4259/4259/4259 4261/4261/4261 4262/4262/4262
f 4263/4263/4263 4261/4261/4261 4258/4258/4258
f 4262/4262/4262 4261/4261/4261 4263/4263/4263
f 4264/4264/4264 4262/4262/4262 4263/4263/4263
f 4262/4262/4262 4264/4264/4264 4265/4265/4265
f 4264/4264/4264 4266/4266/4266 4265/4265/4265
f 4267/4267/4267 4260/4260/4260 4259/4259/4259
f 4267/4267/4267 4259/4259/4259 4262/4262/4262
f 4260/4260/4260 4267/4267/4267 4268/4268/4268
f 4267/4267/4267 4269/4269/4269 4268/4268/4268
f 4269/4269/4269 4267/4267/4267 4262/4262/4262
f 4270/4270/4270 4268/4268/4268 4269/4269/4269
f 4271/4271/4271 4269/4269/4269 4262/4262/4262
f 4271/4271/4271 4270/4270/4270 4269/4269/4269
f 4271/4271/4271 4262/4262/4262 4265/4265/4265
f 4270/4270/4270 4271/4271/4271 4272/4272/4272
f 4271/4271/4271 4273/4273/4273 4272/4272/4272
f 4273/4273/4273 4271/4271/4271 4265/4265/4265
f 4272/4272/4272 4273/4273/4273 4274/4274/4274
f 4273/4273/4273 4275/4275/4275 4274/4274/4274
f 4275/4275/4275 4273/4273/4273 4265/4265/4265
f 4276/4276/4276 4274/4274/4274 4275/4275/4275
f 4277/4277/4277 4276/4276/4276 4275/4275/4275
f 4277/4277/4277 4275/4275/4275 4265/4265/4265
f 4276/4276/4276 4277/4277/4277 4278/4278/4278
f 4277/4277/4277 4265/4265/4265 4279/4279/4279
f 4265/4265/4265 4266/4266/4266 4279/4279/4279
f 4266/4266/4266 4280/4280/4280 4279/4279/4279
f 4277/4277/4277 4281/4281/4281 4278/4278/4278
f 4281/4281/4281 4277/4277/4277 4279/4279/4279
f 4282/4282/4282 4278/4278/4278 4281/4281/4281
f 4279/4279/4279 4280/4280/4280 4283/4283/4283
f 4279/4279/4279 4283/4283/4283 4281/4281/4281
f 4280/4280/4280 4284/4284/4284 4283/4283/4283
f 4285/4285/4285 4282/4282/4282 4281/4281/4281
f 4285/4285/4285 4281/4281/4281 4283/4283/4283
f 4282/4282/4282 4285/4285/4285 4286/4286/4286
f 4283/4283/4283 4284/4284/4284 4287/4287/4287
f 4285/4285/4285 4283/4283/4283 4287/4287/4287
f 4284/4284/4284 4288/4288/4288 4287/4287/4287
f 4285/4285/4285 4289/4289/4289 4286/4286/4286
f 4287/4287/4287 4289/4289/4289 4285/4285/4285
f 4286/4286/4286 4289/4289/4289 4290/4290/4290
f 4287/4287/4287 4288/4288/4288 4291/4291/4291
f 4289/4289/4289 4287/4287/4287 4291/4291/4291
f 4288/4288/4288 4292/4292/4292 4291/4291/4291
f 4289/4289/4289 4293/4293/4293 4290/4290/4290
f 4293/4293/4293 4289/4289/4289 4291/4291/4291
f 4290/4290/4290 4293/4293/4293 4294/4294/4294
f 4291/4291/4291 4292/4292/4292 4295/4295/4295
f 4293/4293/4293 4291/4291/4291 4295/4295/4295
f 4292/4292/4292 4296/4296/4296 4295/4295/4295
f 4293/4293/4293 4297/4297/4297 4294/4294/4294
f 4297/4297/4297 4293/4293/4293 4295/4295/4295
f 4294/4294/4294 4297/4297/4297 4298/4298/4298
f 4295/4295/4295 4296/4296/4296 4299/4299/4299
f 4296/4296/4296 4300/4300/4300 4299/4299/4299
f 4295/4295/4295 4299/4299/4299 4301/4301/4301
f 4299/4299/4299 4300/4300/4300 4301/4301/4301
f 4297/4297/4297 4295/4295/4295 4301/4301/4301
f 4300/4300/4300 4302/4302/4302 4301/4301/4301
f 4297/4297/4297 4303/4303/4303 4298/4298/4298
f 4301/4301/4301 4303/4303/4303 4297/4297/4297
f 4298/4298/4298 4303/4303/4303 4304/4304/4304
f 4301/4301/4301 4302/4302/4302 4305/4305/4305
f 4301/4301/4301 4305/4305/4305 4303/4303/4303
f 4302/4302/4302 4306/4306/4306 4305/4305/4305
f 4305/4305/4305 4306/4306/4306 4307/4307/4307
f 4305/4305/4305 4307/4307/4307 4303/4303/4303
f 4306/4306/4306 4308/4308/4308 4307/4307/4307
f 4303/4303/4303 4309/4309/4309 4304/4304/4304
f 4307/4307/4307 4309/4309/4309 4303/4303/4303
f 4304/4304/4304 4309/4309/4309 4310/4310/4310
f 4307/4307/4307 4308/4308/4308 4311/4311/4311
f 4307/4307/4307 4311/4311/4311 4309/4309/4309
f 4308/4308/4308 4312/4312/4312 4311/4311/4311
f 4309/4309/4309 4313/4313/4313 4310/4310/4310
f 4311/4311/4311 4313/4313/4313 4309/4309/4309
f 4310/4310/4310 4313/4313/4313 4314/4314/4314
f 4311/4311/4311 4312/4312/4312 4315/4315/4315
f 4311/4311/4311 4315/4315/4315 4313/4313/4313
f 4312/4312/4312 4316/4316/4316 4315/4315/4315
f 4313/4313/4313 4317/4317/4317 4314/4314/4314
f 4315/4315/4315 4317/4317/4317 4313/4313/4313
f 4314/4314/4314 4317/4317/4317 4318/4318/4318
f 4315/4315/4315 4316/4316/4316 4319/4319/4319
f 4315/4315/4315 4319/4319/4319 4317/4317/4317
f 4316/4316/4316 4320/4320/4320 4319/4319/4319
f 4320/4320/4320 4318/4318/4318 4321/4321/4321
f 4317/4317/4317 4321/4321/4321 4318/4318/4318
f 4319/4319/4319 4320/4320/4320 4321/4321/4321
f 4319/4319/4319 4321/4321/4321 4317/4317/4317
f 4324/4324/4324 4323/4323/4323 4322/4322/4322
f 4322/4322/4322 4323/4323/4323 4325/4325/4325
f 4323/4323/4323 4326/4326/4326 4325/4325/4325
f 4327/4327/4327 4324/4324/4324 4322/4322/4322
f 4327/4327/4327 4322/4322/4322 4325/4325/4325
f 4328/4328/4328 4324/4324/4324 4327/4327/4327
f 4329/4329/4329 4328/4328/4328 4327/4327/4327
f 4325/4325/4325 4329/4329/4329 4327/4327/4327
f 4328/4328/4328 4329/4329/4329 4330/4330/4330
f 4329/4329/4329 4331/4331/4331 4330/4330/4330
f 4325/4325/4325 4331/4331/4331 4329/4329/4329
f 4332/4332/4332 4330/4330/4330 4331/4331/4331
f 4325/4325/4325 4326/4326/4326 4333/4333/4333
f 4331/4331/4331 4325/4325/4325 4333/4333/4333
f 4326/4326/4326 4334/4334/4334 4333/4333/4333
f 4335/4335/4335 4332/4332/4332 4331/4331/4331
f 4333/4333/4333 4335/4335/4335 4331/4331/4331
f 4336/4336/4336 4332/4332/4332 4335/4335/4335
f 4337/4337/4337 4333/4333/4333 4334/4334/4334
f 4333/4333/4333 4337/4337/4337 4335/4335/4335
f 4335/4335/4335 4337/4337/4337 4338/4338/4338
f 4339/4339/4339 4337/4337/4337 4334/4334/4334
f 4338/4338/4338 4337/4337/4337 4339/4339/4339
f 4340/4340/4340 4338/4338/4338 4339/4339/4339
f 4338/4338/4338 4340/4340/4340 4341/4341/4341
f 4340/4340/4340 4342/4342/4342 4341/4341/4341
f 4343/4343/4343 4336/4336/4336 4335/4335/4335
f 4343/4343/4343 4335/4335/4335 4338/4338/4338
f 4336/4336/4336 4343/4343/4343 4344/4344/4344
f 4343/4343/4343 4345/4345/4345 4344/4344/4344
f 4345/4345/4345 4343/4343/4343 4338/4338/4338
f 4346/4346/4346 4344/4344/4344 4345/4345/4345
f 4347/4347/4347 4345/4345/4345 4338/4338/4338
f 4347/4347/4347 4346/4346/4346 4345/4345/4345
f 4347/4347/4347 4338/4338/4338 4341/4341/4341
f 4346/4346/4346 4347/4347/4347 4348/4348/4348
f 4347/4347/4347 4349/4349/4349 4348/4348/4348
f 4349/4349/4349 4347/4347/4347 4341/4341/4341
f 4348/4348/4348 4349/4349/4349 4350/4350/4350
f 4349/4349/4349 4351/4351/4351 4350/4350/4350
f 4351/4351/4351 4349/4349/4349 4341/4341/4341
f 4352/4352/4352 4350/4350/4350 4351/4351/4351
f 4353/4353/4353 4352/4352/4352 4351/4351/4351
f 4353/4353/4353 4351/4351/4351 4341/4341/4341
f 4352/4352/4352 4353/4353/4353 4354/4354/4354
f 4341/4341/4341 4355/4355/4355 4353/4353/4353
f 4341/4341/4341 4342/4342/4342 4355/4355/4355
f 4342/4342/4342 4356/4356/4356 4355/4355/4355
f 4353/4353/4353 4357/4357/4357 4354/4354/4354
f 4355/4355/4355 4357/4357/4357 4353/4353/4353
f 4358/4358/4358 4354/4354/4354 4357/4357/4357
f 4355/4355/4355 4356/4356/4356 4359/4359/4359
f 4355/4355/4355 4359/4359/4359 4357/4357/4357
f 4356/4356/4356 4360/4360/4360 4359/4359/4359
f 4361/4361/4361 4358/4358/4358 4357/4357/4357
f 4361/4361/4361 4357/4357/4357 4359/4359/4359
f 4358/4358/4358 4361/4361/4361 4362/4362/4362
f 4359/4359/4359 4360/4360/4360 4363/4363/4363
f 4359/4359/4359 4363/4363/4363 4361/4361/4361
f 4360/4360/4360 4364/4364/4364 4363/4363/4363
f 4361/4361/4361 4365/4365/4365 4362/4362/4362
f 4363/4363/4363 4365/4365/4365 4361/4361/4361
f 4362/4362/4362 4365/4365/4365 4366/4366/4366
f 4363/4363/4363 4364/4364/4364 4367/4367/4367
f 4365/4365/4365 4363/4363/4363 4367/4367/4367
f 4364/4364/4364 4368/4368/4368 4367/4367/4367
f 4365/4365/4365 4369/4369/4369 4366/4366/4366
f 4369/4369/4369 4365/4365/4365 4367/4367/4367
f 4366/4366/4366 4369/4369/4369 4370/4370/4370
f 4367/4367/4367 4368/4368/4368 4371/4371/4371
f 4369/4369/4369 4367/4367/4367 4371/4371/4371
f 4368/4368/4368 4372/4372/4372 4371/4371/4371
f 4369/4369/4369 4373/4373/4373 4370/4370/4370
f 4373/4373/4373 4369/4369/4369 4371/4371/4371
f 4370/4370/4370 4373/4373/4373 4374/4374/4374
f 4371/4371/4371 4372/4372/4372 4375/4375/4375
f 4372/4372/4372 4376/4376/4376 4375/4375/4375
f 4371/4371/4371 4375/4375/4375 4377/4377/4377
f 4375/4375/4375 4376/4376/4376 4377/4377/4377
f 4377/4377/4377 4373/4373/4373 4371/4371/4371
f 4376/4376/4376 4378/4378/4378 4377/4377/4377
f 4373/4373/4373 4379/4379/4379 4374/4374/4374
f 4377/4377/4377 4379/4379/4379 4373/4373/4373
f 4374/4374/4374 4379/4379/4379 4380/4380/4380
f 4377/4377/4377 4378/4378/4378 4381/4381/4381
f 4377/4377/4377 4381/4381/4381 4379/4379/4379
f 4378/4378/4378 4382/4382/4382 4381/4381/4381
f 4381/4381/4381 4382/4382/4382 4383/4383/4383
f 4381/4381/4381 4383/4383/4383 4379/4379/4379
f 4382/4382/4382 4384/4384/4384 4383/4383/4383
f 4379/4379/4379 4385/4385/4385 4380/4380/4380
f 4383/4383/4383 4385/4385/4385 4379/4379/4379
f 4380/4380/4380 4385/4385/4385 4386/4386/4386
f 4383/4383/4383 4384/4384/4384 4387/4387/4387
f 4383/4383/4383 4387/4387/4387 4385/4385/4385
f 4384/4384/4384 4388/4388/4388 4387/4387/4387
f 4385/4385/4385 4389/4389/4389 4386/4386/4386
f 4387/4387/4387 4389/4389/4389 4385/4385/4385
f 4386/4386/4386 4389/4389/4389 4390/4390/4390
f 4387/4387/4387 4388/4388/4388 4391/4391/4391
f 4387/4387/4387 4391/4391/4391 4389/4389/4389
f 4388/4388/4388 4392/4392/4392 4391/4391/4391
f 4389/4389/4389 4393/4393/4393 4390/4390/4390
f 4391/4391/4391 4393/4393/4393 4389/4389/4389
f 4390/4390/4390 4393/4393/4393 4394/4394/4394
f 4391/4391/4391 4392/4392/4392 4395/4395/4395
f 4391/4391/4391 4395/4395/4395 4393/4393/4393
f 4392/4392/4392 4396/4396/4396 4395/4395/4395
f 4396/4396/4396 4394/4394/4394 4397/4397/4397
f 4393/4393/4393 4397/4397/4397 4394/4394/4394
f 4395/4395/4395 4396/4396/4396 4397/4397/4397
f 4395/4395/4395 4397/4397/4397 4393/4393/4393
f 4400/4400/4400 4399/4399/4399 4398/4398/4398
f 4401/4401/4401 4400/4400/4400 4398/4398/4398
f 4400/4400/4400 4402/4402/4402 4399/4399/4399
f 4401/4401/4401 4398/4398/4398 4403/4403/4403
f 4403/4403/4403 4398/4398/4398 4399/4399/4399
f 4404/4404/4404 4401/4401/4401 4403/4403/4403
f 4402/4402/4402 4405/4405/4405 4399/4399/4399
f 4399/4399/4399 4405/4405/4405 4403/4403/4403
f 4405/4405/4405 4402/4402/4402 4406/4406/4406
f 4407/4407/4407 4405/4405/4405 4406/4406/4406
f 4405/4405/4405 4407/4407/4407 4403/4403/4403
f 4406/4406/4406 4408/4408/4408 4407/4407/4407
f 4404/4404/4404 4403/4403/4403 4409/4409/4409
f 4409/4409/4409 4403/4403/4403 4407/4407/4407
f 4410/4410/4410 4404/4404/4404 4409/4409/4409
f 4408/4408/4408 4411/4411/4411 4407/4407/4407
f 4407/4407/4407 4411/4411/4411 4409/4409/4409
f 4408/4408/4408 4412/4412/4412 4411/4411/4411
f 4409/4409/4409 4413/4413/4413 4410/4410/4410
f 4411/4411/4411 4413/4413/4413 4409/4409/4409
f 4413/4413/4413 4411/4411/4411 4414/4414/4414
f 4413/4413/4413 4415/4415/4415 4410/4410/4410
f 4413/4413/4413 4414/4414/4414 4415/4415/4415
f 4414/4414/4414 4416/4416/4416 4415/4415/4415
f 4416/4416/4416 4414/4414/4414 4417/4417/4417
f 4418/4418/4418 4416/4416/4416 4417/4417/4417
f 4412/4412/4412 4419/4419/4419 4411/4411/4411
f 4411/4411/4411 4419/4419/4419 4414/4414/4414
f 4419/4419/4419 4412/4412/4412 4420/4420/4420
f 4421/4421/4421 4419/4419/4419 4420/4420/4420
f 4419/4419/4419 4421/4421/4421 4414/4414/4414
f 4420/4420/4420 4422/4422/4422 4421/4421/4421
f 4421/4421/4421 4423/4423/4423 4414/4414/4414
f 4422/4422/4422 4423/4423/4423 4421/4421/4421
f 4414/4414/4414 4423/4423/4423 4417/4417/4417
f 4423/4423/4423 4422/4422/4422 4424/4424/4424
f 4425/4425/4425 4423/4423/4423 4424/4424/4424
f 4423/4423/4423 4425/4425/4425 4417/4417/4417
f 4425/4425/4425 4424/4424/4424 4426/4426/4426
f 4427/4427/4427 4425/4425/4425 4426/4426/4426
f 4425/4425/4425 4427/4427/4427 4417/4417/4417
f 4426/4426/4426 4428/4428/4428 4427/4427/4427
f 4428/4428/4428 4429/4429/4429 4427/4427/4427
f 4417/4417/4417 4427/4427/4427 4429/4429/4429
f 4429/4429/4429 4428/4428/4428 4430/4430/4430
f 4429/4429/4429 4431/4431/4431 4417/4417/4417
f 4418/4418/4418 4417/4417/4417 4431/4431/4431
f 4432/4432/4432 4418/4418/4418 4431/4431/4431
f 4433/4433/4433 4429/4429/4429 4430/4430/4430
f 4429/4429/4429 4433/4433/4433 4431/4431/4431
f 4430/4430/4430 4434/4434/4434 4433/4433/4433
f 4432/4432/4432 4431/4431/4431 4435/4435/4435
f 4433/4433/4433 4435/4435/4435 4431/4431/4431
f 4436/4436/4436 4432/4432/4432 4435/4435/4435
f 4434/4434/4434 4437/4437/4437 4433/4433/4433
f 4435/4435/4435 4433/4433/4433 4437/4437/4437
f 4437/4437/4437 4434/4434/4434 4438/4438/4438
f 4436/4436/4436 4435/4435/4435 4439/4439/4439
f 4437/4437/4437 4439/4439/4439 4435/4435/4435
f 4440/4440/4440 4436/4436/4436 4439/4439/4439
f 4441/4441/4441 4437/4437/4437 4438/4438/4438
f 4437/4437/4437 4441/4441/4441 4439/4439/4439
f 4441/4441/4441 4438/4438/4438 4442/4442/4442
f 4440/4440/4440 4439/4439/4439 4443/4443/4443
f 4439/4439/4439 4441/4441/4441 4443/4443/4443
f 4444/4444/4444 4440/4440/4440 4443/4443/4443
f 4445/4445/4445 4441/4441/4441 4442/4442/4442
f 4441/4441/4441 4445/4445/4445 4443/4443/4443
f 4445/4445/4445 4442/4442/4442 4446/4446/4446
f 4444/4444/4444 4443/4443/4443 4447/4447/4447
f 4443/4443/4443 4445/4445/4445 4447/4447/4447
f 4448/4448/4448 4444/4444/4444 4447/4447/4447
f 4449/4449/4449 4445/4445/4445 4446/4446/4446
f 4445/4445/4445 4449/4449/4449 4447/4447/4447
f 4449/4449/4449 4446/4446/4446 4450/4450/4450
f 4448/4448/4448 4447/4447/4447 4451/4451/4451
f 4452/4452/4452 4448/4448/4448 4451/4451/4451
f 4453/4453/4453 4451/4451/4451 4447/4447/4447
f 4452/4452/4452 4451/4451/4451 4453/4453/4453
f 4447/4447/4447 4449/4449/4449 4453/4453/4453
f 4454/4454/4454 4452/4452/4452 4453/4453/4453
f 4455/4455/4455 4449/4449/4449 4450/4450/4450
f 4449/4449/4449 4455/4455/4455 4453/4453/4453
f 4455/4455/4455 4450/4450/4450 4456/4456/4456
f 4454/4454/4454 4453/4453/4453 4457/4457/4457
f 4457/4457/4457 4453/4453/4453 4455/4455/4455
f 4458/4458/4458 4454/4454/4454 4457/4457/4457
f 4458/4458/4458 4457/4457/4457 4459/4459/4459
f 4459/4459/4459 4457/4457/4457 4455/4455/4455
f 4460/4460/4460 4458/4458/4458 4459/4459/4459
f 4461/4461/4461 4455/4455/4455 4456/4456/4456
f 4461/4461/4461 4459/4459/4459 4455/4455/4455
f 4461/4461/4461 4456/4456/4456 4462/4462/4462
f 4460/4460/4460 4459/4459/4459 4463/4463/4463
f 4463/4463/4463 4459/4459/4459 4461/4461/4461
f 4464/4464/4464 4460/4460/4460 4463/4463/4463
f 4465/4465/4465 4461/4461/4461 4462/4462/4462
f 4465/4465/4465 4463/4463/4463 4461/4461/4461
f 4465/4465/4465 4462/4462/4462 4466/4466/4466
f 4464/4464/4464 4463/4463/4463 4467/4467/4467
f 4467/4467/4467 4463/4463/4463 4465/4465/4465
f 4468/4468/4468 4464/4464/4464 4467/4467/4467
f 4469/4469/4469 4465/4465/4465 4466/4466/4466
f 4469/4469/4469 4467/4467/4467 4465/4465/4465
f 4469/4469/4469 4466/4466/4466 4470/4470/4470
f 4468/4468/4468 4467/4467/4467 4471/4471/4471
f 4471/4471/4471 4467/4467/4467 4469/4469/4469
f 4472/4472/4472 4468/4468/4468 4471/4471/4471
f 4470/4470/4470 4472/4472/4472 4473/4473/4473
f 4473/4473/4473 4469/4469/4469 4470/4470/4470
f 4472/4472/4472 4471/4471/4471 4473/4473/4473
f 4473/4473/4473 4471/4471/4471 4469/4469/4469
f 3429/3429/3429 4474/4474/4474 3434/3434/3434
f 3429/3429/3429 4474/4474/4474 3434/3434/3434
f 4474/4474/4474 3496/3496/3496 3434/3434/3434
f 4474/4474/4474 3496/3496/3496 3434/3434/3434
f 4474/4474/4474 3429/3429/3429 3437/3437/3437
f 4474/4474/4474 3429/3429/3429 3437/3437/3437
f 3494/3494/3494 3496/3496/3496 4474/4474/4474
f 3494/3494/3494 3496/3496/3496 4474/4474/4474
f 4475/4475/4475 4474/4474/4474 3437/3437/3437
f 4475/4475/4475 4474/4474/4474 3437/3437/3437
f 4475/4475/4475 3494/3494/3494 4474/4474/4474
f 4475/4475/4475 3494/3494/3494 4474/4474/4474
f 3437/3437/3437 3440/3440/3440 4475/4475/4475
f 3437/3437/3437 3440/3440/3440 4475/4475/4475
f 3492/3492/3492 3494/3494/3494 4475/4475/4475
f 3492/3492/3492 3494/3494/3494 4475/4475/4475
f 3440/3440/3440 4476/4476/4476 4475/4475/4475
f 3440/3440/3440 4476/4476/4476 4475/4475/4475
f 4476/4476/4476 3492/3492/3492 4475/4475/4475
f 4476/4476/4476 3492/3492/3492 4475/4475/4475
f 3440/3440/3440 3443/3443/3443 4476/4476/4476
f 3440/3440/3440 3443/3443/3443 4476/4476/4476
f 3490/3490/3490 3492/3492/3492 4476/4476/4476
f 3490/3490/3490 3492/3492/3492 4476/4476/4476
f 3443/3443/3443 4477/4477/4477 4476/4476/4476
f 3443/3443/3443 4477/4477/4477 4476/4476/4476
f 4477/4477/4477 3490/3490/3490 4476/4476/4476
f 4477/4477/4477 3490/3490/3490 4476/4476/4476
f 3443/3443/3443 3446/3446/3446 4477/4477/4477
f 3443/3443/3443 3446/3446/3446 4477/4477/4477
f 3488/3488/3488 3490/3490/3490 4477/4477/4477
f 3488/3488/3488 3490/3490/3490 4477/4477/4477
f 3446/3446/3446 4478/4478/4478 4477/4477/4477
f 3446/3446/3446 4478/4478/4478 4477/4477/4477
f 4478/4478/4478 3488/3488/3488 4477/4477/4477
f 4478/4478/4478 3488/3488/3488 4477/4477/4477
f 3446/3446/3446 3449/3449/3449 4478/4478/4478
f 3446/3446/3446 3449/3449/3449 4478/4478/4478
f 3486/3486/3486 3488/3488/3488 4478/4478/4478
f 3486/3486/3486 3488/3488/3488 4478/4478/4478
f 3449/3449/3449 4479/4479/4479 4478/4478/4478
f 3449/3449/3449 4479/4479/4479 4478/4478/4478
f 4479/4479/4479 3486/3486/3486 4478/4478/4478
f 4479/4479/4479 3486/3486/3486 4478/4478/4478
f 3449/3449/3449 3452/3452/3452 4479/4479/4479
f 3449/3449/3449 3452/3452/3452 4479/4479/4479
f 3485/3485/3485 3486/3486/3486 4479/4479/4479
f 3485/3485/3485 3486/3486/3486 4479/4479/4479
f 3452/3452/3452 4480/4480/4480 4479/4479/4479
f 3452/3452/3452 4480/4480/4480 4479/4479/4479
f 4480/4480/4480 3485/3485/3485 4479/4479/4479
f 4480/4480/4480 3485/3485/3485 4479/4479/4479
f 3452/3452/3452 3455/3455/3455 4480/4480/4480
f 3452/3452/3452 3455/3455/3455 4480/4480/4480
f 3466/3466/3466 3485/3485/3485 4480/4480/4480
f 3466/3466/3466 3485/3485/3485 4480/4480/4480
f 3455/3455/3455 3464/3464/3464 4480/4480/4480
f 3455/3455/3455 3464/3464/3464 4480/4480/4480
f 3464/3464/3464 3466/3466/3466 4480/4480/4480
f 3464/3464/3464 3466/3466/3466 4480/4480/4480
