g item_11_13item_11_13_mobile
v -1.41470242 -1.15631863 -0.193454069
v -1.35489053 -1.0882292 -0.126610726
v -1.3112777 -1.18186329 -0.0622595452
v -1.38461846 -1.2374029 -0.126699732
v -1.23108349 -1.30700542 -0.0641286666
v -1.3190212 -1.33833546 -0.12652172
v -0.523398507 -0.477026494 0.998867399
v -0.439822076 -0.597718335 0.851295811
v -0.510314656 -0.618634694 0.938165455
v -0.453172944 -0.429586411 0.92285646
v -0.618456683 -0.370219554 1.01355335
v -0.547875097 -0.3078265 0.949291178
v -1.2127483 -1.85180982 -0.04632751
v -1.25066476 -1.69355753 -0.0645736955
v -1.14848612 -1.67166211 -0.0221179371
v -1.10754346 -1.83383065 -0.0101021564
v -1.17785803 -1.99537614 -0.116375061
v -1.07336524 -1.98024516 -0.0772125167
v -0.36692634 -1.2959687 0.921076345
v -0.403062688 -1.0943706 0.934249201
v -0.350549276 -1.08644909 0.833227637
v -0.320376316 -1.29267549 0.816850573
v -0.443382308 -1.48911125 0.899447939
v -0.393806087 -1.48804318 0.796557254
v -0.257093204 2.4918504 0.902741153
v -0.23163755 2.50893951 0.98533852
v -0.282815875 2.57533783 0.965401225
v -0.32660672 2.48864619 0.886275084
v -0.354198513 2.5687514 0.953118426
v -1.06108244 -2.36127892 -0.0994639624
v -0.969406485 -2.30938855 -0.0584322965
v -0.899269928 -2.46683978 -0.0309295096
v -0.9819563 -2.53101295 -0.071338135
v -0.843463302 -2.64947964 -0.094301627
v -0.772614699 -2.57053151 -0.0554951057
v -0.230124452 -1.72755774 0.790415855
v -0.187935711 -1.72114933 0.68690213
v -0.199417457 -1.92310345 0.63857199
v -0.23733392 -1.95576857 0.739059519
v -0.334350224 -2.38673457 0.620325804
v -0.282637864 -2.1562986 0.681472777
v -0.291182419 -2.31704304 0.540487617
v -0.329098882 -2.20970207 0.770567566
v -0.383748433 -1.98567451 0.828332319
v -0.335418293 -1.94615595 0.732384085
v 0.183485422 -2.66710279 -0.535859316
v 0.172626716 -2.50902852 -0.660022383
v 0.101689107 -2.58922273 -0.533723177
v 0.263323609 -2.57373572 -0.672483193
v 0.332036073 -2.41290227 -0.744844894
v 0.235108776 -2.35914278 -0.723661518
v 0.601456578 -1.26766486 -1.19343404
v 0.509157581 -1.20705193 -1.2158635
v 0.437863949 -1.30558133 -1.21043414
v 0.537817443 -1.35586959 -1.20144456
v 0.386062583 -1.41666054 -1.12623467
v 0.494026598 -1.44576543 -1.13424519
v -0.189448809 2.66247449 -1.20402573
v -0.180370219 2.47930059 -1.18702562
v -0.131684056 2.53537423 -1.27184814
v -0.232260591 2.59385103 -1.12534462
v -0.233061643 2.77880505 -1.10852252
v -0.268396938 2.70074697 -1.03544878
v -0.172092681 2.82651215 -0.806703914
v -0.131506044 2.91124565 -0.85975136
v 0.0332436599 2.81164818 -0.843908331
v -0.0295944228 2.72994087 -0.798159358
v -0.0994639624 2.66078338 -0.959882866
v 0.142453756 2.70341715 -0.874348309
v -0.237155909 2.82936033 -0.842395233
v 0.0728512333 2.63150048 -0.822279926
v 0.225140128 2.58094519 -0.916626055
v 0.147438079 2.5225574 -0.859840366
v 0.268396938 2.45081874 -0.964066138
v -0.0436573365 2.5748928 -1.00536482
v 0.185176531 2.4025776 -0.906034367
v 0.405821867 2.3055613 -0.908170506
v 0.0129503414 2.47440527 -1.05013473
v 0.323847541 2.26541969 -0.842573244
v 0.463230597 2.13751838 -0.926060668
v 0.0653747476 2.35807471 -1.08831821
v 0.377251011 2.11918319 -0.856814169
v 0.401994619 1.89204043 -1.00776798
v 0.110767697 2.22216288 -1.11350685
v 0.308627552 1.88767915 -0.945107906
v 0.425136122 1.73628031 -0.992726
v 0.147438079 2.06195247 -1.12730274
v 0.332303091 1.73574628 -0.928730842
v 0.488241222 1.49124739 -0.895353673
v 0.166663329 1.86551671 -1.13362215
v 0.397455324 1.50379721 -0.8295784
v 0.456911187 1.24870663 -0.861798493
v 0.179480161 1.654573 -1.11866918
v 0.366748329 1.27558638 -0.799583451
v 0.386507612 1.05538607 -0.85405499
v 0.182862381 1.45119479 -1.08849622
v 0.296166743 1.09170043 -0.797269301
v 0.416413555 0.935762299 -0.73015894
v 0.168888473 1.25351294 -1.04942268
v 0.328920871 0.977684023 -0.672394187
v 0.35152834 0.655750106 -0.619524752
v 0.137825455 1.06188349 -1.00020249
v 0.26919799 0.709331587 -0.564341167
v 0.213124347 0.468214921 -0.593001029
v 0.0969718005 0.897400806 -0.937275397
v 0.132218091 0.532210079 -0.547519074
v 0.216417561 0.370219554 -0.446675522
v 0.0403641226 0.691085402 -0.852541892
v 0.121359385 0.437774943 -0.396565266
v 0.144589894 0.187668693 -0.34983723
v -0.0369819028 0.510225651 -0.764515172
v 0.0583432907 0.238936024 -0.298213876
v 0.0169556016 -0.0500657529 -0.352863426
v -0.111212726 0.329187888 -0.662959574
v -0.073385268 -0.0100131506 -0.298658905
v -0.0088560754 -0.170668589 -0.317795148
v -0.173783791 0.15313445 -0.57546689
v -0.101333084 -0.150820299 -0.257627239
v 0.054961071 -0.285842072 -0.227365272
v -0.222291943 -0.0194477636 -0.505152321
v -0.0344897409 -0.28735517 -0.158741814
v 0.0747203548 -0.446408504 -0.223449018
v -0.253265955 -0.190071849 -0.454241013
v -0.011882272 -0.466434805 -0.154024507
v 0.077924563 -0.602168624 -0.284684997
v -0.259051331 -0.356423658 -0.423801035
v -0.00476180939 -0.642221227 -0.219621769
v 0.117799154 -0.742352733 -0.345297935
v -0.237155909 -0.520906345 -0.420240804
v 0.0374269317 -0.792195971 -0.283527922
v 0.176987999 -0.902207119 -0.397900353
v -0.190249861 -0.679959679 -0.449434701
v 0.09634876 -0.951605328 -0.336219345
v 0.267328869 -1.06731285 -0.414188411
v -0.128568853 -0.837321903 -0.499010922
v 0.19300904 -1.12000427 -0.348680155
v 0.391580942 -1.19040784 -0.415879521
v -0.0653747476 -1.00367371 -0.550901293
v 0.3185962 -1.23099448 -0.34138168
v 0.44311529 -1.43419468 -0.444005348
v 0.0046728036 -1.18150727 -0.592110971
v 0.358025762 -1.44665549 -0.371465635
v 0.373067739 -1.74473586 -0.515476992
v 0.0700920541 -1.36904245 -0.621215862
v 0.27934465 -1.73957352 -0.453528967
v 0.36060693 -1.94464285 -0.496874783
v 0.113348865 -1.56280804 -0.643289296
v 0.265815771 -1.92666368 -0.439377047
v 0.383125393 -2.09524063 -0.403596723
v 0.13097201 -1.76031187 -0.649608707
v 0.291894465 -2.0623975 -0.346009981
v 0.332926131 -2.34116361 -0.313700882
v 0.129102888 -1.95870576 -0.62210592
v 0.248370637 -2.28891722 -0.260920453
v 0.20716096 -2.50760443 -0.286999147
v 0.105338344 -2.14419381 -0.568524438
v 0.127945813 -2.43809091 -0.247391574
v 0.0950136733 -2.62927533 -0.245077423
v 0.0644846897 -2.300933 -0.506131385
v 0.0177566537 -2.55201831 -0.220511827
v -4.45028915E-05 -2.72193035 -0.187935711
v 0.011882272 -2.43221653 -0.438932019
v -0.0775685398 -2.64244819 -0.178145075
v -0.0719611755 -2.7950041 -0.114238922
v -0.0474845852 -2.54329574 -0.366125288
v -0.148239131 -2.71391983 -0.110767697
v -0.139516565 -2.85579505 -0.0415211977
v -0.211967272 -2.77951709 -0.0436573365
v -0.110678691 -2.63675182 -0.290826396
v -0.176987999 -2.71178369 -0.214815457
v -0.240538128 -2.77319768 -0.143165802
v -0.338533495 -2.79482609 -0.16915549
v -0.279789679 -2.73029689 -0.241695204
v -0.221757908 -2.65998233 -0.321266373
v -0.190872901 -2.57720695 -0.427272261
v -0.2662608 -2.81912467 -0.307381471
v -0.331235021 -2.87911456 -0.231815562
v -0.202532659 -2.74649595 -0.388643751
v -0.102935188 -2.85098874 -0.272046176
v -0.171647652 -2.91160167 -0.195412196
v -0.139516565 -2.85579505 -0.0415211977
v -0.0719611755 -2.7950041 -0.114238922
v -0.0296834286 -2.77061651 -0.355800617
v -4.45028915E-05 -2.72193035 -0.187935711
v 0.0459714869 -2.67021799 -0.444450377
v 0.0950136733 -2.62927533 -0.245077423
v -0.157317721 -2.66007133 -0.495005662
v 0.117176113 -2.54400779 -0.532477096
v 0.20716096 -2.50760443 -0.286999147
v -0.12990394 -2.54293972 -0.627179249
v 0.178501098 -2.38922673 -0.615519492
v 0.332926131 -2.34116361 -0.313700882
v -0.177522034 -2.47102305 -0.554995559
v -0.144589894 -2.33146198 -0.657174198
v -0.0885162511 -2.38744662 -0.737101391
v 0.227365272 -2.20640886 -0.685567043
v 0.383125393 -2.09524063 -0.403596723
v -0.0952806906 -2.17231964 -0.713870882
v -0.0360028392 -2.21388534 -0.800117486
v 0.26118747 -1.99324001 -0.739504547
v 0.36060693 -1.94464285 -0.496874783
v -0.127678796 -1.93761139 -0.835986816
v -0.0624375567 -1.962444 -0.924458564
v -0.136134345 -1.71839015 -0.878442575
v 0.265103724 -1.76262602 -0.7711016
v 0.373067739 -1.74473586 -0.515476992
v -0.0671548632 -1.71634302 -0.967003329
v 0.231815562 -1.53655133 -0.778756098
v 0.44311529 -1.43419468 -0.444005348
v -0.105338344 -1.56601225 -0.812311278
v -0.0424112556 -1.54616396 -0.9034532
v 0.181349283 -1.31866518 -0.757483716
v 0.391580942 -1.19040784 -0.415879521
v -0.170312566 -1.38506349 -0.814447417
v -0.291093413 -1.14456987 -0.849426689
v -0.353931496 -0.927395755 -0.794777139
v -0.106940448 -1.36138795 -0.904699281
v -0.351172317 -0.819253729 -0.65735221
v 0.12420757 -1.11306182 -0.712090766
v 0.267328869 -1.06731285 -0.414188411
v -0.223003989 -1.11101469 -0.933092125
v 0.057008204 -0.923034472 -0.660823435
v 0.176987999 -0.902207119 -0.397900353
v -0.288156222 -0.873102228 -0.867316852
v -0.0178456595 -0.752855415 -0.615608498
v 0.117799154 -0.742352733 -0.345297935
v -0.296789783 -0.759797866 -0.734609229
v -0.0808617538 -0.611514232 -0.576534959
v 0.077924563 -0.602168624 -0.284684997
v -0.327496778 -0.634744741 -0.674797343
v -0.119846287 -0.489309292 -0.554194507
v 0.0747203548 -0.446408504 -0.223449018
v -0.380989254 -0.67613243 -0.584901503
v -0.376538965 -0.524822599 -0.66473969
v -0.131417038 -0.363900144 -0.552948426
v 0.054961071 -0.285842072 -0.227365272
v -0.436973891 -0.538262472 -0.571906658
v -0.448900666 -0.329899934 -0.736122328
v -0.123673535 -0.230035446 -0.573419757
v -0.0088560754 -0.170668589 -0.317795148
v -0.516545061 -0.318329183 -0.64658251
v -0.505686356 -0.135689316 -0.675865413
v -0.441691198 -0.163904149 -0.764159149
v -0.0989299277 -0.0883382396 -0.617388613
v 0.0169556016 -0.0500657529 -0.352863426
v -0.438575995 -0.0337776946 -0.673017228
v -0.378764109 -0.0785476034 -0.757572721
v -0.054961071 0.0655527591 -0.680760731
v 0.144589894 0.187668693 -0.34983723
v -0.409026075 0.113348865 -0.749028166
v -0.34983723 0.0566521808 -0.826552203
v 0.00680894239 0.231548544 -0.760954941
v 0.216417561 0.370219554 -0.446675522
v -0.393539069 0.28504102 -0.884405962
v -0.333727183 0.222291943 -0.956945675
v -0.303910246 0.480497719 -0.980977237
v 0.0836209331 0.410183151 -0.856191129
v 0.213124347 0.468214921 -0.593001029
v -0.244276371 0.419617764 -1.05511905
v 0.15375749 0.602079619 -0.962909063
v 0.35152834 0.655750106 -0.619524752
v -0.173961803 0.665273724 -1.01479943
v -0.116019038 0.610624174 -1.09472663
v 0.216773584 0.822991972 -1.05164783
v 0.416413555 0.935762299 -0.73015894
v -0.153846496 0.88360491 -1.13566929
v -0.0933225634 0.836431845 -1.21862268
v -0.099641974 1.08992031 -1.19913041
v 0.261454487 1.00162658 -1.11724509
v 0.386507612 1.05538607 -0.85405499
v -0.0377829549 1.05369496 -1.28617807
v 0.288957274 1.21043414 -1.17678996
v 0.456911187 1.24870663 -0.861798493
v -0.0142854282 1.24612546 -1.18444446
v 0.0449034175 1.21986876 -1.27638743
v 0.304889309 1.42449305 -1.21906771
v 0.488241222 1.49124739 -0.895353673
v -0.0103691737 1.42493808 -1.22948138
v 0.0506887934 1.40393272 -1.32169137
v 0.310318662 1.64611745 -1.2436333
v 0.425136122 1.73628031 -0.992726
v -0.0818408174 1.62431104 -1.32845581
v -0.0150864802 1.61407537 -1.41879668
v -0.0956367138 1.8577732 -1.34474387
v 0.297768847 1.87432828 -1.25760721
v 0.401994619 1.89204043 -1.00776798
v -0.0294164113 1.86507168 -1.43552977
v 0.264925713 2.08909923 -1.26250253
v 0.463230597 2.13751838 -0.926060668
v -0.0562071519 2.0424602 -1.27514135
v 0.00351572843 2.05919329 -1.36895344
v 0.225496151 2.27601138 -1.24301026
v 0.405821867 2.3055613 -0.908170506
v -0.103202205 2.22590112 -1.27211515
v -0.0449034175 2.25527303 -1.3636131
v 0.175207884 2.43390764 -1.20811999
v 0.268396938 2.45081874 -0.964066138
v -0.111212726 2.36670827 -1.208209
v -0.0597673832 2.41130017 -1.29792683
v 0.116019038 2.5688404 -1.16521921
v 0.225140128 2.58094519 -0.916626055
v -0.180370219 2.47930059 -1.18702562
v -0.232260591 2.59385103 -1.12534462
v -0.131684056 2.53537423 -1.27184814
v -0.268396938 2.70074697 -1.03544878
v 0.0491756951 2.68766312 -1.1127948
v 0.142453756 2.70341715 -0.874348309
v -0.0273692783 2.80025544 -1.04986771
v -0.189448809 2.66247449 -1.20402573
v 0.0332436599 2.81164818 -0.843908331
v -0.131506044 2.91124565 -0.85975136
v -0.198616405 2.91649699 -0.891971454
v -0.233061643 2.77880505 -1.10852252
v -0.230035446 2.89878484 -0.957123687
v -0.272135181 2.81369531 -0.90576735
v -0.198616405 2.91649699 -0.891971454
v -0.203422717 2.32184936 1.23669085
v -0.208318035 2.14828808 1.20687391
v -0.234218718 2.19688524 1.30469127
v -0.181082265 2.26007934 1.14545992
v -0.191762959 2.43720085 1.14634998
v -0.175118878 2.36510617 1.06188349
v -0.23163755 2.50893951 0.98533852
v -0.441691198 -0.163904149 -0.764159149
v -0.505686356 -0.135689316 -0.675865413
v -0.516545061 -0.318329183 -0.64658251
v -0.448900666 -0.329899934 -0.736122328
v 0.384282468 -1.94731302 -1.00118155
v 0.41801566 -1.79475711 -1.05040175
v 0.31352287 -1.76903444 -1.01675756
v 0.282014823 -1.92372649 -0.960060878
v 0.413387359 -2.06871691 -0.895709697
v 0.309695622 -2.0485126 -0.856458146
v 0.640441111 -2.36323705 -0.233506672
v 0.712357784 -2.08812017 -0.308983575
v 0.549388195 -2.29194341 -0.244988418
v 0.813290342 -2.14268072 -0.296967795
v 0.902474136 -1.86827589 -0.249616718
v 0.79433211 -1.82768925 -0.261454487
v 1.22129285 0.166485317 0.00235865325
v 1.13504625 0.22994644 -0.0420552324
v 1.06393063 0.0844219851 -0.121270379
v 1.15996787 0.0352017871 -0.079971696
v 0.980888231 -0.116108044 -0.13666838
v 1.08778418 -0.139516565 -0.100621038
v 0.497141801 -1.4622315 0.670792083
v 0.489932332 -1.39191694 0.584278462
v 0.491000402 -1.46890694 0.516011027
v 0.51067068 -1.52711672 0.60902207
v 0.432879625 -1.57651493 0.471597141
v 0.465544748 -1.61096017 0.572351687
v 0.431455533 -2.03516173 0.449434701
v 0.449701718 -1.89987294 0.486995141
v 0.393984098 -1.8746843 0.393361058
v 0.369151485 -2.01362233 0.359004825
v 0.371109612 -2.15763369 0.475780413
v 0.311119714 -2.13876446 0.383303404
v 0.149574218 -2.70137001 0.274716349
v 0.215794521 -2.53546324 0.253532973
v 0.117176113 -2.62055276 0.203956752
v 0.257093204 -2.60195056 0.332748119
v 0.299192939 -2.45829522 0.397544329
v 0.250951805 -2.40382368 0.312276789
v -0.0885162511 -2.38744662 -0.737101391
v -0.144589894 -2.33146198 -0.657174198
v -0.177522034 -2.47102305 -0.554995559
v -0.12990394 -2.54293972 -0.627179249
v 1.00669991 -0.995574185 -0.28334991
v 1.0373179 -0.74893916 -0.240894151
v 0.922678449 -0.740394605 -0.255936129
v 0.891259407 -0.992013954 -0.291716454
v 1.01364236 -1.23864898 -0.191228925
v 0.89837987 -1.23722489 -0.202977688
v -0.244276371 0.419617764 -1.05511905
v -0.303910246 0.480497719 -0.980977237
v -0.393539069 0.28504102 -0.884405962
v -0.333727183 0.222291943 -0.956945675
v -0.246590522 -2.33893847 0.538885513
v -0.216417561 -2.27618939 0.450858793
v -0.208318035 -2.39910638 0.343339808
v -0.232349596 -2.47689743 0.420507821
v -0.223003989 -1.11101469 -0.933092125
v -0.170312566 -1.38506349 -0.814447417
v -0.106940448 -1.36138795 -0.904699281
v -0.291093413 -1.14456987 -0.849426689
v -0.288156222 -0.873102228 -0.867316852
v -0.353931496 -0.927395755 -0.794777139
v -0.296789783 -0.759797866 -0.734609229
v -0.351172317 -0.819253729 -0.65735221
v -0.0671548632 -1.71634302 -0.967003329
v -0.136134345 -1.71839015 -0.878442575
v -0.127678796 -1.93761139 -0.835986816
v -0.0624375567 -1.962444 -0.924458564
v -0.172092681 2.82651215 -0.806703914
v -0.237155909 2.82936033 -0.842395233
v -0.198616405 2.91649699 -0.891971454
v -0.131506044 2.91124565 -0.85975136
v -0.119312252 -1.15845477 0.758195762
v -0.184909514 -1.41016312 0.642132221
v -0.222113931 -1.39494313 0.746981033
v -0.0756994184 -1.1836434 0.657530221
v -0.0852230372 -0.929264877 0.696781772
v -0.040186111 -0.976170924 0.606173885
v -0.114683951 -0.816761567 0.583566416
v -0.0810397654 -0.868918956 0.491178413
v -0.0294164113 1.86507168 -1.43552977
v -0.0956367138 1.8577732 -1.34474387
v -0.0818408174 1.62431104 -1.32845581
v -0.0150864802 1.61407537 -1.41879668
v -0.32660672 2.48864619 0.886275084
v -0.354198513 2.5687514 0.953118426
v -0.504440275 2.46897592 0.975280866
v -0.453795984 2.39358802 0.909238576
v -0.345920975 2.32122632 1.0327786
v -0.257093204 2.4918504 0.902741153
v -0.23163755 2.50893951 0.98533852
v -0.175118878 2.36510617 1.06188349
v -0.591576936 2.3610119 1.023433
v -0.181082265 2.26007934 1.14545992
v -0.536482357 2.29594867 0.950270241
v -0.651210811 2.24049807 1.07443331
v -0.38107826 2.23764989 1.08128675
v -0.208318035 2.14828808 1.20687391
v -0.589885826 2.18940875 0.995485179
v -0.673551262 2.116246 1.12009328
v -0.417036596 2.14054458 1.12890485
v -0.607597977 2.07574837 1.03900901
v -0.805368827 1.97810902 1.09561668
v -0.261009458 2.04032406 1.23544477
v -0.234218718 2.19688524 1.30469127
v -0.450235753 2.02902033 1.16877944
v -0.742886767 1.94579992 1.00830201
v -0.847201545 1.8162075 1.115821
v -0.782583346 1.80579383 1.02530212
v -0.764070144 1.58719562 1.15774272
v -0.48005269 1.90049598 1.19396808
v -0.247302568 1.90734943 1.28591105
v -0.69090739 1.59102287 1.0728312
v -0.783295393 1.44434134 1.14083162
v -0.503995246 1.75087726 1.20553883
v -0.711200708 1.45190683 1.05503005
v -0.856191129 1.21862268 1.05529707
v -0.287622188 2.07717246 1.33797943
v -0.282548858 1.73574628 1.28867023
v -0.512628807 1.56859342 1.20429275
v -0.787211647 1.23927202 0.96887245
v -0.828866354 0.995574185 1.00287266
v -0.279522661 1.9284438 1.39111588
v -0.223716035 1.5636981 1.33032493
v -0.52099535 1.37393777 1.18132925
v -0.760153889 1.03010843 0.920809327
v -0.761577982 0.821389868 0.966736311
v -0.314768951 1.74429083 1.39565518
v -0.232527608 1.346791 1.30486928
v -0.262967586 1.56289705 1.43552977
v -0.52544564 1.18782668 1.14287876
v -0.314679946 1.16432915 1.22129285
v -0.271601147 1.32836681 1.40865002
v -0.69153043 0.865002701 0.890547361
v -0.815604492 0.715561992 0.856903175
v -0.51636705 1.00776798 1.09267949
v -0.317172107 1.00269465 1.17064856
v -0.748850155 0.764604178 0.780803231
v -0.775996918 0.462874574 0.724017541
v -0.494560633 0.835007753 1.02975241
v -0.713870882 0.523487512 0.652545898
v -0.652990926 0.298035864 0.654326013
v -0.347078051 1.13513525 1.32480658
v -0.231904567 0.861976505 1.15320343
v -0.46865995 0.688415228 0.953652461
v -0.589529803 0.368261427 0.593446058
v -0.689394292 0.214726451 0.519571258
v -0.348057114 0.968694439 1.27300521
v -0.192564011 0.676043424 1.07051705
v -0.2662608 0.818363671 1.25084277
v -0.432879625 0.504796298 0.85174084
v -0.198171376 0.481476783 0.945196912
v -0.226475215 0.621749897 1.16299406
v -0.613828382 0.289313297 0.450591776
v -0.643734325 0.052913938 0.403062688
v -0.379654167 0.345653958 0.743509808
v -0.0845109909 0.319397252 0.871322112
v -0.57671297 0.110945708 0.334172212
v -0.521262368 -0.160610935 0.359271843
v -0.230391469 0.420062793 1.03366866
v -0.333015137 0.186778635 0.623352001
v -0.0221179371 0.146815039 0.750096236
v -0.119312252 0.251930869 0.954453513
v -0.450413765 -0.113259859 0.286109089
v -0.503194194 -0.266705829 0.315302986
v -0.0366258797 -0.00502882674 0.614540428
v -0.0570972097 0.0773015225 0.831803544
v -0.293496569 0.0306624922 0.5186812
v -0.43109951 -0.239203042 0.234485735
v -0.579027121 -0.371376629 0.24409836
v -0.262077528 -0.123851547 0.433057637
v -0.0250551279 -0.13560031 0.53176505
v -0.511560737 -0.364701196 0.15438053
v -0.592823017 -0.521885408 0.236265851
v -0.241606198 -0.278721609 0.369329496
v -0.528026807 -0.533723177 0.145212935
v -0.575110866 -0.669011967 0.281480789
v -0.0698250367 -0.0686679615 0.701143055
v 0.0392070474 -0.227276267 0.511026703
v -0.238669007 -0.432167579 0.330255958
v -0.511827755 -0.701232061 0.194433133
v -0.590953896 -0.802787659 0.337287414
v -0.0580762734 -0.187757699 0.625755157
v 0.047573591 -0.396832283 0.470885095
v 0.0026256706 -0.26350162 0.610891191
v -0.254156013 -0.586681618 0.322423449
v -0.0352907929 -0.601456578 0.411073208
v 0.00707595974 -0.41632455 0.574042797
v -0.528916865 -0.844887394 0.253354961
v -0.625043111 -0.955432577 0.38846574
v -0.283616927 -0.738525484 0.350638282
v -0.077479534 -0.732117067 0.428518342
v -0.562472045 -0.997265295 0.304711298
v -0.695713702 -1.11234977 0.415434492
v -0.320999356 -0.89036935 0.400926549
v -0.640085088 -1.15756471 0.329543911
v -0.80234263 -1.23304161 0.441068157
v -0.0692019962 -0.596027225 0.516901084
v -0.0810397654 -0.868918956 0.491178413
v -0.358470791 -1.0496897 0.452994932
v -0.040186111 -0.976170924 0.606173885
v -0.0756994184 -1.1836434 0.657530221
v -0.106584425 -0.698383876 0.531409027
v -0.114683951 -0.816761567 0.583566416
v -0.405020815 -1.21942373 0.496162737
v -0.184909514 -1.41016312 0.642132221
v -0.751075299 -1.26579574 0.347701091
v -0.833850677 -1.46534671 0.464387672
v -0.450591776 -1.39672325 0.526602715
v -0.771546629 -1.46952998 0.371287623
v -0.743865831 -1.75372544 0.492068471
v -0.23733392 -1.5791851 0.645158418
v -0.222113931 -1.39494313 0.746981033
v -0.671148106 -1.74046358 0.407779994
v -0.730692975 -1.93574227 0.459314343
v -0.477115499 -1.57856206 0.545204923
v -0.655750106 -1.9101086 0.380099196
v -0.769232479 -2.07192112 0.372889728
v -0.484235962 -1.76146895 0.543691825
v -0.187935711 -1.72114933 0.68690213
v -0.698383876 -2.03177951 0.295543702
v -0.73861449 -2.29505862 0.26456969
v -0.273826291 -1.56752535 0.75063027
v -0.482989881 -1.94259572 0.506843431
v -0.199417457 -1.92310345 0.63857199
v -0.230124452 -1.72755774 0.790415855
v -0.67381828 -2.23604778 0.194789156
v -0.627001238 -2.4425412 0.197904358
v -0.469639014 -2.10957056 0.442136227
v -0.251307828 -2.1347592 0.522953478
v -0.23733392 -1.95576857 0.739059519
v -0.564074149 -2.36733131 0.143610831
v -0.533634172 -2.54747902 0.124741605
v -0.443916342 -2.24877561 0.367193357
v -0.216417561 -2.27618939 0.450858793
v -0.46865995 -2.46532668 0.0858460776
v -0.460382412 -2.62509206 0.044280377
v -0.283260904 -2.18353437 0.618812706
v -0.409738122 -2.36350406 0.286821135
v -0.208318035 -2.39910638 0.343339808
v -0.246590522 -2.33893847 0.538885513
v -0.391313925 -2.54151563 0.0196257751
v -0.415523498 -2.68080968 -0.0413431862
v -0.225407145 -2.48962526 0.219354752
v -0.232349596 -2.47689743 0.420507821
v -0.371732652 -2.4594523 0.201019561
v -0.33737642 -2.60782494 -0.0678669095
v -0.374580837 -2.78094118 -0.126076692
v -0.291093413 -2.72460052 -0.151977374
v -0.331413033 -2.53902347 0.113081847
v -0.285219031 -2.61111815 0.0149974744
v -0.242229238 -2.72896181 -0.076678482
v -0.153045444 -2.73857443 -0.0744533374
v -0.222291943 -2.55824872 0.112280795
v -0.187846705 -2.62197686 0.0145524455
v -0.236443862 -2.57738496 0.287889205
v -0.179836184 -2.70208206 0.0893173032
v -0.139516565 -2.80194655 0.00663093083
v -0.219087735 -2.64912362 0.17654297
v -0.343606825 -2.73697233 0.099641974
v -0.302931182 -2.8319415 0.0169556016
v -0.374580837 -2.78094118 -0.126076692
v -0.415523498 -2.68080968 -0.0413431862
v -0.386952641 -2.67983062 0.188291734
v -0.460382412 -2.62509206 0.044280377
v -0.435905822 -2.59465208 0.292962535
v -0.533634172 -2.54747902 0.124741605
v -0.481654794 -2.48517497 0.397366318
v -0.627001238 -2.4425412 0.197904358
v -0.520728333 -2.34819507 0.496785777
v -0.73861449 -2.29505862 0.26456969
v -0.552948426 -2.1839794 0.582943375
v -0.769232479 -2.07192112 0.372889728
v -0.576979988 -1.98994679 0.652634903
v -0.730692975 -1.93574227 0.459314343
v -0.580006184 -1.77713396 0.69598072
v -0.743865831 -1.75372544 0.492068471
v -0.555262577 -1.56556722 0.708619541
v -0.833850677 -1.46534671 0.464387672
v -0.522330437 -1.35969684 0.69028435
v -0.80234263 -1.23304161 0.441068157
v -0.489932332 -1.16379511 0.647650579
v -0.119312252 -1.15845477 0.758195762
v -0.695713702 -1.11234977 0.415434492
v -0.449078678 -0.981689283 0.596383249
v -0.0852230372 -0.929264877 0.696781772
v -0.625043111 -0.955432577 0.38846574
v -0.398701405 -0.818096654 0.547875097
v -0.590953896 -0.802787659 0.337287414
v -0.356690675 -0.683163887 0.506131385
v -0.575110866 -0.669011967 0.281480789
v -0.33168005 -0.568257421 0.484324968
v -0.592823017 -0.521885408 0.236265851
v -0.32598368 -0.452905926 0.487618182
v -0.579027121 -0.371376629 0.24409836
v -0.332214085 -0.33168005 0.515744009
v -0.503194194 -0.266705829 0.315302986
v -0.347790097 -0.204668798 0.569236485
v -0.521262368 -0.160610935 0.359271843
v -0.376093936 -0.0681339268 0.645692452
v -0.643734325 0.052913938 0.403062688
v -0.416591567 0.0781915803 0.742352733
v -0.689394292 0.214726451 0.519571258
v -0.467146852 0.235286787 0.857259198
v -0.652990926 0.298035864 0.654326013
v -0.508801558 0.404397775 0.982223318
v -0.775996918 0.462874574 0.724017541
v -0.550100241 0.601990613 1.09054336
v -0.815604492 0.715561992 0.856903175
v -0.57947215 0.762379034 1.17118259
v -0.761577982 0.821389868 0.966736311
v -0.595671202 0.951961351 1.24407833
v -0.828866354 0.995574185 1.00287266
v -0.606440902 1.14786308 1.2989949
v -0.856191129 1.21862268 1.05529707
v -0.612671307 1.35222036 1.33575429
v -0.783295393 1.44434134 1.14083162
v -0.605372833 1.5637871 1.35889579
v -0.764070144 1.58719562 1.15774272
v -0.581252265 1.76449514 1.36841941
v -0.847201545 1.8162075 1.115821
v -0.557042692 1.94134963 1.35230936
v -0.805368827 1.97810902 1.09561668
v -0.525979674 2.09257046 1.31804214
v -0.673551262 2.116246 1.12009328
v -0.488152216 2.22305294 1.2729162
v -0.651210811 2.24049807 1.07443331
v -0.445251429 2.3393835 1.21648654
v -0.203422717 2.32184936 1.23669085
v -0.395764214 2.45153078 1.14741805
v -0.591576936 2.3610119 1.023433
v -0.191762959 2.43720085 1.14634998
v -0.504440275 2.46897592 0.975280866
v -0.23163755 2.50893951 0.98533852
v -0.354198513 2.5687514 0.953118426
v -0.282815875 2.57533783 0.965401225
v -0.262967586 1.56289705 1.43552977
v -0.223716035 1.5636981 1.33032493
v -0.232527608 1.346791 1.30486928
v -0.271601147 1.32836681 1.40865002
v -0.119312252 0.251930869 0.954453513
v -0.0845109909 0.319397252 0.871322112
v -0.0221179371 0.146815039 0.750096236
v -0.0570972097 0.0773015225 0.831803544
v -0.0377829549 1.05369496 -1.28617807
v -0.099641974 1.08992031 -1.19913041
v -0.153846496 0.88360491 -1.13566929
v -0.0933225634 0.836431845 -1.21862268
v -0.2662608 0.818363671 1.25084277
v -0.231904567 0.861976505 1.15320343
v -0.192564011 0.676043424 1.07051705
v -0.226475215 0.621749897 1.16299406
v 0.0026256706 -0.26350162 0.610891191
v 0.0392070474 -0.227276267 0.511026703
v 0.047573591 -0.396832283 0.470885095
v 0.00707595974 -0.41632455 0.574042797
v -0.131684056 -2.69976791 0.00689794818
v -0.251040811 -2.68036465 -0.0990189335
v -0.0712491292 -2.63114445 -0.196836289
v 0.042233244 -2.64084608 -0.0950136733
v -0.240538128 -2.76589921 -0.222469954
v 0.065196736 -2.58076718 -0.258339285
v 0.191139919 -2.59429606 -0.156516669
v -0.0626155683 -2.72718169 -0.327318767
v -0.164260172 -2.8504547 -0.21517148
v 0.142097732 -2.4964787 -0.33168005
v 0.296611772 -2.49656771 -0.185176531
v 0.0338667004 -2.66612372 -0.392827023
v -0.00903408697 -2.80826596 -0.290470373
v 0.229234394 -2.41014309 -0.39816737
v 0.414455428 -2.38887071 -0.214014405
v -0.00146859542 -2.79384702 -0.17823408
v -0.120113304 -2.85009868 -0.102490159
v -0.0707150945 -2.79856433 -0.0240760643
v 0.0740973143 -2.73465818 -0.0992859509
v -0.131684056 -2.69976791 0.00689794818
v 0.042233244 -2.64084608 -0.0950136733
v 0.191139919 -2.59429606 -0.156516669
v 0.156427663 -2.73234403 -0.27364828
v 0.236888891 -2.69095634 -0.185354543
v 0.105071327 -2.75210331 -0.381612294
v 0.361764005 -2.58067817 -0.222291943
v 0.296611772 -2.49656771 -0.185176531
v 0.258606302 -2.63105545 -0.364879207
v 0.183485422 -2.66710279 -0.535859316
v 0.488152216 -2.46363557 -0.254779054
v 0.414455428 -2.38887071 -0.214014405
v 0.36185301 -2.52487155 -0.442848273
v 0.101689107 -2.58922273 -0.533723177
v 0.263323609 -2.57373572 -0.672483193
v 0.172626716 -2.50902852 -0.660022383
v 0.421486885 -2.39287597 -0.510136645
v 0.332036073 -2.41290227 -0.744844894
v 0.580006184 -2.32015825 -0.315124974
v 0.503105188 -2.25393794 -0.265726765
v 0.27934465 -2.29692774 -0.450235753
v 0.503105188 -2.25393794 -0.265726765
v 0.235108776 -2.35914278 -0.723661518
v 0.3293659 -2.18424642 -0.512005766
v 0.536304345 -2.14330376 -0.371554641
v 0.474445326 -2.26417361 -0.580362208
v 0.612315284 -2.19955541 -0.432167579
v 0.536304345 -2.14330376 -0.371554641
v 0.298035864 -2.25295888 -0.724907599
v 0.350727288 -2.06364358 -0.56362912
v 0.541110657 -2.04130313 -0.434303718
v 0.398434387 -2.29755078 -0.747871091
v 0.618812706 -2.08277982 -0.504262263
v 0.541110657 -2.04130313 -0.434303718
v 0.500167997 -2.12185336 -0.641954209
v 0.321088362 -2.14766504 -0.760954941
v 0.371643647 -1.93823443 -0.61703259
v 0.596205237 -1.90200908 -0.435282781
v 0.615786509 -1.68777216 -0.498476887
v 0.679425644 -1.93422917 -0.504262263
v 0.596205237 -1.90200908 -0.435282781
v 0.42602618 -2.17596888 -0.789169774
v 0.524110553 -1.98433943 -0.703190188
v 0.700431009 -1.71776711 -0.566922334
v 0.615786509 -1.68777216 -0.498476887
v 0.37938715 -1.79733828 -0.665273724
v 0.596917283 -1.56182898 -0.580896242
v 0.309695622 -2.0485126 -0.856458146
v 0.413387359 -2.06871691 -0.895709697
v 0.282014823 -1.92372649 -0.960060878
v 0.384193462 -1.66703381 -0.716363044
v 0.575288878 -1.52667169 -0.628247319
v 0.31352287 -1.76903444 -1.01675756
v 0.531676044 -1.83881497 -0.756237635
v 0.384282468 -1.94731302 -1.00118155
v 0.41801566 -1.79475711 -1.05040175
v 0.38401545 -1.57785002 -0.748672143
v 0.54591697 -1.43544076 -0.653168938
v 0.354910559 -1.63516974 -0.990144832
v 0.37831908 -1.54634197 -1.01248528
v 0.680938742 -1.59351503 -0.648807655
v 0.596917283 -1.56182898 -0.580896242
v 0.380188202 -1.4683729 -0.79495515
v 0.394518133 -1.30246612 -0.861264459
v 0.59487015 -1.25529306 -0.68013769
v 0.461984516 -1.65688715 -1.01702458
v 0.537105397 -1.70770945 -0.803766723
v 0.656106129 -1.5483001 -0.701766096
v 0.575288878 -1.52667169 -0.628247319
v 0.632341585 -1.45706917 -0.720724327
v 0.54591697 -1.43544076 -0.653168938
v 0.59487015 -1.25529306 -0.68013769
v 0.536749374 -1.6114942 -0.833939683
v 0.417481625 -1.20037649 -0.957123687
v 0.554461525 -1.14688402 -0.767719381
v 0.487707188 -1.56574523 -1.02877334
v 0.386062583 -1.41666054 -1.12623467
v 0.494026598 -1.44576543 -1.13424519
v 0.437863949 -1.30558133 -1.21043414
v 0.467858898 -1.11056966 -1.01079417
v 0.603058682 -1.05520806 -0.795400179
v 0.509157581 -1.20705193 -1.2158635
v 0.529984934 -1.03856398 -1.05289391
v 0.670970095 -0.981511271 -0.859840366
v 0.600299503 -0.984626474 -1.08983131
v 0.722059414 -0.951694334 -0.931757039
v 0.787834688 -0.915825003 -0.952673398
v 0.566655317 -1.14786308 -1.27006802
v 0.648451632 -1.21969075 -1.24247623
v 0.601456578 -1.26766486 -1.19343404
v 0.672216176 -0.9450189 -1.1219624
v 0.756415646 -0.911819743 -1.15462752
v 0.875327372 -0.890280344 -1.01924972
v 0.939411536 -0.899892968 -1.15498354
v 0.942971767 -0.912976818 -1.19806234
v 0.920631316 -0.929798911 -1.23348664
v 0.808484029 -0.999846463 -1.30442425
v 0.706572408 -1.04924467 -1.29854987
v 0.643912337 -1.07870559 -1.26276955
v 0.711467726 -1.16130295 -1.2266332
v 0.705059309 -1.12872684 -1.05903531
v 0.763892132 -1.13833946 -1.25956534
v 0.850939788 -1.09561668 -1.26259153
v 0.950804276 -1.03384667 -1.20260164
v 0.920631316 -0.929798911 -1.23348664
v 0.942971767 -0.912976818 -1.19806234
v 0.810086133 -1.07843857 -1.10300416
v 0.9711866 -1.01657955 -1.16468517
v 0.939411536 -0.899892968 -1.15498354
v 0.970118531 -1.00269465 -1.12071632
v 0.911908749 -0.995752197 -1.00224962
v 0.875327372 -0.890280344 -1.01924972
v 0.760509912 -1.09953294 -1.08333389
v 0.837944943 -1.01657955 -0.943861825
v 0.787834688 -0.915825003 -0.952673398
v 0.781337265 -1.04755356 -0.9296209
v 0.722059414 -0.951694334 -0.931757039
v 0.743687819 -1.06749086 -0.863044574
v 0.670970095 -0.981511271 -0.859840366
v 0.658064256 -1.16566424 -1.03331264
v 0.690551367 -1.12427655 -0.810353151
v 0.603058682 -1.05520806 -0.795400179
v 0.615786509 -1.21399438 -1.00456377
v 0.537817443 -1.35586959 -1.20144456
v 0.648362626 -1.19147591 -0.805012804
v 0.554461525 -1.14688402 -0.767719381
v 0.578137063 -1.28119374 -0.977149988
v 0.682718858 -1.2883142 -0.74155168
v 0.555262577 -1.35684866 -0.915646992
v 0.540932646 -1.50103803 -0.864468667
v 0.484591985 -1.17839206 0.986406589
v 0.51636705 -1.18435545 0.958814797
v 0.513429859 -1.29392157 0.981155248
v 0.571194612 -1.22244993 0.846222481
v 0.479162632 -1.28786918 1.00696693
v 0.442403244 -1.17465382 0.990589861
v 0.41294233 -1.34643498 0.870966089
v 0.436439857 -1.28377491 1.0142654
v 0.329098882 -1.29721478 0.981422265
v 0.31690509 -1.18898375 0.954898542
v 0.27258021 -1.32089032 0.92454757
v 0.251307828 -1.21808864 0.885563037
v 0.558288773 -1.32738774 0.883159881
v 0.394696144 -1.36325707 0.833405648
v 0.372711716 -1.38728864 0.789614803
v 0.259407354 -1.34429884 0.878175557
v 0.231192521 -1.24683751 0.830646469
v 0.55054527 -1.35782772 0.805279821
v 0.204579792 -1.36913146 0.855657094
v 0.170935606 -1.28137175 0.794866144
v 0.163637132 -1.42262393 0.813023324
v 0.119490264 -1.35266539 0.737902443
v 0.559534854 -1.25885329 0.753478455
v 0.352418398 -1.41799563 0.752499392
v 0.167286369 -1.47237816 0.773771774
v 0.105516356 -1.43045644 0.693399552
v 0.332392096 -1.45795923 0.718499183
v 0.140228611 -1.56449915 0.801185555
v 0.0589663312 -1.53966654 0.729179877
v 0.145657964 -1.70299215 0.746536004
v 0.0611914758 -1.69070935 0.675687401
v 0.0623485509 -1.76787736 0.695179668
v 0.318329183 -1.51332082 0.685567043
v 0.151621351 -1.77838005 0.759797866
v 0.0337776946 -1.80490377 0.714671934
v 0.280590731 -1.58247832 0.667409863
v 0.119846287 -1.82662118 0.782583346
v -0.00850005227 -1.92746473 0.729713911
v 0.077924563 -1.94731302 0.79833737
v -0.0249661221 -2.11553395 0.701499078
v 0.0623485509 -2.13742937 0.76816441
v -0.00947911588 -2.224032 0.643734325
v 0.0797046786 -2.25402695 0.703902234
v -0.0420552324 -2.31419486 0.638482984
v 0.216951596 -2.13004189 0.60902207
v 0.235553805 -2.00151754 0.622016914
v 0.25148584 -1.88625505 0.63287562
v 0.258606302 -1.80161056 0.637859943
v 0.0406311399 -2.36047787 0.697226801
v -0.112903836 -2.4226039 0.613917388
v 0.187668693 -2.25286987 0.584011445
v -0.0386730127 -2.4810807 0.67381828
v -0.144589894 -2.5380444 0.533634172
v 0.263323609 -1.70637437 0.648629643
v 0.40154959 -1.72551061 0.569681514
v 0.404664792 -1.7961812 0.541110657
v 0.36292108 -1.70201308 0.467769892
v 0.465544748 -1.61096017 0.572351687
v 0.51067068 -1.52711672 0.60902207
v 0.497141801 -1.4622315 0.670792083
v 0.432879625 -1.57651493 0.471597141
v 0.535058264 -1.41763961 0.707284454
v 0.489932332 -1.39191694 0.584278462
v 0.449701718 -1.89987294 0.486995141
v 0.431455533 -2.03516173 0.449434701
v 0.371109612 -2.15763369 0.475780413
v 0.355622606 -1.7730397 0.443382308
v 0.393984098 -1.8746843 0.393361058
v 0.30613539 -2.26444063 0.490555373
v 0.311119714 -2.13876446 0.383303404
v 0.132307096 -1.85483601 0.501770101
v 0.369151485 -2.01362233 0.359004825
v 0.14298779 -1.77651092 0.505686356
v 0.113170853 -1.97036552 0.491979465
v 0.29073739 -2.3671533 0.462429545
v 0.255046071 -2.23551375 0.39585322
v 0.0980398699 -2.09301549 0.478539592
v 0.158741814 -2.38041516 0.556953687
v 0.0337776946 -1.80490377 0.714671934
v -0.00850005227 -1.92746473 0.729713911
v 0.0623485509 -1.76787736 0.695179668
v -0.0249661221 -2.11553395 0.701499078
v -0.00947911588 -2.224032 0.643734325
v 0.0611914758 -1.69070935 0.675687401
v 0.0743643316 -2.20284862 0.456733175
v -0.0420552324 -2.31419486 0.638482984
v 0.16176801 -1.67824854 0.506042379
v 0.189092786 -1.52969789 0.524911605
v 0.0589663312 -1.53966654 0.729179877
v 0.253888996 -1.42734124 0.540932646
v 0.105516356 -1.43045644 0.693399552
v 0.491000402 -1.46890694 0.516011027
v 0.29073739 -1.34545592 0.584634485
v 0.119490264 -1.35266539 0.737902443
v 0.322245437 -1.28074871 0.638750001
v 0.170935606 -1.28137175 0.794866144
v 0.353753484 -1.23313062 0.698739899
v 0.231192521 -1.24683751 0.830646469
v 0.251307828 -1.21808864 0.885563037
v 0.532121073 -1.33611031 0.631273515
v 0.520639327 -1.37821005 0.766028271
v 0.526424703 -1.28546602 0.703902234
v 0.38401545 -1.19859638 0.758640791
v 0.418193671 -1.1697585 0.829489394
v 0.31690509 -1.18898375 0.954898542
v 0.51636705 -1.18435545 0.958814797
v 0.442403244 -1.17465382 0.990589861
v 0.484591985 -1.17839206 0.986406589
v 0.242229238 -2.32167134 0.373067739
v 0.299192939 -2.45829522 0.397544329
v 0.0511338223 -2.30751943 0.434837752
v -0.112903836 -2.4226039 0.613917388
v 0.116553073 -2.49630069 0.510047639
v 0.250951805 -2.40382368 0.312276789
v 0.257093204 -2.60195056 0.332748119
v 0.0140184108 -2.40631584 0.391313925
v -0.144589894 -2.5380444 0.533634172
v 0.215794521 -2.53546324 0.253532973
v -0.0144634397 -2.50342115 0.346900039
v -0.166485317 -2.62357896 0.430654481
v 0.117176113 -2.62055276 0.203956752
v -0.0650187244 -2.57889806 0.276941494
v -0.18731267 -2.70003493 0.340402617
v 0.0755214068 -2.61441136 0.456555164
v 0.149574218 -2.70137001 0.274716349
v 0.00903408697 -2.70412919 0.16052193
v -0.119401258 -2.654998 0.217129607
v -0.249082684 -2.73759537 0.223003989
v -0.177255017 -2.69736475 0.109877639
v -0.346366004 -2.79536012 0.0891392916
v -0.273470268 -2.7441818 -0.0294164113
v -0.148328137 -2.79820831 -0.0493537066
v -0.0435683307 -2.75984681 0.086113095
v -0.127856807 -2.88632403 0.0114372431
v -0.0528249322 -2.8503657 0.13497727
v 0.0283483419 -2.79482609 0.222291943
v -0.149040184 -2.86407259 0.162569063
v -0.217574636 -2.91649699 0.0701810598
v -0.288779263 -2.8873031 0.127233767
v 0.0152644918 -2.7104486 0.370486571
v -0.057008204 -2.80506175 0.28673213
v -0.219799781 -2.82953834 0.242674267
v -0.346366004 -2.79536012 0.0891392916
v -0.249082684 -2.73759537 0.223003989
v -0.18731267 -2.70003493 0.340402617
v -0.131328033 -2.79019779 0.369418502
v -0.101867119 -2.701103 0.478806609
v -0.166485317 -2.62357896 0.430654481
v -0.0773015225 -2.60666786 0.590775884
v -1.6222639 -0.826107174 -0.493670575
v -1.63187653 -0.83296062 -0.449968736
v -1.64602845 -0.942615744 -0.471864158
v -1.60633187 -0.878976609 -0.30951761
v -1.63338963 -0.935762299 -0.515744009
v -1.58853071 -0.82219092 -0.52375453
v -1.4821688 -1.00233862 -0.43679588
v -1.60108053 -0.931223004 -0.548676149
v -1.47807453 -0.949202172 -0.593624069
v -1.44950368 -0.841327163 -0.577247005
v -1.38764466 -0.979998173 -0.580006184
v -1.34429884 -0.87790854 -0.559445849
v -1.62137384 -0.98364741 -0.348947172
v -1.43535176 -1.0250351 -0.412586307
v -1.38239332 -1.05672116 -0.386151589
v -1.34073861 -1.01097219 -0.545293929
v -1.2867121 -0.914667928 -0.521885408
v -1.56138395 -1.02272095 -0.283527922
v -1.27042404 -1.04337029 -0.562383039
v -1.20455976 -0.95747971 -0.531498033
v -1.20402573 -1.10896755 -0.552058369
v -1.12142836 -1.04150117 -0.516456055
v -1.53477122 -0.924725582 -0.234485735
v -1.33530926 -1.09659575 -0.364790201
v -1.17821405 -1.17367476 -0.51360787
v -1.07906161 -1.13451221 -0.484680991
v -1.2913404 -1.1481301 -0.346633022
v -1.1728737 -1.28395292 -0.562650057
v -1.06330759 -1.26187949 -0.552592403
v -1.14296776 -1.45048274 -0.50960261
v -1.03171053 -1.44104813 -0.502393142
v -1.04853263 -1.53681835 -0.522241431
v -1.25395797 -1.21817765 -0.326962744
v -1.15970085 -1.54465086 -0.521173362
v -1.03598281 -1.58283434 -0.56300608
v -1.20527181 -1.30495829 -0.339690571
v -1.14697302 -1.60170357 -0.566477305
v -1.00999312 -1.72497658 -0.608844058
v -1.12160637 -1.74206569 -0.61302733
v -0.979820161 -1.94677899 -0.597540324
v -1.09098838 -1.96618225 -0.600121491
v -0.957034681 -2.08019866 -0.53345616
v -1.06597776 -2.10796846 -0.5294509
v -0.924013535 -2.19350302 -0.554105502
v -1.11866918 -1.962444 -0.34414086
v -1.14145466 -1.80908704 -0.340669634
v -1.16103594 -1.67095007 -0.33675338
v -1.16895745 -1.57037353 -0.334261218
v -1.02726024 -2.23747187 -0.552770415
v -0.842484238 -2.32380748 -0.583922439
v -1.07728149 -2.10903653 -0.343695831
v -0.940123582 -2.37997013 -0.58917378
v -0.759975878 -2.46247849 -0.532922125
v -1.17857007 -1.45609011 -0.337465426
v -1.25876429 -1.4790536 -0.172893733
v -1.24301026 -1.56903844 -0.145301941
v -1.16566424 -1.45920531 -0.113348865
v -1.3190212 -1.33833546 -0.12652172
v -1.38461846 -1.2374029 -0.126699732
v -1.41470242 -1.15631863 -0.193454069
v -1.23108349 -1.30700542 -0.0641286666
v -1.4759384 -1.10077902 -0.200663538
v -1.35489053 -1.0882292 -0.126610726
v -1.25066476 -1.69355753 -0.0645736955
v -1.2127483 -1.85180982 -0.04632751
v -1.17785803 -1.99537614 -0.116375061
v -1.14412484 -1.54936817 -0.095547708
v -1.14848612 -1.67166211 -0.0221179371
v -1.12908286 -2.12452354 -0.178946127
v -1.07336524 -1.98024516 -0.0772125167
v -0.985605537 -1.64460435 -0.301952119
v -1.10754346 -1.83383065 -0.0101021564
v -0.995841202 -1.55043624 -0.296611772
v -0.964066138 -1.78291934 -0.308716558
v -1.09668475 -2.25117876 -0.165239236
v -1.03001942 -2.09906788 -0.132663119
v -0.943772819 -1.93066894 -0.309695622
v -1.03500375 -2.26052437 -0.34138168
v -1.03598281 -1.58283434 -0.56300608
v -1.00999312 -1.72497658 -0.608844058
v -1.04853263 -1.53681835 -0.522241431
v -0.979820161 -1.94677899 -0.597540324
v -0.957034681 -2.08019866 -0.53345616
v -1.03171053 -1.44104813 -0.502393142
v -0.908348518 -2.0639106 -0.308271529
v -0.924013535 -2.19350302 -0.554105502
v -1.01052716 -1.43321562 -0.282904881
v -1.04470538 -1.25734019 -0.278810615
v -1.06330759 -1.26187949 -0.552592403
v -1.11315082 -1.13718239 -0.247213562
v -1.07906161 -1.13451221 -0.484680991
v -1.3112777 -1.18186329 -0.0622595452
v -1.17456481 -1.03989906 -0.261543493
v -1.12142836 -1.04150117 -0.516456055
v -1.23927202 -0.962731051 -0.288601251
v -1.20455976 -0.95747971 -0.531498033
v -1.30851852 -0.905055304 -0.321355379
v -1.2867121 -0.914667928 -0.521885408
v -1.34429884 -0.87790854 -0.559445849
v -1.42591715 -1.02094083 -0.139427559
v -1.50388621 -1.05057976 -0.266616823
v -1.46890694 -0.958903802 -0.211077214
v -1.37767601 -0.862243522 -0.355622606
v -1.45671315 -0.82619618 -0.396832283
v -1.44950368 -0.841327163 -0.577247005
v -1.63187653 -0.83296062 -0.449968736
v -1.58853071 -0.82219092 -0.52375453
v -1.6222639 -0.826107174 -0.493670575
v -1.00251664 -2.208634 -0.121359385
v -0.873102228 -2.19216793 -0.30613539
v -0.842484238 -2.32380748 -0.583922439
v -1.06108244 -2.36127892 -0.0994639624
v -0.809285081 -2.31366082 -0.293140546
v -0.759975878 -2.46247849 -0.532922125
v -0.969406485 -2.30938855 -0.0584322965
v -0.899269928 -2.46683978 -0.0309295096
v -0.965401225 -2.39919538 -0.329276894
v -0.9819563 -2.53101295 -0.071338135
v -0.751965357 -2.43355161 -0.273292256
v -0.668388927 -2.5688404 -0.451659845
v -0.772614699 -2.57053151 -0.0554951057
v -0.654682036 -2.52860979 -0.243564325
v -0.584723491 -2.66603472 -0.380722236
v -0.893217535 -2.54062557 -0.309784627
v -0.843463302 -2.64947964 -0.094301627
v -0.850316747 -2.52949985 -0.540576623
v -0.668388927 -2.5688404 -0.451659845
v -0.751164305 -2.64511836 -0.453973996
v -0.584723491 -2.66603472 -0.380722236
v -0.638126961 -2.67484629 -0.0931445518
v -0.559712866 -2.624113 -0.22594118
v -0.440712134 -2.71908217 -0.313255853
v -0.778756098 -2.65713414 -0.273203251
v -0.649608707 -2.75566354 -0.372711716
v -0.425225128 -2.68125471 -0.166040288
v -0.252909932 -2.79206691 -0.254512036
v -0.234663747 -2.74355876 -0.102312147
v -0.336130339 -2.79900936 -0.00565186722
v -0.531320021 -2.74444881 -0.0611914758
v -0.397366318 -2.88596801 -0.0461494984
v -0.693488558 -2.7642081 -0.132663119
v -0.555796611 -2.83434465 -0.107385477
v -0.6556611 -2.7719516 -0.247480579
v -0.484235962 -2.84671646 -0.194789156
v -0.35384249 -2.91373781 -0.155804623
v -0.330522975 -2.88356485 -0.254868059
v -0.478628598 -2.81075812 -0.31352287
v -0.252909932 -2.79206691 -0.254512036
v -0.440712134 -2.71908217 -0.313255853
v -0.403062688 -1.0943706 0.934249201
v -0.36692634 -1.2959687 0.921076345
v -0.724818593 -1.28190579 0.779290132
v -0.443382308 -1.48911125 0.899447939
v -0.716986084 -1.48252482 0.782583346
v -0.509780622 -1.67201814 0.856903175
v -0.393806087 -1.48804318 0.796557254
v -0.730069934 -1.100423 0.77555189
v -1.06731285 -1.22280595 0.718944212
v -1.02031779 -1.03936503 0.727310755
v -0.511649743 -0.944039837 0.887877188
v -0.45219388 -0.937275397 0.790771878
v -0.485393037 -0.81142122 0.793887081
v -0.350549276 -1.08644909 0.833227637
v -0.677645528 -1.10024499 0.600922543
v -0.320376316 -1.29267549 0.816850573
v -0.675242372 -1.28243982 0.602435642
v -0.678090557 -0.976170924 0.594158104
v -0.733274143 -0.970741572 0.765138213
v -0.967003329 -0.960238889 0.737368409
v -0.953652461 -0.834295706 0.698739899
v -0.55392749 -0.819965775 0.884405962
v -0.742886767 -0.821834897 0.753567461
v -0.75739471 -0.619079723 0.755792606
v -0.510314656 -0.618634694 0.938165455
v -1.00572084 -1.03794094 0.614184405
v -1.05209286 -1.22342899 0.605550844
v -0.95641164 -0.970207537 0.625399134
v -0.934783235 -0.842306227 0.587215653
v -1.02094083 -1.50726843 0.615697503
v -1.0142654 -0.614451422 0.582498346
v -1.03438071 -1.50887054 0.729268882
v -0.925704645 -1.68047368 0.622194926
v -1.03571579 -0.619702764 0.694022592
v -0.939856565 -0.446764527 0.585435537
v -0.932380079 -1.69044233 0.735499287
v -0.940835628 -1.84210819 0.600121491
v -0.750541265 -0.491534436 0.803232688
v -0.978218057 -0.471686147 0.687614176
v -0.992993017 -0.323224501 0.615252474
v -0.523398507 -0.477026494 0.998867399
v -0.784808491 -0.391135913 0.836609857
v -0.618456683 -0.370219554 1.01355335
v -1.03473673 -0.379654167 0.705148315
v -1.02628118 -0.206982948 0.696781772
v -0.702478142 -1.67655743 0.761577982
v -0.818986712 -0.313433865 0.881646783
v -1.0604594 -0.284061956 0.773504757
v -0.85743721 -0.251396834 0.933181131
v -1.0266372 -0.134265224 0.793353046
v -0.638839007 -0.284595991 1.0788836
v -0.547875097 -0.3078265 0.949291178
v -1.05164783 -0.223003989 0.860641418
v -1.08475798 -0.0777465514 0.854322007
v -1.10558533 -0.174139814 0.912442784
v -1.1219624 -0.0149974744 0.970296543
v -1.13647034 -0.119312252 1.01497745
v -1.07496734 0.0390290358 1.14172168
v -0.902118113 -0.200129503 0.992726
v -0.731583033 -0.218375688 1.09721879
v -0.765138213 -0.169422508 1.16406213
v -0.943950831 -0.16052193 1.04871064
v -1.09623973 -0.0697360309 1.1697585
v -1.06419764 -0.065997788 1.20963309
v -1.04550643 0.043034296 1.18257533
v -1.01657955 -0.0679559153 1.22859132
v -0.997888335 0.0404531283 1.19832936
v -0.819609752 -0.0103691737 1.19361205
v -0.856102123 -0.114950969 1.22236092
v -0.575733907 -0.209208093 1.02147487
v -0.717609125 -0.0727622275 1.12570064
v -0.676399447 -0.129013882 1.05209286
v -0.791394919 -0.108275535 0.841238157
v -0.738525484 -0.191139919 0.771813647
v -0.846222481 -0.0440133597 0.914133894
v -0.908971558 0.0125943183 0.998155353
v -0.997888335 0.0404531283 1.19832936
v -1.04550643 0.043034296 1.18257533
v -1.07496734 0.0390290358 1.14172168
v -1.1219624 -0.0149974744 0.970296543
v -1.08475798 -0.0777465514 0.854322007
v -1.0266372 -0.134265224 0.793353046
v -1.02628118 -0.206982948 0.696781772
v -0.992993017 -0.323224501 0.615252474
v -0.692153471 -0.296789783 0.711289714
v -0.453172944 -0.429586411 0.92285646
v -0.939856565 -0.446764527 0.585435537
v -0.659399343 -0.428518342 0.658153262
v -1.0142654 -0.614451422 0.582498346
v -0.439822076 -0.597718335 0.851295811
v -0.681650789 -0.593624069 0.59487015
v -0.934783235 -0.842306227 0.587215653
v -0.671415124 -0.822546943 0.588728751
v -0.95641164 -0.970207537 0.625399134
v -1.00572084 -1.03794094 0.614184405
v -1.05209286 -1.22342899 0.605550844
v -0.665451736 -1.47665044 0.607419966
v -1.02094083 -1.50726843 0.615697503
v -0.925704645 -1.68047368 0.622194926
v -0.454152007 -1.65946832 0.758373773
v -0.651032799 -1.65653113 0.590330855
v -0.940835628 -1.84210819 0.600121491
v -0.479874679 -1.84415532 0.84328529
v -0.635901816 -1.8315165 0.572351687
v -0.962375028 -2.02724021 0.521885408
v -0.428073313 -1.81398236 0.74662501
v -0.603414705 -2.00178456 0.51805816
v -0.879154621 -2.21495341 0.454063002
v -0.335418293 -1.94615595 0.732384085
v -0.383748433 -1.98567451 0.828332319
v -0.282637864 -2.1562986 0.681472777
v -0.562650057 -2.16893742 0.471330123
v -0.755525588 -2.36448313 0.370130548
v -0.291182419 -2.31704304 0.540487617
v -0.504084252 -2.31214773 0.369151485
v -0.644624383 -2.50618033 0.289313297
v -0.68521102 -1.87566337 0.740661623
v -0.313878893 -2.48677707 0.381345277
v -0.334350224 -2.38673457 0.620325804
v -0.460115395 -2.45891826 0.263857643
v -0.533901189 -2.63425965 0.118778217
v -0.359004825 -2.59135887 0.101956124
v -0.426916238 -2.79989942 -0.100621038
v -0.247124556 -2.7488991 -0.12251646
v -0.14806112 -2.77880505 0.0230970007
v -0.252553909 -2.62758422 0.254067007
v -0.204579792 -2.8503657 0.111390737
v -0.305156327 -2.70875749 0.295543702
v -0.948846149 -1.86934396 0.710310651
v -0.962375028 -2.02724021 0.521885408
v -0.975458878 -2.06818288 0.627713284
v -0.879154621 -2.21495341 0.454063002
v -0.652189874 -2.06426662 0.683163887
v -0.329098882 -2.20970207 0.770567566
v -0.893395546 -2.26755583 0.554372519
v -0.755525588 -2.36448313 0.370130548
v -0.609467099 -2.25518402 0.625221122
v -0.76309108 -2.42741021 0.465099719
v -0.644624383 -2.50618033 0.289313297
v -0.541288669 -2.42180285 0.510314656
v -0.639640059 -2.58094519 0.373601774
v -0.358292779 -2.56554719 0.450858793
v -0.487618182 -2.58592951 0.387575682
v -0.534524229 -2.71222872 0.180815248
v -0.533901189 -2.63425965 0.118778217
v -0.426916238 -2.79989942 -0.100621038
v -0.437329914 -2.87083703 0.0121492894
v -0.394073104 -2.73492519 0.199328451
v -0.32260146 -2.88543397 0.0522908975
v 0.95009223 -0.932914114 0.637147897
v 0.948935155 -1.28493199 0.586414601
v 0.79833737 -1.23971705 0.184019456
v 0.915023951 -1.50246212 0.463497615
v 0.796824272 -0.994150092 0.20440178
v 0.94101364 -0.702567148 0.585880566
v 0.771368618 -1.46792787 0.167998415
v 0.894552621 -1.71393986 0.484769997
v 0.795934214 -0.764871196 0.214726451
v 0.932647096 -0.612671307 0.524288564
v 0.743153785 -1.69124338 0.151087317
v 0.811510226 -1.94820308 0.537817443
v 0.787923693 -0.607864995 0.223092995
v 0.879866667 -0.441335175 0.520728333
v 0.664383667 -1.90779445 0.129636923
v 0.697493818 -2.18015215 0.462162528
v 0.590063838 -2.12069629 0.0952806906
v 0.545204923 -2.36572921 0.345475946
v 0.441958215 -2.30333615 0.0635056261
v 0.400392515 -2.54204966 0.240894151
v 0.299103934 -2.48731111 0.050421776
v 0.151176322 -2.66665776 0.176809988
v 0.065196736 -2.61530142 -0.00191362433
v -0.157050704 -2.82045975 0.137024403
v -0.248281631 -2.75877874 -0.0433903192
v -0.129547917 -2.78548048 -0.204223769
v 0.187846705 -2.64841157 -0.173694785
v -0.0215839024 -2.86620872 -0.187490682
v 0.369507508 -2.50867249 -0.154914565
v 0.549388195 -2.29194341 -0.244988418
v 0.712357784 -2.08812017 -0.308983575
v 0.79433211 -1.82768925 -0.261454487
v 0.640441111 -2.36323705 -0.233506672
v 0.851651834 -1.66311756 -0.152511409
v 0.902474136 -1.86827589 -0.249616718
v 0.236888891 -2.73928648 -0.14574697
v 0.878442575 -1.46080741 -0.119846287
v 0.446764527 -2.593406 -0.140584634
v 0.153668484 -2.7734647 -0.00823303492
v -0.0541600189 -2.91124565 -0.0362698565
v -0.0425892671 -2.89914086 0.110589685
v 0.419083729 -2.62099779 0.030751498
v 0.202265642 -2.75299337 0.156783687
v -0.157050704 -2.82045975 0.137024403
v 0.151176322 -2.66665776 0.176809988
v 0.400392515 -2.54204966 0.240894151
v 0.588639745 -2.41352531 0.0476625968
v 0.475335384 -2.62099779 0.206893942
v 0.638482984 -2.42901232 0.318863217
v 0.545204923 -2.36572921 0.345475946
v 0.752232374 -2.20747693 0.0849560198
v 0.813290342 -2.14268072 -0.296967795
v 0.798248364 -2.23302159 0.440089094
v 0.697493818 -2.18015215 0.462162528
v 0.837855938 -1.97063254 0.118066171
v 0.917249096 -1.98905673 0.513073836
v 0.811510226 -1.94820308 0.537817443
v 0.919830264 -1.73547926 0.139427559
v 1.00251664 -1.74090861 0.454063002
v 0.894552621 -1.71393986 0.484769997
v 0.961751987 -1.69418058 -0.137202414
v 1.02556913 -1.51189673 0.431010504
v 0.915023951 -1.50246212 0.463497615
v 0.951694334 -1.48804318 0.157851756
v 0.991568925 -1.47424729 -0.101155072
v 1.0620615 -1.28582204 0.560335906
v 0.948935155 -1.28493199 0.586414601
v 0.982401329 -1.24532441 0.173160751
v 1.06366361 -0.931757039 0.612849318
v 0.95009223 -0.932914114 0.637147897
v 0.89837987 -1.23722489 -0.202977688
v 0.891259407 -0.992013954 -0.291716454
v 1.01364236 -1.23864898 -0.191228925
v 0.922678449 -0.740394605 -0.255936129
v 0.981689283 -0.99334904 0.19131793
v 1.00669991 -0.995574185 -0.28334991
v 1.0373179 -0.74893916 -0.240894151
v 1.05413999 -0.703457205 0.561403976
v 0.94101364 -0.702567148 0.585880566
v 0.91546898 -0.557131698 -0.111390737
v 0.931401015 -0.393361058 -0.0660867938
v 0.979731156 -0.764693184 0.205113827
v 1.0434593 -0.601812601 0.496785777
v 0.932647096 -0.612671307 0.524288564
v 0.992726 -0.434125706 0.500880043
v 0.879866667 -0.441335175 0.520728333
v 0.913065824 -0.165506253 0.593713075
v 1.02850632 -0.564608184 -0.088160228
v 0.969050462 -0.602168624 0.217485631
v 1.04141216 -0.402973682 -0.0322645963
v 0.778578086 -0.414455428 0.225407145
v 0.79032685 -0.129636923 0.244632394
v 0.913065824 -0.165506253 0.593713075
v 0.854856042 0.0749873721 0.197370324
v 0.881112748 0.041432192 0.543424808
v 0.980888231 -0.116108044 -0.13666838
v 1.08778418 -0.139516565 -0.100621038
v 1.06393063 0.0844219851 -0.121270379
v 0.929264877 0.236354857 0.219710775
v 0.939500542 0.199061434 0.598608393
v 1.13504625 0.22994644 -0.0420552324
v 1.01862668 0.365769265 0.252197886
v 1.04559543 0.33906753 0.607152948
v 1.12080532 0.466434805 0.287444176
v 1.16014588 0.432167579 0.568613444
v 1.2575182 0.50221513 0.613561365
v 1.23268559 0.355978629 -0.0353797987
v 1.30914156 0.278365586 0.00289268795
v 1.22129285 0.166485317 0.00235865325
v 1.22859132 0.544937906 0.322957483
v 1.35088527 0.613205341 0.362565057
v 1.40313166 0.578048057 0.610802185
v 1.57954113 0.647383562 0.488597245
v 1.61211724 0.652456892 0.443026285
v 1.61033713 0.651477828 0.386596618
v 1.53236806 0.595137168 0.182773375
v 1.41425739 0.522775466 0.0932335576
v 1.30958659 0.451837857 0.0732962622
v 1.37171262 0.360250906 0.107830506
v 1.23054945 0.321177368 0.314679946
v 1.46712682 0.423979047 0.122427454
v 1.57233166 0.488330228 0.204668798
v 1.64602845 0.541377675 0.391224919
v 1.61033713 0.651477828 0.386596618
v 1.61211724 0.652456892 0.443026285
v 1.41096417 0.437863949 0.37369078
v 1.64504938 0.541733698 0.448277626
v 1.57954113 0.647383562 0.488597245
v 1.61425338 0.537105397 0.496340749
v 1.45092777 0.472220181 0.606885931
v 1.40313166 0.578048057 0.610802185
v 1.32231441 0.38677463 0.344852906
v 1.31991126 0.404397775 0.611069203
v 1.2575182 0.50221513 0.613561365
v 1.23313062 0.341915715 0.567367363
v 1.16014588 0.432167579 0.568613444
v 1.13077397 0.26056443 0.611781249
v 1.04559543 0.33906753 0.607152948
v 1.15035524 0.241161169 0.287800199
v 1.03954304 0.14129668 0.606707919
v 0.939500542 0.199061434 0.598608393
v 1.08004067 0.140495628 0.263056591
v 1.15996787 0.0352017871 -0.079971696
v 0.991568925 0.0175786421 0.54591697
v 0.881112748 0.041432192 0.543424808
v 1.02307697 0.0108142026 0.234307724
v 1.02610317 -0.169778531 0.574843849
v 0.968516427 -0.155982635 0.258517297
v 0.959704854 -0.414455428 0.236621874
vt 0.088265866 0.321715897
vt 0.0900896944 0.321715897
vt 0.0891777802 0.329923125
vt 0.0900896944 0.329923125
vt 0.0900896944 0.338130352
vt 0.0900896944 0.338130352
vt 0.0900896944 0.329923125
vt 0.0900896944 0.338130352
vt 0.0900896944 0.338130352
vt 0.0891777802 0.329923125
vt 0.088265866 0.321715897
vt 0.0900896944 0.321715897
vt 0.0919135227 0.381902233
vt 0.0919135227 0.371871177
vt 0.0900896944 0.371871177
vt 0.0900896944 0.381902233
vt 0.0910016085 0.392845203
vt 0.0919135227 0.392845203
vt 0.0919135227 0.381902233
vt 0.0919135227 0.371871177
vt 0.0900896944 0.371871177
vt 0.0900896944 0.381902233
vt 0.0910016085 0.392845203
vt 0.0919135227 0.392845203
vt 0.102856493 0.521425103
vt 0.0992088362 0.522337017
vt 0.102856493 0.521425103
vt 0.10650415 0.522337017
vt 0.10650415 0.522337017
vt 0.0919135227 0.425674114
vt 0.0910016085 0.425674114
vt 0.0900896944 0.437528998
vt 0.0919135227 0.437528998
vt 0.0910016085 0.449383883
vt 0.0910016085 0.449383883
vt 0.0992088362 0.881631206
vt 0.098296922 0.881631206
vt 0.098296922 0.896221833
vt 0.10012075 0.896221833
vt 0.0910016085 0.449383883
vt 0.0900896944 0.437528998
vt 0.0910016085 0.449383883
vt 0.0919135227 0.437528998
vt 0.0919135227 0.425674114
vt 0.0910016085 0.425674114
vt 0.0910016085 0.449383883
vt 0.0900896944 0.437528998
vt 0.0910016085 0.449383883
vt 0.0919135227 0.437528998
vt 0.0919135227 0.425674114
vt 0.0910016085 0.425674114
vt 0.088265866 0.321715897
vt 0.0900896944 0.321715897
vt 0.0891777802 0.329923125
vt 0.0900896944 0.329923125
vt 0.0900896944 0.338130352
vt 0.0900896944 0.338130352
vt 0.0973850078 0.542399129
vt 0.0964730936 0.551518271
vt 0.0973850078 0.551518271
vt 0.0973850078 0.542399129
vt 0.098296922 0.533279988
vt 0.0973850078 0.533279988
vt 0.10650415 0.522337017
vt 0.10650415 0.522337017
vt 0.115623292 0.528720417
vt 0.115623292 0.528720417
vt 0.107416064 0.535103816
vt 0.121094777 0.537839559
vt 0.102856493 0.521425103
vt 0.121094777 0.537839559
vt 0.123830519 0.547870615
vt 0.123830519 0.547870615
vt 0.124742433 0.558813585
vt 0.109239892 0.543311044
vt 0.124742433 0.559725499
vt 0.134773489 0.570668469
vt 0.110151806 0.5533421
vt 0.134773489 0.570668469
vt 0.136597318 0.581611439
vt 0.111063721 0.562461241
vt 0.136597318 0.581611439
vt 0.130213918 0.599849723
vt 0.111975635 0.573404212
vt 0.129302004 0.598937809
vt 0.131125833 0.612616522
vt 0.113799463 0.58617101
vt 0.130213918 0.612616522
vt 0.135685404 0.630854805
vt 0.115623292 0.600761637
vt 0.135685404 0.630854805
vt 0.134773489 0.647269261
vt 0.115623292 0.617176092
vt 0.133861575 0.647269261
vt 0.131125833 0.661859887
vt 0.113799463 0.631766719
vt 0.131125833 0.661859887
vt 0.13933306 0.672802858
vt 0.112887549 0.647269261
vt 0.138421146 0.672802858
vt 0.140244974 0.69286497
vt 0.114711377 0.661859887
vt 0.140244974 0.69286497
vt 0.134773489 0.710191339
vt 0.115623292 0.6755386
vt 0.134773489 0.710191339
vt 0.142068803 0.721134309
vt 0.116535206 0.69286497
vt 0.142068803 0.721134309
vt 0.142068803 0.735724936
vt 0.11744712 0.708367511
vt 0.141156889 0.735724936
vt 0.132949661 0.75396322
vt 0.118359034 0.724781966
vt 0.132949661 0.75396322
vt 0.132949661 0.765818104
vt 0.11744712 0.739372593
vt 0.132949661 0.765818104
vt 0.13933306 0.77584916
vt 0.116535206 0.753051306
vt 0.13933306 0.77584916
vt 0.138421146 0.786792131
vt 0.11744712 0.765818104
vt 0.138421146 0.786792131
vt 0.133861575 0.797735101
vt 0.116535206 0.777672989
vt 0.133861575 0.797735101
vt 0.133861575 0.809589985
vt 0.115623292 0.788615959
vt 0.132949661 0.809589985
vt 0.134773489 0.823268698
vt 0.114711377 0.800470843
vt 0.133861575 0.823268698
vt 0.138421146 0.837859325
vt 0.116535206 0.812325728
vt 0.138421146 0.837859325
vt 0.142980717 0.849714209
vt 0.119270948 0.826004441
vt 0.142980717 0.849714209
vt 0.142980717 0.86521675
vt 0.119270948 0.841506982
vt 0.142068803 0.86521675
vt 0.134773489 0.886190777
vt 0.118359034 0.857009523
vt 0.133861575 0.886190777
vt 0.132949661 0.902605232
vt 0.118359034 0.87160015
vt 0.132949661 0.902605232
vt 0.136597318 0.915372031
vt 0.119270948 0.886190777
vt 0.135685404 0.915372031
vt 0.134773489 0.9326984
vt 0.118359034 0.901693318
vt 0.134773489 0.9326984
vt 0.127478176 0.944553284
vt 0.11744712 0.916283945
vt 0.127478176 0.944553284
vt 0.122006691 0.955496255
vt 0.115623292 0.929050743
vt 0.121094777 0.955496255
vt 0.11744712 0.965527311
vt 0.114711377 0.940905628
vt 0.116535206 0.965527311
vt 0.115623292 0.974646452
vt 0.112887549 0.951848598
vt 0.115623292 0.974646452
vt 0.115623292 0.98285368
vt 0.115623292 0.98285368
vt 0.111063721 0.961879654
vt 0.110151806 0.970998796
vt 0.110151806 0.979206023
vt 0.104680321 0.98285368
vt 0.104680321 0.973734538
vt 0.103768407 0.964615396
vt 0.102856493 0.953672426
vt 0.103768407 0.973734538
vt 0.105592235 0.98285368
vt 0.102856493 0.964615396
vt 0.098296922 0.97191071
vt 0.0992088362 0.980117938
vt 0.0946492653 0.984677508
vt 0.0937373511 0.976470281
vt 0.0955611795 0.962791568
vt 0.0910016085 0.967351139
vt 0.0928254369 0.953672426
vt 0.0846182093 0.958231997
vt 0.101944579 0.953672426
vt 0.088265866 0.942729456
vt 0.0764109816 0.948200941
vt 0.101944579 0.940905628
vt 0.0855301234 0.930874572
vt 0.0672918398 0.936346057
vt 0.101032665 0.940905628
vt 0.10012075 0.929050743
vt 0.101032665 0.929050743
vt 0.0827943809 0.918107773
vt 0.063644183 0.919019687
vt 0.101032665 0.916283945
vt 0.0992088362 0.916283945
vt 0.0800586383 0.903517146
vt 0.0663799256 0.905340975
vt 0.098296922 0.896221833
vt 0.10012075 0.896221833
vt 0.098296922 0.881631206
vt 0.07823481 0.888014605
vt 0.063644183 0.888014605
vt 0.0992088362 0.881631206
vt 0.07823481 0.872512064
vt 0.0545250412 0.867040579
vt 0.10012075 0.869776321
vt 0.0964730936 0.869776321
vt 0.0773228958 0.857009523
vt 0.0527012128 0.850626123
vt 0.0992088362 0.85427378
vt 0.0964730936 0.836035497
vt 0.0964730936 0.82144487
vt 0.0973850078 0.85427378
vt 0.0992088362 0.810501899
vt 0.0764109816 0.841506982
vt 0.0572607838 0.838771239
vt 0.0992088362 0.836035497
vt 0.0764109816 0.826916355
vt 0.0618203547 0.823268698
vt 0.0992088362 0.82144487
vt 0.0791467242 0.812325728
vt 0.0627322689 0.808678071
vt 0.0973850078 0.811413814
vt 0.0809705525 0.800470843
vt 0.0618203547 0.797735101
vt 0.0964730936 0.798647015
vt 0.0809705525 0.789527873
vt 0.0581726979 0.786792131
vt 0.0992088362 0.798647015
vt 0.0973850078 0.786792131
vt 0.0791467242 0.777672989
vt 0.0572607838 0.777672989
vt 0.0992088362 0.786792131
vt 0.098296922 0.77128959
vt 0.07823481 0.765818104
vt 0.0627322689 0.767641933
vt 0.0973850078 0.77128959
vt 0.0973850078 0.761258533
vt 0.098296922 0.761258533
vt 0.07823481 0.75396322
vt 0.0627322689 0.754875134
vt 0.098296922 0.75396322
vt 0.0964730936 0.75396322
vt 0.0773228958 0.740284507
vt 0.0527012128 0.737548765
vt 0.098296922 0.740284507
vt 0.0964730936 0.740284507
vt 0.0764109816 0.724781966
vt 0.0517892987 0.722958138
vt 0.0964730936 0.726605795
vt 0.098296922 0.726605795
vt 0.0964730936 0.711103253
vt 0.0764109816 0.709279425
vt 0.0590846121 0.711103253
vt 0.0973850078 0.711103253
vt 0.0773228958 0.69286497
vt 0.053613127 0.693776884
vt 0.098296922 0.694688798
vt 0.0955611795 0.694688798
vt 0.0773228958 0.6755386
vt 0.0545250412 0.673714772
vt 0.0964730936 0.6755386
vt 0.0973850078 0.676450514
vt 0.0964730936 0.660947973
vt 0.07823481 0.661859887
vt 0.0627322689 0.662771802
vt 0.0973850078 0.660947973
vt 0.0800586383 0.647269261
vt 0.0590846121 0.647269261
vt 0.098296922 0.648181175
vt 0.0955611795 0.648181175
vt 0.0791467242 0.632678634
vt 0.0572607838 0.631766719
vt 0.0973850078 0.631766719
vt 0.0955611795 0.631766719
vt 0.0773228958 0.617176092
vt 0.0627322689 0.613528436
vt 0.0955611795 0.615352264
vt 0.0973850078 0.615352264
vt 0.0955611795 0.600761637
vt 0.0773228958 0.600761637
vt 0.0627322689 0.598937809
vt 0.0973850078 0.600761637
vt 0.0791467242 0.58617101
vt 0.0563488696 0.580699525
vt 0.0973850078 0.587082924
vt 0.0955611795 0.587082924
vt 0.0800586383 0.573404212
vt 0.0581726979 0.569756555
vt 0.0964730936 0.573404212
vt 0.0964730936 0.573404212
vt 0.0818824667 0.562461241
vt 0.0691156681 0.557901671
vt 0.0973850078 0.561549327
vt 0.0955611795 0.561549327
vt 0.0827943809 0.552430185
vt 0.0700275823 0.546046786
vt 0.0964730936 0.551518271
vt 0.0973850078 0.542399129
vt 0.0973850078 0.551518271
vt 0.0973850078 0.533279988
vt 0.0846182093 0.542399129
vt 0.0736752391 0.53601573
vt 0.088265866 0.533279988
vt 0.0973850078 0.542399129
vt 0.0809705525 0.525984674
vt 0.0910016085 0.520513189
vt 0.0946492653 0.520513189
vt 0.098296922 0.533279988
vt 0.0992088362 0.522337017
vt 0.10012075 0.522337017
vt 0.102856493 0.521425103
vt 0.0973850078 0.542399129
vt 0.0964730936 0.551518271
vt 0.0973850078 0.551518271
vt 0.0973850078 0.542399129
vt 0.098296922 0.533279988
vt 0.0973850078 0.533279988
vt 0.0992088362 0.522337017
vt 0.098296922 0.761258533
vt 0.0973850078 0.761258533
vt 0.0973850078 0.77128959
vt 0.098296922 0.77128959
vt 0.0919135227 0.381902233
vt 0.0919135227 0.371871177
vt 0.0900896944 0.371871177
vt 0.0900896944 0.381902233
vt 0.0910016085 0.392845203
vt 0.0919135227 0.392845203
vt 0.0910016085 0.449383883
vt 0.0900896944 0.437528998
vt 0.0910016085 0.449383883
vt 0.0919135227 0.437528998
vt 0.0919135227 0.425674114
vt 0.0910016085 0.425674114
vt 0.088265866 0.321715897
vt 0.0900896944 0.321715897
vt 0.0891777802 0.329923125
vt 0.0900896944 0.329923125
vt 0.0900896944 0.338130352
vt 0.0900896944 0.338130352
vt 0.088265866 0.321715897
vt 0.0900896944 0.321715897
vt 0.0891777802 0.329923125
vt 0.0900896944 0.329923125
vt 0.0900896944 0.338130352
vt 0.0900896944 0.338130352
vt 0.0919135227 0.381902233
vt 0.0919135227 0.371871177
vt 0.0900896944 0.371871177
vt 0.0900896944 0.381902233
vt 0.0910016085 0.392845203
vt 0.0919135227 0.392845203
vt 0.0910016085 0.449383883
vt 0.0900896944 0.437528998
vt 0.0910016085 0.449383883
vt 0.0919135227 0.437528998
vt 0.0919135227 0.425674114
vt 0.0910016085 0.425674114
vt 0.101032665 0.929050743
vt 0.10012075 0.929050743
vt 0.101032665 0.940905628
vt 0.101944579 0.940905628
vt 0.0919135227 0.381902233
vt 0.0919135227 0.371871177
vt 0.0900896944 0.371871177
vt 0.0900896944 0.381902233
vt 0.0910016085 0.392845203
vt 0.0919135227 0.392845203
vt 0.0973850078 0.711103253
vt 0.0964730936 0.711103253
vt 0.0964730936 0.726605795
vt 0.098296922 0.726605795
vt 0.101032665 0.929050743
vt 0.10012075 0.929050743
vt 0.101032665 0.940905628
vt 0.101944579 0.940905628
vt 0.0992088362 0.836035497
vt 0.0992088362 0.85427378
vt 0.0973850078 0.85427378
vt 0.0964730936 0.836035497
vt 0.0992088362 0.82144487
vt 0.0964730936 0.82144487
vt 0.0973850078 0.811413814
vt 0.0992088362 0.810501899
vt 0.0992088362 0.881631206
vt 0.098296922 0.881631206
vt 0.098296922 0.896221833
vt 0.10012075 0.896221833
vt 0.10650415 0.522337017
vt 0.102856493 0.521425103
vt 0.102856493 0.521425103
vt 0.10650415 0.522337017
vt 0.0992088362 0.836035497
vt 0.0992088362 0.85427378
vt 0.0973850078 0.85427378
vt 0.0964730936 0.836035497
vt 0.0992088362 0.82144487
vt 0.0964730936 0.82144487
vt 0.0973850078 0.811413814
vt 0.0992088362 0.810501899
vt 0.0973850078 0.600761637
vt 0.0955611795 0.600761637
vt 0.0955611795 0.615352264
vt 0.0973850078 0.615352264
vt 0.10650415 0.522337017
vt 0.10650415 0.522337017
vt 0.115623292 0.528720417
vt 0.115623292 0.528720417
vt 0.107416064 0.535103816
vt 0.102856493 0.521425103
vt 0.10012075 0.522337017
vt 0.0973850078 0.533279988
vt 0.121094777 0.537839559
vt 0.0973850078 0.542399129
vt 0.121094777 0.537839559
vt 0.123830519 0.547870615
vt 0.109239892 0.543311044
vt 0.0964730936 0.551518271
vt 0.123830519 0.547870615
vt 0.124742433 0.558813585
vt 0.110151806 0.5533421
vt 0.124742433 0.559725499
vt 0.134773489 0.570668469
vt 0.0973850078 0.561549327
vt 0.0973850078 0.551518271
vt 0.111063721 0.562461241
vt 0.134773489 0.570668469
vt 0.136597318 0.581611439
vt 0.136597318 0.581611439
vt 0.130213918 0.599849723
vt 0.111975635 0.573404212
vt 0.0964730936 0.573404212
vt 0.129302004 0.598937809
vt 0.131125833 0.612616522
vt 0.113799463 0.58617101
vt 0.130213918 0.612616522
vt 0.135685404 0.630854805
vt 0.0955611795 0.561549327
vt 0.0973850078 0.587082924
vt 0.115623292 0.600761637
vt 0.135685404 0.630854805
vt 0.134773489 0.647269261
vt 0.0964730936 0.573404212
vt 0.0955611795 0.600761637
vt 0.115623292 0.617176092
vt 0.133861575 0.647269261
vt 0.131125833 0.661859887
vt 0.0955611795 0.587082924
vt 0.0955611795 0.615352264
vt 0.0973850078 0.600761637
vt 0.113799463 0.631766719
vt 0.0973850078 0.631766719
vt 0.0973850078 0.615352264
vt 0.131125833 0.661859887
vt 0.13933306 0.672802858
vt 0.112887549 0.647269261
vt 0.098296922 0.648181175
vt 0.138421146 0.672802858
vt 0.140244974 0.69286497
vt 0.114711377 0.661859887
vt 0.140244974 0.69286497
vt 0.134773489 0.710191339
vt 0.0955611795 0.631766719
vt 0.0964730936 0.660947973
vt 0.115623292 0.6755386
vt 0.134773489 0.710191339
vt 0.142068803 0.721134309
vt 0.0955611795 0.648181175
vt 0.0964730936 0.6755386
vt 0.0973850078 0.660947973
vt 0.116535206 0.69286497
vt 0.098296922 0.694688798
vt 0.0973850078 0.676450514
vt 0.142068803 0.721134309
vt 0.142068803 0.735724936
vt 0.11744712 0.708367511
vt 0.0964730936 0.711103253
vt 0.141156889 0.735724936
vt 0.132949661 0.75396322
vt 0.0955611795 0.694688798
vt 0.118359034 0.724781966
vt 0.0964730936 0.726605795
vt 0.0973850078 0.711103253
vt 0.132949661 0.75396322
vt 0.132949661 0.765818104
vt 0.098296922 0.740284507
vt 0.098296922 0.726605795
vt 0.11744712 0.739372593
vt 0.132949661 0.765818104
vt 0.13933306 0.77584916
vt 0.116535206 0.753051306
vt 0.098296922 0.75396322
vt 0.13933306 0.77584916
vt 0.138421146 0.786792131
vt 0.11744712 0.765818104
vt 0.138421146 0.786792131
vt 0.133861575 0.797735101
vt 0.0964730936 0.740284507
vt 0.0973850078 0.761258533
vt 0.116535206 0.777672989
vt 0.133861575 0.797735101
vt 0.133861575 0.809589985
vt 0.0964730936 0.75396322
vt 0.0973850078 0.77128959
vt 0.098296922 0.761258533
vt 0.115623292 0.788615959
vt 0.0992088362 0.786792131
vt 0.098296922 0.77128959
vt 0.132949661 0.809589985
vt 0.134773489 0.823268698
vt 0.114711377 0.800470843
vt 0.0992088362 0.798647015
vt 0.133861575 0.823268698
vt 0.138421146 0.837859325
vt 0.116535206 0.812325728
vt 0.138421146 0.837859325
vt 0.142980717 0.849714209
vt 0.0973850078 0.786792131
vt 0.0992088362 0.810501899
vt 0.119270948 0.826004441
vt 0.0964730936 0.82144487
vt 0.0964730936 0.836035497
vt 0.0964730936 0.798647015
vt 0.0973850078 0.811413814
vt 0.119270948 0.841506982
vt 0.0992088362 0.85427378
vt 0.142980717 0.849714209
vt 0.142980717 0.86521675
vt 0.118359034 0.857009523
vt 0.142068803 0.86521675
vt 0.134773489 0.886190777
vt 0.10012075 0.869776321
vt 0.0973850078 0.85427378
vt 0.133861575 0.886190777
vt 0.132949661 0.902605232
vt 0.118359034 0.87160015
vt 0.132949661 0.902605232
vt 0.136597318 0.915372031
vt 0.119270948 0.886190777
vt 0.098296922 0.881631206
vt 0.135685404 0.915372031
vt 0.134773489 0.9326984
vt 0.0964730936 0.869776321
vt 0.118359034 0.901693318
vt 0.098296922 0.896221833
vt 0.0992088362 0.881631206
vt 0.134773489 0.9326984
vt 0.127478176 0.944553284
vt 0.11744712 0.916283945
vt 0.101032665 0.916283945
vt 0.10012075 0.896221833
vt 0.127478176 0.944553284
vt 0.122006691 0.955496255
vt 0.115623292 0.929050743
vt 0.10012075 0.929050743
vt 0.121094777 0.955496255
vt 0.11744712 0.965527311
vt 0.0992088362 0.916283945
vt 0.114711377 0.940905628
vt 0.101032665 0.940905628
vt 0.101032665 0.929050743
vt 0.116535206 0.965527311
vt 0.115623292 0.974646452
vt 0.102856493 0.953672426
vt 0.101944579 0.940905628
vt 0.112887549 0.951848598
vt 0.115623292 0.974646452
vt 0.115623292 0.98285368
vt 0.115623292 0.98285368
vt 0.111063721 0.961879654
vt 0.110151806 0.970998796
vt 0.110151806 0.979206023
vt 0.104680321 0.98285368
vt 0.103768407 0.964615396
vt 0.104680321 0.973734538
vt 0.101944579 0.953672426
vt 0.103768407 0.973734538
vt 0.105592235 0.98285368
vt 0.102856493 0.964615396
vt 0.098296922 0.97191071
vt 0.0992088362 0.980117938
vt 0.0946492653 0.984677508
vt 0.0937373511 0.976470281
vt 0.0955611795 0.962791568
vt 0.0910016085 0.967351139
vt 0.0928254369 0.953672426
vt 0.0846182093 0.958231997
vt 0.088265866 0.942729456
vt 0.0764109816 0.948200941
vt 0.0855301234 0.930874572
vt 0.0672918398 0.936346057
vt 0.0827943809 0.918107773
vt 0.063644183 0.919019687
vt 0.0800586383 0.903517146
vt 0.0663799256 0.905340975
vt 0.07823481 0.888014605
vt 0.063644183 0.888014605
vt 0.07823481 0.872512064
vt 0.0545250412 0.867040579
vt 0.0773228958 0.857009523
vt 0.0527012128 0.850626123
vt 0.0764109816 0.841506982
vt 0.0992088362 0.836035497
vt 0.0572607838 0.838771239
vt 0.0764109816 0.826916355
vt 0.0992088362 0.82144487
vt 0.0618203547 0.823268698
vt 0.0791467242 0.812325728
vt 0.0627322689 0.808678071
vt 0.0809705525 0.800470843
vt 0.0618203547 0.797735101
vt 0.0809705525 0.789527873
vt 0.0581726979 0.786792131
vt 0.0791467242 0.777672989
vt 0.0572607838 0.777672989
vt 0.07823481 0.765818104
vt 0.0627322689 0.767641933
vt 0.07823481 0.75396322
vt 0.0627322689 0.754875134
vt 0.0773228958 0.740284507
vt 0.0527012128 0.737548765
vt 0.0764109816 0.724781966
vt 0.0517892987 0.722958138
vt 0.0764109816 0.709279425
vt 0.0590846121 0.711103253
vt 0.0773228958 0.69286497
vt 0.053613127 0.693776884
vt 0.0773228958 0.6755386
vt 0.0545250412 0.673714772
vt 0.07823481 0.661859887
vt 0.0627322689 0.662771802
vt 0.0800586383 0.647269261
vt 0.0590846121 0.647269261
vt 0.0791467242 0.632678634
vt 0.0572607838 0.631766719
vt 0.0773228958 0.617176092
vt 0.0627322689 0.613528436
vt 0.0773228958 0.600761637
vt 0.0627322689 0.598937809
vt 0.0791467242 0.58617101
vt 0.0563488696 0.580699525
vt 0.0800586383 0.573404212
vt 0.0581726979 0.569756555
vt 0.0818824667 0.562461241
vt 0.0691156681 0.557901671
vt 0.0827943809 0.552430185
vt 0.0700275823 0.546046786
vt 0.0846182093 0.542399129
vt 0.0973850078 0.542399129
vt 0.088265866 0.533279988
vt 0.0736752391 0.53601573
vt 0.098296922 0.533279988
vt 0.0809705525 0.525984674
vt 0.0992088362 0.522337017
vt 0.0910016085 0.520513189
vt 0.0946492653 0.520513189
vt 0.0973850078 0.600761637
vt 0.0955611795 0.600761637
vt 0.0955611795 0.615352264
vt 0.0973850078 0.615352264
vt 0.0973850078 0.711103253
vt 0.0964730936 0.711103253
vt 0.0964730936 0.726605795
vt 0.098296922 0.726605795
vt 0.0973850078 0.660947973
vt 0.0964730936 0.660947973
vt 0.0964730936 0.6755386
vt 0.0973850078 0.676450514
vt 0.0973850078 0.660947973
vt 0.0964730936 0.660947973
vt 0.0964730936 0.6755386
vt 0.0973850078 0.676450514
vt 0.098296922 0.761258533
vt 0.0973850078 0.761258533
vt 0.0973850078 0.77128959
vt 0.098296922 0.77128959
vt 0.103768407 0.494067678
vt 0.098296922 0.497715334
vt 0.0973850078 0.480388965
vt 0.102856493 0.477653222
vt 0.0928254369 0.494067678
vt 0.0992088362 0.466710252
vt 0.107416064 0.46397451
vt 0.0919135227 0.476741308
vt 0.0910016085 0.491331935
vt 0.102856493 0.453943454
vt 0.113799463 0.453031539
vt 0.0919135227 0.46397451
vt 0.0910016085 0.476741308
vt 0.105592235 0.442088569
vt 0.121094777 0.441176655
vt 0.0855301234 0.480388965
vt 0.0864420376 0.493155764
vt 0.0809705525 0.492243849
vt 0.0791467242 0.478565137
vt 0.0800586383 0.494979592
vt 0.0791467242 0.478565137
vt 0.0745871532 0.46397451
vt 0.0827943809 0.466710252
vt 0.0754990674 0.46397451
vt 0.0900896944 0.46397451
vt 0.068203754 0.453031539
vt 0.068203754 0.453031539
vt 0.0800586383 0.453943454
vt 0.0910016085 0.449383883
vt 0.0618203547 0.441176655
vt 0.0618203547 0.441176655
vt 0.0773228958 0.442088569
vt 0.0910016085 0.449383883
vt 0.0919135227 0.437528998
vt 0.0900896944 0.437528998
vt 0.0764109816 0.429321771
vt 0.0919135227 0.425674114
vt 0.0590846121 0.429321771
vt 0.0581726979 0.429321771
vt 0.10650415 0.429321771
vt 0.123830519 0.428409856
vt 0.0910016085 0.425674114
vt 0.105592235 0.417466886
vt 0.120182862 0.416554972
vt 0.0773228958 0.417466886
vt 0.0627322689 0.417466886
vt 0.0618203547 0.417466886
vt 0.0928254369 0.416554972
vt 0.105592235 0.405612002
vt 0.118359034 0.405612002
vt 0.0900896944 0.416554972
vt 0.063644183 0.405612002
vt 0.063644183 0.405612002
vt 0.0773228958 0.405612002
vt 0.0928254369 0.404700088
vt 0.107416064 0.393757118
vt 0.124742433 0.394669032
vt 0.127478176 0.377342662
vt 0.0572607838 0.394669032
vt 0.0572607838 0.394669032
vt 0.0900896944 0.404700088
vt 0.0745871532 0.393757118
vt 0.0545250412 0.378254576
vt 0.0545250412 0.378254576
vt 0.109239892 0.380990319
vt 0.124742433 0.366399692
vt 0.0919135227 0.392845203
vt 0.0910016085 0.392845203
vt 0.0900896944 0.381902233
vt 0.109239892 0.369135435
vt 0.120182862 0.360928207
vt 0.0900896944 0.371871177
vt 0.0727633249 0.381902233
vt 0.0919135227 0.381902233
vt 0.0919135227 0.371871177
vt 0.107416064 0.360928207
vt 0.11744712 0.351809065
vt 0.0919135227 0.361840121
vt 0.0919135227 0.352720979
vt 0.0572607838 0.367311606
vt 0.0572607838 0.367311606
vt 0.105592235 0.351809065
vt 0.10650415 0.339042266
vt 0.122006691 0.337218438
vt 0.0900896944 0.361840121
vt 0.0736752391 0.370047349
vt 0.0609084405 0.362752035
vt 0.0609084405 0.362752035
vt 0.0627322689 0.352720979
vt 0.0627322689 0.352720979
vt 0.0581726979 0.339954181
vt 0.0745871532 0.361840121
vt 0.103768407 0.329923125
vt 0.116535206 0.328099296
vt 0.0891777802 0.352720979
vt 0.0900896944 0.338130352
vt 0.0900896944 0.338130352
vt 0.0891777802 0.329923125
vt 0.102856493 0.321715897
vt 0.11744712 0.31806824
vt 0.0900896944 0.321715897
vt 0.101944579 0.315332498
vt 0.114711377 0.310772927
vt 0.10012075 0.308949098
vt 0.109239892 0.304389528
vt 0.108327978 0.298006128
vt 0.088265866 0.315332498
vt 0.0891777802 0.315332498
vt 0.088265866 0.321715897
vt 0.098296922 0.303477613
vt 0.0973850078 0.297094214
vt 0.104680321 0.291622729
vt 0.0955611795 0.287063158
vt 0.0946492653 0.287063158
vt 0.0937373511 0.287975072
vt 0.0873539518 0.295270386
vt 0.0873539518 0.301653785
vt 0.0891777802 0.308037184
vt 0.0873539518 0.308037184
vt 0.0764109816 0.310772927
vt 0.0873539518 0.301653785
vt 0.0864420376 0.2961823
vt 0.0791467242 0.289798901
vt 0.0800586383 0.288886986
vt 0.07823481 0.288886986
vt 0.0773228958 0.299829957
vt 0.07823481 0.288886986
vt 0.0764109816 0.288886986
vt 0.0764109816 0.289798901
vt 0.0691156681 0.295270386
vt 0.0691156681 0.295270386
vt 0.0773228958 0.305301442
vt 0.0672918398 0.301653785
vt 0.0663799256 0.301653785
vt 0.0663799256 0.308037184
vt 0.0663799256 0.308037184
vt 0.0627322689 0.314420584
vt 0.0618203547 0.314420584
vt 0.0764109816 0.317156326
vt 0.0609084405 0.321715897
vt 0.0609084405 0.321715897
vt 0.0754990674 0.323539725
vt 0.0900896944 0.329923125
vt 0.0618203547 0.329923125
vt 0.0618203547 0.329923125
vt 0.0754990674 0.331746953
vt 0.0581726979 0.339954181
vt 0.0736752391 0.339954181
vt 0.0745871532 0.352720979
vt 0.07823481 0.288886986
vt 0.0800586383 0.288886986
vt 0.0791467242 0.289798901
vt 0.0873539518 0.295270386
vt 0.07823481 0.288886986
vt 0.0764109816 0.288886986
vt 0.0773228958 0.299829957
vt 0.0764109816 0.289798901
vt 0.0691156681 0.295270386
vt 0.0691156681 0.295270386
vt 0.0672918398 0.301653785
vt 0.0663799256 0.301653785
vt 0.0864420376 0.2961823
vt 0.0773228958 0.305301442
vt 0.0764109816 0.310772927
vt 0.0663799256 0.308037184
vt 0.0663799256 0.308037184
vt 0.0873539518 0.301653785
vt 0.0627322689 0.314420584
vt 0.0618203547 0.314420584
vt 0.0609084405 0.321715897
vt 0.0609084405 0.321715897
vt 0.0873539518 0.301653785
vt 0.0764109816 0.317156326
vt 0.0618203547 0.329923125
vt 0.0618203547 0.329923125
vt 0.0754990674 0.323539725
vt 0.0581726979 0.339954181
vt 0.0581726979 0.339954181
vt 0.0627322689 0.352720979
vt 0.0627322689 0.352720979
vt 0.0609084405 0.362752035
vt 0.0754990674 0.331746953
vt 0.0609084405 0.362752035
vt 0.0572607838 0.367311606
vt 0.0736752391 0.339954181
vt 0.0572607838 0.367311606
vt 0.0545250412 0.378254576
vt 0.0545250412 0.378254576
vt 0.0572607838 0.394669032
vt 0.0572607838 0.394669032
vt 0.063644183 0.405612002
vt 0.063644183 0.405612002
vt 0.0618203547 0.417466886
vt 0.0745871532 0.393757118
vt 0.0727633249 0.381902233
vt 0.0736752391 0.370047349
vt 0.0745871532 0.361840121
vt 0.0627322689 0.417466886
vt 0.0581726979 0.429321771
vt 0.0773228958 0.405612002
vt 0.0590846121 0.429321771
vt 0.0618203547 0.441176655
vt 0.0745871532 0.352720979
vt 0.0891777802 0.352720979
vt 0.0900896944 0.361840121
vt 0.0919135227 0.352720979
vt 0.0900896944 0.338130352
vt 0.0900896944 0.329923125
vt 0.088265866 0.321715897
vt 0.0900896944 0.338130352
vt 0.0891777802 0.315332498
vt 0.0900896944 0.321715897
vt 0.0919135227 0.371871177
vt 0.0919135227 0.381902233
vt 0.0910016085 0.392845203
vt 0.0919135227 0.361840121
vt 0.0900896944 0.371871177
vt 0.0900896944 0.404700088
vt 0.0919135227 0.392845203
vt 0.109239892 0.369135435
vt 0.0900896944 0.381902233
vt 0.107416064 0.360928207
vt 0.109239892 0.380990319
vt 0.0900896944 0.416554972
vt 0.0928254369 0.404700088
vt 0.107416064 0.393757118
vt 0.0773228958 0.417466886
vt 0.124742433 0.366399692
vt 0.127478176 0.377342662
vt 0.120182862 0.360928207
vt 0.124742433 0.394669032
vt 0.118359034 0.405612002
vt 0.11744712 0.351809065
vt 0.105592235 0.405612002
vt 0.120182862 0.416554972
vt 0.105592235 0.351809065
vt 0.10650415 0.339042266
vt 0.122006691 0.337218438
vt 0.103768407 0.329923125
vt 0.116535206 0.328099296
vt 0.0891777802 0.329923125
vt 0.102856493 0.321715897
vt 0.11744712 0.31806824
vt 0.101944579 0.315332498
vt 0.114711377 0.310772927
vt 0.10012075 0.308949098
vt 0.109239892 0.304389528
vt 0.108327978 0.298006128
vt 0.088265866 0.315332498
vt 0.0873539518 0.308037184
vt 0.0891777802 0.308037184
vt 0.098296922 0.303477613
vt 0.0973850078 0.297094214
vt 0.104680321 0.291622729
vt 0.0937373511 0.287975072
vt 0.0955611795 0.287063158
vt 0.0946492653 0.287063158
vt 0.0928254369 0.416554972
vt 0.0919135227 0.425674114
vt 0.105592235 0.417466886
vt 0.123830519 0.428409856
vt 0.0764109816 0.429321771
vt 0.0910016085 0.425674114
vt 0.0919135227 0.437528998
vt 0.10650415 0.429321771
vt 0.121094777 0.441176655
vt 0.0900896944 0.437528998
vt 0.105592235 0.442088569
vt 0.113799463 0.453031539
vt 0.0910016085 0.449383883
vt 0.102856493 0.453943454
vt 0.107416064 0.46397451
vt 0.0773228958 0.442088569
vt 0.0910016085 0.449383883
vt 0.0919135227 0.46397451
vt 0.0992088362 0.466710252
vt 0.102856493 0.477653222
vt 0.0973850078 0.480388965
vt 0.103768407 0.494067678
vt 0.098296922 0.497715334
vt 0.0928254369 0.494067678
vt 0.0919135227 0.476741308
vt 0.0910016085 0.491331935
vt 0.0910016085 0.476741308
vt 0.0900896944 0.46397451
vt 0.0855301234 0.480388965
vt 0.0864420376 0.493155764
vt 0.0809705525 0.492243849
vt 0.0800586383 0.453943454
vt 0.0827943809 0.466710252
vt 0.0791467242 0.478565137
vt 0.0800586383 0.494979592
vt 0.0791467242 0.478565137
vt 0.0745871532 0.46397451
vt 0.0754990674 0.46397451
vt 0.068203754 0.453031539
vt 0.068203754 0.453031539
vt 0.0618203547 0.441176655
vt 0.07823481 0.288886986
vt 0.0800586383 0.288886986
vt 0.0791467242 0.289798901
vt 0.0873539518 0.295270386
vt 0.07823481 0.288886986
vt 0.0764109816 0.288886986
vt 0.0773228958 0.299829957
vt 0.0764109816 0.289798901
vt 0.0691156681 0.295270386
vt 0.0691156681 0.295270386
vt 0.0672918398 0.301653785
vt 0.0663799256 0.301653785
vt 0.0864420376 0.2961823
vt 0.0773228958 0.305301442
vt 0.0764109816 0.310772927
vt 0.0663799256 0.308037184
vt 0.0663799256 0.308037184
vt 0.0873539518 0.301653785
vt 0.0627322689 0.314420584
vt 0.0618203547 0.314420584
vt 0.0609084405 0.321715897
vt 0.0609084405 0.321715897
vt 0.0873539518 0.301653785
vt 0.0764109816 0.317156326
vt 0.0618203547 0.329923125
vt 0.0618203547 0.329923125
vt 0.0754990674 0.323539725
vt 0.0581726979 0.339954181
vt 0.0581726979 0.339954181
vt 0.0627322689 0.352720979
vt 0.0627322689 0.352720979
vt 0.0609084405 0.362752035
vt 0.0754990674 0.331746953
vt 0.0609084405 0.362752035
vt 0.0572607838 0.367311606
vt 0.0736752391 0.339954181
vt 0.0572607838 0.367311606
vt 0.0545250412 0.378254576
vt 0.0545250412 0.378254576
vt 0.0572607838 0.394669032
vt 0.0572607838 0.394669032
vt 0.063644183 0.405612002
vt 0.063644183 0.405612002
vt 0.0618203547 0.417466886
vt 0.0745871532 0.393757118
vt 0.0727633249 0.381902233
vt 0.0736752391 0.370047349
vt 0.0745871532 0.361840121
vt 0.0627322689 0.417466886
vt 0.0581726979 0.429321771
vt 0.0773228958 0.405612002
vt 0.0590846121 0.429321771
vt 0.0618203547 0.441176655
vt 0.0745871532 0.352720979
vt 0.0891777802 0.352720979
vt 0.0900896944 0.361840121
vt 0.0919135227 0.352720979
vt 0.0900896944 0.338130352
vt 0.0900896944 0.329923125
vt 0.088265866 0.321715897
vt 0.0900896944 0.338130352
vt 0.0891777802 0.315332498
vt 0.0900896944 0.321715897
vt 0.0919135227 0.371871177
vt 0.0919135227 0.381902233
vt 0.0910016085 0.392845203
vt 0.0919135227 0.361840121
vt 0.0900896944 0.371871177
vt 0.0900896944 0.404700088
vt 0.0919135227 0.392845203
vt 0.109239892 0.369135435
vt 0.0900896944 0.381902233
vt 0.107416064 0.360928207
vt 0.109239892 0.380990319
vt 0.0900896944 0.416554972
vt 0.0928254369 0.404700088
vt 0.107416064 0.393757118
vt 0.0773228958 0.417466886
vt 0.124742433 0.366399692
vt 0.127478176 0.377342662
vt 0.120182862 0.360928207
vt 0.124742433 0.394669032
vt 0.118359034 0.405612002
vt 0.11744712 0.351809065
vt 0.105592235 0.405612002
vt 0.120182862 0.416554972
vt 0.105592235 0.351809065
vt 0.10650415 0.339042266
vt 0.122006691 0.337218438
vt 0.103768407 0.329923125
vt 0.116535206 0.328099296
vt 0.0891777802 0.329923125
vt 0.102856493 0.321715897
vt 0.11744712 0.31806824
vt 0.101944579 0.315332498
vt 0.114711377 0.310772927
vt 0.10012075 0.308949098
vt 0.109239892 0.304389528
vt 0.108327978 0.298006128
vt 0.088265866 0.315332498
vt 0.0873539518 0.308037184
vt 0.0891777802 0.308037184
vt 0.098296922 0.303477613
vt 0.0973850078 0.297094214
vt 0.104680321 0.291622729
vt 0.0937373511 0.287975072
vt 0.0955611795 0.287063158
vt 0.0946492653 0.287063158
vt 0.0928254369 0.416554972
vt 0.105592235 0.417466886
vt 0.123830519 0.428409856
vt 0.0919135227 0.425674114
vt 0.10650415 0.429321771
vt 0.121094777 0.441176655
vt 0.0910016085 0.425674114
vt 0.0900896944 0.437528998
vt 0.0764109816 0.429321771
vt 0.0919135227 0.437528998
vt 0.105592235 0.442088569
vt 0.113799463 0.453031539
vt 0.0910016085 0.449383883
vt 0.102856493 0.453943454
vt 0.107416064 0.46397451
vt 0.0773228958 0.442088569
vt 0.0910016085 0.449383883
vt 0.0618203547 0.441176655
vt 0.068203754 0.453031539
vt 0.068203754 0.453031539
vt 0.0745871532 0.46397451
vt 0.0919135227 0.46397451
vt 0.0992088362 0.466710252
vt 0.102856493 0.477653222
vt 0.0800586383 0.453943454
vt 0.0754990674 0.46397451
vt 0.0973850078 0.480388965
vt 0.103768407 0.494067678
vt 0.098296922 0.497715334
vt 0.0928254369 0.494067678
vt 0.0919135227 0.476741308
vt 0.0910016085 0.491331935
vt 0.0900896944 0.46397451
vt 0.0910016085 0.476741308
vt 0.0827943809 0.466710252
vt 0.0855301234 0.480388965
vt 0.0864420376 0.493155764
vt 0.0809705525 0.492243849
vt 0.0791467242 0.478565137
vt 0.0800586383 0.494979592
vt 0.0791467242 0.478565137
vt 0.0919135227 0.371871177
vt 0.0919135227 0.381902233
vt 0.0727633249 0.381902233
vt 0.0910016085 0.392845203
vt 0.0745871532 0.393757118
vt 0.0900896944 0.404700088
vt 0.0919135227 0.392845203
vt 0.0736752391 0.370047349
vt 0.0545250412 0.378254576
vt 0.0572607838 0.367311606
vt 0.0900896944 0.361840121
vt 0.0919135227 0.361840121
vt 0.0919135227 0.352720979
vt 0.0900896944 0.371871177
vt 0.109239892 0.369135435
vt 0.0900896944 0.381902233
vt 0.109239892 0.380990319
vt 0.107416064 0.360928207
vt 0.0745871532 0.361840121
vt 0.0609084405 0.362752035
vt 0.0627322689 0.352720979
vt 0.0891777802 0.352720979
vt 0.0745871532 0.352720979
vt 0.0736752391 0.339954181
vt 0.0900896944 0.338130352
vt 0.0572607838 0.367311606
vt 0.0545250412 0.378254576
vt 0.0609084405 0.362752035
vt 0.0627322689 0.352720979
vt 0.0572607838 0.394669032
vt 0.0581726979 0.339954181
vt 0.0572607838 0.394669032
vt 0.063644183 0.405612002
vt 0.0581726979 0.339954181
vt 0.0618203547 0.329923125
vt 0.063644183 0.405612002
vt 0.0618203547 0.417466886
vt 0.0754990674 0.331746953
vt 0.0618203547 0.329923125
vt 0.0609084405 0.321715897
vt 0.0900896944 0.329923125
vt 0.0754990674 0.323539725
vt 0.088265866 0.321715897
vt 0.0609084405 0.321715897
vt 0.0618203547 0.314420584
vt 0.0773228958 0.405612002
vt 0.0764109816 0.317156326
vt 0.0627322689 0.314420584
vt 0.0764109816 0.310772927
vt 0.0663799256 0.308037184
vt 0.0891777802 0.315332498
vt 0.0900896944 0.321715897
vt 0.0663799256 0.308037184
vt 0.0663799256 0.301653785
vt 0.0672918398 0.301653785
vt 0.0691156681 0.295270386
vt 0.0691156681 0.295270386
vt 0.0764109816 0.288886986
vt 0.0773228958 0.305301442
vt 0.0873539518 0.308037184
vt 0.0873539518 0.301653785
vt 0.0773228958 0.299829957
vt 0.0764109816 0.289798901
vt 0.07823481 0.288886986
vt 0.07823481 0.288886986
vt 0.0791467242 0.289798901
vt 0.0800586383 0.288886986
vt 0.0873539518 0.295270386
vt 0.0864420376 0.2961823
vt 0.088265866 0.315332498
vt 0.0873539518 0.301653785
vt 0.0891777802 0.308037184
vt 0.10012075 0.308949098
vt 0.101944579 0.315332498
vt 0.098296922 0.303477613
vt 0.0973850078 0.297094214
vt 0.0937373511 0.287975072
vt 0.0946492653 0.287063158
vt 0.0955611795 0.287063158
vt 0.104680321 0.291622729
vt 0.108327978 0.298006128
vt 0.109239892 0.304389528
vt 0.114711377 0.310772927
vt 0.11744712 0.31806824
vt 0.102856493 0.321715897
vt 0.0891777802 0.329923125
vt 0.116535206 0.328099296
vt 0.103768407 0.329923125
vt 0.122006691 0.337218438
vt 0.0900896944 0.338130352
vt 0.10650415 0.339042266
vt 0.11744712 0.351809065
vt 0.105592235 0.351809065
vt 0.120182862 0.360928207
vt 0.124742433 0.366399692
vt 0.127478176 0.377342662
vt 0.107416064 0.393757118
vt 0.124742433 0.394669032
vt 0.118359034 0.405612002
vt 0.0928254369 0.404700088
vt 0.105592235 0.405612002
vt 0.120182862 0.416554972
vt 0.0900896944 0.416554972
vt 0.105592235 0.417466886
vt 0.123830519 0.428409856
vt 0.0928254369 0.416554972
vt 0.10650415 0.429321771
vt 0.121094777 0.441176655
vt 0.0910016085 0.425674114
vt 0.0919135227 0.425674114
vt 0.0900896944 0.437528998
vt 0.105592235 0.442088569
vt 0.113799463 0.453031539
vt 0.0910016085 0.449383883
vt 0.102856493 0.453943454
vt 0.107416064 0.46397451
vt 0.0773228958 0.417466886
vt 0.0919135227 0.46397451
vt 0.0910016085 0.449383883
vt 0.0992088362 0.466710252
vt 0.102856493 0.477653222
vt 0.0973850078 0.480388965
vt 0.103768407 0.494067678
vt 0.098296922 0.497715334
vt 0.0928254369 0.494067678
vt 0.0919135227 0.476741308
vt 0.0910016085 0.491331935
vt 0.0910016085 0.476741308
vt 0.0627322689 0.417466886
vt 0.0581726979 0.429321771
vt 0.0590846121 0.429321771
vt 0.0618203547 0.441176655
vt 0.0764109816 0.429321771
vt 0.0919135227 0.437528998
vt 0.0618203547 0.441176655
vt 0.068203754 0.453031539
vt 0.0773228958 0.442088569
vt 0.068203754 0.453031539
vt 0.0745871532 0.46397451
vt 0.0800586383 0.453943454
vt 0.0754990674 0.46397451
vt 0.0900896944 0.46397451
vt 0.0827943809 0.466710252
vt 0.0791467242 0.478565137
vt 0.0791467242 0.478565137
vt 0.0800586383 0.494979592
vt 0.0809705525 0.492243849
vt 0.0855301234 0.480388965
vt 0.0864420376 0.493155764
vt 0.127478176 0.377342662
vt 0.124742433 0.394669032
vt 0.107416064 0.393757118
vt 0.118359034 0.405612002
vt 0.109239892 0.380990319
vt 0.124742433 0.366399692
vt 0.105592235 0.405612002
vt 0.120182862 0.416554972
vt 0.109239892 0.369135435
vt 0.120182862 0.360928207
vt 0.105592235 0.417466886
vt 0.123830519 0.428409856
vt 0.107416064 0.360928207
vt 0.11744712 0.351809065
vt 0.10650415 0.429321771
vt 0.121094777 0.441176655
vt 0.105592235 0.442088569
vt 0.113799463 0.453031539
vt 0.102856493 0.453943454
vt 0.107416064 0.46397451
vt 0.0992088362 0.466710252
vt 0.102856493 0.477653222
vt 0.0973850078 0.480388965
vt 0.103768407 0.494067678
vt 0.098296922 0.497715334
vt 0.0928254369 0.494067678
vt 0.0919135227 0.476741308
vt 0.0910016085 0.491331935
vt 0.0919135227 0.46397451
vt 0.0910016085 0.449383883
vt 0.0900896944 0.437528998
vt 0.0910016085 0.425674114
vt 0.0910016085 0.449383883
vt 0.0928254369 0.416554972
vt 0.0919135227 0.425674114
vt 0.0910016085 0.476741308
vt 0.0928254369 0.404700088
vt 0.0900896944 0.46397451
vt 0.0855301234 0.480388965
vt 0.0864420376 0.493155764
vt 0.0809705525 0.492243849
vt 0.0827943809 0.466710252
vt 0.0791467242 0.478565137
vt 0.0800586383 0.494979592
vt 0.0791467242 0.478565137
vt 0.0745871532 0.46397451
vt 0.0800586383 0.453943454
vt 0.0754990674 0.46397451
vt 0.068203754 0.453031539
vt 0.068203754 0.453031539
vt 0.0773228958 0.442088569
vt 0.0919135227 0.437528998
vt 0.0618203547 0.441176655
vt 0.0618203547 0.441176655
vt 0.0764109816 0.429321771
vt 0.0590846121 0.429321771
vt 0.0581726979 0.429321771
vt 0.0773228958 0.417466886
vt 0.0627322689 0.417466886
vt 0.0618203547 0.417466886
vt 0.0900896944 0.416554972
vt 0.063644183 0.405612002
vt 0.063644183 0.405612002
vt 0.0773228958 0.405612002
vt 0.0900896944 0.404700088
vt 0.0572607838 0.394669032
vt 0.0572607838 0.394669032
vt 0.0745871532 0.393757118
vt 0.0545250412 0.378254576
vt 0.0545250412 0.378254576
vt 0.0919135227 0.392845203
vt 0.0900896944 0.381902233
vt 0.0910016085 0.392845203
vt 0.0900896944 0.371871177
vt 0.0727633249 0.381902233
vt 0.0919135227 0.381902233
vt 0.0919135227 0.371871177
vt 0.0572607838 0.367311606
vt 0.0572607838 0.367311606
vt 0.0919135227 0.361840121
vt 0.0919135227 0.352720979
vt 0.0736752391 0.370047349
vt 0.0609084405 0.362752035
vt 0.0609084405 0.362752035
vt 0.0627322689 0.352720979
vt 0.0627322689 0.352720979
vt 0.0581726979 0.339954181
vt 0.0900896944 0.361840121
vt 0.0745871532 0.361840121
vt 0.0891777802 0.352720979
vt 0.105592235 0.351809065
vt 0.10650415 0.339042266
vt 0.122006691 0.337218438
vt 0.103768407 0.329923125
vt 0.116535206 0.328099296
vt 0.0900896944 0.338130352
vt 0.0900896944 0.338130352
vt 0.0891777802 0.329923125
vt 0.102856493 0.321715897
vt 0.11744712 0.31806824
vt 0.0900896944 0.321715897
vt 0.101944579 0.315332498
vt 0.114711377 0.310772927
vt 0.10012075 0.308949098
vt 0.109239892 0.304389528
vt 0.108327978 0.298006128
vt 0.088265866 0.315332498
vt 0.0891777802 0.315332498
vt 0.088265866 0.321715897
vt 0.098296922 0.303477613
vt 0.0973850078 0.297094214
vt 0.104680321 0.291622729
vt 0.0955611795 0.287063158
vt 0.0946492653 0.287063158
vt 0.0937373511 0.287975072
vt 0.0873539518 0.295270386
vt 0.0873539518 0.301653785
vt 0.0891777802 0.308037184
vt 0.0873539518 0.308037184
vt 0.0764109816 0.310772927
vt 0.0873539518 0.301653785
vt 0.0864420376 0.2961823
vt 0.0791467242 0.289798901
vt 0.0800586383 0.288886986
vt 0.07823481 0.288886986
vt 0.0773228958 0.299829957
vt 0.07823481 0.288886986
vt 0.0764109816 0.288886986
vt 0.0764109816 0.289798901
vt 0.0691156681 0.295270386
vt 0.0691156681 0.295270386
vt 0.0773228958 0.305301442
vt 0.0672918398 0.301653785
vt 0.0663799256 0.301653785
vt 0.0663799256 0.308037184
vt 0.0663799256 0.308037184
vt 0.0627322689 0.314420584
vt 0.0618203547 0.314420584
vt 0.0764109816 0.317156326
vt 0.0609084405 0.321715897
vt 0.0609084405 0.321715897
vt 0.0754990674 0.323539725
vt 0.0900896944 0.329923125
vt 0.0618203547 0.329923125
vt 0.0618203547 0.329923125
vt 0.0754990674 0.331746953
vt 0.0581726979 0.339954181
vt 0.0736752391 0.339954181
vt 0.0745871532 0.352720979
g item_11_13item_11_13_mobile_0
f 3/3/3 2/2/2 1/1/1
f 4/4/4 3/3/3 1/1/1
f 5/5/5 3/3/3 4/4/4
f 6/6/6 5/5/5 4/4/4
f 9/9/9 8/8/8 7/7/7
f 8/8/8 10/10/10 7/7/7
f 7/7/7 10/10/10 11/11/11
f 10/10/10 12/12/12 11/11/11
f 15/15/15 14/14/14 13/13/13
f 16/16/16 15/15/15 13/13/13
f 16/16/16 13/13/13 17/17/17
f 18/18/18 16/16/16 17/17/17
f 21/21/21 20/20/20 19/19/19
f 22/22/22 21/21/21 19/19/19
f 22/22/22 19/19/19 23/23/23
f 24/24/24 22/22/22 23/23/23
f 27/27/27 26/26/26 25/25/25
f 27/27/27 25/25/25 28/28/28
f 29/29/29 27/27/27 28/28/28
f 32/32/32 31/31/31 30/30/30
f 33/33/33 32/32/32 30/30/30
f 32/32/32 33/33/33 34/34/34
f 35/35/35 32/32/32 34/34/34
f 38/38/38 37/37/37 36/36/36
f 39/39/39 38/38/38 36/36/36
f 42/42/42 41/41/41 40/40/40
f 41/41/41 43/43/43 40/40/40
f 43/43/43 41/41/41 44/44/44
f 41/41/41 45/45/45 44/44/44
f 48/48/48 47/47/47 46/46/46
f 47/47/47 49/49/49 46/46/46
f 49/49/49 47/47/47 50/50/50
f 47/47/47 51/51/51 50/50/50
f 54/54/54 53/53/53 52/52/52
f 55/55/55 54/54/54 52/52/52
f 56/56/56 54/54/54 55/55/55
f 57/57/57 56/56/56 55/55/55
f 60/60/60 59/59/59 58/58/58
f 59/59/59 61/61/61 58/58/58
f 58/58/58 61/61/61 62/62/62
f 61/61/61 63/63/63 62/62/62
f 66/66/66 65/65/65 64/64/64
f 67/67/67 66/66/66 64/64/64
f 68/68/68 67/67/67 64/64/64
f 69/69/69 66/66/66 67/67/67
f 68/68/68 64/64/64 70/70/70
f 71/71/71 69/69/69 67/67/67
f 71/71/71 67/67/67 68/68/68
f 72/72/72 69/69/69 71/71/71
f 73/73/73 72/72/72 71/71/71
f 74/74/74 72/72/72 73/73/73
f 75/75/75 71/71/71 68/68/68
f 73/73/73 71/71/71 75/75/75
f 76/76/76 74/74/74 73/73/73
f 77/77/77 74/74/74 76/76/76
f 78/78/78 73/73/73 75/75/75
f 76/76/76 73/73/73 78/78/78
f 79/79/79 77/77/77 76/76/76
f 80/80/80 77/77/77 79/79/79
f 81/81/81 76/76/76 78/78/78
f 79/79/79 76/76/76 81/81/81
f 82/82/82 80/80/80 79/79/79
f 83/83/83 80/80/80 82/82/82
f 84/84/84 79/79/79 81/81/81
f 82/82/82 79/79/79 84/84/84
f 85/85/85 83/83/83 82/82/82
f 86/86/86 83/83/83 85/85/85
f 87/87/87 82/82/82 84/84/84
f 85/85/85 82/82/82 87/87/87
f 88/88/88 86/86/86 85/85/85
f 89/89/89 86/86/86 88/88/88
f 90/90/90 85/85/85 87/87/87
f 88/88/88 85/85/85 90/90/90
f 91/91/91 89/89/89 88/88/88
f 92/92/92 89/89/89 91/91/91
f 93/93/93 88/88/88 90/90/90
f 91/91/91 88/88/88 93/93/93
f 94/94/94 92/92/92 91/91/91
f 95/95/95 92/92/92 94/94/94
f 96/96/96 91/91/91 93/93/93
f 94/94/94 91/91/91 96/96/96
f 97/97/97 95/95/95 94/94/94
f 98/98/98 95/95/95 97/97/97
f 99/99/99 94/94/94 96/96/96
f 97/97/97 94/94/94 99/99/99
f 100/100/100 98/98/98 97/97/97
f 101/101/101 98/98/98 100/100/100
f 102/102/102 97/97/97 99/99/99
f 100/100/100 97/97/97 102/102/102
f 103/103/103 101/101/101 100/100/100
f 104/104/104 101/101/101 103/103/103
f 105/105/105 100/100/100 102/102/102
f 103/103/103 100/100/100 105/105/105
f 106/106/106 104/104/104 103/103/103
f 107/107/107 104/104/104 106/106/106
f 108/108/108 103/103/103 105/105/105
f 106/106/106 103/103/103 108/108/108
f 109/109/109 107/107/107 106/106/106
f 110/110/110 107/107/107 109/109/109
f 111/111/111 106/106/106 108/108/108
f 111/111/111 109/109/109 106/106/106
f 112/112/112 110/110/110 109/109/109
f 113/113/113 110/110/110 112/112/112
f 114/114/114 109/109/109 111/111/111
f 112/112/112 109/109/109 114/114/114
f 115/115/115 113/113/113 112/112/112
f 116/116/116 113/113/113 115/115/115
f 117/117/117 112/112/112 114/114/114
f 115/115/115 112/112/112 117/117/117
f 118/118/118 116/116/116 115/115/115
f 119/119/119 116/116/116 118/118/118
f 120/120/120 115/115/115 117/117/117
f 118/118/118 115/115/115 120/120/120
f 121/121/121 119/119/119 118/118/118
f 122/122/122 119/119/119 121/121/121
f 123/123/123 118/118/118 120/120/120
f 121/121/121 118/118/118 123/123/123
f 124/124/124 122/122/122 121/121/121
f 125/125/125 122/122/122 124/124/124
f 126/126/126 121/121/121 123/123/123
f 124/124/124 121/121/121 126/126/126
f 127/127/127 125/125/125 124/124/124
f 128/128/128 125/125/125 127/127/127
f 129/129/129 124/124/124 126/126/126
f 127/127/127 124/124/124 129/129/129
f 130/130/130 128/128/128 127/127/127
f 131/131/131 128/128/128 130/130/130
f 132/132/132 127/127/127 129/129/129
f 130/130/130 127/127/127 132/132/132
f 133/133/133 131/131/131 130/130/130
f 134/134/134 131/131/131 133/133/133
f 135/135/135 130/130/130 132/132/132
f 133/133/133 130/130/130 135/135/135
f 136/136/136 134/134/134 133/133/133
f 137/137/137 134/134/134 136/136/136
f 138/138/138 133/133/133 135/135/135
f 136/136/136 133/133/133 138/138/138
f 139/139/139 137/137/137 136/136/136
f 140/140/140 137/137/137 139/139/139
f 141/141/141 136/136/136 138/138/138
f 139/139/139 136/136/136 141/141/141
f 142/142/142 140/140/140 139/139/139
f 143/143/143 140/140/140 142/142/142
f 144/144/144 139/139/139 141/141/141
f 142/142/142 139/139/139 144/144/144
f 145/145/145 143/143/143 142/142/142
f 146/146/146 143/143/143 145/145/145
f 147/147/147 142/142/142 144/144/144
f 145/145/145 142/142/142 147/147/147
f 148/148/148 146/146/146 145/145/145
f 149/149/149 146/146/146 148/148/148
f 150/150/150 145/145/145 147/147/147
f 148/148/148 145/145/145 150/150/150
f 151/151/151 149/149/149 148/148/148
f 152/152/152 149/149/149 151/151/151
f 153/153/153 148/148/148 150/150/150
f 151/151/151 148/148/148 153/153/153
f 154/154/154 152/152/152 151/151/151
f 155/155/155 152/152/152 154/154/154
f 156/156/156 151/151/151 153/153/153
f 154/154/154 151/151/151 156/156/156
f 157/157/157 155/155/155 154/154/154
f 158/158/158 155/155/155 157/157/157
f 159/159/159 154/154/154 156/156/156
f 157/157/157 154/154/154 159/159/159
f 160/160/160 158/158/158 157/157/157
f 161/161/161 158/158/158 160/160/160
f 162/162/162 157/157/157 159/159/159
f 160/160/160 157/157/157 162/162/162
f 163/163/163 161/161/161 160/160/160
f 164/164/164 161/161/161 163/163/163
f 165/165/165 160/160/160 162/162/162
f 163/163/163 160/160/160 165/165/165
f 166/166/166 164/164/164 163/163/163
f 167/167/167 164/164/164 166/166/166
f 168/168/168 167/167/167 166/166/166
f 166/166/166 163/163/163 169/169/169
f 169/169/169 163/163/163 165/165/165
f 168/168/168 166/166/166 170/170/170
f 170/170/170 166/166/166 169/169/169
f 171/171/171 168/168/168 170/170/170
f 172/172/172 171/171/171 170/170/170
f 173/173/173 170/170/170 169/169/169
f 173/173/173 172/172/172 170/170/170
f 174/174/174 169/169/169 165/165/165
f 174/174/174 173/173/173 169/169/169
f 175/175/175 165/165/165 162/162/162
f 175/175/175 174/174/174 165/165/165
f 172/172/172 173/173/173 176/176/176
f 177/177/177 172/172/172 176/176/176
f 173/173/173 174/174/174 178/178/178
f 176/176/176 173/173/173 178/178/178
f 177/177/177 176/176/176 179/179/179
f 180/180/180 177/177/177 179/179/179
f 181/181/181 180/180/180 179/179/179
f 182/182/182 181/181/181 179/179/179
f 179/179/179 176/176/176 183/183/183
f 182/182/182 179/179/179 183/183/183
f 176/176/176 178/178/178 183/183/183
f 184/184/184 182/182/182 183/183/183
f 184/184/184 183/183/183 185/185/185
f 183/183/183 178/178/178 185/185/185
f 186/186/186 184/184/184 185/185/185
f 178/178/178 174/174/174 187/187/187
f 178/178/178 187/187/187 185/185/185
f 174/174/174 175/175/175 187/187/187
f 186/186/186 185/185/185 188/188/188
f 185/185/185 187/187/187 188/188/188
f 189/189/189 186/186/186 188/188/188
f 187/187/187 175/175/175 190/190/190
f 187/187/187 190/190/190 188/188/188
f 189/189/189 188/188/188 191/191/191
f 188/188/188 190/190/190 191/191/191
f 192/192/192 189/189/189 191/191/191
f 175/175/175 193/193/193 190/190/190
f 193/193/193 175/175/175 162/162/162
f 193/193/193 162/162/162 159/159/159
f 194/194/194 193/193/193 159/159/159
f 190/190/190 195/195/195 191/191/191
f 194/194/194 159/159/159 156/156/156
f 192/192/192 191/191/191 196/196/196
f 191/191/191 195/195/195 196/196/196
f 197/197/197 192/192/192 196/196/196
f 198/198/198 194/194/194 156/156/156
f 198/198/198 156/156/156 153/153/153
f 195/195/195 194/194/194 199/199/199
f 195/195/195 199/199/199 196/196/196
f 194/194/194 198/198/198 199/199/199
f 197/197/197 196/196/196 200/200/200
f 196/196/196 199/199/199 200/200/200
f 201/201/201 197/197/197 200/200/200
f 202/202/202 198/198/198 153/153/153
f 202/202/202 153/153/153 150/150/150
f 199/199/199 198/198/198 203/203/203
f 198/198/198 202/202/202 203/203/203
f 199/199/199 203/203/203 200/200/200
f 204/204/204 202/202/202 150/150/150
f 204/204/204 150/150/150 147/147/147
f 201/201/201 200/200/200 205/205/205
f 200/200/200 203/203/203 205/205/205
f 206/206/206 201/201/201 205/205/205
f 203/203/203 207/207/207 205/205/205
f 206/206/206 205/205/205 208/208/208
f 205/205/205 207/207/207 208/208/208
f 209/209/209 206/206/206 208/208/208
f 210/210/210 204/204/204 147/147/147
f 210/210/210 147/147/147 144/144/144
f 207/207/207 204/204/204 211/211/211
f 207/207/207 211/211/211 208/208/208
f 204/204/204 210/210/210 211/211/211
f 209/209/209 208/208/208 212/212/212
f 208/208/208 211/211/211 212/212/212
f 213/213/213 209/209/209 212/212/212
f 214/214/214 210/210/210 144/144/144
f 214/214/214 144/144/144 141/141/141
f 215/215/215 214/214/214 141/141/141
f 215/215/215 141/141/141 138/138/138
f 216/216/216 215/215/215 138/138/138
f 216/216/216 138/138/138 135/135/135
f 210/210/210 214/214/214 217/217/217
f 211/211/211 210/210/210 217/217/217
f 211/211/211 217/217/217 212/212/212
f 218/218/218 216/216/216 135/135/135
f 218/218/218 135/135/135 132/132/132
f 213/213/213 212/212/212 219/219/219
f 212/212/212 217/217/217 219/219/219
f 220/220/220 213/213/213 219/219/219
f 217/217/217 221/221/221 219/219/219
f 220/220/220 219/219/219 222/222/222
f 219/219/219 221/221/221 222/222/222
f 223/223/223 220/220/220 222/222/222
f 221/221/221 224/224/224 222/222/222
f 223/223/223 222/222/222 225/225/225
f 222/222/222 224/224/224 225/225/225
f 226/226/226 223/223/223 225/225/225
f 224/224/224 227/227/227 225/225/225
f 226/226/226 225/225/225 228/228/228
f 225/225/225 227/227/227 228/228/228
f 229/229/229 226/226/226 228/228/228
f 227/227/227 218/218/218 230/230/230
f 227/227/227 230/230/230 228/228/228
f 229/229/229 228/228/228 231/231/231
f 228/228/228 230/230/230 231/231/231
f 232/232/232 229/229/229 231/231/231
f 218/218/218 233/233/233 230/230/230
f 233/233/233 218/218/218 132/132/132
f 233/233/233 132/132/132 129/129/129
f 230/230/230 234/234/234 231/231/231
f 230/230/230 233/233/233 234/234/234
f 232/232/232 231/231/231 235/235/235
f 231/231/231 234/234/234 235/235/235
f 236/236/236 232/232/232 235/235/235
f 237/237/237 233/233/233 129/129/129
f 233/233/233 237/237/237 234/234/234
f 237/237/237 129/129/129 126/126/126
f 234/234/234 238/238/238 235/235/235
f 234/234/234 237/237/237 238/238/238
f 236/236/236 235/235/235 239/239/239
f 235/235/235 238/238/238 239/239/239
f 240/240/240 236/236/236 239/239/239
f 241/241/241 237/237/237 126/126/126
f 237/237/237 241/241/241 238/238/238
f 241/241/241 126/126/126 123/123/123
f 242/242/242 241/241/241 123/123/123
f 238/238/238 243/243/243 239/239/239
f 242/242/242 123/123/123 120/120/120
f 240/240/240 239/239/239 244/244/244
f 239/239/239 243/243/243 244/244/244
f 245/245/245 240/240/240 244/244/244
f 246/246/246 242/242/242 120/120/120
f 246/246/246 120/120/120 117/117/117
f 243/243/243 242/242/242 247/247/247
f 243/243/243 247/247/247 244/244/244
f 242/242/242 246/246/246 247/247/247
f 245/245/245 244/244/244 248/248/248
f 244/244/244 247/247/247 248/248/248
f 249/249/249 245/245/245 248/248/248
f 250/250/250 246/246/246 117/117/117
f 250/250/250 117/117/117 114/114/114
f 247/247/247 246/246/246 251/251/251
f 247/247/247 251/251/251 248/248/248
f 246/246/246 250/250/250 251/251/251
f 249/249/249 248/248/248 252/252/252
f 248/248/248 251/251/251 252/252/252
f 253/253/253 249/249/249 252/252/252
f 254/254/254 250/250/250 114/114/114
f 254/254/254 114/114/114 111/111/111
f 251/251/251 250/250/250 255/255/255
f 250/250/250 254/254/254 255/255/255
f 251/251/251 255/255/255 252/252/252
f 256/256/256 254/254/254 111/111/111
f 256/256/256 111/111/111 108/108/108
f 257/257/257 253/253/253 252/252/252
f 252/252/252 255/255/255 257/257/257
f 257/257/257 258/258/258 253/253/253
f 255/255/255 259/259/259 257/257/257
f 258/258/258 257/257/257 260/260/260
f 257/257/257 259/259/259 260/260/260
f 261/261/261 258/258/258 260/260/260
f 262/262/262 256/256/256 108/108/108
f 262/262/262 108/108/108 105/105/105
f 259/259/259 256/256/256 263/263/263
f 259/259/259 263/263/263 260/260/260
f 256/256/256 262/262/262 263/263/263
f 261/261/261 260/260/260 264/264/264
f 260/260/260 263/263/263 264/264/264
f 265/265/265 261/261/261 264/264/264
f 266/266/266 262/262/262 105/105/105
f 266/266/266 105/105/105 102/102/102
f 263/263/263 262/262/262 267/267/267
f 262/262/262 266/266/266 267/267/267
f 263/263/263 267/267/267 264/264/264
f 268/268/268 266/266/266 102/102/102
f 268/268/268 102/102/102 99/99/99
f 265/265/265 264/264/264 269/269/269
f 264/264/264 267/267/267 269/269/269
f 270/270/270 265/265/265 269/269/269
f 267/267/267 271/271/271 269/269/269
f 270/270/270 269/269/269 272/272/272
f 269/269/269 271/271/271 272/272/272
f 273/273/273 270/270/270 272/272/272
f 274/274/274 268/268/268 99/99/99
f 274/274/274 99/99/99 96/96/96
f 271/271/271 268/268/268 275/275/275
f 271/271/271 275/275/275 272/272/272
f 268/268/268 274/274/274 275/275/275
f 273/273/273 272/272/272 276/276/276
f 272/272/272 275/275/275 276/276/276
f 277/277/277 273/273/273 276/276/276
f 278/278/278 274/274/274 96/96/96
f 278/278/278 96/96/96 93/93/93
f 275/275/275 274/274/274 279/279/279
f 275/275/275 279/279/279 276/276/276
f 274/274/274 278/278/278 279/279/279
f 277/277/277 276/276/276 280/280/280
f 276/276/276 279/279/279 280/280/280
f 281/281/281 277/277/277 280/280/280
f 282/282/282 278/278/278 93/93/93
f 282/282/282 93/93/93 90/90/90
f 279/279/279 278/278/278 283/283/283
f 278/278/278 282/282/282 283/283/283
f 279/279/279 283/283/283 280/280/280
f 284/284/284 282/282/282 90/90/90
f 284/284/284 90/90/90 87/87/87
f 281/281/281 280/280/280 285/285/285
f 280/280/280 283/283/283 285/285/285
f 286/286/286 281/281/281 285/285/285
f 283/283/283 287/287/287 285/285/285
f 286/286/286 285/285/285 288/288/288
f 285/285/285 287/287/287 288/288/288
f 289/289/289 286/286/286 288/288/288
f 290/290/290 284/284/284 87/87/87
f 290/290/290 87/87/87 84/84/84
f 287/287/287 284/284/284 291/291/291
f 287/287/287 291/291/291 288/288/288
f 284/284/284 290/290/290 291/291/291
f 289/289/289 288/288/288 292/292/292
f 288/288/288 291/291/291 292/292/292
f 293/293/293 289/289/289 292/292/292
f 294/294/294 290/290/290 84/84/84
f 294/294/294 84/84/84 81/81/81
f 291/291/291 290/290/290 295/295/295
f 291/291/291 295/295/295 292/292/292
f 290/290/290 294/294/294 295/295/295
f 293/293/293 292/292/292 296/296/296
f 292/292/292 295/295/295 296/296/296
f 297/297/297 293/293/293 296/296/296
f 298/298/298 294/294/294 81/81/81
f 298/298/298 81/81/81 78/78/78
f 295/295/295 294/294/294 299/299/299
f 295/295/295 299/299/299 296/296/296
f 294/294/294 298/298/298 299/299/299
f 297/297/297 296/296/296 300/300/300
f 296/296/296 299/299/299 300/300/300
f 301/301/301 297/297/297 300/300/300
f 302/302/302 298/298/298 78/78/78
f 302/302/302 78/78/78 75/75/75
f 303/303/303 302/302/302 75/75/75
f 298/298/298 302/302/302 304/304/304
f 299/299/299 298/298/298 304/304/304
f 299/299/299 304/304/304 300/300/300
f 303/303/303 75/75/75 68/68/68
f 305/305/305 303/303/303 68/68/68
f 301/301/301 300/300/300 306/306/306
f 300/300/300 304/304/304 306/306/306
f 307/307/307 301/301/301 306/306/306
f 307/307/307 306/306/306 308/308/308
f 304/304/304 309/309/309 306/306/306
f 306/306/306 309/309/309 308/308/308
f 310/310/310 307/307/307 308/308/308
f 308/308/308 311/311/311 310/310/310
f 308/308/308 312/312/312 311/311/311
f 309/309/309 313/313/313 308/308/308
f 308/308/308 314/314/314 312/312/312
f 308/308/308 313/313/313 314/314/314
f 313/313/313 305/305/305 314/314/314
f 68/68/68 315/315/315 305/305/305
f 305/305/305 315/315/315 314/314/314
f 68/68/68 70/70/70 315/315/315
f 314/314/314 315/315/315 70/70/70
f 316/316/316 314/314/314 70/70/70
f 319/319/319 318/318/318 317/317/317
f 318/318/318 320/320/320 317/317/317
f 317/317/317 320/320/320 321/321/321
f 320/320/320 322/322/322 321/321/321
f 321/321/321 322/322/322 323/323/323
f 326/326/326 325/325/325 324/324/324
f 327/327/327 326/326/326 324/324/324
f 330/330/330 329/329/329 328/328/328
f 331/331/331 330/330/330 328/328/328
f 331/331/331 328/328/328 332/332/332
f 333/333/333 331/331/331 332/332/332
f 336/336/336 335/335/335 334/334/334
f 335/335/335 337/337/337 334/334/334
f 337/337/337 335/335/335 338/338/338
f 335/335/335 339/339/339 338/338/338
f 342/342/342 341/341/341 340/340/340
f 343/343/343 342/342/342 340/340/340
f 344/344/344 342/342/342 343/343/343
f 345/345/345 344/344/344 343/343/343
f 348/348/348 347/347/347 346/346/346
f 349/349/349 348/348/348 346/346/346
f 350/350/350 348/348/348 349/349/349
f 351/351/351 350/350/350 349/349/349
f 354/354/354 353/353/353 352/352/352
f 355/355/355 354/354/354 352/352/352
f 355/355/355 352/352/352 356/356/356
f 357/357/357 355/355/355 356/356/356
f 360/360/360 359/359/359 358/358/358
f 359/359/359 361/361/361 358/358/358
f 361/361/361 359/359/359 362/362/362
f 359/359/359 363/363/363 362/362/362
f 366/366/366 365/365/365 364/364/364
f 367/367/367 366/366/366 364/364/364
f 370/370/370 369/369/369 368/368/368
f 371/371/371 370/370/370 368/368/368
f 371/371/371 368/368/368 372/372/372
f 373/373/373 371/371/371 372/372/372
f 376/376/376 375/375/375 374/374/374
f 377/377/377 376/376/376 374/374/374
f 380/380/380 379/379/379 378/378/378
f 381/381/381 380/380/380 378/378/378
f 384/384/384 383/383/383 382/382/382
f 383/383/383 385/385/385 382/382/382
f 382/382/382 385/385/385 386/386/386
f 385/385/385 387/387/387 386/386/386
f 386/386/386 387/387/387 388/388/388
f 387/387/387 389/389/389 388/388/388
f 392/392/392 391/391/391 390/390/390
f 393/393/393 392/392/392 390/390/390
f 396/396/396 395/395/395 394/394/394
f 397/397/397 396/396/396 394/394/394
f 400/400/400 399/399/399 398/398/398
f 399/399/399 401/401/401 398/398/398
f 398/398/398 401/401/401 402/402/402
f 401/401/401 403/403/403 402/402/402
f 402/402/402 403/403/403 404/404/404
f 403/403/403 405/405/405 404/404/404
f 408/408/408 407/407/407 406/406/406
f 409/409/409 408/408/408 406/406/406
f 412/412/412 411/411/411 410/410/410
f 413/413/413 412/412/412 410/410/410
f 414/414/414 413/413/413 410/410/410
f 414/414/414 410/410/410 415/415/415
f 414/414/414 415/415/415 416/416/416
f 414/414/414 416/416/416 417/417/417
f 418/418/418 412/412/412 413/413/413
f 417/417/417 419/419/419 414/414/414
f 420/420/420 418/418/418 413/413/413
f 420/420/420 413/413/413 414/414/414
f 421/421/421 418/418/418 420/420/420
f 419/419/419 422/422/422 414/414/414
f 422/422/422 420/420/420 414/414/414
f 419/419/419 423/423/423 422/422/422
f 424/424/424 421/421/421 420/420/420
f 424/424/424 420/420/420 422/422/422
f 425/425/425 421/421/421 424/424/424
f 423/423/423 426/426/426 422/422/422
f 426/426/426 424/424/424 422/422/422
f 427/427/427 425/425/425 424/424/424
f 427/427/427 424/424/424 426/426/426
f 428/428/428 425/425/425 427/427/427
f 423/423/423 429/429/429 426/426/426
f 429/429/429 423/423/423 430/430/430
f 431/431/431 427/427/427 426/426/426
f 429/429/429 431/431/431 426/426/426
f 432/432/432 428/428/428 427/427/427
f 432/432/432 427/427/427 431/431/431
f 433/433/433 428/428/428 432/432/432
f 434/434/434 433/433/433 432/432/432
f 435/435/435 433/433/433 434/434/434
f 436/436/436 432/432/432 431/431/431
f 434/434/434 432/432/432 436/436/436
f 429/429/429 437/437/437 431/431/431
f 437/437/437 436/436/436 431/431/431
f 438/438/438 435/435/435 434/434/434
f 439/439/439 435/435/435 438/438/438
f 440/440/440 434/434/434 436/436/436
f 438/438/438 434/434/434 440/440/440
f 441/441/441 439/439/439 438/438/438
f 442/442/442 439/439/439 441/441/441
f 437/437/437 429/429/429 443/443/443
f 443/443/443 429/429/429 430/430/430
f 437/437/437 444/444/444 436/436/436
f 444/444/444 440/440/440 436/436/436
f 445/445/445 438/438/438 440/440/440
f 441/441/441 438/438/438 445/445/445
f 446/446/446 442/442/442 441/441/441
f 447/447/447 442/442/442 446/446/446
f 448/448/448 437/437/437 443/443/443
f 444/444/444 437/437/437 448/448/448
f 444/444/444 449/449/449 440/440/440
f 449/449/449 445/445/445 440/440/440
f 450/450/450 441/441/441 445/445/445
f 446/446/446 441/441/441 450/450/450
f 451/451/451 447/447/447 446/446/446
f 452/452/452 447/447/447 451/451/451
f 449/449/449 444/444/444 453/453/453
f 453/453/453 444/444/444 448/448/448
f 449/449/449 454/454/454 445/445/445
f 454/454/454 450/450/450 445/445/445
f 455/455/455 449/449/449 453/453/453
f 456/456/456 446/446/446 450/450/450
f 451/451/451 446/446/446 456/456/456
f 454/454/454 457/457/457 450/450/450
f 457/457/457 456/456/456 450/450/450
f 457/457/457 454/454/454 458/458/458
f 459/459/459 452/452/452 451/451/451
f 460/460/460 452/452/452 459/459/459
f 461/461/461 451/451/451 456/456/456
f 459/459/459 451/451/451 461/461/461
f 457/457/457 462/462/462 456/456/456
f 462/462/462 461/461/461 456/456/456
f 463/463/463 460/460/460 459/459/459
f 464/464/464 460/460/460 463/463/463
f 465/465/465 459/459/459 461/461/461
f 463/463/463 459/459/459 465/465/465
f 466/466/466 464/464/464 463/463/463
f 467/467/467 464/464/464 466/466/466
f 468/468/468 457/457/457 458/458/458
f 462/462/462 457/457/457 468/468/468
f 462/462/462 469/469/469 461/461/461
f 469/469/469 465/465/465 461/461/461
f 470/470/470 463/463/463 465/465/465
f 466/466/466 463/463/463 470/470/470
f 471/471/471 467/467/467 466/466/466
f 472/472/472 467/467/467 471/471/471
f 469/469/469 462/462/462 473/473/473
f 473/473/473 462/462/462 468/468/468
f 469/469/469 474/474/474 465/465/465
f 474/474/474 470/470/470 465/465/465
f 475/475/475 469/469/469 473/473/473
f 476/476/476 466/466/466 470/470/470
f 471/471/471 466/466/466 476/476/476
f 474/474/474 477/477/477 470/470/470
f 477/477/477 476/476/476 470/470/470
f 477/477/477 474/474/474 478/478/478
f 479/479/479 472/472/472 471/471/471
f 480/480/480 472/472/472 479/479/479
f 481/481/481 471/471/471 476/476/476
f 481/481/481 479/479/479 471/471/471
f 477/477/477 482/482/482 476/476/476
f 482/482/482 481/481/481 476/476/476
f 483/483/483 480/480/480 479/479/479
f 484/484/484 480/480/480 483/483/483
f 482/482/482 477/477/477 485/485/485
f 485/485/485 477/477/477 478/478/478
f 486/486/486 479/479/479 481/481/481
f 483/483/483 479/479/479 486/486/486
f 482/482/482 487/487/487 481/481/481
f 487/487/487 486/486/486 481/481/481
f 488/488/488 482/482/482 485/485/485
f 489/489/489 484/484/484 483/483/483
f 490/490/490 484/484/484 489/489/489
f 487/487/487 491/491/491 486/486/486
f 491/491/491 487/487/487 492/492/492
f 493/493/493 483/483/483 486/486/486
f 489/489/489 483/483/483 493/493/493
f 491/491/491 493/493/493 486/486/486
f 494/494/494 490/490/490 489/489/489
f 495/495/495 490/490/490 494/494/494
f 496/496/496 489/489/489 493/493/493
f 494/494/494 489/489/489 496/496/496
f 491/491/491 497/497/497 493/493/493
f 497/497/497 496/496/496 493/493/493
f 498/498/498 495/495/495 494/494/494
f 499/499/499 495/495/495 498/498/498
f 500/500/500 494/494/494 496/496/496
f 498/498/498 494/494/494 500/500/500
f 501/501/501 499/499/499 498/498/498
f 502/502/502 499/499/499 501/501/501
f 497/497/497 491/491/491 503/503/503
f 503/503/503 491/491/491 492/492/492
f 497/497/497 504/504/504 496/496/496
f 504/504/504 500/500/500 496/496/496
f 505/505/505 498/498/498 500/500/500
f 501/501/501 498/498/498 505/505/505
f 506/506/506 502/502/502 501/501/501
f 507/507/507 502/502/502 506/506/506
f 504/504/504 497/497/497 508/508/508
f 508/508/508 497/497/497 503/503/503
f 504/504/504 509/509/509 500/500/500
f 509/509/509 505/505/505 500/500/500
f 510/510/510 504/504/504 508/508/508
f 511/511/511 501/501/501 505/505/505
f 506/506/506 501/501/501 511/511/511
f 509/509/509 512/512/512 505/505/505
f 512/512/512 511/511/511 505/505/505
f 512/512/512 509/509/509 513/513/513
f 514/514/514 507/507/507 506/506/506
f 515/515/515 507/507/507 514/514/514
f 516/516/516 506/506/506 511/511/511
f 514/514/514 506/506/506 516/516/516
f 512/512/512 517/517/517 511/511/511
f 517/517/517 516/516/516 511/511/511
f 518/518/518 515/515/515 514/514/514
f 519/519/519 515/515/515 518/518/518
f 520/520/520 514/514/514 516/516/516
f 518/518/518 514/514/514 520/520/520
f 521/521/521 519/519/519 518/518/518
f 522/522/522 519/519/519 521/521/521
f 523/523/523 512/512/512 513/513/513
f 517/517/517 512/512/512 523/523/523
f 517/517/517 524/524/524 516/516/516
f 524/524/524 520/520/520 516/516/516
f 525/525/525 518/518/518 520/520/520
f 521/521/521 518/518/518 525/525/525
f 524/524/524 526/526/526 520/520/520
f 526/526/526 525/525/525 520/520/520
f 526/526/526 527/527/527 525/525/525
f 524/524/524 517/517/517 528/528/528
f 528/528/528 517/517/517 523/523/523
f 529/529/529 524/524/524 528/528/528
f 527/527/527 530/530/530 525/525/525
f 530/530/530 521/521/521 525/525/525
f 527/527/527 531/531/531 530/530/530
f 532/532/532 521/521/521 530/530/530
f 532/532/532 522/522/522 521/521/521
f 533/533/533 522/522/522 532/532/532
f 531/531/531 534/534/534 530/530/530
f 534/534/534 532/532/532 530/530/530
f 535/535/535 533/533/533 532/532/532
f 535/535/535 532/532/532 534/534/534
f 536/536/536 533/533/533 535/535/535
f 531/531/531 537/537/537 534/534/534
f 537/537/537 531/531/531 538/538/538
f 539/539/539 536/536/536 535/535/535
f 540/540/540 536/536/536 539/539/539
f 541/541/541 535/535/535 534/534/534
f 537/537/537 541/541/541 534/534/534
f 539/539/539 535/535/535 541/541/541
f 542/542/542 540/540/540 539/539/539
f 543/543/543 540/540/540 542/542/542
f 544/544/544 539/539/539 541/541/541
f 542/542/542 539/539/539 544/544/544
f 537/537/537 545/545/545 541/541/541
f 545/545/545 544/544/544 541/541/541
f 546/546/546 543/543/543 542/542/542
f 547/547/547 543/543/543 546/546/546
f 545/545/545 537/537/537 548/548/548
f 548/548/548 537/537/537 538/538/538
f 549/549/549 542/542/542 544/544/544
f 546/546/546 542/542/542 549/549/549
f 545/545/545 550/550/550 544/544/544
f 550/550/550 549/549/549 544/544/544
f 551/551/551 545/545/545 548/548/548
f 552/552/552 547/547/547 546/546/546
f 553/553/553 547/547/547 552/552/552
f 554/554/554 546/546/546 549/549/549
f 552/552/552 546/546/546 554/554/554
f 550/550/550 555/555/555 549/549/549
f 555/555/555 554/554/554 549/549/549
f 555/555/555 550/550/550 556/556/556
f 557/557/557 553/553/553 552/552/552
f 558/558/558 553/553/553 557/557/557
f 559/559/559 552/552/552 554/554/554
f 557/557/557 552/552/552 559/559/559
f 555/555/555 560/560/560 554/554/554
f 560/560/560 559/559/559 554/554/554
f 561/561/561 558/558/558 557/557/557
f 562/562/562 558/558/558 561/561/561
f 560/560/560 555/555/555 563/563/563
f 563/563/563 555/555/555 556/556/556
f 564/564/564 557/557/557 559/559/559
f 561/561/561 557/557/557 564/564/564
f 560/560/560 565/565/565 559/559/559
f 565/565/565 564/564/564 559/559/559
f 566/566/566 560/560/560 563/563/563
f 567/567/567 562/562/562 561/561/561
f 568/568/568 562/562/562 567/567/567
f 565/565/565 569/569/569 564/564/564
f 569/569/569 565/565/565 570/570/570
f 571/571/571 561/561/561 564/564/564
f 567/567/567 561/561/561 571/571/571
f 569/569/569 571/571/571 564/564/564
f 572/572/572 568/568/568 567/567/567
f 573/573/573 568/568/568 572/572/572
f 574/574/574 573/573/573 572/572/572
f 575/575/575 567/567/567 571/571/571
f 572/572/572 567/567/567 575/575/575
f 574/574/574 572/572/572 576/576/576
f 576/576/576 572/572/572 575/575/575
f 577/577/577 574/574/574 576/576/576
f 578/578/578 577/577/577 576/576/576
f 569/569/569 579/579/579 571/571/571
f 579/579/579 575/575/575 571/571/571
f 580/580/580 576/576/576 575/575/575
f 580/580/580 578/578/578 576/576/576
f 579/579/579 580/580/580 575/575/575
f 579/579/579 569/569/569 581/581/581
f 581/581/581 569/569/569 570/570/570
f 578/578/578 580/580/580 582/582/582
f 583/583/583 578/578/578 582/582/582
f 580/580/580 579/579/579 584/584/584
f 584/584/584 579/579/579 581/581/581
f 582/582/582 580/580/580 584/584/584
f 583/583/583 582/582/582 585/585/585
f 586/586/586 583/583/583 585/585/585
f 587/587/587 586/586/586 585/585/585
f 588/588/588 587/587/587 585/585/585
f 585/585/585 582/582/582 589/589/589
f 588/588/588 585/585/585 589/589/589
f 582/582/582 584/584/584 589/589/589
f 590/590/590 588/588/588 589/589/589
f 589/589/589 584/584/584 591/591/591
f 590/590/590 589/589/589 591/591/591
f 584/584/584 581/581/581 591/591/591
f 592/592/592 590/590/590 591/591/591
f 591/591/591 581/581/581 593/593/593
f 592/592/592 591/591/591 593/593/593
f 581/581/581 570/570/570 593/593/593
f 594/594/594 592/592/592 593/593/593
f 593/593/593 570/570/570 595/595/595
f 594/594/594 593/593/593 595/595/595
f 570/570/570 566/566/566 595/595/595
f 596/596/596 594/594/594 595/595/595
f 595/595/595 566/566/566 597/597/597
f 596/596/596 595/595/595 597/597/597
f 566/566/566 563/563/563 597/597/597
f 598/598/598 596/596/596 597/597/597
f 597/597/597 563/563/563 599/599/599
f 598/598/598 597/597/597 599/599/599
f 563/563/563 556/556/556 599/599/599
f 600/600/600 598/598/598 599/599/599
f 599/599/599 556/556/556 601/601/601
f 600/600/600 599/599/599 601/601/601
f 556/556/556 551/551/551 601/601/601
f 602/602/602 600/600/600 601/601/601
f 601/601/601 551/551/551 603/603/603
f 602/602/602 601/601/601 603/603/603
f 551/551/551 548/548/548 603/603/603
f 604/604/604 602/602/602 603/603/603
f 603/603/603 548/548/548 605/605/605
f 604/604/604 603/603/603 605/605/605
f 548/548/548 538/538/538 605/605/605
f 606/606/606 604/604/604 605/605/605
f 605/605/605 538/538/538 607/607/607
f 606/606/606 605/605/605 607/607/607
f 538/538/538 608/608/608 607/607/607
f 609/609/609 606/606/606 607/607/607
f 607/607/607 608/608/608 610/610/610
f 609/609/609 607/607/607 610/610/610
f 608/608/608 611/611/611 610/610/610
f 612/612/612 609/609/609 610/610/610
f 610/610/610 611/611/611 613/613/613
f 612/612/612 610/610/610 613/613/613
f 611/611/611 529/529/529 613/613/613
f 614/614/614 612/612/612 613/613/613
f 613/613/613 529/529/529 615/615/615
f 614/614/614 613/613/613 615/615/615
f 529/529/529 528/528/528 615/615/615
f 616/616/616 614/614/614 615/615/615
f 615/615/615 528/528/528 617/617/617
f 616/616/616 615/615/615 617/617/617
f 528/528/528 523/523/523 617/617/617
f 618/618/618 616/616/616 617/617/617
f 617/617/617 523/523/523 619/619/619
f 618/618/618 617/617/617 619/619/619
f 523/523/523 513/513/513 619/619/619
f 620/620/620 618/618/618 619/619/619
f 619/619/619 513/513/513 621/621/621
f 620/620/620 619/619/619 621/621/621
f 513/513/513 510/510/510 621/621/621
f 622/622/622 620/620/620 621/621/621
f 621/621/621 510/510/510 623/623/623
f 622/622/622 621/621/621 623/623/623
f 510/510/510 508/508/508 623/623/623
f 624/624/624 622/622/622 623/623/623
f 623/623/623 508/508/508 625/625/625
f 624/624/624 623/623/623 625/625/625
f 508/508/508 503/503/503 625/625/625
f 626/626/626 624/624/624 625/625/625
f 625/625/625 503/503/503 627/627/627
f 626/626/626 625/625/625 627/627/627
f 503/503/503 492/492/492 627/627/627
f 628/628/628 626/626/626 627/627/627
f 627/627/627 492/492/492 629/629/629
f 629/629/629 628/628/628 627/627/627
f 492/492/492 488/488/488 629/629/629
f 629/629/629 630/630/630 628/628/628
f 629/629/629 488/488/488 631/631/631
f 630/630/630 629/629/629 631/631/631
f 488/488/488 485/485/485 631/631/631
f 632/632/632 630/630/630 631/631/631
f 631/631/631 485/485/485 633/633/633
f 632/632/632 631/631/631 633/633/633
f 485/485/485 478/478/478 633/633/633
f 634/634/634 632/632/632 633/633/633
f 633/633/633 478/478/478 635/635/635
f 634/634/634 633/633/633 635/635/635
f 478/478/478 475/475/475 635/635/635
f 636/636/636 634/634/634 635/635/635
f 635/635/635 475/475/475 637/637/637
f 636/636/636 635/635/635 637/637/637
f 475/475/475 473/473/473 637/637/637
f 638/638/638 636/636/636 637/637/637
f 637/637/637 473/473/473 639/639/639
f 638/638/638 637/637/637 639/639/639
f 473/473/473 468/468/468 639/639/639
f 640/640/640 638/638/638 639/639/639
f 639/639/639 468/468/468 641/641/641
f 640/640/640 639/639/639 641/641/641
f 468/468/468 458/458/458 641/641/641
f 642/642/642 640/640/640 641/641/641
f 641/641/641 458/458/458 643/643/643
f 642/642/642 641/641/641 643/643/643
f 458/458/458 455/455/455 643/643/643
f 644/644/644 642/642/642 643/643/643
f 643/643/643 455/455/455 645/645/645
f 644/644/644 643/643/643 645/645/645
f 455/455/455 453/453/453 645/645/645
f 646/646/646 644/644/644 645/645/645
f 645/645/645 453/453/453 647/647/647
f 646/646/646 645/645/645 647/647/647
f 453/453/453 448/448/448 647/647/647
f 648/648/648 646/646/646 647/647/647
f 647/647/647 448/448/448 649/649/649
f 648/648/648 647/647/647 649/649/649
f 448/448/448 443/443/443 649/649/649
f 650/650/650 648/648/648 649/649/649
f 649/649/649 443/443/443 651/651/651
f 650/650/650 649/649/649 651/651/651
f 443/443/443 430/430/430 651/651/651
f 652/652/652 650/650/650 651/651/651
f 651/651/651 430/430/430 653/653/653
f 652/652/652 651/651/651 653/653/653
f 430/430/430 654/654/654 653/653/653
f 653/653/653 654/654/654 655/655/655
f 656/656/656 652/652/652 653/653/653
f 656/656/656 653/653/653 655/655/655
f 654/654/654 657/657/657 655/655/655
f 658/658/658 656/656/656 655/655/655
f 655/655/655 657/657/657 659/659/659
f 655/655/655 660/660/660 658/658/658
f 655/655/655 659/659/659 661/661/661
f 655/655/655 661/661/661 660/660/660
f 664/664/664 663/663/663 662/662/662
f 665/665/665 664/664/664 662/662/662
f 668/668/668 667/667/667 666/666/666
f 669/669/669 668/668/668 666/666/666
f 672/672/672 671/671/671 670/670/670
f 673/673/673 672/672/672 670/670/670
f 676/676/676 675/675/675 674/674/674
f 677/677/677 676/676/676 674/674/674
f 680/680/680 679/679/679 678/678/678
f 681/681/681 680/680/680 678/678/678
f 684/684/684 683/683/683 682/682/682
f 685/685/685 684/684/684 682/682/682
f 683/683/683 684/684/684 686/686/686
f 687/687/687 684/684/684 685/685/685
f 688/688/688 687/687/687 685/685/685
f 684/684/684 689/689/689 686/686/686
f 684/684/684 687/687/687 689/689/689
f 690/690/690 686/686/686 689/689/689
f 691/691/691 687/687/687 688/688/688
f 692/692/692 691/691/691 688/688/688
f 687/687/687 693/693/693 689/689/689
f 687/687/687 691/691/691 693/693/693
f 690/690/690 689/689/689 694/694/694
f 689/689/689 693/693/693 694/694/694
f 695/695/695 691/691/691 692/692/692
f 696/696/696 695/695/695 692/692/692
f 694/694/694 697/697/697 690/690/690
f 697/697/697 698/698/698 690/690/690
f 698/698/698 697/697/697 699/699/699
f 697/697/697 700/700/700 699/699/699
f 701/701/701 699/699/699 700/700/700
f 701/701/701 700/700/700 702/702/702
f 702/702/702 700/700/700 703/703/703
f 704/704/704 697/697/697 694/694/694
f 697/697/697 704/704/704 700/700/700
f 700/700/700 705/705/705 703/703/703
f 704/704/704 705/705/705 700/700/700
f 706/706/706 704/704/704 694/694/694
f 693/693/693 706/706/706 694/694/694
f 705/705/705 707/707/707 703/703/703
f 707/707/707 708/708/708 703/703/703
f 704/704/704 709/709/709 705/705/705
f 709/709/709 704/704/704 706/706/706
f 709/709/709 707/707/707 705/705/705
f 706/706/706 693/693/693 710/710/710
f 710/710/710 709/709/709 706/706/706
f 707/707/707 711/711/711 708/708/708
f 711/711/711 712/712/712 708/708/708
f 709/709/709 713/713/713 707/707/707
f 713/713/713 709/709/709 710/710/710
f 713/713/713 711/711/711 707/707/707
f 693/693/693 714/714/714 710/710/710
f 691/691/691 714/714/714 693/693/693
f 691/691/691 695/695/695 714/714/714
f 715/715/715 713/713/713 710/710/710
f 695/695/695 716/716/716 714/714/714
f 717/717/717 713/713/713 715/715/715
f 713/713/713 717/717/717 711/711/711
f 718/718/718 717/717/717 715/715/715
f 711/711/711 719/719/719 712/712/712
f 717/717/717 719/719/719 711/711/711
f 719/719/719 720/720/720 712/712/712
f 695/695/695 721/721/721 716/716/716
f 721/721/721 695/695/695 696/696/696
f 722/722/722 721/721/721 696/696/696
f 721/721/721 723/723/723 716/716/716
f 724/724/724 721/721/721 722/722/722
f 721/721/721 724/724/724 723/723/723
f 725/725/725 724/724/724 722/722/722
f 717/717/717 726/726/726 719/719/719
f 726/726/726 717/717/717 718/718/718
f 719/719/719 727/727/727 720/720/720
f 726/726/726 727/727/727 719/719/719
f 727/727/727 728/728/728 720/720/720
f 724/724/724 729/729/729 723/723/723
f 723/723/723 729/729/729 718/718/718
f 730/730/730 724/724/724 725/725/725
f 724/724/724 730/730/730 729/729/729
f 731/731/731 730/730/730 725/725/725
f 732/732/732 726/726/726 718/718/718
f 729/729/729 732/732/732 718/718/718
f 727/727/727 733/733/733 728/728/728
f 733/733/733 734/734/734 728/728/728
f 726/726/726 735/735/735 727/727/727
f 735/735/735 726/726/726 732/732/732
f 735/735/735 733/733/733 727/727/727
f 730/730/730 736/736/736 729/729/729
f 729/729/729 736/736/736 732/732/732
f 737/737/737 730/730/730 731/731/731
f 730/730/730 737/737/737 736/736/736
f 738/738/738 737/737/737 731/731/731
f 737/737/737 738/738/738 739/739/739
f 733/733/733 740/740/740 734/734/734
f 740/740/740 741/741/741 734/734/734
f 742/742/742 735/735/735 732/732/732
f 736/736/736 742/742/742 732/732/732
f 735/735/735 743/743/743 733/733/733
f 743/743/743 740/740/740 733/733/733
f 743/743/743 735/735/735 742/742/742
f 740/740/740 744/744/744 741/741/741
f 740/740/740 743/743/743 744/744/744
f 744/744/744 745/745/745 741/741/741
f 746/746/746 737/737/737 739/739/739
f 746/746/746 739/739/739 747/747/747
f 737/737/737 748/748/748 736/736/736
f 736/736/736 748/748/748 742/742/742
f 737/737/737 746/746/746 748/748/748
f 748/748/748 749/749/749 742/742/742
f 749/749/749 743/743/743 742/742/742
f 746/746/746 750/750/750 748/748/748
f 751/751/751 746/746/746 747/747/747
f 746/746/746 751/751/751 750/750/750
f 751/751/751 747/747/747 752/752/752
f 751/751/751 753/753/753 750/750/750
f 754/754/754 743/743/743 749/749/749
f 743/743/743 754/754/754 744/744/744
f 755/755/755 754/754/754 749/749/749
f 754/754/754 755/755/755 756/756/756
f 757/757/757 751/751/751 752/752/752
f 757/757/757 752/752/752 758/758/758
f 753/753/753 751/751/751 759/759/759
f 753/753/753 759/759/759 756/756/756
f 751/751/751 757/757/757 759/759/759
f 759/759/759 757/757/757 760/760/760
f 744/744/744 754/754/754 761/761/761
f 744/744/744 761/761/761 745/745/745
f 761/761/761 762/762/762 745/745/745
f 763/763/763 757/757/757 758/758/758
f 757/757/757 763/763/763 760/760/760
f 764/764/764 763/763/763 758/758/758
f 763/763/763 764/764/764 760/760/760
f 765/765/765 764/764/764 758/758/758
f 759/759/759 766/766/766 756/756/756
f 759/759/759 760/760/760 766/766/766
f 767/767/767 754/754/754 756/756/756
f 754/754/754 767/767/767 761/761/761
f 767/767/767 756/756/756 766/766/766
f 761/761/761 768/768/768 762/762/762
f 761/761/761 767/767/767 768/768/768
f 768/768/768 769/769/769 762/762/762
f 768/768/768 770/770/770 769/769/769
f 770/770/770 771/771/771 769/769/769
f 771/771/771 770/770/770 772/772/772
f 767/767/767 773/773/773 768/768/768
f 773/773/773 767/767/767 766/766/766
f 768/768/768 773/773/773 770/770/770
f 774/774/774 764/764/764 765/765/765
f 775/775/775 774/774/774 765/765/765
f 773/773/773 766/766/766 776/776/776
f 760/760/760 776/776/776 766/766/766
f 764/764/764 777/777/777 760/760/760
f 764/764/764 774/774/774 777/777/777
f 760/760/760 777/777/777 778/778/778
f 776/776/776 760/760/760 778/778/778
f 774/774/774 779/779/779 777/777/777
f 780/780/780 774/774/774 775/775/775
f 774/774/774 780/780/780 779/779/779
f 781/781/781 780/780/780 775/775/775
f 780/780/780 782/782/782 779/779/779
f 783/783/783 780/780/780 781/781/781
f 780/780/780 783/783/783 782/782/782
f 784/784/784 783/783/783 781/781/781
f 785/785/785 783/783/783 784/784/784
f 786/786/786 785/785/785 784/784/784
f 785/785/785 786/786/786 787/787/787
f 783/783/783 788/788/788 782/782/782
f 783/783/783 785/785/785 788/788/788
f 782/782/782 788/788/788 789/789/789
f 790/790/790 782/782/782 789/789/789
f 791/791/791 785/785/785 787/787/787
f 792/792/792 791/791/791 787/787/787
f 793/793/793 792/792/792 787/787/787
f 792/792/792 793/793/793 794/794/794
f 792/792/792 794/794/794 795/795/795
f 792/792/792 795/795/795 796/796/796
f 792/792/792 796/796/796 797/797/797
f 791/791/791 792/792/792 797/797/797
f 785/785/785 791/791/791 798/798/798
f 798/798/798 791/791/791 797/797/797
f 785/785/785 799/799/799 788/788/788
f 799/799/799 785/785/785 798/798/798
f 788/788/788 799/799/799 800/800/800
f 789/789/789 788/788/788 800/800/800
f 800/800/800 801/801/801 789/789/789
f 800/800/800 799/799/799 802/802/802
f 799/799/799 798/798/798 802/802/802
f 801/801/801 800/800/800 802/802/802
f 798/798/798 797/797/797 803/803/803
f 802/802/802 798/798/798 803/803/803
f 803/803/803 797/797/797 804/804/804
f 797/797/797 805/805/805 804/804/804
f 804/804/804 805/805/805 806/806/806
f 803/803/803 807/807/807 802/802/802
f 807/807/807 803/803/803 804/804/804
f 808/808/808 804/804/804 806/806/806
f 807/807/807 804/804/804 808/808/808
f 808/808/808 806/806/806 809/809/809
f 810/810/810 808/808/808 809/809/809
f 807/807/807 808/808/808 810/810/810
f 811/811/811 810/810/810 809/809/809
f 807/807/807 810/810/810 811/811/811
f 812/812/812 811/811/811 809/809/809
f 807/807/807 813/813/813 802/802/802
f 813/813/813 807/807/807 811/811/811
f 813/813/813 801/801/801 802/802/802
f 814/814/814 811/811/811 812/812/812
f 814/814/814 813/813/813 811/811/811
f 801/801/801 813/813/813 814/814/814
f 815/815/815 814/814/814 812/812/812
f 816/816/816 814/814/814 815/815/815
f 816/816/816 801/801/801 814/814/814
f 817/817/817 816/816/816 815/815/815
f 818/818/818 816/816/816 817/817/817
f 801/801/801 816/816/816 818/818/818
f 819/819/819 818/818/818 817/817/817
f 820/820/820 801/801/801 818/818/818
f 801/801/801 820/820/820 789/789/789
f 789/789/789 820/820/820 790/790/790
f 821/821/821 818/818/818 819/819/819
f 820/820/820 818/818/818 821/821/821
f 822/822/822 821/821/821 819/819/819
f 820/820/820 823/823/823 790/790/790
f 823/823/823 820/820/820 821/821/821
f 790/790/790 823/823/823 824/824/824
f 825/825/825 821/821/821 822/822/822
f 823/823/823 821/821/821 825/825/825
f 826/826/826 825/825/825 822/822/822
f 823/823/823 827/827/827 824/824/824
f 827/827/827 823/823/823 825/825/825
f 824/824/824 827/827/827 778/778/778
f 828/828/828 825/825/825 826/826/826
f 827/827/827 825/825/825 828/828/828
f 772/772/772 828/828/828 826/826/826
f 770/770/770 828/828/828 772/772/772
f 827/827/827 829/829/829 778/778/778
f 829/829/829 827/827/827 828/828/828
f 829/829/829 828/828/828 770/770/770
f 778/778/778 829/829/829 776/776/776
f 830/830/830 829/829/829 770/770/770
f 829/829/829 830/830/830 776/776/776
f 773/773/773 830/830/830 770/770/770
f 830/830/830 773/773/773 776/776/776
f 833/833/833 832/832/832 831/831/831
f 834/834/834 832/832/832 833/833/833
f 835/835/835 833/833/833 831/831/831
f 835/835/835 831/831/831 836/836/836
f 837/837/837 833/833/833 835/835/835
f 838/838/838 835/835/835 836/836/836
f 837/837/837 835/835/835 838/838/838
f 839/839/839 838/838/838 836/836/836
f 837/837/837 838/838/838 839/839/839
f 840/840/840 839/839/839 836/836/836
f 841/841/841 839/839/839 840/840/840
f 842/842/842 841/841/841 840/840/840
f 843/843/843 834/834/834 833/833/833
f 837/837/837 843/843/843 833/833/833
f 844/844/844 837/837/837 839/839/839
f 841/841/841 844/844/844 839/839/839
f 845/845/845 844/844/844 841/841/841
f 846/846/846 841/841/841 842/842/842
f 846/846/846 845/845/845 841/841/841
f 847/847/847 846/846/846 842/842/842
f 837/837/837 844/844/844 848/848/848
f 843/843/843 837/837/837 848/848/848
f 844/844/844 845/845/845 848/848/848
f 849/849/849 846/846/846 847/847/847
f 845/845/845 846/846/846 849/849/849
f 850/850/850 849/849/849 847/847/847
f 851/851/851 849/849/849 850/850/850
f 852/852/852 851/851/851 850/850/850
f 853/853/853 834/834/834 843/843/843
f 848/848/848 853/853/853 843/843/843
f 854/854/854 845/845/845 849/849/849
f 854/854/854 849/849/849 851/851/851
f 855/855/855 851/851/851 852/852/852
f 856/856/856 855/855/855 852/852/852
f 857/857/857 854/854/854 851/851/851
f 857/857/857 851/851/851 855/855/855
f 858/858/858 855/855/855 856/856/856
f 859/859/859 858/858/858 856/856/856
f 860/860/860 858/858/858 859/859/859
f 861/861/861 860/860/860 859/859/859
f 860/860/860 861/861/861 862/862/862
f 863/863/863 855/855/855 858/858/858
f 863/863/863 857/857/857 855/855/855
f 864/864/864 860/860/860 862/862/862
f 864/864/864 862/862/862 865/865/865
f 866/866/866 863/863/863 858/858/858
f 866/866/866 858/858/858 860/860/860
f 867/867/867 864/864/864 865/865/865
f 867/867/867 865/865/865 868/868/868
f 869/869/869 867/867/867 868/868/868
f 869/869/869 868/868/868 870/870/870
f 871/871/871 869/869/869 870/870/870
f 871/871/871 870/870/870 872/872/872
f 873/873/873 871/871/871 872/872/872
f 873/873/873 872/872/872 874/874/874
f 871/871/871 875/875/875 869/869/869
f 875/875/875 871/871/871 873/873/873
f 869/869/869 876/876/876 867/867/867
f 875/875/875 876/876/876 869/869/869
f 867/867/867 877/877/877 864/864/864
f 876/876/876 877/877/877 867/867/867
f 864/864/864 878/878/878 860/860/860
f 877/877/877 878/878/878 864/864/864
f 879/879/879 873/873/873 874/874/874
f 879/879/879 874/874/874 880/880/880
f 881/881/881 875/875/875 873/873/873
f 881/881/881 873/873/873 879/879/879
f 882/882/882 879/879/879 880/880/880
f 882/882/882 880/880/880 883/883/883
f 878/878/878 884/884/884 860/860/860
f 884/884/884 866/866/866 860/860/860
f 884/884/884 878/878/878 885/885/885
f 866/866/866 884/884/884 885/885/885
f 878/878/878 877/877/877 886/886/886
f 878/878/878 886/886/886 885/885/885
f 887/887/887 885/885/885 886/886/886
f 888/888/888 866/866/866 885/885/885
f 885/885/885 887/887/887 888/888/888
f 863/863/863 866/866/866 888/888/888
f 889/889/889 863/863/863 888/888/888
f 857/857/857 863/863/863 889/889/889
f 890/890/890 857/857/857 889/889/889
f 854/854/854 857/857/857 890/890/890
f 887/887/887 891/891/891 888/888/888
f 892/892/892 854/854/854 890/890/890
f 845/845/845 854/854/854 892/892/892
f 890/890/890 893/893/893 892/892/892
f 877/877/877 894/894/894 886/886/886
f 877/877/877 876/876/876 894/894/894
f 876/876/876 895/895/895 894/894/894
f 895/895/895 876/876/876 896/896/896
f 876/876/876 875/875/875 896/896/896
f 897/897/897 886/886/886 894/894/894
f 897/897/897 887/887/887 886/886/886
f 898/898/898 897/897/897 894/894/894
f 896/896/896 875/875/875 899/899/899
f 875/875/875 881/881/881 899/899/899
f 900/900/900 896/896/896 899/899/899
f 898/898/898 901/901/901 897/897/897
f 901/901/901 898/898/898 902/902/902
f 897/897/897 903/903/903 887/887/887
f 901/901/901 903/903/903 897/897/897
f 904/904/904 902/902/902 900/900/900
f 904/904/904 901/901/901 902/902/902
f 899/899/899 881/881/881 905/905/905
f 906/906/906 900/900/900 899/899/899
f 906/906/906 899/899/899 905/905/905
f 907/907/907 904/904/904 900/900/900
f 907/907/907 900/900/900 906/906/906
f 881/881/881 908/908/908 905/905/905
f 908/908/908 881/881/881 879/879/879
f 908/908/908 879/879/879 882/882/882
f 901/901/901 904/904/904 909/909/909
f 904/904/904 910/910/910 909/909/909
f 904/904/904 907/907/907 910/910/910
f 901/901/901 909/909/909 911/911/911
f 903/903/903 901/901/901 911/911/911
f 907/907/907 912/912/912 910/910/910
f 912/912/912 907/907/907 913/913/913
f 903/903/903 911/911/911 914/914/914
f 907/907/907 915/915/915 913/913/913
f 913/913/913 915/915/915 916/916/916
f 915/915/915 907/907/907 906/906/906
f 917/917/917 903/903/903 914/914/914
f 903/903/903 917/917/917 887/887/887
f 918/918/918 917/917/917 914/914/914
f 917/917/917 918/918/918 887/887/887
f 919/919/919 918/918/918 914/914/914
f 918/918/918 891/891/891 887/887/887
f 920/920/920 918/918/918 919/919/919
f 918/918/918 920/920/920 891/891/891
f 921/921/921 920/920/920 919/919/919
f 920/920/920 922/922/922 891/891/891
f 923/923/923 920/920/920 921/921/921
f 920/920/920 923/923/923 922/922/922
f 924/924/924 923/923/923 921/921/921
f 923/923/923 893/893/893 922/922/922
f 925/925/925 923/923/923 924/924/924
f 923/923/923 925/925/925 893/893/893
f 926/926/926 925/925/925 924/924/924
f 927/927/927 925/925/925 926/926/926
f 928/928/928 927/927/927 926/926/926
f 927/927/927 928/928/928 929/929/929
f 925/925/925 930/930/930 893/893/893
f 925/925/925 927/927/927 930/930/930
f 893/893/893 930/930/930 892/892/892
f 892/892/892 930/930/930 931/931/931
f 931/931/931 845/845/845 892/892/892
f 845/845/845 931/931/931 848/848/848
f 930/930/930 932/932/932 931/931/931
f 931/931/931 932/932/932 848/848/848
f 927/927/927 932/932/932 930/930/930
f 932/932/932 853/853/853 848/848/848
f 932/932/932 927/927/927 853/853/853
f 927/927/927 933/933/933 853/853/853
f 933/933/933 927/927/927 929/929/929
f 853/853/853 933/933/933 834/834/834
f 934/934/934 933/933/933 929/929/929
f 933/933/933 934/934/934 834/834/834
f 935/935/935 934/934/934 929/929/929
f 934/934/934 936/936/936 834/834/834
f 934/934/934 935/935/935 937/937/937
f 934/934/934 938/938/938 936/936/936
f 934/934/934 937/937/937 938/938/938
f 939/939/939 906/906/906 905/905/905
f 915/915/915 906/906/906 939/939/939
f 939/939/939 905/905/905 940/940/940
f 905/905/905 908/908/908 940/940/940
f 941/941/941 915/915/915 939/939/939
f 915/915/915 941/941/941 916/916/916
f 916/916/916 941/941/941 942/942/942
f 908/908/908 943/943/943 940/940/940
f 943/943/943 908/908/908 882/882/882
f 944/944/944 939/939/939 940/940/940
f 941/941/941 939/939/939 944/944/944
f 940/940/940 943/943/943 945/945/945
f 941/941/941 946/946/946 942/942/942
f 946/946/946 941/941/941 944/944/944
f 942/942/942 946/946/946 947/947/947
f 946/946/946 944/944/944 948/948/948
f 946/946/946 949/949/949 947/947/947
f 949/949/949 946/946/946 948/948/948
f 947/947/947 949/949/949 950/950/950
f 949/949/949 948/948/948 951/951/951
f 949/949/949 952/952/952 950/950/950
f 952/952/952 949/949/949 951/951/951
f 950/950/950 952/952/952 953/953/953
f 943/943/943 954/954/954 945/945/945
f 945/945/945 954/954/954 955/955/955
f 952/952/952 951/951/951 956/956/956
f 956/956/956 951/951/951 955/955/955
f 952/952/952 957/957/957 953/953/953
f 957/957/957 952/952/952 956/956/956
f 953/953/953 957/957/957 958/958/958
f 957/957/957 959/959/959 958/958/958
f 958/958/958 959/959/959 960/960/960
f 959/959/959 961/961/961 960/960/960
f 961/961/961 959/959/959 962/962/962
f 959/959/959 957/957/957 963/963/963
f 959/959/959 963/963/963 962/962/962
f 957/957/957 956/956/956 963/963/963
f 964/964/964 962/962/962 963/963/963
f 963/963/963 956/956/956 965/965/965
f 964/964/964 963/963/963 965/965/965
f 966/966/966 956/956/956 955/955/955
f 956/956/956 966/966/966 965/965/965
f 965/965/965 967/967/967 964/964/964
f 967/967/967 968/968/968 964/964/964
f 968/968/968 967/967/967 969/969/969
f 955/955/955 970/970/970 966/966/966
f 954/954/954 970/970/970 955/955/955
f 966/966/966 971/971/971 965/965/965
f 971/971/971 967/967/967 965/965/965
f 970/970/970 971/971/971 966/966/966
f 967/967/967 972/972/972 969/969/969
f 967/967/967 971/971/971 972/972/972
f 973/973/973 969/969/969 972/972/972
f 973/973/973 972/972/972 974/974/974
f 974/974/974 972/972/972 975/975/975
f 971/971/971 976/976/976 972/972/972
f 971/971/971 970/970/970 976/976/976
f 972/972/972 976/976/976 975/975/975
f 970/970/970 977/977/977 976/976/976
f 976/976/976 977/977/977 975/975/975
f 970/970/970 954/954/954 977/977/977
f 977/977/977 978/978/978 975/975/975
f 954/954/954 979/979/979 977/977/977
f 977/977/977 979/979/979 978/978/978
f 954/954/954 943/943/943 979/979/979
f 979/979/979 883/883/883 978/978/978
f 943/943/943 882/882/882 979/979/979
f 979/979/979 882/882/882 883/883/883
f 982/982/982 981/981/981 980/980/980
f 983/983/983 981/981/981 982/982/982
f 984/984/984 982/982/982 980/980/980
f 984/984/984 980/980/980 985/985/985
f 986/986/986 982/982/982 984/984/984
f 987/987/987 984/984/984 985/985/985
f 986/986/986 984/984/984 987/987/987
f 988/988/988 987/987/987 985/985/985
f 986/986/986 987/987/987 988/988/988
f 989/989/989 988/988/988 985/985/985
f 990/990/990 988/988/988 989/989/989
f 991/991/991 990/990/990 989/989/989
f 992/992/992 983/983/983 982/982/982
f 986/986/986 992/992/992 982/982/982
f 993/993/993 986/986/986 988/988/988
f 990/990/990 993/993/993 988/988/988
f 994/994/994 993/993/993 990/990/990
f 995/995/995 990/990/990 991/991/991
f 995/995/995 994/994/994 990/990/990
f 996/996/996 995/995/995 991/991/991
f 986/986/986 993/993/993 997/997/997
f 992/992/992 986/986/986 997/997/997
f 993/993/993 994/994/994 997/997/997
f 998/998/998 995/995/995 996/996/996
f 994/994/994 995/995/995 998/998/998
f 999/999/999 998/998/998 996/996/996
f 1000/1000/1000 998/998/998 999/999/999
f 1001/1001/1001 1000/1000/1000 999/999/999
f 1002/1002/1002 983/983/983 992/992/992
f 997/997/997 1002/1002/1002 992/992/992
f 1003/1003/1003 994/994/994 998/998/998
f 1003/1003/1003 998/998/998 1000/1000/1000
f 1004/1004/1004 1000/1000/1000 1001/1001/1001
f 1005/1005/1005 1004/1004/1004 1001/1001/1001
f 1006/1006/1006 1003/1003/1003 1000/1000/1000
f 1006/1006/1006 1000/1000/1000 1004/1004/1004
f 1007/1007/1007 1004/1004/1004 1005/1005/1005
f 1008/1008/1008 1007/1007/1007 1005/1005/1005
f 1009/1009/1009 1007/1007/1007 1008/1008/1008
f 1010/1010/1010 1009/1009/1009 1008/1008/1008
f 1009/1009/1009 1010/1010/1010 1011/1011/1011
f 1012/1012/1012 1004/1004/1004 1007/1007/1007
f 1012/1012/1012 1006/1006/1006 1004/1004/1004
f 1013/1013/1013 1009/1009/1009 1011/1011/1011
f 1013/1013/1013 1011/1011/1011 1014/1014/1014
f 1015/1015/1015 1012/1012/1012 1007/1007/1007
f 1015/1015/1015 1007/1007/1007 1009/1009/1009
f 1016/1016/1016 1013/1013/1013 1014/1014/1014
f 1016/1016/1016 1014/1014/1014 1017/1017/1017
f 1018/1018/1018 1016/1016/1016 1017/1017/1017
f 1018/1018/1018 1017/1017/1017 1019/1019/1019
f 1020/1020/1020 1018/1018/1018 1019/1019/1019
f 1020/1020/1020 1019/1019/1019 1021/1021/1021
f 1022/1022/1022 1020/1020/1020 1021/1021/1021
f 1022/1022/1022 1021/1021/1021 1023/1023/1023
f 1020/1020/1020 1024/1024/1024 1018/1018/1018
f 1024/1024/1024 1020/1020/1020 1022/1022/1022
f 1018/1018/1018 1025/1025/1025 1016/1016/1016
f 1024/1024/1024 1025/1025/1025 1018/1018/1018
f 1016/1016/1016 1026/1026/1026 1013/1013/1013
f 1025/1025/1025 1026/1026/1026 1016/1016/1016
f 1013/1013/1013 1027/1027/1027 1009/1009/1009
f 1026/1026/1026 1027/1027/1027 1013/1013/1013
f 1028/1028/1028 1022/1022/1022 1023/1023/1023
f 1028/1028/1028 1023/1023/1023 1029/1029/1029
f 1030/1030/1030 1024/1024/1024 1022/1022/1022
f 1030/1030/1030 1022/1022/1022 1028/1028/1028
f 1031/1031/1031 1028/1028/1028 1029/1029/1029
f 1031/1031/1031 1029/1029/1029 1032/1032/1032
f 1027/1027/1027 1033/1033/1033 1009/1009/1009
f 1033/1033/1033 1015/1015/1015 1009/1009/1009
f 1033/1033/1033 1027/1027/1027 1034/1034/1034
f 1015/1015/1015 1033/1033/1033 1034/1034/1034
f 1027/1027/1027 1026/1026/1026 1035/1035/1035
f 1027/1027/1027 1035/1035/1035 1034/1034/1034
f 1036/1036/1036 1034/1034/1034 1035/1035/1035
f 1037/1037/1037 1015/1015/1015 1034/1034/1034
f 1034/1034/1034 1036/1036/1036 1037/1037/1037
f 1012/1012/1012 1015/1015/1015 1037/1037/1037
f 1038/1038/1038 1012/1012/1012 1037/1037/1037
f 1006/1006/1006 1012/1012/1012 1038/1038/1038
f 1039/1039/1039 1006/1006/1006 1038/1038/1038
f 1003/1003/1003 1006/1006/1006 1039/1039/1039
f 1036/1036/1036 1040/1040/1040 1037/1037/1037
f 1041/1041/1041 1003/1003/1003 1039/1039/1039
f 994/994/994 1003/1003/1003 1041/1041/1041
f 1039/1039/1039 1042/1042/1042 1041/1041/1041
f 1026/1026/1026 1043/1043/1043 1035/1035/1035
f 1026/1026/1026 1025/1025/1025 1043/1043/1043
f 1025/1025/1025 1044/1044/1044 1043/1043/1043
f 1044/1044/1044 1025/1025/1025 1045/1045/1045
f 1025/1025/1025 1024/1024/1024 1045/1045/1045
f 1046/1046/1046 1035/1035/1035 1043/1043/1043
f 1046/1046/1046 1036/1036/1036 1035/1035/1035
f 1047/1047/1047 1046/1046/1046 1043/1043/1043
f 1045/1045/1045 1024/1024/1024 1048/1048/1048
f 1049/1049/1049 1045/1045/1045 1048/1048/1048
f 1024/1024/1024 1030/1030/1030 1048/1048/1048
f 1047/1047/1047 1050/1050/1050 1046/1046/1046
f 1050/1050/1050 1047/1047/1047 1051/1051/1051
f 1046/1046/1046 1052/1052/1052 1036/1036/1036
f 1050/1050/1050 1052/1052/1052 1046/1046/1046
f 1053/1053/1053 1051/1051/1051 1049/1049/1049
f 1053/1053/1053 1050/1050/1050 1051/1051/1051
f 1048/1048/1048 1030/1030/1030 1054/1054/1054
f 1055/1055/1055 1049/1049/1049 1048/1048/1048
f 1055/1055/1055 1048/1048/1048 1054/1054/1054
f 1056/1056/1056 1053/1053/1053 1049/1049/1049
f 1056/1056/1056 1049/1049/1049 1055/1055/1055
f 1030/1030/1030 1057/1057/1057 1054/1054/1054
f 1057/1057/1057 1030/1030/1030 1028/1028/1028
f 1057/1057/1057 1028/1028/1028 1031/1031/1031
f 1050/1050/1050 1053/1053/1053 1058/1058/1058
f 1053/1053/1053 1059/1059/1059 1058/1058/1058
f 1053/1053/1053 1056/1056/1056 1059/1059/1059
f 1050/1050/1050 1058/1058/1058 1060/1060/1060
f 1052/1052/1052 1050/1050/1050 1060/1060/1060
f 1056/1056/1056 1061/1061/1061 1059/1059/1059
f 1061/1061/1061 1056/1056/1056 1062/1062/1062
f 1052/1052/1052 1060/1060/1060 1063/1063/1063
f 1056/1056/1056 1064/1064/1064 1062/1062/1062
f 1062/1062/1062 1064/1064/1064 1065/1065/1065
f 1064/1064/1064 1056/1056/1056 1055/1055/1055
f 1066/1066/1066 1052/1052/1052 1063/1063/1063
f 1052/1052/1052 1066/1066/1066 1036/1036/1036
f 1067/1067/1067 1066/1066/1066 1063/1063/1063
f 1066/1066/1066 1067/1067/1067 1036/1036/1036
f 1068/1068/1068 1067/1067/1067 1063/1063/1063
f 1067/1067/1067 1040/1040/1040 1036/1036/1036
f 1069/1069/1069 1067/1067/1067 1068/1068/1068
f 1067/1067/1067 1069/1069/1069 1040/1040/1040
f 1070/1070/1070 1069/1069/1069 1068/1068/1068
f 1069/1069/1069 1071/1071/1071 1040/1040/1040
f 1072/1072/1072 1069/1069/1069 1070/1070/1070
f 1069/1069/1069 1072/1072/1072 1071/1071/1071
f 1073/1073/1073 1072/1072/1072 1070/1070/1070
f 1072/1072/1072 1042/1042/1042 1071/1071/1071
f 1074/1074/1074 1072/1072/1072 1073/1073/1073
f 1072/1072/1072 1074/1074/1074 1042/1042/1042
f 1075/1075/1075 1074/1074/1074 1073/1073/1073
f 1076/1076/1076 1074/1074/1074 1075/1075/1075
f 1077/1077/1077 1076/1076/1076 1075/1075/1075
f 1076/1076/1076 1077/1077/1077 1078/1078/1078
f 1074/1074/1074 1079/1079/1079 1042/1042/1042
f 1074/1074/1074 1076/1076/1076 1079/1079/1079
f 1042/1042/1042 1079/1079/1079 1041/1041/1041
f 1041/1041/1041 1079/1079/1079 1080/1080/1080
f 1080/1080/1080 994/994/994 1041/1041/1041
f 994/994/994 1080/1080/1080 997/997/997
f 1079/1079/1079 1081/1081/1081 1080/1080/1080
f 1080/1080/1080 1081/1081/1081 997/997/997
f 1076/1076/1076 1081/1081/1081 1079/1079/1079
f 1081/1081/1081 1002/1002/1002 997/997/997
f 1081/1081/1081 1076/1076/1076 1002/1002/1002
f 1076/1076/1076 1082/1082/1082 1002/1002/1002
f 1082/1082/1082 1076/1076/1076 1078/1078/1078
f 1002/1002/1002 1082/1082/1082 983/983/983
f 1083/1083/1083 1082/1082/1082 1078/1078/1078
f 1082/1082/1082 1083/1083/1083 983/983/983
f 1084/1084/1084 1083/1083/1083 1078/1078/1078
f 1083/1083/1083 1085/1085/1085 983/983/983
f 1083/1083/1083 1084/1084/1084 1086/1086/1086
f 1083/1083/1083 1087/1087/1087 1085/1085/1085
f 1083/1083/1083 1086/1086/1086 1087/1087/1087
f 1064/1064/1064 1055/1055/1055 1088/1088/1088
f 1088/1088/1088 1055/1055/1055 1054/1054/1054
f 1089/1089/1089 1064/1064/1064 1088/1088/1088
f 1064/1064/1064 1089/1089/1089 1065/1065/1065
f 1065/1065/1065 1089/1089/1089 1090/1090/1090
f 1088/1088/1088 1054/1054/1054 1091/1091/1091
f 1054/1054/1054 1057/1057/1057 1091/1091/1091
f 1089/1089/1089 1092/1092/1092 1090/1090/1090
f 1090/1090/1090 1092/1092/1092 1093/1093/1093
f 1089/1089/1089 1088/1088/1088 1094/1094/1094
f 1094/1094/1094 1088/1088/1088 1091/1091/1091
f 1092/1092/1092 1089/1089/1089 1094/1094/1094
f 1092/1092/1092 1094/1094/1094 1095/1095/1095
f 1057/1057/1057 1096/1096/1096 1091/1091/1091
f 1091/1091/1091 1096/1096/1096 1097/1097/1097
f 1096/1096/1096 1057/1057/1057 1031/1031/1031
f 1092/1092/1092 1098/1098/1098 1093/1093/1093
f 1098/1098/1098 1092/1092/1092 1095/1095/1095
f 1093/1093/1093 1098/1098/1098 1099/1099/1099
f 1098/1098/1098 1095/1095/1095 1100/1100/1100
f 1098/1098/1098 1101/1101/1101 1099/1099/1099
f 1101/1101/1101 1098/1098/1098 1100/1100/1100
f 1099/1099/1099 1101/1101/1101 1102/1102/1102
f 1096/1096/1096 1103/1103/1103 1097/1097/1097
f 1097/1097/1097 1103/1103/1103 1104/1104/1104
f 1096/1096/1096 1031/1031/1031 1105/1105/1105
f 1103/1103/1103 1096/1096/1096 1105/1105/1105
f 1105/1105/1105 1031/1031/1031 1032/1032/1032
f 1105/1105/1105 1032/1032/1032 1106/1106/1106
f 1107/1107/1107 1105/1105/1105 1106/1106/1106
f 1103/1103/1103 1105/1105/1105 1107/1107/1107
f 1107/1107/1107 1106/1106/1106 1108/1108/1108
f 1101/1101/1101 1100/1100/1100 1109/1109/1109
f 1109/1109/1109 1100/1100/1100 1104/1104/1104
f 1101/1101/1101 1110/1110/1110 1102/1102/1102
f 1110/1110/1110 1101/1101/1101 1109/1109/1109
f 1102/1102/1102 1110/1110/1110 1111/1111/1111
f 1103/1103/1103 1112/1112/1112 1104/1104/1104
f 1112/1112/1112 1103/1103/1103 1107/1107/1107
f 1113/1113/1113 1107/1107/1107 1108/1108/1108
f 1112/1112/1112 1107/1107/1107 1113/1113/1113
f 1110/1110/1110 1114/1114/1114 1111/1111/1111
f 1111/1111/1111 1114/1114/1114 1115/1115/1115
f 1114/1114/1114 1116/1116/1116 1115/1115/1115
f 1116/1116/1116 1114/1114/1114 1117/1117/1117
f 1114/1114/1114 1110/1110/1110 1118/1118/1118
f 1114/1114/1114 1118/1118/1118 1117/1117/1117
f 1110/1110/1110 1109/1109/1109 1118/1118/1118
f 1119/1119/1119 1117/1117/1117 1118/1118/1118
f 1104/1104/1104 1112/1112/1112 1120/1120/1120
f 1120/1120/1120 1109/1109/1109 1104/1104/1104
f 1118/1118/1118 1109/1109/1109 1121/1121/1121
f 1119/1119/1119 1118/1118/1118 1121/1121/1121
f 1109/1109/1109 1120/1120/1120 1121/1121/1121
f 1112/1112/1112 1122/1122/1122 1120/1120/1120
f 1122/1122/1122 1112/1112/1112 1113/1113/1113
f 1120/1120/1120 1122/1122/1122 1121/1121/1121
f 1121/1121/1121 1123/1123/1123 1119/1119/1119
f 1122/1122/1122 1123/1123/1123 1121/1121/1121
f 1123/1123/1123 1124/1124/1124 1119/1119/1119
f 1124/1124/1124 1123/1123/1123 1125/1125/1125
f 1122/1122/1122 1113/1113/1113 1126/1126/1126
f 1123/1123/1123 1122/1122/1122 1126/1126/1126
f 1123/1123/1123 1126/1126/1126 1125/1125/1125
f 1126/1126/1126 1113/1113/1113 1108/1108/1108
f 1127/1127/1127 1125/1125/1125 1126/1126/1126
f 1128/1128/1128 1126/1126/1126 1108/1108/1108
f 1127/1127/1127 1126/1126/1126 1128/1128/1128
f 1131/1131/1131 1130/1130/1130 1129/1129/1129
f 1130/1130/1130 1131/1131/1131 1132/1132/1132
f 1131/1131/1131 1133/1133/1133 1132/1132/1132
f 1132/1132/1132 1133/1133/1133 1134/1134/1134
f 1135/1135/1135 1132/1132/1132 1134/1134/1134
f 1136/1136/1136 1131/1131/1131 1129/1129/1129
f 1133/1133/1133 1131/1131/1131 1137/1137/1137
f 1131/1131/1131 1136/1136/1136 1138/1138/1138
f 1137/1137/1137 1131/1131/1131 1138/1138/1138
f 1136/1136/1136 1129/1129/1129 1139/1139/1139
f 1140/1140/1140 1139/1139/1139 1129/1129/1129
f 1140/1140/1140 1141/1141/1141 1139/1139/1139
f 1142/1142/1142 1140/1140/1140 1129/1129/1129
f 1142/1142/1142 1143/1143/1143 1140/1140/1140
f 1143/1143/1143 1142/1142/1142 1144/1144/1144
f 1145/1145/1145 1144/1144/1144 1135/1135/1135
f 1145/1145/1145 1143/1143/1143 1144/1144/1144
f 1140/1140/1140 1146/1146/1146 1141/1141/1141
f 1143/1143/1143 1146/1146/1146 1140/1140/1140
f 1147/1147/1147 1136/1136/1136 1139/1139/1139
f 1138/1138/1138 1136/1136/1136 1148/1148/1148
f 1136/1136/1136 1147/1147/1147 1148/1148/1148
f 1148/1148/1148 1147/1147/1147 1149/1149/1149
f 1147/1147/1147 1139/1139/1139 1150/1150/1150
f 1141/1141/1141 1150/1150/1150 1139/1139/1139
f 1147/1147/1147 1151/1151/1151 1149/1149/1149
f 1151/1151/1151 1147/1147/1147 1150/1150/1150
f 1152/1152/1152 1151/1151/1151 1150/1150/1150
f 1151/1151/1151 1152/1152/1152 1149/1149/1149
f 1150/1150/1150 1141/1141/1141 1153/1153/1153
f 1153/1153/1153 1152/1152/1152 1150/1150/1150
f 1138/1138/1138 1148/1148/1148 1154/1154/1154
f 1138/1138/1138 1154/1154/1154 1155/1155/1155
f 1148/1148/1148 1156/1156/1156 1154/1154/1154
f 1148/1148/1148 1149/1149/1149 1156/1156/1156
f 1137/1137/1137 1138/1138/1138 1155/1155/1155
f 1149/1149/1149 1157/1157/1157 1156/1156/1156
f 1137/1137/1137 1155/1155/1155 1158/1158/1158
f 1157/1157/1157 1149/1149/1149 1159/1159/1159
f 1160/1160/1160 1137/1137/1137 1158/1158/1158
f 1160/1160/1160 1158/1158/1158 1161/1161/1161
f 1160/1160/1160 1133/1133/1133 1137/1137/1137
f 1149/1149/1149 1162/1162/1162 1159/1159/1159
f 1152/1152/1152 1162/1162/1162 1149/1149/1149
f 1159/1159/1159 1162/1162/1162 1163/1163/1163
f 1164/1164/1164 1160/1160/1160 1161/1161/1161
f 1133/1133/1133 1160/1160/1160 1164/1164/1164
f 1164/1164/1164 1161/1161/1161 1165/1165/1165
f 1152/1152/1152 1166/1166/1166 1162/1162/1162
f 1166/1166/1166 1152/1152/1152 1153/1153/1153
f 1162/1162/1162 1167/1167/1167 1163/1163/1163
f 1166/1166/1166 1167/1167/1167 1162/1162/1162
f 1163/1163/1163 1167/1167/1167 1168/1168/1168
f 1169/1169/1169 1166/1166/1166 1153/1153/1153
f 1170/1170/1170 1166/1166/1166 1169/1169/1169
f 1166/1166/1166 1170/1170/1170 1167/1167/1167
f 1171/1171/1171 1170/1170/1170 1169/1169/1169
f 1167/1167/1167 1172/1172/1172 1168/1168/1168
f 1170/1170/1170 1172/1172/1172 1167/1167/1167
f 1168/1168/1168 1172/1172/1172 1173/1173/1173
f 1174/1174/1174 1133/1133/1133 1164/1164/1164
f 1133/1133/1133 1174/1174/1174 1134/1134/1134
f 1175/1175/1175 1170/1170/1170 1171/1171/1171
f 1170/1170/1170 1175/1175/1175 1172/1172/1172
f 1172/1172/1172 1176/1176/1176 1173/1173/1173
f 1175/1175/1175 1176/1176/1176 1172/1172/1172
f 1175/1175/1175 1177/1177/1177 1176/1176/1176
f 1173/1173/1173 1176/1176/1176 1178/1178/1178
f 1179/1179/1179 1175/1175/1175 1171/1171/1171
f 1177/1177/1177 1175/1175/1175 1179/1179/1179
f 1171/1171/1171 1180/1180/1180 1179/1179/1179
f 1176/1176/1176 1181/1181/1181 1178/1178/1178
f 1177/1177/1177 1181/1181/1181 1176/1176/1176
f 1178/1178/1178 1181/1181/1181 1182/1182/1182
f 1181/1181/1181 1183/1183/1183 1182/1182/1182
f 1181/1181/1181 1177/1177/1177 1183/1183/1183
f 1182/1182/1182 1183/1183/1183 1184/1184/1184
f 1183/1183/1183 1185/1185/1185 1184/1184/1184
f 1184/1184/1184 1185/1185/1185 1186/1186/1186
f 1177/1177/1177 1187/1187/1187 1183/1183/1183
f 1183/1183/1183 1187/1187/1187 1185/1185/1185
f 1188/1188/1188 1177/1177/1177 1179/1179/1179
f 1187/1187/1187 1177/1177/1177 1189/1189/1189
f 1177/1177/1177 1188/1188/1188 1189/1189/1189
f 1187/1187/1187 1190/1190/1190 1185/1185/1185
f 1190/1190/1190 1187/1187/1187 1189/1189/1189
f 1185/1185/1185 1191/1191/1191 1186/1186/1186
f 1190/1190/1190 1191/1191/1191 1185/1185/1185
f 1191/1191/1191 1192/1192/1192 1186/1186/1186
f 1190/1190/1190 1192/1192/1192 1191/1191/1191
f 1192/1192/1192 1193/1193/1193 1186/1186/1186
f 1192/1192/1192 1194/1194/1194 1193/1193/1193
f 1190/1190/1190 1194/1194/1194 1192/1192/1192
f 1194/1194/1194 1195/1195/1195 1193/1193/1193
f 1196/1196/1196 1195/1195/1195 1194/1194/1194
f 1190/1190/1190 1197/1197/1197 1194/1194/1194
f 1197/1197/1197 1190/1190/1190 1189/1189/1189
f 1197/1197/1197 1196/1196/1196 1194/1194/1194
f 1179/1179/1179 1198/1198/1198 1188/1188/1188
f 1180/1180/1180 1198/1198/1198 1179/1179/1179
f 1189/1189/1189 1199/1199/1199 1197/1197/1197
f 1199/1199/1199 1196/1196/1196 1197/1197/1197
f 1188/1188/1188 1200/1200/1200 1189/1189/1189
f 1198/1198/1198 1200/1200/1200 1188/1188/1188
f 1200/1200/1200 1199/1199/1199 1189/1189/1189
f 1201/1201/1201 1200/1200/1200 1198/1198/1198
f 1200/1200/1200 1201/1201/1201 1199/1199/1199
f 1202/1202/1202 1198/1198/1198 1180/1180/1180
f 1202/1202/1202 1201/1201/1201 1198/1198/1198
f 1199/1199/1199 1203/1203/1203 1196/1196/1196
f 1201/1201/1201 1203/1203/1203 1199/1199/1199
f 1203/1203/1203 1204/1204/1204 1196/1196/1196
f 1204/1204/1204 1205/1205/1205 1196/1196/1196
f 1204/1204/1204 1206/1206/1206 1205/1205/1205
f 1204/1204/1204 1207/1207/1207 1206/1206/1206
f 1204/1204/1204 1208/1208/1208 1207/1207/1207
f 1208/1208/1208 1204/1204/1204 1209/1209/1209
f 1204/1204/1204 1203/1203/1203 1209/1209/1209
f 1203/1203/1203 1201/1201/1201 1209/1209/1209
f 1201/1201/1201 1210/1210/1210 1209/1209/1209
f 1210/1210/1210 1201/1201/1201 1211/1211/1211
f 1201/1201/1201 1202/1202/1202 1211/1211/1211
f 1211/1211/1211 1202/1202/1202 1212/1212/1212
f 1213/1213/1213 1202/1202/1202 1180/1180/1180
f 1202/1202/1202 1213/1213/1213 1212/1212/1212
f 1213/1213/1213 1180/1180/1180 1214/1214/1214
f 1212/1212/1212 1213/1213/1213 1215/1215/1215
f 1216/1216/1216 1213/1213/1213 1214/1214/1214
f 1213/1213/1213 1216/1216/1216 1215/1215/1215
f 1215/1215/1215 1216/1216/1216 1217/1217/1217
f 1216/1216/1216 1214/1214/1214 1218/1218/1218
f 1216/1216/1216 1219/1219/1219 1217/1217/1217
f 1219/1219/1219 1216/1216/1216 1218/1218/1218
f 1217/1217/1217 1219/1219/1219 1220/1220/1220
f 1219/1219/1219 1218/1218/1218 1141/1141/1141
f 1141/1141/1141 1218/1218/1218 1153/1153/1153
f 1221/1221/1221 1219/1219/1219 1141/1141/1141
f 1219/1219/1219 1221/1221/1221 1220/1220/1220
f 1146/1146/1146 1221/1221/1221 1141/1141/1141
f 1221/1221/1221 1146/1146/1146 1220/1220/1220
f 1146/1146/1146 1222/1222/1222 1220/1220/1220
f 1146/1146/1146 1143/1143/1143 1222/1222/1222
f 1143/1143/1143 1223/1223/1223 1222/1222/1222
f 1143/1143/1143 1145/1145/1145 1223/1223/1223
f 1145/1145/1145 1224/1224/1224 1223/1223/1223
f 1145/1145/1145 1225/1225/1225 1224/1224/1224
f 1225/1225/1225 1226/1226/1226 1224/1224/1224
f 1225/1225/1225 1145/1145/1145 1135/1135/1135
f 1226/1226/1226 1225/1225/1225 1227/1227/1227
f 1225/1225/1225 1135/1135/1135 1228/1228/1228
f 1228/1228/1228 1135/1135/1135 1134/1134/1134
f 1225/1225/1225 1229/1229/1229 1227/1227/1227
f 1229/1229/1229 1225/1225/1225 1228/1228/1228
f 1227/1227/1227 1229/1229/1229 1230/1230/1230
f 1228/1228/1228 1134/1134/1134 1231/1231/1231
f 1134/1134/1134 1174/1174/1174 1231/1231/1231
f 1229/1229/1229 1232/1232/1232 1230/1230/1230
f 1230/1230/1230 1232/1232/1232 1233/1233/1233
f 1229/1229/1229 1228/1228/1228 1234/1234/1234
f 1234/1234/1234 1228/1228/1228 1231/1231/1231
f 1232/1232/1232 1229/1229/1229 1234/1234/1234
f 1232/1232/1232 1235/1235/1235 1233/1233/1233
f 1233/1233/1233 1235/1235/1235 1236/1236/1236
f 1232/1232/1232 1234/1234/1234 1237/1237/1237
f 1235/1235/1235 1232/1232/1232 1237/1237/1237
f 1237/1237/1237 1234/1234/1234 1238/1238/1238
f 1234/1234/1234 1231/1231/1231 1238/1238/1238
f 1235/1235/1235 1237/1237/1237 1239/1239/1239
f 1235/1235/1235 1240/1240/1240 1236/1236/1236
f 1240/1240/1240 1235/1235/1235 1239/1239/1239
f 1236/1236/1236 1240/1240/1240 1241/1241/1241
f 1240/1240/1240 1239/1239/1239 1242/1242/1242
f 1240/1240/1240 1243/1243/1243 1241/1241/1241
f 1243/1243/1243 1240/1240/1240 1242/1242/1242
f 1241/1241/1241 1243/1243/1243 1244/1244/1244
f 1231/1231/1231 1245/1245/1245 1238/1238/1238
f 1174/1174/1174 1245/1245/1245 1231/1231/1231
f 1243/1243/1243 1242/1242/1242 1246/1246/1246
f 1246/1246/1246 1242/1242/1242 1247/1247/1247
f 1243/1243/1243 1248/1248/1248 1244/1244/1244
f 1248/1248/1248 1243/1243/1243 1246/1246/1246
f 1244/1244/1244 1248/1248/1248 1249/1249/1249
f 1248/1248/1248 1250/1250/1250 1249/1249/1249
f 1249/1249/1249 1250/1250/1250 1251/1251/1251
f 1250/1250/1250 1252/1252/1252 1251/1251/1251
f 1252/1252/1252 1250/1250/1250 1253/1253/1253
f 1250/1250/1250 1248/1248/1248 1254/1254/1254
f 1250/1250/1250 1254/1254/1254 1253/1253/1253
f 1248/1248/1248 1246/1246/1246 1254/1254/1254
f 1255/1255/1255 1253/1253/1253 1254/1254/1254
f 1254/1254/1254 1246/1246/1246 1256/1256/1256
f 1255/1255/1255 1254/1254/1254 1256/1256/1256
f 1245/1245/1245 1174/1174/1174 1257/1257/1257
f 1174/1174/1174 1164/1164/1164 1257/1257/1257
f 1257/1257/1257 1164/1164/1164 1165/1165/1165
f 1257/1257/1257 1165/1165/1165 1258/1258/1258
f 1259/1259/1259 1257/1257/1257 1258/1258/1258
f 1245/1245/1245 1257/1257/1257 1259/1259/1259
f 1259/1259/1259 1258/1258/1258 1260/1260/1260
f 1261/1261/1261 1245/1245/1245 1259/1259/1259
f 1245/1245/1245 1261/1261/1261 1238/1238/1238
f 1238/1238/1238 1261/1261/1261 1262/1262/1262
f 1263/1263/1263 1259/1259/1259 1260/1260/1260
f 1261/1261/1261 1259/1259/1259 1263/1263/1263
f 1263/1263/1263 1260/1260/1260 1264/1264/1264
f 1261/1261/1261 1265/1265/1265 1262/1262/1262
f 1265/1265/1265 1261/1261/1261 1263/1263/1263
f 1262/1262/1262 1265/1265/1265 1247/1247/1247
f 1266/1266/1266 1263/1263/1263 1264/1264/1264
f 1265/1265/1265 1263/1263/1263 1266/1266/1266
f 1266/1266/1266 1264/1264/1264 1267/1267/1267
f 1265/1265/1265 1268/1268/1268 1247/1247/1247
f 1268/1268/1268 1265/1265/1265 1266/1266/1266
f 1269/1269/1269 1266/1266/1266 1267/1267/1267
f 1268/1268/1268 1266/1266/1266 1269/1269/1269
f 1247/1247/1247 1268/1268/1268 1270/1270/1270
f 1270/1270/1270 1246/1246/1246 1247/1247/1247
f 1246/1246/1246 1270/1270/1270 1256/1256/1256
f 1268/1268/1268 1271/1271/1271 1270/1270/1270
f 1271/1271/1271 1268/1268/1268 1269/1269/1269
f 1270/1270/1270 1271/1271/1271 1256/1256/1256
f 1272/1272/1272 1269/1269/1269 1267/1267/1267
f 1271/1271/1271 1269/1269/1269 1272/1272/1272
f 1273/1273/1273 1272/1272/1272 1267/1267/1267
f 1274/1274/1274 1272/1272/1272 1273/1273/1273
f 1274/1274/1274 1275/1275/1275 1272/1272/1272
f 1271/1271/1271 1276/1276/1276 1256/1256/1256
f 1276/1276/1276 1271/1271/1271 1272/1272/1272
f 1276/1276/1276 1272/1272/1272 1275/1275/1275
f 1256/1256/1256 1276/1276/1276 1255/1255/1255
f 1277/1277/1277 1276/1276/1276 1275/1275/1275
f 1276/1276/1276 1277/1277/1277 1255/1255/1255
f 1280/1280/1280 1279/1279/1279 1278/1278/1278
f 1279/1279/1279 1280/1280/1280 1281/1281/1281
f 1282/1282/1282 1280/1280/1280 1278/1278/1278
f 1282/1282/1282 1278/1278/1278 1283/1283/1283
f 1280/1280/1280 1284/1284/1284 1281/1281/1281
f 1281/1281/1281 1284/1284/1284 1285/1285/1285
f 1286/1286/1286 1282/1282/1282 1283/1283/1283
f 1286/1286/1286 1283/1283/1283 1287/1287/1287
f 1284/1284/1284 1288/1288/1288 1285/1285/1285
f 1285/1285/1285 1288/1288/1288 1289/1289/1289
f 1290/1290/1290 1286/1286/1286 1287/1287/1287
f 1290/1290/1290 1287/1287/1287 1291/1291/1291
f 1288/1288/1288 1292/1292/1292 1289/1289/1289
f 1289/1289/1289 1292/1292/1292 1293/1293/1293
f 1292/1292/1292 1294/1294/1294 1293/1293/1293
f 1293/1293/1293 1294/1294/1294 1295/1295/1295
f 1294/1294/1294 1296/1296/1296 1295/1295/1295
f 1295/1295/1295 1296/1296/1296 1297/1297/1297
f 1296/1296/1296 1298/1298/1298 1297/1297/1297
f 1297/1297/1297 1298/1298/1298 1299/1299/1299
f 1298/1298/1298 1300/1300/1300 1299/1299/1299
f 1299/1299/1299 1300/1300/1300 1301/1301/1301
f 1300/1300/1300 1302/1302/1302 1301/1301/1301
f 1302/1302/1302 1300/1300/1300 1303/1303/1303
f 1300/1300/1300 1304/1304/1304 1303/1303/1303
f 1300/1300/1300 1298/1298/1298 1304/1304/1304
f 1305/1305/1305 1303/1303/1303 1304/1304/1304
f 1298/1298/1298 1296/1296/1296 1306/1306/1306
f 1298/1298/1298 1306/1306/1306 1304/1304/1304
f 1296/1296/1296 1294/1294/1294 1307/1307/1307
f 1296/1296/1296 1307/1307/1307 1306/1306/1306
f 1294/1294/1294 1308/1308/1308 1307/1307/1307
f 1294/1294/1294 1292/1292/1292 1308/1308/1308
f 1292/1292/1292 1309/1309/1309 1308/1308/1308
f 1292/1292/1292 1288/1288/1288 1309/1309/1309
f 1306/1306/1306 1307/1307/1307 1310/1310/1310
f 1288/1288/1288 1311/1311/1311 1309/1309/1309
f 1288/1288/1288 1284/1284/1284 1311/1311/1311
f 1309/1309/1309 1311/1311/1311 1312/1312/1312
f 1305/1305/1305 1304/1304/1304 1313/1313/1313
f 1304/1304/1304 1306/1306/1306 1313/1313/1313
f 1284/1284/1284 1314/1314/1314 1311/1311/1311
f 1284/1284/1284 1280/1280/1280 1314/1314/1314
f 1315/1315/1315 1306/1306/1306 1310/1310/1310
f 1306/1306/1306 1315/1315/1315 1313/1313/1313
f 1313/1313/1313 1316/1316/1316 1305/1305/1305
f 1316/1316/1316 1317/1317/1317 1305/1305/1305
f 1317/1317/1317 1316/1316/1316 1318/1318/1318
f 1315/1315/1315 1319/1319/1319 1313/1313/1313
f 1319/1319/1319 1316/1316/1316 1313/1313/1313
f 1316/1316/1316 1320/1320/1320 1318/1318/1318
f 1316/1316/1316 1319/1319/1319 1320/1320/1320
f 1321/1321/1321 1318/1318/1318 1320/1320/1320
f 1321/1321/1321 1320/1320/1320 1322/1322/1322
f 1322/1322/1322 1320/1320/1320 1323/1323/1323
f 1310/1310/1310 1324/1324/1324 1315/1315/1315
f 1324/1324/1324 1319/1319/1319 1315/1315/1315
f 1319/1319/1319 1325/1325/1325 1320/1320/1320
f 1320/1320/1320 1325/1325/1325 1323/1323/1323
f 1319/1319/1319 1324/1324/1324 1325/1325/1325
f 1325/1325/1325 1326/1326/1326 1323/1323/1323
f 1324/1324/1324 1326/1326/1326 1325/1325/1325
f 1326/1326/1326 1327/1327/1327 1323/1323/1323
f 1328/1328/1328 1324/1324/1324 1310/1310/1310
f 1324/1324/1324 1328/1328/1328 1326/1326/1326
f 1329/1329/1329 1328/1328/1328 1310/1310/1310
f 1326/1326/1326 1330/1330/1330 1327/1327/1327
f 1328/1328/1328 1330/1330/1330 1326/1326/1326
f 1330/1330/1330 1331/1331/1331 1327/1327/1327
f 1332/1332/1332 1328/1328/1328 1329/1329/1329
f 1328/1328/1328 1332/1332/1332 1330/1330/1330
f 1312/1312/1312 1332/1332/1332 1329/1329/1329
f 1330/1330/1330 1333/1333/1333 1331/1331/1331
f 1332/1332/1332 1333/1333/1333 1330/1330/1330
f 1333/1333/1333 1334/1334/1334 1331/1331/1331
f 1335/1335/1335 1332/1332/1332 1312/1312/1312
f 1332/1332/1332 1335/1335/1335 1333/1333/1333
f 1333/1333/1333 1336/1336/1336 1334/1334/1334
f 1335/1335/1335 1336/1336/1336 1333/1333/1333
f 1336/1336/1336 1337/1337/1337 1334/1334/1334
f 1338/1338/1338 1335/1335/1335 1312/1312/1312
f 1311/1311/1311 1338/1338/1338 1312/1312/1312
f 1311/1311/1311 1314/1314/1314 1338/1338/1338
f 1336/1336/1336 1339/1339/1339 1337/1337/1337
f 1339/1339/1339 1340/1340/1340 1337/1337/1337
f 1335/1335/1335 1341/1341/1341 1336/1336/1336
f 1341/1341/1341 1335/1335/1335 1338/1338/1338
f 1341/1341/1341 1339/1339/1339 1336/1336/1336
f 1314/1314/1314 1342/1342/1342 1338/1338/1338
f 1342/1342/1342 1341/1341/1341 1338/1338/1338
f 1339/1339/1339 1343/1343/1343 1340/1340/1340
f 1343/1343/1343 1344/1344/1344 1340/1340/1340
f 1341/1341/1341 1345/1345/1345 1339/1339/1339
f 1345/1345/1345 1343/1343/1343 1339/1339/1339
f 1345/1345/1345 1341/1341/1341 1342/1342/1342
f 1343/1343/1343 1346/1346/1346 1344/1344/1344
f 1343/1343/1343 1345/1345/1345 1346/1346/1346
f 1346/1346/1346 1347/1347/1347 1344/1344/1344
f 1314/1314/1314 1348/1348/1348 1342/1342/1342
f 1280/1280/1280 1348/1348/1348 1314/1314/1314
f 1280/1280/1280 1282/1282/1282 1348/1348/1348
f 1282/1282/1282 1349/1349/1349 1348/1348/1348
f 1348/1348/1348 1350/1350/1350 1342/1342/1342
f 1350/1350/1350 1345/1345/1345 1342/1342/1342
f 1282/1282/1282 1286/1286/1286 1349/1349/1349
f 1286/1286/1286 1351/1351/1351 1349/1349/1349
f 1352/1352/1352 1345/1345/1345 1350/1350/1350
f 1345/1345/1345 1352/1352/1352 1346/1346/1346
f 1353/1353/1353 1352/1352/1352 1350/1350/1350
f 1352/1352/1352 1353/1353/1353 1354/1354/1354
f 1346/1346/1346 1355/1355/1355 1347/1347/1347
f 1346/1346/1346 1352/1352/1352 1355/1355/1355
f 1355/1355/1355 1356/1356/1356 1347/1347/1347
f 1351/1351/1351 1286/1286/1286 1357/1357/1357
f 1351/1351/1351 1357/1357/1357 1354/1354/1354
f 1286/1286/1286 1290/1290/1290 1357/1357/1357
f 1357/1357/1357 1290/1290/1290 1358/1358/1358
f 1352/1352/1352 1359/1359/1359 1355/1355/1355
f 1359/1359/1359 1352/1352/1352 1354/1354/1354
f 1355/1355/1355 1360/1360/1360 1356/1356/1356
f 1355/1355/1355 1359/1359/1359 1360/1360/1360
f 1360/1360/1360 1361/1361/1361 1356/1356/1356
f 1360/1360/1360 1362/1362/1362 1361/1361/1361
f 1362/1362/1362 1363/1363/1363 1361/1361/1361
f 1363/1363/1363 1362/1362/1362 1364/1364/1364
f 1357/1357/1357 1365/1365/1365 1354/1354/1354
f 1359/1359/1359 1354/1354/1354 1365/1365/1365
f 1357/1357/1357 1358/1358/1358 1365/1365/1365
f 1359/1359/1359 1366/1366/1366 1360/1360/1360
f 1366/1366/1366 1359/1359/1359 1365/1365/1365
f 1360/1360/1360 1366/1366/1366 1362/1362/1362
f 1366/1366/1366 1365/1365/1365 1367/1367/1367
f 1358/1358/1358 1367/1367/1367 1365/1365/1365
f 1290/1290/1290 1368/1368/1368 1358/1358/1358
f 1368/1368/1368 1290/1290/1290 1291/1291/1291
f 1369/1369/1369 1368/1368/1368 1291/1291/1291
f 1368/1368/1368 1369/1369/1369 1358/1358/1358
f 1370/1370/1370 1369/1369/1369 1291/1291/1291
f 1371/1371/1371 1369/1369/1369 1370/1370/1370
f 1372/1372/1372 1371/1371/1371 1370/1370/1370
f 1369/1369/1369 1373/1373/1373 1358/1358/1358
f 1369/1369/1369 1371/1371/1371 1373/1373/1373
f 1358/1358/1358 1373/1373/1373 1374/1374/1374
f 1367/1367/1367 1358/1358/1358 1374/1374/1374
f 1371/1371/1371 1375/1375/1375 1373/1373/1373
f 1376/1376/1376 1371/1371/1371 1372/1372/1372
f 1371/1371/1371 1376/1376/1376 1375/1375/1375
f 1377/1377/1377 1376/1376/1376 1372/1372/1372
f 1376/1376/1376 1378/1378/1378 1375/1375/1375
f 1379/1379/1379 1376/1376/1376 1377/1377/1377
f 1376/1376/1376 1379/1379/1379 1378/1378/1378
f 1380/1380/1380 1379/1379/1379 1377/1377/1377
f 1381/1381/1381 1379/1379/1379 1380/1380/1380
f 1382/1382/1382 1381/1381/1381 1380/1380/1380
f 1381/1381/1381 1382/1382/1382 1383/1383/1383
f 1379/1379/1379 1384/1384/1384 1378/1378/1378
f 1379/1379/1379 1381/1381/1381 1384/1384/1384
f 1378/1378/1378 1384/1384/1384 1385/1385/1385
f 1386/1386/1386 1378/1378/1378 1385/1385/1385
f 1387/1387/1387 1381/1381/1381 1383/1383/1383
f 1388/1388/1388 1387/1387/1387 1383/1383/1383
f 1389/1389/1389 1388/1388/1388 1383/1383/1383
f 1388/1388/1388 1389/1389/1389 1390/1390/1390
f 1388/1388/1388 1390/1390/1390 1391/1391/1391
f 1388/1388/1388 1391/1391/1391 1392/1392/1392
f 1388/1388/1388 1392/1392/1392 1393/1393/1393
f 1387/1387/1387 1388/1388/1388 1393/1393/1393
f 1381/1381/1381 1387/1387/1387 1394/1394/1394
f 1394/1394/1394 1387/1387/1387 1393/1393/1393
f 1381/1381/1381 1395/1395/1395 1384/1384/1384
f 1395/1395/1395 1381/1381/1381 1394/1394/1394
f 1384/1384/1384 1395/1395/1395 1396/1396/1396
f 1385/1385/1385 1384/1384/1384 1396/1396/1396
f 1396/1396/1396 1397/1397/1397 1385/1385/1385
f 1396/1396/1396 1395/1395/1395 1398/1398/1398
f 1395/1395/1395 1394/1394/1394 1398/1398/1398
f 1397/1397/1397 1396/1396/1396 1398/1398/1398
f 1394/1394/1394 1393/1393/1393 1399/1399/1399
f 1398/1398/1398 1394/1394/1394 1399/1399/1399
f 1399/1399/1399 1393/1393/1393 1400/1400/1400
f 1393/1393/1393 1401/1401/1401 1400/1400/1400
f 1400/1400/1400 1401/1401/1401 1402/1402/1402
f 1399/1399/1399 1403/1403/1403 1398/1398/1398
f 1403/1403/1403 1399/1399/1399 1400/1400/1400
f 1404/1404/1404 1400/1400/1400 1402/1402/1402
f 1403/1403/1403 1400/1400/1400 1404/1404/1404
f 1404/1404/1404 1402/1402/1402 1405/1405/1405
f 1406/1406/1406 1404/1404/1404 1405/1405/1405
f 1403/1403/1403 1404/1404/1404 1406/1406/1406
f 1407/1407/1407 1406/1406/1406 1405/1405/1405
f 1403/1403/1403 1406/1406/1406 1407/1407/1407
f 1408/1408/1408 1407/1407/1407 1405/1405/1405
f 1403/1403/1403 1409/1409/1409 1398/1398/1398
f 1409/1409/1409 1403/1403/1403 1407/1407/1407
f 1409/1409/1409 1397/1397/1397 1398/1398/1398
f 1410/1410/1410 1407/1407/1407 1408/1408/1408
f 1410/1410/1410 1409/1409/1409 1407/1407/1407
f 1397/1397/1397 1409/1409/1409 1410/1410/1410
f 1411/1411/1411 1410/1410/1410 1408/1408/1408
f 1412/1412/1412 1410/1410/1410 1411/1411/1411
f 1412/1412/1412 1397/1397/1397 1410/1410/1410
f 1413/1413/1413 1412/1412/1412 1411/1411/1411
f 1414/1414/1414 1412/1412/1412 1413/1413/1413
f 1397/1397/1397 1412/1412/1412 1414/1414/1414
f 1415/1415/1415 1414/1414/1414 1413/1413/1413
f 1416/1416/1416 1397/1397/1397 1414/1414/1414
f 1397/1397/1397 1416/1416/1416 1385/1385/1385
f 1385/1385/1385 1416/1416/1416 1386/1386/1386
f 1417/1417/1417 1414/1414/1414 1415/1415/1415
f 1416/1416/1416 1414/1414/1414 1417/1417/1417
f 1418/1418/1418 1417/1417/1417 1415/1415/1415
f 1416/1416/1416 1419/1419/1419 1386/1386/1386
f 1419/1419/1419 1416/1416/1416 1417/1417/1417
f 1386/1386/1386 1419/1419/1419 1420/1420/1420
f 1421/1421/1421 1417/1417/1417 1418/1418/1418
f 1419/1419/1419 1417/1417/1417 1421/1421/1421
f 1422/1422/1422 1421/1421/1421 1418/1418/1418
f 1419/1419/1419 1423/1423/1423 1420/1420/1420
f 1423/1423/1423 1419/1419/1419 1421/1421/1421
f 1420/1420/1420 1423/1423/1423 1374/1374/1374
f 1424/1424/1424 1421/1421/1421 1422/1422/1422
f 1423/1423/1423 1421/1421/1421 1424/1424/1424
f 1364/1364/1364 1424/1424/1424 1422/1422/1422
f 1362/1362/1362 1424/1424/1424 1364/1364/1364
f 1423/1423/1423 1425/1425/1425 1374/1374/1374
f 1425/1425/1425 1423/1423/1423 1424/1424/1424
f 1425/1425/1425 1424/1424/1424 1362/1362/1362
f 1374/1374/1374 1425/1425/1425 1367/1367/1367
f 1426/1426/1426 1425/1425/1425 1362/1362/1362
f 1425/1425/1425 1426/1426/1426 1367/1367/1367
f 1366/1366/1366 1426/1426/1426 1362/1362/1362
f 1426/1426/1426 1366/1366/1366 1367/1367/1367
