g tree2
v 0.343656634 32.1610394 -0.0130789771
v -0.373753768 30.213602 0.229007529
v -0.373753768 30.213602 -0.255165483
v 0.343656634 28.1808338 -0.255165483
v 0.343656634 28.1808338 0.229007529
v 2.3511416 26.8142776 -0.0130789771
v 2.3511416 26.8142776 -0.0130789771
v 1.57937235 28.9323765 0.229007529
v 1.57937235 28.9323765 -0.255165483
v 1.57937235 28.9323765 -0.255165483
v 1.57937235 28.9323765 0.229007529
v 3.02367435 29.9405435 -0.0130789771
v 3.02367435 29.9405435 -0.0130789771
v 1.07054823 30.213602 0.229007529
v 1.07054823 30.213602 -0.255165483
v 1.07054823 30.213602 -0.255165483
v 1.07054823 30.213602 0.229007529
v 0.343656634 32.1610394 -0.0130789771
v -0.373753768 30.213602 -0.255165483
v -0.373753768 30.213602 0.229007529
v -2.32687989 29.9405435 -0.0130789771
v -2.32687989 29.9405435 -0.0130789771
v -0.882577887 28.9323765 0.229007529
v -0.882577887 28.9323765 -0.255165483
v -0.882577887 28.9323765 -0.255165483
v -0.882577887 28.9323765 0.229007529
v -1.65434714 26.8142776 -0.0130789771
v -1.65434714 26.8142776 -0.0130789771
v 0.343656634 28.1808338 0.229007529
v 0.343656634 28.1808338 -0.255165483
v -0.754897797 30.6920862 -0.0130789771
v -0.746048682 29.5815223 0.182865714
v -0.746048682 29.5815223 -0.208391589
v -0.746048682 29.5815223 0.182865714
v -1.52729913 28.6934504 -0.0130789771
v -0.746048682 29.5815223 -0.208391589
v 0.906839602 28.5050907 -0.208391589
v 0.906839602 28.5050907 0.182865714
v 2.26960333 28.6251858 -0.0130789771
v 2.26960333 28.6251858 -0.0130789771
v 1.38848429 29.7351177 0.182865714
v 1.38848429 29.7351177 -0.208391589
v 1.38848429 29.7351177 -0.208391589
v 1.38848429 29.7351177 0.182865714
v 1.44284314 30.8456816 -0.0130789771
v 1.44284314 30.8456816 -0.0130789771
v 0.307628094 30.3842635 0.182865714
v 0.307628094 30.3842635 -0.208391589
v 0.307628094 30.3842635 -0.208391589
v 0.307628094 30.3842635 0.182865714
v -0.754897797 30.6920862 -0.0130789771
v -1.52729913 28.6934504 -0.0130789771
v -0.400933193 28.3685615 0.182865714
v -0.400933193 28.3685615 -0.208391589
v -0.400933193 28.3685615 -0.208391589
v -0.400933193 28.3685615 0.182865714
v 0.389166369 27.2067991 -0.0130789771
v 0.389166369 27.2067991 -0.0130789771
v 0.906839602 28.5050907 0.182865714
v 0.906839602 28.5050907 -0.208391589
v -0.754897797 30.6920862 -0.0130789771
v -0.746048682 29.5815223 -0.208391589
v 0.380317254 29.2054349 -0.525063493
v 0.307628094 30.3842635 -0.208391589
v -1.52729913 28.6934504 -0.0130789771
v 1.44284314 30.8456816 -0.0130789771
v -0.400933193 28.3685615 -0.208391589
v 1.38848429 29.7351177 -0.208391589
v 0.389166369 27.2067991 -0.0130789771
v 2.26960333 28.6251858 -0.0130789771
v 0.906839602 28.5050907 -0.208391589
v 0.389166369 27.2067991 -0.0130789771
v -0.400933193 28.3685615 0.182865714
v 0.380317254 29.2054349 0.498905539
v 0.906839602 28.5050907 0.182865714
v -1.52729913 28.6934504 -0.0130789771
v 2.26960333 28.6251858 -0.0130789771
v -0.746048682 29.5815223 0.182865714
v 1.38848429 29.7351177 0.182865714
v -0.754897797 30.6920862 -0.0130789771
v 1.44284314 30.8456816 -0.0130789771
v 0.307628094 30.3842635 0.182865714
v -2.32687989 29.9405435 -0.0130789771
v -0.373753768 30.213602 0.229007529
v 0.343656634 29.1371703 0.629113947
v -0.882577887 28.9323765 0.229007529
v 0.343656634 32.1610394 -0.0130789771
v -1.65434714 26.8142776 -0.0130789771
v 1.07054823 30.213602 0.229007529
v 0.343656634 28.1808338 0.229007529
v 3.02367435 29.9405435 -0.0130789771
v 2.3511416 26.8142776 -0.0130789771
v 1.57937235 28.9323765 0.229007529
v 3.02367435 29.9405435 -0.0130789771
v 1.07054823 30.213602 -0.255165483
v 0.343656634 29.1371703 -0.655271901
v 1.57937235 28.9323765 -0.255165483
v 0.343656634 32.1610394 -0.0130789771
v 2.3511416 26.8142776 -0.0130789771
v -0.373753768 30.213602 -0.255165483
v 0.343656634 28.1808338 -0.255165483
v -2.32687989 29.9405435 -0.0130789771
v -1.65434714 26.8142776 -0.0130789771
v -0.882577887 28.9323765 -0.255165483
v 6.81615225 11.6272999 -4.97364007
v 4.70879869 10.9952202 -6.65876441
v 6.7617934 11.6955645 -4.94582856
v 4.74482723 10.9098894 -6.69605711
v 6.8705111 11.644366 -5.04822547
v 2.69183253 10.0047514 -7.65428986
v 4.78148785 10.9098894 -6.77949163
v 6.88884141 11.7126306 -5.08551817
v 2.72849315 9.91878856 -7.69158256
v 0.993434514 9.0819151 -8.09232106
v 4.77200666 10.9952202 -6.83574672
v 6.83448256 11.7979614 -5.06718786
v 1.03894425 9.0136505 -8.12013256
v -0.650604655 8.15971089 -8.32492637
v 2.73734227 9.90172241 -7.78513035
v 4.73597812 11.0634848 -6.79845402
v 6.77064251 11.7808952 -4.99260246
v -0.614576115 8.07438014 -8.36221907
v -2.08605754 7.49349894 -8.05502836
v -2.05824603 7.40816819 -8.08283986
v 1.03894425 8.99658435 -8.21304827
v 2.71016284 9.96998701 -7.84075336
v -0.614576115 8.05731399 -8.45513478
v -2.06772723 7.39046996 -8.17575557
v 1.00228363 9.0477828 -8.26867128
v -0.65945377 8.12557859 -8.51075779
v -2.11323696 7.44230049 -8.23137858
v 2.66465311 10.0559498 -7.81294185
v 0.957405974 9.13311355 -8.24085978
v -0.69611439 8.21090935 -8.47346509
v -2.1492655 7.52763124 -8.19471796
v 2.65580399 10.0559498 -7.72002615
v -0.686633195 8.2279755 -8.39003057
v -2.13093519 7.54469739 -8.11065137
v 0.957405974 9.1501797 -8.14794407
v -0.650604655 8.15971089 -8.32492637
v -2.08605754 7.49349894 -8.05502836
v 0.993434514 9.0819151 -8.09232106
v 2.69183253 10.0047514 -7.65428986
v 4.70879869 10.9952202 -6.65876441
v 4.6993175 11.0634848 -6.71438742
v 6.7617934 11.6955645 -4.94582856
v 0.266542917 26.2845948 0.033694917
v 1.03894425 25.3276263 0.350366821
v 0.321533846 26.3528595 0.0709876163
v 0.966255089 25.293494 0.321923237
v 0.193853757 26.2504625 0.0893179261
v 1.44789978 24.6614143 0.108280316
v 0.902415044 25.2593617 0.378178326
v 0.185004642 26.2845948 0.182865714
v 1.36572943 24.6784805 0.0893179261
v 1.66596726 24.0293347 -0.720376105
v 0.911896239 25.2593617 0.46161284
v 0.239363492 26.3528595 0.210677219
v 1.5932781 24.0805331 -0.692564601
v 1.0933031 23.6368132 -1.52058894
v 1.30252146 24.6443482 0.145573015
v 0.975104204 25.293494 0.489424344
v 0.303203536 26.3869918 0.15442213
v 1.03009513 23.6880116 -1.47444713
v 0.0396263224 23.2436597 -1.91184624
v 1.53828717 24.0464008 -0.627460397
v 1.32021969 24.5931497 0.219526334
v 1.03894425 25.3276263 0.433801335
v 0.321533846 26.3528595 0.0709876163
v 1.03894425 25.3276263 0.350366821
v 0.0124468975 23.3119243 -1.85559116
v -0.986871029 22.8511382 -1.70705244
v -0.995720144 22.9364689 -1.66975974
v 1.40239005 24.5760836 0.229007529
v 1.46559801 24.627282 0.17338452
v 1.44789978 24.6614143 0.108280316
v 1.68366549 23.9440039 -0.683083406
v 1.66596726 24.0293347 -0.720376105
v 0.984585399 23.6709455 -1.39986173
v 0.0212960126 23.3119243 -1.76267545
v -0.932512179 22.9706012 -1.60465554
v 1.54776837 23.9610701 -0.590167697
v 1.00228363 23.5856147 -1.36256903
v 0.0579566323 23.2436597 -1.72538275
v -0.859823019 22.9023366 -1.57684403
v 1.62045753 23.9098716 -0.617979202
v 1.05727456 23.5173501 -1.40934292
v 0.0851360572 23.1753951 -1.77215664
v -0.859823019 22.8163738 -1.61350465
v 1.10278429 23.5514824 -1.48329624
v 1.0933031 23.6368132 -1.52058894
v 0.0762869421 23.1753951 -1.86507235
v -0.923030984 22.7993077 -1.67924093
v 0.0396263224 23.2436597 -1.91184624
v -0.986871029 22.8511382 -1.70705244
v 3.09193895 20.4422826 1.73714957
v 3.60961218 19.8955337 1.02985244
v 3.01924979 20.374018 1.71818718
v 3.69115046 19.9467322 1.02037125
v 3.09193895 20.5105472 1.69037568
v 3.88203851 19.3829172 0.15442213
v 3.69115046 20.0149968 0.973597356
v 3.02809891 20.5276134 1.61579028
v 3.96357679 19.4341156 0.13609182
v 3.99075621 18.8873667 -0.841103318
v 3.6184613 20.0491291 0.936304657
v 2.96489094 20.4764149 1.60694117
v 3.96357679 19.5023802 0.0987991209
v 4.06344537 18.9385652 -0.860065708
v 3.84600997 18.4265806 -1.88403474
v 3.53692302 20.0149968 0.936304657
v 2.95540975 20.3910842 1.65308298
v 3.89088763 19.5535787 0.0709876163
v 4.07292657 19.024528 -0.906207522
v 3.92754825 18.4607129 -1.93017655
v 3.38269559 17.9651625 -3.0748728
v 3.53692302 19.9296661 0.983078551
v 3.01924979 20.374018 1.71818718
v 3.60961218 19.8955337 1.02985244
v 3.45538475 17.9992948 -3.14060908
v 2.61029426 17.4696121 -3.96863343
v 3.92754825 18.5460437 -1.96746925
v 3.80934935 19.5023802 0.0893179261
v 3.80050024 19.4341156 0.13609182
v 3.88203851 19.3829172 0.15442213
v 2.65580399 17.4866782 -4.05270002
v 1.43841859 16.905797 -4.67593055
v 3.99075621 19.0586603 -0.915688717
v 3.90921794 19.024528 -0.887877212
v 3.90921794 18.9385652 -0.850584513
v 3.99075621 18.8873667 -0.841103318
v 3.44590355 18.0675594 -3.1772697
v 3.85485909 18.5972421 -1.96746925
v 1.46559801 16.905797 -4.76947834
v 0.00359778238 16.2566512 -5.25301927
v 3.77332081 18.4948452 -1.88403474
v 3.84600997 18.4265806 -1.88403474
v 3.77332081 18.580176 -1.92069536
v 3.31885555 18.0334271 -3.0470613
v 3.38269559 17.9651625 -3.0748728
v 3.38269559 18.135824 -3.15893939
v 3.31885555 18.1187579 -3.09383519
v 2.64695488 17.5549428 -4.09884183
v 2.60144514 17.6232074 -4.07103033
v 2.56478452 17.5378767 -3.94082192
v 2.61029426 17.4696121 -3.96863343
v 2.55593541 17.6232074 -3.98759581
v 1.44789978 16.9740616 -4.81562016
v 1.39290885 16.9740616 -4.63863785
v 1.43841859 16.905797 -4.67593055
v 1.37521062 17.0423262 -4.69489294
v 1.40239005 17.0423262 -4.77832746
v 0.0212960126 16.2566512 -5.33708587
v -1.46788364 15.5733731 -5.30927436
v -0.0330628373 16.341982 -5.21572657
v 0.00359778238 16.2566512 -5.25301927
v -0.00588341237 16.3249158 -5.39270888
v -1.46788364 15.556307 -5.40219007
v -2.78513763 14.8559627 -4.98312126
v -0.0602422622 16.4108786 -5.27198166
v -0.0513931471 16.4108786 -5.35541618
v -1.50454426 15.6587039 -5.27198166
v -1.46788364 15.5733731 -5.30927436
v -2.81231706 14.8218304 -5.06718786
v -3.86599383 14.1556185 -4.44332524
v -3.91150357 14.1214861 -4.50842945
v -1.51339338 15.6245716 -5.45781308
v -2.8761571 14.890095 -5.12281087
v -3.99304184 14.1556185 -4.54572215
v -1.550054 15.7099023 -5.42052038
v -1.550054 15.7099023 -5.32760467
v -2.90333653 14.9583596 -5.08551817
v -4.01137215 14.2409492 -4.51791064
v -2.88500622 14.9924919 -5.00208365
v -3.96586242 14.2921477 -4.45280644
v -2.82179825 14.9412935 -4.94582856
v -3.89317326 14.2409492 -4.41551374
v -2.78513763 14.8559627 -4.98312126
v -3.86599383 14.1556185 -4.44332524
v 0.411921236 26.2845948 -0.078183181
v -0.368697131 25.3276263 -0.394223006
v 0.357562386 26.3528595 -0.11547588
v -0.296640051 25.293494 -0.366411501
v 0.475761281 26.2504625 -0.13380619
v -0.777652665 24.6614143 -0.143287385
v -0.232800007 25.2593617 -0.42266659
v 0.484610396 26.2845948 -0.226721899
v -0.69611439 24.6784805 -0.13380619
v -0.995720144 24.0293347 0.675887841
v -0.241649122 25.2593617 -0.506101104
v 0.430251546 26.3528595 -0.255165483
v -0.923030984 24.0805331 0.648076336
v -0.423688061 23.6368132 1.47610068
v -0.632274345 24.6443482 -0.189429199
v -0.305489166 25.293494 -0.533912608
v 0.367043581 26.3869918 -0.198910394
v -0.359848016 23.6880116 1.42995886
v 0.629988715 23.2436597 1.86735798
v -0.859823019 24.0464008 0.582972133
v -0.650604655 24.5931497 -0.264014598
v -0.368697131 25.3276263 -0.478289599
v 0.357562386 26.3528595 -0.11547588
v -0.368697131 25.3276263 -0.394223006
v 0.65716814 23.3119243 1.82058409
v 1.65648607 22.8511382 1.66256417
v 1.66596726 22.9364689 1.62527147
v -0.73214293 24.5760836 -0.273495793
v -0.795982975 24.627282 -0.217872784
v -0.777652665 24.6614143 -0.143287385
v -1.01405045 23.9440039 0.638595142
v -0.995720144 24.0293347 0.675887841
v -0.314338281 23.6709455 1.35537346
v 0.648319025 23.3119243 1.72766838
v 1.60212722 22.9706012 1.56016727
v -0.877521249 23.9610701 0.545679433
v 0.612290485 23.2436597 1.68089448
v 1.52943806 22.9023366 1.53235577
v -0.332668591 23.5856147 1.31808077
v -0.950210409 23.9098716 0.573490938
v -0.387027441 23.5173501 1.36485466
v 0.58447898 23.1753951 1.72766838
v 1.52943806 22.8163738 1.56964847
v -0.432537176 23.5514824 1.43944006
v -0.423688061 23.6368132 1.47610068
v 0.593960175 23.1753951 1.82058409
v 1.5932781 22.7993077 1.63475267
v 0.629988715 23.2436597 1.86735798
v 1.65648607 22.8511382 1.66256417
v 1.32021969 8.15971089 8.28043811
v 2.76452169 7.49349894 8.0105401
v 2.81003143 7.54469739 8.06616311
v 1.35688031 8.2279755 8.34554231
v -0.323819476 9.0819151 8.0478328
v 2.81951262 7.52763124 8.1502297
v -0.287158856 9.1501797 8.1034558
v -2.02221749 10.0047514 7.61043368
v 1.36572943 8.21090935 8.42897682
v 2.782852 7.44230049 8.1875224
v -1.98618895 10.0559498 7.67553788
v -4.03855158 10.9952202 6.61427615
v -0.287158856 9.13311355 8.19637151
v 1.32970089 8.12557859 8.46626952
v 2.73734227 7.39046996 8.13126731
v 1.28419115 8.05731399 8.41064651
v 2.72849315 7.40816819 8.0383516
v -0.323819476 9.0477828 8.22418302
v 1.28419115 8.07438014 8.31773081
v 2.76452169 7.49349894 8.0105401
v 1.32021969 8.15971089 8.28043811
v -0.368697131 8.99658435 8.16856001
v -0.359848016 9.0136505 8.0756443
v -0.323819476 9.0819151 8.0478328
v -1.99503807 10.0559498 7.76845359
v -2.03106661 9.96998701 7.7962651
v -2.05824603 9.91878856 7.64772638
v -2.02221749 10.0047514 7.61043368
v -2.06772723 9.90172241 7.74064209
v -4.05688189 11.0634848 6.75396575
v -4.0752122 10.9098894 6.65156885
v -4.03855158 10.9952202 6.61427615
v -4.10239162 10.9952202 6.79125845
v -4.11124074 10.9098894 6.73500336
v -6.13705601 11.6272999 4.92978388
v -6.09154628 11.6955645 4.91082149
v -6.20089606 11.644366 5.0037372
v -6.20974517 11.7126306 5.0410299
v -6.16423544 11.7979614 5.02269959
v -6.10039539 11.7808952 4.94811419
v -4.02970246 11.0634848 6.66989916
v -6.09154628 11.6955645 4.91082149
v 3.46423386 14.8559627 4.938633
v 4.53624095 14.1556185 4.39883698
v 4.56342038 14.2409492 4.37102547
v 3.49141329 14.9412935 4.9013403
v 2.13813076 15.5733731 5.2647861
v 4.63610954 14.2921477 4.40831817
v 2.1741593 15.6587039 5.2274934
v 0.666649335 16.2566512 5.20853101
v 3.55525333 14.9924919 4.95759539
v 4.69046838 14.2409492 4.47342238
v 0.702677875 16.341982 5.17123831
v -0.759322355 16.905797 4.63144229
v 3.58243276 14.9583596 5.0410299
v 4.66328896 14.1556185 4.50123388
v 2.21966903 15.7099023 5.28311641
v -0.723293815 16.9740616 4.59414959
v -1.94067922 17.4696121 3.92414516
v 3.54577214 14.890095 5.0783226
v 4.58175069 14.1214861 4.46394118
v 2.21966903 15.7099023 5.37603212
v 0.7298573 16.4108786 5.2274934
v -1.89516949 17.5378767 3.89633366
v -2.71244847 17.9651625 3.03101662
v 3.48256417 14.8218304 5.02269959
v 4.53624095 14.1556185 4.39883698
v 3.46423386 14.8559627 4.938633
v 2.18364049 15.6245716 5.41332482
v 2.14697987 15.556307 5.35770181
v 2.13813076 15.5733731 5.2647861
v 0.721008185 16.4108786 5.32040911
v -0.704963505 17.0423262 4.65040468
v -2.64924051 18.0334271 3.00257303
v -3.17576286 18.4265806 1.83954648
v 0.65716814 16.2566512 5.3020788
v 0.666649335 16.2566512 5.20853101
v 0.67549845 16.3249158 5.35770181
v -1.88568829 17.6232074 3.94310755
v -0.73214293 17.0423262 4.74332039
v -3.1030737 18.4948452 1.83954648
v -3.31229206 18.8873667 0.796615054
v -0.795982975 16.905797 4.72499008
v -0.759322355 16.905797 4.63144229
v -0.777652665 16.9740616 4.77113189
v -2.64924051 18.1187579 3.04934693
v -1.93119803 17.6232074 4.02654206
v -3.2396029 18.9385652 0.806096249
v -3.21242348 19.3829172 -0.198910394
v -1.98618895 17.4866782 4.00821175
v -1.94067922 17.4696121 3.92414516
v -1.97670776 17.5549428 4.05435357
v -3.1030737 18.580176 1.87683918
v -3.13025312 19.4341156 -0.17109889
v -2.93936507 19.8955337 -1.07370863
v -2.77628852 17.9992948 3.09612082
v -2.71244847 17.9651625 3.03101662
v -2.77628852 18.0675594 3.13341352
v -2.71244847 18.135824 3.11445113
v -3.2396029 19.024528 0.843388948
v -3.18461197 18.5972421 1.92298099
v -2.86667591 19.9296661 -1.02756681
v -2.34900267 20.374018 -1.76267545
v -2.28579471 20.3910842 -1.69757124
v -3.25730113 18.5460437 1.92298099
v -3.13025312 19.5023802 -0.13380619
v -2.86667591 20.0149968 -0.980792921
v -2.29464382 20.4764149 -1.65079735
v -3.32114118 19.0586603 0.871200453
v -3.21242348 19.5535787 -0.11547588
v -2.94884626 20.0491291 -0.980792921
v -2.35848387 20.5276134 -1.66027854
v -3.25730113 18.4607129 1.88568829
v -3.17576286 18.4265806 1.83954648
v -3.40267945 19.024528 0.862351338
v -3.39383033 18.9385652 0.825058638
v -3.31229206 18.8873667 0.796615054
v -3.29396175 19.5023802 -0.143287385
v -3.02153542 20.0149968 -1.01808562
v -2.42169183 20.5105472 -1.72538275
v -3.29396175 19.4341156 -0.180580084
v -3.21242348 19.3829172 -0.198910394
v -3.02153542 19.9467322 -1.06485951
v -2.42169183 20.4422826 -1.78163784
v -2.93936507 19.8955337 -1.07370863
v -2.34900267 20.374018 -1.76267545
v 2.13813076 -0.473232962 -1.01808562
v 1.87455355 10.4257164 -0.860065708
v 1.25701173 10.4257164 -1.48329624
v 1.41123916 -0.473232962 -1.75319425
v 0.403072121 10.4257164 -1.71590155
v 0.403072121 -0.473232962 -2.02309226
v -0.450867486 10.4257164 -1.48329624
v -0.60509492 -0.473232962 -1.75319425
v -1.0684093 10.4257164 -0.860065708
v -1.34083563 -0.473232962 -1.01808562
v -1.30480709 10.4257164 -0.0130789771
v -1.60441285 -0.473232962 -0.0130789771
v -1.0684093 10.4257164 0.843388948
v -1.34083563 -0.473232962 0.992559746
v -0.450867486 10.4257164 1.46725156
v -0.60509492 -0.473232962 1.72766838
v 0.403072121 10.4257164 1.69037568
v 0.403072121 -0.473232962 1.99756639
v 1.25701173 10.4257164 1.46725156
v 1.41123916 -0.473232962 1.72766838
v 1.87455355 10.4257164 0.843388948
v 2.13813076 -0.473232962 0.992559746
v 2.11095133 10.4257164 -0.0130789771
v 2.41055709 -0.473232962 -0.0130789771
v 1.87455355 10.4257164 -0.860065708
v 2.13813076 -0.473232962 -1.01808562
v -1.44512877 3.29965047 -9.05561045
v 0.305731855 4.05119317 -8.88431686
v 0.0124468975 11.2531087 -5.18917923
v -2.13093519 8.15971089 -6.14425158
v -3.1744987 3.07083763 -8.65171155
v -4.66557459 3.35906595 -7.69158256
v 0.435940263 19.4695121 -0.0535320747
v -2.9570633 11.3087317 -3.93260488
v -5.75907238 4.16433543 -6.3174414
v -4.06320268 11.0350412 -3.1184863
v -6.29570801 5.48601398 -4.671506
v -6.7432204 6.3083496 -2.97500422
v -3.78129516 12.8389965 -1.74813762
v -4.91082149 11.120372 -0.971311726
v -4.63776309 11.5659881 0.332668591
v -7.56745226 5.61432614 -1.45106018
v -8.29687218 4.40578985 0.080468811
v -1.34526019 3.67510578 8.86700802
v 0.0794473403 11.2657503 5.17755911
v 0.346184953 3.86978631 8.95486709
v -1.90654692 8.84298899 5.86273345
v -2.93746883 4.07458012 8.19510735
v -4.21616596 4.87984959 7.07506221
v 0.435940263 19.4695121 -0.0535320747
v -3.07589427 11.4275627 3.47663277
v -5.43165513 5.30018256 5.80078964
v -6.83676819 4.54674362 4.66873499
v -5.46262703 8.84678147 2.32814405
v -3.07589427 11.4275627 3.47663277
v -7.99094563 3.66056795 3.42037768
v -4.63776309 11.5659881 0.332668591
v -8.45805249 3.68395489 1.79719714
v -8.29687218 4.40578985 0.080468811
v 4.25433343 10.5597173 -5.9230237
v 5.22647193 11.0103901 -4.84343166
v 3.05843873 16.4551242 -3.05338209
v 2.32901881 14.0273063 -4.83205423
v 3.18232634 9.97693989 -6.81425601
v 1.85622324 9.88465626 -7.25418344
v 0.356930307 22.6861654 -0.0914568537
v 0.672338052 16.1422448 -4.21388033
v 0.448581856 10.2032244 -7.24975889
v -0.444546689 15.5506182 -4.54256175
v -0.868672134 10.8498419 -6.80730313
v -2.18466196 11.1981178 -6.22452569
v -1.11012656 16.8906271 -3.64311241
v -2.25861528 15.3970229 -3.86939692
v -2.6682029 16.1574147 -3.03378762
v -3.58914295 10.6191328 -5.79787193
v -4.88364207 9.83788236 -5.22394361
v -3.78888012 9.57746555 6.25588699
v -4.84824561 9.76076865 5.28438057
v -2.46972989 15.8230446 3.26615025
v -1.692904 13.5703127 4.96897282
v -2.48426772 9.65205095 6.9170423
v -1.0684093 9.87643922 7.23308213
v 0.356930307 22.6861654 -0.0914568537
v 0.397383404 15.5822222 4.3204591
v 0.403072121 10.02561 7.30513921
v 1.87455355 9.87643922 7.23308213
v 2.47629337 13.6303603 4.94811419
v 3.27903453 9.68175869 6.90629695
v 3.23289271 15.9330264 3.23012171
v 4.54951462 9.6969286 6.21416973
v 5.57601197 9.96366621 5.21674804
v 0.353137829 26.0627349 -0.468808405
v 0.353137829 26.0450367 -0.348081191
v 0.598384733 26.0450367 -0.255165483
v 0.679923008 26.0627349 -0.338599997
v 0.353137829 26.4723225 -0.403704201
v 0.698253317 26.0450367 -0.0130789771
v 0.634413273 26.4723225 -0.291826103
v 0.353137829 26.4552564 -0.282976988
v 0.816452212 26.0627349 -0.0130789771
v 0.598384733 26.0450367 0.229007529
v 0.679923008 26.0627349 0.313074122
v 0.353137829 26.0450367 0.321923237
v 0.743763052 26.4723225 -0.0130789771
v 0.552874998 26.4552564 -0.208391589
v 0.353137829 26.0627349 0.44328253
v 0.11674004 26.0450367 0.229007529
v 0.444157298 27.4122249 -0.0965134909
v 0.353137829 27.4122249 -0.13380619
v 0.634413273 26.4552564 -0.0130789771
v 0.471336723 27.4122249 -0.0130789771
v 0.444157298 27.4122249 0.0709876163
v 0.634413273 26.4723225 0.266300228
v 0.552874998 26.4552564 0.182865714
v 0.353137829 27.4122249 0.108280316
v 0.0352017649 26.0627349 0.313074122
v 0.016871455 26.0450367 -0.0130789771
v 0.353137829 26.4723225 0.378178326
v 0.353137829 26.4552564 0.256819033
v 0.270967474 27.4122249 0.0709876163
v -0.101327439 26.0627349 -0.0130789771
v 0.11674004 26.0450367 -0.255165483
v 0.0807114996 26.4723225 0.266300228
v 0.162249774 26.4552564 0.182865714
v 0.234938934 27.4122249 -0.0130789771
v 0.0352017649 26.0627349 -0.338599997
v 0.353137829 26.0450367 -0.348081191
v 0.353137829 26.0627349 -0.468808405
v -0.0286382798 26.4723225 -0.0130789771
v 0.0807114996 26.4552564 -0.0130789771
v 0.270967474 27.4122249 -0.0965134909
v 0.0807114996 26.4723225 -0.291826103
v 0.353137829 26.4723225 -0.403704201
v 0.162249774 26.4552564 -0.208391589
v 0.353137829 27.4122249 -0.13380619
v 0.353137829 26.4552564 -0.282976988
v 0.303203536 8.56929851 8.61544032
v 0.166674332 8.19384319 8.74564873
v -0.205620582 8.3303724 8.64325183
v 0.530120131 8.05731399 8.58762882
v 0.530120131 8.3645047 8.49471311
v 0.63946991 8.4327693 8.19637151
v 0.629988715 8.02254961 8.1875224
v 0.475761281 8.07438014 7.80574629
v 0.494091591 8.38157085 7.90814319
v 0.103466367 8.21090935 7.69386819
v 0.248844686 8.58636466 7.8240766
v 0.321533846 8.70645979 8.22418302
v -0.0147325275 8.56929851 8.53137373
v -0.0874216872 8.70645979 8.24314541
v -0.359848016 8.398637 8.2526266
v -0.259979432 8.34743855 7.8518881
v -0.0513931471 8.58636466 7.94543589
v -4.87416087 10.7221618 6.58646465
v -4.69275401 11.0634848 6.74448456
v -4.59288543 11.1488156 6.34437814
v -4.72941463 11.4907706 6.76344695
v -4.78377348 10.8757571 6.31656664
v -5.21990844 10.7050956 6.36270845
v -4.99235977 10.8757571 6.06499893
v -5.2647861 11.0464187 6.02770624
v -5.52836331 10.9440218 6.20468854
v -5.24708787 11.3542414 5.96260203
v -5.56502393 11.3542414 6.22301885
v -5.38298499 11.6955645 6.38167084
v -4.84698145 11.2689107 6.03718743
v -5.16491751 11.6102337 6.15791464
v -4.84698145 11.6272999 6.24198124
v -5.0378695 11.7126306 6.60479496
v -4.67442371 11.4395722 6.44677504
v -5.21990844 6.29760425 -7.20804163
v -4.90197238 6.29760425 -6.75168012
v -5.11055866 5.98978146 -6.94699273
v -4.7926226 5.7679215 -6.83574672
v -4.69275401 6.05804606 -6.73334981
v -4.40199738 5.7679215 -6.98428543
v -4.37481795 6.12694274 -6.77949163
v -4.22059052 6.19520734 -7.05887083
v -4.16623167 5.95564916 -7.26366464
v -4.27494937 6.50239805 -7.18907924
v -4.27494937 6.26347194 -7.53356265
v -4.59288543 6.50239805 -7.64544075
v -4.55622481 6.4853319 -6.88188853
v -4.5473757 6.60479496 -7.33825004
v -4.80147171 6.67305956 -7.16126774
v -4.98351065 6.4853319 -7.49626995
v -5.01069008 6.4511996 -7.02157813
v -4.88364207 9.83788236 -5.22394361
v -2.6682029 16.1574147 -3.03378762
v -3.77813476 14.7023673 -2.80497479
v -5.86905424 9.57746555 -4.20123874
v -6.56497394 9.57746555 -2.89852258
v 0.356930307 22.6861654 -0.0914568537
v -3.74400246 15.75478 -1.46370177
v -6.99099562 9.57746555 -1.48329624
v -4.89944406 13.7883802 -0.0826077386
v -3.51645379 16.2446417 1.30986373
v -6.65030469 10.3119421 1.31808077
v -6.05425358 10.6791804 2.66314626
v -3.55121817 15.1922291 2.68653321
v -2.46972989 15.8230446 3.26615025
v -5.52836331 10.3119421 4.03602326
v -4.84824561 9.76076865 5.28438057
v 6.3888664 12.9085253 -1.62298584
v 6.7523122 12.7207976 -1.65079735
v 6.52539561 12.3788426 -1.68809005
v 6.8705111 13.0621207 -1.85559116
v 6.28899782 12.6013346 -1.68809005
v 6.28899782 12.2593795 -2.01424315
v 6.04375092 12.5672023 -1.89288386
v 6.0349018 12.6013346 -2.21903695
v 6.04375092 12.9085253 -2.33028297
v 6.18028012 12.3788426 -2.39538718
v 6.29847901 12.7207976 -2.60018098
v 6.52539561 13.0621207 -2.56352036
v 6.10759096 12.9767899 -1.93017655
v 6.55257503 13.1133191 -1.81829846
v 6.3888664 13.2504804 -2.06038496
v 6.7617934 13.1815837 -2.23736726
v 6.29847901 13.1133191 -2.34924536
v 6.18028012 12.3788426 -2.39538718
v 6.28899782 12.2593795 -2.01424315
v 6.66192481 12.1740487 -2.19059337
v 6.52539561 12.3788426 -1.68809005
v 6.7523122 12.310578 -1.91184624
v 6.7523122 12.7207976 -1.65079735
v 7.0070403 12.5324379 -1.92069536
v 6.8705111 13.0621207 -1.85559116
v 6.94320026 12.4641733 -2.32143386
v 7.01588942 12.8231945 -2.03257346
v 6.7617934 13.1815837 -2.23736726
v 7.0070403 12.874393 -2.35872656
v 6.52539561 13.0621207 -2.56352036
v 6.66192481 12.5153718 -2.62862457
v 6.7617934 12.8231945 -2.56352036
v 6.29847901 12.7207976 -2.60018098
v 6.49821618 12.310578 -2.44216107
v 1.53828717 24.3542236 -0.236203093
v 1.27534204 24.2176944 0.229007529
v 1.55661748 24.0122685 -0.00359778238
v 1.95609182 24.0122685 -0.11547588
v 1.86570443 24.285959 -0.236203093
v 2.25632965 24.2688928 0.0242137222
v 2.0654416 24.5419513 -0.217872784
v 2.13813076 24.7296789 0.0520252268
v 1.91121417 24.9351048 0.145573015
v 2.32901881 24.5931497 0.275781423
v 2.04711129 24.7815094 0.508386734
v 1.64763695 24.7985756 0.620264832
v 1.7019958 24.7296789 -0.143287385
v 1.35688031 24.4395544 0.0147325275
v 1.38405974 24.7467451 0.126610625
v 1.3480312 24.5419513 0.480575229
v 1.62930664 24.8839063 0.303592927
v 1.95609182 24.0122685 -0.11547588
v 2.21966903 24.0464008 0.378178326
v 2.25632965 24.2688928 0.0242137222
v 2.32901881 24.5931497 0.275781423
v 1.97442213 23.9269378 0.201196024
v 1.55661748 24.0122685 -0.00359778238
v 1.69314669 23.8586732 0.359215937
v 1.27534204 24.2176944 0.229007529
v 1.90173297 24.063467 0.648076336
v 1.46559801 24.0805331 0.46161284
v 1.3480312 24.5419513 0.480575229
v 1.53828717 24.2518267 0.722661735
v 1.64763695 24.7985756 0.620264832
v 2.0654416 24.4395544 0.740992045
v 1.74750554 24.507819 0.75047324
v 2.04711129 24.7815094 0.508386734
v 2.24684846 24.3542236 0.489424344
v 0.305731855 4.05119317 -8.88431686
v 1.86127987 5.33241862 -8.12013256
v 1.37521062 10.9326443 -5.41735998
v 0.0124468975 11.2531087 -5.18917923
v 3.41745997 6.05614982 -7.27061752
v 0.435940263 19.4695121 -0.0535320747
v 2.49841616 12.2524266 -4.19744626
v 5.17211308 5.13584185 -6.84459583
v 4.89715843 9.06484895 -4.3017394
v 6.78897282 3.88685246 -6.29342238
v 7.93303699 3.62390733 -5.06718786
v 5.00650821 11.4395722 -2.2487447
v 8.56006 4.08090091 -3.45791307
v 5.88320268 10.7050956 -1.17610553
v 5.13608454 12.4344656 -0.0149752161
v 8.62390005 4.99046353 -1.75825089
v 8.50317283 5.58398632 -0.0162393754
v 0.346184953 3.86978631 8.95486709
v 1.41755996 10.6077554 5.54669362
v 1.92448784 4.84571729 8.32657992
v 0.0794473403 11.2657503 5.17755911
v 3.48698873 5.5909392 7.46947992
v 0.435940263 19.4695121 -0.0535320747
v 2.53002014 12.0122364 4.29201552
v 5.1310279 5.09286043 6.87026841
v 4.85417701 9.0945567 4.29454384
v 6.63664163 4.26483609 6.14906553
v 7.78323411 4.01706087 4.92472725
v 4.96542303 11.5154218 2.21816219
v 8.46588013 4.30718543 3.3856133
v 5.85349494 10.7733602 1.14109846
v 5.13608454 12.4344656 -0.0149752161
v 8.57839031 5.09286043 1.71818718
v 8.50317283 5.58398632 -0.0162393754
v 0.367043581 8.56929851 -8.65992859
v 0.502940706 8.19384319 -8.79013699
v 0.875235619 8.3303724 -8.68774009
v 0.148976102 8.05731399 -8.63211708
v 0.139494907 8.3645047 -8.53856929
v 0.0307772073 8.4327693 -8.24085978
v 0.0491075172 8.02254961 -8.23137858
v 0.193853757 8.07438014 -7.84075336
v 0.176155527 8.38157085 -7.95263146
v 0.56678075 8.21090935 -7.73835646
v 0.421402431 8.58636466 -7.86856486
v 0.348713271 8.70645979 -8.26867128
v 0.684979645 8.56929851 -8.57586199
v 0.76651792 8.70645979 -8.28763367
v 1.03009513 8.398637 -8.29711487
v 0.930226549 8.34743855 -7.89637637
v 0.721008185 8.58636466 -7.98992416
v -5.71925137 13.2504804 2.02537789
v -6.09154628 13.1815837 2.2023602
v -6.20089606 13.0621207 1.81173497
v -5.85514849 13.0621207 2.52788121
v -5.6282319 13.1133191 2.3047571
v -5.37413588 12.9085253 2.2952759
v -5.6282319 12.7207976 2.5563248
v -5.510033 12.3788426 2.35153099
v -5.36465468 12.6013346 2.17454869
v -5.61938278 12.2593795 1.96975488
v -5.37413588 12.5672023 1.84839559
v -5.43734384 12.9767899 1.88568829
v -5.88296 13.1133191 1.77444227
v -5.71925137 12.9085253 1.57849758
v -6.08269716 12.7207976 1.60694117
v -5.84629938 12.3788426 1.64360178
v -5.61938278 12.6013346 1.64360178
v -5.84629938 12.3788426 1.64360178
v -5.9916777 12.1740487 2.14673719
v -5.61938278 12.2593795 1.96975488
v -5.510033 12.3788426 2.35153099
v -6.08269716 12.310578 1.86735798
v -6.08269716 12.7207976 1.60694117
v -6.33679318 12.5324379 1.87683918
v -6.20089606 13.0621207 1.81173497
v -6.27358522 12.4641733 2.27694559
v -6.34627438 12.8231945 1.98808519
v -6.09154628 13.1815837 2.2023602
v -6.33679318 12.874393 2.31423829
v -5.85514849 13.0621207 2.52788121
v -5.9916777 12.5153718 2.5841363
v -6.09154628 12.8231945 2.5190321
v -5.6282319 12.7207976 2.5563248
v -5.82796907 12.310578 2.39767281
v -0.405357751 16.1713205 5.0505111
v -0.777652665 16.2566512 4.87352879
v -0.932512179 16.1371882 5.23697459
v -1.08673961 16.5303417 4.88300999
v -1.12276815 16.3931804 5.17123831
v -1.13224935 16.8716647 5.1250965
v -1.19545731 16.5815401 5.42280601
v -0.941361294 17.0770906 5.42280601
v -0.923030984 16.341982 5.59978831
v -1.01405045 16.8034001 5.58082592
v -0.577915495 16.9911278 5.59978831
v -0.787133859 16.683937 5.77677061
v -0.259979432 16.7180694 5.59978831
v -0.514075451 16.2225189 5.59978831
v -0.505226336 16.5303417 5.71166641
v -0.223950892 16.3931804 5.35770181
v -0.614576115 16.120122 5.3020788
v 1.76583585 16.5303417 -4.91801706
v 1.60212722 16.1371882 -5.28083078
v 1.44789978 16.2566512 -4.91801706
v 1.08445398 16.1713205 -5.09499936
v 1.79301527 16.3931804 -5.21572657
v 1.80186439 16.8716647 -5.16010356
v 1.87455355 16.5815401 -5.46729427
v 1.61097633 17.0770906 -5.46729427
v 1.5932781 16.341982 -5.64427658
v 1.68366549 16.8034001 -5.62531419
v 1.24753053 16.9911278 -5.64427658
v 1.4567489 16.683937 -5.8206268
v 0.930226549 16.7180694 -5.63479538
v 1.19317168 16.2225189 -5.63479538
v 1.17547345 16.5303417 -5.74667348
v 0.893565929 16.3931804 -5.39270888
v 1.28419115 16.120122 -5.34593498
v -0.868672134 24.3542236 0.191714829
v -0.60509492 24.2176944 -0.273495793
v -0.887002444 24.0122685 -0.0408904817
v -1.28647678 24.0122685 0.0709876163
v -1.1866082 24.285959 0.201196024
v -1.58608254 24.2688928 -0.0687019863
v -1.39519448 24.5419513 0.17338452
v -1.46788364 24.7296789 -0.0870322961
v -1.24096705 24.9351048 -0.189429199
v -1.6587717 24.5931497 -0.320269687
v -1.37749625 24.7815094 -0.552874998
v -0.977389834 24.7985756 -0.664121016
v -1.03238076 24.7296789 0.0987991209
v -0.686633195 24.4395544 -0.0592207916
v -0.7144447 24.7467451 -0.17109889
v -0.67778408 24.5419513 -0.525063493
v -0.959691604 24.8839063 -0.348081191
v 2.41055709 7.32220536 8.38283501
v 2.64695488 7.33927151 8.88533833
v 2.39222678 7.04914695 8.70835603
v 2.39222678 6.75839031 8.41064651
v 2.43773651 7.0320808 8.23366421
v 2.70131373 6.63892726 8.16856001
v 2.64695488 6.9979485 7.98272859
v 2.97374006 6.9979485 7.99157771
v 3.12796749 7.27100691 8.05668191
v 3.11026926 6.70719186 8.09397461
v 3.35551616 6.9979485 8.27095691
v 3.36436528 7.28807306 8.56866643
v 2.73734227 7.39046996 8.13126731
v 2.62862457 7.45936664 8.58762882
v 2.9010509 7.5788297 8.45742041
v 3.04642922 7.40816819 8.81075293
v 3.16462811 7.42523434 8.34554231
v -3.65740755 18.6655068 0.15442213
v -4.05688189 18.3235517 0.359215937
v -3.63907724 18.3412499 0.42432014
v -3.73894582 18.2382209 0.815577444
v -3.97534361 18.5972421 0.191714829
v -3.81163498 19.0415941 0.210677219
v -4.1839299 18.8532344 0.201196024
v -3.99304184 19.2805203 0.498905539
v -4.33878941 18.5972421 0.489424344
v -4.22943963 19.0586603 0.44328253
v -4.09354251 19.1781233 0.890162842
v -4.39314826 18.9556313 0.703699346
v -4.08406131 18.8703006 1.16006085
v -4.26610025 18.4265806 0.862351338
v -4.29327968 18.7508375 0.945785851
v -3.92983388 18.4777791 1.10380576
v -4.03855158 18.2894194 0.685369036
v -3.09422458 17.9651625 2.82622281
v -3.44818918 17.7603687 2.86351551
v -3.20294228 17.4184136 2.79777923
v -3.53920865 18.0504933 3.14226263
v -2.9848748 17.6573397 2.81674161
v -2.92166684 17.2648182 3.05882812
v -2.70359936 17.6061413 2.96591241
v -2.65808962 17.572009 3.29143343
v -2.64924051 17.8456994 3.46841573
v -2.75795821 17.2989505 3.44060423
v -2.85782679 17.5890751 3.71935135
v -3.1030737 17.9310302 3.78445556
v -2.77628852 17.9992948 3.09612082
v -3.2396029 18.1187579 3.06767724
v -3.03986573 18.2211548 3.31924494
v -3.37550002 18.0846256 3.52403874
v -2.90333653 18.0334271 3.55185025
v 3.11026926 6.70719186 8.09397461
v 2.70131373 6.63892726 8.16856001
v 2.84669205 6.46826575 8.52252461
v 2.39222678 6.75839031 8.41064651
v 2.59196395 6.62186111 8.63377063
v 2.39222678 7.04914695 8.70835603
v 2.61914337 6.77608854 8.92263103
v 2.64695488 7.33927151 8.88533833
v 3.0097686 6.65599341 8.84804563
v 2.77400289 7.04914695 8.98773523
v 3.04642922 7.40816819 8.81075293
v 3.10078807 7.04914695 8.99721643
v 3.36436528 7.28807306 8.56866643
v 3.33718585 6.72425801 8.59711001
v 3.31000643 7.01501465 8.74564873
v 3.35551616 6.9979485 8.27095691
v 3.12796749 6.5877288 8.3923162
v -6.51883212 12.9767899 1.16890997
v -6.93663677 12.9767899 1.15057966
v -6.87279673 12.9426576 0.740992045
v -6.90945735 12.7719961 1.50454426
v -6.6003704 12.7890622 1.42047767
v -6.41833146 12.5153718 1.46725156
v -6.80010757 12.3617764 1.55068608
v -6.66357836 12.0375195 1.33704315
v -6.40948234 12.2423134 1.29975046
v -6.6003704 12.0033872 0.927455542
v -6.27358522 12.2423134 1.00140886
v -6.27358522 12.652533 1.10380576
v -6.57319097 12.9085253 0.852870143
v -6.3734538 12.7037315 0.703699346
v -6.74574872 12.6184007 0.526717044
v -6.62754982 12.2081811 0.573490938
v -6.38230292 12.3788426 0.73151085
v 4.44522148 14.0702877 4.85519848
v 4.89020555 13.8654939 5.1250965
v 4.49073122 13.7453988 5.10613411
v 4.20882369 13.5747373 4.85519848
v 4.26381462 13.8484277 4.69654649
v 4.27266374 13.438208 4.46394118
v 4.28151285 13.8484277 4.37102547
v 4.51791064 13.7283326 4.18519406
v 4.79033697 13.9166923 4.16623167
v 4.55393918 13.4040757 4.16623167
v 4.9540456 13.540605 4.17571286
v 5.23532104 13.7112665 4.42664848
v 4.58175069 14.1214861 4.46394118
v 4.77200666 14.0702877 4.9013403
v 4.96289471 14.1385523 4.64092348
v 5.18096219 13.8484277 4.81790579
v 5.02673476 13.9508246 4.38050667
v 1.77468496 15.5733731 5.46009871
v 1.58379691 15.2491162 5.65541132
v 1.7019958 15.0436904 5.32040911
v 1.72917523 15.4368439 5.99989473
v 1.84737412 15.3173808 5.2647861
v 2.08377191 14.9071612 5.2180122
v 2.14697987 15.3173808 5.13457769
v 2.4288874 15.2320501 5.28311641
v 2.55593541 15.4539101 5.49739141
v 2.47439713 14.9242273 5.34822061
v 2.62862457 15.0948888 5.69270402
v 2.51042567 15.3173808 6.02770624
v 2.18364049 15.6245716 5.41332482
v 1.87455355 15.6245716 5.76728942
v 2.18364049 15.7099023 5.81406331
v 2.12864956 15.4368439 6.13010314
v 2.44658563 15.5221747 5.79510092
v 0.866386504 13.6430019 -6.45397061
v 0.69382876 13.3528773 -6.71438742
v 1.07497279 13.3528773 -6.88188853
v 0.475761281 13.2504804 -6.37938521
v 0.67549845 13.4552742 -6.2491768
v 0.80254646 13.3870096 -5.9603164
v 0.612290485 13.0279884 -6.05386419
v 0.957405974 12.8573269 -5.88636308
v 1.03894425 13.1815837 -5.88636308
v 1.33855 12.8573269 -6.05386419
v 1.3480312 13.2504804 -5.9603164
v 1.12996372 13.5576711 -6.15626109
v 1.12048252 13.540605 -6.63095291
v 1.40239005 13.4894065 -6.4634518
v 1.41123916 13.1645176 -6.72386862
v 1.55661748 12.9597238 -6.3888664
v 1.48392832 13.2504804 -6.258658
v 7.13408831 5.81911995 6.22301885
v 7.2339569 5.64845845 6.58646465
v 6.85218079 5.47779694 6.56750226
v 7.61510092 5.61432614 6.41896354
v 7.44254318 5.7337892 6.16739584
v 7.50638322 5.61432614 5.86968632
v 7.74278101 5.35770181 6.12062194
v 7.61510092 5.06757725 5.86020513
v 7.44254318 5.30650335 5.74832703
v 7.2339569 4.89691574 5.84187482
v 7.13408831 5.2553049 5.66489252
v 7.09742769 5.63139229 5.85072393
v 6.8705111 5.63139229 6.27927394
v 6.7523122 5.46009871 6.01822504
v 6.72513278 5.16997415 6.30708544
v 6.85218079 4.91398189 6.00937593
v 6.8705111 5.20410645 5.86020513
v 2.47439713 14.9242273 5.34822061
v 2.08377191 14.9071612 5.2180122
v 2.02878098 14.6511689 5.53468411
v 1.7019958 15.0436904 5.32040911
v 1.75635465 14.8218304 5.55301442
v 1.58379691 15.2491162 5.65541132
v 1.65648607 14.9071612 5.85072393
v 1.72917523 15.4368439 5.99989473
v 2.01993186 14.7194335 5.93479053
v 1.78353408 15.111955 6.06499893
v 2.12864956 15.4368439 6.13010314
v 2.05659248 15.0436904 6.21416973
v 2.51042567 15.3173808 6.02770624
v 2.4288874 14.7876981 5.88801663
v 2.36504735 15.0266242 6.08396132
v 2.62862457 15.0948888 5.69270402
v 2.33786793 14.7364996 5.58082592
v -3.32999029 20.2027245 -1.16725642
v -3.76612525 19.9808645 -0.906207522
v -3.7117664 20.1003276 -1.29746483
v -3.51202923 19.9808645 -1.65079735
v -3.45767038 20.0491291 -0.897358407
v -3.24845202 19.8614014 -0.7298573
v -3.6030487 19.6395415 -0.71089491
v -3.35780179 19.3146526 -0.775999114
v -3.13973432 19.5706448 -0.803810619
v -3.15743255 19.2122556 -1.12996372
v -2.92166684 19.5365125 -1.03704801
v -3.02153542 19.9467322 -1.06485951
v -3.26678233 20.0661953 -1.45548474
v -3.00320511 19.8784676 -1.47444713
v -3.26678233 19.6566076 -1.71590155
v -3.1030737 19.3317187 -1.52058894
v -2.95769538 19.5706448 -1.36256903
v -1.60441285 13.5064727 -6.26750711
v -1.82248033 13.5235388 -6.77949163
v -1.60441285 13.2334142 -6.57469782
v -1.63159227 12.9597238 -6.26750711
v -1.6587717 13.2334142 -6.100006
v -1.96785865 12.874393 -6.02542061
v -1.87683918 13.2504804 -5.8579195
v -2.20362435 13.2675465 -5.87688189
v -2.33130444 13.540605 -5.9603164
v -2.35848387 12.9938561 -5.9603164
v -2.57655135 13.2846127 -6.1745914
v -2.54937192 13.5576711 -6.48178211
v -1.93119803 13.6259357 -6.02542061
v -1.80415002 13.660068 -6.48178211
v -2.06772723 13.8136634 -6.36990401
v -2.21310555 13.6430019 -6.71438742
v -2.34015356 13.6771342 -6.258658
v -3.68458697 19.1951895 0.955267046
v -4.08406131 18.8703006 1.16006085
v -4.09354251 19.1781233 0.890162842
v -3.99304184 19.2805203 0.498905539
v -3.76612525 18.9385652 1.12276815
v -3.55753896 18.6825729 1.11328696
v -3.92983388 18.4777791 1.10380576
v -3.73894582 18.2382209 0.815577444
v -3.51202923 18.4777791 0.862351338
v -3.63907724 18.3412499 0.42432014
v -3.3483206 18.580176 0.610783637
v -3.39383033 18.9385652 0.825058638
v -3.70291728 19.2463879 0.629113947
v -3.47536861 19.0927926 0.452763725
v -3.81163498 19.0415941 0.210677219
v -3.65740755 18.6655068 0.15442213
v -3.44818918 18.7849698 0.368697131
v 3.10078807 22.270257 -0.720376105
v 3.46423386 22.0648311 -0.74818761
v 3.51859271 22.2019924 -0.357562386
v 3.2550155 21.7917727 -0.980792921
v 3.01924979 21.9965665 -0.878396018
v 2.72849315 21.8600373 -0.794961504
v 2.96489094 21.5180822 -0.850584513
v 2.77400289 21.381553 -0.506101104
v 2.65580399 21.6893758 -0.533912608
v 2.81951262 21.5180822 -0.11547588
v 2.61914337 21.8600373 -0.255165483
v 2.76452169 22.1501619 -0.506101104
v 3.21013785 22.3043893 -0.413185395
v 2.99207037 22.270257 -0.17109889
v 3.31885555 22.0648311 -0.0130789771
v 3.0375801 21.7917727 0.117129431
v 2.85554116 21.9965665 -0.0687019863
v -2.38566329 10.0218175 7.63824518
v -2.56707015 9.5603994 7.91762439
v -2.58540046 9.6627963 7.51688589
v -2.34900267 9.71399475 7.17240248
v -2.23143586 9.95292086 7.35886598
v -1.94067922 9.64573015 7.14459098
v -1.9040186 9.98768524 7.35886598
v -1.67710201 9.81639166 7.50803677
v -1.64992258 9.83345781 7.8240766
v -1.60441285 9.5262671 7.36834717
v -1.58608254 9.42387019 7.76845359
v -1.82248033 9.38973789 8.1034558
v -1.99503807 10.0559498 7.76845359
v -2.39451241 9.83345781 7.91762439
v -2.13093519 9.85052396 8.1034558
v -2.23143586 9.45800249 8.1407485
v -1.84081064 9.71399475 8.05668191
v -6.82728699 12.0375195 2.4817394
v -6.99099562 11.7296968 2.2579832
v -6.64588013 11.5249029 2.36038011
v -7.35444142 11.866226 2.4166352
v -6.60921951 11.7979614 2.53736241
v -6.54601155 11.3713076 2.74215622
v -6.49102062 11.7638291 2.83507192
v -6.63639894 11.6614322 3.10496993
v -6.86394761 11.8491598 3.24465954
v -6.68190867 11.3371753 3.13341352
v -7.04535447 11.4737045 3.28195224
v -7.39046996 11.6955645 3.17955533
v -6.78177726 12.0545857 2.89132701
v -7.13637394 12.0545857 2.57465511
v -7.19073279 12.1228503 2.88184582
v -7.49033854 11.8320937 2.80726042
v -7.16355337 11.9180565 3.14226263
v -3.78445556 12.7037315 -4.31311683
v -4.12072193 12.874393 -4.48061794
v -3.92983388 13.2334142 -4.38770223
v -4.26610025 13.096253 -4.80613896
v -3.70291728 13.0279884 -4.31311683
v -3.40267945 12.7037315 -4.48061794
v -3.39383033 13.096253 -4.39655135
v -3.25730113 13.096253 -4.68541175
v -3.18461197 12.8061284 -4.81562016
v -3.33947148 13.3358111 -4.89020555
v -3.32114118 13.0279884 -5.15062237
v -3.66625666 13.1992819 -5.30927436
v -3.6030487 13.4040757 -4.58301484
v -3.61189781 13.3870096 -5.05770666
v -3.87547503 13.4894065 -4.89020555
v -4.04803277 13.1992819 -5.14177325
v -4.05688189 13.3016788 -4.67593055
v 0.957405974 12.8573269 -5.88636308
v 1.33855 12.8573269 -6.05386419
v 1.16599226 12.5672023 -6.31428101
v 1.55661748 12.9597238 -6.3888664
v 1.3480312 12.7378638 -6.51907481
v 1.41123916 13.1645176 -6.72386862
v 1.22035111 12.8061284 -6.81678433
v 1.07497279 13.3528773 -6.88188853
v 0.893565929 12.652533 -6.62147171
v 0.993434514 13.0279884 -6.89136973
v 0.69382876 13.3528773 -6.71438742
v 0.684979645 12.9597238 -6.80730313
v 0.475761281 13.2504804 -6.37938521
v 0.629988715 12.7037315 -6.31428101
v 0.54845044 12.9597238 -6.50959362
v 0.612290485 13.0279884 -6.05386419
v 0.902415044 12.6695992 -6.1467799
v 1.97442213 23.0217997 1.87683918
v 2.21966903 22.834072 2.1555863
v 1.87455355 22.8511382 2.39767281
v 2.37389647 22.6286462 1.82058409
v 2.12864956 22.7993077 1.69037568
v 1.95609182 22.6457123 1.44828917
v 2.19248961 22.3385216 1.58797878
v 1.84737412 22.1160296 1.55068608
v 1.73865642 22.4238523 1.48558187
v 1.51110775 22.1330957 1.79277258
v 1.44789978 22.492117 1.60694117
v 1.65648607 22.8511382 1.66256417
v 1.75635465 22.9535351 2.10944449
v 1.4567489 22.8682043 2.02537789
v 1.52943806 22.61158 2.36038011
v 1.3480312 22.3214554 2.1277748
v 1.36572943 22.5774477 1.91413187
v 4.55393918 13.4040757 4.16623167
v 4.27266374 13.438208 4.46394118
v 4.49073122 13.1303853 4.64092348
v 4.20882369 13.5747373 4.85519848
v 4.41804206 13.318745 4.9013403
v 4.49073122 13.7453988 5.10613411
v 4.65443984 13.3699434 5.1250965
v 4.89020555 13.8654939 5.1250965
v 4.86302613 13.1645176 4.81790579
v 4.92686617 13.540605 5.09728499
v 5.18096219 13.8484277 4.81790579
v 5.16263188 13.438208 4.91082149
v 5.23532104 13.7112665 4.42664848
v 4.99955533 13.1992819 4.42664848
v 5.18096219 13.4211419 4.58530047
v 4.9540456 13.540605 4.17571286
v 4.67213808 13.1992819 4.38050667
v 7.61510092 5.06757725 5.86020513
v 7.2339569 4.89691574 5.84187482
v 7.33382548 4.72562216 6.20468854
v 6.85218079 4.91398189 6.00937593
v 7.02473853 4.81095291 6.26031155
v 6.72513278 5.16997415 6.30708544
v 6.95204937 4.93104804 6.55865314
v 6.85218079 5.47779694 6.56750226
v 7.36985402 4.91398189 6.57698345
v 7.02473853 5.2211726 6.67938035
v 7.2339569 5.64845845 6.58646465
v 7.33382548 5.27237105 6.76344695
v 7.61510092 5.61432614 6.41896354
v 7.71560159 5.06757725 6.40948234
v 7.5879215 5.32356951 6.56750226
v 7.74278101 5.35770181 6.12062194
v 7.5879215 4.91398189 6.14906553
v -1.45903453 20.2027245 -2.28414116
v -1.83132944 20.3398857 -2.41434957
v -1.68595112 20.6982749 -2.28414116
v -2.01336838 20.5617457 -2.71205908
v -1.42300599 20.5276134 -2.23736726
v -1.08673961 20.2716211 -2.46112346
v -1.13224935 20.6470765 -2.32143386
v -1.01405045 20.7153411 -2.60966218
v -0.904700674 20.4593488 -2.78664448
v -1.13224935 20.9548992 -2.78664448
v -1.08673961 20.6812088 -3.084354
v -1.45903453 20.817738 -3.2145624
v -1.39519448 20.9378331 -2.46112346
v -1.42300599 20.9719654 -2.93581528
v -1.68595112 21.0060977 -2.74935178
v -1.83132944 20.7494734 -3.03821218
v -1.84081064 20.7836057 -2.56352036
v 6.88884141 13.3699434 1.69037568
v 6.47988587 13.0109222 1.56964847
v 6.87936021 12.9597238 1.63475267
v 6.7617934 12.6013346 1.81173497
v 6.47103676 12.7378638 1.74599869
v 6.57090534 12.5501361 2.17454869
v 6.24348808 12.7037315 1.96975488
v 6.21630866 12.8573269 2.2579832
v 6.41604583 12.7549299 2.50006971
v 6.13477038 13.1815837 2.2579832
v 6.42552702 13.1815837 2.5563248
v 6.54372592 13.5235388 2.3793425
v 6.18912923 13.1133191 1.85787679
v 6.30732813 13.438208 2.17454869
v 6.36168698 13.4723403 1.85787679
v 6.73398189 13.5747373 2.0158967
v 6.57090534 13.318745 1.66256417
v -1.60441285 9.5262671 7.36834717
v -1.94067922 9.64573015 7.14459098
v -2.0405478 9.23551046 7.17240248
v -2.34900267 9.71399475 7.17240248
v -2.33130444 9.38973789 7.22865757
v -2.58540046 9.6627963 7.51688589
v -2.52156042 9.25257661 7.45178169
v -2.56707015 9.5603994 7.91762439
v -2.17644493 9.0477828 7.51688589
v -2.49438099 9.28670891 7.77793479
v -2.23143586 9.45800249 8.1407485
v -2.2674644 9.09898125 7.91762439
v -1.82248033 9.38973789 8.1034558
v -1.78581971 9.0819151 7.63824518
v -1.94067922 9.1501797 7.91762439
v -1.58608254 9.42387019 7.76845359
v -1.77697059 9.25257661 7.36834717
v 1.83852501 20.8348041 -2.63747368
v 1.50225863 20.4593488 -2.86122988
v 1.46559801 20.6982749 -2.52622766
v 1.05727456 20.7153411 -2.62862457
v 1.76583585 20.6470765 -2.88904138
v 1.9289124 21.0914284 -2.96362678
v 1.84737412 20.7494734 -3.1867509
v 1.75635465 21.2791561 -3.2891478
v 1.47507921 20.5788119 -3.2613363
v 1.7019958 20.9719654 -3.37321439
v 1.35688031 21.2962223 -3.3915447
v 1.42072036 20.9030687 -3.5034228
v 0.975104204 21.159693 -3.27966661
v 1.07497279 20.6129442 -3.1772697
v 1.12996372 20.8860026 -3.3637332
v 0.884716814 20.9030687 -2.95414559
v 1.18432257 20.5446796 -2.87956019
v 3.0375801 21.7917727 0.117129431
v 3.18232634 21.3132884 -0.143287385
v 2.81951262 21.5180822 -0.11547588
v 2.77400289 21.381553 -0.506101104
v 3.27334581 21.5869789 0.0147325275
v 3.31885555 22.0648311 -0.0130789771
v 3.55525333 21.7235081 -0.0687019863
v 3.51859271 22.2019924 -0.357562386
v 3.51859271 21.4327515 -0.357562386
v 3.62794249 21.8941696 -0.329118802
v 3.46423386 22.0648311 -0.74818761
v 3.66397103 21.7235081 -0.608498007
v 3.2550155 21.7917727 -0.980792921
v 3.29167612 21.3132884 -0.692564601
v 3.43705444 21.5869789 -0.794961504
v 2.96489094 21.5180822 -0.850584513
v 3.07360864 21.2962223 -0.450478095
v 1.84737412 22.1160296 1.55068608
v 1.51110775 22.1330957 1.79277258
v 1.74750554 21.9453681 2.07215179
v 1.3480312 22.3214554 2.1277748
v 1.5932781 22.1501619 2.2579832
v 1.52943806 22.61158 2.36038011
v 1.76583585 22.3043893 2.4912206
v 1.87455355 22.8511382 2.39767281
v 2.0654416 22.1160296 2.28642679
v 1.98390332 22.5433154 2.46277701
v 2.21966903 22.834072 2.1555863
v 2.28350908 22.4579846 2.3420498
v 2.37389647 22.6286462 1.82058409
v 2.26517877 22.0989634 1.92298099
v 2.35619824 22.38972 2.03485909
v 2.19248961 22.3385216 1.58797878
v 1.96557302 21.9965665 1.83006528
v -5.86462969 13.1133191 -1.88403474
v -6.15538632 12.8402607 -1.96746925
v -6.01885712 12.8573269 -2.35872656
v -6.05551774 12.6866653 -1.59517434
v -5.82796907 12.9085253 -1.63246704
v -5.52836331 12.8402607 -1.53007014
v -5.71040225 12.4812395 -1.48329624
v -5.35580557 12.3276441 -1.64194823
v -5.31029583 12.652533 -1.66975974
v -5.21990844 12.3617764 -2.03257346
v -5.1560684 12.7549299 -1.93017655
v -5.45567415 13.0450545 -1.88403474
v -5.80078964 13.0450545 -2.20007457
v -5.49233477 13.0279884 -2.29299027
v -5.66489252 12.7207976 -2.50726527
v -5.31977703 12.5153718 -2.40486837
v -5.28311641 12.7890622 -2.23736726
v -5.35580557 12.3276441 -1.64194823
v -5.21990844 12.3617764 -2.03257346
v -5.510033 12.088718 -2.11664005
v -5.31977703 12.5153718 -2.40486837
v -5.53721243 12.2764457 -2.36757567
v -5.66489252 12.7207976 -2.50726527
v -5.84629938 12.3447103 -2.46997258
v -6.01885712 12.8573269 -2.35872656
v -5.91898854 12.1399164 -2.11664005
v -6.06436685 12.5501361 -2.33028297
v -6.15538632 12.8402607 -1.96746925
v -6.21859429 12.430041 -2.06986616
v -6.05551774 12.6866653 -1.59517434
v -5.88296 12.1740487 -1.70705244
v -6.09154628 12.4129749 -1.76267545
v -5.71040225 12.4812395 -1.48329624
v -5.57387305 12.1399164 -1.79996815
v 5.11712215 13.096253 -4.47113675
v 5.35351994 12.8061284 -4.62030754
v 5.17211308 12.5672023 -4.33144714
v 5.29031197 12.9938561 -4.98312126
v 5.00840445 12.8573269 -4.30363564
v 4.77200666 12.430041 -4.33144714
v 4.69046838 12.8402607 -4.24801263
v 4.4540706 12.7549299 -4.46228763
v 4.37253232 12.9767899 -4.68541175
v 4.42689117 12.4471072 -4.54572215
v 4.35420201 12.6354669 -4.90853586
v 4.54509007 12.8573269 -5.20687746
v 4.70879869 13.1474514 -4.51791064
v 5.09942392 13.1645176 -4.78780865
v 4.80866728 13.2504804 -4.90853586
v 4.93571529 12.9938561 -5.20687746
v 4.54509007 13.0621207 -4.95530976
v -0.650604655 23.7392101 1.80225378
v -0.850341824 23.500284 2.06267059
v -1.11391904 23.4484535 1.74599869
v -0.469197796 23.397255 2.2023602
v -0.396508636 23.5856147 1.95079249
v -0.151261732 23.500284 1.75547988
v -0.187290272 23.1583289 2.00704758
v -0.123450227 22.9535351 1.65308298
v -0.132931422 23.2607258 1.54120488
v -0.378178326 22.9023366 1.32756196
v -0.296640051 23.2948581 1.25297656
v -0.423688061 23.6368132 1.47610068
v -0.877521249 23.619747 1.60694117
v -0.787133859 23.5514824 1.29975046
v -1.04122988 23.2265935 1.39266616
v -0.759322355 23.0047335 1.19735355
v -0.614576115 23.2948581 1.19735355
v -6.45499208 5.81911995 -6.26750711
v -6.94548589 5.61432614 -6.4634518
v -6.56370978 5.64845845 -6.63095291
v -6.18256575 5.47779694 -6.61199052
v -6.77292814 5.7337892 -6.2118841
v -6.83676819 5.61432614 -5.91417459
v -7.0725339 5.35770181 -6.16511021
v -6.94548589 5.06757725 -5.90469339
v -6.77292814 5.30650335 -5.79281529
v -6.56370978 4.89691574 -5.88636308
v -6.45499208 5.2553049 -5.70938078
v -6.42781265 5.63139229 -5.8952122
v -6.20089606 5.63139229 -6.31428101
v -6.08269716 5.46009871 -6.0627133
v -6.05551774 5.16997415 -6.3515737
v -6.18256575 4.91398189 -6.05386419
v -6.20089606 5.20410645 -5.90469339
v -1.84081064 15.3173808 -6.0721945
v -1.88568829 15.4539101 -5.54187967
v -1.94952834 15.0948888 -5.73719228
v -1.80415002 14.9242273 -5.39270888
v -1.75864028 15.2320501 -5.32760467
v -1.41352479 14.9071612 -5.26250047
v -1.47736484 15.3173808 -5.17843387
v -1.17775908 15.3173808 -5.29979317
v -1.03238076 15.0436904 -5.35541618
v -1.10506992 15.5733731 -5.50458697
v -0.914181869 15.2491162 -5.69041839
v -1.05956019 15.4368439 -6.04438299
v -1.51339338 15.6245716 -5.45781308
v -1.19545731 15.6245716 -5.81177768
v -1.50454426 15.7099023 -5.8579195
v -1.45018541 15.4368439 -6.1745914
v -1.77697059 15.5221747 -5.83958919
v -4.44750711 13.096253 4.42664848
v -4.62006486 12.9938561 4.938633
v -4.6839049 12.8061284 4.57581928
v -4.50186596 12.5672023 4.28759096
v -4.33878941 12.8573269 4.25914738
v -4.10239162 12.430041 4.28759096
v -4.02085335 12.8402607 4.20352437
v -3.78445556 12.7549299 4.41779937
v -3.70291728 12.9767899 4.64092348
v -3.75727613 12.4471072 4.50123388
v -3.68458697 12.6354669 4.87352879
v -3.87547503 12.8573269 5.16238919
v -4.03855158 13.1474514 4.47342238
v -4.4291768 13.1645176 4.74332039
v -4.13842016 13.2504804 4.86467968
v -4.26610025 12.9938561 5.16238919
v -3.87547503 13.0621207 4.91082149
v -3.77560644 14.0702877 -4.89968675
v -3.8204841 13.7453988 -5.15062237
v -3.53920865 13.5747373 -4.89968675
v -4.22059052 13.8654939 -5.16010356
v -3.5935675 13.8484277 -4.74103476
v -3.6030487 13.438208 -4.50842945
v -3.61189781 13.8484277 -4.41551374
v -3.8482956 13.7283326 -4.22905024
v -4.12072193 13.9166923 -4.21071993
v -3.88432414 13.4040757 -4.21071993
v -4.28379848 13.540605 -4.22020113
v -4.56570601 13.7112665 -4.47113675
v -3.91150357 14.1214861 -4.50842945
v -4.10239162 14.0702877 -4.94582856
v -4.28379848 14.1385523 -4.68541175
v -4.51134716 13.8484277 -4.86239405
v -4.35648764 13.9508246 -4.42499493
v 3.77332081 19.3317187 1.47610068
v 4.20882369 19.1098587 1.21568386
v 3.82767966 19.2122556 1.08547545
v 4.02741683 19.3146526 0.73151085
v 4.09125688 19.2463879 1.48558187
v 3.93639736 19.6566076 1.67204537
v 4.29099405 19.4511818 1.65308298
v 4.19112546 19.9808645 1.60694117
v 4.51791064 19.365851 1.31808077
v 4.39971175 19.7419384 1.57849758
v 4.38138144 20.1003276 1.25297656
v 4.62662834 19.7590045 1.34589227
v 4.43637237 19.9808645 0.862351338
v 4.54509007 19.4341156 0.908493152
v 4.5905998 19.7248722 1.02037125
v 4.27266374 19.6395415 0.675887841
v 4.27266374 19.2463879 0.927455542
v 4.40919294 18.2382209 -0.860065708
v 4.59944892 18.4777791 -1.14829403
v 4.227154 18.6825729 -1.15777522
v 4.75430843 18.8703006 -1.20454912
v 4.18164427 18.4777791 -0.906207522
v 4.31817347 18.3412499 -0.468808405
v 4.01856772 18.580176 -0.645790706
v 4.1184363 18.7849698 -0.413185395
v 4.32702259 18.6655068 -0.198910394
v 4.14561573 19.0927926 -0.487770794
v 4.4818821 19.0415941 -0.255165483
v 4.67213808 19.2805203 -0.543393803
v 4.06344537 18.9385652 -0.860065708
v 4.37253232 19.2463879 -0.673602211
v 4.35420201 19.1951895 -0.99975531
v 4.77200666 19.1781233 -0.934651106
v 4.43637237 18.9385652 -1.16725642
v 3.06475953 10.0218175 -7.68273345
v 3.23731727 9.5603994 -7.96148057
v 3.2550155 9.6627963 -7.56137415
v 3.01924979 9.71399475 -7.21689074
v 2.9010509 9.95292086 -7.40335424
v 2.61029426 9.64573015 -7.18907924
v 2.57426572 9.98768524 -7.40335424
v 2.34671704 9.81639166 -7.54304384
v 2.31953762 9.83345781 -7.86856486
v 2.27402788 9.5262671 -7.40335424
v 2.25632965 9.42387019 -7.81294185
v 2.49209536 9.38973789 -8.14794407
v 2.66465311 10.0559498 -7.81294185
v 3.06475953 9.83345781 -7.96148057
v 2.80118231 9.85052396 -8.14794407
v 2.90990001 9.45800249 -8.17575557
v 2.51042567 9.71399475 -8.10117017
v 2.12864956 20.2027245 2.23965289
v 2.50157656 20.3398857 2.3698613
v 2.36504735 20.6982749 2.23965289
v 2.68298342 20.5617457 2.66757082
v 2.09262102 20.5276134 2.2023602
v 1.75635465 20.2716211 2.4166352
v 1.81134558 20.6470765 2.27694559
v 1.68366549 20.7153411 2.57465511
v 1.57494779 20.4593488 2.74215622
v 1.81134558 20.9548992 2.74215622
v 1.75635465 20.6812088 3.03986573
v 2.12864956 20.817738 3.17007414
v 2.0654416 20.9378331 2.4166352
v 2.09262102 20.9719654 2.89132701
v 2.35619824 21.0060977 2.70486352
v 2.50157656 20.7494734 2.99372392
v 2.51042567 20.7836057 2.5190321
v 2.73734227 13.8136634 6.32541575
v 2.88272059 13.6430019 6.66989916
v 2.49209536 13.5235388 6.73500336
v 3.21898696 13.5576711 6.43729385
v 3.0097686 13.6771342 6.21416973
v 3.0097686 13.540605 5.92530933
v 3.24616639 13.2846127 6.13010314
v 3.02809891 12.9938561 5.92530933
v 2.87387147 13.2675465 5.83239362
v 2.63747368 12.874393 5.98156442
v 2.54708629 13.2504804 5.81406331
v 2.60144514 13.6259357 5.98156442
v 2.47439713 13.660068 6.43729385
v 2.28350908 13.5064727 6.22301885
v 2.27402788 13.2334142 6.53020956
v 2.30183939 12.9597238 6.22301885
v 2.32901881 13.2334142 6.05551774
v -3.53920865 13.5747373 -4.89968675
v -3.8204841 13.1303853 -4.68541175
v -3.6030487 13.438208 -4.50842945
v -3.88432414 13.4040757 -4.21071993
v -3.74779494 13.318745 -4.94582856
v -3.8204841 13.7453988 -5.15062237
v -3.98419273 13.3699434 -5.16010356
v -4.22059052 13.8654939 -5.16010356
v -4.19341109 13.1645176 -4.86239405
v -4.25661906 13.540605 -5.14177325
v -4.51134716 13.8484277 -4.86239405
v -4.49301685 13.438208 -4.95530976
v -4.56570601 13.7112665 -4.47113675
v -4.32930822 13.1992819 -4.47113675
v -4.51134716 13.4211419 -4.62978874
v -4.28379848 13.540605 -4.22020113
v -4.00252304 13.1992819 -4.42499493
v -2.10375577 21.381553 0.471094035
v -2.29464382 21.5180822 0.806096249
v -2.05824603 21.8600373 0.759954434
v -2.58540046 21.7917727 0.936304657
v -1.98618895 21.6893758 0.489424344
v -2.1492655 21.5180822 0.080468811
v -1.94952834 21.8600373 0.210677219
v -2.17644493 21.9965665 0.0242137222
v -2.36733298 21.7917727 -0.15276858
v -2.32182325 22.270257 0.13609182
v -2.64924051 22.0648311 -0.031409287
v -2.84897768 22.2019924 0.313074122
v -2.09490665 22.1501619 0.46161284
v -2.53989073 22.3043893 0.368697131
v -2.43117303 22.270257 0.675887841
v -2.79461883 22.0648311 0.703699346
v -2.34015356 21.9965665 0.833907753
v 4.43637237 19.9808645 0.862351338
v 3.92754825 19.8614014 0.685369036
v 4.27266374 19.6395415 0.675887841
v 4.02741683 19.3146526 0.73151085
v 3.81819847 19.5706448 0.759954434
v 3.82767966 19.2122556 1.08547545
v 3.59128187 19.5365125 1.00140886
v 3.62794249 19.5706448 1.31808077
v 3.77332081 19.3317187 1.47610068
v 3.67345223 19.8784676 1.42995886
v 3.93639736 19.6566076 1.67204537
v 4.19112546 19.9808645 1.60694117
v 3.69115046 19.9467322 1.02037125
v 3.93639736 20.0661953 1.41099647
v 4.00023741 20.2027245 1.12276815
v 4.38138144 20.1003276 1.25297656
v 4.12728542 20.0491291 0.862351338
v 5.98939207 12.5153718 2.36038011
v 6.18028012 12.088718 2.07215179
v 5.88952348 12.3617764 1.98808519
v 6.02605268 12.3276441 1.59745997
v 6.21630866 12.2764457 2.32308741
v 6.33450755 12.7207976 2.47225821
v 6.51654649 12.3447103 2.42548431
v 6.68910424 12.8573269 2.31423829
v 6.59808477 12.1399164 2.08163298
v 6.73398189 12.5501361 2.2952759
v 6.82500136 12.8402607 1.92298099
v 6.88884141 12.430041 2.02537789
v 6.72513278 12.6866653 1.55068608
v 6.55257503 12.1740487 1.66256417
v 6.7617934 12.4129749 1.71818718
v 6.38001729 12.4812395 1.44828917
v 6.24348808 12.1399164 1.75547988
v -1.30480709 23.0217997 -1.92069536
v -1.5405728 22.834072 -2.20007457
v -1.20493851 22.8511382 -2.44216107
v -1.70428143 22.6286462 -1.86507235
v -1.45903453 22.7993077 -1.72538275
v -1.28647678 22.6457123 -1.49277744
v -1.52287457 22.3385216 -1.63246704
v -1.17775908 22.1160296 -1.59517434
v -1.0684093 22.4238523 -1.53007014
v -0.841492709 22.1330957 -1.83726085
v -0.777652665 22.492117 -1.65079735
v -0.986871029 22.8511382 -1.70705244
v -1.08673961 22.9535351 -2.15393275
v -0.787133859 22.8682043 -2.06986616
v -0.859823019 22.61158 -2.39538718
v -0.67778408 22.3214554 -2.17226306
v -0.69611439 22.5774477 -1.95798806
v -0.387027441 20.7153411 2.59298542
v -0.795982975 20.6982749 2.4817394
v -0.832011515 20.4593488 2.81674161
v -1.16827789 20.8348041 2.60246661
v -1.09558873 20.6470765 2.84455312
v -1.25929736 21.0914284 2.91913852
v -1.17775908 20.7494734 3.14226263
v -1.08673961 21.2791561 3.24465954
v -0.80483209 20.5788119 3.21684803
v -1.03238076 20.9719654 3.32872613
v -0.67778408 21.2962223 3.34705644
v -0.75047324 20.9030687 3.46841573
v -0.305489166 21.159693 3.23581042
v -0.396508636 20.6129442 3.13341352
v -0.450867486 20.8860026 3.31924494
v -0.214469697 20.9030687 2.90965732
v -0.514075451 20.5446796 2.84455312
v -0.187290272 13.6430019 6.41896354
v -0.0235816426 13.3528773 6.66989916
v -0.396508636 13.3528773 6.83740027
v 0.193853757 13.2504804 6.33489694
v -0.00588341237 13.4552742 6.20468854
v -0.132931422 13.3870096 5.91646022
v 0.0579566323 13.0279884 6.00937593
v -0.287158856 12.8573269 5.84187482
v -0.368697131 13.1815837 5.84187482
v -0.668934965 12.8573269 6.00937593
v -0.668934965 13.2504804 5.92530933
v -0.459716601 13.5576711 6.11177283
v -0.450867486 13.540605 6.58646465
v -0.73214293 13.4894065 6.41896354
v -0.741624125 13.1645176 6.67938035
v -0.887002444 12.9597238 6.34437814
v -0.814313284 13.2504804 6.21416973
v 3.85485909 12.8061284 4.78061309
v 4.24548431 12.4129749 4.69654649
v 4.07292657 12.7037315 4.44561087
v 4.4540706 12.7037315 4.26862857
v 4.05459626 12.6013346 4.9013403
v 3.99075621 13.0279884 5.10613411
v 4.18164427 12.6695992 5.19968189
v 4.33650378 13.1992819 5.27363521
v 4.51791064 12.4983056 5.0037372
v 4.41804206 12.874393 5.27363521
v 4.71764781 13.1992819 5.10613411
v 4.727129 12.8061284 5.1902007
v 4.93571529 13.096253 4.76228278
v 4.78148785 12.5501361 4.69654649
v 4.86302613 12.8061284 4.9013403
v 4.79033697 12.874393 4.43612968
v 4.49958033 12.5153718 4.52904539
v 1.4567489 23.5514824 -1.34360664
v 1.78353408 23.4484535 -1.79048695
v 1.71084492 23.2265935 -1.43715443
v 1.42956947 23.0047335 -1.24120974
v 1.28419115 23.2948581 -1.24120974
v 1.04779336 22.9023366 -1.37205022
v 0.966255089 23.2948581 -1.29746483
v 0.812027654 23.2607258 -1.58569315
v 0.820876769 23.500284 -1.79996815
v 0.793697345 22.9535351 -1.69757124
v 0.857537389 23.1583289 -2.04205465
v 1.13881283 23.397255 -2.24684846
v 1.0933031 23.6368132 -1.52058894
v 1.54776837 23.619747 -1.65079735
v 1.32021969 23.7392101 -1.84674204
v 1.52058894 23.500284 -2.10715886
v 1.06612367 23.5856147 -1.99528076
v -2.44002214 6.70719186 -8.12898168
v -2.03106661 6.63892726 -8.21304827
v -2.17644493 6.46826575 -8.56701288
v -1.72261174 6.75839031 -8.45513478
v -1.92234891 6.62186111 -8.6782589
v -1.72261174 7.04914695 -8.7433631
v -1.94952834 6.77608854 -8.96711929
v -1.97670776 7.33927151 -8.9298266
v -2.34015356 6.65599341 -8.8925339
v -2.10375577 7.04914695 -9.0322235
v -2.3761821 7.40816819 -8.8552412
v -2.43117303 7.04914695 -9.04170469
v -2.68526905 7.28807306 -8.61315469
v -2.66693874 6.72425801 -8.6409662
v -2.63975931 7.01501465 -8.79013699
v -2.68526905 6.9979485 -8.31544518
v -2.44887126 6.5877288 -8.43617239
v -0.64175554 21.5351484 3.01205423
v -0.305489166 21.159693 3.23581042
v -0.67778408 21.2962223 3.34705644
v -1.08673961 21.2791561 3.24465954
v -0.378178326 21.3474207 2.98424272
v -0.296640051 21.2450238 2.68653321
v -0.214469697 20.9030687 2.90965732
v -0.387027441 20.7153411 2.59298542
v -0.441386291 21.0231638 2.50006971
v -0.795982975 20.6982749 2.4817394
v -0.723293815 21.0914284 2.3698613
v -0.668934965 21.4327515 2.61194781
v -0.959691604 21.4498176 2.99372392
v -1.07725842 21.381553 2.69538232
v -1.25929736 21.0914284 2.91913852
v -1.16827789 20.8348041 2.60246661
v -1.02289957 21.1255607 2.5095509
v 7.49753411 12.0375195 -2.52622766
v 8.02405646 11.866226 -2.45164227
v 7.66061066 11.7296968 -2.30247147
v 7.31549517 11.5249029 -2.40486837
v 7.27946663 11.7979614 -2.58185067
v 7.21562659 11.3713076 -2.78664448
v 7.16126774 11.7638291 -2.87956019
v 7.30664606 11.6614322 -3.1494582
v 7.53356265 11.8491598 -3.2891478
v 7.36100491 11.3371753 -3.1772697
v 7.71560159 11.4737045 -3.3264405
v 8.06071708 11.6955645 -3.2240436
v 7.45202437 12.0545857 -2.93581528
v 7.80598898 12.0545857 -2.60966218
v 7.86034783 12.1228503 -2.92633408
v 8.16058566 11.8320937 -2.84226749
v 7.8331684 11.9180565 -3.1867509
v 7.05191796 12.7037315 -0.74818761
v 7.41536375 12.6184007 -0.571205308
v 7.29716486 12.2081811 -0.617979202
v 7.54241176 12.9426576 -0.775999114
v 7.05191796 12.3788426 -0.775999114
v 7.26998544 12.0033872 -0.971311726
v 6.94320026 12.2423134 -1.04589712
v 7.08857858 12.2423134 -1.34360664
v 7.08857858 12.5153718 -1.51173983
v 7.33382548 12.0375195 -1.38089934
v 7.47035468 12.3617764 -1.59517434
v 7.5879215 12.7719961 -1.54840045
v 6.94320026 12.652533 -1.14829403
v 7.24280601 12.9085253 -0.887877212
v 7.18844716 12.9767899 -1.21339823
v 7.60625181 12.9767899 -1.18558673
v 7.26998544 12.7890622 -1.46496593
v -6.09154628 12.6013346 -1.84674204
v -5.90065823 12.5501361 -2.21903695
v -6.27358522 12.652533 -2.37705687
v -5.74643079 12.7549299 -2.54455797
v -6.07321597 12.8231945 -2.57236948
v -5.75527991 13.1815837 -2.60018098
v -6.16423544 13.1133191 -2.66591727
v -5.8734788 13.5235388 -2.42383076
v -6.44614296 13.0279884 -2.37705687
v -6.16423544 13.3870096 -2.48893497
v -6.06436685 13.5747373 -2.06038496
v -6.39115203 13.4211419 -2.25632965
v -6.21859429 13.3699434 -1.73486394
v -6.50050181 12.9597238 -1.96746925
v -6.41833146 13.2675465 -1.96746925
v -6.20974517 12.9597238 -1.67924093
v -6.32794407 12.7037315 -2.06038496
v 2.27402788 9.5262671 -7.40335424
v 2.61029426 9.64573015 -7.18907924
v 2.71016284 9.23551046 -7.21689074
v 3.01924979 9.71399475 -7.21689074
v 3.00091948 9.38973789 -7.26366464
v 3.2550155 9.6627963 -7.56137415
v 3.19180754 9.25257661 -7.49626995
v 3.23731727 9.5603994 -7.96148057
v 2.84669205 9.0477828 -7.56137415
v 3.16462811 9.28670891 -7.82242305
v 2.90990001 9.45800249 -8.17575557
v 2.93707944 9.09898125 -7.96148057
v 2.49209536 9.38973789 -8.14794407
v 2.45606682 9.0819151 -7.68273345
v 2.61029426 9.1501797 -7.96148057
v 2.25632965 9.42387019 -7.81294185
v 2.44658563 9.25257661 -7.41283544
v 0.793697345 22.9535351 -1.69757124
v 1.04779336 22.9023366 -1.37205022
v 1.25701173 22.6457123 -1.63246704
v 1.42956947 23.0047335 -1.24120974
v 1.50225863 22.8163738 -1.49277744
v 1.71084492 23.2265935 -1.43715443
v 1.75635465 22.9023366 -1.67924093
v 1.78353408 23.4484535 -1.79048695
v 1.48392832 22.7651754 -1.96746925
v 1.76583585 23.1412628 -1.90236505
v 1.52058894 23.500284 -2.10715886
v 1.61097633 23.0900643 -2.18174426
v 1.13881283 23.397255 -2.24684846
v 1.11163341 22.8511382 -2.13497036
v 1.28419115 23.1071304 -2.23736726
v 0.857537389 23.1583289 -2.04205465
v 1.03009513 22.7651754 -1.82777965
v 4.9445644 6.50239805 7.14459098
v 4.9445644 6.26347194 7.48907439
v 4.8358467 5.95564916 7.22865757
v 5.26250047 6.50239805 7.60095248
v 4.89020555 6.19520734 7.01438257
v 5.07224449 5.7679215 6.93979717
v 5.04506507 6.12694274 6.73500336
v 5.36236905 6.05804606 6.68886155
v 5.57158742 6.29760425 6.70719186
v 5.46286972 5.7679215 6.79125845
v 5.78080578 5.98978146 6.90250447
v 5.88952348 6.29760425 7.17240248
v 5.22647193 6.4853319 6.83740027
v 5.21762281 6.60479496 7.30324297
v 5.48056795 6.67305956 7.11677947
v 5.65312569 6.4853319 7.45178169
v 5.68030512 6.4511996 6.97708987
v 5.54440799 10.7221618 -6.63095291
v 5.36236905 11.0634848 -6.78897282
v 5.26250047 11.1488156 -6.3888664
v 5.40787879 11.4907706 -6.80730313
v 5.45338852 10.8757571 -6.3610549
v 5.8983726 10.7050956 -6.40719671
v 5.66260689 10.8757571 -6.1094872
v 5.94388233 11.0464187 -6.0721945
v 6.19861043 10.9440218 -6.23969561
v 5.91670291 11.3542414 -5.9976091
v 6.23463897 11.3542414 -6.26750711
v 6.05323211 11.6955645 -6.4261591
v 5.51722857 11.2689107 -6.08167569
v 5.83516463 11.6102337 -6.20240291
v 5.51722857 11.6272999 -6.2864695
v 5.70811662 11.7126306 -6.64928322
v 5.34467082 11.4395722 -6.49126331
v 6.19861043 10.9440218 -6.23969561
v 6.08041153 10.7904264 -6.77001043
v 5.8983726 10.7050956 -6.40719671
v 5.54440799 10.7221618 -6.63095291
v 6.25296928 10.9781541 -6.56584871
v 6.23463897 11.3542414 -6.26750711
v 6.33450755 11.2859768 -6.66824561
v 6.05323211 11.6955645 -6.4261591
v 6.08041153 11.1658817 -6.96595512
v 6.1436195 11.5419691 -6.69605711
v 5.70811662 11.7126306 -6.64928322
v 5.94388233 11.5590352 -6.94699273
v 5.40787879 11.4907706 -6.80730313
v 5.68030512 11.0634848 -7.04938964
v 5.66260689 11.3883737 -6.98428543
v 5.36236905 11.0634848 -6.78897282
v 5.76247547 10.8245587 -6.85407703
v 0.475761281 8.07438014 7.80574629
v 0.103466367 8.21090935 7.69386819
v -0.0330628373 7.8518881 7.8240766
v -0.259979432 8.34743855 7.8518881
v -0.259979432 8.03961576 7.94543589
v -0.359848016 8.398637 8.2526266
v -0.368697131 7.97135116 8.24314541
v -0.205620582 8.3303724 8.64325183
v -0.0513931471 7.7153589 8.22418302
v -0.223950892 8.02254961 8.53137373
v 0.166674332 8.19384319 8.74564873
v 0.0212960126 7.83482195 8.61544032
v 0.530120131 8.05731399 8.58762882
v 0.357562386 7.69829275 8.19637151
v 0.321533846 7.8177558 8.49471311
v 0.629988715 8.02254961 8.1875224
v 0.284873227 7.83482195 7.90814319
v -4.87416087 10.7221618 6.58646465
v -5.21990844 10.7050956 6.36270845
v -5.41016442 10.7904264 6.72615425
v -5.52836331 10.9440218 6.20468854
v -5.58272216 10.9781541 6.52136044
v -5.56502393 11.3542414 6.22301885
v -5.66489252 11.2859768 6.62375734
v -5.38298499 11.6955645 6.38167084
v -5.41016442 11.1658817 6.93094805
v -5.47400446 11.5419691 6.65156885
v -5.0378695 11.7126306 6.60479496
v -5.2647861 11.5590352 6.90250447
v -4.72941463 11.4907706 6.76344695
v -5.01069008 11.0634848 7.00490137
v -4.99235977 11.3883737 6.93979717
v -4.69275401 11.0634848 6.74448456
v -5.09222835 10.8245587 6.80958876
v -4.7926226 5.7679215 -6.83574672
v -4.40199738 5.7679215 -6.98428543
v -4.58403632 5.59725999 -7.31928765
v -4.16623167 5.95564916 -7.26366464
v -4.37481795 5.8020538 -7.45897725
v -4.27494937 6.26347194 -7.53356265
v -4.48416773 5.95564916 -7.72887526
v -4.59288543 6.50239805 -7.64544075
v -4.82928322 5.7679215 -7.59866685
v -4.69275401 6.19520734 -7.73835646
v -4.98351065 6.4853319 -7.49626995
v -5.01069008 6.12694274 -7.70106376
v -5.21990844 6.29760425 -7.20804163
v -5.11055866 5.7679215 -7.29147614
v -5.16491751 6.05804606 -7.42168455
v -5.11055866 5.98978146 -6.94699273
v -4.83813233 5.64845845 -7.13345623
v 5.57601197 9.96366621 5.21674804
v 4.29984316 15.334447 2.64608011
v 6.24854472 10.525585 3.97534361
v 3.23289271 15.9330264 3.23012171
v 6.7649538 10.8972479 2.6245894
v 0.356930307 22.6861654 -0.0914568537
v 4.25875798 16.39002 1.29342966
v 7.32497636 10.5938496 1.29975046
v 5.58991773 14.04058 -0.0712303049
v 7.68589384 10.1216861 -0.042154641
v 7.60625181 9.98768524 -1.44157899
v 4.40034383 16.1169616 -1.37963518
v 7.11828632 10.1836299 -2.7550405
v 4.30300356 15.4539101 -2.56352036
v 3.05843873 16.4551242 -3.05338209
v 6.25296928 10.7050956 -3.83842502
v 5.22647193 11.0103901 -4.84343166
v 0.930226549 8.34743855 -7.89637637
v 0.702677875 7.8518881 -7.86856486
v 0.56678075 8.21090935 -7.73835646
v 0.193853757 8.07438014 -7.84075336
v 0.930226549 8.03961576 -7.98992416
v 1.03009513 8.398637 -8.29711487
v 1.03894425 7.97135116 -8.28763367
v 0.875235619 8.3303724 -8.68774009
v 0.721008185 7.7153589 -8.26867128
v 0.893565929 8.02254961 -8.57586199
v 0.502940706 8.19384319 -8.79013699
v 0.648319025 7.83482195 -8.65992859
v 0.148976102 8.05731399 -8.63211708
v 0.312052651 7.69829275 -8.24085978
v 0.348713271 7.8177558 -8.53856929
v 0.0491075172 8.02254961 -8.23137858
v 0.384741811 7.83482195 -7.95263146
v -0.414206866 17.128289 5.23697459
v -0.577915495 16.9911278 5.59978831
v -0.941361294 17.0770906 5.42280601
v -0.259979432 16.7180694 5.59978831
v -0.232800007 16.8545986 5.3020788
v -0.151261732 16.6668709 5.0505111
v -0.223950892 16.3931804 5.35770181
v -0.405357751 16.1713205 5.0505111
v -0.341517706 16.4450109 4.9013403
v -0.777652665 16.2566512 4.87352879
v -0.56906638 16.564474 4.69654649
v -0.432537176 16.9228632 4.87352879
v -0.741624125 17.128289 5.17123831
v -0.832011515 17.0252601 4.88300999
v -1.13224935 16.8716647 5.1250965
v -1.08673961 16.5303417 4.88300999
v -0.850341824 16.7180694 4.77113189
v 1.0933031 17.128289 -5.28083078
v 1.24753053 16.9911278 -5.64427658
v 1.61097633 17.0770906 -5.46729427
v 0.930226549 16.7180694 -5.63479538
v 0.902415044 16.8545986 -5.34593498
v 0.820876769 16.6668709 -5.09499936
v 0.893565929 16.3931804 -5.39270888
v 1.08445398 16.1713205 -5.09499936
v 1.01176482 16.4450109 -4.93697945
v 1.44789978 16.2566512 -4.91801706
v 1.23868142 16.564474 -4.74103476
v 1.10278429 16.9228632 -4.91801706
v 1.41123916 17.128289 -5.21572657
v 1.50225863 17.0252601 -4.91801706
v 1.80186439 16.8716647 -5.16010356
v 1.76583585 16.5303417 -4.91801706
v 1.52058894 16.7180694 -4.80613896
v -1.28647678 24.0122685 0.0709876163
v -1.550054 24.0464008 -0.42266659
v -1.58608254 24.2688928 -0.0687019863
v -1.6587717 24.5931497 -0.320269687
v -1.30480709 23.9269378 -0.245684288
v -0.887002444 24.0122685 -0.0408904817
v -1.02289957 23.8586732 -0.403704201
v -0.60509492 24.2176944 -0.273495793
v -1.23211793 24.063467 -0.692564601
v -0.795982975 24.0805331 -0.506101104
v -0.67778408 24.5419513 -0.525063493
v -0.868672134 24.2518267 -0.76651792
v -0.977389834 24.7985756 -0.664121016
v -1.39519448 24.4395544 -0.785480309
v -1.07725842 24.507819 -0.794961504
v -1.37749625 24.7815094 -0.552874998
v -1.57723342 24.3542236 -0.533912608
v 2.81951262 7.52763124 8.1502297
v 2.81003143 7.54469739 8.06616311
v 7.07024827 5.75085535 5.75780822
v 2.76452169 7.49349894 8.0105401
v 7.0070403 5.6996569 5.71166641
v 2.72849315 7.40816819 8.0383516
v 6.98870999 5.61432614 5.73947791
v 2.73734227 7.39046996 8.13126731
v 7.03421973 5.58019384 5.80458212
v 2.782852 7.44230049 8.1875224
v 7.09742769 5.63139229 5.85072393
v 7.115758 5.71672305 5.83239362
v 8.6687777 4.89691574 3.75664405
v 8.72376863 4.84571729 3.82174826
v 8.6782589 4.98224649 3.74716286
v 8.78697659 4.89691574 3.86852215
v 8.74146686 5.03344495 3.79393675
v 8.79645779 4.98224649 3.84955976
v -6.64588013 11.5249029 2.36038011
v -6.8456173 11.080551 2.6587217
v -6.54601155 11.3713076 2.74215622
v -6.68190867 11.3371753 3.13341352
v -6.87279673 11.2859768 2.39767281
v -6.99099562 11.7296968 2.2579832
v -7.17240248 11.3542414 2.2952759
v -7.35444142 11.866226 2.4166352
v -7.25457284 11.1488156 2.64924051
v -7.39995115 11.5419691 2.43496551
v -7.49033854 11.8320937 2.80726042
v -7.54469739 11.4395722 2.70486352
v -7.39046996 11.6955645 3.17955533
v -7.21791222 11.1658817 3.06767724
v -7.42713058 11.4054399 3.01205423
v -7.04535447 11.4737045 3.28195224
v -6.89997615 11.1488156 2.97476153
v -3.18461197 12.8061284 -4.81562016
v -3.57523719 12.4129749 -4.74103476
v -3.40267945 12.7037315 -4.48061794
v -3.78445556 12.7037315 -4.31311683
v -3.38498122 12.6013346 -4.94582856
v -3.32114118 13.0279884 -5.15062237
v -3.51202923 12.6695992 -5.24353808
v -3.66625666 13.1992819 -5.30927436
v -3.83881441 12.4983056 -5.04822547
v -3.74779494 12.874393 -5.31812348
v -4.04803277 13.1992819 -5.14177325
v -4.05688189 12.8061284 -5.23468896
v -4.26610025 13.096253 -4.80613896
v -4.11124074 12.5501361 -4.74103476
v -4.19341109 12.8061284 -4.94582856
v -4.12072193 12.874393 -4.48061794
v -3.82996529 12.5153718 -4.57353365
v 4.42689117 12.4471072 -4.54572215
v 4.77200666 12.430041 -4.33144714
v 4.90853586 12.1740487 -4.62978874
v 5.17211308 12.5672023 -4.33144714
v 5.17211308 12.3617764 -4.58301484
v 5.35351994 12.8061284 -4.62030754
v 5.34467082 12.4471072 -4.84343166
v 5.29031197 12.9938561 -4.98312126
v 5.00840445 12.2764457 -5.02041396
v 5.26250047 12.6695992 -5.07603697
v 4.93571529 12.9938561 -5.20687746
v 5.02673476 12.6013346 -5.28083078
v 4.54509007 12.8573269 -5.20687746
v 4.5905998 12.3276441 -5.06718786
v 4.70879869 12.5842684 -5.23468896
v 4.35420201 12.6354669 -4.90853586
v 4.61777923 12.2764457 -4.74103476
v 6.7617934 12.6013346 1.81173497
v 6.57090534 12.5501361 2.17454869
v 6.94320026 12.652533 2.3325686
v 6.41604583 12.7549299 2.50006971
v 6.74346309 12.8231945 2.52788121
v 6.42552702 13.1815837 2.5563248
v 6.83448256 13.1133191 2.621429
v 6.54372592 13.5235388 2.3793425
v 7.12460712 13.0279884 2.3325686
v 6.83448256 13.3870096 2.4444467
v 6.73398189 13.5747373 2.0158967
v 7.06139915 13.4211419 2.21184139
v 6.88884141 13.3699434 1.69037568
v 7.17011685 12.9597238 1.93246218
v 7.08857858 13.2675465 1.92298099
v 6.87936021 12.9597238 1.63475267
v 6.99755911 12.7037315 2.0158967
v -2.75795821 17.2989505 3.44060423
v -2.92166684 17.2648182 3.05882812
v -3.25730113 17.128289 3.26362193
v -3.20294228 17.4184136 2.79777923
v -3.39383033 17.3160167 3.03101662
v -3.44818918 17.7603687 2.86351551
v -3.64792635 17.5037444 3.12393232
v -3.53920865 18.0504933 3.14226263
v -3.52087834 17.3672152 3.48674604
v -3.64792635 17.7774348 3.29143343
v -3.37550002 18.0846256 3.52403874
v -3.6030487 17.7433025 3.61695445
v -3.1030737 17.9310302 3.78445556
v -3.21242348 17.3842813 3.75664405
v -3.32114118 17.691472 3.77560644
v -2.85782679 17.5890751 3.71935135
v -3.06704516 17.2306859 3.51455755
v -3.35780179 19.3146526 -0.775999114
v -3.15743255 19.2122556 -1.12996372
v -3.53920865 19.1098587 -1.26017213
v -3.1030737 19.3317187 -1.52058894
v -3.42100976 19.2463879 -1.53007014
v -3.26678233 19.6566076 -1.71590155
v -3.62074693 19.4511818 -1.69757124
v -3.51202923 19.9808645 -1.65079735
v -3.8482956 19.365851 -1.36256903
v -3.73009671 19.7419384 -1.62298584
v -3.7117664 20.1003276 -1.29746483
v -3.94816419 19.7590045 -1.39038053
v -3.76612525 19.9808645 -0.906207522
v -3.87547503 19.4341156 -0.952981416
v -3.91150357 19.7248722 -1.06485951
v -3.6030487 19.6395415 -0.71089491
v -3.6030487 19.2463879 -0.971311726
v 1.74750554 21.381553 -2.73987059
v 1.9289124 21.0914284 -2.96362678
v 1.83852501 20.8348041 -2.63747368
v 1.75635465 21.2791561 -3.2891478
v 1.69314669 21.1255607 -2.55403917
v 1.46559801 20.6982749 -2.52622766
v 1.40239005 21.0914284 -2.41434957
v 1.11163341 21.0231638 -2.54455797
v 0.966255089 21.2450238 -2.73102147
v 1.05727456 20.7153411 -2.62862457
v 0.884716814 20.9030687 -2.95414559
v 0.975104204 21.159693 -3.27966661
v 1.33855 21.4327515 -2.65643607
v 1.62930664 21.4498176 -3.03821218
v 1.31137058 21.5351484 -3.05654249
v 1.35688031 21.2962223 -3.3915447
v 1.04779336 21.3474207 -3.02873099
v -6.62754982 12.2081811 0.573490938
v -7.01817505 12.0033872 0.908493152
v -6.6003704 12.0033872 0.927455542
v -6.66357836 12.0375195 1.33704315
v -6.94548589 12.1911149 0.657557531
v -6.74574872 12.6184007 0.526717044
v -7.12689275 12.4641733 0.610783637
v -6.87279673 12.9426576 0.740992045
v -7.27227107 12.3276441 0.973597356
v -7.12689275 12.7378638 0.778284744
v -6.93663677 12.9767899 1.15057966
v -7.26342195 12.7378638 1.07599426
v -6.90945735 12.7719961 1.50454426
v -7.16355337 12.2764457 1.37370377
v -7.15470425 12.6013346 1.34589227
v -6.80010757 12.3617764 1.55068608
v -6.97266531 12.0545857 1.22516506
v -2.35848387 12.9938561 -5.9603164
v -1.96785865 12.874393 -6.02542061
v -2.12208608 12.7037315 -6.36990401
v -1.63159227 12.9597238 -6.26750711
v -1.84081064 12.8231945 -6.48178211
v -1.60441285 13.2334142 -6.57469782
v -1.84965975 12.9597238 -6.77949163
v -1.82248033 13.5235388 -6.77949163
v -2.24913409 12.8914592 -6.71438742
v -1.97670776 13.2504804 -6.87240734
v -2.21310555 13.6430019 -6.71438742
v -2.30349294 13.2675465 -6.89136973
v -2.54937192 13.5576711 -6.48178211
v -2.57655135 12.9938561 -6.48178211
v -2.52156042 13.2846127 -6.63980202
v -2.57655135 13.2846127 -6.1745914
v -2.38566329 12.8573269 -6.258658
v -0.904700674 20.4593488 -2.78664448
v -1.22263674 19.9979307 -2.74935178
v -1.08673961 20.2716211 -2.46112346
v -1.45903453 20.2027245 -2.28414116
v -1.07725842 20.2197906 -2.93581528
v -1.08673961 20.6812088 -3.084354
v -1.22263674 20.3057534 -3.2145624
v -1.45903453 20.817738 -3.2145624
v -1.51339338 20.0661953 -3.03821218
v -1.48621395 20.4934811 -3.2518551
v -1.83132944 20.7494734 -3.03821218
v -1.77697059 20.3569519 -3.1772697
v -2.01336838 20.5617457 -2.71205908
v -1.77697059 20.0491291 -2.71205908
v -1.9040186 20.3057534 -2.88904138
v -1.83132944 20.3398857 -2.41434957
v -1.48621395 20.032063 -2.56352036
v -0.759322355 23.0047335 1.19735355
v -0.58676461 22.6457123 1.58797878
v -0.378178326 22.9023366 1.32756196
v -0.123450227 22.9535351 1.65308298
v -0.832011515 22.8163738 1.44828917
v -1.04122988 23.2265935 1.39266616
v -1.08673961 22.9023366 1.63475267
v -1.11391904 23.4484535 1.74599869
v -0.814313284 22.7651754 1.92298099
v -1.09558873 23.1412628 1.85787679
v -0.850341824 23.500284 2.06267059
v -0.941361294 23.0900643 2.13725599
v -0.469197796 23.397255 2.2023602
v -0.441386291 22.8511382 2.0904821
v -0.614576115 23.1071304 2.192879
v -0.187290272 23.1583289 2.00704758
v -0.350998901 22.7651754 1.79277258
v -2.1492655 7.52763124 -8.19471796
v -2.13093519 7.54469739 -8.11065137
v -6.40063323 5.75085535 -5.80229649
v -2.08605754 7.49349894 -8.05502836
v -6.32794407 5.6996569 -5.75552259
v -2.05824603 7.40816819 -8.08283986
v -6.30961376 5.61432614 -5.78396618
v -2.06772723 7.39046996 -8.17575557
v -6.36397261 5.58019384 -5.84907038
v -2.11323696 7.44230049 -8.23137858
v -6.42781265 5.63139229 -5.8952122
v -6.44614296 5.71672305 -5.87688189
v -7.99031355 4.89691574 -3.80113232
v -8.00801178 4.98224649 -3.79165112
v -8.0446724 4.84571729 -3.86623652
v -8.07185182 5.03344495 -3.83842502
v -8.11736156 4.89691574 -3.91301042
v -8.12621067 4.98224649 -3.89404803
v -6.94548589 5.06757725 -5.90469339
v -6.56370978 4.89691574 -5.88636308
v -6.66357836 4.72562216 -6.2491768
v -6.18256575 4.91398189 -6.05386419
v -6.35512349 4.81095291 -6.30479981
v -6.05551774 5.16997415 -6.3515737
v -6.28243433 4.93104804 -6.60250933
v -6.18256575 5.47779694 -6.61199052
v -6.70023898 4.91398189 -6.62147171
v -6.35512349 5.2211726 -6.72386862
v -6.56370978 5.64845845 -6.63095291
v -6.66357836 5.27237105 -6.80730313
v -6.94548589 5.61432614 -6.4634518
v -7.04535447 5.06757725 -6.45397061
v -6.91830646 5.32356951 -6.61199052
v -7.0725339 5.35770181 -6.16511021
v -6.91830646 4.91398189 -6.19355379
v -1.74030997 7.32220536 -8.42732327
v -1.97670776 7.33927151 -8.9298266
v -1.72261174 7.04914695 -8.7433631
v -1.72261174 6.75839031 -8.45513478
v -1.76812148 7.0320808 -8.27815248
v -2.03106661 6.63892726 -8.21304827
v -1.97670776 6.9979485 -8.02658478
v -2.30349294 6.9979485 -8.03606597
v -2.45835245 7.27100691 -8.10117017
v -2.44002214 6.70719186 -8.12898168
v -2.68526905 6.9979485 -8.31544518
v -2.68526905 7.28807306 -8.61315469
v -2.06772723 7.39046996 -8.17575557
v -1.95837745 7.45936664 -8.63211708
v -2.23143586 7.5788297 -8.50127659
v -2.3761821 7.40816819 -8.8552412
v -2.49438099 7.42523434 -8.39003057
v 7.31549517 11.5249029 -2.40486837
v 7.51523234 11.080551 -2.70257789
v 7.21562659 11.3713076 -2.78664448
v 7.36100491 11.3371753 -3.1772697
v 7.54241176 11.2859768 -2.44216107
v 7.66061066 11.7296968 -2.30247147
v 7.8426496 11.3542414 -2.33976417
v 8.02405646 11.866226 -2.45164227
v 7.92418787 11.1488156 -2.69372877
v 8.06956619 11.5419691 -2.47945377
v 8.16058566 11.8320937 -2.84226749
v 8.21494451 11.4395722 -2.74935178
v 8.06071708 11.6955645 -3.2240436
v 7.88815933 11.1658817 -3.10331638
v 8.09674562 11.4054399 -3.0470613
v 7.71560159 11.4737045 -3.3264405
v 7.57022327 11.1488156 -3.01924979
v 4.4540706 12.7037315 4.26862857
v 4.79033697 12.874393 4.43612968
v 4.59944892 13.2334142 4.34321397
v 4.93571529 13.096253 4.76228278
v 4.37253232 13.0279884 4.26862857
v 4.07292657 12.7037315 4.44561087
v 4.06344537 13.096253 4.35269516
v 3.92754825 13.096253 4.64092348
v 3.85485909 12.8061284 4.78061309
v 4.00908652 13.3358111 4.84571729
v 3.99075621 13.0279884 5.10613411
v 4.33650378 13.1992819 5.27363521
v 4.27266374 13.4040757 4.53852658
v 4.28151285 13.3870096 5.0132184
v 4.54509007 13.4894065 4.84571729
v 4.71764781 13.1992819 5.10613411
v 4.727129 13.3016788 4.64092348
v -3.75727613 12.4471072 4.50123388
v -4.10239162 12.430041 4.28759096
v -4.23828875 12.1740487 4.58530047
v -4.50186596 12.5672023 4.28759096
v -4.50186596 12.3617764 4.53852658
v -4.6839049 12.8061284 4.57581928
v -4.66557459 12.4471072 4.80842459
v -4.62006486 12.9938561 4.938633
v -4.32930822 12.2764457 4.9759257
v -4.59288543 12.6695992 5.03218079
v -4.26610025 12.9938561 5.16238919
v -4.35648764 12.6013346 5.23697459
v -3.87547503 12.8573269 5.16238919
v -3.92035268 12.3276441 5.02269959
v -4.03855158 12.5842684 5.1902007
v -3.68458697 12.6354669 4.87352879
v -3.94816419 12.2764457 4.70602769
v -5.46515535 13.1815837 -2.30247147
v -5.75527991 13.1815837 -2.60018098
v -5.74643079 12.7549299 -2.54455797
v -5.8734788 13.5235388 -2.42383076
v -5.54669362 12.8573269 -2.30247147
v -5.90065823 12.5501361 -2.21903695
v -5.57387305 12.7037315 -2.01424315
v -5.80078964 12.7378638 -1.79048695
v -5.80078964 13.0109222 -1.61350465
v -6.09154628 12.6013346 -1.84674204
v -6.20974517 12.9597238 -1.67924093
v -6.21859429 13.3699434 -1.73486394
v -5.5195142 13.1133191 -1.89288386
v -5.63771309 13.438208 -2.21903695
v -5.69207194 13.4723403 -1.90236505
v -6.06436685 13.5747373 -2.06038496
v -5.89180911 13.318745 -1.70705244
v -1.80415002 14.9242273 -5.39270888
v -1.41352479 14.9071612 -5.26250047
v -1.35916594 14.6511689 -5.56969118
v -1.03238076 15.0436904 -5.35541618
v -1.08673961 14.8218304 -5.59750268
v -0.914181869 15.2491162 -5.69041839
v -0.986871029 14.9071612 -5.8952122
v -1.05956019 15.4368439 -6.04438299
v -1.35031683 14.7194335 -5.97927879
v -1.11391904 15.111955 -6.1094872
v -1.45018541 15.4368439 -6.1745914
v -1.38634537 15.0436904 -6.258658
v -1.84081064 15.3173808 -6.0721945
v -1.75864028 14.7876981 -5.9325049
v -1.68595112 15.0266242 -6.12781751
v -1.94952834 15.0948888 -5.73719228
v -1.66825289 14.7364996 -5.62531419
v 3.76383962 17.9651625 -2.86122988
v 4.1184363 17.7603687 -2.90737169
v 3.8731894 17.4184136 -2.84226749
v 4.21830489 18.0504933 -3.1867509
v 3.65512192 17.6573397 -2.85174868
v 3.60076307 17.2648182 -3.10331638
v 3.37321439 17.6061413 -3.0097686
v 3.32770466 17.572009 -3.3359217
v 3.32770466 17.8456994 -3.5034228
v 3.43705444 17.2989505 -3.48446041
v 3.52807391 17.5890751 -3.76383962
v 3.77332081 17.9310302 -3.82894382
v 3.45538475 17.9992948 -3.14060908
v 3.90921794 18.1187579 -3.1121655
v 3.71832988 18.2211548 -3.3637332
v 4.05459626 18.0846256 -3.56852701
v 3.57295156 18.0334271 -3.59633851
v 3.8731894 17.4184136 -2.84226749
v 3.93639736 17.128289 -3.30811019
v 3.60076307 17.2648182 -3.10331638
v 3.43705444 17.2989505 -3.48446041
v 4.07292657 17.3160167 -3.0748728
v 4.1184363 17.7603687 -2.90737169
v 4.31817347 17.5037444 -3.15893939
v 4.21830489 18.0504933 -3.1867509
v 4.19997458 17.3672152 -3.53123431
v 4.31817347 17.7774348 -3.3359217
v 4.05459626 18.0846256 -3.56852701
v 4.27266374 17.7433025 -3.66144272
v 3.77332081 17.9310302 -3.82894382
v 3.88203851 17.3842813 -3.80113232
v 3.99075621 17.691472 -3.81061351
v 3.52807391 17.5890751 -3.76383962
v 3.73666019 17.2306859 -3.55904581
v -1.17775908 22.1160296 -1.59517434
v -0.841492709 22.1330957 -1.83726085
v -1.07725842 21.9453681 -2.11664005
v -0.67778408 22.3214554 -2.17226306
v -0.923030984 22.1501619 -2.30247147
v -0.859823019 22.61158 -2.39538718
v -1.09558873 22.3043893 -2.53507678
v -1.20493851 22.8511382 -2.44216107
v -1.39519448 22.1160296 -2.33028297
v -1.31365621 22.5433154 -2.50726527
v -1.5405728 22.834072 -2.20007457
v -1.60441285 22.4579846 -2.38653806
v -1.70428143 22.6286462 -1.86507235
v -1.59556373 22.0989634 -1.96746925
v -1.68595112 22.38972 -2.07934735
v -1.52287457 22.3385216 -1.63246704
v -1.2953259 21.9965665 -1.87455355
v 6.72513278 12.6866653 1.55068608
v 6.19861043 12.8402607 1.48558187
v 6.38001729 12.4812395 1.44828917
v 6.02605268 12.3276441 1.59745997
v 5.98054295 12.652533 1.62527147
v 5.88952348 12.3617764 1.98808519
v 5.82568344 12.7549299 1.89516949
v 5.95336353 12.7890622 2.192879
v 5.98939207 12.5153718 2.36038011
v 6.16194981 13.0279884 2.24913409
v 6.33450755 12.7207976 2.47225821
v 6.68910424 12.8573269 2.31423829
v 6.12592127 13.0450545 1.83954648
v 6.47103676 13.0450545 2.1555863
v 6.53424472 13.1133191 1.83954648
v 6.82500136 12.8402607 1.92298099
v 6.5070653 12.9085253 1.58797878
v -0.287158856 12.8573269 5.84187482
v -0.668934965 12.8573269 6.00937593
v -0.496377221 12.5672023 6.26979274
v -0.887002444 12.9597238 6.34437814
v -0.67778408 12.7378638 6.47458655
v -0.741624125 13.1645176 6.67938035
v -0.55073607 12.8061284 6.77229606
v -0.396508636 13.3528773 6.83740027
v -0.223950892 12.652533 6.57698345
v -0.323819476 13.0279884 6.84688146
v -0.0235816426 13.3528773 6.66989916
v -0.0147325275 12.9597238 6.76344695
v 0.193853757 13.2504804 6.33489694
v 0.0491075172 12.7037315 6.26979274
v 0.121796677 12.9597238 6.47458655
v 0.0579566323 13.0279884 6.00937593
v -0.232800007 12.6695992 6.10229163
v 7.29716486 12.2081811 -0.617979202
v 7.68779008 12.0033872 -0.952981416
v 7.26998544 12.0033872 -0.971311726
v 7.33382548 12.0375195 -1.38089934
v 7.61510092 12.1911149 -0.701413716
v 7.41536375 12.6184007 -0.571205308
v 7.79713986 12.4641733 -0.655271901
v 7.54241176 12.9426576 -0.775999114
v 7.94251818 12.3276441 -1.01808562
v 7.79713986 12.7378638 -0.822773008
v 7.60625181 12.9767899 -1.18558673
v 7.94251818 12.7378638 -1.12048252
v 7.5879215 12.7719961 -1.54840045
v 7.8331684 12.2764457 -1.41819204
v 7.82431929 12.6013346 -1.39038053
v 7.47035468 12.3617764 -1.59517434
v 7.64291243 12.0545857 -1.26965332
v 3.02809891 12.9938561 5.92530933
v 2.63747368 12.874393 5.98156442
v 2.7923332 12.7037315 6.32541575
v 2.30183939 12.9597238 6.22301885
v 2.51042567 12.8231945 6.43729385
v 2.27402788 13.2334142 6.53020956
v 2.51927479 12.9597238 6.73500336
v 2.49209536 13.5235388 6.73500336
v 2.91938121 12.8914592 6.66989916
v 2.64695488 13.2504804 6.82855115
v 2.88272059 13.6430019 6.66989916
v 2.97374006 13.2675465 6.84688146
v 3.21898696 13.5576711 6.43729385
v 3.24616639 12.9938561 6.43729385
v 3.19180754 13.2846127 6.60479496
v 3.24616639 13.2846127 6.13010314
v 3.05527833 12.8573269 6.21416973
v 4.40919294 18.2382209 -0.860065708
v 4.31817347 18.3412499 -0.468808405
v 4.727129 18.3235517 -0.403704201
v 4.32702259 18.6655068 -0.198910394
v 4.64495865 18.5972421 -0.236203093
v 4.4818821 19.0415941 -0.255165483
v 4.85417701 18.8532344 -0.245684288
v 4.67213808 19.2805203 -0.543393803
v 5.01725356 18.5972421 -0.533912608
v 4.89968675 19.0586603 -0.487770794
v 4.77200666 19.1781233 -0.934651106
v 5.0627633 18.9556313 -0.74818761
v 4.75430843 18.8703006 -1.20454912
v 4.93571529 18.4265806 -0.906207522
v 4.96289471 18.7508375 -0.980792921
v 4.59944892 18.4777791 -1.14829403
v 4.70879869 18.2894194 -0.7298573
v 2.12864956 20.2027245 2.23965289
v 1.75635465 20.2716211 2.4166352
v 1.89288386 19.9979307 2.70486352
v 1.57494779 20.4593488 2.74215622
v 1.74750554 20.2197906 2.89132701
v 1.75635465 20.6812088 3.03986573
v 1.89288386 20.3057534 3.17007414
v 2.12864956 20.817738 3.17007414
v 2.18364049 20.0661953 2.99372392
v 2.15646107 20.4934811 3.21684803
v 2.50157656 20.7494734 2.99372392
v 2.44658563 20.3569519 3.13341352
v 2.68298342 20.5617457 2.66757082
v 2.44658563 20.0491291 2.66757082
v 2.57426572 20.3057534 2.84455312
v 2.50157656 20.3398857 2.3698613
v 2.16531018 20.032063 2.5190321
v -2.36733298 21.7917727 -0.15276858
v -2.5127113 21.3132884 0.0987991209
v -2.1492655 21.5180822 0.080468811
v -2.10375577 21.381553 0.471094035
v -2.60373077 21.5869789 -0.0592207916
v -2.64924051 22.0648311 -0.031409287
v -2.88500622 21.7235081 0.0242137222
v -2.84897768 22.2019924 0.313074122
v -2.84897768 21.4327515 0.313074122
v -2.95769538 21.8941696 0.294111733
v -2.79461883 22.0648311 0.703699346
v -2.994356 21.7235081 0.564009743
v -2.58540046 21.7917727 0.936304657
v -2.621429 21.3132884 0.648076336
v -2.76680732 21.5869789 0.759954434
v -2.29464382 21.5180822 0.806096249
v -2.4039936 21.2962223 0.405989831
v 4.8358467 5.95564916 7.22865757
v 5.25365135 5.59725999 7.27479938
v 5.07224449 5.7679215 6.93979717
v 5.46286972 5.7679215 6.79125845
v 5.04506507 5.8020538 7.41448899
v 4.9445644 6.26347194 7.48907439
v 5.15378277 5.95564916 7.684387
v 5.26250047 6.50239805 7.60095248
v 5.49889826 5.7679215 7.55417859
v 5.36236905 6.19520734 7.70334939
v 5.65312569 6.4853319 7.45178169
v 5.68030512 6.12694274 7.65657549
v 5.88952348 6.29760425 7.17240248
v 5.78080578 5.7679215 7.24698788
v 5.83516463 6.05804606 7.37719629
v 5.78080578 5.98978146 6.90250447
v 5.51722857 5.64845845 7.09844916
v -6.62754982 12.1057841 2.86351551
v -6.09154628 11.6955645 4.91082149
v -6.10039539 11.7808952 4.94811419
v -6.64588013 12.1911149 2.89132701
v -6.16423544 11.7979614 5.02269959
v -6.70023898 12.0375195 2.86351551
v -6.13705601 11.6272999 4.92978388
v -6.73626752 12.2081811 2.91913852
v -6.20974517 11.7126306 5.0410299
v -6.78177726 12.0545857 2.89132701
v -6.20089606 11.644366 5.0037372
v -6.80010757 12.1399164 2.91913852
v -6.09154628 12.5842684 1.11328696
v -6.16423544 12.5324379 1.09495665
v -6.1187257 12.6695992 1.13224935
v -6.20089606 12.7037315 1.12276815
v -6.24577371 12.5501361 1.08547545
v -6.27358522 12.652533 1.10380576
v -5.45567415 13.0450545 -1.88403474
v -5.36465468 13.0109222 -1.85559116
v -5.30144672 13.0791868 -1.81829846
v -5.31977703 13.1645176 -1.80944934
v -5.4013153 13.1992819 -1.83726085
v -5.46515535 13.1474514 -1.87455355
v -3.67510578 13.438208 -4.62030754
v -3.6030487 13.4040757 -4.58301484
v -3.54805777 13.4552742 -4.53624095
v -3.55753896 13.5576711 -4.52739184
v -3.69343609 13.540605 -4.62030754
v -3.63022812 13.5918034 -4.57353365
v -1.87683918 13.5747373 -5.9603164
v -1.93119803 13.6259357 -6.02542061
v -1.83132944 13.6430019 -5.90469339
v -1.84081064 13.7283326 -5.90469339
v -1.94067922 13.7112665 -6.0349018
v -1.89516949 13.7624649 -5.9697976
v 1.12996372 13.5576711 -6.15626109
v 1.14766195 13.5235388 -6.0721945
v 1.15714314 13.5747373 -5.9976091
v 1.15714314 13.660068 -5.9976091
v 1.13881283 13.660068 -6.15626109
v 1.14766195 13.7112665 -6.08167569
v 3.17347723 13.318745 -5.41167127
v 3.20065665 13.3528773 -5.48562458
v 3.1462978 13.3699434 -5.33708587
v 3.16462811 13.4723403 -5.34593498
v 3.21898696 13.4552742 -5.49510578
v 3.19180754 13.5064727 -5.42052038
v 4.8358467 13.2163481 -4.62978874
v 4.81751639 13.1303853 -4.62978874
v 4.75430843 13.096253 -4.57353365
v 4.70879869 13.1474514 -4.51791064
v 4.727129 13.2504804 -4.51791064
v 4.79033697 13.2846127 -4.57353365
v 6.12592127 13.0621207 -2.72154028
v 6.10759096 12.9767899 -2.72154028
v 6.07093034 13.1303853 -2.68424758
v 6.0349018 12.9426576 -2.68424758
v 5.98939207 13.096253 -2.65643607
v 5.97106176 13.0109222 -2.64695488
v 4.66328896 14.1556185 4.50123388
v 5.49004914 13.540605 3.44945334
v 5.40787879 13.5064727 3.43112303
v 4.58175069 14.1214861 4.46394118
v 4.69046838 14.2409492 4.47342238
v 5.33518963 13.5747373 3.39383033
v 4.53624095 14.1556185 4.39883698
v 5.50774737 13.6430019 3.43112303
v 4.63610954 14.2921477 4.40831817
v 5.36236905 13.660068 3.37486795
v 4.56342038 14.2409492 4.37102547
v 5.44453941 13.6942003 3.39383033
v 6.11644007 13.1645176 1.84839559
v 6.18912923 13.1133191 1.85787679
v 6.27129959 13.1303853 1.85787679
v 6.13477038 13.2504804 1.83954648
v 6.22578985 13.2846127 1.83954648
v 6.28899782 13.2334142 1.84839559
v 6.45270645 12.9255915 -0.180580084
v 6.38001729 12.9938561 -0.161617695
v 6.3983476 13.0791868 -0.17109889
v 6.47988587 13.1133191 -0.180580084
v 6.53424472 12.9597238 -0.189429199
v 6.55257503 13.0450545 -0.189429199
v 5.97106176 13.0109222 -2.64695488
v 6.0349018 12.9426576 -2.68424758
v 5.98939207 13.096253 -2.65643607
v 6.10759096 12.9767899 -2.72154028
v 6.07093034 13.1303853 -2.68424758
v 6.12592127 13.0621207 -2.72154028
v 1.52943806 22.9023366 1.53235577
v 2.51927479 22.5945139 0.601302442
v 1.60212722 22.9706012 1.56016727
v 2.43773651 22.5433154 0.601302442
v 1.52943806 22.8163738 1.56964847
v 2.60144514 22.5603816 0.629113947
v 1.66596726 22.9364689 1.62527147
v 2.43773651 22.4579846 0.629113947
v 1.5932781 22.7993077 1.63475267
v 2.69183253 22.2873231 -0.533912608
v 2.60144514 22.4579846 0.666406646
v 1.65648607 22.8511382 1.66256417
v 2.51927479 22.4067862 0.657557531
v 2.61029426 22.2531908 -0.496619909
v 2.61029426 22.167228 -0.468808405
v 2.69183253 22.1160296 -0.468808405
v 2.76452169 22.1501619 -0.506101104
v 2.76452169 22.2361247 -0.533912608
v 2.30183939 21.7405742 -1.91184624
v 2.30183939 21.825905 -1.94913894
v 1.33855 21.4327515 -2.65643607
v 2.24684846 21.8771035 -1.90236505
v 2.20133872 21.8600373 -1.81829846
v 2.21081992 21.7747065 -1.79048695
v 2.25632965 21.7064419 -1.82777965
v 2.30183939 21.7405742 -1.91184624
v 1.32970089 21.5010161 -2.69372877
v 1.30252146 21.5869789 -2.63747368
v 1.29304027 21.5699127 -2.54455797
v 1.32970089 21.4156853 -2.56352036
v 1.30252146 21.4839499 -2.50726527
v 0.00359778238 21.1255607 -2.84226749
v -0.0235816426 21.2108915 -2.87956019
v -0.0330628373 21.2791561 -2.82393718
v 0.0124468975 21.1255607 -2.74935178
v -0.0235816426 21.2791561 -2.73102147
v 0.00359778238 21.1938254 -2.69372877
v -1.38634537 20.8689364 -2.51674647
v -1.34083563 20.7836057 -2.47945377
v -1.30480709 20.8006718 -2.39538718
v -1.31365621 20.8689364 -2.33976417
v -1.35916594 20.9378331 -2.37705687
v -1.39519448 20.9378331 -2.46112346
v -2.34900267 20.374018 -1.76267545
v -2.42169183 20.4422826 -1.78163784
v -2.28579471 20.3910842 -1.69757124
v -2.42169183 20.5105472 -1.72538275
v -2.29464382 20.4764149 -1.65079735
v -2.35848387 20.5276134 -1.66027854
v 7.36985402 12.0375195 -2.90737169
v 6.81615225 11.6272999 -4.97364007
v 6.7617934 11.6955645 -4.94582856
v 7.29716486 12.1057841 -2.90737169
v 6.77064251 11.7808952 -4.99260246
v 7.45202437 12.0545857 -2.93581528
v 6.8705111 11.644366 -5.04822547
v 7.32497636 12.1911149 -2.93581528
v 6.83448256 11.7979614 -5.06718786
v 7.47035468 12.1399164 -2.96362678
v 6.88884141 11.7126306 -5.08551817
v 7.40651464 12.2081811 -2.96362678
v 6.92486995 12.5501361 -1.12996372
v 6.83448256 12.5324379 -1.13944491
v 6.7617934 12.5842684 -1.15777522
v 6.78897282 12.6695992 -1.17610553
v 6.94320026 12.652533 -1.14829403
v 6.8705111 12.7037315 -1.16725642
v 6.12592127 13.0450545 1.83954648
v 6.04375092 13.0109222 1.81173497
v 5.97106176 13.0791868 1.77444227
v 5.98939207 13.1645176 1.76496108
v 6.07093034 13.1992819 1.79277258
v 6.1436195 13.1474514 1.83006528
v 4.3453529 13.438208 4.57581928
v 4.27266374 13.4040757 4.53852658
v 4.21830489 13.4552742 4.49175269
v 4.227154 13.5576711 4.48290357
v 4.30869228 13.5918034 4.52904539
v 4.36368321 13.540605 4.57581928
v 2.54708629 13.5747373 5.91646022
v 2.50157656 13.6430019 5.86020513
v 2.60144514 13.6259357 5.98156442
v 2.51042567 13.7283326 5.86020513
v 2.56478452 13.7624649 5.92530933
v 2.61029426 13.7112665 5.99041354
v -0.459716601 13.5576711 6.11177283
v -0.478046911 13.5235388 6.02770624
v -0.486896026 13.5747373 5.95312084
v -0.486896026 13.660068 5.95312084
v -0.478046911 13.7112665 6.03718743
v -0.459716601 13.660068 6.12062194
v -2.50386219 13.318745 5.367183
v -2.47668276 13.3699434 5.2925976
v -2.53104161 13.3528773 5.4417684
v -2.49438099 13.4723403 5.3020788
v -2.52156042 13.5064727 5.37603212
v -2.53989073 13.4552742 5.45061751
v -4.16623167 13.2163481 4.59414959
v -4.14790136 13.1303853 4.58530047
v -4.08406131 13.096253 4.52904539
v -4.03855158 13.1474514 4.47342238
v -4.05688189 13.2504804 4.47342238
v -4.12072193 13.2846127 4.53852658
v -5.43734384 12.9767899 2.67705201
v -5.35580557 12.9426576 2.63975931
v -5.45567415 13.0621207 2.67705201
v -5.30144672 13.0109222 2.60246661
v -5.39246619 13.1303853 2.63975931
v -5.31977703 13.096253 2.61194781
v -3.91150357 14.1214861 -4.50842945
v -4.66557459 13.5747373 -3.4383186
v -3.86599383 14.1556185 -4.44332524
v -4.73826375 13.5064727 -3.4756113
v -3.99304184 14.1556185 -4.54572215
v -4.69275401 13.660068 -3.41935621
v -3.89317326 14.2409492 -4.41551374
v -4.81980202 13.540605 -3.49394161
v -4.01137215 14.2409492 -4.51791064
v -4.77429229 13.6942003 -3.4383186
v -3.96586242 14.2921477 -4.45280644
v -4.83813233 13.6430019 -3.4756113
v -5.44682504 13.1645176 -1.88403474
v -5.46515535 13.2504804 -1.88403474
v -5.5195142 13.1133191 -1.89288386
v -5.54669362 13.2846127 -1.88403474
v -5.61938278 13.2334142 -1.89288386
v -5.60105247 13.1303853 -1.90236505
v -5.71040225 12.9938561 0.126610625
v -5.72810048 13.0791868 0.126610625
v -5.81027084 13.1133191 0.13609182
v -5.88296 13.0450545 0.15442213
v -5.77361022 12.9255915 0.13609182
v -5.86462969 12.9597238 0.145573015
v -5.39246619 13.1303853 2.63975931
v -5.31977703 13.096253 2.61194781
v -5.45567415 13.0621207 2.67705201
v -5.30144672 13.0109222 2.60246661
v -5.43734384 12.9767899 2.67705201
v -5.35580557 12.9426576 2.63975931
v -2.09490665 22.2361247 0.489424344
v -1.63159227 21.825905 1.90465068
v -1.63159227 21.7405742 1.86735798
v -2.09490665 22.1501619 0.46161284
v -0.668934965 21.4327515 2.61194781
v -1.93119803 22.5603816 -0.673602211
v -2.01336838 22.2873231 0.489424344
v -0.65945377 21.5010161 2.64924051
v -1.57723342 21.8771035 1.85787679
v -1.93119803 22.4579846 -0.701413716
v -0.995720144 22.9364689 -1.66975974
v -0.932512179 22.9706012 -1.60465554
v -0.986871029 22.8511382 -1.70705244
v -1.84965975 22.5945139 -0.645790706
v -0.859823019 22.9023366 -1.57684403
v -1.76812148 22.5433154 -0.636309512
v -0.859823019 22.8163738 -1.61350465
v -1.84965975 22.4067862 -0.701413716
v -0.923030984 22.7993077 -1.67924093
v -1.76812148 22.4579846 -0.664121016
v -1.94067922 22.2531908 0.452763725
v -2.01336838 22.1160296 0.433801335
v -1.94067922 22.167228 0.42432014
v -1.53172369 21.8600373 1.78329139
v -1.58608254 21.7064419 1.78329139
v -1.63159227 21.7405742 1.86735798
v -1.5405728 21.7747065 1.74599869
v -0.632274345 21.5869789 2.59298542
v -0.65945377 21.4156853 2.5190321
v -0.632274345 21.4839499 2.46277701
v -0.62342523 21.5699127 2.5095509
v 0.69382876 21.2108915 2.83507192
v 0.666649335 21.1255607 2.79777923
v 0.65716814 21.1255607 2.70486352
v 0.666649335 21.1938254 2.64924051
v 0.702677875 21.2791561 2.77944892
v 0.69382876 21.2791561 2.68653321
v 1.97442213 20.8006718 2.35153099
v 2.01993186 20.7836057 2.43496551
v 1.98390332 20.8689364 2.2952759
v 2.0654416 20.8689364 2.47225821
v 2.02878098 20.9378331 2.3325686
v 2.0654416 20.9378331 2.4166352
v 2.95540975 20.3910842 1.65308298
v 3.01924979 20.374018 1.71818718
v 2.96489094 20.4764149 1.60694117
v 3.09193895 20.4422826 1.73714957
v 3.02809891 20.5276134 1.61579028
v 3.09193895 20.5105472 1.69037568
v 5.1310279 5.09286043 6.87026841
v 3.34919537 5.40257946 7.13194938
v 3.48698873 5.5909392 7.46947992
v 4.93129073 4.90513278 6.56750226
v 6.63664163 4.26483609 6.14906553
v 2.95414559 5.54858986 6.17308455
v 6.38254561 4.07647636 5.89244119
v 7.78323411 4.01706087 4.92472725
v 4.42057037 5.04545446 5.81785579
v 7.48362836 3.82870113 4.72246176
v 8.46588013 4.30718543 3.3856133
v 5.6341633 4.38935578 5.05936021
v 8.13151 4.11945777 3.24465954
v 8.57839031 5.09286043 1.71818718
v 3.28851572 5.84187482 4.17255246
v 6.86482238 4.09796706 4.0037872
v 8.22189739 4.90513278 1.6461301
v 8.50317283 5.58398632 -0.0162393754
v 3.89973674 5.7028173 3.07273387
v 7.5816007 4.27494937 3.04681861
v 8.13846287 5.39625867 -0.016871455
v 8.62390005 4.99046353 -1.75825089
v 5.60824804 5.28122017 2.25355865
v 7.39008057 4.90513278 1.76180068
v 0.389798448 7.53964076 -0.0516358358
v 8.2648788 4.80273587 -1.68809005
v 8.56006 4.08090091 -3.45791307
v 4.83774294 6.05172526 -0.0282488887
v 2.04521505 6.36144429 3.97028698
v 1.32338009 5.67690203 5.06884141
v 5.67840888 5.0846434 -2.33976417
v 1.68619381 4.81853787 7.06431686
v 0.286769465 4.03728742 7.44798921
v 7.13029583 5.46641951 -0.0200318533
v 7.4387507 4.77934893 -1.81640222
v 8.22189739 3.89317326 -3.32075178
v 7.93303699 3.62390733 -5.06718786
v 7.66945977 4.04234406 -3.13239205
v 7.62900668 3.43617967 -4.86681861
v 6.78897282 3.88685246 -6.29342238
v 6.98934207 3.75411574 -4.13487037
v 6.53045225 3.69849273 -6.03743012
v 5.17211308 5.13584185 -6.84459583
v 3.97305798 5.51572172 -3.15641108
v 5.76184339 4.05877813 -5.18917923
v 4.96984759 4.94811419 -6.54246176
v 3.41745997 6.05614982 -7.27061752
v 3.31253475 5.8703184 -4.16394604
v 4.45470268 5.0846434 -5.79660777
v 3.27903453 5.86842216 -6.93308698
v 1.86127987 5.33241862 -8.12013256
v 2.89220178 5.96133787 -5.99887326
v 1.79048695 5.14405888 -7.7617434
v 0.305731855 4.05119317 -8.88431686
v 0.305731855 3.86409759 -8.51897482
v -1.44512877 3.29965047 -9.05561045
v 2.00855443 6.61617239 -3.87192524
v 1.62804248 5.2647861 -6.87683189
v 1.28103075 6.00115889 -4.93950777
v -1.37243962 3.11571529 -8.69722128
v -3.1744987 3.07083763 -8.65171155
v 0.239995571 4.17192038 -7.39703345
v 0.0402584021 5.46831575 -4.76126131
v -1.47483652 3.33757525 -7.75731885
v -1.92677347 4.37165755 -5.65565401
v -2.67262745 5.52393875 -3.61340466
v -3.65740755 6.10355579 -2.85174868
v -3.03291285 2.88943077 -8.31418102
v -2.79714715 3.08663963 -7.75163013
v -3.72567215 3.3824529 -6.80477481
v -4.46141286 3.17576286 -7.38944849
v -4.66557459 3.35906595 -7.69158256
v -4.66367835 4.27052481 -5.32191596
v -5.49991973 3.97723985 -6.06208122
v -5.75907238 4.16433543 -6.3174414
v -6.29570801 5.48601398 -4.671506
v -5.9916777 5.29828632 -4.47113675
v -6.7432204 6.3083496 -2.97500422
v -6.40505779 6.12125402 -2.83784293
v -5.25593698 5.40573986 -3.96610511
v -5.48158942 6.19015071 -2.4566989
v -3.38750954 6.77039982 -1.58822146
v -4.4323372 6.19520734 -0.878396018
v -6.33552902 5.52962747 -1.22035111
v -6.81906996 4.52398875 0.1367239
v -4.21047724 5.78688389 0.306121246
v -7.14206266 3.79772923 1.79277258
v -4.97655778 5.05872813 2.1277748
v -8.10155957 3.50001972 1.72766838
v -7.93153014 4.22375091 0.080468811
v -8.45805249 3.68395489 1.79719714
v -8.29687218 4.40578985 0.080468811
v -7.99094563 3.66056795 3.42037768
v -7.65657549 3.47347237 3.2832164
v -6.83676819 4.54674362 4.66873499
v -7.0630527 3.76991773 3.01268631
v -6.53653035 4.35838388 4.46899782
v -5.43165513 5.30018256 5.80078964
v -5.99673433 4.43992216 3.78382348
v -5.17692703 5.1124549 5.54542946
v -4.21616596 4.87984959 7.07506221
v -2.77439228 5.92783765 3.17513078
v -4.01390047 4.69148986 6.77482438
v -2.93746883 4.07458012 8.19510735
v -4.44877127 5.22243676 4.82549074
v 0.106626765 5.48032526 4.75027326
v -1.70428143 5.0505111 5.37603212
v -2.79588299 3.88685246 7.8613693
v -1.34526019 3.67510578 8.86700802
v -3.33504693 4.68769738 6.27484938
v -1.34462811 3.78382348 7.54912195
v 0.346817032 3.68142658 8.59015714
v -1.27257103 3.48737812 8.5105151
v 0.346184953 3.86978631 8.95486709
v -2.54557944 4.02274959 7.34243191
v -7.56745226 5.61432614 -1.45106018
v -6.40505779 6.12125402 -2.83784293
v -6.7432204 6.3083496 -2.97500422
v -7.2090631 5.43039097 -1.38089934
v -8.29687218 4.40578985 0.080468811
v -5.48158942 6.19015071 -2.4566989
v -7.93153014 4.22375091 0.080468811
v -6.33552902 5.52962747 -1.22035111
v -6.81906996 4.52398875 0.1367239
v 0.305731855 4.05119317 -8.88431686
v 1.86127987 5.33241862 -8.12013256
v 2.38653806 5.89307327 -7.85655535
v 1.90995001 5.43734384 -8.25286929
v 3.46739426 6.54601155 -7.43053367
v 3.59886683 6.28306641 -7.3022215
v 1.41439956 5.05619981 -8.64412659
v 5.42557702 5.46831575 -6.98934207
v 5.25365135 5.34506021 -6.96595512
v 3.41745997 6.05614982 -7.27061752
v 5.17211308 5.13584185 -6.84459583
v 6.89136973 4.19720357 -6.39771552
v 6.78897282 3.88685246 -6.29342238
v 6.95078521 4.52146043 -6.41098919
v 8.0537642 3.9570133 -5.15062237
v 7.93303699 3.62390733 -5.06718786
v 5.77764538 5.42027769 -6.81678433
v 8.10496265 4.34068565 -5.15947149
v 8.69342881 4.37165755 -3.51669648
v 8.56006 4.08090091 -3.45791307
v 8.62390005 4.99046353 -1.75825089
v 8.77812748 4.72688632 -3.52364935
v 8.76422173 5.1870403 -1.78859071
v 8.50317283 5.58398632 -0.0162393754
v 6.92234163 4.87289672 -6.23906353
v 6.38064937 5.55554274 -6.18786508
v 5.07730113 6.09660292 -6.85281287
v 8.01710358 4.82422658 -5.01788564
v 4.43321197 6.79884341 -6.98744583
v 8.86156199 5.48158942 -1.79238319
v 8.76548589 5.21169141 -3.42820532
v 8.64349451 5.84061066 -0.142655305
v 7.80472482 5.35706973 -4.81056352
v 8.74209894 6.0226496 -0.0333055259
v 8.87104319 5.97271531 -1.74434514
v 8.70859872 5.7679215 1.24349537
v 8.6005131 5.72936464 -3.27587413
v 8.7465235 6.48343566 -0.00549402133
v 8.72756111 6.50808677 -1.62804248
v 8.2275861 6.18319783 -3.1121655
v 7.4792038 5.88738455 -4.62030754
v 7.83190424 6.53716243 -2.95730599
v 8.36474739 6.93410845 -1.42767323
v 8.80783522 5.76602526 1.68405488
v 8.60430558 7.02449584 0.0526573064
v 8.80277859 6.11809363 1.74852701
v 8.76422173 5.04229406 3.40078321
v 8.71618367 5.45440999 1.84649935
v 8.72629695 5.02775623 2.39767281
v 8.57839031 5.09286043 1.71818718
v 8.46588013 4.30718543 3.3856133
v 8.60114518 4.56191353 3.6649925
v 8.63970204 5.46389119 3.42353808
v 8.64855115 6.61111575 1.68595112
v 8.46019142 5.94047924 3.24023498
v 8.10812305 6.39051995 3.13025312
v 8.29901111 7.0320808 1.74410245
v 7.66882769 6.69834274 3.18334781
v 8.26424672 7.44735713 0.251762396
v 7.90269716 7.34685646 1.79909338
v 7.50891154 6.93031597 2.8420248
v 7.9450465 7.25014828 -1.28419115
v 7.8704611 7.75517992 0.37185753
v 7.58981774 7.54659363 1.67014913
v 7.21941906 7.05736398 2.85719471
v 7.33382548 7.6812266 1.44828917
v 7.5506288 7.94859629 0.234696246
v 7.28389119 8.07185182 -0.0162393754
v 7.631535 7.45494208 -1.33665376
v 7.36985402 7.60411288 -1.48835288
v 7.60056309 6.75649407 -2.83089006
v 7.2927403 6.88670248 -2.9225416
v 7.23964561 6.51377549 -3.94714272
v 7.22826818 6.30898168 -4.36115489
v 6.18344052 6.60226664 -5.47867171
v 6.87936021 6.55486066 -4.37442856
v 6.27382791 6.20026398 -5.78396618
v 6.56458455 6.51377549 -4.78464825
v 6.7523122 6.52831332 -4.27582413
v 5.81304184 6.78493766 -5.52670976
v 4.76505378 6.86394761 -6.76432172
v 3.25059094 7.52447085 -7.2927403
v 4.76568586 7.27543146 -6.43500822
v 3.23289271 7.07948677 -7.46845845
v 1.77910952 5.67879827 -8.39951177
v 0.0920889333 4.57645136 -9.15547903
v 1.86127987 6.27611354 -8.20167084
v 0.186900881 4.21679804 -9.10807306
v -1.47294028 3.65803963 -9.18329054
v -1.44512877 3.29965047 -9.05561045
v -1.62527147 3.97913609 -9.26230049
v -3.5221425 3.780031 -8.82237306
v -3.10370578 3.39951905 -8.87673191
v -2.02853829 4.22501507 -9.2433381
v -3.1744987 3.07083763 -8.65171155
v -4.24460954 3.46146286 -8.19471796
v -4.66557459 3.35906595 -7.69158256
v -5.75907238 4.16433543 -6.3174414
v -4.7894622 3.72820047 -7.82115889
v -5.47400446 3.87737127 -7.43748654
v -6.27358522 4.351431 -6.32565844
v -6.29570801 5.48601398 -4.671506
v -6.6003704 5.56312769 -4.75304427
v -6.32478367 4.52651707 -6.52223521
v -5.16302127 4.02338167 -7.80914938
v -6.72805049 5.61685446 -4.97743255
v -6.92273102 6.38483124 -3.03315554
v -6.9138819 6.72489009 -3.26639293
v -6.50366221 5.62570358 -5.48878498
v -5.99483809 4.94305756 -6.72197238
v -5.7028173 5.82544075 -6.34462083
v -6.382935 6.37851044 -4.8731394
v -4.7926226 4.49112061 -7.94062194
v -3.32746197 4.25598698 -8.87230735
v -4.44813919 5.11687946 -7.7958757
v -3.03228078 4.75785822 -8.70859872
v -1.49632723 4.57897968 -9.13146
v -2.84897768 5.32483366 -8.24591641
v -1.27509935 5.0846434 -8.75284429
v -4.21363764 5.73821376 -7.33825004
v -2.56138144 5.85830889 -7.758583
v -1.00456926 5.62380734 -8.32619053
v 0.348081191 5.30587128 -8.76864628
v 1.82398717 6.83044739 -7.96400889
v 0.425826988 5.8425069 -8.42605911
v 0.655271901 6.30708544 -8.10369849
v 1.83157213 7.32220536 -7.60119517
v 1.09077478 6.88291 -7.68146929
v -0.325715715 6.07953677 -8.07083035
v 3.20192081 8.01559673 -6.92423787
v 1.93965775 7.77793479 -7.18655092
v 4.62093962 7.69702859 -6.11896839
v 3.1494582 8.41507107 -6.52792393
v 4.51791064 7.79247262 -5.9325049
v 2.20449912 8.22228678 -6.79529362
v 3.15641108 8.58699674 -6.26687503
v 4.43637237 7.72357594 -5.81177768
v 5.78712658 6.73753168 -5.31622724
v 2.96678718 8.44983545 -6.19418587
v 1.78606239 7.75391576 -7.03864428
v 1.3353896 7.36202638 -7.27946663
v 1.64763695 7.87780337 -6.89579428
v 0.325958404 6.86521177 -7.51143986
v 0.53138429 6.60732327 -7.78829075
v -1.11265488 6.17498079 -7.82431929
v -1.70744183 6.12694274 -7.68589384
v -1.14994758 6.27168898 -7.63595955
v -2.60689117 6.09028212 -7.28705159
v -2.79651507 6.04666862 -7.39703345
v -3.87041839 6.3146704 -6.48178211
v -3.95258875 6.3361611 -6.60250933
v -4.81095291 6.94675005 -5.33582171
v -4.05877813 6.19710358 -6.84712415
v -4.91334981 7.00300513 -5.44011485
v -5.29702216 7.98841731 -3.96420887
v -5.27489937 6.44361464 -6.06397746
v -5.41711729 8.05731399 -4.04574714
v -5.69523234 8.63566687 -2.54202966
v -5.05556773 6.89175912 -5.64806905
v -6.27800978 7.15723257 -4.55709958
v -5.93731885 7.56176355 -4.45723099
v -5.60737327 7.96755868 -4.18922922
v -5.82923323 8.70519563 -2.59765266
v -6.50050181 7.07190182 -4.19491794
v -6.97076907 7.7463308 -2.88019227
v -6.54537947 8.25009828 -2.79359736
v -6.5163038 8.15528634 -1.27407788
v -6.3734538 8.08259718 -1.24626637
v -6.07511221 8.62618568 -2.6741343
v -6.81970204 8.06995558 -1.30694602
v -7.10476996 7.19768567 0.0602422622
v -6.95812748 7.12183611 0.0602422622
v -7.44293257 7.66858501 -1.34866328
v -7.43977217 7.09971332 0.0615064215
v -7.08454341 7.28238434 -2.85870156
v -7.22233677 6.62186111 1.54120488
v -7.07695845 6.54537947 1.51339338
v -7.98336067 7.08138301 -1.39796549
v -8.14959762 6.65409717 0.0652988994
v -7.53584828 6.5163038 1.57849758
v -7.00806177 6.47205823 3.18840445
v -8.18562616 6.04540447 1.63475267
v -6.91641022 6.50366221 2.85593055
v -6.68317283 6.52199252 2.88879869
v -6.2337642 6.91830646 3.69153985
v -5.72810048 7.21980845 3.96143786
v -4.55875313 7.81585956 4.93168012
v -8.76461112 6.0163288 0.069723457
v -5.83808234 7.24382748 4.11882569
v -8.03771952 6.43855801 -1.45295642
v -7.8613693 5.91646022 -1.48961704
v -7.70840602 5.69080778 -1.4814
v -8.81517749 5.34189982 0.0741480145
v -8.76587528 5.40573986 1.70238519
v -8.61038368 4.80716043 0.0406477931
v -7.72673633 5.88296 3.0531394
v -8.87143258 4.79388676 1.77633851
v -8.09839917 5.36971132 3.23138586
v -6.95180668 6.20658478 4.01453255
v -8.46184497 4.58846087 -0.0687019863
v -7.56745226 5.61432614 -1.45106018
v -8.29687218 4.40578985 0.080468811
v -8.68623324 4.18456198 1.23148585
v -8.7589224 4.34258189 1.67836617
v -8.29750426 4.29201552 3.54173697
v -8.23619253 4.85899096 3.38687746
v -8.59584585 4.05941021 1.84397103
v -8.50798678 3.81479538 2.4381259
v -8.45805249 3.68395489 1.79719714
v -7.99094563 3.66056795 3.42037768
v -8.21975846 3.87168255 3.52972746
v -7.42713058 4.38998786 4.35269516
v -6.83676819 4.54674362 4.66873499
v -5.43165513 5.30018256 5.80078964
v -6.96760867 4.92093477 4.73320711
v -6.49734141 5.32925822 5.13141729
v -6.89807991 5.25783322 4.85835888
v -5.3608622 5.79004429 6.13073522
v -5.41901353 5.5473257 6.00115889
v -6.94106133 5.60105247 4.63839517
v -6.87532505 6.02833831 4.38619538
v -5.29639008 7.00995801 5.35896597
v -6.1654996 6.83107947 4.34827061
v -5.40573986 6.3519631 5.74074207
v -5.38108875 7.46315912 4.74774494
v -4.23323211 5.04482238 7.41385691
v -4.29517592 4.94811419 7.19831775
v -5.43165513 5.30018256 5.80078964
v -4.21616596 4.87984959 7.07506221
v -2.84265688 4.23765667 8.59205337
v -3.13910224 4.15359007 8.28233435
v -3.88748454 5.19841773 7.81522748
v -2.93746883 4.07458012 8.19510735
v -1.96469825 3.7863518 8.81075293
v -1.34526019 3.67510578 8.86700802
v 0.346184953 3.86978631 8.95486709
v -4.0998633 5.80711044 7.36581885
v -4.05245733 6.44298257 6.90250447
v -2.7984113 5.56375977 8.40432572
v -1.39076992 3.79772923 9.00796178
v -2.83254361 4.88237791 8.6255536
v -0.799143373 3.91719228 9.20769895
v -1.32756196 4.75975446 9.18557617
v -1.25740112 5.39120203 9.02755625
v -1.23148585 4.23765667 9.17609497
v 0.573733626 4.56064937 9.22855758
v 0.356298227 4.0783726 9.22223678
v 1.41755996 4.65166884 8.75512992
v 1.92448784 4.84571729 8.32657992
v 3.48698873 5.5909392 7.46947992
v 0.34997743 5.02269959 9.2620578
v 0.353137829 5.57450513 9.10087749
v 1.93460111 5.18451198 8.4732224
v 2.47123673 5.60863743 8.1875224
v 0.355666147 6.17118832 8.58573258
v 1.86317611 6.40126531 8.48712815
v 1.9225916 5.86210137 8.6223932
v 2.09009271 5.52077836 8.50798678
v -1.19356107 6.03718743 8.49471311
v 0.530120131 6.71161642 7.96123788
v 1.80881726 6.90819319 8.05921023
v -1.1398343 6.50808677 7.91762439
v -2.70612768 6.22175469 7.89613368
v -2.80662834 6.8892308 7.18694031
v -3.98861729 6.99858058 6.47079407
v 3.25691174 7.19010071 7.54785779
v 3.41429957 6.62122903 7.65088678
v -4.15106176 7.36771509 6.11493323
v 3.77205665 6.07131973 7.54848987
v -4.82928322 7.52257461 5.45504207
v -4.63270645 7.83608611 5.25656906
v -4.4260164 7.6376131 5.6623642
v -3.86852215 7.45367792 6.22428301
v -3.9538529 7.6812266 5.91646022
v -3.58787879 7.51878213 6.1623392
v -3.2364425 7.27100691 6.46194495
v -3.52087834 7.48464983 5.99989473
v -2.42295599 6.85067394 6.93094805
v -2.38882369 6.8550985 7.14901553
v -1.1025416 6.61364407 7.63129231
v -1.07283386 6.53653035 7.48907439
v 0.24315597 6.67242748 7.76971775
v 0.358826546 6.69265403 7.56808434
v 1.26902124 7.15723257 7.42713058
v 1.7019958 7.46758368 7.06115646
v 3.02936307 8.06110647 6.35449141
v 1.71084492 7.5074047 7.23118589
v 2.17163098 7.7836235 7.07632637
v 1.87328939 7.37277173 7.52636708
v 3.02620267 7.66100005 7.27227107
v 2.65517191 7.78235934 7.13384562
v 3.03694802 8.11040868 6.68190867
v 3.86623652 7.84367107 6.58140801
v 4.51791064 7.26152571 6.64271973
v 5.78712658 6.96191996 5.63708101
v 4.46418387 7.6875474 6.05614982
v 4.9540456 7.42523434 5.76412902
v 4.4136175 7.67237748 5.83681818
v 5.67588056 7.02133544 5.20663477
v 4.8516487 6.64335181 6.73310712
v 5.85223078 6.97772195 5.3703434
v 6.17648764 6.36586885 5.72683632
v 6.44638565 5.73884584 5.90887526
v 5.14935821 6.00937593 6.79252261
v 6.59492437 6.76471111 4.68453698
v 6.97164384 6.62249319 4.45382791
v 7.33129716 6.22491509 4.49238477
v 7.66882769 6.69834274 3.18334781
v 6.85281287 6.71730513 4.22501507
v 7.06708787 6.74132416 3.78129516
v 6.63916995 6.82728699 4.16180711
v 7.21941906 7.05736398 2.85719471
v 7.50891154 6.93031597 2.8420248
v 8.10812305 6.39051995 3.13025312
v 7.63785579 5.68259075 4.68643322
v 8.46019142 5.94047924 3.24023498
v 8.63970204 5.46389119 3.42353808
v 7.85402703 5.10613411 4.92472725
v 8.76422173 5.04229406 3.40078321
v 6.7649538 5.07010557 6.09154628
v 7.9513673 4.59857415 5.0878038
v 5.69294671 5.38045667 6.76344695
v 6.79718986 4.61437614 6.27990602
v 7.90396132 4.26483609 5.05493565
v 8.60114518 4.56191353 3.6649925
v 5.37374649 5.25593698 6.9947881
v 6.73967061 4.38303499 6.26536818
v 7.78323411 4.01706087 4.92472725
v 8.46588013 4.30718543 3.3856133
v 6.63664163 4.26483609 6.14906553
v 5.1310279 5.09286043 6.87026841
v 5.21256618 5.16554959 6.99099562
v 3.67345223 5.83365778 7.5320558
v 3.41745997 6.05614982 -7.27061752
v 3.59886683 6.28306641 -7.3022215
v 2.38653806 5.89307327 -7.85655535
v 1.86127987 5.33241862 -8.12013256
v 5.78712658 6.73753168 -5.31622724
v 5.81304184 6.78493766 -5.52670976
v 6.56458455 6.51377549 -4.78464825
v 6.7523122 6.52831332 -4.27582413
v -5.43165513 5.30018256 5.80078964
v -6.96760867 4.92093477 4.73320711
v -6.49734141 5.32925822 5.13141729
v -5.41901353 5.5473257 6.00115889
v -6.7432204 6.3083496 -2.97500422
v -6.29570801 5.48601398 -4.671506
v -6.6003704 5.56312769 -4.75304427
v -6.92273102 6.38483124 -3.03315554
v -7.70840602 5.69080778 -1.4814
v -7.56745226 5.61432614 -1.45106018
v 1.92448784 4.84571729 8.32657992
v 0.346817032 3.68142658 8.59015714
v 0.346184953 3.86978631 8.95486709
v 1.854327 4.65735755 7.96882284
v 3.48698873 5.5909392 7.46947992
v 0.286769465 4.03728742 7.44798921
v 3.34919537 5.40257946 7.13194938
v 1.68619381 4.81853787 7.06431686
v 2.95414559 5.54858986 6.17308455
v -3.78888012 9.57746555 6.25588699
v -4.6434518 9.61602241 5.07895468
v -4.84824561 9.76076865 5.28438057
v -3.62769981 9.43208723 6.0163288
v -2.48426772 9.65205095 6.9170423
v -3.94121131 9.81828789 4.45951662
v -2.3730217 9.50604055 6.65156885
v -1.0684093 9.87643922 7.23308213
v -3.02279958 9.5603994 5.53784451
v -1.01152214 9.72663635 6.95180668
v 0.403072121 10.02561 7.30513921
v -2.20741683 9.5540786 6.23123588
v 0.403072121 9.8739109 7.01817505
v 1.87455355 9.87643922 7.23308213
v -1.11328696 9.77909896 6.21859429
v -1.53172369 10.2348284 4.58277216
v -2.24470953 10.7171052 3.01079007
v 1.81766638 9.72663635 6.95180668
v 3.27903453 9.68175869 6.90629695
v 0.401807962 10.0110722 6.11493323
v -3.23012171 10.8473136 2.46909781
v -4.652933 10.2645361 3.44060423
v -5.00500136 10.612812 2.15495422
v 0.428987387 12.0861897 -0.0219280922
v 0.397383404 10.724058 3.98103233
v -3.19535732 11.1399664 1.19672147
v 2.31511306 10.294876 4.56191353
v 1.91374248 9.79426887 6.21353765
v 3.16778851 9.53574829 6.6408235
v 4.54951462 9.6969286 6.21416973
v -5.75275159 10.1665638 0.8945874
v -5.78688389 10.5338021 2.54937192
v 2.99586284 9.60085249 6.21480181
v 4.38833431 9.55155028 5.97461154
v 5.57601197 9.96366621 5.21674804
v 5.37121817 9.81765581 5.01195424
v 3.78975488 9.66469254 5.50118389
v 4.67782679 9.99653436 4.40073322
v 3.00787236 10.8258229 2.97539361
v 3.9787467 10.9838428 2.43180511
v 5.38006728 10.4535279 3.3887737
v 5.72391861 10.8024359 2.12714272
v 3.93766152 11.2777598 1.18407988
v 6.43121574 10.4339335 0.887002444
v 5.16958476 10.7006711 -0.0712303049
v 7.04054052 10.4440467 1.24349537
v 6.4975841 10.7455487 2.51460754
v 7.32497636 10.5938496 1.29975046
v 6.7649538 10.8972479 2.6245894
v 7.68589384 10.1216861 -0.042154641
v 7.39640137 9.97441157 -0.042154641
v 7.60625181 9.98768524 -1.44157899
v 6.92739827 10.0629027 -0.0579566323
v 7.32244805 9.83788236 -1.38595598
v 7.11828632 10.1836299 -2.7550405
v 6.64233034 9.97883613 -1.02946305
v 4.07924736 11.0040693 -1.2702854
v 6.85091663 10.0319308 -2.64505864
v 3.9819071 11.1033058 -2.34924536
v 2.83405045 11.3491848 -2.79802191
v 2.16973474 10.6962465 -4.44332524
v 6.02415645 10.1994319 -2.24621638
v 6.01214693 10.5552928 -3.67787679
v 6.25296928 10.7050956 -3.83842502
v 5.38449184 10.6178687 -3.26512877
v 4.3731644 10.9117857 -4.07545489
v 5.0223102 10.8637476 -4.63800577
v 5.22647193 11.0103901 -4.84343166
v 4.25433343 10.5597173 -5.9230237
v 4.09568143 10.414339 -5.68156928
v 3.18232634 9.97693989 -6.81425601
v 3.53439471 10.4124428 -5.25112303
v 3.0748728 9.83156157 -6.54562216
v 1.85622324 9.88465626 -7.25418344
v 2.87071107 9.97188325 -6.09747769
v 1.80186439 9.73991002 -6.97037968
v 0.448581856 10.2032244 -7.24975889
v 1.86696859 9.90614697 -6.19671419
v 0.449213935 10.0578461 -6.96153057
v -0.868672134 10.8498419 -6.80730313
v 0.651479423 11.0375695 -3.8763498
v 0.499780307 10.2304038 -6.04627923
v -0.811784966 10.7050956 -6.52602769
v -2.18466196 11.1981178 -6.22452569
v -0.368697131 11.2057027 -4.16710644
v -0.672727443 10.7575583 -5.79534361
v -2.07341595 11.0527395 -5.95968432
v -3.58914295 10.6191328 -5.79787193
v -1.80857457 11.0723339 -5.15757525
v -3.42796264 10.4743866 -5.55768166
v -4.88364207 9.83788236 -5.22394361
v -1.23780665 11.421874 -3.28282701
v -4.67884826 9.69250404 -5.0191498
v -5.86905424 9.57746555 -4.20123874
v -3.25793321 10.4358297 -4.88514892
v -5.6282319 9.43208723 -4.04069051
v -6.56497394 9.57746555 -2.89852258
v -3.07146971 10.6109158 -3.34477081
v -4.34384605 9.8460994 -4.64685489
v -6.29760425 9.43208723 -2.78854072
v -6.99099562 9.57746555 -1.48329624
v -4.86847216 9.65457927 -3.78659449
v -3.32556573 10.7133127 -1.54334381
v -6.70719186 9.43208723 -1.42767323
v -7.05104319 9.76076865 -0.0478433579
v -5.42090977 9.67986245 -2.42193452
v -4.47911109 10.4573204 -0.0851360572
v -6.00811177 9.61602241 -1.06422743
v -6.76155071 9.61602241 -0.0484754375
v -6.65030469 10.3119421 1.31808077
v -6.28180225 9.72663635 -0.0687019863
v -6.36650093 10.1665638 1.25992944
v -6.05425358 10.6791804 2.66314626
v -7.05104319 9.76076865 -0.0478433579
v 6.25296928 10.7050956 -3.83842502
v 7.11828632 10.1836299 -2.7550405
v 7.25165513 10.4838678 -2.81066351
v 6.37306441 11.0122864 -3.91996329
v 5.22647193 11.0103901 -4.84343166
v 7.35025955 10.8024359 -2.80371063
v 5.32886883 11.3409678 -4.9477248
v 6.53740512 11.263222 -3.8731894
v 5.36489737 11.8396786 -4.9881779
v 6.78897282 11.3997512 -3.5716874
v 7.38059937 11.1570326 -2.6741343
v 7.12966375 11.6418377 -2.63810576
v 4.33650378 10.9269556 -6.04438299
v 4.25433343 10.5597173 -5.9230237
v 6.401508 11.8226125 -3.75056595
v 6.03047724 12.2935118 -3.69873541
v 6.73145357 12.1892187 -2.55151085
v 4.29225821 11.2044386 -6.22326154
v 3.12291085 10.6026987 -7.16063566
v 3.3637332 10.3290083 -6.91665291
v 3.18232634 9.97693989 -6.81425601
v 2.38021727 10.1071483 -7.27314583
v 1.85622324 9.88465626 -7.25418344
v 0.448581856 10.2032244 -7.24975889
v 5.12849958 12.3289083 -4.75430843
v 5.69168255 12.7151089 -3.62731041
v 6.20429915 12.771364 -2.61155842
v 3.99707701 11.303043 -6.51907481
v 4.94330024 12.7359676 -4.51475024
v 4.16773851 11.7094702 -6.12276087
v 4.11148343 12.1784733 -5.72581485
v 3.06728784 11.4825536 -6.90970004
v 1.90552545 10.2379888 -7.39134473
v 1.41123916 10.2550549 -7.51523234
v 3.10710886 11.0198713 -7.13535247
v 1.77215664 10.4718583 -7.5196569
v 0.442893139 10.5767835 -7.5133361
v 0.330382961 10.3700934 -7.42547703
v -0.868672134 10.8498419 -6.80730313
v 1.84737412 10.9054649 -7.48678876
v -0.895851559 11.0122864 -6.95204937
v -2.18466196 11.1981178 -6.22452569
v 1.78163784 11.4648554 -7.32876884
v 0.543393803 10.9914277 -7.544308
v 2.97626837 12.0267742 -6.4975841
v 4.06850201 12.6639105 -5.27134958
v 2.98322125 12.5672023 -5.94388233
v 1.72032611 12.0583782 -6.95647393
v 0.447317696 11.6083375 -7.37427858
v -0.481207309 11.3087317 -7.27883455
v -0.805464169 11.1677779 -7.10564473
v -2.23838874 11.4402043 -6.3610549
v -2.07215179 11.8636976 -6.51528233
v -3.66878498 10.914314 -5.91859914
v -3.58914295 10.6191328 -5.79787193
v -0.797879213 11.8636976 -7.0411726
v -3.6807945 11.24742 -5.99950534
v -4.98540689 10.1292711 -5.32507635
v -4.88364207 9.83788236 -5.22394361
v -5.86905424 9.57746555 -4.20123874
v -5.00816176 10.4705941 -5.39081264
v -5.98914938 9.78225935 -4.28024869
v -6.56497394 9.57746555 -2.89852258
v -6.69897482 9.68618325 -2.95288143
v -6.99099562 9.57746555 -1.48329624
v -6.03845159 10.0837613 -4.32006971
v -7.13384562 9.65394719 -1.51173983
v -7.05104319 9.76076865 -0.0478433579
v -6.77482438 9.93964719 -2.96805134
v -7.19768567 9.83788236 -0.0478433579
v -6.65030469 10.3119421 1.31808077
v -7.21980845 9.89097705 -1.5155323
v -6.7337392 10.4807074 -2.90357922
v -5.94427172 10.5767835 -4.28024869
v -6.5630777 11.1216361 -2.78854072
v -6.79315469 10.3890558 1.34589227
v -6.05425358 10.6791804 2.66314626
v -7.28807306 10.0723839 -0.0358338445
v -7.19073279 10.4484713 -1.47191881
v -4.86973632 10.9111536 -5.38512392
v -5.74453455 11.1551364 -4.1494082
v -3.5594352 11.6570076 -6.00013742
v -4.65040468 11.4212419 -5.25744383
v -2.17138829 12.3181629 -6.3888664
v -3.37866042 12.1171616 -5.88004229
v -4.42791264 11.9730474 -4.95657392
v -0.864247577 12.3959087 -6.81425601
v -2.07910466 12.7580903 -6.24538432
v 0.415713714 12.2050207 -7.07214451
v -5.47842902 11.7126306 -3.91490665
v -4.09670291 12.4938811 -4.68414759
v -3.21242348 12.6013346 -5.600031
v -0.904068595 12.858591 -6.58038654
v 1.66849558 12.4995698 -6.53614096
v 0.264646678 12.7599866 -6.69479295
v -1.14109846 13.2049707 -6.3206018
v -2.04497236 13.1575647 -6.00203366
v -2.98045024 13.0450545 -5.31685932
v -1.85914095 13.4337835 -5.76563587
v -0.807360408 13.2675465 -6.23527105
v 0.439732741 12.8352041 -6.31112061
v 1.63183496 12.6013346 -6.23274273
v -0.67778408 13.2972543 -5.97422215
v -2.60373077 13.3870096 -5.18791507
v 0.439732741 12.787166 -5.98623167
v 1.60212722 12.5324379 -5.98875999
v -0.650604655 13.3098959 -5.62531419
v -1.69985687 13.6076054 -5.50585113
v -1.73841373 13.5918034 -5.14746197
v 2.67855886 12.6165045 -5.85412702
v 2.69688917 12.6095516 -5.62657835
v 3.36120488 12.9028366 -5.29031197
v 3.58243276 13.0791868 -4.89463011
v 4.38517391 13.438208 -4.00592612
v -2.99056352 13.1632534 -4.93508321
v -3.36033011 12.8857704 -4.76315754
v -2.89448741 13.1221682 -4.79223321
v -3.95827746 12.485664 -4.31564515
v 3.73097148 13.0798189 -5.01346109
v -4.17824118 12.4597488 -4.37885312
v 4.27961661 13.1221682 -4.70374206
v -5.20284229 12.1241145 -3.68103718
v -4.97466154 12.2638041 -3.54956462
v -4.76986773 12.2682286 -3.47055466
v -6.24956619 11.6740737 -2.65201151
v -5.60358079 12.2220868 -2.55403917
v -5.34569229 12.2612757 -2.39538718
v -5.89560159 12.065331 -2.55403917
v -5.91898854 12.2593795 -1.66975974
v -6.21227349 12.1228503 -1.39480509
v -6.62754982 11.7126306 -1.34360664
v -6.15096177 12.3921162 -0.029513048
v -5.87284672 12.310578 -1.23678518
v -5.8797996 12.310578 -0.822773008
v -6.6749558 11.8801317 0.00398717342
v -5.70092106 12.2593795 -1.22730398
v -5.75527991 12.4066541 -0.0408904817
v -7.00679761 11.1235324 -1.40618253
v -5.94047924 12.421824 -0.031409287
v -5.69776066 12.7037315 0.722661735
v -5.42849473 12.8484777 1.08990001
v -4.93800092 13.1411306 2.20362435
v -7.26784651 10.6229253 0.000194695518
v -7.08138301 11.2910335 0.0254778815
v -6.89618367 10.6159724 1.39835488
v -6.91830646 11.1450231 1.49948762
v -6.79252261 11.755612 1.53425201
v -6.18825447 10.7562941 2.71813719
v -6.30076464 10.9781541 2.81042082
v -5.64909052 10.3890558 4.11756153
v -5.52836331 10.3119421 4.03602326
v -6.45246376 12.2296718 1.38571329
v -6.37029341 11.4920348 2.97665777
v -5.76033654 10.6153403 4.22438299
v -5.05240734 9.83156157 5.30650335
v -4.84824561 9.76076865 5.28438057
v -5.06568101 10.0426762 5.45504207
v -4.27494937 9.628664 6.04982902
v -3.78888012 9.57746555 6.25588699
v -2.48426772 9.65205095 6.9170423
v -5.85325225 11.1405985 4.38240291
v -6.21796221 12.2126056 3.18208365
v -4.00884383 9.77593856 6.31656664
v -5.13204937 10.5470757 5.59473168
v -5.00436928 11.1652496 5.7710819
v -5.77993101 11.6949324 4.53094162
v -2.56454183 10.033195 7.08138301
v -1.0684093 9.87643922 7.23308213
v -3.97281529 10.1665638 6.49102062
v -1.09558873 10.1798375 7.37719629
v 0.403072121 10.02561 7.30513921
v -3.89254118 10.5900571 6.6250215
v -2.54873984 10.4023295 7.16734584
v -5.39246619 12.009076 4.60679118
v -3.49369892 10.8359361 6.77229606
v 0.403072121 10.3226875 7.45178169
v -1.09938121 10.5230567 7.44862129
v -2.39324825 10.7853698 7.14838345
v 1.90173297 10.1798375 7.37719629
v 1.87455355 9.87643922 7.23308213
v 3.22214736 9.95860958 7.10856244
v 3.27903453 9.68175869 6.90629695
v 3.4756113 10.2746494 7.09086421
v 1.90552545 10.5230567 7.45620624
v 4.18480467 9.86759011 6.59847416
v 4.54951462 9.6969286 6.21416973
v 5.57601197 9.96366621 5.21674804
v 0.403072121 10.6608501 7.525735
v -1.05450355 10.9484463 7.37277173
v 4.55393918 10.0142326 6.34817062
v -2.36859714 11.2625899 6.88796664
v 4.82383719 10.1640355 6.08648964
v -3.72377591 11.2265614 6.41580314
v -4.67948034 11.8314616 5.27616353
v -4.37734627 12.3693614 4.59983831
v -5.36591884 12.4199277 3.91719228
v -3.5689164 11.7726782 5.9417434
v -5.99926265 12.5905892 2.51650378
v -5.35138101 12.7934868 3.11192281
v -6.02581 12.6007025 1.29279758
v -5.81469539 12.7587224 2.03865157
v -5.64024141 12.9028366 1.49506307
v -5.41901353 12.9976485 2.27631351
v -5.62127902 12.8642797 1.09938121
v -4.74964118 12.8301474 3.44502879
v -4.4354976 12.6923541 3.78761596
v -4.50186596 12.8402607 3.33820733
v -3.93741883 12.3921162 4.36849715
v -3.99304184 12.4123428 4.56191353
v -3.28827303 12.2208226 5.51256132
v -3.14163055 12.3194271 5.29006928
v -3.06198852 12.2423134 5.17123831
v -2.25355865 11.8352541 6.47395447
v -2.11955776 12.2815023 6.07321597
v -2.03865157 12.3788426 5.85072393
v -1.9849248 12.3023609 5.71861929
v -0.814313284 12.4812395 5.98156442
v -0.841492709 12.5583532 6.12315026
v 0.403072121 12.6013346 6.04161199
v -0.988767268 11.4503176 7.14143058
v -0.927455542 12.0242459 6.74448456
v -0.87625709 12.4635412 6.34943478
v 0.403072121 12.6778162 6.18699031
v 0.403072121 11.0830793 7.45494208
v 0.403072121 11.581158 7.22486509
v 0.403072121 12.1506618 6.82223035
v 1.86127987 10.9484463 7.40311155
v 1.79491151 11.4503176 7.18694031
v 3.21013785 10.7765206 7.09781708
v 1.64763695 12.5583532 6.12315026
v 1.62045753 12.4812395 5.98156442
v 0.403072121 12.5842684 6.41833146
v 1.68303341 12.4635412 6.35701973
v 1.73359978 12.0242459 6.77482438
v 3.11406174 11.2809202 6.90629695
v 2.83594669 12.4034937 5.8425069
v 2.78158784 12.3276441 5.70913809
v 2.90484337 12.3061534 6.07195181
v 3.00471196 11.8611693 6.49544518
v 4.28593741 11.2986184 6.26220779
v 3.91174626 12.4173994 5.2553049
v 3.83210422 12.3447103 5.13457769
v 4.15699316 11.8750751 5.8766392
v 5.28715157 11.3921662 5.3298903
v 4.34092834 10.7986434 6.41896354
v 4.012879 12.3181629 5.47084406
v 5.03368763 12.5355983 4.46710158
v 4.7366102 12.580476 4.50439428
v 4.68161927 12.564674 4.30971375
v 5.16073564 11.9553492 4.97402946
v 5.17211308 12.874393 3.73199295
v 5.2397456 13.0197713 3.28700887
v 5.6682956 13.3206412 2.17328453
v 5.40598255 13.0197713 3.351481
v 5.80482481 12.5596173 3.45893454
v 5.76247547 13.0279884 2.88627038
v 5.98686375 11.9901136 3.8451352
v 5.8920518 13.2447917 2.264304
v 6.08736441 13.0058656 2.34331396
v 6.33703587 12.572891 2.4507675
v 6.01909981 13.0785547 2.31550245
v 6.22578985 13.0583282 1.72766838
v 6.28710158 13.0766585 1.14805134
v 6.78581242 12.6588538 0.125978546
v 6.65497194 12.6114479 1.37307169
v 6.38001729 12.954035 0.71318054
v 6.12592127 13.0791868 1.07599426
v 6.41730999 12.7012032 -0.0352017649
v 6.58923565 12.7226939 -0.133174111
v 6.48873499 12.6651746 -1.22035111
v 6.34841331 12.5924855 -1.19001128
v 6.14235534 12.7751565 -2.25569757
v 5.94388233 12.7524016 -2.27465996
v 6.20429915 12.771364 -2.61155842
v 6.72323654 12.5678344 -1.25701173
v 6.73145357 12.1892187 -2.55151085
v 7.14546574 12.1310673 -1.30694602
v 7.12966375 11.6418377 -2.63810576
v 7.2617684 12.0937746 -0.00928649923
v 7.56010999 11.5621956 -1.36572943
v 7.07024827 12.0501611 1.29469382
v 7.774385 11.0679094 -1.43020155
v 7.38059937 11.1570326 -2.6741343
v 7.67072393 11.5369125 -0.0415225614
v 6.62716043 12.0116043 2.58603254
v 7.82431929 10.6469443 -1.47381505
v 7.35025955 10.8024359 -2.80371063
v 7.25165513 10.4838678 -2.81066351
v 7.93240491 10.7259543 0.110808634
v 7.9077538 11.0843434 -0.138862827
v 7.74720557 10.2993005 -1.46939049
v 7.11828632 10.1836299 -2.7550405
v 7.60625181 9.98768524 -1.44157899
v 7.86603655 10.3688293 -0.158457297
v 7.68589384 10.1216861 -0.042154641
v 7.61510092 10.6020667 0.862351338
v 7.32497636 10.5938496 1.29975046
v 6.7649538 10.8972479 2.6245894
v 7.71812991 11.160193 0.899011957
v 7.46845845 10.88271 1.30859957
v 7.31865557 11.0748622 1.77444227
v 7.43685446 11.5179501 1.22642922
v 6.91033211 11.3637226 2.71118431
v 7.56263831 11.0565319 1.34589227
v 6.85470911 11.175995 2.68463697
v 6.09494937 11.4503176 4.18266574
v 5.91354251 11.0691735 4.60995158
v 6.34082835 11.0236638 3.62959604
v 5.24480224 10.9263235 5.53405203
v 5.38828432 10.5818401 5.28564473
v 6.13350623 10.9825786 4.12893897
v 4.47050467 10.4092824 6.35701973
v 6.06650578 10.8074925 4.07394804
v 5.9198633 10.5053585 4.50123388
v 6.24854472 10.525585 3.97534361
v 5.44011485 10.2379888 5.3703434
v -5.52836331 10.3119421 4.03602326
v -5.78688389 10.5338021 2.54937192
v -6.05425358 10.6791804 2.66314626
v -5.28754097 10.1665638 3.87294671
v -4.84824561 9.76076865 5.28438057
v -5.00500136 10.612812 2.15495422
v -4.6434518 9.61602241 5.07895468
v -4.652933 10.2645361 3.44060423
v -3.94121131 9.81828789 4.45951662
v 6.24854472 10.525585 3.97534361
v 5.37121817 9.81765581 5.01195424
v 5.57601197 9.96366621 5.21674804
v 6.00772237 10.3757821 3.81479538
v 6.7649538 10.8972479 2.6245894
v 4.67782679 9.99653436 4.40073322
v 6.4975841 10.7455487 2.51460754
v 5.38006728 10.4535279 3.3887737
v 5.72391861 10.8024359 2.12714272
v 0.398015484 16.2971043 5.00247304
v 1.50921151 16.0177251 5.03597326
v 1.49024912 15.8875167 5.03154871
v 0.396751324 16.1586789 4.99741641
v -0.718237178 15.8217804 5.0878038
v -0.708123903 15.683355 5.09602083
v 1.50921151 16.0177251 5.03597326
v 2.53950134 15.374268 4.96897282
v 1.49024912 15.8875167 5.03154871
v 2.56984116 15.4956273 4.97023698
v 3.51100776 15.1208041 4.58024384
v 3.53629094 15.2427954 4.58466839
v 4.26381462 15.2459558 3.89254118
v 4.27835245 15.374268 3.90139029
v 3.09509935 16.4823036 4.19404317
v 3.82515134 16.7477771 3.50191595
v 1.7424489 19.9416756 3.05187524
v 2.4693405 20.5952459 2.31803077
v 1.19443584 24.7638112 0.905332754
v 2.46365178 16.1093766 4.67821618
v 1.57557987 17.0682415 4.52967747
v 0.392326767 17.4715083 4.47089406
v 0.398015484 16.2971043 5.00247304
v -0.784605541 16.9304481 4.55559273
v -0.718237178 15.8217804 5.0878038
v -0.972333197 19.9593738 3.02975246
v 0.371468139 20.6995391 2.91850644
v 0.341128315 24.7897265 1.13288143
v 0.872707301 24.5880931 1.15942877
v 0.537705086 26.2719533 0.393348238
v 0.647054866 26.3225196 0.289055095
v 0.389166369 26.5854648 -0.0231922515
v -1.64676218 15.9741116 4.69907481
v 0.354401988 26.3225196 0.357319698
v 0.159721456 26.2719533 0.386395361
v 0.0699661456 26.3225196 0.278309741
v -0.487528105 24.809953 0.87625709
v -0.184129874 24.5918855 1.14678718
v -1.66446041 20.7791811 2.24660577
v -2.90965732 17.0695056 3.39003786
v -1.76496108 15.2585974 5.02775623
v -0.708123903 15.683355 5.09602083
v -1.74915909 15.1233324 5.04545446
v -2.24407745 16.5158039 4.15864671
v -2.66567458 15.2731353 4.55622481
v -2.64987259 15.1397665 4.56444185
v -3.32746197 15.7364497 3.78066308
v -3.31545246 15.6005525 3.77623852
v -3.47094405 15.5057406 -3.80745311
v -4.26420401 14.8875667 -3.1090051
v -3.46462326 15.3711076 -3.79923608
v -4.25788322 15.017143 -3.11090134
v -4.81348123 14.7383959 -2.17795178
v -3.09612082 16.8527023 -3.37321439
v -4.7989434 14.8667081 -2.17352722
v -5.06441685 14.9248594 -1.12553916
v -3.89696574 16.2307359 -2.67034182
v -2.87362878 19.5990884 -1.37457854
v -1.99440599 20.6059913 -2.08946063
v -0.612047796 24.7663395 -0.878396018
v -5.06125645 15.0538036 -1.12237876
v -4.97213322 15.4431647 -0.0724944642
v -4.50945092 15.5278634 -2.05469625
v -4.98287857 15.5777977 -0.0718623845
v -4.49112061 16.2907835 0.861087178
v -4.50249804 16.4361618 0.861087178
v -4.49933764 16.2585474 -1.18053009
v -4.41590313 16.9146461 -0.114211721
v -3.97976817 17.7382459 0.759954434
v -3.95006043 16.9696371 1.78518763
v -3.4848498 18.2097773 1.58355422
v -3.65677547 16.5189643 2.80726042
v -2.4381259 21.3309866 0.467301557
v -2.7427883 20.6375953 -0.24252389
v -2.12208608 21.6015167 0.993823905
v -0.919870586 24.7745566 -0.119268358
v -0.834539833 24.9351048 0.167695803
v -0.689161514 25.0153789 0.383234963
v -0.929351781 24.5021302 -0.566148671
v -0.110176555 26.2719533 -0.225457739
v 0.0282488887 26.3225196 -0.321533846
v 0.389166369 26.5854648 -0.0231922515
v -0.124082307 26.2719533 0.0476006692
v -0.0779404924 26.3225196 -0.0598528712
v -0.0147325275 26.3225196 0.11839359
v -0.0438081913 26.2719533 0.233432086
v 0.0699661456 26.3225196 0.278309741
v -0.487528105 24.809953 0.87625709
v -0.633538505 24.9452181 0.631010186
v -1.95584913 21.3720718 1.5778655
v -1.66446041 20.7791811 2.24660577
v -3.22569715 17.8109351 2.49564515
v -2.90965732 17.0695056 3.39003786
v -3.32746197 15.7364497 3.78066308
v -3.31545246 15.6005525 3.77623852
v -3.64855843 16.3735859 2.80220378
v -3.26867856 15.4842499 3.7364175
v -3.59799206 16.2509625 2.76996772
v -3.94247547 16.8173059 1.78392347
v -3.88811662 16.6908899 1.76243276
v -3.20799892 15.3944946 3.68016242
v -3.5284633 16.1580468 2.72445799
v -3.81226706 16.5954459 1.73209294
v -3.7395779 16.5372946 1.70301727
v -3.46272702 16.1005275 2.68147657
v -3.26488609 16.6384273 1.5064405
v -3.15174383 15.3388716 3.62706773
v -3.09738498 16.2193585 2.42927679
v -2.71308055 15.5841185 3.2396029
v 4.74672347 16.0739802 1.79782922
v 4.25433343 16.2263114 1.59177125
v 4.0906248 15.7648932 2.54494737
v 4.47240091 15.6049771 2.80852458
v 3.64248033 15.2731353 3.33125445
v 4.09757767 14.9912277 3.73388919
v 4.814356 16.1289711 1.82690488
v 4.53750511 15.6612322 2.85340223
v 4.155729 15.0481149 3.79140843
v 4.21704073 15.1353419 3.85019184
v 4.60640179 15.7516196 2.89954405
v 4.88830932 16.2212547 1.85598055
v 4.26381462 15.2459558 3.89254118
v 4.65696816 15.8685543 2.93430843
v 4.94077193 16.341982 1.8762071
v 4.27835245 15.374268 3.90139029
v 4.66708144 16.0050835 2.94189339
v 3.82515134 16.7477771 3.50191595
v 4.1930217 17.3539415 2.61763652
v 4.94646064 16.4829357 1.87557502
v 2.79170112 21.1097588 1.65497922
v 2.4693405 20.5952459 2.31803077
v 4.46608011 17.7060098 1.62590355
v 5.35920865 16.1567826 0.873728771
v 1.34992744 24.8801139 0.662614168
v 1.42956947 24.8832743 0.343413945
v 1.19443584 24.7638112 0.905332754
v 3.06286329 21.0737302 0.899011957
v 3.63552745 20.0725161 -0.114843801
v 4.91106418 17.207299 0.613944035
v 0.752612167 26.2719533 0.2454416
v 0.647054866 26.3225196 0.289055095
v 0.389166369 26.5854648 -0.0231922515
v 0.7298573 26.3225196 0.10069536
v 0.803178539 26.2719533 -0.0484754375
v 1.61160841 24.6203291 -0.0737586235
v 1.50478695 24.7998398 -0.460591369
v 0.751980088 26.3225196 -0.178683845
v 0.753876327 26.2719533 -0.302571457
v 0.645158627 26.3225196 -0.326590483
v 1.1584073 24.9521709 -0.863226106
v 1.35498407 24.8990763 -0.704574114
v 2.35366992 21.3474207 -2.02688474
v 2.80560687 21.1862404 -1.62108961
v 3.50784736 17.7698499 -3.13681661
v 3.25248718 20.738728 -1.0560104
v 4.21451241 17.4885744 -2.50284072
v 3.89910466 16.4785112 -3.51227192
v 4.82446927 16.9911278 -1.80249647
v 4.68983631 16.1612072 -2.80055023
v 3.89088763 16.3407178 -3.50405488
v 4.67909095 16.0278384 -2.7923332
v 5.35668034 15.6523831 -2.04900753
v 5.34719914 15.5259671 -2.0376301
v 5.15631109 16.6795125 -0.877131858
v 5.68283344 15.4608629 -1.1179542
v 5.68599383 15.3369753 -1.09519934
v 5.36805777 16.2585474 -0.125589155
v 5.67967304 15.6182508 -0.109155084
v 5.69231463 15.4912028 -0.0807114996
v 5.36489737 16.0215176 0.890794922
v 5.36489737 16.0215176 0.890794922
v 4.94646064 16.4829357 1.87557502
v 5.35920865 16.1567826 0.873728771
v 4.94077193 16.341982 1.8762071
v 4.66708144 16.0050835 2.94189339
v 4.65696816 15.8685543 2.93430843
v 3.51100776 15.1208041 4.58024384
v 4.26381462 15.2459558 3.89254118
v 4.21704073 15.1353419 3.85019184
v 3.46549802 15.0139826 4.53536618
v 2.53950134 15.374268 4.96897282
v 4.155729 15.0481149 3.79140843
v 2.5003124 15.2680786 4.92219893
v 1.49024912 15.8875167 5.03154871
v 3.41303541 14.9292839 4.46899782
v 1.46812633 15.7756386 4.97845402
v 0.396751324 16.1586789 4.99741641
v 3.36436528 14.8730289 4.4013653
v 4.09757767 14.9912277 3.73388919
v 2.45922722 15.18338 4.85077393
v 0.395487165 16.0398479 4.94116132
v -0.708123903 15.683355 5.09602083
v 2.9661551 15.1163795 4.09796706
v 3.64248033 15.2731353 3.33125445
v 2.42446284 15.1271249 4.77682061
v 1.44600354 15.6877795 4.90070822
v -0.691057753 15.5632598 5.04861486
v -1.74915909 15.1233324 5.04545446
v 2.33533961 15.2535408 4.51071508
v 1.42767323 15.6315244 4.82422658
v 1.52754182 15.6858833 4.41021441
v 0.394855086 15.9488284 4.86151928
v -1.7175551 15.0051335 5.00752968
v -2.64987259 15.1397665 4.56444185
v 1.86127987 15.9323943 3.32177325
v 0.394223006 15.8932054 4.7863018
v 0.396751324 16.0221497 4.25788322
v -0.672095363 15.4722404 4.9759257
v -2.60941949 15.0240959 4.52651707
v -3.31545246 15.6005525 3.77623852
v -3.26867856 15.4842499 3.7364175
v -0.658189611 15.4197778 4.9076611
v -0.746680762 15.53292 4.48037525
v 0.407496679 16.485464 2.81800577
v -1.68152656 14.9153782 4.94368964
v -2.5594852 14.9349727 4.46583742
v -3.20799892 15.3944946 3.68016242
v -3.15174383 15.3388716 3.62706773
v -2.51650378 14.881878 4.40831817
v -2.71308055 15.5841185 3.2396029
v -1.65308298 14.8641797 4.88300999
v -1.5437332 15.096153 4.58340424
v -2.12651064 15.1296532 4.11124074
v -1.03680532 15.9406114 3.33062237
v -1.50580842 16.3969729 2.18213365
v 0.379685174 17.4993198 -0.0244564108
v -2.13093519 16.6554935 1.75547988
v -3.09738498 16.2193585 2.42927679
v -3.26488609 16.6384273 1.5064405
v 2.38906638 16.2010282 2.23775666
v -1.98302856 17.0195713 0.975493595
v -2.66441042 16.604295 0.53303784
v 3.07360864 16.3249158 1.83954648
v 4.0906248 15.7648932 2.54494737
v 4.25433343 16.2263114 1.59177125
v -3.83312569 16.1479335 0.741624125
v -3.7395779 16.5372946 1.70301727
v -4.27178897 16.0208855 0.820634081
v -3.81226706 16.5954459 1.73209294
v -4.17002414 15.4330514 -0.117372119
v -2.56517391 16.2376888 -0.244420129
v 2.90610753 16.7578904 1.03048452
v 3.54893254 16.4336335 0.567170141
v -4.34827061 16.0771406 0.835803992
v -4.75280158 15.1871724 -0.0743907031
v -4.43044096 16.1687921 0.850973904
v -3.88811662 16.6908899 1.76243276
v -4.49112061 16.2907835 0.861087178
v -3.94247547 16.8173059 1.78392347
v -4.97213322 15.4431647 -0.0724944642
v -4.91018941 15.3274941 -0.0731265438
v -5.06441685 14.9248594 -1.12553916
v -4.82738698 15.2396351 -0.0731265438
v -5.0132184 14.8098209 -1.11669005
v -4.81348123 14.7383959 -2.17795178
v -4.93926508 14.7213297 -1.10341637
v -4.77302813 14.6220932 -2.15898939
v -4.26420401 14.8875667 -3.1090051
v -4.87479295 14.6720275 -1.09267102
v -4.22375091 14.7718961 -3.07740112
v -3.46462326 15.3711076 -3.79923608
v -4.70918809 14.5323379 -2.13117788
v -4.41274273 14.8667081 -1.18621881
v -3.422906 15.254805 -3.75625466
v -2.46467325 16.1883866 -4.12918166
v -4.16307127 14.6827729 -3.03378762
v -4.65546132 14.4842999 -2.10779094
v -3.14415887 15.5095331 -1.48582456
v -2.42990887 16.0657632 -4.07987944
v -1.41099647 16.6479085 -4.41614582
v -3.36601883 15.1656817 -3.69873541
v -4.11060866 14.6315744 -2.99523076
v -4.39125202 14.6587539 -2.0003374
v -3.84450313 14.8351041 -2.5995489
v -1.87178254 16.199764 -1.96494094
v -1.39835488 16.5360304 -2.59765266
v -0.598142044 16.9228632 -2.44532147
v -2.92861971 15.3647868 -3.19939249
v -3.3141883 15.1106908 -3.64500864
v -2.0841613 16.0537536 -3.5811686
v -1.13604183 16.493049 -3.74866971
v -2.34015356 15.9178565 -3.94903896
v -2.38313497 15.9734795 -4.01161484
v -0.148101334 16.4563884 -3.155779
v -1.33325068 16.3716897 -4.22525776
v -1.391402 16.5208605 -4.36494737
v -0.452131645 16.0607065 -4.97806463
v -1.36169426 16.4260486 -4.29162613
v -0.455924123 15.9368189 -4.92939449
v 0.491563272 15.2636541 -5.43948277
v -0.357951777 15.9431397 -4.35040953
v -0.437593813 15.7927047 -4.79033697
v -0.448971247 15.8445353 -4.85607325
v 0.467544245 15.1467193 -5.39270888
v 1.49973031 15.0955209 -5.42557702
v 0.484610396 15.2990505 -4.66012856
v 0.448581856 15.0082939 -5.25491551
v 1.47128673 14.9830107 -5.37437857
v 2.44279315 15.3856454 -5.0223102
v 0.453638493 15.0582282 -5.3206518
v 0.592696016 16.2332643 -3.00091948
v 2.41498165 15.2743994 -4.96731927
v 3.19243962 15.9633662 -4.31438099
v 1.4908812 15.1087946 -4.73913852
v 1.44537146 14.8970479 -5.29979317
v 1.42640907 14.8464815 -5.23089649
v 3.15830731 15.8495919 -4.26381462
v 3.89088763 16.3407178 -3.50405488
v 1.71337323 15.9621021 -3.39596926
v 2.21966903 15.2743994 -4.57163741
v 2.38021727 15.1890687 -4.89210179
v 2.34861328 15.135974 -4.82130887
v 3.84727413 16.2237831 -3.46107347
v 4.67909095 16.0278384 -2.7923332
v 2.70700244 15.7509875 -3.91490665
v 3.06728784 15.7061098 -4.12981374
v 3.11153342 15.7611008 -4.19491794
v 4.6278925 15.913432 -2.7582009
v 5.34719914 15.5259671 -2.0376301
v 2.36757567 16.5663702 -1.99275244
v 3.36310112 16.1795375 -2.98195709
v 3.73160356 16.0765085 -3.34793121
v 3.78849072 16.1333957 -3.40292214
v 5.29284029 15.4153532 -2.00918651
v 5.68599383 15.3369753 -1.09519934
v 4.2676071 15.826205 -2.30816019
v 3.72528276 16.0815651 -1.31832345
v 4.49199537 15.7680536 -2.66718143
v 4.55836374 15.8249408 -2.711427
v 5.63605954 15.2250972 -1.06865199
v 5.69231463 15.4912028 -0.0807114996
v 4.89336595 15.4147211 -1.81640222
v 3.33023298 16.3470386 -0.194485837
v 5.14746197 15.2731353 -1.94155399
v 5.21825489 15.3281262 -1.97379005
v 5.02357436 15.3180129 -1.0901427
v 5.64743697 15.3767963 -0.0604849509
v 5.36489737 16.0215176 0.890794922
v 4.94266817 15.5006839 -0.0819756589
v 5.4976341 15.0860397 -1.0250385
v 5.56337038 15.1378702 -1.04400089
v 5.31622724 15.9026866 0.892059081
v 4.94077193 16.341982 1.8762071
v 4.88830932 16.2212547 1.85598055
v 4.74356308 15.9115357 0.788398019
v 5.51722857 15.2377388 -0.0446829596
v 5.57727613 15.287041 -0.0491075172
v 5.24480224 15.8110351 0.883209966
v 4.814356 16.1289711 1.82690488
v 4.74672347 16.0739802 1.79782922
v 5.18096219 15.7592045 0.871200453
v -1.40910023 16.8015039 -4.41867414
v -2.47225821 16.334397 -4.13676661
v -2.46467325 16.1883866 -4.12918166
v -1.41099647 16.6479085 -4.41614582
v -0.430640937 16.2067169 -4.97174383
v -0.452131645 16.0607065 -4.97806463
v -2.47225821 16.334397 -4.13676661
v -3.46462326 15.3711076 -3.79923608
v -2.46467325 16.1883866 -4.12918166
v -3.47094405 15.5057406 -3.80745311
v -2.17138829 17.6497548 -3.69115046
v -3.09612082 16.8527023 -3.37321439
v -1.99440599 20.6059913 -2.08946063
v -1.18155156 17.9923419 -3.96610511
v -1.40910023 16.8015039 -4.41867414
v -1.28078807 21.2804203 -2.3821135
v -0.612047796 24.7663395 -0.878396018
v -0.186026113 17.2521767 -4.53750511
v -0.430640937 16.2067169 -4.97174383
v 0.485242475 20.0737802 -3.30242147
v -0.523556645 21.2330143 -2.65264359
v 0.544025883 16.1245466 -5.07730113
v -0.350366821 24.9224632 -1.02377434
v 0.526959732 15.398287 -5.4293695
v -0.452131645 16.0607065 -4.97806463
v 0.491563272 15.2636541 -5.43948277
v 0.0705982252 26.2719533 -0.431515705
v 0.0282488887 26.3225196 -0.321533846
v 0.389166369 26.5854648 -0.0231922515
v -0.0286382798 24.9230953 -1.10025597
v 1.27850244 16.5056906 -4.88135644
v 1.52627766 15.2244651 -5.42557702
v 1.49973031 15.0955209 -5.42557702
v 2.19248961 16.8805138 -4.50400489
v 2.45417058 15.5145897 -5.03305556
v 2.44279315 15.3856454 -5.0223102
v 3.19939249 16.0979992 -4.32575843
v 3.19243962 15.9633662 -4.31438099
v 2.88461683 17.4342156 -3.86307612
v 3.89910466 16.4785112 -3.51227192
v 3.89088763 16.3407178 -3.50405488
v 3.50784736 17.7698499 -3.13681661
v 1.40112589 20.7008032 -2.94087191
v 0.763357521 24.7903586 -1.21466239
v 1.95482766 21.1552685 -2.49146328
v 2.35366992 21.3474207 -2.02688474
v 1.00038739 24.8914913 -1.06738783
v 1.1584073 24.9521709 -0.863226106
v 0.612290485 26.2719533 -0.447949776
v 0.645158627 26.3225196 -0.326590483
v 0.382845572 24.6209612 -1.3107385
v 0.499780307 26.3225196 -0.434044024
v 0.361986944 26.2719533 -0.488402874
v 0.22419358 26.3225196 -0.399279643
v -4.50249804 16.4361618 0.861087178
v -3.94247547 16.8173059 1.78392347
v -4.49112061 16.2907835 0.861087178
v -3.95006043 16.9696371 1.78518763
v -3.64855843 16.3735859 2.80220378
v -3.65677547 16.5189643 2.80726042
v 4.8794602 13.0760264 -4.30237148
v 5.40219007 12.9881673 -3.74866971
v 5.02167812 13.2106594 -3.95472767
v 5.46160556 13.1120549 -3.49267745
v 4.67909095 13.3889058 -4.10389847
v 5.2024529 13.3016788 -3.54956462
v 5.38702016 13.2163481 -3.24047767
v 5.61077635 13.0450545 -2.94466439
v 6.14235534 12.7751565 -2.25569757
v 5.23089649 13.1815837 -3.17284515
v 5.94388233 12.7524016 -2.27465996
vt 0.127012679 0.279037767
vt 0.126113122 0.27274087
vt 0.125213565 0.273640427
vt 0.128811792 0.266443973
vt 0.128811792 0.26734353
vt 0.135108689 0.263745303
vt 0.135108689 0.263745303
vt 0.131510463 0.2700422
vt 0.132410019 0.2700422
vt 0.132410019 0.2700422
vt 0.131510463 0.2700422
vt 0.136907803 0.274539984
vt 0.136907803 0.274539984
vt 0.129711349 0.273640427
vt 0.130610906 0.274539984
vt 0.130610906 0.274539984
vt 0.129711349 0.273640427
vt 0.127012679 0.279037767
vt 0.125213565 0.273640427
vt 0.126113122 0.27274087
vt 0.118916668 0.271841313
vt 0.118916668 0.271841313
vt 0.124314009 0.269142643
vt 0.124314009 0.269142643
vt 0.124314009 0.269142643
vt 0.124314009 0.269142643
vt 0.123414452 0.261046633
vt 0.123414452 0.261046633
vt 0.128811792 0.26734353
vt 0.128811792 0.266443973
vt 0.127012679 0.266443973
vt 0.126113122 0.260147076
vt 0.125213565 0.261046633
vt 0.126113122 0.260147076
vt 0.118916668 0.259247519
vt 0.125213565 0.261046633
vt 0.128811792 0.253850179
vt 0.128811792 0.253850179
vt 0.135108689 0.250251952
vt 0.135108689 0.250251952
vt 0.131510463 0.256548849
vt 0.132410019 0.256548849
vt 0.132410019 0.256548849
vt 0.131510463 0.256548849
vt 0.136907803 0.261946189
vt 0.136907803 0.261946189
vt 0.129711349 0.260147076
vt 0.130610906 0.261046633
vt 0.130610906 0.261046633
vt 0.129711349 0.260147076
vt 0.127012679 0.266443973
vt 0.118916668 0.259247519
vt 0.124314009 0.255649292
vt 0.124314009 0.255649292
vt 0.124314009 0.255649292
vt 0.124314009 0.255649292
vt 0.123414452 0.248452838
vt 0.123414452 0.248452838
vt 0.128811792 0.253850179
vt 0.128811792 0.253850179
vt 0.119816225 0.258347962
vt 0.125213565 0.259247519
vt 0.128811792 0.256548849
vt 0.125213565 0.255649292
vt 0.126113122 0.266443973
vt 0.124314009 0.248452838
vt 0.129711349 0.260147076
vt 0.128811792 0.253850179
vt 0.136008246 0.262845746
vt 0.135108689 0.249352395
vt 0.131510463 0.256548849
vt 0.123414452 0.248452838
vt 0.124314009 0.255649292
vt 0.127912236 0.257448406
vt 0.128811792 0.253850179
vt 0.118916668 0.259247519
vt 0.135108689 0.250251952
vt 0.126113122 0.260147076
vt 0.131510463 0.256548849
vt 0.127012679 0.266443973
vt 0.136907803 0.261946189
vt 0.129711349 0.260147076
vt 0.118916668 0.271841313
vt 0.126113122 0.27274087
vt 0.127912236 0.2700422
vt 0.124314009 0.269142643
vt 0.127012679 0.279037767
vt 0.123414452 0.261046633
vt 0.129711349 0.273640427
vt 0.128811792 0.26734353
vt 0.136907803 0.274539984
vt 0.135108689 0.263745303
vt 0.131510463 0.2700422
vt 0.124314009 0.261946189
vt 0.125213565 0.268243086
vt 0.128811792 0.2700422
vt 0.128811792 0.266443973
vt 0.119816225 0.270941757
vt 0.135108689 0.262845746
vt 0.125213565 0.27274087
vt 0.131510463 0.2700422
vt 0.126113122 0.279037767
vt 0.136008246 0.27543954
vt 0.129711349 0.273640427
vt 0.395980143 0.921321277
vt 0.395980143 0.916823494
vt 0.395980143 0.921321277
vt 0.395980143 0.916823494
vt 0.395980143 0.921321277
vt 0.395980143 0.913225267
vt 0.395980143 0.916823494
vt 0.3968797 0.921321277
vt 0.395980143 0.913225267
vt 0.395980143 0.910526596
vt 0.3968797 0.916823494
vt 0.3968797 0.921321277
vt 0.395980143 0.910526596
vt 0.395980143 0.906928369
vt 0.395980143 0.913225267
vt 0.3968797 0.916823494
vt 0.3968797 0.921321277
vt 0.395980143 0.906928369
vt 0.395980143 0.904229699
vt 0.395980143 0.904229699
vt 0.395980143 0.910526596
vt 0.3968797 0.913225267
vt 0.395980143 0.906928369
vt 0.395980143 0.904229699
vt 0.3968797 0.910526596
vt 0.3968797 0.906928369
vt 0.3968797 0.904229699
vt 0.3968797 0.913225267
vt 0.3968797 0.910526596
vt 0.3968797 0.906928369
vt 0.3968797 0.904229699
vt 0.3968797 0.913225267
vt 0.3968797 0.906928369
vt 0.3968797 0.904229699
vt 0.3968797 0.910526596
vt 0.3968797 0.906928369
vt 0.3968797 0.904229699
vt 0.3968797 0.910526596
vt 0.3968797 0.913225267
vt 0.3968797 0.916823494
vt 0.3968797 0.916823494
vt 0.3968797 0.921321277
vt 0.397779257 0.916823494
vt 0.397779257 0.91502438
vt 0.397779257 0.916823494
vt 0.397779257 0.91502438
vt 0.397779257 0.916823494
vt 0.397779257 0.914124823
vt 0.397779257 0.91502438
vt 0.397779257 0.916823494
vt 0.397779257 0.914124823
vt 0.397779257 0.91232571
vt 0.397779257 0.91502438
vt 0.397779257 0.916823494
vt 0.397779257 0.91232571
vt 0.397779257 0.910526596
vt 0.397779257 0.914124823
vt 0.397779257 0.91502438
vt 0.398678813 0.916823494
vt 0.397779257 0.910526596
vt 0.397779257 0.90962704
vt 0.397779257 0.91232571
vt 0.397779257 0.914124823
vt 0.398678813 0.91502438
vt 0.398678813 0.916823494
vt 0.398678813 0.91502438
vt 0.397779257 0.90962704
vt 0.397779257 0.907827926
vt 0.397779257 0.907827926
vt 0.397779257 0.914124823
vt 0.398678813 0.914124823
vt 0.398678813 0.914124823
vt 0.398678813 0.91232571
vt 0.398678813 0.91232571
vt 0.397779257 0.910526596
vt 0.397779257 0.90962704
vt 0.397779257 0.907827926
vt 0.397779257 0.91232571
vt 0.397779257 0.910526596
vt 0.397779257 0.90962704
vt 0.397779257 0.907827926
vt 0.397779257 0.91232571
vt 0.397779257 0.910526596
vt 0.397779257 0.90962704
vt 0.397779257 0.907827926
vt 0.398678813 0.910526596
vt 0.398678813 0.910526596
vt 0.398678813 0.90962704
vt 0.398678813 0.907827926
vt 0.398678813 0.90962704
vt 0.398678813 0.907827926
vt 0.414870835 0.91502438
vt 0.413971278 0.914124823
vt 0.413971278 0.91502438
vt 0.414870835 0.914124823
vt 0.414870835 0.91502438
vt 0.413971278 0.91232571
vt 0.414870835 0.914124823
vt 0.414870835 0.91502438
vt 0.414870835 0.91232571
vt 0.413971278 0.910526596
vt 0.414870835 0.914124823
vt 0.414870835 0.91502438
vt 0.414870835 0.91232571
vt 0.414870835 0.910526596
vt 0.413971278 0.908727483
vt 0.414870835 0.914124823
vt 0.414870835 0.91502438
vt 0.414870835 0.91232571
vt 0.414870835 0.910526596
vt 0.414870835 0.908727483
vt 0.413971278 0.906928369
vt 0.414870835 0.914124823
vt 0.414870835 0.91502438
vt 0.414870835 0.914124823
vt 0.414870835 0.906928369
vt 0.413971278 0.904229699
vt 0.414870835 0.908727483
vt 0.414870835 0.91232571
vt 0.414870835 0.91232571
vt 0.414870835 0.91232571
vt 0.414870835 0.904229699
vt 0.413971278 0.902430586
vt 0.414870835 0.910526596
vt 0.414870835 0.910526596
vt 0.414870835 0.910526596
vt 0.414870835 0.910526596
vt 0.414870835 0.906928369
vt 0.414870835 0.908727483
vt 0.414870835 0.902430586
vt 0.413971278 0.899731916
vt 0.414870835 0.908727483
vt 0.414870835 0.908727483
vt 0.414870835 0.908727483
vt 0.414870835 0.906928369
vt 0.414870835 0.906928369
vt 0.414870835 0.906928369
vt 0.414870835 0.906928369
vt 0.414870835 0.904229699
vt 0.414870835 0.904229699
vt 0.414870835 0.904229699
vt 0.414870835 0.904229699
vt 0.414870835 0.904229699
vt 0.414870835 0.902430586
vt 0.414870835 0.902430586
vt 0.414870835 0.902430586
vt 0.414870835 0.902430586
vt 0.414870835 0.902430586
vt 0.414870835 0.899731916
vt 0.413971278 0.897033245
vt 0.414870835 0.899731916
vt 0.414870835 0.899731916
vt 0.414870835 0.899731916
vt 0.414870835 0.897033245
vt 0.413971278 0.895234132
vt 0.414870835 0.899731916
vt 0.414870835 0.899731916
vt 0.414870835 0.897033245
vt 0.414870835 0.897033245
vt 0.414870835 0.895234132
vt 0.413971278 0.892535462
vt 0.414870835 0.892535462
vt 0.414870835 0.897033245
vt 0.414870835 0.895234132
vt 0.414870835 0.892535462
vt 0.414870835 0.897033245
vt 0.414870835 0.897033245
vt 0.414870835 0.895234132
vt 0.414870835 0.892535462
vt 0.414870835 0.895234132
vt 0.414870835 0.892535462
vt 0.414870835 0.895234132
vt 0.414870835 0.892535462
vt 0.414870835 0.895234132
vt 0.414870835 0.892535462
vt 0.397779257 0.916823494
vt 0.397779257 0.91502438
vt 0.397779257 0.916823494
vt 0.397779257 0.91502438
vt 0.397779257 0.916823494
vt 0.397779257 0.914124823
vt 0.397779257 0.91502438
vt 0.397779257 0.916823494
vt 0.397779257 0.914124823
vt 0.397779257 0.91232571
vt 0.397779257 0.91502438
vt 0.397779257 0.916823494
vt 0.397779257 0.91232571
vt 0.397779257 0.910526596
vt 0.397779257 0.914124823
vt 0.397779257 0.91502438
vt 0.398678813 0.916823494
vt 0.397779257 0.910526596
vt 0.397779257 0.90962704
vt 0.397779257 0.91232571
vt 0.397779257 0.914124823
vt 0.398678813 0.91502438
vt 0.398678813 0.916823494
vt 0.398678813 0.91502438
vt 0.397779257 0.90962704
vt 0.397779257 0.907827926
vt 0.397779257 0.907827926
vt 0.397779257 0.914124823
vt 0.398678813 0.914124823
vt 0.398678813 0.914124823
vt 0.398678813 0.91232571
vt 0.398678813 0.91232571
vt 0.397779257 0.910526596
vt 0.397779257 0.90962704
vt 0.397779257 0.907827926
vt 0.397779257 0.91232571
vt 0.397779257 0.90962704
vt 0.397779257 0.907827926
vt 0.397779257 0.910526596
vt 0.397779257 0.91232571
vt 0.397779257 0.910526596
vt 0.397779257 0.90962704
vt 0.397779257 0.907827926
vt 0.398678813 0.910526596
vt 0.398678813 0.910526596
vt 0.398678813 0.90962704
vt 0.398678813 0.907827926
vt 0.398678813 0.90962704
vt 0.398678813 0.907827926
vt 0.3968797 0.906928369
vt 0.3968797 0.904229699
vt 0.3968797 0.904229699
vt 0.3968797 0.906928369
vt 0.3968797 0.910526596
vt 0.3968797 0.904229699
vt 0.3968797 0.910526596
vt 0.3968797 0.913225267
vt 0.3968797 0.906928369
vt 0.3968797 0.904229699
vt 0.3968797 0.913225267
vt 0.3968797 0.916823494
vt 0.3968797 0.910526596
vt 0.3968797 0.906928369
vt 0.395980143 0.904229699
vt 0.395980143 0.906928369
vt 0.395980143 0.904229699
vt 0.3968797 0.910526596
vt 0.395980143 0.906928369
vt 0.395980143 0.904229699
vt 0.395980143 0.906928369
vt 0.395980143 0.910526596
vt 0.395980143 0.910526596
vt 0.395980143 0.910526596
vt 0.3968797 0.913225267
vt 0.3968797 0.913225267
vt 0.395980143 0.913225267
vt 0.395980143 0.913225267
vt 0.395980143 0.913225267
vt 0.3968797 0.916823494
vt 0.395980143 0.916823494
vt 0.395980143 0.916823494
vt 0.3968797 0.916823494
vt 0.395980143 0.916823494
vt 0.395980143 0.921321277
vt 0.395980143 0.921321277
vt 0.395980143 0.921321277
vt 0.3968797 0.921321277
vt 0.3968797 0.921321277
vt 0.3968797 0.921321277
vt 0.3968797 0.916823494
vt 0.3968797 0.921321277
vt 0.414870835 0.895234132
vt 0.414870835 0.892535462
vt 0.414870835 0.892535462
vt 0.414870835 0.895234132
vt 0.414870835 0.897033245
vt 0.414870835 0.892535462
vt 0.414870835 0.897033245
vt 0.414870835 0.899731916
vt 0.414870835 0.895234132
vt 0.414870835 0.892535462
vt 0.414870835 0.899731916
vt 0.414870835 0.902430586
vt 0.414870835 0.895234132
vt 0.414870835 0.892535462
vt 0.414870835 0.897033245
vt 0.414870835 0.902430586
vt 0.414870835 0.904229699
vt 0.414870835 0.895234132
vt 0.414870835 0.892535462
vt 0.414870835 0.897033245
vt 0.414870835 0.899731916
vt 0.414870835 0.904229699
vt 0.414870835 0.906928369
vt 0.414870835 0.895234132
vt 0.413971278 0.892535462
vt 0.413971278 0.895234132
vt 0.414870835 0.897033245
vt 0.414870835 0.897033245
vt 0.413971278 0.897033245
vt 0.414870835 0.899731916
vt 0.414870835 0.902430586
vt 0.414870835 0.906928369
vt 0.414870835 0.908727483
vt 0.414870835 0.899731916
vt 0.413971278 0.899731916
vt 0.414870835 0.899731916
vt 0.414870835 0.904229699
vt 0.414870835 0.902430586
vt 0.414870835 0.908727483
vt 0.414870835 0.910526596
vt 0.414870835 0.902430586
vt 0.413971278 0.902430586
vt 0.414870835 0.902430586
vt 0.414870835 0.906928369
vt 0.414870835 0.904229699
vt 0.414870835 0.910526596
vt 0.414870835 0.91232571
vt 0.414870835 0.904229699
vt 0.413971278 0.904229699
vt 0.414870835 0.904229699
vt 0.414870835 0.908727483
vt 0.414870835 0.91232571
vt 0.414870835 0.914124823
vt 0.414870835 0.906928369
vt 0.413971278 0.906928369
vt 0.414870835 0.906928369
vt 0.414870835 0.906928369
vt 0.414870835 0.910526596
vt 0.414870835 0.908727483
vt 0.414870835 0.914124823
vt 0.414870835 0.91502438
vt 0.414870835 0.91502438
vt 0.414870835 0.908727483
vt 0.414870835 0.91232571
vt 0.414870835 0.914124823
vt 0.414870835 0.91502438
vt 0.414870835 0.910526596
vt 0.414870835 0.91232571
vt 0.414870835 0.914124823
vt 0.414870835 0.91502438
vt 0.414870835 0.908727483
vt 0.413971278 0.908727483
vt 0.414870835 0.910526596
vt 0.414870835 0.910526596
vt 0.413971278 0.910526596
vt 0.414870835 0.91232571
vt 0.414870835 0.914124823
vt 0.414870835 0.91502438
vt 0.414870835 0.91232571
vt 0.413971278 0.91232571
vt 0.414870835 0.914124823
vt 0.414870835 0.91502438
vt 0.413971278 0.914124823
vt 0.413971278 0.91502438
vt 0.148602041 0.749505941
vt 0.151300711 0.767497075
vt 0.153099824 0.767497075
vt 0.151300711 0.749505941
vt 0.154898938 0.767497075
vt 0.153099824 0.748606384
vt 0.156698051 0.767497075
vt 0.155798494 0.748606384
vt 0.158497165 0.767497075
vt 0.158497165 0.748606384
vt 0.161195835 0.766597519
vt 0.160296278 0.748606384
vt 0.162994948 0.766597519
vt 0.162994948 0.748606384
vt 0.164794062 0.766597519
vt 0.165693618 0.748606384
vt 0.166593175 0.767497075
vt 0.167492732 0.748606384
vt 0.169291845 0.767497075
vt 0.170191402 0.748606384
vt 0.171090959 0.767497075
vt 0.171990516 0.748606384
vt 0.172890072 0.767497075
vt 0.174689186 0.749505941
vt 0.174689186 0.767497075
vt 0.176488299 0.749505941
vt 0.834064274 0.416669948
vt 0.830466047 0.419368618
vt 0.839461614 0.440058423
vt 0.841260728 0.427464629
vt 0.837662501 0.413971278
vt 0.842160284 0.414870835
vt 0.848457182 0.461647785
vt 0.846658068 0.434661083
vt 0.846658068 0.415770391
vt 0.849356738 0.433761526
vt 0.850256295 0.420268175
vt 0.852954965 0.423866402
vt 0.851155852 0.43825931
vt 0.854754079 0.434661083
vt 0.854754079 0.440058423
vt 0.857452749 0.421167732
vt 0.861950533 0.418469061
vt 0.858352306 0.415770391
vt 0.855653635 0.43825931
vt 0.861950533 0.415770391
vt 0.852954965 0.428364186
vt 0.853854522 0.414870835
vt 0.850256295 0.417569505
vt 0.849356738 0.460748228
vt 0.847557625 0.434661083
vt 0.846658068 0.420268175
vt 0.842160284 0.417569505
vt 0.841260728 0.429263742
vt 0.847557625 0.434661083
vt 0.837662501 0.414870835
vt 0.840361171 0.440058423
vt 0.834064274 0.417569505
vt 0.830466047 0.420268175
vt 0.856553192 0.453551774
vt 0.858352306 0.449953547
vt 0.852055408 0.434661083
vt 0.851155852 0.445455764
vt 0.853854522 0.456250444
vt 0.851155852 0.456250444
vt 0.844858955 0.419368618
vt 0.846658068 0.44095798
vt 0.847557625 0.456250444
vt 0.844858955 0.442757093
vt 0.843959398 0.454451331
vt 0.841260728 0.452652217
vt 0.842160284 0.439158866
vt 0.840361171 0.442757093
vt 0.839461614 0.43825931
vt 0.837662501 0.454451331
vt 0.834064274 0.456250444
vt 0.836762944 0.421167732
vt 0.833164717 0.422067288
vt 0.841260728 0.440058423
vt 0.842160284 0.430163299
vt 0.839461614 0.420268175
vt 0.843059841 0.420268175
vt 0.849356738 0.457150001
vt 0.847557625 0.433761526
vt 0.846658068 0.420268175
vt 0.849356738 0.419368618
vt 0.852055408 0.429263742
vt 0.852954965 0.418469061
vt 0.854754079 0.439158866
vt 0.856553192 0.419368618
vt 0.859251862 0.420268175
vt 0.112619771 0.26464486
vt 0.112619771 0.26464486
vt 0.111720214 0.26464486
vt 0.111720214 0.26464486
vt 0.112619771 0.26734353
vt 0.111720214 0.26464486
vt 0.111720214 0.26734353
vt 0.112619771 0.26734353
vt 0.111720214 0.26464486
vt 0.110820658 0.26464486
vt 0.110820658 0.26464486
vt 0.110820658 0.26464486
vt 0.111720214 0.26734353
vt 0.111720214 0.26734353
vt 0.110820658 0.26464486
vt 0.110820658 0.26464486
vt 0.111720214 0.273640427
vt 0.112619771 0.273640427
vt 0.111720214 0.26734353
vt 0.111720214 0.273640427
vt 0.110820658 0.273640427
vt 0.110820658 0.26734353
vt 0.110820658 0.26734353
vt 0.110820658 0.273640427
vt 0.110820658 0.26464486
vt 0.109921101 0.26464486
vt 0.110820658 0.26734353
vt 0.110820658 0.26734353
vt 0.110820658 0.273640427
vt 0.109921101 0.26464486
vt 0.109921101 0.26464486
vt 0.110820658 0.26734353
vt 0.110820658 0.26734353
vt 0.109921101 0.273640427
vt 0.109921101 0.26464486
vt 0.109921101 0.26464486
vt 0.109921101 0.26464486
vt 0.109921101 0.26734353
vt 0.109921101 0.26734353
vt 0.109921101 0.273640427
vt 0.109921101 0.26734353
vt 0.109921101 0.26734353
vt 0.109921101 0.26734353
vt 0.109921101 0.273640427
vt 0.109921101 0.26734353
vt 0.615471987 0.234959487
vt 0.616371544 0.234959487
vt 0.615471987 0.233160374
vt 0.616371544 0.235859044
vt 0.615471987 0.235859044
vt 0.61457243 0.235859044
vt 0.615471987 0.236758601
vt 0.613672873 0.236758601
vt 0.61457243 0.236758601
vt 0.612773317 0.235859044
vt 0.613672873 0.235859044
vt 0.61457243 0.234959487
vt 0.61457243 0.23405993
vt 0.61457243 0.234959487
vt 0.613672873 0.233160374
vt 0.612773317 0.234959487
vt 0.613672873 0.234959487
vt 0.141405587 0.582188388
vt 0.142305143 0.582188388
vt 0.142305143 0.581288831
vt 0.144104257 0.581288831
vt 0.141405587 0.581288831
vt 0.14050603 0.581288831
vt 0.141405587 0.580389274
vt 0.14050603 0.580389274
vt 0.14050603 0.579489717
vt 0.141405587 0.579489717
vt 0.141405587 0.578590161
vt 0.142305143 0.578590161
vt 0.142305143 0.580389274
vt 0.142305143 0.579489717
vt 0.1432047 0.580389274
vt 0.144104257 0.579489717
vt 0.1432047 0.580389274
vt 0.629864895 0.256548849
vt 0.628065781 0.257448406
vt 0.628965338 0.258347962
vt 0.627166224 0.258347962
vt 0.627166224 0.257448406
vt 0.626266668 0.256548849
vt 0.627166224 0.256548849
vt 0.627166224 0.255649292
vt 0.626266668 0.255649292
vt 0.627166224 0.255649292
vt 0.627166224 0.254749735
vt 0.628965338 0.254749735
vt 0.628065781 0.256548849
vt 0.628065781 0.254749735
vt 0.628965338 0.255649292
vt 0.629864895 0.255649292
vt 0.628965338 0.256548849
vt 0.833164717 0.422067288
vt 0.840361171 0.439158866
vt 0.840361171 0.432861969
vt 0.836762944 0.420268175
vt 0.839461614 0.419368618
vt 0.848457182 0.457150001
vt 0.843959398 0.434661083
vt 0.843059841 0.419368618
vt 0.846658068 0.429263742
vt 0.850256295 0.435560639
vt 0.849356738 0.420268175
vt 0.852954965 0.422966845
vt 0.853854522 0.433761526
vt 0.853854522 0.439158866
vt 0.856553192 0.421167732
vt 0.860151419 0.420268175
vt 0.422067288 0.434661083
vt 0.422067288 0.433761526
vt 0.420268175 0.434661083
vt 0.422966845 0.433761526
vt 0.421167732 0.434661083
vt 0.420268175 0.436460196
vt 0.422067288 0.435560639
vt 0.422067288 0.436460196
vt 0.422966845 0.436460196
vt 0.422067288 0.437359753
vt 0.422966845 0.437359753
vt 0.423866402 0.436460196
vt 0.422067288 0.435560639
vt 0.422966845 0.434661083
vt 0.422966845 0.434661083
vt 0.423866402 0.434661083
vt 0.423866402 0.435560639
vt 0.423866402 0.434661083
vt 0.422966845 0.433761526
vt 0.422966845 0.434661083
vt 0.422067288 0.433761526
vt 0.422067288 0.434661083
vt 0.420268175 0.434661083
vt 0.422067288 0.434661083
vt 0.420268175 0.436460196
vt 0.422067288 0.435560639
vt 0.421167732 0.435560639
vt 0.422067288 0.437359753
vt 0.422067288 0.436460196
vt 0.422966845 0.437359753
vt 0.422966845 0.435560639
vt 0.422966845 0.436460196
vt 0.423866402 0.436460196
vt 0.423866402 0.434661083
vt 0.35550009 0.400477927
vt 0.356399647 0.39957837
vt 0.35550009 0.39957837
vt 0.354600533 0.400477927
vt 0.354600533 0.400477927
vt 0.354600533 0.40227704
vt 0.35550009 0.401377483
vt 0.35550009 0.40227704
vt 0.356399647 0.40227704
vt 0.35550009 0.403176597
vt 0.357299203 0.403176597
vt 0.35819876 0.40227704
vt 0.356399647 0.401377483
vt 0.356399647 0.400477927
vt 0.357299203 0.400477927
vt 0.35819876 0.400477927
vt 0.357299203 0.401377483
vt 0.35550009 0.39957837
vt 0.356399647 0.400477927
vt 0.356399647 0.39957837
vt 0.35819876 0.400477927
vt 0.35550009 0.400477927
vt 0.354600533 0.400477927
vt 0.35550009 0.400477927
vt 0.354600533 0.40227704
vt 0.356399647 0.401377483
vt 0.354600533 0.401377483
vt 0.35550009 0.403176597
vt 0.35550009 0.40227704
vt 0.356399647 0.403176597
vt 0.357299203 0.401377483
vt 0.356399647 0.40227704
vt 0.35819876 0.40227704
vt 0.357299203 0.400477927
vt 0.83226516 0.458949115
vt 0.835863387 0.455350888
vt 0.839461614 0.441857537
vt 0.838562057 0.436460196
vt 0.840361171 0.452652217
vt 0.844858955 0.414870835
vt 0.843059841 0.439158866
vt 0.843959398 0.457150001
vt 0.847557625 0.447254877
vt 0.847557625 0.461647785
vt 0.852055408 0.459848671
vt 0.850256295 0.44095798
vt 0.855653635 0.458949115
vt 0.853854522 0.441857537
vt 0.852954965 0.432861969
vt 0.858352306 0.455350888
vt 0.861050976 0.450853104
vt 0.83226516 0.415770391
vt 0.838562057 0.432861969
vt 0.835863387 0.418469061
vt 0.837662501 0.43825931
vt 0.840361171 0.421167732
vt 0.842160284 0.461647785
vt 0.842160284 0.436460196
vt 0.843959398 0.418469061
vt 0.846658068 0.429263742
vt 0.848457182 0.416669948
vt 0.852055408 0.417569505
vt 0.849356738 0.436460196
vt 0.855653635 0.418469061
vt 0.852954965 0.435560639
vt 0.852055408 0.44365665
vt 0.858352306 0.422067288
vt 0.861050976 0.425665515
vt 0.10452376 0.592983068
vt 0.105423317 0.592983068
vt 0.103624204 0.592083512
vt 0.105423317 0.594782182
vt 0.10452376 0.593882625
vt 0.103624204 0.594782182
vt 0.10452376 0.595681739
vt 0.102724647 0.595681739
vt 0.102724647 0.594782182
vt 0.10182509 0.594782182
vt 0.102724647 0.593882625
vt 0.103624204 0.593882625
vt 0.103624204 0.592983068
vt 0.102724647 0.592983068
vt 0.102724647 0.592083512
vt 0.10182509 0.592983068
vt 0.10182509 0.592983068
vt 0.628965338 0.255649292
vt 0.629864895 0.255649292
vt 0.628965338 0.254749735
vt 0.629864895 0.256548849
vt 0.628965338 0.256548849
vt 0.628065781 0.257448406
vt 0.628965338 0.258347962
vt 0.627166224 0.258347962
vt 0.627166224 0.257448406
vt 0.626266668 0.256548849
vt 0.627166224 0.256548849
vt 0.628065781 0.256548849
vt 0.628065781 0.254749735
vt 0.627166224 0.255649292
vt 0.627166224 0.254749735
vt 0.626266668 0.255649292
vt 0.627166224 0.255649292
vt 0.627166224 0.254749735
vt 0.628065781 0.255649292
vt 0.628965338 0.254749735
vt 0.629864895 0.255649292
vt 0.627166224 0.254749735
vt 0.626266668 0.255649292
vt 0.627166224 0.255649292
vt 0.626266668 0.256548849
vt 0.628065781 0.256548849
vt 0.627166224 0.256548849
vt 0.627166224 0.258347962
vt 0.627166224 0.257448406
vt 0.628965338 0.258347962
vt 0.628965338 0.256548849
vt 0.628065781 0.257448406
vt 0.629864895 0.256548849
vt 0.628965338 0.255649292
vt 0.144104257 0.579489717
vt 0.142305143 0.578590161
vt 0.142305143 0.579489717
vt 0.141405587 0.578590161
vt 0.141405587 0.579489717
vt 0.14050603 0.579489717
vt 0.141405587 0.580389274
vt 0.14050603 0.581288831
vt 0.142305143 0.580389274
vt 0.14050603 0.580389274
vt 0.141405587 0.582188388
vt 0.141405587 0.581288831
vt 0.142305143 0.582188388
vt 0.1432047 0.580389274
vt 0.142305143 0.581288831
vt 0.144104257 0.581288831
vt 0.1432047 0.580389274
vt 0.35550009 0.39957837
vt 0.356399647 0.400477927
vt 0.356399647 0.39957837
vt 0.35819876 0.400477927
vt 0.35550009 0.400477927
vt 0.354600533 0.400477927
vt 0.35550009 0.400477927
vt 0.354600533 0.40227704
vt 0.356399647 0.401377483
vt 0.354600533 0.401377483
vt 0.35550009 0.403176597
vt 0.35550009 0.40227704
vt 0.356399647 0.403176597
vt 0.357299203 0.401377483
vt 0.356399647 0.40227704
vt 0.35819876 0.40227704
vt 0.357299203 0.400477927
vt 0.141405587 0.579489717
vt 0.142305143 0.578590161
vt 0.141405587 0.578590161
vt 0.14050603 0.579489717
vt 0.14050603 0.580389274
vt 0.14050603 0.581288831
vt 0.141405587 0.580389274
vt 0.141405587 0.581288831
vt 0.142305143 0.581288831
vt 0.141405587 0.582188388
vt 0.142305143 0.582188388
vt 0.144104257 0.581288831
vt 0.142305143 0.580389274
vt 0.142305143 0.579489717
vt 0.1432047 0.580389274
vt 0.144104257 0.579489717
vt 0.1432047 0.580389274
vt 0.141405587 0.579489717
vt 0.142305143 0.578590161
vt 0.141405587 0.578590161
vt 0.14050603 0.579489717
vt 0.14050603 0.580389274
vt 0.14050603 0.581288831
vt 0.141405587 0.580389274
vt 0.141405587 0.581288831
vt 0.142305143 0.581288831
vt 0.141405587 0.582188388
vt 0.142305143 0.582188388
vt 0.144104257 0.581288831
vt 0.142305143 0.580389274
vt 0.142305143 0.579489717
vt 0.1432047 0.580389274
vt 0.144104257 0.579489717
vt 0.1432047 0.580389274
vt 0.422067288 0.433761526
vt 0.422966845 0.434661083
vt 0.422966845 0.433761526
vt 0.423866402 0.434661083
vt 0.422067288 0.434661083
vt 0.420268175 0.434661083
vt 0.422067288 0.434661083
vt 0.420268175 0.436460196
vt 0.422067288 0.435560639
vt 0.421167732 0.435560639
vt 0.422067288 0.437359753
vt 0.422067288 0.436460196
vt 0.422966845 0.437359753
vt 0.422966845 0.435560639
vt 0.422966845 0.436460196
vt 0.423866402 0.436460196
vt 0.423866402 0.434661083
vt 0.61457243 0.234959487
vt 0.613672873 0.233160374
vt 0.612773317 0.234959487
vt 0.615471987 0.233160374
vt 0.613672873 0.234959487
vt 0.612773317 0.235859044
vt 0.613672873 0.235859044
vt 0.61457243 0.236758601
vt 0.61457243 0.235859044
vt 0.613672873 0.236758601
vt 0.615471987 0.236758601
vt 0.616371544 0.235859044
vt 0.61457243 0.234959487
vt 0.61457243 0.23405993
vt 0.615471987 0.234959487
vt 0.616371544 0.234959487
vt 0.615471987 0.235859044
vt 0.144104257 0.579489717
vt 0.142305143 0.578590161
vt 0.142305143 0.579489717
vt 0.141405587 0.578590161
vt 0.141405587 0.579489717
vt 0.14050603 0.579489717
vt 0.141405587 0.580389274
vt 0.14050603 0.581288831
vt 0.142305143 0.580389274
vt 0.14050603 0.580389274
vt 0.141405587 0.582188388
vt 0.141405587 0.581288831
vt 0.142305143 0.582188388
vt 0.1432047 0.580389274
vt 0.142305143 0.581288831
vt 0.144104257 0.581288831
vt 0.1432047 0.580389274
vt 0.422966845 0.434661083
vt 0.423866402 0.434661083
vt 0.422966845 0.433761526
vt 0.423866402 0.436460196
vt 0.423866402 0.435560639
vt 0.422966845 0.436460196
vt 0.422966845 0.437359753
vt 0.422067288 0.437359753
vt 0.422067288 0.436460196
vt 0.420268175 0.436460196
vt 0.422067288 0.435560639
vt 0.422067288 0.435560639
vt 0.422966845 0.434661083
vt 0.422067288 0.434661083
vt 0.422067288 0.433761526
vt 0.420268175 0.434661083
vt 0.421167732 0.434661083
vt 0.61457243 0.234959487
vt 0.615471987 0.233160374
vt 0.613672873 0.233160374
vt 0.612773317 0.234959487
vt 0.613672873 0.234959487
vt 0.612773317 0.235859044
vt 0.613672873 0.235859044
vt 0.61457243 0.236758601
vt 0.61457243 0.235859044
vt 0.613672873 0.236758601
vt 0.615471987 0.236758601
vt 0.616371544 0.235859044
vt 0.61457243 0.234959487
vt 0.61457243 0.23405993
vt 0.615471987 0.234959487
vt 0.616371544 0.234959487
vt 0.615471987 0.235859044
vt 0.422067288 0.434661083
vt 0.422067288 0.433761526
vt 0.420268175 0.434661083
vt 0.422966845 0.433761526
vt 0.421167732 0.434661083
vt 0.420268175 0.436460196
vt 0.422067288 0.435560639
vt 0.422067288 0.436460196
vt 0.422966845 0.436460196
vt 0.422067288 0.437359753
vt 0.422966845 0.437359753
vt 0.423866402 0.436460196
vt 0.422067288 0.435560639
vt 0.422966845 0.434661083
vt 0.422966845 0.434661083
vt 0.423866402 0.434661083
vt 0.423866402 0.435560639
vt 0.1432047 0.580389274
vt 0.144104257 0.579489717
vt 0.142305143 0.578590161
vt 0.144104257 0.581288831
vt 0.1432047 0.580389274
vt 0.142305143 0.581288831
vt 0.142305143 0.582188388
vt 0.141405587 0.582188388
vt 0.141405587 0.581288831
vt 0.14050603 0.581288831
vt 0.141405587 0.580389274
vt 0.142305143 0.580389274
vt 0.142305143 0.579489717
vt 0.141405587 0.579489717
vt 0.141405587 0.578590161
vt 0.14050603 0.579489717
vt 0.14050603 0.580389274
vt 0.615471987 0.234959487
vt 0.616371544 0.234959487
vt 0.615471987 0.233160374
vt 0.616371544 0.235859044
vt 0.615471987 0.235859044
vt 0.61457243 0.235859044
vt 0.615471987 0.236758601
vt 0.613672873 0.236758601
vt 0.61457243 0.236758601
vt 0.612773317 0.235859044
vt 0.613672873 0.235859044
vt 0.61457243 0.234959487
vt 0.61457243 0.23405993
vt 0.61457243 0.234959487
vt 0.613672873 0.233160374
vt 0.612773317 0.234959487
vt 0.613672873 0.234959487
vt 0.423866402 0.434661083
vt 0.422966845 0.433761526
vt 0.422966845 0.434661083
vt 0.422067288 0.433761526
vt 0.422067288 0.434661083
vt 0.420268175 0.434661083
vt 0.422067288 0.434661083
vt 0.420268175 0.436460196
vt 0.422067288 0.435560639
vt 0.421167732 0.435560639
vt 0.422067288 0.437359753
vt 0.422067288 0.436460196
vt 0.422966845 0.437359753
vt 0.422966845 0.435560639
vt 0.422966845 0.436460196
vt 0.423866402 0.436460196
vt 0.423866402 0.434661083
vt 0.1432047 0.580389274
vt 0.144104257 0.581288831
vt 0.144104257 0.579489717
vt 0.142305143 0.578590161
vt 0.1432047 0.580389274
vt 0.142305143 0.581288831
vt 0.142305143 0.582188388
vt 0.141405587 0.582188388
vt 0.141405587 0.581288831
vt 0.14050603 0.581288831
vt 0.141405587 0.580389274
vt 0.142305143 0.580389274
vt 0.142305143 0.579489717
vt 0.141405587 0.579489717
vt 0.141405587 0.578590161
vt 0.14050603 0.579489717
vt 0.14050603 0.580389274
vt 0.422067288 0.434661083
vt 0.422966845 0.433761526
vt 0.422067288 0.433761526
vt 0.420268175 0.434661083
vt 0.421167732 0.434661083
vt 0.420268175 0.436460196
vt 0.422067288 0.435560639
vt 0.422067288 0.436460196
vt 0.422966845 0.436460196
vt 0.422067288 0.437359753
vt 0.422966845 0.437359753
vt 0.423866402 0.436460196
vt 0.422067288 0.435560639
vt 0.422966845 0.434661083
vt 0.422966845 0.434661083
vt 0.423866402 0.434661083
vt 0.423866402 0.435560639
vt 0.422966845 0.434661083
vt 0.423866402 0.436460196
vt 0.423866402 0.434661083
vt 0.422966845 0.433761526
vt 0.423866402 0.435560639
vt 0.422966845 0.436460196
vt 0.422966845 0.437359753
vt 0.422067288 0.437359753
vt 0.422067288 0.436460196
vt 0.420268175 0.436460196
vt 0.422067288 0.435560639
vt 0.422067288 0.435560639
vt 0.422966845 0.434661083
vt 0.422067288 0.434661083
vt 0.422067288 0.433761526
vt 0.420268175 0.434661083
vt 0.421167732 0.434661083
vt 0.1432047 0.580389274
vt 0.144104257 0.579489717
vt 0.142305143 0.578590161
vt 0.144104257 0.581288831
vt 0.1432047 0.580389274
vt 0.142305143 0.581288831
vt 0.142305143 0.582188388
vt 0.141405587 0.582188388
vt 0.141405587 0.581288831
vt 0.14050603 0.581288831
vt 0.141405587 0.580389274
vt 0.142305143 0.580389274
vt 0.142305143 0.579489717
vt 0.141405587 0.579489717
vt 0.141405587 0.578590161
vt 0.14050603 0.579489717
vt 0.14050603 0.580389274
vt 0.422067288 0.434661083
vt 0.422966845 0.433761526
vt 0.422067288 0.433761526
vt 0.420268175 0.434661083
vt 0.421167732 0.434661083
vt 0.420268175 0.436460196
vt 0.422067288 0.435560639
vt 0.422067288 0.436460196
vt 0.422966845 0.436460196
vt 0.422067288 0.437359753
vt 0.422966845 0.437359753
vt 0.423866402 0.436460196
vt 0.422067288 0.435560639
vt 0.422966845 0.434661083
vt 0.422966845 0.434661083
vt 0.423866402 0.434661083
vt 0.423866402 0.435560639
vt 0.61457243 0.234959487
vt 0.613672873 0.233160374
vt 0.612773317 0.234959487
vt 0.615471987 0.233160374
vt 0.613672873 0.234959487
vt 0.612773317 0.235859044
vt 0.613672873 0.235859044
vt 0.61457243 0.236758601
vt 0.61457243 0.235859044
vt 0.613672873 0.236758601
vt 0.615471987 0.236758601
vt 0.616371544 0.235859044
vt 0.61457243 0.234959487
vt 0.61457243 0.23405993
vt 0.615471987 0.234959487
vt 0.616371544 0.234959487
vt 0.615471987 0.235859044
vt 0.613672873 0.236758601
vt 0.615471987 0.236758601
vt 0.61457243 0.235859044
vt 0.616371544 0.235859044
vt 0.61457243 0.236758601
vt 0.612773317 0.235859044
vt 0.613672873 0.235859044
vt 0.613672873 0.234959487
vt 0.612773317 0.234959487
vt 0.61457243 0.234959487
vt 0.613672873 0.233160374
vt 0.615471987 0.233160374
vt 0.61457243 0.234959487
vt 0.61457243 0.23405993
vt 0.615471987 0.234959487
vt 0.616371544 0.234959487
vt 0.615471987 0.235859044
vt 0.144104257 0.579489717
vt 0.142305143 0.578590161
vt 0.142305143 0.579489717
vt 0.141405587 0.578590161
vt 0.141405587 0.579489717
vt 0.14050603 0.579489717
vt 0.141405587 0.580389274
vt 0.14050603 0.581288831
vt 0.142305143 0.580389274
vt 0.14050603 0.580389274
vt 0.141405587 0.582188388
vt 0.141405587 0.581288831
vt 0.142305143 0.582188388
vt 0.1432047 0.580389274
vt 0.142305143 0.581288831
vt 0.144104257 0.581288831
vt 0.1432047 0.580389274
vt 0.615471987 0.234959487
vt 0.616371544 0.234959487
vt 0.615471987 0.233160374
vt 0.616371544 0.235859044
vt 0.615471987 0.235859044
vt 0.61457243 0.235859044
vt 0.615471987 0.236758601
vt 0.613672873 0.236758601
vt 0.61457243 0.236758601
vt 0.612773317 0.235859044
vt 0.613672873 0.235859044
vt 0.61457243 0.234959487
vt 0.61457243 0.23405993
vt 0.61457243 0.234959487
vt 0.613672873 0.233160374
vt 0.612773317 0.234959487
vt 0.613672873 0.234959487
vt 0.616371544 0.234959487
vt 0.615471987 0.233160374
vt 0.61457243 0.234959487
vt 0.613672873 0.233160374
vt 0.61457243 0.23405993
vt 0.612773317 0.234959487
vt 0.613672873 0.234959487
vt 0.612773317 0.235859044
vt 0.61457243 0.234959487
vt 0.613672873 0.235859044
vt 0.613672873 0.236758601
vt 0.61457243 0.235859044
vt 0.615471987 0.236758601
vt 0.615471987 0.235859044
vt 0.61457243 0.236758601
vt 0.616371544 0.235859044
vt 0.615471987 0.234959487
vt 0.616371544 0.234959487
vt 0.615471987 0.233160374
vt 0.61457243 0.234959487
vt 0.613672873 0.233160374
vt 0.61457243 0.23405993
vt 0.612773317 0.234959487
vt 0.613672873 0.234959487
vt 0.612773317 0.235859044
vt 0.61457243 0.234959487
vt 0.613672873 0.235859044
vt 0.613672873 0.236758601
vt 0.61457243 0.235859044
vt 0.615471987 0.236758601
vt 0.615471987 0.235859044
vt 0.61457243 0.236758601
vt 0.616371544 0.235859044
vt 0.615471987 0.234959487
vt 0.613672873 0.236758601
vt 0.615471987 0.236758601
vt 0.61457243 0.235859044
vt 0.616371544 0.235859044
vt 0.61457243 0.236758601
vt 0.612773317 0.235859044
vt 0.613672873 0.235859044
vt 0.613672873 0.234959487
vt 0.612773317 0.234959487
vt 0.61457243 0.234959487
vt 0.613672873 0.233160374
vt 0.615471987 0.233160374
vt 0.61457243 0.234959487
vt 0.61457243 0.23405993
vt 0.615471987 0.234959487
vt 0.616371544 0.234959487
vt 0.615471987 0.235859044
vt 0.144104257 0.581288831
vt 0.142305143 0.581288831
vt 0.142305143 0.582188388
vt 0.141405587 0.582188388
vt 0.141405587 0.581288831
vt 0.14050603 0.581288831
vt 0.141405587 0.580389274
vt 0.14050603 0.580389274
vt 0.14050603 0.579489717
vt 0.141405587 0.579489717
vt 0.141405587 0.578590161
vt 0.142305143 0.578590161
vt 0.142305143 0.580389274
vt 0.142305143 0.579489717
vt 0.1432047 0.580389274
vt 0.144104257 0.579489717
vt 0.1432047 0.580389274
vt 0.423866402 0.434661083
vt 0.422966845 0.433761526
vt 0.422966845 0.434661083
vt 0.422067288 0.433761526
vt 0.422067288 0.434661083
vt 0.420268175 0.434661083
vt 0.422067288 0.434661083
vt 0.420268175 0.436460196
vt 0.422067288 0.435560639
vt 0.421167732 0.435560639
vt 0.422067288 0.437359753
vt 0.422067288 0.436460196
vt 0.422966845 0.437359753
vt 0.422966845 0.435560639
vt 0.422966845 0.436460196
vt 0.423866402 0.436460196
vt 0.423866402 0.434661083
vt 0.422067288 0.433761526
vt 0.422966845 0.434661083
vt 0.422966845 0.433761526
vt 0.423866402 0.434661083
vt 0.422067288 0.434661083
vt 0.420268175 0.434661083
vt 0.422067288 0.434661083
vt 0.420268175 0.436460196
vt 0.422067288 0.435560639
vt 0.421167732 0.435560639
vt 0.422067288 0.437359753
vt 0.422067288 0.436460196
vt 0.422966845 0.437359753
vt 0.422966845 0.435560639
vt 0.422966845 0.436460196
vt 0.423866402 0.436460196
vt 0.423866402 0.434661083
vt 0.141405587 0.578590161
vt 0.142305143 0.579489717
vt 0.142305143 0.578590161
vt 0.144104257 0.579489717
vt 0.141405587 0.579489717
vt 0.14050603 0.579489717
vt 0.141405587 0.580389274
vt 0.14050603 0.581288831
vt 0.142305143 0.580389274
vt 0.14050603 0.580389274
vt 0.141405587 0.582188388
vt 0.141405587 0.581288831
vt 0.142305143 0.582188388
vt 0.1432047 0.580389274
vt 0.142305143 0.581288831
vt 0.144104257 0.581288831
vt 0.1432047 0.580389274
vt 0.616371544 0.234959487
vt 0.615471987 0.233160374
vt 0.61457243 0.234959487
vt 0.613672873 0.233160374
vt 0.61457243 0.23405993
vt 0.612773317 0.234959487
vt 0.613672873 0.234959487
vt 0.612773317 0.235859044
vt 0.61457243 0.234959487
vt 0.613672873 0.235859044
vt 0.613672873 0.236758601
vt 0.61457243 0.235859044
vt 0.615471987 0.236758601
vt 0.615471987 0.235859044
vt 0.61457243 0.236758601
vt 0.616371544 0.235859044
vt 0.615471987 0.234959487
vt 0.1432047 0.580389274
vt 0.144104257 0.579489717
vt 0.142305143 0.578590161
vt 0.144104257 0.581288831
vt 0.1432047 0.580389274
vt 0.142305143 0.581288831
vt 0.142305143 0.582188388
vt 0.141405587 0.582188388
vt 0.141405587 0.581288831
vt 0.14050603 0.581288831
vt 0.141405587 0.580389274
vt 0.142305143 0.580389274
vt 0.142305143 0.579489717
vt 0.141405587 0.579489717
vt 0.141405587 0.578590161
vt 0.14050603 0.579489717
vt 0.14050603 0.580389274
vt 0.144104257 0.579489717
vt 0.142305143 0.578590161
vt 0.142305143 0.579489717
vt 0.141405587 0.578590161
vt 0.141405587 0.579489717
vt 0.14050603 0.579489717
vt 0.141405587 0.580389274
vt 0.14050603 0.581288831
vt 0.142305143 0.580389274
vt 0.14050603 0.580389274
vt 0.141405587 0.582188388
vt 0.141405587 0.581288831
vt 0.142305143 0.582188388
vt 0.1432047 0.580389274
vt 0.142305143 0.581288831
vt 0.144104257 0.581288831
vt 0.1432047 0.580389274
vt 0.61457243 0.234959487
vt 0.613672873 0.233160374
vt 0.612773317 0.234959487
vt 0.615471987 0.233160374
vt 0.613672873 0.234959487
vt 0.612773317 0.235859044
vt 0.613672873 0.235859044
vt 0.61457243 0.236758601
vt 0.61457243 0.235859044
vt 0.613672873 0.236758601
vt 0.615471987 0.236758601
vt 0.616371544 0.235859044
vt 0.61457243 0.234959487
vt 0.61457243 0.23405993
vt 0.615471987 0.234959487
vt 0.616371544 0.234959487
vt 0.615471987 0.235859044
vt 0.422966845 0.434661083
vt 0.423866402 0.434661083
vt 0.422966845 0.433761526
vt 0.423866402 0.436460196
vt 0.423866402 0.435560639
vt 0.422966845 0.436460196
vt 0.422966845 0.437359753
vt 0.422067288 0.437359753
vt 0.422067288 0.436460196
vt 0.420268175 0.436460196
vt 0.422067288 0.435560639
vt 0.422067288 0.435560639
vt 0.422966845 0.434661083
vt 0.422067288 0.434661083
vt 0.422067288 0.433761526
vt 0.420268175 0.434661083
vt 0.421167732 0.434661083
vt 0.10452376 0.592983068
vt 0.105423317 0.594782182
vt 0.105423317 0.592983068
vt 0.103624204 0.592083512
vt 0.10452376 0.593882625
vt 0.103624204 0.594782182
vt 0.10452376 0.595681739
vt 0.102724647 0.595681739
vt 0.102724647 0.594782182
vt 0.10182509 0.594782182
vt 0.102724647 0.593882625
vt 0.103624204 0.593882625
vt 0.103624204 0.592983068
vt 0.102724647 0.592983068
vt 0.102724647 0.592083512
vt 0.10182509 0.592983068
vt 0.10182509 0.592983068
vt 0.629864895 0.256548849
vt 0.628065781 0.257448406
vt 0.628965338 0.258347962
vt 0.627166224 0.258347962
vt 0.627166224 0.257448406
vt 0.626266668 0.256548849
vt 0.627166224 0.256548849
vt 0.627166224 0.255649292
vt 0.626266668 0.255649292
vt 0.627166224 0.255649292
vt 0.627166224 0.254749735
vt 0.628965338 0.254749735
vt 0.628065781 0.256548849
vt 0.628065781 0.254749735
vt 0.628965338 0.255649292
vt 0.629864895 0.255649292
vt 0.628965338 0.256548849
vt 0.102724647 0.592983068
vt 0.103624204 0.592083512
vt 0.102724647 0.592083512
vt 0.10182509 0.592983068
vt 0.10182509 0.592983068
vt 0.10182509 0.594782182
vt 0.102724647 0.593882625
vt 0.102724647 0.594782182
vt 0.103624204 0.594782182
vt 0.102724647 0.595681739
vt 0.10452376 0.595681739
vt 0.105423317 0.594782182
vt 0.103624204 0.593882625
vt 0.103624204 0.592983068
vt 0.10452376 0.592983068
vt 0.105423317 0.592983068
vt 0.10452376 0.593882625
vt 0.102724647 0.592983068
vt 0.102724647 0.592083512
vt 0.10182509 0.592983068
vt 0.103624204 0.592083512
vt 0.10182509 0.592983068
vt 0.10182509 0.594782182
vt 0.102724647 0.593882625
vt 0.102724647 0.594782182
vt 0.103624204 0.594782182
vt 0.102724647 0.595681739
vt 0.10452376 0.595681739
vt 0.105423317 0.594782182
vt 0.103624204 0.593882625
vt 0.103624204 0.592983068
vt 0.10452376 0.592983068
vt 0.105423317 0.592983068
vt 0.10452376 0.593882625
vt 0.35550009 0.39957837
vt 0.356399647 0.400477927
vt 0.356399647 0.39957837
vt 0.35819876 0.400477927
vt 0.35550009 0.400477927
vt 0.354600533 0.400477927
vt 0.35550009 0.400477927
vt 0.354600533 0.40227704
vt 0.356399647 0.401377483
vt 0.354600533 0.401377483
vt 0.35550009 0.403176597
vt 0.35550009 0.40227704
vt 0.356399647 0.403176597
vt 0.357299203 0.401377483
vt 0.356399647 0.40227704
vt 0.35819876 0.40227704
vt 0.357299203 0.400477927
vt 0.627166224 0.258347962
vt 0.628965338 0.258347962
vt 0.628065781 0.257448406
vt 0.629864895 0.256548849
vt 0.627166224 0.257448406
vt 0.626266668 0.256548849
vt 0.627166224 0.256548849
vt 0.627166224 0.255649292
vt 0.626266668 0.255649292
vt 0.627166224 0.255649292
vt 0.627166224 0.254749735
vt 0.628965338 0.254749735
vt 0.628065781 0.256548849
vt 0.628065781 0.254749735
vt 0.628965338 0.255649292
vt 0.629864895 0.255649292
vt 0.628965338 0.256548849
vt 0.627166224 0.255649292
vt 0.628965338 0.254749735
vt 0.627166224 0.254749735
vt 0.626266668 0.255649292
vt 0.627166224 0.255649292
vt 0.626266668 0.256548849
vt 0.627166224 0.256548849
vt 0.627166224 0.257448406
vt 0.628065781 0.257448406
vt 0.627166224 0.258347962
vt 0.628965338 0.258347962
vt 0.629864895 0.256548849
vt 0.628065781 0.256548849
vt 0.628065781 0.254749735
vt 0.628965338 0.255649292
vt 0.629864895 0.255649292
vt 0.628965338 0.256548849
vt 0.102724647 0.595681739
vt 0.10452376 0.595681739
vt 0.103624204 0.594782182
vt 0.105423317 0.594782182
vt 0.102724647 0.594782182
vt 0.10182509 0.594782182
vt 0.102724647 0.593882625
vt 0.10182509 0.592983068
vt 0.10182509 0.592983068
vt 0.102724647 0.592983068
vt 0.102724647 0.592083512
vt 0.103624204 0.592083512
vt 0.103624204 0.593882625
vt 0.103624204 0.592983068
vt 0.10452376 0.592983068
vt 0.105423317 0.592983068
vt 0.10452376 0.593882625
vt 0.628965338 0.255649292
vt 0.629864895 0.255649292
vt 0.628965338 0.254749735
vt 0.629864895 0.256548849
vt 0.628965338 0.256548849
vt 0.628065781 0.257448406
vt 0.628965338 0.258347962
vt 0.627166224 0.258347962
vt 0.627166224 0.257448406
vt 0.626266668 0.256548849
vt 0.627166224 0.256548849
vt 0.628065781 0.256548849
vt 0.628065781 0.254749735
vt 0.627166224 0.255649292
vt 0.627166224 0.254749735
vt 0.626266668 0.255649292
vt 0.627166224 0.255649292
vt 0.102724647 0.592083512
vt 0.103624204 0.592983068
vt 0.10452376 0.592083512
vt 0.105423317 0.592983068
vt 0.102724647 0.592983068
vt 0.10182509 0.592983068
vt 0.102724647 0.592983068
vt 0.10182509 0.594782182
vt 0.103624204 0.593882625
vt 0.10182509 0.593882625
vt 0.102724647 0.595681739
vt 0.102724647 0.594782182
vt 0.103624204 0.595681739
vt 0.10452376 0.593882625
vt 0.103624204 0.594782182
vt 0.105423317 0.594782182
vt 0.10452376 0.592983068
vt 0.35550009 0.403176597
vt 0.357299203 0.403176597
vt 0.356399647 0.40227704
vt 0.35819876 0.40227704
vt 0.35550009 0.40227704
vt 0.354600533 0.40227704
vt 0.35550009 0.401377483
vt 0.354600533 0.400477927
vt 0.354600533 0.400477927
vt 0.35550009 0.400477927
vt 0.35550009 0.39957837
vt 0.356399647 0.39957837
vt 0.356399647 0.401377483
vt 0.356399647 0.400477927
vt 0.357299203 0.400477927
vt 0.35819876 0.400477927
vt 0.357299203 0.401377483
vt 0.35819876 0.40227704
vt 0.356399647 0.40227704
vt 0.357299203 0.403176597
vt 0.35550009 0.403176597
vt 0.35550009 0.40227704
vt 0.354600533 0.40227704
vt 0.35550009 0.401377483
vt 0.354600533 0.400477927
vt 0.354600533 0.400477927
vt 0.35550009 0.400477927
vt 0.35550009 0.39957837
vt 0.356399647 0.39957837
vt 0.356399647 0.401377483
vt 0.356399647 0.400477927
vt 0.357299203 0.400477927
vt 0.35819876 0.400477927
vt 0.357299203 0.401377483
vt 0.35550009 0.39957837
vt 0.356399647 0.400477927
vt 0.356399647 0.39957837
vt 0.35819876 0.400477927
vt 0.35550009 0.400477927
vt 0.354600533 0.400477927
vt 0.35550009 0.400477927
vt 0.354600533 0.40227704
vt 0.356399647 0.401377483
vt 0.354600533 0.401377483
vt 0.35550009 0.403176597
vt 0.35550009 0.40227704
vt 0.356399647 0.403176597
vt 0.357299203 0.401377483
vt 0.356399647 0.40227704
vt 0.35819876 0.40227704
vt 0.357299203 0.400477927
vt 0.10452376 0.592983068
vt 0.105423317 0.592983068
vt 0.103624204 0.592083512
vt 0.105423317 0.594782182
vt 0.10452376 0.593882625
vt 0.103624204 0.594782182
vt 0.10452376 0.595681739
vt 0.102724647 0.595681739
vt 0.102724647 0.594782182
vt 0.10182509 0.594782182
vt 0.102724647 0.593882625
vt 0.103624204 0.593882625
vt 0.103624204 0.592983068
vt 0.102724647 0.592983068
vt 0.102724647 0.592083512
vt 0.10182509 0.592983068
vt 0.10182509 0.592983068
vt 0.629864895 0.255649292
vt 0.628965338 0.254749735
vt 0.628065781 0.255649292
vt 0.627166224 0.254749735
vt 0.627166224 0.254749735
vt 0.626266668 0.255649292
vt 0.627166224 0.255649292
vt 0.626266668 0.256548849
vt 0.628065781 0.256548849
vt 0.627166224 0.256548849
vt 0.627166224 0.258347962
vt 0.627166224 0.257448406
vt 0.628965338 0.258347962
vt 0.628965338 0.256548849
vt 0.628065781 0.257448406
vt 0.629864895 0.256548849
vt 0.628965338 0.255649292
vt 0.357299203 0.400477927
vt 0.35819876 0.400477927
vt 0.356399647 0.39957837
vt 0.35819876 0.40227704
vt 0.357299203 0.401377483
vt 0.356399647 0.40227704
vt 0.357299203 0.403176597
vt 0.35550009 0.403176597
vt 0.35550009 0.40227704
vt 0.354600533 0.40227704
vt 0.35550009 0.401377483
vt 0.356399647 0.401377483
vt 0.356399647 0.400477927
vt 0.35550009 0.400477927
vt 0.35550009 0.39957837
vt 0.354600533 0.400477927
vt 0.354600533 0.400477927
vt 0.102724647 0.592083512
vt 0.103624204 0.592983068
vt 0.10452376 0.592083512
vt 0.105423317 0.592983068
vt 0.102724647 0.592983068
vt 0.10182509 0.592983068
vt 0.102724647 0.592983068
vt 0.10182509 0.594782182
vt 0.103624204 0.593882625
vt 0.10182509 0.593882625
vt 0.102724647 0.595681739
vt 0.102724647 0.594782182
vt 0.103624204 0.595681739
vt 0.10452376 0.593882625
vt 0.103624204 0.594782182
vt 0.105423317 0.594782182
vt 0.10452376 0.592983068
vt 0.627166224 0.255649292
vt 0.628965338 0.254749735
vt 0.627166224 0.254749735
vt 0.626266668 0.255649292
vt 0.627166224 0.255649292
vt 0.626266668 0.256548849
vt 0.627166224 0.256548849
vt 0.627166224 0.257448406
vt 0.628065781 0.257448406
vt 0.627166224 0.258347962
vt 0.628965338 0.258347962
vt 0.629864895 0.256548849
vt 0.628065781 0.256548849
vt 0.628065781 0.254749735
vt 0.628965338 0.255649292
vt 0.629864895 0.255649292
vt 0.628965338 0.256548849
vt 0.35819876 0.400477927
vt 0.356399647 0.39957837
vt 0.356399647 0.400477927
vt 0.35550009 0.39957837
vt 0.35550009 0.400477927
vt 0.354600533 0.400477927
vt 0.35550009 0.400477927
vt 0.354600533 0.40227704
vt 0.356399647 0.401377483
vt 0.354600533 0.401377483
vt 0.35550009 0.403176597
vt 0.35550009 0.40227704
vt 0.356399647 0.403176597
vt 0.357299203 0.401377483
vt 0.356399647 0.40227704
vt 0.35819876 0.40227704
vt 0.357299203 0.400477927
vt 0.628965338 0.255649292
vt 0.629864895 0.256548849
vt 0.629864895 0.255649292
vt 0.628965338 0.254749735
vt 0.628965338 0.256548849
vt 0.628065781 0.257448406
vt 0.628965338 0.258347962
vt 0.627166224 0.258347962
vt 0.627166224 0.257448406
vt 0.626266668 0.256548849
vt 0.627166224 0.256548849
vt 0.628065781 0.256548849
vt 0.628065781 0.254749735
vt 0.627166224 0.255649292
vt 0.627166224 0.254749735
vt 0.626266668 0.255649292
vt 0.627166224 0.255649292
vt 0.102724647 0.592983068
vt 0.103624204 0.592083512
vt 0.102724647 0.592083512
vt 0.10182509 0.592983068
vt 0.10182509 0.592983068
vt 0.10182509 0.594782182
vt 0.102724647 0.593882625
vt 0.102724647 0.594782182
vt 0.103624204 0.594782182
vt 0.102724647 0.595681739
vt 0.10452376 0.595681739
vt 0.105423317 0.594782182
vt 0.103624204 0.593882625
vt 0.103624204 0.592983068
vt 0.10452376 0.592983068
vt 0.105423317 0.592983068
vt 0.10452376 0.593882625
vt 0.627166224 0.255649292
vt 0.627166224 0.254749735
vt 0.626266668 0.255649292
vt 0.628965338 0.254749735
vt 0.627166224 0.255649292
vt 0.626266668 0.256548849
vt 0.627166224 0.256548849
vt 0.627166224 0.257448406
vt 0.628065781 0.257448406
vt 0.627166224 0.258347962
vt 0.628965338 0.258347962
vt 0.629864895 0.256548849
vt 0.628065781 0.256548849
vt 0.628065781 0.254749735
vt 0.628965338 0.255649292
vt 0.629864895 0.255649292
vt 0.628965338 0.256548849
vt 0.35819876 0.400477927
vt 0.356399647 0.39957837
vt 0.356399647 0.400477927
vt 0.35550009 0.39957837
vt 0.35550009 0.400477927
vt 0.354600533 0.400477927
vt 0.35550009 0.400477927
vt 0.354600533 0.40227704
vt 0.356399647 0.401377483
vt 0.354600533 0.401377483
vt 0.35550009 0.403176597
vt 0.35550009 0.40227704
vt 0.356399647 0.403176597
vt 0.357299203 0.401377483
vt 0.356399647 0.40227704
vt 0.35819876 0.40227704
vt 0.357299203 0.400477927
vt 0.629864895 0.255649292
vt 0.628965338 0.254749735
vt 0.628065781 0.255649292
vt 0.627166224 0.254749735
vt 0.627166224 0.254749735
vt 0.626266668 0.255649292
vt 0.627166224 0.255649292
vt 0.626266668 0.256548849
vt 0.628065781 0.256548849
vt 0.627166224 0.256548849
vt 0.627166224 0.258347962
vt 0.627166224 0.257448406
vt 0.628965338 0.258347962
vt 0.628965338 0.256548849
vt 0.628065781 0.257448406
vt 0.629864895 0.256548849
vt 0.628965338 0.255649292
vt 0.629864895 0.255649292
vt 0.628965338 0.254749735
vt 0.628065781 0.255649292
vt 0.627166224 0.254749735
vt 0.627166224 0.254749735
vt 0.626266668 0.255649292
vt 0.627166224 0.255649292
vt 0.626266668 0.256548849
vt 0.628065781 0.256548849
vt 0.627166224 0.256548849
vt 0.627166224 0.258347962
vt 0.627166224 0.257448406
vt 0.628965338 0.258347962
vt 0.628965338 0.256548849
vt 0.628065781 0.257448406
vt 0.629864895 0.256548849
vt 0.628965338 0.255649292
vt 0.422067288 0.434661083
vt 0.422067288 0.433761526
vt 0.420268175 0.434661083
vt 0.422966845 0.433761526
vt 0.421167732 0.434661083
vt 0.420268175 0.436460196
vt 0.422067288 0.435560639
vt 0.422067288 0.436460196
vt 0.422966845 0.436460196
vt 0.422067288 0.437359753
vt 0.422966845 0.437359753
vt 0.423866402 0.436460196
vt 0.422067288 0.435560639
vt 0.422966845 0.434661083
vt 0.422966845 0.434661083
vt 0.423866402 0.434661083
vt 0.423866402 0.435560639
vt 0.35550009 0.403176597
vt 0.357299203 0.403176597
vt 0.356399647 0.40227704
vt 0.35819876 0.40227704
vt 0.35550009 0.40227704
vt 0.354600533 0.40227704
vt 0.35550009 0.401377483
vt 0.354600533 0.400477927
vt 0.354600533 0.400477927
vt 0.35550009 0.400477927
vt 0.35550009 0.39957837
vt 0.356399647 0.39957837
vt 0.356399647 0.401377483
vt 0.356399647 0.400477927
vt 0.357299203 0.400477927
vt 0.35819876 0.400477927
vt 0.357299203 0.401377483
vt 0.35550009 0.39957837
vt 0.356399647 0.400477927
vt 0.356399647 0.39957837
vt 0.35819876 0.400477927
vt 0.35550009 0.400477927
vt 0.354600533 0.400477927
vt 0.35550009 0.400477927
vt 0.354600533 0.40227704
vt 0.356399647 0.401377483
vt 0.354600533 0.401377483
vt 0.35550009 0.403176597
vt 0.35550009 0.40227704
vt 0.356399647 0.403176597
vt 0.357299203 0.401377483
vt 0.356399647 0.40227704
vt 0.35819876 0.40227704
vt 0.357299203 0.400477927
vt 0.616371544 0.234959487
vt 0.615471987 0.233160374
vt 0.61457243 0.234959487
vt 0.613672873 0.233160374
vt 0.61457243 0.23405993
vt 0.612773317 0.234959487
vt 0.613672873 0.234959487
vt 0.612773317 0.235859044
vt 0.61457243 0.234959487
vt 0.613672873 0.235859044
vt 0.613672873 0.236758601
vt 0.61457243 0.235859044
vt 0.615471987 0.236758601
vt 0.615471987 0.235859044
vt 0.61457243 0.236758601
vt 0.616371544 0.235859044
vt 0.615471987 0.234959487
vt 0.144104257 0.579489717
vt 0.142305143 0.578590161
vt 0.142305143 0.579489717
vt 0.141405587 0.578590161
vt 0.141405587 0.579489717
vt 0.14050603 0.579489717
vt 0.141405587 0.580389274
vt 0.14050603 0.581288831
vt 0.142305143 0.580389274
vt 0.14050603 0.580389274
vt 0.141405587 0.582188388
vt 0.141405587 0.581288831
vt 0.142305143 0.582188388
vt 0.1432047 0.580389274
vt 0.142305143 0.581288831
vt 0.144104257 0.581288831
vt 0.1432047 0.580389274
vt 0.629864895 0.255649292
vt 0.628965338 0.254749735
vt 0.628065781 0.255649292
vt 0.627166224 0.254749735
vt 0.627166224 0.254749735
vt 0.626266668 0.255649292
vt 0.627166224 0.255649292
vt 0.626266668 0.256548849
vt 0.628065781 0.256548849
vt 0.627166224 0.256548849
vt 0.627166224 0.258347962
vt 0.627166224 0.257448406
vt 0.628965338 0.258347962
vt 0.628965338 0.256548849
vt 0.628065781 0.257448406
vt 0.629864895 0.256548849
vt 0.628965338 0.255649292
vt 0.834064274 0.420268175
vt 0.839461614 0.432861969
vt 0.837662501 0.421167732
vt 0.838562057 0.43825931
vt 0.841260728 0.422966845
vt 0.842160284 0.457150001
vt 0.842160284 0.435560639
vt 0.844858955 0.421167732
vt 0.846658068 0.430163299
vt 0.847557625 0.420268175
vt 0.851155852 0.421167732
vt 0.848457182 0.436460196
vt 0.853854522 0.422067288
vt 0.851155852 0.435560639
vt 0.850256295 0.441857537
vt 0.856553192 0.424765959
vt 0.858352306 0.427464629
vt 0.102724647 0.592083512
vt 0.103624204 0.592983068
vt 0.10452376 0.592083512
vt 0.105423317 0.592983068
vt 0.102724647 0.592983068
vt 0.10182509 0.592983068
vt 0.102724647 0.592983068
vt 0.10182509 0.594782182
vt 0.103624204 0.593882625
vt 0.10182509 0.593882625
vt 0.102724647 0.595681739
vt 0.102724647 0.594782182
vt 0.103624204 0.595681739
vt 0.10452376 0.593882625
vt 0.103624204 0.594782182
vt 0.105423317 0.594782182
vt 0.10452376 0.592983068
vt 0.1432047 0.580389274
vt 0.144104257 0.579489717
vt 0.142305143 0.578590161
vt 0.144104257 0.581288831
vt 0.1432047 0.580389274
vt 0.142305143 0.581288831
vt 0.142305143 0.582188388
vt 0.141405587 0.582188388
vt 0.141405587 0.581288831
vt 0.14050603 0.581288831
vt 0.141405587 0.580389274
vt 0.142305143 0.580389274
vt 0.142305143 0.579489717
vt 0.141405587 0.579489717
vt 0.141405587 0.578590161
vt 0.14050603 0.579489717
vt 0.14050603 0.580389274
vt 0.357299203 0.400477927
vt 0.35819876 0.400477927
vt 0.356399647 0.39957837
vt 0.35819876 0.40227704
vt 0.357299203 0.401377483
vt 0.356399647 0.40227704
vt 0.357299203 0.403176597
vt 0.35550009 0.403176597
vt 0.35550009 0.40227704
vt 0.354600533 0.40227704
vt 0.35550009 0.401377483
vt 0.356399647 0.401377483
vt 0.356399647 0.400477927
vt 0.35550009 0.400477927
vt 0.35550009 0.39957837
vt 0.354600533 0.400477927
vt 0.354600533 0.400477927
vt 0.141405587 0.578590161
vt 0.142305143 0.579489717
vt 0.142305143 0.578590161
vt 0.144104257 0.579489717
vt 0.141405587 0.579489717
vt 0.14050603 0.579489717
vt 0.141405587 0.580389274
vt 0.14050603 0.581288831
vt 0.142305143 0.580389274
vt 0.14050603 0.580389274
vt 0.141405587 0.582188388
vt 0.141405587 0.581288831
vt 0.142305143 0.582188388
vt 0.1432047 0.580389274
vt 0.142305143 0.581288831
vt 0.144104257 0.581288831
vt 0.1432047 0.580389274
vt 0.390582803 0.907827926
vt 0.390582803 0.908727483
vt 0.398678813 0.908727483
vt 0.391482359 0.908727483
vt 0.398678813 0.908727483
vt 0.390582803 0.907827926
vt 0.398678813 0.907827926
vt 0.390582803 0.907827926
vt 0.398678813 0.907827926
vt 0.390582803 0.907827926
vt 0.398678813 0.907827926
vt 0.398678813 0.907827926
vt 0.403176597 0.907827926
vt 0.403176597 0.907827926
vt 0.403176597 0.907827926
vt 0.403176597 0.907827926
vt 0.403176597 0.908727483
vt 0.403176597 0.907827926
vt 0.613672873 0.233160374
vt 0.61457243 0.234959487
vt 0.615471987 0.233160374
vt 0.616371544 0.234959487
vt 0.61457243 0.23405993
vt 0.612773317 0.234959487
vt 0.613672873 0.234959487
vt 0.612773317 0.235859044
vt 0.61457243 0.234959487
vt 0.613672873 0.235859044
vt 0.613672873 0.236758601
vt 0.61457243 0.235859044
vt 0.615471987 0.236758601
vt 0.615471987 0.235859044
vt 0.61457243 0.236758601
vt 0.616371544 0.235859044
vt 0.615471987 0.234959487
vt 0.613672873 0.233160374
vt 0.61457243 0.234959487
vt 0.615471987 0.233160374
vt 0.616371544 0.234959487
vt 0.61457243 0.23405993
vt 0.612773317 0.234959487
vt 0.613672873 0.234959487
vt 0.612773317 0.235859044
vt 0.61457243 0.234959487
vt 0.613672873 0.235859044
vt 0.613672873 0.236758601
vt 0.61457243 0.235859044
vt 0.615471987 0.236758601
vt 0.615471987 0.235859044
vt 0.61457243 0.236758601
vt 0.616371544 0.235859044
vt 0.615471987 0.234959487
vt 0.616371544 0.234959487
vt 0.615471987 0.233160374
vt 0.61457243 0.234959487
vt 0.613672873 0.233160374
vt 0.61457243 0.23405993
vt 0.612773317 0.234959487
vt 0.613672873 0.234959487
vt 0.612773317 0.235859044
vt 0.61457243 0.234959487
vt 0.613672873 0.235859044
vt 0.613672873 0.236758601
vt 0.61457243 0.235859044
vt 0.615471987 0.236758601
vt 0.615471987 0.235859044
vt 0.61457243 0.236758601
vt 0.616371544 0.235859044
vt 0.615471987 0.234959487
vt 0.144104257 0.579489717
vt 0.142305143 0.578590161
vt 0.142305143 0.579489717
vt 0.141405587 0.578590161
vt 0.141405587 0.579489717
vt 0.14050603 0.579489717
vt 0.141405587 0.580389274
vt 0.14050603 0.581288831
vt 0.142305143 0.580389274
vt 0.14050603 0.580389274
vt 0.141405587 0.582188388
vt 0.141405587 0.581288831
vt 0.142305143 0.582188388
vt 0.1432047 0.580389274
vt 0.142305143 0.581288831
vt 0.144104257 0.581288831
vt 0.1432047 0.580389274
vt 0.616371544 0.234959487
vt 0.615471987 0.233160374
vt 0.61457243 0.234959487
vt 0.613672873 0.233160374
vt 0.61457243 0.23405993
vt 0.612773317 0.234959487
vt 0.613672873 0.234959487
vt 0.612773317 0.235859044
vt 0.61457243 0.234959487
vt 0.613672873 0.235859044
vt 0.613672873 0.236758601
vt 0.61457243 0.235859044
vt 0.615471987 0.236758601
vt 0.615471987 0.235859044
vt 0.61457243 0.236758601
vt 0.616371544 0.235859044
vt 0.615471987 0.234959487
vt 0.144104257 0.579489717
vt 0.142305143 0.578590161
vt 0.142305143 0.579489717
vt 0.141405587 0.578590161
vt 0.141405587 0.579489717
vt 0.14050603 0.579489717
vt 0.141405587 0.580389274
vt 0.14050603 0.581288831
vt 0.142305143 0.580389274
vt 0.14050603 0.580389274
vt 0.141405587 0.582188388
vt 0.141405587 0.581288831
vt 0.142305143 0.582188388
vt 0.1432047 0.580389274
vt 0.142305143 0.581288831
vt 0.144104257 0.581288831
vt 0.1432047 0.580389274
vt 0.422067288 0.434661083
vt 0.422067288 0.433761526
vt 0.420268175 0.434661083
vt 0.422966845 0.433761526
vt 0.421167732 0.434661083
vt 0.420268175 0.436460196
vt 0.422067288 0.435560639
vt 0.422067288 0.436460196
vt 0.422966845 0.436460196
vt 0.422067288 0.437359753
vt 0.422966845 0.437359753
vt 0.423866402 0.436460196
vt 0.422067288 0.435560639
vt 0.422966845 0.434661083
vt 0.422966845 0.434661083
vt 0.423866402 0.434661083
vt 0.423866402 0.435560639
vt 0.422067288 0.433761526
vt 0.422966845 0.434661083
vt 0.422966845 0.433761526
vt 0.423866402 0.434661083
vt 0.422067288 0.434661083
vt 0.420268175 0.434661083
vt 0.422067288 0.434661083
vt 0.420268175 0.436460196
vt 0.422067288 0.435560639
vt 0.421167732 0.435560639
vt 0.422067288 0.437359753
vt 0.422067288 0.436460196
vt 0.422966845 0.437359753
vt 0.422966845 0.435560639
vt 0.422966845 0.436460196
vt 0.423866402 0.436460196
vt 0.423866402 0.434661083
vt 0.423866402 0.434661083
vt 0.422966845 0.433761526
vt 0.422966845 0.434661083
vt 0.422067288 0.433761526
vt 0.422067288 0.434661083
vt 0.420268175 0.434661083
vt 0.422067288 0.434661083
vt 0.420268175 0.436460196
vt 0.422067288 0.435560639
vt 0.421167732 0.435560639
vt 0.422067288 0.437359753
vt 0.422067288 0.436460196
vt 0.422966845 0.437359753
vt 0.422966845 0.435560639
vt 0.422966845 0.436460196
vt 0.423866402 0.436460196
vt 0.423866402 0.434661083
vt 0.613672873 0.233160374
vt 0.61457243 0.234959487
vt 0.615471987 0.233160374
vt 0.616371544 0.234959487
vt 0.61457243 0.23405993
vt 0.612773317 0.234959487
vt 0.613672873 0.234959487
vt 0.612773317 0.235859044
vt 0.61457243 0.234959487
vt 0.613672873 0.235859044
vt 0.613672873 0.236758601
vt 0.61457243 0.235859044
vt 0.615471987 0.236758601
vt 0.615471987 0.235859044
vt 0.61457243 0.236758601
vt 0.616371544 0.235859044
vt 0.615471987 0.234959487
vt 0.422067288 0.433761526
vt 0.422966845 0.434661083
vt 0.422966845 0.433761526
vt 0.423866402 0.434661083
vt 0.422067288 0.434661083
vt 0.420268175 0.434661083
vt 0.422067288 0.434661083
vt 0.420268175 0.436460196
vt 0.422067288 0.435560639
vt 0.421167732 0.435560639
vt 0.422067288 0.437359753
vt 0.422067288 0.436460196
vt 0.422966845 0.437359753
vt 0.422966845 0.435560639
vt 0.422966845 0.436460196
vt 0.423866402 0.436460196
vt 0.423866402 0.434661083
vt 0.390582803 0.907827926
vt 0.390582803 0.908727483
vt 0.398678813 0.908727483
vt 0.391482359 0.907827926
vt 0.398678813 0.907827926
vt 0.390582803 0.907827926
vt 0.398678813 0.907827926
vt 0.390582803 0.907827926
vt 0.398678813 0.907827926
vt 0.390582803 0.907827926
vt 0.398678813 0.907827926
vt 0.398678813 0.907827926
vt 0.403176597 0.907827926
vt 0.403176597 0.907827926
vt 0.403176597 0.907827926
vt 0.403176597 0.908727483
vt 0.403176597 0.907827926
vt 0.403176597 0.907827926
vt 0.105423317 0.592983068
vt 0.10452376 0.592083512
vt 0.103624204 0.592983068
vt 0.102724647 0.592083512
vt 0.102724647 0.592983068
vt 0.10182509 0.592983068
vt 0.102724647 0.592983068
vt 0.10182509 0.594782182
vt 0.103624204 0.593882625
vt 0.10182509 0.593882625
vt 0.102724647 0.595681739
vt 0.102724647 0.594782182
vt 0.103624204 0.595681739
vt 0.10452376 0.593882625
vt 0.103624204 0.594782182
vt 0.105423317 0.594782182
vt 0.10452376 0.592983068
vt 0.35550009 0.400477927
vt 0.356399647 0.39957837
vt 0.35550009 0.39957837
vt 0.354600533 0.400477927
vt 0.354600533 0.400477927
vt 0.354600533 0.40227704
vt 0.35550009 0.401377483
vt 0.35550009 0.40227704
vt 0.356399647 0.40227704
vt 0.35550009 0.403176597
vt 0.357299203 0.403176597
vt 0.35819876 0.40227704
vt 0.356399647 0.401377483
vt 0.356399647 0.400477927
vt 0.357299203 0.400477927
vt 0.35819876 0.400477927
vt 0.357299203 0.401377483
vt 0.102724647 0.592083512
vt 0.103624204 0.592983068
vt 0.10452376 0.592083512
vt 0.105423317 0.592983068
vt 0.102724647 0.592983068
vt 0.10182509 0.592983068
vt 0.102724647 0.592983068
vt 0.10182509 0.594782182
vt 0.103624204 0.593882625
vt 0.10182509 0.593882625
vt 0.102724647 0.595681739
vt 0.102724647 0.594782182
vt 0.103624204 0.595681739
vt 0.10452376 0.593882625
vt 0.103624204 0.594782182
vt 0.105423317 0.594782182
vt 0.10452376 0.592983068
vt 0.102724647 0.595681739
vt 0.10452376 0.595681739
vt 0.103624204 0.594782182
vt 0.105423317 0.594782182
vt 0.102724647 0.594782182
vt 0.10182509 0.594782182
vt 0.102724647 0.593882625
vt 0.10182509 0.592983068
vt 0.10182509 0.592983068
vt 0.102724647 0.592983068
vt 0.102724647 0.592083512
vt 0.103624204 0.592083512
vt 0.103624204 0.593882625
vt 0.103624204 0.592983068
vt 0.10452376 0.592983068
vt 0.105423317 0.592983068
vt 0.10452376 0.593882625
vt 0.105423317 0.592983068
vt 0.10452376 0.592083512
vt 0.103624204 0.592983068
vt 0.102724647 0.592083512
vt 0.102724647 0.592983068
vt 0.10182509 0.592983068
vt 0.102724647 0.592983068
vt 0.10182509 0.594782182
vt 0.103624204 0.593882625
vt 0.10182509 0.593882625
vt 0.102724647 0.595681739
vt 0.102724647 0.594782182
vt 0.103624204 0.595681739
vt 0.10452376 0.593882625
vt 0.103624204 0.594782182
vt 0.105423317 0.594782182
vt 0.10452376 0.592983068
vt 0.35550009 0.400477927
vt 0.35550009 0.39957837
vt 0.354600533 0.400477927
vt 0.356399647 0.39957837
vt 0.354600533 0.400477927
vt 0.354600533 0.40227704
vt 0.35550009 0.401377483
vt 0.35550009 0.40227704
vt 0.356399647 0.40227704
vt 0.35550009 0.403176597
vt 0.357299203 0.403176597
vt 0.35819876 0.40227704
vt 0.356399647 0.401377483
vt 0.356399647 0.400477927
vt 0.357299203 0.400477927
vt 0.35819876 0.400477927
vt 0.357299203 0.401377483
vt 0.629864895 0.255649292
vt 0.628965338 0.254749735
vt 0.628065781 0.255649292
vt 0.627166224 0.254749735
vt 0.627166224 0.254749735
vt 0.626266668 0.255649292
vt 0.627166224 0.255649292
vt 0.626266668 0.256548849
vt 0.628065781 0.256548849
vt 0.627166224 0.256548849
vt 0.627166224 0.258347962
vt 0.627166224 0.257448406
vt 0.628965338 0.258347962
vt 0.628965338 0.256548849
vt 0.628065781 0.257448406
vt 0.629864895 0.256548849
vt 0.628965338 0.255649292
vt 0.102724647 0.592983068
vt 0.102724647 0.592083512
vt 0.10182509 0.592983068
vt 0.103624204 0.592083512
vt 0.10182509 0.592983068
vt 0.10182509 0.594782182
vt 0.102724647 0.593882625
vt 0.102724647 0.594782182
vt 0.103624204 0.594782182
vt 0.102724647 0.595681739
vt 0.10452376 0.595681739
vt 0.105423317 0.594782182
vt 0.103624204 0.593882625
vt 0.103624204 0.592983068
vt 0.10452376 0.592983068
vt 0.105423317 0.592983068
vt 0.10452376 0.593882625
vt 0.102724647 0.592083512
vt 0.103624204 0.592983068
vt 0.10452376 0.592083512
vt 0.105423317 0.592983068
vt 0.102724647 0.592983068
vt 0.10182509 0.592983068
vt 0.102724647 0.592983068
vt 0.10182509 0.594782182
vt 0.103624204 0.593882625
vt 0.10182509 0.593882625
vt 0.102724647 0.595681739
vt 0.102724647 0.594782182
vt 0.103624204 0.595681739
vt 0.10452376 0.593882625
vt 0.103624204 0.594782182
vt 0.105423317 0.594782182
vt 0.10452376 0.592983068
vt 0.105423317 0.592983068
vt 0.10452376 0.592083512
vt 0.103624204 0.592983068
vt 0.102724647 0.592083512
vt 0.102724647 0.592983068
vt 0.10182509 0.592983068
vt 0.102724647 0.592983068
vt 0.10182509 0.594782182
vt 0.103624204 0.593882625
vt 0.10182509 0.593882625
vt 0.102724647 0.595681739
vt 0.102724647 0.594782182
vt 0.103624204 0.595681739
vt 0.10452376 0.593882625
vt 0.103624204 0.594782182
vt 0.105423317 0.594782182
vt 0.10452376 0.592983068
vt 0.35819876 0.40227704
vt 0.356399647 0.40227704
vt 0.357299203 0.403176597
vt 0.35550009 0.403176597
vt 0.35550009 0.40227704
vt 0.354600533 0.40227704
vt 0.35550009 0.401377483
vt 0.354600533 0.400477927
vt 0.354600533 0.400477927
vt 0.35550009 0.400477927
vt 0.35550009 0.39957837
vt 0.356399647 0.39957837
vt 0.356399647 0.401377483
vt 0.356399647 0.400477927
vt 0.357299203 0.400477927
vt 0.35819876 0.400477927
vt 0.357299203 0.401377483
vt 0.35819876 0.400477927
vt 0.356399647 0.39957837
vt 0.356399647 0.400477927
vt 0.35550009 0.39957837
vt 0.35550009 0.400477927
vt 0.354600533 0.400477927
vt 0.35550009 0.400477927
vt 0.354600533 0.40227704
vt 0.356399647 0.401377483
vt 0.354600533 0.401377483
vt 0.35550009 0.403176597
vt 0.35550009 0.40227704
vt 0.356399647 0.403176597
vt 0.357299203 0.401377483
vt 0.356399647 0.40227704
vt 0.35819876 0.40227704
vt 0.357299203 0.400477927
vt 0.627166224 0.254749735
vt 0.628065781 0.255649292
vt 0.628965338 0.254749735
vt 0.629864895 0.255649292
vt 0.627166224 0.254749735
vt 0.626266668 0.255649292
vt 0.627166224 0.255649292
vt 0.626266668 0.256548849
vt 0.628065781 0.256548849
vt 0.627166224 0.256548849
vt 0.627166224 0.258347962
vt 0.627166224 0.257448406
vt 0.628965338 0.258347962
vt 0.628965338 0.256548849
vt 0.628065781 0.257448406
vt 0.629864895 0.256548849
vt 0.628965338 0.255649292
vt 0.629864895 0.255649292
vt 0.628965338 0.254749735
vt 0.628065781 0.255649292
vt 0.627166224 0.254749735
vt 0.627166224 0.254749735
vt 0.626266668 0.255649292
vt 0.627166224 0.255649292
vt 0.626266668 0.256548849
vt 0.628065781 0.256548849
vt 0.627166224 0.256548849
vt 0.627166224 0.258347962
vt 0.627166224 0.257448406
vt 0.628965338 0.258347962
vt 0.628965338 0.256548849
vt 0.628065781 0.257448406
vt 0.629864895 0.256548849
vt 0.628965338 0.255649292
vt 0.629864895 0.255649292
vt 0.628965338 0.254749735
vt 0.628065781 0.255649292
vt 0.627166224 0.254749735
vt 0.627166224 0.254749735
vt 0.626266668 0.255649292
vt 0.627166224 0.255649292
vt 0.626266668 0.256548849
vt 0.628065781 0.256548849
vt 0.627166224 0.256548849
vt 0.627166224 0.258347962
vt 0.627166224 0.257448406
vt 0.628965338 0.258347962
vt 0.628965338 0.256548849
vt 0.628065781 0.257448406
vt 0.629864895 0.256548849
vt 0.628965338 0.255649292
vt 0.105423317 0.592983068
vt 0.10452376 0.592083512
vt 0.103624204 0.592983068
vt 0.102724647 0.592083512
vt 0.102724647 0.592983068
vt 0.10182509 0.592983068
vt 0.102724647 0.592983068
vt 0.10182509 0.594782182
vt 0.103624204 0.593882625
vt 0.10182509 0.593882625
vt 0.102724647 0.595681739
vt 0.102724647 0.594782182
vt 0.103624204 0.595681739
vt 0.10452376 0.593882625
vt 0.103624204 0.594782182
vt 0.105423317 0.594782182
vt 0.10452376 0.592983068
vt 0.35550009 0.39957837
vt 0.356399647 0.400477927
vt 0.356399647 0.39957837
vt 0.35819876 0.400477927
vt 0.35550009 0.400477927
vt 0.354600533 0.400477927
vt 0.35550009 0.400477927
vt 0.354600533 0.40227704
vt 0.356399647 0.401377483
vt 0.354600533 0.401377483
vt 0.35550009 0.403176597
vt 0.35550009 0.40227704
vt 0.356399647 0.403176597
vt 0.357299203 0.401377483
vt 0.356399647 0.40227704
vt 0.35819876 0.40227704
vt 0.357299203 0.400477927
vt 0.422067288 0.433761526
vt 0.422966845 0.434661083
vt 0.422966845 0.433761526
vt 0.423866402 0.434661083
vt 0.422067288 0.434661083
vt 0.420268175 0.434661083
vt 0.422067288 0.434661083
vt 0.420268175 0.436460196
vt 0.422067288 0.435560639
vt 0.421167732 0.435560639
vt 0.422067288 0.437359753
vt 0.422067288 0.436460196
vt 0.422966845 0.437359753
vt 0.422966845 0.435560639
vt 0.422966845 0.436460196
vt 0.423866402 0.436460196
vt 0.423866402 0.434661083
vt 0.383386349 0.90962704
vt 0.379788122 0.90962704
vt 0.379788122 0.910526596
vt 0.383386349 0.910526596
vt 0.379788122 0.910526596
vt 0.383386349 0.910526596
vt 0.379788122 0.910526596
vt 0.383386349 0.910526596
vt 0.379788122 0.910526596
vt 0.383386349 0.910526596
vt 0.379788122 0.910526596
vt 0.383386349 0.910526596
vt 0.386085019 0.90962704
vt 0.386085019 0.910526596
vt 0.386085019 0.910526596
vt 0.386085019 0.910526596
vt 0.386085019 0.910526596
vt 0.386085019 0.910526596
vt 0.391482359 0.910526596
vt 0.391482359 0.910526596
vt 0.391482359 0.90962704
vt 0.391482359 0.910526596
vt 0.391482359 0.910526596
vt 0.391482359 0.910526596
vt 0.395980143 0.910526596
vt 0.395980143 0.910526596
vt 0.395980143 0.90962704
vt 0.395980143 0.910526596
vt 0.395980143 0.910526596
vt 0.395980143 0.910526596
vt 0.39957837 0.910526596
vt 0.39957837 0.910526596
vt 0.39957837 0.90962704
vt 0.39957837 0.910526596
vt 0.39957837 0.910526596
vt 0.39957837 0.910526596
vt 0.404076154 0.910526596
vt 0.404076154 0.910526596
vt 0.404076154 0.90962704
vt 0.404076154 0.910526596
vt 0.404076154 0.910526596
vt 0.404076154 0.910526596
vt 0.407674381 0.910526596
vt 0.407674381 0.910526596
vt 0.407674381 0.90962704
vt 0.407674381 0.910526596
vt 0.407674381 0.910526596
vt 0.407674381 0.910526596
vt 0.410373051 0.910526596
vt 0.410373051 0.910526596
vt 0.410373051 0.910526596
vt 0.410373051 0.910526596
vt 0.410373051 0.910526596
vt 0.410373051 0.910526596
vt 0.413971278 0.910526596
vt 0.413971278 0.910526596
vt 0.413971278 0.910526596
vt 0.413971278 0.910526596
vt 0.413971278 0.910526596
vt 0.413971278 0.910526596
vt 0.393281473 0.91502438
vt 0.395980143 0.91502438
vt 0.395980143 0.91502438
vt 0.393281473 0.91502438
vt 0.393281473 0.91502438
vt 0.395980143 0.91502438
vt 0.393281473 0.915923937
vt 0.395980143 0.91502438
vt 0.393281473 0.915923937
vt 0.395980143 0.915923937
vt 0.393281473 0.915923937
vt 0.395980143 0.915923937
vt 0.398678813 0.91502438
vt 0.398678813 0.91502438
vt 0.398678813 0.91502438
vt 0.398678813 0.915923937
vt 0.398678813 0.915923937
vt 0.398678813 0.91502438
vt 0.401377483 0.91502438
vt 0.401377483 0.91502438
vt 0.401377483 0.915923937
vt 0.401377483 0.915923937
vt 0.40227704 0.91502438
vt 0.40227704 0.91502438
vt 0.405875267 0.91502438
vt 0.405875267 0.91502438
vt 0.405875267 0.915923937
vt 0.405875267 0.91502438
vt 0.405875267 0.915923937
vt 0.405875267 0.91502438
vt 0.392381916 0.914124823
vt 0.39418103 0.914124823
vt 0.392381916 0.914124823
vt 0.39418103 0.914124823
vt 0.392381916 0.914124823
vt 0.39418103 0.913225267
vt 0.392381916 0.913225267
vt 0.39418103 0.914124823
vt 0.392381916 0.914124823
vt 0.395980143 0.914124823
vt 0.39418103 0.914124823
vt 0.392381916 0.914124823
vt 0.39418103 0.914124823
vt 0.395980143 0.914124823
vt 0.395980143 0.914124823
vt 0.395980143 0.914124823
vt 0.395980143 0.913225267
vt 0.395980143 0.913225267
vt 0.398678813 0.913225267
vt 0.398678813 0.913225267
vt 0.400477927 0.913225267
vt 0.398678813 0.914124823
vt 0.398678813 0.914124823
vt 0.398678813 0.914124823
vt 0.398678813 0.914124823
vt 0.398678813 0.914124823
vt 0.400477927 0.913225267
vt 0.400477927 0.914124823
vt 0.400477927 0.914124823
vt 0.400477927 0.914124823
vt 0.400477927 0.914124823
vt 0.40227704 0.913225267
vt 0.40227704 0.913225267
vt 0.40227704 0.914124823
vt 0.40227704 0.914124823
vt 0.40227704 0.914124823
vt 0.40227704 0.914124823
vt 0.40497571 0.913225267
vt 0.40497571 0.913225267
vt 0.40497571 0.914124823
vt 0.40497571 0.914124823
vt 0.40497571 0.914124823
vt 0.40497571 0.914124823
vt 0.406774824 0.913225267
vt 0.406774824 0.913225267
vt 0.406774824 0.914124823
vt 0.406774824 0.914124823
vt 0.406774824 0.914124823
vt 0.406774824 0.914124823
vt 0.383386349 0.910526596
vt 0.379788122 0.910526596
vt 0.379788122 0.90962704
vt 0.383386349 0.90962704
vt 0.379788122 0.910526596
vt 0.383386349 0.910526596
vt 0.379788122 0.910526596
vt 0.383386349 0.910526596
vt 0.379788122 0.910526596
vt 0.383386349 0.910526596
vt 0.379788122 0.910526596
vt 0.383386349 0.910526596
vt 0.386085019 0.910526596
vt 0.386085019 0.910526596
vt 0.386085019 0.90962704
vt 0.386085019 0.910526596
vt 0.386085019 0.910526596
vt 0.386085019 0.910526596
vt 0.391482359 0.910526596
vt 0.391482359 0.910526596
vt 0.391482359 0.90962704
vt 0.391482359 0.910526596
vt 0.391482359 0.910526596
vt 0.391482359 0.910526596
vt 0.395980143 0.910526596
vt 0.395980143 0.910526596
vt 0.395980143 0.910526596
vt 0.395980143 0.910526596
vt 0.395980143 0.910526596
vt 0.395980143 0.910526596
vt 0.39957837 0.910526596
vt 0.39957837 0.910526596
vt 0.39957837 0.910526596
vt 0.39957837 0.910526596
vt 0.39957837 0.910526596
vt 0.39957837 0.910526596
vt 0.404076154 0.910526596
vt 0.404076154 0.910526596
vt 0.404076154 0.910526596
vt 0.404076154 0.910526596
vt 0.404076154 0.910526596
vt 0.404076154 0.910526596
vt 0.407674381 0.910526596
vt 0.407674381 0.910526596
vt 0.407674381 0.910526596
vt 0.407674381 0.910526596
vt 0.407674381 0.910526596
vt 0.407674381 0.910526596
vt 0.410373051 0.910526596
vt 0.410373051 0.910526596
vt 0.410373051 0.910526596
vt 0.410373051 0.910526596
vt 0.410373051 0.910526596
vt 0.410373051 0.910526596
vt 0.413971278 0.910526596
vt 0.413971278 0.910526596
vt 0.413971278 0.910526596
vt 0.413971278 0.910526596
vt 0.413971278 0.910526596
vt 0.413971278 0.910526596
vt 0.393281473 0.91502438
vt 0.395980143 0.91502438
vt 0.393281473 0.91502438
vt 0.395980143 0.91502438
vt 0.393281473 0.91502438
vt 0.395980143 0.915923937
vt 0.393281473 0.915923937
vt 0.395980143 0.91502438
vt 0.393281473 0.91502438
vt 0.395980143 0.915923937
vt 0.393281473 0.915923937
vt 0.395980143 0.91502438
vt 0.398678813 0.91502438
vt 0.398678813 0.915923937
vt 0.398678813 0.91502438
vt 0.398678813 0.915923937
vt 0.398678813 0.91502438
vt 0.398678813 0.91502438
vt 0.401377483 0.91502438
vt 0.401377483 0.915923937
vt 0.401377483 0.915923937
vt 0.40227704 0.91502438
vt 0.401377483 0.91502438
vt 0.40227704 0.91502438
vt 0.405875267 0.915923937
vt 0.405875267 0.915923937
vt 0.405875267 0.91502438
vt 0.405875267 0.91502438
vt 0.405875267 0.91502438
vt 0.405875267 0.91502438
vt 0.395980143 0.913225267
vt 0.398678813 0.913225267
vt 0.398678813 0.913225267
vt 0.395980143 0.913225267
vt 0.400477927 0.914124823
vt 0.39418103 0.913225267
vt 0.395980143 0.914124823
vt 0.400477927 0.913225267
vt 0.398678813 0.914124823
vt 0.39418103 0.913225267
vt 0.392381916 0.913225267
vt 0.392381916 0.914124823
vt 0.392381916 0.913225267
vt 0.39418103 0.914124823
vt 0.392381916 0.914124823
vt 0.39418103 0.914124823
vt 0.392381916 0.914124823
vt 0.39418103 0.914124823
vt 0.392381916 0.914124823
vt 0.39418103 0.914124823
vt 0.395980143 0.914124823
vt 0.395980143 0.914124823
vt 0.395980143 0.914124823
vt 0.398678813 0.914124823
vt 0.398678813 0.914124823
vt 0.398678813 0.914124823
vt 0.398678813 0.914124823
vt 0.400477927 0.914124823
vt 0.400477927 0.914124823
vt 0.400477927 0.914124823
vt 0.400477927 0.914124823
vt 0.40227704 0.913225267
vt 0.40227704 0.914124823
vt 0.40227704 0.914124823
vt 0.40227704 0.914124823
vt 0.40227704 0.914124823
vt 0.40227704 0.914124823
vt 0.40497571 0.914124823
vt 0.40497571 0.914124823
vt 0.40497571 0.914124823
vt 0.40497571 0.913225267
vt 0.40497571 0.914124823
vt 0.40497571 0.914124823
vt 0.406774824 0.914124823
vt 0.406774824 0.914124823
vt 0.406774824 0.914124823
vt 0.406774824 0.913225267
vt 0.406774824 0.914124823
vt 0.406774824 0.914124823
vt 0.850256295 0.416669948
vt 0.853854522 0.420268175
vt 0.853854522 0.419368618
vt 0.850256295 0.417569505
vt 0.846658068 0.414870835
vt 0.852954965 0.421167732
vt 0.846658068 0.416669948
vt 0.842160284 0.415770391
vt 0.849356738 0.420268175
vt 0.842160284 0.415770391
vt 0.838562057 0.415770391
vt 0.845758511 0.419368618
vt 0.839461614 0.417569505
vt 0.835863387 0.419368618
vt 0.848457182 0.424765959
vt 0.842160284 0.418469061
vt 0.836762944 0.420268175
vt 0.833164717 0.422966845
vt 0.845758511 0.425665515
vt 0.839461614 0.419368618
vt 0.833164717 0.423866402
vt 0.82956649 0.425665515
vt 0.841260728 0.423866402
vt 0.837662501 0.422067288
vt 0.846658068 0.437359753
vt 0.82956649 0.426565072
vt 0.825068706 0.428364186
vt 0.839461614 0.429263742
vt 0.850256295 0.427464629
vt 0.853854522 0.426565072
vt 0.833164717 0.431962413
vt 0.858352306 0.421167732
vt 0.862850089 0.421167732
vt 0.83496383 0.425665515
vt 0.831365604 0.427464629
vt 0.82686782 0.429263742
vt 0.82416915 0.431962413
vt 0.827767377 0.429263742
vt 0.825068706 0.432861969
vt 0.822370036 0.436460196
vt 0.82686782 0.432861969
vt 0.825068706 0.436460196
vt 0.82686782 0.44095798
vt 0.83496383 0.436460196
vt 0.827767377 0.436460196
vt 0.82686782 0.44095798
vt 0.830466047 0.445455764
vt 0.834064274 0.439158866
vt 0.82956649 0.440058423
vt 0.830466047 0.444556207
vt 0.830466047 0.449953547
vt 0.83226516 0.44365665
vt 0.831365604 0.449953547
vt 0.831365604 0.455350888
vt 0.833164717 0.454451331
vt 0.83496383 0.458049558
vt 0.837662501 0.441857537
vt 0.833164717 0.448154434
vt 0.836762944 0.445455764
vt 0.83496383 0.457150001
vt 0.837662501 0.461647785
vt 0.83496383 0.452652217
vt 0.839461614 0.447254877
vt 0.836762944 0.456250444
vt 0.841260728 0.452652217
vt 0.845758511 0.449953547
vt 0.848457182 0.449953547
vt 0.838562057 0.459848671
vt 0.838562057 0.458049558
vt 0.842160284 0.458049558
vt 0.842160284 0.459848671
vt 0.842160284 0.460748228
vt 0.845758511 0.456250444
vt 0.846658068 0.458949115
vt 0.846658068 0.460748228
vt 0.851155852 0.457150001
vt 0.850256295 0.456250444
vt 0.854754079 0.453551774
vt 0.853854522 0.452652217
vt 0.849356738 0.454451331
vt 0.852954965 0.451752661
vt 0.851155852 0.44635532
vt 0.854754079 0.447254877
vt 0.858352306 0.451752661
vt 0.863749646 0.450853104
vt 0.856553192 0.444556207
vt 0.864649203 0.447254877
vt 0.861050976 0.442757093
vt 0.866448316 0.449053991
vt 0.863749646 0.451752661
vt 0.867347873 0.449053991
vt 0.864649203 0.452652217
vt 0.870046543 0.445455764
vt 0.86824743 0.445455764
vt 0.86824743 0.44095798
vt 0.866448316 0.444556207
vt 0.867347873 0.44095798
vt 0.866448316 0.436460196
vt 0.86554876 0.44095798
vt 0.866448316 0.436460196
vt 0.867347873 0.431962413
vt 0.858352306 0.436460196
vt 0.866448316 0.431962413
vt 0.86824743 0.427464629
vt 0.863749646 0.436460196
vt 0.855653635 0.429263742
vt 0.860151419 0.431062856
vt 0.866448316 0.428364186
vt 0.866448316 0.423866402
vt 0.864649203 0.431962413
vt 0.863749646 0.425665515
vt 0.863749646 0.420268175
vt 0.86554876 0.423866402
vt 0.864649203 0.420268175
vt 0.86554876 0.428364186
vt 0.857452749 0.421167732
vt 0.852954965 0.422966845
vt 0.852954965 0.423866402
vt 0.857452749 0.420268175
vt 0.861950533 0.418469061
vt 0.852954965 0.422067288
vt 0.861950533 0.417569505
vt 0.856553192 0.419368618
vt 0.861050976 0.417569505
vt 0.115318441 0.885339008
vt 0.110820658 0.882640338
vt 0.109021544 0.882640338
vt 0.109921101 0.883539894
vt 0.105423317 0.880841224
vt 0.106322874 0.879941667
vt 0.111720214 0.884439451
vt 0.103624204 0.875443884
vt 0.10452376 0.875443884
vt 0.105423317 0.880841224
vt 0.10452376 0.874544327
vt 0.102724647 0.8709461
vt 0.10452376 0.869146986
vt 0.102724647 0.8709461
vt 0.100025977 0.86824743
vt 0.100025977 0.867347873
vt 0.102724647 0.874544327
vt 0.09912642 0.86824743
vt 0.095528193 0.866448316
vt 0.0964277498 0.86554876
vt 0.0919299661 0.86554876
vt 0.095528193 0.867347873
vt 0.0910304094 0.866448316
vt 0.0865326257 0.86554876
vt 0.10182509 0.871845657
vt 0.100925533 0.87364477
vt 0.102724647 0.877242997
vt 0.0982268633 0.870046543
vt 0.102724647 0.879042111
vt 0.0910304094 0.866448316
vt 0.0946286363 0.86824743
vt 0.0874321824 0.86554876
vt 0.0973273065 0.8709461
vt 0.0865326257 0.866448316
vt 0.0901308526 0.86824743
vt 0.0838339555 0.864649203
vt 0.0937290796 0.869146986
vt 0.0865326257 0.867347873
vt 0.0901308526 0.869146986
vt 0.0928295228 0.870046543
vt 0.0973273065 0.871845657
vt 0.0928295228 0.871845657
vt 0.0892312959 0.870046543
vt 0.0829343987 0.864649203
vt 0.0856330689 0.869146986
vt 0.082034842 0.86554876
vt 0.0775370583 0.861950533
vt 0.082034842 0.863749646
vt 0.0811352853 0.862850089
vt 0.0829343987 0.862850089
vt 0.0784366151 0.860151419
vt 0.0784366151 0.861050976
vt 0.0784366151 0.862850089
vt 0.082034842 0.867347873
vt 0.0784366151 0.864649203
vt 0.0784366151 0.86554876
vt 0.0811352853 0.86824743
vt 0.0784366151 0.867347873
vt 0.0847335122 0.870046543
vt 0.0811352853 0.869146986
vt 0.0784366151 0.86824743
vt 0.0883317392 0.8709461
vt 0.0838339555 0.8709461
vt 0.0811352853 0.870046543
vt 0.0784366151 0.86824743
vt 0.0811352853 0.8709461
vt 0.0838339555 0.871845657
vt 0.0847335122 0.87364477
vt 0.0883317392 0.871845657
vt 0.0883317392 0.872745213
vt 0.0919299661 0.871845657
vt 0.0928295228 0.872745213
vt 0.0946286363 0.872745213
vt 0.0964277498 0.872745213
vt 0.0982268633 0.875443884
vt 0.095528193 0.87364477
vt 0.100025977 0.874544327
vt 0.0964277498 0.874544327
vt 0.095528193 0.874544327
vt 0.0982268633 0.87634344
vt 0.10182509 0.878142554
vt 0.103624204 0.882640338
vt 0.100925533 0.879042111
vt 0.10452376 0.881740781
vt 0.109921101 0.883539894
vt 0.113519328 0.887138121
vt 0.108121987 0.884439451
vt 0.114418885 0.886238564
vt 0.117117555 0.889836791
vt 0.118017111 0.889836791
vt 0.116217998 0.889836791
vt 0.118017111 0.894334575
vt 0.118916668 0.893435018
vt 0.116217998 0.891635905
vt 0.119816225 0.893435018
vt 0.118916668 0.896133689
vt 0.119816225 0.897932802
vt 0.119816225 0.901531029
vt 0.118916668 0.897932802
vt 0.118916668 0.898832359
vt 0.118017111 0.902430586
vt 0.116217998 0.906028813
vt 0.115318441 0.906028813
vt 0.117117555 0.901531029
vt 0.118017111 0.897932802
vt 0.115318441 0.905129256
vt 0.113519328 0.90962704
vt 0.112619771 0.90962704
vt 0.114418885 0.904229699
vt 0.116217998 0.901531029
vt 0.113519328 0.901531029
vt 0.113519328 0.905129256
vt 0.116217998 0.897932802
vt 0.116217998 0.894334575
vt 0.115318441 0.897932802
vt 0.115318441 0.893435018
vt 0.114418885 0.890736348
vt 0.113519328 0.894334575
vt 0.113519328 0.890736348
vt 0.113519328 0.897932802
vt 0.111720214 0.894334575
vt 0.111720214 0.889836791
vt 0.111720214 0.887138121
vt 0.107222431 0.885339008
vt 0.109921101 0.887138121
vt 0.109021544 0.887138121
vt 0.106322874 0.885339008
vt 0.107222431 0.887138121
vt 0.109921101 0.888937235
vt 0.102724647 0.883539894
vt 0.10452376 0.885339008
vt 0.100025977 0.879941667
vt 0.10182509 0.883539894
vt 0.100025977 0.879941667
vt 0.102724647 0.885339008
vt 0.100925533 0.883539894
vt 0.09912642 0.880841224
vt 0.0982268633 0.87634344
vt 0.100025977 0.885339008
vt 0.10452376 0.886238564
vt 0.105423317 0.886238564
vt 0.103624204 0.886238564
vt 0.108121987 0.888037678
vt 0.108121987 0.888037678
vt 0.109921101 0.890736348
vt 0.109921101 0.892535462
vt 0.109921101 0.891635905
vt 0.110820658 0.895234132
vt 0.110820658 0.895234132
vt 0.110820658 0.898832359
vt 0.110820658 0.898832359
vt 0.109921101 0.902430586
vt 0.111720214 0.898832359
vt 0.109921101 0.902430586
vt 0.108121987 0.906028813
vt 0.111720214 0.901531029
vt 0.108121987 0.906028813
vt 0.105423317 0.90962704
vt 0.110820658 0.902430586
vt 0.111720214 0.906028813
vt 0.109921101 0.906028813
vt 0.109021544 0.906028813
vt 0.106322874 0.90962704
vt 0.111720214 0.906928369
vt 0.109921101 0.910526596
vt 0.109021544 0.90962704
vt 0.107222431 0.913225267
vt 0.106322874 0.913225267
vt 0.107222431 0.90962704
vt 0.108121987 0.913225267
vt 0.108121987 0.91772305
vt 0.108121987 0.91772305
vt 0.109021544 0.914124823
vt 0.109021544 0.91772305
vt 0.111720214 0.910526596
vt 0.108121987 0.921321277
vt 0.108121987 0.921321277
vt 0.111720214 0.914124823
vt 0.110820658 0.91772305
vt 0.109021544 0.921321277
vt 0.108121987 0.925819061
vt 0.110820658 0.922220834
vt 0.107222431 0.924919504
vt 0.107222431 0.924919504
vt 0.105423317 0.926718618
vt 0.10452376 0.927618174
vt 0.100925533 0.931216401
vt 0.112619771 0.918622607
vt 0.10452376 0.928517731
vt 0.112619771 0.914124823
vt 0.114418885 0.914124823
vt 0.114418885 0.914124823
vt 0.114418885 0.918622607
vt 0.112619771 0.922220834
vt 0.115318441 0.918622607
vt 0.109921101 0.924919504
vt 0.114418885 0.922220834
vt 0.111720214 0.925819061
vt 0.108121987 0.927618174
vt 0.116217998 0.918622607
vt 0.115318441 0.914124823
vt 0.117117555 0.918622607
vt 0.116217998 0.921321277
vt 0.115318441 0.922220834
vt 0.114418885 0.926718618
vt 0.112619771 0.925819061
vt 0.116217998 0.923120391
vt 0.116217998 0.924919504
vt 0.117117555 0.923120391
vt 0.116217998 0.927618174
vt 0.115318441 0.927618174
vt 0.112619771 0.929417288
vt 0.112619771 0.930316845
vt 0.108121987 0.933915072
vt 0.111720214 0.930316845
vt 0.109921101 0.931216401
vt 0.109921101 0.930316845
vt 0.107222431 0.933915072
vt 0.108121987 0.933915072
vt 0.109921101 0.929417288
vt 0.109021544 0.928517731
vt 0.10452376 0.932115958
vt 0.106322874 0.928517731
vt 0.106322874 0.933015515
vt 0.103624204 0.930316845
vt 0.107222431 0.938412855
vt 0.108121987 0.938412855
vt 0.108121987 0.933915072
vt 0.108121987 0.938412855
vt 0.107222431 0.942910639
vt 0.108121987 0.942011082
vt 0.106322874 0.939312412
vt 0.109021544 0.942910639
vt 0.107222431 0.945609309
vt 0.107222431 0.946508866
vt 0.105423317 0.95100665
vt 0.105423317 0.937513298
vt 0.10452376 0.936613742
vt 0.10452376 0.942011082
vt 0.106322874 0.946508866
vt 0.106322874 0.942910639
vt 0.105423317 0.947408423
vt 0.10452376 0.945609309
vt 0.102724647 0.944709752
vt 0.105423317 0.946508866
vt 0.102724647 0.950107093
vt 0.103624204 0.950107093
vt 0.10182509 0.951906206
vt 0.100025977 0.952805763
vt 0.095528193 0.954604876
vt 0.10182509 0.949207536
vt 0.100925533 0.948307979
vt 0.100025977 0.952805763
vt 0.0982268633 0.952805763
vt 0.09912642 0.947408423
vt 0.0973273065 0.950107093
vt 0.0982268633 0.95100665
vt 0.09912642 0.951906206
vt 0.10182509 0.943810196
vt 0.0973273065 0.946508866
vt 0.095528193 0.949207536
vt 0.100025977 0.942910639
vt 0.102724647 0.940211969
vt 0.10182509 0.938412855
vt 0.102724647 0.935714185
vt 0.0937290796 0.952805763
vt 0.0946286363 0.95370532
vt 0.102724647 0.934814628
vt 0.0946286363 0.955504433
vt 0.103624204 0.932115958
vt 0.10182509 0.932115958
vt 0.102724647 0.933015515
vt 0.10182509 0.934814628
vt 0.10182509 0.933915072
vt 0.100925533 0.934814628
vt 0.100925533 0.936613742
vt 0.100925533 0.934814628
vt 0.100925533 0.939312412
vt 0.100925533 0.939312412
vt 0.09912642 0.942910639
vt 0.09912642 0.942011082
vt 0.0973273065 0.945609309
vt 0.0973273065 0.945609309
vt 0.0946286363 0.947408423
vt 0.0928295228 0.948307979
vt 0.0892312959 0.950107093
vt 0.0937290796 0.948307979
vt 0.0928295228 0.949207536
vt 0.0946286363 0.949207536
vt 0.0928295228 0.95100665
vt 0.0919299661 0.950107093
vt 0.0910304094 0.95100665
vt 0.0901308526 0.952805763
vt 0.0910304094 0.955504433
vt 0.0883317392 0.958203103
vt 0.0892312959 0.954604876
vt 0.0883317392 0.955504433
vt 0.0883317392 0.954604876
vt 0.0874321824 0.958203103
vt 0.0919299661 0.95640399
vt 0.0874321824 0.958203103
vt 0.0892312959 0.960002217
vt 0.0901308526 0.960901774
vt 0.0928295228 0.958203103
vt 0.0865326257 0.960901774
vt 0.0856330689 0.96180133
vt 0.0865326257 0.962700887
vt 0.0829343987 0.964500001
vt 0.0856330689 0.960901774
vt 0.0838339555 0.96180133
vt 0.0847335122 0.960901774
vt 0.082034842 0.963600444
vt 0.0829343987 0.963600444
vt 0.0838339555 0.966299114
vt 0.0874321824 0.964500001
vt 0.0847335122 0.967198671
vt 0.0856330689 0.968098228
vt 0.0883317392 0.965399557
vt 0.0865326257 0.968098228
vt 0.0910304094 0.962700887
vt 0.0892312959 0.966299114
vt 0.0928295228 0.960002217
vt 0.0919299661 0.962700887
vt 0.0901308526 0.966299114
vt 0.0874321824 0.968997784
vt 0.0937290796 0.95910266
vt 0.0928295228 0.963600444
vt 0.0910304094 0.967198671
vt 0.0883317392 0.969897341
vt 0.0937290796 0.964500001
vt 0.0946286363 0.960002217
vt 0.0946286363 0.95910266
vt 0.095528193 0.955504433
vt 0.105423317 0.880841224
vt 0.106322874 0.879941667
vt 0.109021544 0.882640338
vt 0.110820658 0.882640338
vt 0.0982268633 0.87634344
vt 0.0982268633 0.87634344
vt 0.0964277498 0.874544327
vt 0.095528193 0.874544327
vt 0.108121987 0.933915072
vt 0.111720214 0.930316845
vt 0.109921101 0.931216401
vt 0.108121987 0.933915072
vt 0.112619771 0.90962704
vt 0.116217998 0.906028813
vt 0.115318441 0.906028813
vt 0.113519328 0.90962704
vt 0.114418885 0.914124823
vt 0.115318441 0.914124823
vt 0.835863387 0.418469061
vt 0.83226516 0.414870835
vt 0.83226516 0.415770391
vt 0.836762944 0.417569505
vt 0.840361171 0.421167732
vt 0.833164717 0.413971278
vt 0.841260728 0.420268175
vt 0.837662501 0.416669948
vt 0.841260728 0.420268175
vt 0.861950533 0.447254877
vt 0.860151419 0.449953547
vt 0.860151419 0.450853104
vt 0.861950533 0.447254877
vt 0.863749646 0.444556207
vt 0.859251862 0.449953547
vt 0.862850089 0.444556207
vt 0.864649203 0.44095798
vt 0.860151419 0.445455764
vt 0.863749646 0.44095798
vt 0.864649203 0.43825931
vt 0.861950533 0.44365665
vt 0.863749646 0.43825931
vt 0.864649203 0.434661083
vt 0.861950533 0.44095798
vt 0.857452749 0.441857537
vt 0.853854522 0.44365665
vt 0.863749646 0.434661083
vt 0.863749646 0.431062856
vt 0.861050976 0.437359753
vt 0.852954965 0.44635532
vt 0.855653635 0.449953547
vt 0.852055408 0.450853104
vt 0.846658068 0.437359753
vt 0.856553192 0.437359753
vt 0.849356738 0.44635532
vt 0.857452749 0.432861969
vt 0.861950533 0.434661083
vt 0.862850089 0.431062856
vt 0.861950533 0.428364186
vt 0.848457182 0.452652217
vt 0.852954965 0.451752661
vt 0.861950533 0.431962413
vt 0.861950533 0.428364186
vt 0.860151419 0.425665515
vt 0.860151419 0.425665515
vt 0.860151419 0.430163299
vt 0.859251862 0.426565072
vt 0.853854522 0.431962413
vt 0.852954965 0.429263742
vt 0.855653635 0.425665515
vt 0.852055408 0.424765959
vt 0.849356738 0.429263742
vt 0.849356738 0.423866402
vt 0.846658068 0.426565072
vt 0.850256295 0.422067288
vt 0.852954965 0.423866402
vt 0.850256295 0.421167732
vt 0.852954965 0.422966845
vt 0.847557625 0.419368618
vt 0.846658068 0.421167732
vt 0.843959398 0.420268175
vt 0.846658068 0.422067288
vt 0.843959398 0.421167732
vt 0.840361171 0.421167732
vt 0.844858955 0.422966845
vt 0.843959398 0.428364186
vt 0.841260728 0.422067288
vt 0.841260728 0.428364186
vt 0.840361171 0.431962413
vt 0.835863387 0.432861969
vt 0.842160284 0.423866402
vt 0.838562057 0.423866402
vt 0.837662501 0.422966845
vt 0.839461614 0.425665515
vt 0.836762944 0.427464629
vt 0.835863387 0.426565072
vt 0.835863387 0.425665515
vt 0.83226516 0.428364186
vt 0.833164717 0.428364186
vt 0.82956649 0.430163299
vt 0.834064274 0.430163299
vt 0.830466047 0.431062856
vt 0.828666933 0.433761526
vt 0.83226516 0.431062856
vt 0.82956649 0.433761526
vt 0.828666933 0.437359753
vt 0.831365604 0.433761526
vt 0.82956649 0.437359753
vt 0.830466047 0.440058423
vt 0.836762944 0.436460196
vt 0.83226516 0.437359753
vt 0.831365604 0.440058423
vt 0.83226516 0.44365665
vt 0.836762944 0.439158866
vt 0.833164717 0.440058423
vt 0.83226516 0.44365665
vt 0.833164717 0.447254877
vt 0.834064274 0.442757093
vt 0.834064274 0.447254877
vt 0.834064274 0.451752661
vt 0.838562057 0.441857537
vt 0.83496383 0.450853104
vt 0.836762944 0.453551774
vt 0.83496383 0.447254877
vt 0.837662501 0.452652217
vt 0.839461614 0.455350888
vt 0.838562057 0.44635532
vt 0.835863387 0.449953547
vt 0.840361171 0.454451331
vt 0.843059841 0.455350888
vt 0.837662501 0.450853104
vt 0.843059841 0.44635532
vt 0.843059841 0.455350888
vt 0.846658068 0.456250444
vt 0.841260728 0.451752661
vt 0.846658068 0.449053991
vt 0.843959398 0.453551774
vt 0.846658068 0.455350888
vt 0.850256295 0.454451331
vt 0.846658068 0.453551774
vt 0.849356738 0.453551774
vt 0.852954965 0.452652217
vt 0.846658068 0.418469061
vt 0.0532490264 0.921321277
vt 0.0496507995 0.922220834
vt 0.0496507995 0.923120391
vt 0.0532490264 0.922220834
vt 0.0568472534 0.92042172
vt 0.0505503562 0.924019947
vt 0.0568472534 0.92042172
vt 0.0532490264 0.923120391
vt 0.0577468101 0.921321277
vt 0.0532490264 0.924019947
vt 0.0505503562 0.924919504
vt 0.051449913 0.925819061
vt 0.0595459236 0.91772305
vt 0.0586463668 0.91772305
vt 0.0541485832 0.924019947
vt 0.0559476966 0.924919504
vt 0.0532490264 0.926718618
vt 0.0595459236 0.918622607
vt 0.0622445938 0.915923937
vt 0.0613450371 0.91502438
vt 0.0604454803 0.914124823
vt 0.0631441505 0.914124823
vt 0.0631441505 0.91232571
vt 0.0667423775 0.911426153
vt 0.0586463668 0.923120391
vt 0.0568472534 0.925819061
vt 0.0541485832 0.927618174
vt 0.0604454803 0.91772305
vt 0.0586463668 0.924019947
vt 0.0604454803 0.919522164
vt 0.0604454803 0.92042172
vt 0.0631441505 0.91772305
vt 0.0640437073 0.913225267
vt 0.064943264 0.913225267
vt 0.0622445938 0.915923937
vt 0.064943264 0.914124823
vt 0.0667423775 0.913225267
vt 0.0667423775 0.91232571
vt 0.0703406044 0.911426153
vt 0.064943264 0.91502438
vt 0.0703406044 0.91232571
vt 0.0739388314 0.91232571
vt 0.0658428207 0.915923937
vt 0.0676419342 0.914124823
vt 0.0631441505 0.918622607
vt 0.0613450371 0.922220834
vt 0.0640437073 0.92042172
vt 0.0658428207 0.91772305
vt 0.068541491 0.91502438
vt 0.0694410477 0.913225267
vt 0.0703406044 0.91232571
vt 0.0739388314 0.911426153
vt 0.0739388314 0.913225267
vt 0.0766375016 0.90962704
vt 0.0766375016 0.908727483
vt 0.0712401612 0.914124823
vt 0.0766375016 0.910526596
vt 0.0793361718 0.906928369
vt 0.0793361718 0.905129256
vt 0.082034842 0.904229699
vt 0.0793361718 0.907827926
vt 0.082034842 0.905129256
vt 0.0856330689 0.903330142
vt 0.0856330689 0.904229699
vt 0.0883317392 0.903330142
vt 0.0829343987 0.906028813
vt 0.0883317392 0.903330142
vt 0.0919299661 0.902430586
vt 0.0856330689 0.905129256
vt 0.0919299661 0.903330142
vt 0.095528193 0.903330142
vt 0.0892312959 0.904229699
vt 0.0856330689 0.906028813
vt 0.0829343987 0.906928369
vt 0.0865326257 0.907827926
vt 0.095528193 0.903330142
vt 0.09912642 0.904229699
vt 0.0919299661 0.904229699
vt 0.0892312959 0.905129256
vt 0.0793361718 0.908727483
vt 0.0829343987 0.908727483
vt 0.0766375016 0.911426153
vt 0.0793361718 0.90962704
vt 0.0748383881 0.914124823
vt 0.0775370583 0.91232571
vt 0.0802357285 0.911426153
vt 0.0721397179 0.91502438
vt 0.0748383881 0.91502438
vt 0.068541491 0.915923937
vt 0.0838339555 0.90962704
vt 0.0802357285 0.913225267
vt 0.0775370583 0.913225267
vt 0.0721397179 0.915923937
vt 0.0667423775 0.918622607
vt 0.0703406044 0.91772305
vt 0.0730392746 0.916823494
vt 0.0757379448 0.915923937
vt 0.0775370583 0.91502438
vt 0.0757379448 0.916823494
vt 0.0730392746 0.91772305
vt 0.0703406044 0.918622607
vt 0.0667423775 0.919522164
vt 0.0730392746 0.91772305
vt 0.0775370583 0.915923937
vt 0.0703406044 0.919522164
vt 0.0676419342 0.92042172
vt 0.0730392746 0.918622607
vt 0.0757379448 0.91772305
vt 0.0766375016 0.918622607
vt 0.064943264 0.921321277
vt 0.064943264 0.921321277
vt 0.0631441505 0.923120391
vt 0.0622445938 0.924019947
vt 0.0604454803 0.926718618
vt 0.0784366151 0.915923937
vt 0.0793361718 0.91502438
vt 0.0793361718 0.915923937
vt 0.0811352853 0.913225267
vt 0.0622445938 0.923120391
vt 0.0811352853 0.913225267
vt 0.0604454803 0.924019947
vt 0.0838339555 0.911426153
vt 0.0838339555 0.91232571
vt 0.0838339555 0.91232571
vt 0.0865326257 0.908727483
vt 0.0865326257 0.911426153
vt 0.0874321824 0.911426153
vt 0.0865326257 0.910526596
vt 0.0892312959 0.910526596
vt 0.0901308526 0.90962704
vt 0.0901308526 0.908727483
vt 0.0928295228 0.910526596
vt 0.0901308526 0.910526596
vt 0.0910304094 0.910526596
vt 0.0928295228 0.908727483
vt 0.0901308526 0.911426153
vt 0.0928295228 0.910526596
vt 0.0892312959 0.906928369
vt 0.0928295228 0.910526596
vt 0.095528193 0.911426153
vt 0.0964277498 0.911426153
vt 0.09912642 0.91232571
vt 0.0928295228 0.905129256
vt 0.0928295228 0.906928369
vt 0.095528193 0.904229699
vt 0.0964277498 0.905129256
vt 0.0964277498 0.906928369
vt 0.09912642 0.904229699
vt 0.09912642 0.905129256
vt 0.102724647 0.903330142
vt 0.102724647 0.903330142
vt 0.0964277498 0.908727483
vt 0.100025977 0.906028813
vt 0.102724647 0.904229699
vt 0.105423317 0.902430586
vt 0.106322874 0.901531029
vt 0.106322874 0.903330142
vt 0.108121987 0.902430586
vt 0.109021544 0.902430586
vt 0.112619771 0.902430586
vt 0.102724647 0.905129256
vt 0.100025977 0.907827926
vt 0.109021544 0.902430586
vt 0.106322874 0.904229699
vt 0.106322874 0.906028813
vt 0.103624204 0.906928369
vt 0.112619771 0.904229699
vt 0.116217998 0.904229699
vt 0.109021544 0.903330142
vt 0.116217998 0.905129256
vt 0.119816225 0.905129256
vt 0.109921101 0.905129256
vt 0.112619771 0.905129256
vt 0.103624204 0.907827926
vt 0.109921101 0.905129256
vt 0.118916668 0.906028813
vt 0.116217998 0.906028813
vt 0.112619771 0.906028813
vt 0.122514895 0.906928369
vt 0.123414452 0.906028813
vt 0.126113122 0.906928369
vt 0.126113122 0.906028813
vt 0.126113122 0.907827926
vt 0.122514895 0.906928369
vt 0.127912236 0.907827926
vt 0.129711349 0.907827926
vt 0.132410019 0.90962704
vt 0.118916668 0.906928369
vt 0.115318441 0.906928369
vt 0.128811792 0.908727483
vt 0.112619771 0.906928369
vt 0.129711349 0.90962704
vt 0.109921101 0.906028813
vt 0.106322874 0.907827926
vt 0.105423317 0.90962704
vt 0.102724647 0.908727483
vt 0.109021544 0.907827926
vt 0.09912642 0.90962704
vt 0.100925533 0.910526596
vt 0.0964277498 0.90962704
vt 0.0982268633 0.910526596
vt 0.0973273065 0.911426153
vt 0.09912642 0.911426153
vt 0.0964277498 0.911426153
vt 0.102724647 0.910526596
vt 0.103624204 0.911426153
vt 0.102724647 0.911426153
vt 0.105423317 0.910526596
vt 0.106322874 0.910526596
vt 0.109021544 0.90962704
vt 0.109021544 0.910526596
vt 0.109021544 0.910526596
vt 0.112619771 0.908727483
vt 0.111720214 0.910526596
vt 0.111720214 0.910526596
vt 0.111720214 0.911426153
vt 0.114418885 0.91232571
vt 0.114418885 0.911426153
vt 0.117117555 0.913225267
vt 0.115318441 0.907827926
vt 0.115318441 0.90962704
vt 0.115318441 0.910526596
vt 0.118017111 0.91232571
vt 0.118916668 0.907827926
vt 0.118916668 0.908727483
vt 0.118017111 0.910526596
vt 0.121615338 0.907827926
vt 0.121615338 0.90962704
vt 0.125213565 0.908727483
vt 0.120715782 0.913225267
vt 0.120715782 0.913225267
vt 0.118017111 0.911426153
vt 0.120715782 0.91232571
vt 0.121615338 0.911426153
vt 0.124314009 0.910526596
vt 0.123414452 0.914124823
vt 0.123414452 0.914124823
vt 0.123414452 0.913225267
vt 0.124314009 0.911426153
vt 0.127012679 0.911426153
vt 0.126113122 0.91502438
vt 0.126113122 0.91502438
vt 0.127012679 0.913225267
vt 0.129711349 0.913225267
vt 0.127912236 0.910526596
vt 0.126113122 0.914124823
vt 0.129711349 0.915923937
vt 0.128811792 0.916823494
vt 0.128811792 0.916823494
vt 0.129711349 0.914124823
vt 0.129711349 0.918622607
vt 0.130610906 0.919522164
vt 0.132410019 0.921321277
vt 0.130610906 0.918622607
vt 0.132410019 0.91772305
vt 0.132410019 0.919522164
vt 0.132410019 0.915923937
vt 0.133309576 0.92042172
vt 0.133309576 0.92042172
vt 0.134209133 0.919522164
vt 0.133309576 0.92042172
vt 0.134209133 0.921321277
vt 0.135108689 0.922220834
vt 0.138706916 0.923120391
vt 0.136008246 0.921321277
vt 0.136008246 0.923120391
vt 0.135108689 0.923120391
vt 0.13780736 0.924019947
vt 0.138706916 0.924019947
vt 0.14050603 0.925819061
vt 0.139606473 0.925819061
vt 0.142305143 0.928517731
vt 0.141405587 0.928517731
vt 0.142305143 0.927618174
vt 0.14050603 0.925819061
vt 0.144104257 0.926718618
vt 0.141405587 0.924019947
vt 0.145003814 0.925819061
vt 0.139606473 0.922220834
vt 0.1432047 0.923120391
vt 0.13780736 0.92042172
vt 0.144104257 0.922220834
vt 0.14590337 0.924919504
vt 0.14050603 0.921321277
vt 0.135108689 0.91772305
vt 0.145003814 0.922220834
vt 0.146802927 0.924019947
vt 0.147702484 0.923120391
vt 0.142305143 0.919522164
vt 0.141405587 0.92042172
vt 0.145003814 0.921321277
vt 0.148602041 0.923120391
vt 0.14590337 0.92042172
vt 0.1432047 0.919522164
vt 0.1432047 0.918622607
vt 0.14050603 0.91772305
vt 0.139606473 0.916823494
vt 0.136907803 0.915923937
vt 0.139606473 0.918622607
vt 0.139606473 0.91772305
vt 0.138706916 0.91772305
vt 0.138706916 0.919522164
vt 0.136008246 0.916823494
vt 0.139606473 0.91772305
vt 0.136008246 0.915923937
vt 0.132410019 0.91502438
vt 0.132410019 0.913225267
vt 0.134209133 0.914124823
vt 0.130610906 0.911426153
vt 0.131510463 0.911426153
vt 0.133309576 0.914124823
vt 0.128811792 0.90962704
vt 0.134209133 0.913225267
vt 0.133309576 0.91232571
vt 0.134209133 0.913225267
vt 0.131510463 0.910526596
vt 0.856553192 0.421167732
vt 0.852055408 0.422067288
vt 0.852954965 0.422966845
vt 0.855653635 0.420268175
vt 0.860151419 0.420268175
vt 0.852055408 0.421167732
vt 0.859251862 0.419368618
vt 0.855653635 0.420268175
vt 0.859251862 0.419368618
vt 0.837662501 0.421167732
vt 0.83496383 0.419368618
vt 0.834064274 0.420268175
vt 0.838562057 0.420268175
vt 0.841260728 0.422966845
vt 0.83496383 0.418469061
vt 0.841260728 0.422067288
vt 0.838562057 0.420268175
vt 0.841260728 0.421167732
vt 0.0937290796 0.902430586
vt 0.095528193 0.901531029
vt 0.095528193 0.901531029
vt 0.0937290796 0.902430586
vt 0.0910304094 0.901531029
vt 0.0910304094 0.900631472
vt 0.095528193 0.901531029
vt 0.0982268633 0.899731916
vt 0.095528193 0.901531029
vt 0.0982268633 0.899731916
vt 0.100925533 0.899731916
vt 0.100925533 0.899731916
vt 0.103624204 0.899731916
vt 0.103624204 0.899731916
vt 0.100025977 0.901531029
vt 0.103624204 0.900631472
vt 0.0982268633 0.906928369
vt 0.100925533 0.906928369
vt 0.09912642 0.914124823
vt 0.0982268633 0.901531029
vt 0.0964277498 0.902430586
vt 0.0937290796 0.903330142
vt 0.0937290796 0.902430586
vt 0.0901308526 0.903330142
vt 0.0910304094 0.901531029
vt 0.0901308526 0.906928369
vt 0.0937290796 0.907827926
vt 0.0946286363 0.91502438
vt 0.0973273065 0.914124823
vt 0.0964277498 0.919522164
vt 0.0973273065 0.921321277
vt 0.095528193 0.928517731
vt 0.0883317392 0.901531029
vt 0.0946286363 0.92042172
vt 0.0928295228 0.919522164
vt 0.0928295228 0.922220834
vt 0.0892312959 0.91502438
vt 0.0919299661 0.914124823
vt 0.0865326257 0.908727483
vt 0.0838339555 0.902430586
vt 0.0883317392 0.900631472
vt 0.0910304094 0.900631472
vt 0.0883317392 0.898832359
vt 0.0865326257 0.902430586
vt 0.0856330689 0.900631472
vt 0.0856330689 0.900631472
vt 0.0838339555 0.902430586
vt 0.0838339555 0.902430586
vt 0.0838339555 0.902430586
vt 0.0856330689 0.900631472
vt 0.0838339555 0.901531029
vt 0.0856330689 0.900631472
vt 0.0883317392 0.898832359
vt 0.0838339555 0.902430586
vt 0.0883317392 0.899731916
vt 0.0910304094 0.899731916
vt 0.0865326257 0.902430586
vt 0.0901308526 0.906028813
vt 0.0865326257 0.908727483
vt 0.0892312959 0.91502438
vt 0.0910304094 0.899731916
vt 0.0937290796 0.899731916
vt 0.0883317392 0.900631472
vt 0.0937290796 0.900631472
vt 0.095528193 0.902430586
vt 0.095528193 0.902430586
vt 0.0910304094 0.901531029
vt 0.0937290796 0.902430586
vt 0.095528193 0.904229699
vt 0.0982268633 0.904229699
vt 0.0982268633 0.906028813
vt 0.100925533 0.903330142
vt 0.095528193 0.90962704
vt 0.0928295228 0.907827926
vt 0.0973273065 0.910526596
vt 0.0937290796 0.914124823
vt 0.095528193 0.91502438
vt 0.0964277498 0.915923937
vt 0.0910304094 0.914124823
vt 0.0928295228 0.919522164
vt 0.0919299661 0.922220834
vt 0.0946286363 0.928517731
vt 0.0946286363 0.92042172
vt 0.0937290796 0.92042172
vt 0.095528193 0.921321277
vt 0.0964277498 0.92042172
vt 0.0973273065 0.922220834
vt 0.09912642 0.91502438
vt 0.0982268633 0.915923937
vt 0.09912642 0.90962704
vt 0.100925533 0.908727483
vt 0.100025977 0.905129256
vt 0.103624204 0.902430586
vt 0.103624204 0.901531029
vt 0.103624204 0.901531029
vt 0.100925533 0.903330142
vt 0.102724647 0.901531029
vt 0.100025977 0.903330142
vt 0.0982268633 0.905129256
vt 0.0973273065 0.905129256
vt 0.102724647 0.900631472
vt 0.100025977 0.902430586
vt 0.0973273065 0.904229699
vt 0.0973273065 0.904229699
vt 0.100025977 0.902430586
vt 0.0973273065 0.904229699
vt 0.102724647 0.900631472
vt 0.100025977 0.902430586
vt 0.102724647 0.900631472
vt 0.0901308526 0.902430586
vt 0.0901308526 0.902430586
vt 0.0874321824 0.900631472
vt 0.0874321824 0.900631472
vt 0.0856330689 0.898832359
vt 0.0847335122 0.898832359
vt 0.0901308526 0.902430586
vt 0.0874321824 0.900631472
vt 0.0847335122 0.898832359
vt 0.0847335122 0.899731916
vt 0.0874321824 0.901531029
vt 0.0901308526 0.903330142
vt 0.0847335122 0.899731916
vt 0.0874321824 0.901531029
vt 0.0901308526 0.903330142
vt 0.0847335122 0.899731916
vt 0.0874321824 0.901531029
vt 0.0847335122 0.900631472
vt 0.0874321824 0.903330142
vt 0.0901308526 0.902430586
vt 0.0883317392 0.908727483
vt 0.0865326257 0.906928369
vt 0.0901308526 0.904229699
vt 0.0919299661 0.902430586
vt 0.0892312959 0.91502438
vt 0.0910304094 0.91502438
vt 0.0874321824 0.914124823
vt 0.0901308526 0.908727483
vt 0.0937290796 0.907827926
vt 0.0928295228 0.903330142
vt 0.0901308526 0.919522164
vt 0.0892312959 0.921321277
vt 0.0910304094 0.928517731
vt 0.0910304094 0.921321277
vt 0.0919299661 0.919522164
vt 0.0928295228 0.91502438
vt 0.0946286363 0.91502438
vt 0.0928295228 0.921321277
vt 0.0946286363 0.92042172
vt 0.0937290796 0.923120391
vt 0.0964277498 0.91772305
vt 0.0964277498 0.915923937
vt 0.09912642 0.91232571
vt 0.0982268633 0.910526596
vt 0.102724647 0.906928369
vt 0.0964277498 0.908727483
vt 0.100025977 0.905129256
vt 0.102724647 0.906028813
vt 0.0982268633 0.903330142
vt 0.100925533 0.904229699
vt 0.102724647 0.906028813
vt 0.100925533 0.903330142
vt 0.09912642 0.901531029
vt 0.09912642 0.901531029
vt 0.0964277498 0.902430586
vt 0.0973273065 0.900631472
vt 0.0973273065 0.900631472
vt 0.0946286363 0.902430586
vt 0.0946286363 0.900631472
vt 0.0946286363 0.899731916
vt 0.0919299661 0.901531029
vt 0.0919299661 0.901531029
vt 0.0901308526 0.902430586
vt 0.0919299661 0.902430586
vt 0.0901308526 0.903330142
vt 0.0874321824 0.901531029
vt 0.0874321824 0.901531029
vt 0.106322874 0.905129256
vt 0.10452376 0.902430586
vt 0.10452376 0.902430586
vt 0.105423317 0.905129256
vt 0.107222431 0.906928369
vt 0.10452376 0.903330142
vt 0.106322874 0.907827926
vt 0.106322874 0.90962704
vt 0.105423317 0.905129256
vt 0.106322874 0.90962704
vt 0.106322874 0.91232571
vt 0.105423317 0.905129256
vt 0.103624204 0.903330142
vt 0.106322874 0.907827926
vt 0.106322874 0.91232571
vt 0.107222431 0.915923937
vt 0.10452376 0.906028813
vt 0.103624204 0.903330142
vt 0.105423317 0.907827926
vt 0.106322874 0.90962704
vt 0.107222431 0.915923937
vt 0.108121987 0.918622607
vt 0.105423317 0.907827926
vt 0.105423317 0.910526596
vt 0.10452376 0.90962704
vt 0.106322874 0.91232571
vt 0.107222431 0.918622607
vt 0.106322874 0.92042172
vt 0.10182509 0.90962704
vt 0.105423317 0.913225267
vt 0.10452376 0.913225267
vt 0.106322874 0.915923937
vt 0.106322874 0.92042172
vt 0.105423317 0.923120391
vt 0.10452376 0.923120391
vt 0.106322874 0.915923937
vt 0.105423317 0.915923937
vt 0.100925533 0.913225267
vt 0.107222431 0.918622607
vt 0.106322874 0.92042172
vt 0.10452376 0.922220834
vt 0.10452376 0.922220834
vt 0.106322874 0.92042172
vt 0.10452376 0.922220834
vt 0.107222431 0.918622607
vt 0.106322874 0.91772305
vt 0.105423317 0.919522164
vt 0.102724647 0.916823494
vt 0.100025977 0.91772305
vt 0.0937290796 0.913225267
vt 0.0982268633 0.919522164
vt 0.100925533 0.922220834
vt 0.0982268633 0.923120391
vt 0.09912642 0.907827926
vt 0.0964277498 0.919522164
vt 0.0946286363 0.921321277
vt 0.0982268633 0.906928369
vt 0.100925533 0.903330142
vt 0.0973273065 0.903330142
vt 0.095528193 0.924019947
vt 0.0982268633 0.923120391
vt 0.095528193 0.924919504
vt 0.0982268633 0.923120391
vt 0.0928295228 0.924919504
vt 0.0928295228 0.921321277
vt 0.0964277498 0.906928369
vt 0.0946286363 0.906028813
vt 0.095528193 0.924919504
vt 0.0937290796 0.926718618
vt 0.0964277498 0.925819061
vt 0.0982268633 0.923120391
vt 0.0964277498 0.925819061
vt 0.09912642 0.923120391
vt 0.0937290796 0.928517731
vt 0.0937290796 0.927618174
vt 0.0910304094 0.928517731
vt 0.0937290796 0.926718618
vt 0.0910304094 0.927618174
vt 0.0883317392 0.928517731
vt 0.0910304094 0.927618174
vt 0.0883317392 0.927618174
vt 0.0865326257 0.926718618
vt 0.0910304094 0.927618174
vt 0.0865326257 0.925819061
vt 0.0838339555 0.924919504
vt 0.0883317392 0.927618174
vt 0.0910304094 0.925819061
vt 0.0847335122 0.924019947
vt 0.0838339555 0.921321277
vt 0.0865326257 0.925819061
vt 0.0883317392 0.926718618
vt 0.0901308526 0.923120391
vt 0.0838339555 0.921321277
vt 0.0829343987 0.918622607
vt 0.0847335122 0.924019947
vt 0.0865326257 0.925819061
vt 0.0892312959 0.926718618
vt 0.0874321824 0.924919504
vt 0.0892312959 0.919522164
vt 0.0874321824 0.918622607
vt 0.0883317392 0.915923937
vt 0.0865326257 0.923120391
vt 0.0856330689 0.924019947
vt 0.0856330689 0.92042172
vt 0.0847335122 0.91772305
vt 0.0847335122 0.921321277
vt 0.0847335122 0.921321277
vt 0.0856330689 0.91502438
vt 0.0838339555 0.91772305
vt 0.0829343987 0.918622607
vt 0.0811352853 0.915923937
vt 0.0838339555 0.91772305
vt 0.0811352853 0.91502438
vt 0.0784366151 0.913225267
vt 0.0829343987 0.91502438
vt 0.082034842 0.91502438
vt 0.082034842 0.91502438
vt 0.0793361718 0.913225267
vt 0.0793361718 0.910526596
vt 0.082034842 0.91232571
vt 0.0802357285 0.91232571
vt 0.0793361718 0.910526596
vt 0.0802357285 0.907827926
vt 0.0802357285 0.913225267
vt 0.0856330689 0.91232571
vt 0.0811352853 0.907827926
vt 0.0829343987 0.906028813
vt 0.0811352853 0.910526596
vt 0.0802357285 0.910526596
vt 0.0802357285 0.910526596
vt 0.0829343987 0.906028813
vt 0.0856330689 0.904229699
vt 0.0847335122 0.90962704
vt 0.082034842 0.908727483
vt 0.0811352853 0.907827926
vt 0.0811352853 0.908727483
vt 0.0856330689 0.904229699
vt 0.0865326257 0.902430586
vt 0.0838339555 0.907827926
vt 0.0838339555 0.906928369
vt 0.0829343987 0.906028813
vt 0.0874321824 0.902430586
vt 0.0883317392 0.899731916
vt 0.0892312959 0.908727483
vt 0.0865326257 0.906028813
vt 0.0856330689 0.905129256
vt 0.0856330689 0.905129256
vt 0.0892312959 0.900631472
vt 0.0910304094 0.899731916
vt 0.0883317392 0.903330142
vt 0.0901308526 0.905129256
vt 0.0874321824 0.903330142
vt 0.0874321824 0.902430586
vt 0.0910304094 0.899731916
vt 0.0937290796 0.898832359
vt 0.0892312959 0.902430586
vt 0.0928295228 0.906028813
vt 0.0892312959 0.901531029
vt 0.0892312959 0.901531029
vt 0.0910304094 0.901531029
vt 0.0937290796 0.899731916
vt 0.0964277498 0.900631472
vt 0.0928295228 0.902430586
vt 0.0910304094 0.900631472
vt 0.0910304094 0.900631472
vt 0.095528193 0.900631472
vt 0.0982268633 0.902430586
vt 0.0982268633 0.902430586
vt 0.095528193 0.902430586
vt 0.0937290796 0.900631472
vt 0.0937290796 0.900631472
vt 0.095528193 0.901531029
vt 0.0982268633 0.903330142
vt 0.0973273065 0.903330142
vt 0.095528193 0.901531029
vt 0.0901308526 0.924019947
vt 0.0874321824 0.924919504
vt 0.0874321824 0.924919504
vt 0.0901308526 0.923120391
vt 0.0919299661 0.925819061
vt 0.0919299661 0.925819061
vt 0.0874321824 0.924919504
vt 0.0847335122 0.926718618
vt 0.0874321824 0.924919504
vt 0.0847335122 0.926718618
vt 0.0874321824 0.923120391
vt 0.0847335122 0.926718618
vt 0.0865326257 0.919522164
vt 0.0901308526 0.922220834
vt 0.0901308526 0.924019947
vt 0.0883317392 0.91772305
vt 0.0883317392 0.913225267
vt 0.0928295228 0.924019947
vt 0.0919299661 0.925819061
vt 0.0946286363 0.92042172
vt 0.0910304094 0.91772305
vt 0.0946286363 0.925819061
vt 0.0901308526 0.91232571
vt 0.0946286363 0.927618174
vt 0.0919299661 0.925819061
vt 0.0946286363 0.928517731
vt 0.0910304094 0.907827926
vt 0.0901308526 0.906028813
vt 0.0928295228 0.898832359
vt 0.0910304094 0.911426153
vt 0.0964277498 0.925819061
vt 0.0973273065 0.927618174
vt 0.0973273065 0.927618174
vt 0.0982268633 0.924919504
vt 0.09912642 0.926718618
vt 0.09912642 0.926718618
vt 0.100925533 0.924019947
vt 0.100925533 0.924919504
vt 0.100025977 0.923120391
vt 0.102724647 0.922220834
vt 0.102724647 0.922220834
vt 0.102724647 0.921321277
vt 0.0973273065 0.919522164
vt 0.095528193 0.913225267
vt 0.09912642 0.91772305
vt 0.100025977 0.915923937
vt 0.0973273065 0.91232571
vt 0.0973273065 0.910526596
vt 0.095528193 0.907827926
vt 0.0946286363 0.905129256
vt 0.0937290796 0.913225267
vt 0.0946286363 0.906928369
vt 0.0928295228 0.907827926
vt 0.0919299661 0.906028813
vt 0.095528193 0.902430586
vt 0.0982268633 0.905129256
vt 0.095528193 0.902430586
vt 0.0982268633 0.904229699
vt 0.100925533 0.903330142
vt 0.100925533 0.903330142
vt 0.0595459236 0.924919504
vt 0.0577468101 0.925819061
vt 0.0586463668 0.925819061
vt 0.0577468101 0.926718618
vt 0.0595459236 0.925819061
vt 0.0586463668 0.926718618
vt 0.0577468101 0.926718618
vt 0.0568472534 0.927618174
vt 0.0550481399 0.927618174
vt 0.0577468101 0.927618174
vt 0.0550481399 0.928517731
vn -0.937130721 0.348978527 -0
vn -0.937130721 0.348978527 -0
vn -0.937130721 0.348978527 -0
vn -0.560769141 -0.827408231 -0.0305546935
vn -0.560769141 -0.827408231 -0.0305546935
vn -0.560769141 -0.827408231 -0.0305546935
vn 0.937207571 0.341170461 -0.0724201975
vn 0.937207571 0.341170461 -0.0724201975
vn 0.937207571 0.341170461 -0.0724201975
vn 0.568595501 -0.819565421 -0.0707932021
vn 0.568595501 -0.819565421 -0.0707932021
vn 0.568595501 -0.819565421 -0.0707932021
vn 0.13702568 0.990567495 -0
vn 0.13702568 0.990567495 -0
vn 0.13702568 0.990567495 -0
vn 0.937128718 0.348983906 -0
vn 0.937128718 0.348983906 -0
vn 0.937128718 0.348983906 -0
vn -0.137041797 0.990565266 -0
vn -0.137041797 0.990565266 -0
vn -0.137041797 0.990565266 -0
vn -0.568611951 -0.819565421 -0.0706609468
vn -0.568611951 -0.819565421 -0.0706609468
vn -0.568611951 -0.819565421 -0.0706609468
vn -0.937224022 0.341170461 -0.0722069869
vn -0.937224022 0.341170461 -0.0722069869
vn -0.937224022 0.341170461 -0.0722069869
vn 0.560752691 -0.827408231 -0.0308551344
vn 0.560752691 -0.827408231 -0.0308551344
vn 0.560752691 -0.827408231 -0.0308551344
vn -0.999930901 -0.011755571 -0
vn -0.999930901 -0.011755571 -0
vn -0.999930901 -0.011755571 -0
vn -0.748921246 0.662659013 -0
vn -0.748921246 0.662659013 -0
vn -0.748921246 0.662659013 -0
vn 0.0901840897 -0.992107241 -0.087120903
vn 0.0901840897 -0.992107241 -0.087120903
vn 0.0901840897 -0.992107241 -0.087120903
vn 0.780351371 0.623511622 -0.0478016288
vn 0.780351371 0.623511622 -0.0478016288
vn 0.780351371 0.623511622 -0.0478016288
vn 0.998703424 -0.0509064958 -0
vn 0.998703424 -0.0509064958 -0
vn 0.998703424 -0.0509064958 -0
vn -0.372070074 0.928204643 -0
vn -0.372070074 0.928204643 -0
vn -0.372070074 0.928204643 -0
vn 0.27833385 0.960484392 -0
vn 0.27833385 0.960484392 -0
vn 0.27833385 0.960484392 -0
vn -0.278353419 -0.960478721 -0
vn -0.278353419 -0.960478721 -0
vn -0.278353419 -0.960478721 -0
vn -0.827424682 -0.560752691 -0.0304107852
vn -0.827424682 -0.560752691 -0.0304107852
vn -0.827424682 -0.560752691 -0.0304107852
vn 0.928208043 -0.372061593 -0
vn 0.928208043 -0.372061593 -0
vn 0.928208043 -0.372061593 -0
vn -0.160785831 0.207842691 -0.964857157
vn -0.199999881 0.0666721106 -0.977524873
vn 0.0117559896 -0.0117559896 -0.999861787
vn -0.0196152505 0.215685501 -0.976265848
vn -0.239213931 -0.0666556597 -0.968676271
vn 0.12939814 0.215685501 -0.967851169
vn -0.113728971 -0.16076938 -0.980417731
vn 0.18429781 0.0745149206 -0.980041756
vn 0.0274416096 -0.24704029 -0.968616567
vn 0.23135467 -0.0901840897 -0.968680467
vn 0.12939814 -0.16861219 -0.97715201
vn 0.0274416096 -0.24704029 0.968616567
vn -0.113728971 -0.16076938 0.980417731
vn 0.0117559896 -0.0117559896 0.999861787
vn 0.12939814 -0.16861219 0.97715201
vn -0.239213931 -0.0666556597 0.968676271
vn 0.23135467 -0.0901840897 0.968680467
vn -0.199999881 0.0666721106 0.977524873
vn 0.18429781 0.0745149206 0.980041756
vn -0.160785831 0.207842691 0.964857157
vn 0.12939814 0.215685501 0.967851169
vn -0.0196152505 0.215685501 0.976265848
vn -0.207842691 0.0823577306 0.974688986
vn -0.0980433506 0.152943021 0.983359514
vn -0.00392963045 -0.0117559896 0.999923174
vn -0.160785831 -0.0509700396 0.985672345
vn 0.00391317957 0.207842691 0.978154437
vn -0.105886161 -0.176455 0.978596829
vn 0.0980268997 0.152943021 0.983361154
vn -0.00392963045 -0.176455 0.984300864
vn 0.20782624 0.0823577306 0.974692494
vn 0.10586971 -0.176455 0.978598609
vn 0.16076938 -0.0509700396 0.985675028
vn 0.20782624 0.0823577306 -0.974692494
vn 0.0980268997 0.152943021 -0.983361154
vn -0.00392963045 -0.0117559896 -0.999923174
vn 0.16076938 -0.0509700396 -0.985675028
vn 0.00391317957 0.207842691 -0.978154437
vn 0.10586971 -0.176455 -0.978598609
vn -0.0980433506 0.152943021 -0.983359514
vn -0.00392963045 -0.176455 -0.984300864
vn -0.207842691 0.0823577306 -0.974688986
vn -0.105886161 -0.176455 -0.978596829
vn -0.160785831 -0.0509700396 -0.985672345
vn -0.0823577306 -0.929364761 0.359858785
vn -0.552926331 -0.0431272296 0.832113282
vn -0.796053442 -0.16861219 0.581264868
vn 0.0117559896 -0.850936661 0.52513674
vn 0.654866411 -0.709766081 -0.259580613
vn -0.380384511 0.0117724405 0.924753499
vn 0.560752691 -0.748980131 -0.352966264
vn 0.788194181 0.137257401 -0.599925278
vn 0.16076938 -0.780351371 0.604321888
vn -0.231371121 0.0666721106 0.970578299
vn 0.52153864 0.0666721106 -0.850618761
vn 0.2548831 0.874481542 -0.412694364
vn 0.27056872 -0.725451701 0.632860488
vn -0.0666721106 0.145100211 0.98716805
vn 0.53722426 -0.756822941 -0.372302471
vn 0.0195987996 0.835267492 -0.549494408
vn -0.576454761 0.796053442 0.184387705
vn 0.38036806 -0.709766081 0.592918417
vn 0.27056872 0.325484841 0.906008933
vn 0.52938145 -0.647023601 0.548740139
vn 0.50585302 -0.788194181 -0.350517695
vn 0.34899682 0.00392963045 -0.937115669
vn 0.41958211 -0.811722611 -0.406272391
vn 0.21566905 -0.897993521 -0.383529004
vn 0.21566905 -0.0509700396 -0.975135332
vn 0.0431272296 -0.12155533 -0.991647288
vn -0.270585171 -0.31762558 -0.908789115
vn -0.152943021 0.756839392 -0.635454615
vn -0.247056741 0.694096912 -0.676160073
vn -0.333327651 0.639197242 -0.69305091
vn -0.529397901 0.560769141 -0.63661278
vn -0.513712281 0.803896252 0.299750744
vn -0.427441371 0.827424682 0.364228321
vn -0.254899551 0.913695592 0.316522644
vn -0.498026661 0.780367822 0.378147468
vn -0.0666721106 0.145100211 0.98716805
vn 0.27056872 0.325484841 0.906008933
vn -0.231371121 0.0666721106 0.970578299
vn -0.380384511 0.0117724405 0.924753499
vn -0.552926331 -0.0431272296 0.832113282
vn -0.513712281 0.811739062 0.277811784
vn -0.796053442 -0.16861219 0.581264868
vn 0.0274416096 -0.2548831 -0.966582414
vn 0.741137321 0.474498231 -0.474938838
vn 0.772508561 0.403912941 -0.48998455
vn -0.0902005406 -0.11371252 -0.989410595
vn -0.701939722 -0.607809551 -0.37127911
vn 0.764665751 0.584297571 -0.271813608
vn -0.764682202 -0.53722426 -0.355880913
vn -0.701939722 -0.32546839 0.633522655
vn -0.294113601 0.498026661 -0.815761383
vn 0.772508561 0.435284181 -0.462339924
vn -0.662725672 -0.40389649 0.630604717
vn 0.0666556597 0.301956411 0.950988617
vn -0.0902005406 0.866638732 -0.490714959
vn 0.49801021 0.262742361 -0.82640927
vn -0.913695592 -0.19214062 -0.358109407
vn 0.15292657 0.121571781 0.980731241
vn 0.670552031 0.584297571 0.457117405
vn -0.0980433506 0.882324352 -0.460316456
vn 0.0431272296 0.0902005406 -0.994989399
vn -0.952909642 0.301956411 -0.0280274839
vn -0.662725672 -0.592123931 0.458458215
vn 0.717608891 0.466655421 0.516981816
vn 0.772508561 0.403912941 -0.48998455
vn 0.741137321 0.474498231 -0.474938838
vn -0.254899551 0.803896252 -0.537379787
vn -0.498026661 -0.176455 -0.849018891
vn -0.576454761 0.631354432 -0.518740291
vn 0.36468244 -0.47448178 0.801170243
vn 0.897993521 0.0353008705 0.438590338
vn 0.764665751 0.584297571 -0.271813608
vn 0.929364761 -0.36468244 -0.0573398507
vn 0.772508561 0.435284181 -0.462339924
vn -0.623511622 0.678411292 0.388576089
vn -0.341170461 0.811739062 0.474006764
vn -0.105886161 0.921538402 0.373570736
vn -0.670568482 -0.53722426 0.511593594
vn -0.482341041 -0.31762558 0.816370694
vn -0.0902005406 -0.10586971 0.990280499
vn 0.43526773 0.152943021 0.887214988
vn 0.36468244 -0.788194181 0.49573849
vn 0.20782624 -0.921521951 0.328032845
vn 0.28625434 -0.882307901 0.373619085
vn 0.53722426 -0.764665751 0.355916259
vn 0.647023601 -0.599966741 -0.470532008
vn 0.49801021 0.262742361 -0.82640927
vn 0.34899682 -0.717608891 -0.602692873
vn 0.0901840897 -0.866622281 -0.490747035
vn 0.0431272296 0.0902005406 -0.994989399
vn -0.498026661 -0.176455 -0.849018891
vn 0.631337981 -0.0980268997 0.769287385
vn 0.0352844196 -0.827408231 0.560491417
vn 0.0274416096 -0.827408231 0.5609301
vn 0.772508561 -0.2548831 0.581605647
vn 0.623495171 0.741153772 0.248887241
vn 0.0274416096 -0.874465091 0.484311638
vn 0.811722611 0.576454761 0.093841946
vn 0.0980268997 0.890167162 -0.444964213
vn 0.850936661 -0.38036806 0.362252588
vn 0.0352844196 -0.905836331 0.422155837
vn 0.13724095 0.874481542 -0.465238599
vn -0.592140381 0.160785831 -0.78963136
vn 0.874465091 0.474498231 -0.100807901
vn 0.874465091 -0.44311054 0.197392638
vn 0.0117559896 -0.921521951 0.388148284
vn -0.733310962 0.294113601 -0.612986316
vn -0.639197242 -0.709766081 -0.296072621
vn 0.0588128497 0.890167162 -0.45182239
vn 0.890150711 0.403912941 -0.210917158
vn 0.839781003 -0.542925287 -0
vn 0.0666556597 -0.921521951 0.382562827
vn -0.796053442 -0.599966741 -0.0796167565
vn 0.0274416096 -0.827408231 0.5609301
vn 0.0352844196 -0.827408231 0.560491417
vn 0.780351371 -0.599966741 -0.17632824
vn 0.12939814 -0.882307901 0.452536064
vn 0.858779471 0.341170461 -0.382230999
vn -0.827424682 0.411755751 -0.381871179
vn -0.858795922 -0.50585302 0.0811312897
vn 0.0274416096 -0.874465091 0.484311638
vn 0.647023601 -0.694080461 -0.315614914
vn 0.13724095 -0.843093851 0.519959306
vn 0.0431272296 0.905852782 -0.42139148
vn -0.835267492 0.498026661 -0.233018586
vn -0.866638732 -0.44311054 0.229325876
vn 0.0352844196 -0.905836331 0.422155837
vn 0.756822941 0.270585171 -0.594981261
vn 0.0980268997 0.913695592 -0.39439966
vn 0.53722426 -0.756822941 -0.372302471
vn 0.23919748 -0.780351371 0.57778569
vn -0.858795922 -0.35683963 0.367607185
vn 0.0117559896 -0.921521951 0.388148284
vn -0.803896252 0.592140381 -0.0558621955
vn -0.788210632 -0.2548831 0.560141594
vn 0.0666556597 -0.921521951 0.382562827
vn 0.10586971 0.882324352 -0.458579701
vn -0.725468152 0.678411292 0.115991725
vn 0.568595501 0.152943021 -0.808274452
vn 0.00391317957 0.835267492 -0.549829886
vn -0.592140381 -0.13724095 0.794062145
vn 0.12939814 -0.882307901 0.452536064
vn -0.623511622 0.741153772 0.248846026
vn 0.39605368 0.0823577306 -0.914526482
vn -0.419598561 -0.0666556597 0.905259118
vn 0.13724095 -0.843093851 0.519959306
vn -0.521555091 0.772525012 0.362195241
vn -0.0902005406 0.811739062 -0.577012615
vn 0.45095335 -0.772508561 -0.447070016
vn 0.40389649 -0.678394841 0.6137166
vn -0.231371121 0.0353008705 0.972224898
vn 0.23919748 -0.780351371 0.57778569
vn 0.19998343 -0.00391317957 -0.979791465
vn 0.36468244 -0.811722611 -0.45619417
vn 0.552909881 -0.592123931 0.586242198
vn -0.443126991 0.819581872 0.36321347
vn -0.207842691 0.748996582 -0.629130778
vn 0.00391317957 0.160785831 0.986981562
vn 0.40389649 -0.678394841 0.6137166
vn 0.32546839 -0.827408231 -0.457674498
vn 0.725451701 -0.51369583 0.458079058
vn 0.27056872 -0.866622281 -0.419235482
vn -0.0274580605 -0.12939814 -0.991212478
vn -0.207842691 -0.23919748 -0.948465066
vn -0.443126991 -0.38036806 -0.811762655
vn -0.396070131 0.678411292 -0.618778289
vn -0.396070131 0.843110302 0.363721693
vn -0.560769141 0.584297571 -0.586629626
vn -0.733310962 0.450969801 -0.508803766
vn -0.388227321 0.858795922 0.334288964
vn -0.356856081 0.890167162 0.283295184
vn 0.18429781 0.262742361 0.947101245
vn 0.40389649 0.388227321 0.82834001
vn 0.552909881 -0.592123931 0.586242198
vn 0.725451701 -0.51369583 0.458079058
vn -0.0353008705 -0.24704029 0.96836199
vn -0.741153772 0.474498231 0.474913166
vn -0.756839392 0.388227321 0.525807648
vn 0.0980268997 -0.11371252 0.988665864
vn 0.701923271 -0.607809551 0.37131021
vn -0.764682202 0.584297571 0.271767324
vn 0.772508561 -0.53722426 0.338556668
vn 0.701923271 -0.32546839 -0.633540882
vn 0.31762558 0.490183851 0.811685766
vn -0.780367822 0.435284181 0.448947374
vn 0.662709221 -0.40389649 -0.630622006
vn -0.0666721106 0.301956411 -0.950987463
vn 0.10586971 0.866638732 0.48757452
vn -0.498026661 0.254899551 0.828852015
vn 0.913679141 -0.19214062 0.358151377
vn -0.152943021 0.121571781 -0.980728675
vn -0.678411292 0.592140381 -0.434888363
vn 0.0901840897 0.882324352 0.461920521
vn -0.0509864905 0.0666721106 0.996471378
vn 0.952893191 0.301956411 0.0285813224
vn 0.654866411 -0.599966741 -0.459554017
vn -0.725468152 0.466655421 -0.50589394
vn -0.756839392 0.388227321 0.525807648
vn -0.741153772 0.474498231 0.474913166
vn 0.2548831 0.796053442 0.548938542
vn 0.4901674 -0.18429781 0.851921497
vn 0.576438311 0.631354432 0.518758572
vn -0.364698891 -0.47448178 -0.801162754
vn -0.898009972 0.0431436805 -0.437854671
vn -0.764682202 0.584297571 0.271767324
vn -0.929381212 -0.36468244 0.0570725895
vn -0.780367822 0.435284181 0.448947374
vn 0.623495171 0.686254102 -0.374578537
vn 0.34115401 0.819581872 -0.460325425
vn 0.10586971 0.921538402 -0.373575398
vn 0.654866411 -0.552909881 -0.515209325
vn 0.0980268997 -0.0744984697 -0.992391407
vn -0.435284181 0.152943021 -0.887206917
vn 0.4901674 -0.30978277 -0.814721152
vn -0.364698891 -0.788194181 -0.495726388
vn -0.207842691 -0.921521951 -0.328022422
vn -0.286270791 -0.882307901 -0.37360648
vn -0.537240711 -0.756822941 -0.372278732
vn -0.647040052 -0.599966741 0.470509385
vn -0.498026661 0.254899551 0.828852015
vn -0.349013271 -0.717608891 0.602683347
vn -0.0902005406 -0.866622281 0.490744011
vn -0.0509864905 0.0666721106 0.996471378
vn 0.4901674 -0.18429781 0.851921497
vn 0.0666556597 0.152943021 -0.985984511
vn -0.270585171 0.317642031 -0.908783366
vn 0.27056872 0.921538402 -0.278495137
vn 0.42742492 0.835267492 -0.345884597
vn 0.23919748 0.0745149206 -0.96810748
vn 0.52938145 0.537240711 0.656603151
vn 0.49801021 0.780367822 -0.378169133
vn 0.38036806 0.0117724405 -0.924760265
vn 0.3333112 0.639197242 0.693058822
vn 0.27056872 -0.31762558 0.908794013
vn 0.51369583 0.796053442 -0.320024236
vn 0.552909881 -0.0352844196 -0.832493648
vn 0.2548831 0.701939722 0.665067841
vn -0.0431436805 -0.12155533 0.991646572
vn -0.215685501 -0.897993521 0.383519753
vn -0.419598561 -0.811722611 0.4062554
vn -0.521555091 -0.639180791 -0.565179798
vn -0.215685501 -0.0509700396 0.975131694
vn -0.380384511 -0.709766081 -0.592907863
vn -0.270585171 0.317642031 -0.908783366
vn 0.0666556597 0.152943021 -0.985984511
vn -0.505869471 -0.780351371 0.367624558
vn -0.278427981 -0.725451701 -0.629442364
vn 0.23919748 0.0745149206 -0.96810748
vn 0.15292657 0.764682202 0.625998877
vn -0.341170461 0.0117724405 0.939927724
vn -0.168628641 -0.780351371 -0.602176153
vn 0.38036806 0.0117724405 -0.924760265
vn -0.545083521 -0.748980131 0.376713045
vn -0.0117724405 0.835267492 0.54971777
vn -0.0117724405 -0.843093851 -0.537637581
vn 0.552909881 -0.0352844196 -0.832493648
vn -0.513712281 0.0823577306 0.854000525
vn -0.560769141 -0.741137321 0.369125238
vn 0.0980268997 -0.929364761 -0.355909915
vn 0.796036991 -0.15292657 -0.585609574
vn -0.662725672 -0.709766081 0.238802837
vn -0.772525012 0.145100211 0.618183658
vn -0.262742361 0.874481542 0.407735802
vn 0.584281121 0.788210632 -0.1932345
vn 0.52153864 0.803896252 -0.285916531
vn 0.796036991 -0.15292657 -0.585609574
vn -0.560769141 -0.592123931 -0.57872897
vn -0.725468152 -0.51369583 -0.458053004
vn -0.403912941 0.388227321 -0.828331988
vn -0.184314261 0.262742361 -0.947098044
vn -0.411755751 -0.694080461 -0.590516313
vn 0.34115401 0.890167162 -0.302020471
vn -0.00392963045 0.160785831 -0.986981497
vn -0.254899551 -0.796036991 -0.54895476
vn 0.38036806 0.858795922 -0.343205045
vn 0.733294511 0.443126991 0.515672018
vn 0.23135467 0.0353008705 -0.972228813
vn -0.145100211 -0.843093851 -0.517821096
vn 0.568595501 0.584297571 0.579047066
vn 0.43526773 -0.39605368 0.808506948
vn 0.39605368 0.850953112 -0.344993165
vn 0.42742492 -0.0509700396 -0.90261287
vn -0.129414591 -0.882307901 -0.45253136
vn 0.19998343 -0.23919748 0.950153247
vn -0.270585171 -0.866622281 0.419224865
vn 0.39605368 0.686254102 0.610079331
vn 0.44311054 0.819581872 -0.36323354
vn 0.592123931 -0.13724095 -0.794074412
vn -0.0666721106 -0.921521951 -0.38255996
vn -0.333327651 -0.835251041 0.437319535
vn -0.725468152 -0.51369583 -0.458053004
vn -0.560769141 -0.592123931 -0.57872897
vn 0.0352844196 -0.12939814 0.990964748
vn -0.364698891 -0.819565421 0.441935787
vn -0.411755751 -0.694080461 -0.590516313
vn 0.20782624 0.756839392 0.619679263
vn 0.52153864 0.780367822 -0.344997839
vn 0.788194181 -0.2548831 -0.560164742
vn -0.0196152505 -0.921521951 -0.38783055
vn -0.450969801 -0.788194181 0.418779383
vn -0.254899551 -0.796036991 -0.54895476
vn -0.215685501 -0.0195987996 0.976266179
vn 0.623495171 0.741153772 -0.248887241
vn 0.0980268997 0.811739062 0.575734681
vn 0.858779471 -0.34115401 -0.382245682
vn -0.0431436805 -0.905836331 -0.421425158
vn -0.537240711 -0.764665751 0.355891426
vn -0.145100211 -0.843093851 -0.517821096
vn -0.411755751 0.0588293005 0.909393377
vn 0.725451701 0.678411292 -0.11609457
vn -0.00392963045 0.835267492 0.549829769
vn 0.874465091 -0.43526773 -0.214132686
vn -0.0274580605 -0.874465091 -0.484310705
vn -0.639197242 -0.701923271 0.314214271
vn -0.129414591 -0.882307901 -0.45253136
vn -0.576454761 0.129414591 0.806815823
vn 0.803879801 0.592140381 0.0560984334
vn 0.850936661 -0.50585302 -0.141490355
vn -0.0274580605 -0.835251041 -0.549182805
vn -0.772525012 -0.599966741 0.207954361
vn -0.0666721106 -0.921521951 -0.38255996
vn -0.764682202 0.254899551 0.591850783
vn -0.105886161 0.882324352 0.458575903
vn 0.843093851 0.490183851 0.221161819
vn -0.0980433506 0.913695592 0.394395571
vn 0.794803087 -0.60686741 -0
vn -0.0274580605 -0.827408231 -0.560929295
vn 0.647023601 -0.709766081 0.27855443
vn -0.866638732 0.333327651 0.37125461
vn 0.835251041 0.396070131 0.381423845
vn 0.741137321 0.286270791 0.607259834
vn 0.592123931 0.160785831 0.789643697
vn -0.0431436805 0.905852782 0.421389796
vn -0.0509864905 0.890167162 0.452772351
vn -0.129414591 0.874481542 0.467476092
vn -0.0902005406 0.882324352 0.461917309
vn -0.833858993 -0.551977517 -0
vn -0.0196152505 -0.921521951 -0.38783055
vn -0.882324352 0.427441371 0.196971095
vn -0.866638732 -0.46663897 -0.176593827
vn -0.0431436805 -0.905836331 -0.421425158
vn -0.866638732 0.498026661 0.0301123379
vn -0.803896252 0.584297571 -0.111117794
vn -0.631354432 0.741153772 -0.228216276
vn -0.843110302 -0.38821087 -0.372098561
vn -0.0274580605 -0.874465091 -0.484310705
vn -0.780367822 -0.24704029 -0.574453791
vn -0.631354432 -0.0823412797 -0.77111056
vn -0.0274580605 -0.835251041 -0.549182805
vn -0.0274580605 -0.827408231 -0.560929295
vn 0.866622281 0.0274580605 -0.498208668
vn 0.866622281 0.0274580605 -0.498208668
vn 0.49801021 0.0274580605 -0.866736341
vn 0.49801021 0.0274580605 -0.866736341
vn 0.00391317957 0.0274580605 -0.999615297
vn 0.00391317957 0.0274580605 -0.999615297
vn -0.498026661 0.0274580605 -0.866726889
vn -0.498026661 0.0274580605 -0.866726889
vn -0.866638732 0.0274580605 -0.498180051
vn -0.866638732 0.0274580605 -0.498180051
vn -0.999623215 0.0274486342 -0
vn -0.999623215 0.0274486342 -0
vn -0.866638732 0.0274580605 0.498180051
vn -0.866638732 0.0274580605 0.498180051
vn -0.498026661 0.0274580605 0.866726889
vn -0.498026661 0.0274580605 0.866726889
vn 0.00391317957 0.0274580605 0.999615297
vn 0.00391317957 0.0274580605 0.999615297
vn 0.49801021 0.0274580605 0.866736341
vn 0.49801021 0.0274580605 0.866736341
vn 0.866622281 0.0274580605 0.498208668
vn 0.866622281 0.0274580605 0.498208668
vn 0.999623203 0.0274490854 -0
vn 0.999623203 0.0274490854 -0
vn 0.866622281 0.0274580605 -0.498208668
vn 0.866622281 0.0274580605 -0.498208668
vn -0.262742361 0.466655421 -0.844511202
vn -0.152943021 0.458812611 -0.875271055
vn -0.168628641 0.513712281 -0.841227718
vn -0.333327651 0.474498231 -0.814704919
vn -0.333327651 0.474498231 -0.814704919
vn -0.411755751 0.466655421 -0.782745118
vn -0.0666721106 0.992123692 0.106044373
vn -0.450969801 0.505869471 -0.735338233
vn -0.513712281 0.458812611 -0.72497633
vn -0.694096912 0.474498231 -0.541369472
vn -0.694096912 0.450969801 -0.561120055
vn -0.827424682 0.443126991 -0.344973717
vn -0.764682202 0.545083521 -0.343722395
vn -0.874481542 0.474498231 -0.100665095
vn -0.819581872 0.513712281 0.253742482
vn -0.890167162 0.450969801 -0.0650281637
vn -0.882324352 0.458812611 0.104855737
vn -0.223528311 0.458812611 0.859957023
vn -0.184314261 0.521555091 0.83307175
vn -0.113728971 0.458812611 0.881224551
vn -0.349013271 0.482341041 0.803453083
vn -0.317642031 0.474498231 0.820947604
vn -0.419598561 0.482341041 0.768950042
vn -0.0666721106 0.992123692 0.106044373
vn -0.599983191 0.521555091 0.606630412
vn -0.623511622 0.490183851 0.609059151
vn -0.772525012 0.474498231 0.421967457
vn -0.796053442 0.482341041 0.365576309
vn -0.599983191 0.521555091 0.606630412
vn -0.819581872 0.466655421 0.332442887
vn -0.819581872 0.513712281 0.253742482
vn -0.850953112 0.466655421 0.241063309
vn -0.882324352 0.458812611 0.104855737
vn 0.4117393 0.466655421 -0.782753771
vn 0.560752691 0.458812611 -0.68923683
vn 0.49801021 0.521555091 -0.69279587
vn 0.3333112 0.474498231 -0.81471165
vn 0.32546839 0.466655421 -0.822376462
vn 0.23919748 0.466655421 -0.851479467
vn 0.0195987996 0.984280882 0.175519321
vn 0.176455 0.513712281 -0.839620941
vn 0.11371252 0.458812611 -0.881226674
vn -0.129414591 0.466655421 -0.874919757
vn -0.121571781 0.450969801 -0.884220866
vn -0.349013271 0.443126991 -0.825728894
vn -0.286270791 0.529397901 -0.798615612
vn -0.498026661 0.458812611 -0.73583995
vn -0.662725672 0.521555091 -0.537377866
vn -0.521555091 0.443126991 -0.729121908
vn -0.654882862 0.443126991 -0.612182087
vn -0.435284181 0.466655421 0.769909345
vn -0.545083521 0.458812611 0.701694337
vn -0.450969801 0.521555091 0.724297263
vn -0.309799221 0.490183851 0.814704999
vn -0.341170461 0.474498231 0.811451875
vn -0.223528311 0.482341041 0.846984188
vn 0.0195987996 0.984280882 0.175519321
vn -0.00392963045 0.521555091 0.853208559
vn -0.00392963045 0.482341041 0.875974702
vn 0.21566905 0.482341041 0.849019423
vn 0.30193996 0.490183851 0.817650324
vn 0.34115401 0.474498231 0.811458791
vn 0.44311054 0.529397901 0.723457608
vn 0.42742492 0.466655421 0.774300107
vn 0.545067071 0.458812611 0.701707116
vn 0.00391317957 -0.0509700396 -0.998692516
vn -0.00392963045 -0.992107241 -0.125330682
vn 0.0980268997 -0.992107241 -0.0781917432
vn 0.701923271 -0.0431272296 -0.710945683
vn -0.00392963045 0.317642031 -0.948202562
vn 0.144698933 -0.989475729 -0
vn 0.670552031 0.317642031 -0.670420401
vn 0.00391317957 0.403912941 -0.914789059
vn 0.999071224 -0.0430893263 -0
vn 0.0980268997 -0.992107241 0.0781917432
vn 0.701923271 -0.0431272296 0.710945683
vn -0.00392963045 -0.992107241 0.125330682
vn 0.945050381 0.317642031 -0.0773519044
vn 0.639180791 0.411755751 -0.649542237
vn 0.00391317957 -0.0509700396 0.998692516
vn -0.0980433506 -0.992107241 0.0781711147
vn 0.694080461 0.160785831 -0.701712356
vn -0.00392963045 0.152943021 -0.988227196
vn 0.913679141 0.403912941 -0.0452190556
vn 0.984264431 0.160785831 -0.0732901491
vn 0.694080461 0.160785831 0.701712356
vn 0.670552031 0.317642031 0.670420401
vn 0.639180791 0.411755751 0.649542237
vn -0.00392963045 0.152943021 0.988227196
vn -0.709782532 -0.0509700396 0.702574418
vn -0.144714996 -0.98947338 -0
vn -0.00392963045 0.317642031 0.948202562
vn 0.00391317957 0.403912941 0.914789059
vn -0.701939722 0.160785831 0.69385052
vn -0.999071254 -0.0430886188 -0
vn -0.0980433506 -0.992107241 -0.0781711147
vn -0.678411292 0.317642031 0.662466346
vn -0.647040052 0.403912941 0.646678829
vn -0.984280882 0.160785831 -0.0730688829
vn -0.709782532 -0.0509700396 -0.702574418
vn -0.00392963045 -0.992107241 -0.125330682
vn 0.00391317957 -0.0509700396 -0.998692516
vn -0.945066832 0.317642031 -0.0771506515
vn -0.913695592 0.403912941 -0.0448854215
vn -0.701939722 0.160785831 -0.69385052
vn -0.678411292 0.317642031 -0.662466346
vn -0.00392963045 0.317642031 -0.948202562
vn -0.647040052 0.403912941 -0.646678829
vn -0.00392963045 0.152943021 -0.988227196
vn 0.00391317957 0.403912941 -0.914789059
vn 0.29409715 0.647040052 0.703452939
vn 0.0588128497 -0.0195987996 0.998076618
vn -0.615668812 0.231371121 0.753272407
vn 0.701923271 -0.27056872 0.658859841
vn 0.780351371 0.317642031 0.538660633
vn 0.905836331 0.411755751 -0.0995878636
vn 0.929364761 -0.35683963 -0.0945865688
vn 0.615652361 -0.23919748 -0.750837357
vn 0.709766081 0.349013271 -0.611900194
vn -0.0509864905 0.0196152505 -0.998506695
vn 0.20782624 0.678411292 -0.704674658
vn 0.34896408 0.9371361 -0
vn -0.309799221 0.725468152 0.614589622
vn -0.41085646 0.911700044 -0
vn -0.929381212 0.364698891 0.0569673723
vn -0.701939722 0.262742361 -0.662002325
vn -0.372541701 0.756839392 -0.537035209
vn 0.45879616 -0.866622281 0.196142563
vn 0.827408231 -0.27056872 0.49212619
vn 0.960736001 -0.12155533 -0.249420604
vn 0.709766081 0.490183851 0.505916893
vn 0.686237651 -0.647023601 -0.332322655
vn -0.176471451 -0.952893191 -0.246682778
vn 0.24704029 -0.599966741 -0.760927727
vn -0.270585171 -0.34115401 -0.900220865
vn -0.709782532 -0.48232459 -0.513392391
vn -0.215685501 0.262742361 -0.940450007
vn -0.827424682 0.270585171 -0.492089485
vn -0.458812611 0.866638732 -0.196031365
vn 0.52938145 0.0980433506 -0.842699698
vn -0.0745149206 0.772525012 -0.630597045
vn 0.49801021 0.748996582 -0.437023971
vn 0.176455 0.960752452 0.214052234
vn 0.890150711 0.450969801 -0.0652529684
vn -0.945066832 0.309799221 0.10427428
vn -0.380384511 0.317642031 0.868568457
vn -0.796053442 -0.2548831 0.548938542
vn -0.176471451 -0.662709221 0.727787274
vn 0.00391317957 -0.14508376 0.989411638
vn 0.545067071 -0.686237651 0.481642788
vn 0.568595501 0.00392963045 0.822607874
vn 0.929364761 0.137257401 0.342697456
vn 0.945050381 -0.30978277 -0.104472065
vn 0.748980131 0.654882862 0.100782941
vn 0.796036991 0.247056741 -0.552528801
vn 0.16861219 0.662725672 -0.729633205
vn 0.2548831 0.686254102 0.68124145
vn 0.28625434 0.937224022 -0.19917225
vn -0.207842691 0.968595262 0.1364721
vn -0.552926331 0.678411292 -0.483767084
vn -0.631354432 0.647040052 0.427470178
vn -0.654882862 0.443126991 -0.612182087
vn -0.662725672 0.521555091 -0.537377866
vn -0.756839392 0.466655421 -0.457631787
vn -0.764682202 0.443126991 -0.467867075
vn -0.850953112 0.458812611 -0.255675163
vn 0.0195987996 0.984280882 0.175519321
vn -0.843110302 0.513712281 -0.158948768
vn -0.874481542 0.466655421 -0.132343306
vn -0.880720772 0.473635854 -0
vn -0.827424682 0.521555091 0.208203464
vn -0.882324352 0.466655421 0.0611265548
vn -0.850953112 0.458812611 0.255675163
vn -0.725468152 0.482341041 0.490961384
vn -0.450969801 0.521555091 0.724297263
vn -0.725468152 0.450969801 0.519925186
vn -0.545083521 0.458812611 0.701694337
vn -0.247056741 0.349013271 0.90396499
vn 0.42742492 0.00392963045 0.904042308
vn 0.00391317957 -0.607809551 0.794073194
vn 0.615652361 0.615668812 0.49185779
vn -0.458812611 -0.22351186 0.859961299
vn -0.443126991 -0.866622281 0.229356255
vn -0.866638732 -0.27056872 0.419201474
vn -0.960752452 -0.22351186 -0.164308168
vn -0.866638732 0.341170461 -0.364060469
vn -0.623511622 -0.607809551 -0.491732456
vn -0.427441371 0.00392963045 -0.90403453
vn 0.00391317957 0.615668812 -0.787995306
vn -0.780367822 0.498026661 0.378147468
vn 0.0431272296 0.788210632 0.613892533
vn -0.247056741 0.960752452 0.126165338
vn 0.44311054 0.874481542 -0.197319745
vn -0.450969801 0.788210632 -0.418748419
vn -0.623511622 -0.607809551 -0.491732456
vn -0.443126991 -0.866622281 0.229356255
vn 0.24704029 -0.960736001 -0.126322726
vn 0.00391317957 -0.607809551 0.794073194
vn 0.45095335 -0.780351371 0.433235287
vn 0.42742492 0.00392963045 0.904042308
vn 0.858779471 -0.34115401 0.382245682
vn 0.615652361 0.615668812 0.49185779
vn 0.788194181 -0.48232459 -0.382247201
vn 0.960736001 0.215685501 0.174545411
vn 0.44311054 0.874481542 -0.197319745
vn 0.858779471 0.278427981 -0.43008799
vn 0.00391317957 0.615668812 -0.787995306
vn 0.24704029 -0.34899682 -0.903975837
vn 0.45879616 0.207842691 -0.863890907
vn -0.427441371 0.00392963045 -0.90403453
vn -0.0588293005 -0.788194181 -0.612608396
vn -0.466655421 -0.0744984697 -0.881296032
vn -0.943066036 -0.332605549 -0
vn -0.466655421 -0.741137321 -0.482647065
vn 0.27841153 -0.701923271 -0.655584275
vn 0.11371252 -0.21566905 -0.969822831
vn 0.866622281 -0.2548831 -0.42895271
vn 0.46663897 0.262742361 -0.844520292
vn 0.654866411 0.639197242 -0.403208222
vn 0.19214062 0.960752452 -0.200091749
vn 0.937207571 0.341170461 0.0724201975
vn 0.47448178 0.733310962 0.486951818
vn -0.270585171 0.701939722 0.658835558
vn -0.192157071 0.623511622 -0.757831721
vn -0.874481542 0.0823577306 -0.478015938
vn -0.748996582 0.623511622 -0.224136963
vn -0.858795922 0.262742361 0.439813615
vn -0.333327651 0.937224022 0.102488094
vn 0.27841153 -0.701923271 -0.655584275
vn 0.748980131 -0.623495171 0.224237677
vn 0.866622281 -0.2548831 -0.42895271
vn 0.937207571 0.341170461 0.0724201975
vn 0.34115401 -0.929364761 -0.141049927
vn -0.466655421 -0.741137321 -0.482647065
vn -0.199999881 -0.960736001 0.192318443
vn -0.943066036 -0.332605549 -0
vn 0.19214062 -0.631337981 0.751328381
vn -0.670568482 -0.631337981 0.389551365
vn -0.858795922 0.262742361 0.439813615
vn -0.474498231 -0.2548831 0.842547348
vn -0.270585171 0.701939722 0.658835558
vn 0.47448178 0.0745149206 0.87710579
vn -0.105886161 0.207842691 0.972414283
vn 0.47448178 0.733310962 0.486951818
vn 0.882307901 -0.0901840897 0.461951943
vn -0.152943021 0.458812611 -0.875271055
vn 0.10586971 0.450969801 -0.886238028
vn 0.16076938 0.482341041 -0.861104132
vn -0.168628641 0.513712281 -0.841227718
vn 0.42742492 0.458812611 -0.778972994
vn -0.0666721106 0.992123692 0.106044373
vn 0.44311054 0.529397901 -0.723457608
vn 0.584281121 0.466655421 -0.663964073
vn 0.639180791 0.474498231 -0.605226689
vn 0.647023601 0.466655421 -0.60298688
vn 0.701923271 0.458812611 -0.544788684
vn 0.717608891 0.505869471 -0.478678972
vn 0.772508561 0.458812611 -0.439000582
vn 0.858779471 0.466655421 -0.211495952
vn 0.843093851 0.537240711 -0.0237734386
vn 0.866622281 0.443126991 -0.229356255
vn 0.89675958 0.442518086 -0
vn -0.113728971 0.458812611 0.881224551
vn 0.16076938 0.482341041 0.861104132
vn 0.12155533 0.450969801 0.884223128
vn -0.184314261 0.521555091 0.83307175
vn 0.4117393 0.458812611 0.78737649
vn -0.0666721106 0.992123692 0.106044373
vn 0.43526773 0.529397901 0.728203176
vn 0.568595501 0.466655421 0.677445108
vn 0.631337981 0.474498231 0.613403442
vn 0.639180791 0.466655421 0.611294229
vn 0.701923271 0.458812611 0.544788684
vn 0.709766081 0.513712281 0.482008094
vn 0.772508561 0.458812611 0.439000582
vn 0.858779471 0.466655421 0.211495952
vn 0.843093851 0.537240711 -0.0237734386
vn 0.866622281 0.450969801 0.213522974
vn 0.89675958 0.442518086 -0
vn -0.294113601 0.647040052 -0.703446061
vn -0.0666721106 -0.0195987996 -0.997582436
vn 0.615652361 0.231371121 -0.753285852
vn -0.701939722 -0.27056872 -0.658842314
vn -0.788210632 0.309799221 -0.531740954
vn -0.913695592 0.403912941 0.0448854215
vn -0.929381212 -0.35683963 0.0944247901
vn -0.615668812 -0.23919748 0.750823868
vn -0.709782532 0.349013271 0.611881111
vn 0.0588128497 0.0196152505 0.998076295
vn -0.199999881 0.678411292 0.706935759
vn -0.348978527 0.937130721 -0
vn 0.30193996 0.725468152 -0.618488659
vn 0.41958211 0.905852782 -0.0581514404
vn 0.929364761 0.356856081 -0.094524484
vn 0.701923271 0.262742361 0.662019768
vn 0.37252525 0.748996582 0.547931618
vn 0.24704029 0.960752452 -0.126197547
vn -0.443126991 0.874481542 0.197282798
vn -0.615668812 0.623511622 -0.481855966
vn -0.00392963045 0.607826002 0.79406052
vn 0.45095335 0.788210632 0.418766135
vn 0.866622281 0.341170461 0.364099627
vn 0.42742492 -0.00391317957 0.90404238
vn 0.623495171 -0.615652361 0.48189827
vn 0.960736001 -0.22351186 0.164404332
vn 0.44311054 -0.866622281 -0.229388036
vn 0.866622281 -0.26272591 -0.424194434
vn 0.780351371 0.498026661 -0.378181415
vn -0.0431436805 0.788210632 -0.613891377
vn 0.24704029 0.349013271 -0.903969486
vn -0.427441371 -0.00391317957 -0.904034602
vn 0.00391317957 -0.607809551 -0.794073194
vn 0.45879616 -0.21566905 -0.861970385
vn 0.00391317957 -0.607809551 -0.794073194
vn -0.247056741 -0.960736001 0.126290549
vn 0.44311054 -0.866622281 -0.229388036
vn 0.623495171 -0.615652361 0.48189827
vn -0.450969801 -0.780351371 -0.433218162
vn -0.427441371 -0.00391317957 -0.904034602
vn -0.858795922 -0.34115401 -0.38220872
vn -0.615668812 0.623511622 -0.481855966
vn -0.788210632 -0.48232459 0.382213277
vn -0.960752452 0.215685501 -0.174454838
vn -0.443126991 0.874481542 0.197282798
vn -0.866638732 0.278427981 0.414023149
vn -0.00392963045 0.607826002 0.79406052
vn -0.247056741 -0.35683963 0.900904237
vn -0.466655421 0.199999881 0.861529318
vn 0.42742492 -0.00391317957 0.90404238
vn 0.0588128497 -0.788194181 0.612609975
vn 0.48232459 -0.811722611 -0.329346918
vn -0.199999881 -0.694080461 -0.691557924
vn -0.466655421 -0.882307901 0.0613635516
vn -0.748996582 -0.16861219 -0.640760525
vn -0.882324352 -0.45879616 -0.104927695
vn -0.866638732 0.450969801 -0.213456194
vn -0.937224022 -0.0823412797 0.338867299
vn -0.474498231 0.811739062 0.340486599
vn -0.474498231 -0.552909881 0.684939481
vn -0.654882862 0.349013271 0.670311998
vn 0.19214062 0.694096912 0.693766142
vn -0.192157071 0.105886161 0.975635066
vn 0.741137321 0.176471451 0.647744779
vn 0.27841153 -0.717608891 0.638376456
vn 0.32546839 -0.176455 0.928942388
vn 0.866622281 -0.44311054 0.229388036
vn 0.11371252 -0.984264431 0.135251588
vn 0.748980131 -0.176455 0.638664542
vn 0.46663897 -0.882307901 -0.0614885272
vn 0.19998343 -0.701923271 0.683601016
vn -0.474498231 -0.819565421 0.321191453
vn 0.874465091 -0.46663897 0.132509908
vn 0.858779471 0.458812611 0.228010543
vn 0.937207571 -0.0744984697 -0.340722683
vn 0.48232459 0.811739062 -0.329306369
vn 0.46663897 -0.552909881 -0.690317851
vn 0.654866411 0.349013271 -0.67032807
vn -0.199999881 0.694096912 -0.691541412
vn 0.18429781 0.0980433506 -0.977968209
vn -0.741153772 0.168628641 -0.649811871
vn -0.278427981 -0.717608891 -0.638369281
vn -0.341170461 -0.18429781 -0.921757579
vn -0.866638732 -0.45095335 -0.213490946
vn -0.113728971 -0.984264431 -0.135237756
vn 0.47448178 -0.0744984697 0.877107187
vn 0.94306422 -0.332610698 -0
vn 0.46663897 -0.741137321 0.48266297
vn -0.278427981 -0.701923271 0.655577289
vn -0.105886161 -0.21566905 0.970708495
vn -0.866638732 -0.2548831 0.428919472
vn -0.466655421 0.254899551 0.84691141
vn -0.654882862 0.639197242 0.403181503
vn -0.192157071 0.960752452 0.20007595
vn -0.937224022 0.341170461 -0.0722069869
vn -0.474498231 0.733310962 -0.486935788
vn 0.27056872 0.701939722 -0.658842314
vn 0.19998343 0.623511622 0.755804132
vn 0.874465091 0.0823577306 0.478046032
vn 0.748980131 0.623511622 0.22419193
vn 0.858779471 0.262742361 -0.439845736
vn 0.3333112 0.937224022 -0.102541583
vn -0.827424682 0.521555091 -0.208203464
vn -0.411755751 0.560769141 0.718328039
vn -0.913695592 0.0588293005 0.402118737
vn -0.874481542 -0.47448178 -0.100742607
vn -0.858795922 0.0117724405 -0.512182559
vn -0.325484841 -0.725451701 -0.606448224
vn -0.411755751 -0.0431272296 -0.91027317
vn 0.19214062 -0.0588128497 -0.979603507
vn 0.45095335 0.435284181 -0.779210342
vn 0.41958211 -0.560752691 -0.713797781
vn 0.913679141 -0.0588128497 -0.402158521
vn 0.874465091 0.466655421 0.132451962
vn -0.262742361 0.678411292 -0.686093704
vn -0.482341041 0.850953112 0.207908444
vn 0.0430886188 0.999071254 -0
vn 0.32546839 0.725468152 0.606437373
vn 0.560752691 0.780367822 -0.276735402
vn 0.38036806 -0.18429781 -0.906286078
vn -0.325484841 -0.780351371 -0.533958197
vn 0.43526773 -0.788194181 -0.435076931
vn 0.23919748 -0.929364761 0.281186248
vn -0.199999881 -0.32546839 -0.92415928
vn 0.10586971 0.529397901 -0.841741924
vn -0.552926331 0.152943021 -0.819073198
vn -0.223528311 0.937224022 -0.267668128
vn -0.898009972 -0.31762558 -0.304453742
vn -0.701939722 0.584297571 -0.407279971
vn -0.427441371 0.796053442 0.428477295
vn -0.937224022 0.341170461 0.0722069869
vn -0.380384511 0.184314261 0.906275828
vn -0.717625342 -0.592123931 0.366610311
vn -0.827424682 -0.0274416096 0.560905833
vn -0.105886161 -0.52938145 0.841750201
vn -0.333327651 -0.937207571 0.102638421
vn 0.10586971 0.521555091 -0.846623819
vn -0.560769141 0.145100211 -0.815158818
vn -0.0980433506 -0.45095335 -0.887146311
vn -0.694096912 0.670568482 -0.261853754
vn 0.32546839 -0.0195987996 -0.945349784
vn 0.43526773 -0.788194181 -0.435076931
vn 0.803879801 -0.12155533 -0.582238411
vn 0.976421621 -0.19998343 -0.0812861937
vn 0.897993521 0.309799221 0.312461324
vn 0.694080461 -0.670552031 0.261939474
vn 0.552909881 -0.15292657 0.819087375
vn 0.0901840897 0.450969801 0.887971322
vn 0.701923271 0.599983191 -0.383827946
vn -0.160785831 0.882324352 -0.442325281
vn 0.19214062 0.976438072 0.0982378412
vn -0.435284181 0.788210632 0.435030667
vn 0.48232459 0.701939722 0.524064516
vn 0.41958211 -0.560752691 -0.713797781
vn -0.325484841 -0.725451701 -0.606448224
vn -0.0509228836 -0.998702588 -0
vn -0.874481542 -0.47448178 -0.100742607
vn -0.560769141 -0.780351371 0.276748456
vn -0.913695592 0.0588293005 0.402118737
vn -0.458812611 -0.43526773 0.774617964
vn -0.411755751 0.560769141 0.718328039
vn 0.26272591 -0.678394841 0.68611627
vn -0.192157071 0.0588293005 0.979599292
vn 0.32546839 0.725468152 0.606437373
vn 0.4117393 0.0353008705 0.910617701
vn 0.874465091 0.466655421 0.132451962
vn 0.827408231 -0.52153864 0.208310023
vn 0.858779471 -0.0195987996 0.511970416
vn 0.913679141 -0.0588128497 -0.402158521
vn 0.4901674 -0.850936661 -0.188792792
vn 0.44311054 0.866638732 0.229325876
vn -0.325484841 0.921538402 0.211722913
vn -0.192157071 0.819581872 -0.539778858
vn -0.262742361 0.490183851 0.831075354
vn 0.34115401 0.568611951 0.748528149
vn 0.631337981 0.0431436805 0.774306772
vn -0.0509864905 -0.23919748 0.969631344
vn 0.19998343 -0.819565421 0.536953581
vn 0.701923271 -0.4901674 0.516758785
vn 0.3333112 -0.921521951 -0.199250941
vn 0.890150711 -0.44311054 -0.106229754
vn 0.945050381 0.301956411 0.125308032
vn 0.38036806 0.843110302 -0.380112033
vn 0.701923271 0.372541701 -0.607055519
vn 0.0509700396 0.239213931 -0.969628151
vn 0.2548831 -0.48232459 -0.838091639
vn 0.764665751 -0.21566905 -0.607266951
vn -0.490183851 0.780367822 0.388260035
vn 0.30193996 0.411755751 0.859819436
vn -0.435284181 0.207842691 0.875973229
vn -0.921538402 -0.12155533 0.368769949
vn -0.905852782 0.411755751 0.0994381148
vn -0.858795922 -0.38036806 -0.343205045
vn -0.788210632 0.372541701 -0.489833319
vn -0.396070131 0.176471451 -0.901102812
vn 0.11371252 0.498026661 -0.859673722
vn -0.301956411 -0.4117393 -0.859821536
vn 0.42742492 -0.19214062 -0.883396808
vn 0.921521951 0.121571781 -0.368805634
vn -0.262742361 0.905852782 -0.332260725
vn 0.0901840897 0.858795922 0.504317751
vn 0.41958211 0.905852782 0.0581514404
vn 0.858779471 0.380384511 0.343227976
vn 0.584281121 0.623511622 -0.519469758
vn -0.592140381 0.701939722 -0.395790849
vn -0.989473724 0.144712647 -0
vn -0.725468152 -0.23919748 -0.645353025
vn -0.670568482 0.466655421 0.57668937
vn -0.513712281 0.286270791 -0.808794613
vn -0.0431436805 -0.50585302 -0.8615401
vn 0.0744984697 0.254899551 -0.964093459
vn 0.631337981 0.113728971 -0.767123247
vn 0.803879801 0.498026661 -0.325187193
vn 0.670552031 -0.46663897 -0.576721809
vn 0.984264431 -0.16076938 0.0733262287
vn 0.725451701 0.247056741 0.64240392
vn 0.15292657 0.850953112 -0.502486085
vn -0.458812611 0.866638732 0.196031365
vn 0.14508376 0.952909642 0.26629667
vn 0.0509700396 0.498026661 0.865662463
vn 0.678394841 0.694096912 0.24085248
vn -0.270585171 0.952909642 -0.136919244
vn -0.615668812 0.474498231 -0.629129035
vn 0.10586971 0.443126991 -0.890185416
vn -0.967073048 0.254498959 -0
vn -0.662725672 0.701939722 0.260912459
vn -0.372541701 0.513712281 0.772859866
vn -0.756839392 -0.13724095 0.639029778
vn -0.105886161 -0.43526773 0.89405264
vn 0.0352844196 0.160785831 0.986358417
vn 0.607809551 -0.48232459 0.630817358
vn 0.592123931 0.278427981 0.756218957
vn 0.22351186 0.866638732 0.44607147
vn 0.22351186 0.850953112 -0.47531174
vn 0.701923271 0.694096912 -0.159791111
vn 0.756822941 0.121571781 -0.642214402
vn 0.967076027 -0.25448764 -0
vn 0.921521951 0.309799221 0.23414042
vn -0.184058542 0.982915283 -0
vn 0.0117559896 0.701939722 0.712139329
vn -0.686254102 0.364698891 0.629325057
vn 0.694080461 0.615668812 0.373100829
vn 0.41958211 0.905852782 -0.0581514404
vn 0.49801021 0.615668812 -0.61068629
vn 0.968578811 0.176471451 -0.175251001
vn 0.686237651 -0.36468244 -0.629352528
vn 0.4117393 0.0902005406 -0.906826671
vn -0.00392963045 -0.709766081 -0.704426482
vn -0.184314261 -0.0195987996 -0.982671939
vn -0.262742361 0.678411292 -0.686093704
vn -0.709782532 0.694096912 0.120159207
vn -0.866638732 0.349013271 -0.356548797
vn -0.968595262 -0.18429781 0.166905768
vn -0.678411292 -0.639180791 -0.362223738
vn -0.709782532 -0.12155533 -0.693853774
vn 0.670552031 -0.46663897 -0.576721809
vn -0.0431436805 -0.50585302 -0.8615401
vn -0.137257401 -0.952893191 -0.270471758
vn -0.725468152 -0.23919748 -0.645353025
vn -0.678411292 -0.694080461 -0.240853552
vn -0.989473724 0.144712647 -0
vn -0.811739062 -0.4901674 0.317514748
vn -0.670568482 0.466655421 0.57668937
vn -0.152943021 -0.858779471 0.488984921
vn -0.631354432 -0.12155533 0.765908535
vn 0.0509700396 0.498026661 0.865662463
vn -0.0745149206 -0.24704029 0.966135923
vn 0.725451701 0.247056741 0.64240392
vn 0.592123931 -0.709766081 0.381603671
vn 0.50585302 -0.29409715 0.810937475
vn 0.984264431 -0.16076938 0.0733262287
vn 0.45879616 -0.866622281 -0.196142563
vn 0.19214062 0.976438072 0.0982378412
vn -0.607826002 0.576454761 0.546120371
vn -0.529397901 0.835267492 -0.148546555
vn -0.137257401 0.599983191 -0.788150097
vn -0.0353008705 0.780367822 0.624323563
vn 0.3333112 0.372541701 0.866092561
vn -0.325484841 -0.0274416096 0.94514897
vn 0.13724095 -0.607809551 0.782133283
vn 0.576438311 -0.176455 0.797861208
vn 0.52153864 -0.835251041 0.17422154
vn 0.929364761 -0.20782624 0.305105547
vn 0.788194181 0.552926331 0.270226581
vn 0.3333112 0.803896252 -0.492599696
vn 0.788194181 0.396070131 -0.471039684
vn 0.32546839 0.0117724405 -0.945479633
vn 0.599966741 -0.576438311 -0.554760114
vn 0.945050381 -0.15292657 -0.28895197
vn 0.866622281 0.458812611 0.196104079
vn 0.4901674 0.474498231 -0.731154804
vn 0.921521951 -0.0431272296 -0.385924002
vn 0.819565421 -0.53722426 0.19925515
vn 0.843093851 -0.0431272296 0.536034328
vn 0.23135467 -0.717608891 0.656896108
vn 0.38821087 -0.0195987996 0.921362148
vn -0.223528311 0.0117724405 0.974626341
vn -0.443126991 0.513712281 0.734668743
vn -0.482341041 -0.47448178 0.736351927
vn -0.921538402 0.0509864905 0.384925124
vn -0.819581872 0.545083521 -0.176548888
vn 0.30193996 0.701939722 0.645068126
vn 0.576438311 0.788210632 -0.215506088
vn 0.0430886188 0.999071254 -0
vn -0.231371121 0.725468152 -0.648200097
vn -0.498026661 0.835267492 0.233018586
vn 0.32546839 0.780367822 0.533944182
vn -0.380384511 0.184314261 0.906275828
vn -0.427441371 0.796053442 0.428477295
vn -0.223528311 0.937224022 -0.267668128
vn 0.19998343 0.333327651 0.921357317
vn 0.552909881 -0.15292657 0.819087375
vn -0.105886161 -0.52938145 0.841750201
vn 0.23919748 -0.929364761 0.281186248
vn 0.709766081 -0.568595501 0.415850054
vn 0.43526773 -0.788194181 -0.435076931
vn 0.937207571 -0.32546839 -0.125348696
vn 0.897993521 0.317642031 0.3044851
vn 0.32546839 0.945066832 -0.0303151761
vn 0.709766081 0.599983191 -0.369123666
vn 0.10586971 0.529397901 -0.841741924
vn 0.38036806 -0.18429781 -0.906286078
vn 0.827408231 0.0353008705 -0.560490382
vn -0.0745149206 0.850953112 -0.519929157
vn 0.615652361 0.513712281 -0.597554904
vn 0.678394841 0.725468152 0.116087902
vn 0.19998343 0.00392963045 -0.979791399
vn -0.254899551 0.396070131 -0.882130756
vn -0.741153772 0.121571781 -0.660235858
vn -0.341170461 -0.50585302 -0.792284948
vn -0.670568482 -0.725451701 -0.155105581
vn -0.960752452 -0.20782624 -0.183747054
vn -0.615668812 -0.51369583 0.597552097
vn -0.937224022 0.113728971 0.329661726
vn -0.717625342 0.678411292 -0.157391195
vn 0.129330046 0.991601603 -0
vn -0.270585171 0.843110302 0.464702791
vn 0.34115401 0.505869471 0.792281528
vn -0.192157071 -0.00391317957 0.981356381
vn -0.576454761 0.388227321 0.719012834
vn -0.542929372 0.839778362 -0
vn -0.866638732 0.0274580605 0.498180051
vn -0.945066832 0.223528311 -0.238503202
vn -0.474498231 0.286270791 -0.832406429
vn -0.278427981 0.788210632 -0.548818603
vn 0.28625434 0.176471451 -0.941762327
vn 0.3333112 0.796053442 -0.505175773
vn 0.803879801 0.521555091 -0.285932776
vn 0.788194181 0.513712281 0.338894711
vn 0.866622281 -0.0352844196 -0.497715613
vn 0.945050381 -0.23135467 0.230986566
vn 0.47448178 -0.28625434 0.832421463
vn 0.16861219 0.952909642 0.252057818
vn -0.615668812 0.568611951 0.545556929
vn -0.0823577306 0.545083521 0.83432677
vn -0.278427981 -0.18429781 0.942609239
vn 0.48232459 0.325484841 0.813278924
vn 0.34115401 0.780367822 -0.524061069
vn 0.0431272296 0.239213931 -0.970008627
vn 0.670552031 -0.14508376 -0.727537406
vn -0.599983191 0.474498231 -0.64410527
vn 0.803879801 0.388227321 -0.450618256
vn 0.890150711 -0.44311054 -0.106229754
vn 0.945050381 0.294113601 0.142747913
vn 0.741137321 0.121571781 0.660254325
vn 0.27841153 0.443126991 0.852129972
vn 0.599966741 -0.47448178 0.644132712
vn -0.0509864905 -0.23135467 0.971532498
vn -0.662725672 0.160785831 0.731397704
vn 0.45095335 0.858795922 0.243126799
vn -0.239213931 0.890167162 -0.387787466
vn -0.309799221 0.929381212 0.200686336
vn -0.896762796 0.442511567 -0
vn -0.278427981 0.623511622 0.730555349
vn -0.105886161 -0.43526773 0.89405264
vn -0.756839392 -0.13724095 0.639029778
vn -0.372541701 0.521555091 0.767589062
vn -0.967073048 0.254498959 -0
vn 0.0431272296 0.160785831 0.986046631
vn 0.607809551 -0.47448178 0.636737458
vn 0.592123931 0.270585171 0.759060548
vn 0.921521951 0.301956411 0.244171291
vn 0.967076027 -0.25448764 -0
vn 0.701923271 0.701939722 -0.120765678
vn 0.764665751 0.137257401 -0.629640132
vn 0.0980268997 0.435284181 -0.89494045
vn 0.23135467 0.866638732 0.442054663
vn 0.22351186 0.858795922 -0.460990253
vn -0.270585171 0.952909642 -0.136919244
vn -0.615668812 0.482341041 -0.623136449
vn -0.654882862 0.701939722 0.280016187
vn -0.105886161 -0.43526773 0.89405264
vn 0.607809551 -0.48232459 0.630817358
vn 0.27056872 -0.952893191 0.137066166
vn 0.967076027 -0.25448764 -0
vn 0.654866411 -0.709766081 -0.259580613
vn 0.756822941 0.121571781 -0.642214402
vn 0.36468244 -0.52153864 -0.77136513
vn 0.10586971 0.443126991 -0.890185416
vn -0.239213931 -0.858779471 -0.453072307
vn -0.0509864905 -0.13724095 -0.989224595
vn -0.615668812 0.474498231 -0.629129035
vn -0.599983191 -0.26272591 -0.755642287
vn -0.967073048 0.254498959 -0
vn -0.694096912 -0.709766081 0.120256342
vn -0.921538402 -0.29409715 -0.253522859
vn -0.756839392 -0.13724095 0.639029778
vn -0.215685501 -0.858779471 0.464733886
vn 0.19998343 0.960752452 -0.192253358
vn 0.670552031 0.654882862 0.348551878
vn 0.0195987996 0.654882862 0.755476224
vn 0.921521951 0.270585171 -0.278533586
vn 0.52938145 0.631354432 -0.56669821
vn 0.176455 0.309799221 -0.934284794
vn 0.631337981 -0.26272591 -0.729648854
vn -0.0274580605 -0.654866411 -0.755245681
vn -0.254899551 -0.12155533 -0.959296889
vn -0.670568482 -0.654866411 -0.348551138
vn -0.748996582 0.0196152505 -0.662283446
vn -0.380384511 0.701939722 -0.602153013
vn -0.215685501 0.937224022 0.274027183
vn -0.725468152 0.686254102 0.0524525389
vn -0.631354432 0.254899551 0.732405489
vn -0.921538402 -0.27841153 0.27065475
vn -0.976438072 0.176471451 -0.124203536
vn -0.301956411 -0.4117393 -0.859821536
vn -0.858795922 -0.38036806 -0.343205045
vn -0.419598561 -0.905836331 0.0582888381
vn -0.921538402 -0.12155533 0.368769949
vn -0.592140381 -0.631337981 0.500781512
vn -0.435284181 0.207842691 0.875973229
vn -0.121571781 -0.4901674 0.863108465
vn 0.30193996 0.411755751 0.859819436
vn 0.26272591 -0.897993521 0.352962792
vn 0.40389649 -0.19214062 0.89439902
vn 0.858779471 0.380384511 0.343227976
vn 0.796036991 -0.36468244 0.483044332
vn 0.921521951 0.121571781 -0.368805634
vn 0.49801021 -0.780351371 -0.378203078
vn 0.897993521 -0.41958211 -0.132508448
vn 0.42742492 -0.19214062 -0.883396808
vn -0.0980433506 -0.850936661 -0.516037111
vn 0.686237651 -0.36468244 -0.629352528
vn -0.00392963045 -0.709766081 -0.704426482
vn 0.184045642 -0.982917698 -0
vn -0.678411292 -0.639180791 -0.362223738
vn -0.403912941 -0.913679141 0.0452190556
vn -0.968595262 -0.18429781 0.166905768
vn -0.498026661 -0.615652361 0.610689459
vn -0.686254102 0.364698891 0.629325057
vn 0.26272591 -0.686237651 0.678272057
vn -0.411755751 -0.0901840897 0.906820838
vn 0.0117559896 0.701939722 0.712139329
vn 0.18429781 0.0196152505 0.982674697
vn 0.694080461 0.615668812 0.373100829
vn 0.866622281 -0.36468244 0.340547412
vn 0.701923271 0.121571781 0.701800559
vn 0.968578811 0.176471451 -0.175251001
vn 0.694080461 -0.701923271 -0.159862553
vn -0.00392963045 -0.552909881 0.833231794
vn -0.701939722 -0.32546839 0.633522655
vn -0.411755751 0.364698891 0.835135869
vn -0.992123692 0.0980433506 0.0779620473
vn 0.0666556597 0.0353008705 0.997151378
vn 0.701923271 -0.45095335 0.551311888
vn 0.584281121 0.254899551 0.770481532
vn 0.874465091 0.411755751 0.256452736
vn 0.992107241 -0.0901840897 -0.087120903
vn 0.57529015 0.817949414 -0
vn 0.701923271 0.325484841 -0.63353243
vn -0.00392963045 0.552926331 -0.833220877
vn 0.10586971 0.835267492 0.539555207
vn 0.0666556597 0.937224022 -0.342298343
vn -0.403912941 0.913695592 0.0448854215
vn -0.701939722 0.458812611 -0.544767487
vn -0.733310962 0.568611951 0.372740502
vn 0.41958211 0.545083521 -0.72583387
vn -0.317642031 -0.0980268997 -0.943130037
vn 0.43526773 -0.20782624 -0.875985306
vn 0.20782624 -0.835251041 -0.509081479
vn -0.356856081 -0.631337981 -0.688524576
vn -0.145100211 -0.976421621 0.159833496
vn -0.741153772 -0.631337981 -0.228261781
vn -0.858795922 -0.38821087 0.334308069
vn -0.419598561 -0.545067071 0.725836714
vn -0.937224022 0.192157071 0.291009953
vn -0.435284181 0.207842691 0.875973229
vn -0.192157071 0.835267492 0.515173638
vn -0.882324352 0.0745149206 -0.464705568
vn -0.662725672 0.733310962 0.151821335
vn -0.513712281 0.741153772 -0.432192988
vn 0.15292657 0.976438072 -0.152256873
vn -0.168628641 0.498026661 -0.850607916
vn 0.866622281 -0.0352844196 -0.497715613
vn 0.28625434 0.176471451 -0.941762327
vn 0.0823412797 -0.545067071 -0.834339141
vn -0.474498231 0.286270791 -0.832406429
vn -0.482341041 -0.30978277 -0.819378884
vn -0.945066832 0.223528311 -0.238503202
vn -0.780367822 -0.52153864 -0.344997839
vn -0.866638732 0.0274580605 0.498180051
vn -0.176471451 -0.960736001 -0.214112501
vn -0.803896252 -0.52153864 0.285916531
vn -0.278427981 -0.18429781 0.942609239
vn -0.317642031 -0.803879801 0.502872554
vn 0.47448178 -0.28625434 0.832421463
vn 0.53722426 -0.843093851 0.0241423338
vn 0.27841153 -0.788194181 0.548850574
vn 0.945050381 -0.23135467 0.230986566
vn 0.615652361 -0.576438311 -0.537299772
vn 0.772508561 -0.28625434 0.566823585
vn 0.16861219 -0.968578811 0.182825096
vn 0.10586971 -0.560752691 0.821186961
vn -0.623511622 -0.51369583 0.589363938
vn 0.701923271 -0.701923271 0.120861259
vn 0.984264431 0.168628641 -0.0528006708
vn 0.788194181 -0.45879616 -0.41019022
vn 0.623495171 0.513712281 -0.589367003
vn 0.12939814 -0.803879801 -0.580545767
vn 0.584281121 -0.0588128497 -0.809417458
vn -0.0980433506 0.568611951 -0.816742279
vn 0.0195987996 -0.176455 -0.984113571
vn -0.772525012 0.278427981 -0.570686399
vn -0.592140381 -0.694080461 -0.409416759
vn -0.545083521 -0.23919748 -0.803535015
vn -0.984280882 -0.176455 0.00740121826
vn -0.427441371 -0.890150711 0.157878389
vn -0.192157071 -0.00391317957 0.981356381
vn 0.0744984697 -0.850936661 0.519958438
vn -0.615668812 -0.51369583 0.597552097
vn -0.670568482 -0.725451701 -0.155105581
vn 0.2548831 -0.40389649 0.878579667
vn 0.34115401 0.505869471 0.792281528
vn 0.748980131 -0.12155533 0.651347116
vn 0.678394841 0.725468152 0.116087902
vn 0.717608891 -0.686237651 0.118808108
vn 0.960736001 0.199999881 0.192318443
vn 0.615652361 0.513712281 -0.597554904
vn 0.937207571 -0.11371252 -0.329714166
vn 0.19998343 0.00392963045 -0.979791399
vn 0.27056872 -0.850936661 -0.450221464
vn 0.584281121 -0.38821087 -0.712676569
vn -0.341170461 -0.50585302 -0.792284948
vn -0.137044027 -0.990564957 -0
vn -0.0274580605 -0.654866411 -0.755245681
vn -0.670568482 -0.654866411 -0.348551138
vn -0.192157071 -0.968578811 0.157894732
vn -0.921538402 -0.27841153 0.27065475
vn -0.521555091 -0.647023601 0.556184094
vn -0.631354432 0.254899551 0.732405489
vn -0.168628641 -0.31762558 0.93310148
vn 0.0195987996 0.654882862 0.755476224
vn 0.38821087 -0.701923271 0.597156631
vn 0.23919748 0.121571781 0.963330093
vn 0.670552031 0.654882862 0.348551878
vn 0.748980131 -0.0352844196 0.661652305
vn 0.921521951 0.270585171 -0.278533586
vn 0.717608891 -0.686237651 -0.118808108
vn 0.976421621 -0.18429781 0.112406115
vn 0.631337981 -0.26272591 -0.729648854
vn 0.19998343 -0.945050381 -0.258624061
vn -0.309799221 0.929381212 0.200686336
vn -0.890167162 0.450969801 0.0650281637
vn -0.592140381 0.474498231 -0.651322652
vn -0.670568482 0.152943021 0.7259107
vn -0.270585171 0.631354432 0.726756663
vn 0.28625434 0.450969801 0.84539026
vn -0.0509864905 -0.22351186 0.973366748
vn 0.592123931 -0.4901674 0.639628932
vn 0.748980131 0.113728971 0.652759132
vn 0.890150711 -0.44311054 -0.106229754
vn 0.952893191 0.294113601 0.074106382
vn 0.44311054 0.866638732 0.229325876
vn -0.223528311 0.890167162 -0.397035915
vn 0.34899682 0.780367822 -0.518871161
vn 0.0431272296 0.231371121 -0.971909176
vn 0.662709221 -0.14508376 -0.7346885
vn 0.803879801 0.380384511 -0.457258012
vn 0.592123931 -0.4901674 0.639628932
vn 0.890150711 -0.44311054 -0.106229754
vn 0.31762558 -0.921521951 -0.223408335
vn 0.662709221 -0.14508376 -0.7346885
vn 0.28625434 -0.623495171 -0.72753847
vn 0.0431272296 0.231371121 -0.971909176
vn -0.278427981 -0.45095335 -0.848008806
vn -0.592140381 0.474498231 -0.651322652
vn -0.450969801 -0.866622281 -0.213522974
vn -0.741153772 -0.10586971 -0.662934907
vn -0.890167162 0.450969801 0.0650281637
vn -0.945066832 -0.30193996 -0.125223574
vn -0.670568482 0.152943021 0.7259107
vn -0.356856081 -0.772508561 0.525246857
vn -0.803896252 -0.37252525 0.463654779
vn -0.0509864905 -0.22351186 0.973366748
vn 0.22351186 -0.890150711 0.397082057
vn 0.46663897 0.701939722 0.53807871
vn 0.945050381 0.168628641 0.280078843
vn 0.560752691 -0.26272591 0.785195209
vn 0.780351371 0.490183851 -0.388293098
vn 0.30193996 0.270585171 0.914120302
vn -0.152943021 -0.52938145 0.834484099
vn -0.294113601 0.215685501 0.931115973
vn -0.796053442 0.0823577306 0.599596633
vn -0.866638732 0.482341041 0.127610455
vn -0.780367822 -0.4901674 0.388280803
vn -0.952909642 -0.16076938 -0.257131135
vn -0.560769141 0.262742361 -0.785177956
vn -0.286270791 0.835267492 0.469443555
vn 0.46663897 0.882324352 -0.061252014
vn -0.0902005406 0.968595262 -0.231704727
vn 0.15292657 0.529397901 -0.834476678
vn -0.615668812 0.694096912 -0.373070224
vn -0.0588293005 0.984280882 0.166524048
vn -0.443126991 0.560769141 0.699411495
vn -0.890167162 0.443126991 0.106023079
vn 0.2548831 0.349013271 0.901789522
vn 0.42742492 0.764682202 0.482254153
vn 0.835251041 0.537240711 0.117167045
vn 0.811722611 -0.0744984697 0.579272286
vn 0.890150711 -0.44311054 -0.106229754
vn 0.945050381 0.121571781 -0.303479948
vn 0.45095335 -0.560752691 -0.694404418
vn 0.584281121 0.184314261 -0.790344118
vn 0.36468244 0.827424682 -0.427053994
vn -0.521555091 0.835267492 -0.174093376
vn -0.309799221 0.631354432 -0.710926174
vn -0.811739062 0.0666721106 -0.580202142
vn -0.262742361 -0.34899682 -0.899537476
vn 0.00391317957 0.192157071 -0.981356381
vn 0.18404267 0.982918255 -0
vn -0.694096912 0.623511622 -0.359809304
vn -0.0117724405 0.709782532 -0.704322488
vn 0.686237651 0.364698891 -0.629342995
vn -0.419598561 0.905852782 0.058032618
vn -0.498026661 0.615668812 0.610672874
vn -0.968595262 0.176471451 0.175160056
vn -0.686254102 -0.36468244 0.62933459
vn -0.411755751 0.0823577306 0.907565097
vn -0.00392963045 -0.709766081 0.704426482
vn 0.19214062 -0.0195987996 0.981171682
vn 0.2548831 0.678411292 0.689052048
vn 0.717608891 0.694096912 -0.057157301
vn 0.866622281 0.349013271 0.356588781
vn 0.968578811 -0.18429781 -0.167001209
vn 0.678394841 -0.639180791 0.362254547
vn 0.709766081 -0.12155533 0.693870602
vn -0.725468152 0.247056741 -0.642385342
vn -0.803896252 0.498026661 0.325146522
vn -0.984280882 -0.16076938 -0.0731050718
vn -0.670568482 -0.45879616 0.582961401
vn -0.639197242 0.113728971 0.760587015
vn 0.0352844196 -0.51369583 0.857246524
vn -0.0823577306 0.262742361 0.961344712
vn 0.50585302 0.286270791 0.813733222
vn 0.725451701 -0.24704029 0.642410247
vn 0.592123931 0.709782532 0.381573071
vn 0.990564957 0.137044027 -0
vn 0.678394841 0.458812611 -0.573821774
vn -0.160785831 0.850953112 0.500026717
vn 0.46663897 0.866638732 -0.176593827
vn -0.137257401 0.952909642 -0.270413794
vn -0.0431436805 0.498026661 -0.866087794
vn -0.678411292 0.694096912 -0.240806139
vn -0.466655421 0.701939722 -0.538064443
vn -0.780367822 0.490183851 0.388260035
vn -0.945066832 0.160785831 -0.284599015
vn -0.560769141 -0.26272591 -0.78518346
vn -0.301956411 0.270585171 -0.914114868
vn 0.16076938 -0.53722426 -0.827975423
vn 0.29409715 0.215685501 -0.931121169
vn 0.796036991 0.0823577306 -0.599618473
vn 0.866622281 0.474498231 -0.154328385
vn 0.780351371 -0.4901674 -0.388313865
vn 0.945050381 -0.15292657 0.28895197
vn 0.560752691 0.262742361 0.785189704
vn 0.28625434 0.835267492 -0.469453586
vn -0.466655421 0.882324352 0.0611265548
vn 0.0901840897 0.968595262 0.231711131
vn -0.152943021 0.529397901 0.834473663
vn 0.615652361 0.694096912 0.373097371
vn 0.4901674 0.780367822 -0.388280803
vn 0.42742492 0.199999881 -0.881650716
vn 0.921521951 -0.12155533 -0.368811056
vn -0.301956411 0.411755751 -0.859813658
vn 0.905836331 0.411755751 -0.0995878636
vn 0.858779471 -0.38036806 0.343246207
vn 0.788194181 0.372541701 0.48985979
vn 0.39605368 0.176471451 0.901110043
vn -0.113728971 0.498026661 0.859671545
vn 0.30193996 -0.4117393 0.859827314
vn -0.427441371 -0.19214062 0.883388848
vn -0.921538402 0.121571781 0.368764526
vn 0.26272591 0.905852782 0.332273733
vn -0.0902005406 0.850953112 -0.51743856
vn -0.41085646 0.911700044 -0
vn -0.858795922 0.388227321 -0.334288964
vn -0.592140381 0.631354432 0.500760772
vn -0.599983191 -0.576438311 0.554742322
vn 0.19214062 -0.976421621 0.098401218
vn -0.521555091 -0.835251041 -0.174172286
vn -0.145100211 -0.607809551 -0.780713442
vn -0.0274580605 -0.788194181 0.614813783
vn -0.325484841 0.0196152505 0.945343779
vn 0.3333112 -0.37252525 0.866099637
vn 0.14508376 0.599983191 0.786747019
vn 0.780351371 -0.560752691 0.276781788
vn 0.576438311 0.176471451 0.797857569
vn 0.52938145 0.835267492 0.148605171
vn 0.929364761 0.199999881 0.310292102
vn 0.599966741 0.576454761 -0.55474302
vn 0.780351371 -0.40389649 -0.47740901
vn 0.945050381 0.152943021 -0.288943263
vn 0.32546839 -0.0195987996 -0.945349784
vn 0.34115401 -0.811722611 -0.474046774
vn -0.239213931 -0.929364761 -0.281172253
vn 0.10586971 -0.52938145 -0.84175227
vn -0.560769141 -0.14508376 -0.815161746
vn 0.38036806 0.184314261 -0.906282733
vn -0.717625342 -0.568595501 -0.402135581
vn -0.427441371 -0.788194181 0.442768345
vn -0.937224022 -0.3333112 0.102541583
vn -0.827424682 0.0274580605 0.560905028
vn -0.380384511 -0.18429781 0.906279174
vn -0.701939722 0.599983191 0.38379786
vn -0.105886161 0.529397901 0.841739855
vn 0.22351186 0.937224022 0.267681865
vn -0.898009972 0.317642031 -0.304436578
vn -0.317642031 0.945066832 0.0771506515
vn -0.325484841 0.780367822 -0.533934154
vn 0.42742492 0.788210632 -0.442754941
vn -0.199999881 0.333327651 -0.921353746
vn 0.545067071 0.835267492 -0.0723194691
vn 0.866622281 0.0274580605 -0.498208668
vn 0.945050381 0.215685501 0.24568179
vn 0.47448178 0.286270791 0.832415806
vn 0.27841153 0.788210632 0.548826949
vn -0.278427981 0.176471451 0.94410576
vn -0.325484841 0.803896252 0.497805619
vn -0.803896252 0.521555091 0.285886521
vn -0.796053442 0.513712281 -0.319997828
vn -0.866638732 -0.0352844196 0.497686968
vn -0.945066832 -0.23135467 -0.230919249
vn -0.466655421 -0.28625434 -0.836834016
vn -0.168628641 0.952909642 -0.252046812
vn 0.615652361 0.568611951 -0.545575494
vn 0.0823412797 0.545083521 -0.834328394
vn 0.27841153 -0.18429781 -0.942614098
vn -0.474498231 0.317642031 -0.820947604
vn -0.00392963045 -0.545067071 -0.838383234
vn 0.701923271 -0.32546839 -0.633540882
vn 0.41958211 0.356856081 -0.834628414
vn 0.992107241 0.0902005406 -0.0871038705
vn -0.0745149206 0.0431436805 -0.996286178
vn -0.701939722 -0.45095335 -0.551290942
vn -0.576454761 0.262742361 -0.773735329
vn -0.866638732 0.411755751 -0.281770314
vn -0.992123692 -0.0901840897 0.0869333618
vn -0.568611951 0.819581872 0.0704698799
vn -0.701939722 0.325484841 0.633514203
vn 0.00391317957 0.552926331 0.833220955
vn -0.113728971 0.827424682 -0.549940103
vn -0.0666721106 0.937224022 0.342295139
vn 0.40389649 0.913695592 -0.0450332126
vn 0.701923271 0.458812611 0.544788684
vn 0.733294511 0.568611951 -0.372772865
vn -0.0431050244 0.999070546 -0
vn 0.23135467 0.725468152 0.648205968
vn -0.490183851 0.474498231 0.731143775
vn 0.819565421 0.537240711 0.19921079
vn 0.49801021 0.835267492 -0.233053743
vn 0.45095335 0.513712281 -0.729890929
vn 0.921521951 0.0509864905 -0.384964507
vn 0.48232459 -0.47448178 -0.736362702
vn 0.22351186 0.0117724405 -0.974630113
vn -0.231371121 -0.717608891 -0.656890314
vn -0.380384511 -0.0117559896 -0.924753708
vn -0.301956411 0.694096912 -0.653492007
vn -0.576454761 0.788210632 0.21546208
vn -0.866638732 0.458812611 -0.196031365
vn -0.921538402 -0.0352844196 0.386680725
vn -0.819581872 -0.53722426 -0.199187473
vn -0.843110302 -0.0352844196 -0.5365818
vn 0.921521951 -0.12155533 -0.368811056
vn 0.41958211 -0.905836331 -0.0584071391
vn 0.858779471 -0.38036806 0.343246207
vn 0.30193996 -0.4117393 0.859827314
vn 0.592123931 -0.623495171 -0.510532098
vn 0.42742492 0.199999881 -0.881650716
vn 0.12155533 -0.4901674 -0.863110782
vn -0.301956411 0.411755751 -0.859813658
vn -0.262742361 -0.897993521 -0.352950546
vn -0.396070131 -0.19214062 -0.897892217
vn -0.858795922 0.388227321 -0.334288964
vn -0.796053442 -0.36468244 -0.483017221
vn -0.921538402 0.121571781 0.368764526
vn -0.498026661 -0.780351371 0.378181415
vn -0.898009972 -0.41958211 0.132396914
vn -0.427441371 -0.19214062 0.883388848
vn 0.0980268997 -0.850936661 0.516040237
vn 0.670552031 -0.725451701 0.155176686
vn 0.34115401 -0.50585302 0.792292031
vn 0.741137321 0.121571781 0.660254325
vn -0.199999881 0.0117724405 0.979725195
vn 0.960736001 -0.19998343 0.19233555
vn 0.615652361 -0.51369583 -0.597569046
vn 0.937207571 0.113728971 -0.329708492
vn 0.576438311 0.388227321 -0.719026023
vn 0.19998343 -0.00391317957 -0.979791465
vn 0.27056872 0.843110302 -0.46471237
vn -0.333327651 0.505869471 -0.795605904
vn -0.678411292 0.725468152 -0.115991725
vn 0.725451701 0.678411292 0.11609457
vn -0.137041797 0.990565266 -0
vn 0.0744984697 0.850953112 0.519931514
vn -0.607826002 0.513712281 0.605514033
vn 0.2548831 0.403912941 0.878572104
vn 0.599966741 0.576454761 -0.55474302
vn -0.325484841 0.372541701 -0.869064036
vn 0.32546839 -0.0195987996 -0.945349784
vn -0.145100211 -0.607809551 -0.780713442
vn -0.576454761 -0.16861219 -0.799543518
vn -0.521555091 -0.835251041 -0.174172286
vn -0.929381212 -0.19998343 -0.310253429
vn -0.945066832 -0.14508376 0.292915321
vn -0.599983191 -0.576438311 0.554742322
vn -0.780367822 0.403912941 0.4773682
vn -0.325484841 0.0196152505 0.945343779
vn 0.14508376 0.599983191 0.786747019
vn -0.788210632 0.545083521 -0.28567106
vn -0.333327651 0.803896252 0.492588564
vn -0.192157071 0.976438072 -0.0982056587
vn 0.52938145 0.835267492 0.148605171
vn 0.0352844196 0.780367822 -0.624324493
vn -0.662725672 -0.15292657 0.73308127
vn -0.317642031 -0.921521951 0.223384945
vn -0.890167162 -0.45095335 0.0651421485
vn -0.592140381 -0.48232459 -0.645548417
vn -0.286270791 -0.623495171 0.727531997
vn -0.0509864905 0.231371121 0.97152858
vn 0.27841153 -0.45095335 0.848014207
vn 0.599966741 0.482341041 0.638268776
vn 0.45095335 -0.866622281 0.213557715
vn 0.741137321 -0.0980268997 0.664158263
vn 0.890150711 0.450969801 -0.0652529684
vn 0.952893191 -0.29409715 0.0741716417
vn 0.662709221 0.145100211 -0.734685251
vn 0.35683963 -0.772508561 -0.525258033
vn 0.796036991 -0.36468244 -0.483044332
vn 0.0509700396 -0.22351186 -0.97336761
vn -0.215685501 -0.897993521 -0.383519753
vn -0.207842691 0.960752452 0.183728445
vn -0.670568482 0.654882862 -0.348520228
vn -0.0196152505 0.647040052 -0.762203656
vn -0.921538402 0.270585171 0.278479153
vn -0.529397901 0.631354432 0.566682842
vn -0.168628641 0.309799221 0.935729034
vn -0.631354432 -0.26272591 0.72963462
vn 0.0274416096 -0.654866411 0.755246279
vn 0.2548831 -0.12155533 0.95930126
vn 0.670552031 -0.654866411 0.348582785
vn 0.748980131 0.0196152505 0.66230205
vn 0.38821087 0.701939722 0.597137294
vn 0.21566905 0.937224022 -0.274040131
vn 0.725451701 0.686254102 -0.0526795762
vn 0.631337981 0.254899551 -0.73241967
vn 0.921521951 -0.27841153 -0.270710756
vn 0.976421621 0.176471451 0.124332798
vn 0.623495171 -0.51369583 -0.589381342
vn -0.105886161 -0.560752691 -0.82118484
vn -0.160785831 -0.968578811 -0.189744573
vn -0.772525012 -0.28625434 -0.566801164
vn -0.701939722 -0.701923271 -0.120765678
vn -0.984280882 0.168628641 0.0524931094
vn -0.788210632 -0.45879616 0.410158607
vn -0.623511622 0.513712281 0.589349599
vn -0.129414591 -0.803879801 0.5805421
vn -0.584297571 -0.0509700396 0.809937283
vn 0.10586971 0.568611951 0.815764705
vn -0.0196152505 -0.176455 0.984113243
vn 0.772508561 0.286270791 0.566815276
vn 0.599966741 -0.694080461 0.397859553
vn 0.552909881 -0.23919748 0.798169925
vn 0.984264431 -0.16861219 -0.0528531811
vn 0.41958211 -0.897993521 -0.132508448
vn 0.27056872 0.952909642 0.13695175
vn 0.615652361 0.474498231 0.629145134
vn -0.105886161 0.435284181 0.894044631
vn 0.967071984 0.254503001 -0
vn 0.662709221 0.701939722 -0.260954241
vn 0.37252525 0.513712281 -0.772867796
vn 0.764665751 -0.13724095 -0.629643718
vn 0.0980268997 -0.43526773 -0.894948451
vn -0.0509864905 0.160785831 -0.985671494
vn -0.607826002 -0.47448178 -0.636721754
vn -0.584297571 0.278427981 -0.762282236
vn -0.223528311 0.866638732 -0.446063227
vn -0.231371121 0.850953112 0.471536007
vn -0.701939722 0.701939722 0.120670022
vn -0.756839392 0.121571781 0.642195015
vn -0.968595262 -0.24704029 0.0281835642
vn -0.921538402 0.309799221 -0.234075663
vn -0.96707709 -0.254483597 -0
vn -0.278427981 -0.952893191 -0.120301395
vn -0.615668812 -0.47448178 -0.629141442
vn 0.0980268997 -0.43526773 -0.894948451
vn -0.654882862 -0.701923271 0.280057422
vn -0.764682202 0.137257401 0.629620152
vn -0.372541701 -0.52153864 0.767600239
vn -0.105886161 0.435284181 0.894044631
vn 0.22351186 -0.858779471 0.461020898
vn 0.0431272296 -0.16076938 0.986049313
vn 0.615652361 0.474498231 0.629145134
vn 0.592123931 -0.27056872 0.759066412
vn 0.967071984 0.254503001 -0
vn 0.701923271 -0.701923271 -0.120861259
vn 0.921521951 -0.29409715 0.253582649
vn 0.764665751 -0.13724095 -0.629643718
vn 0.20782624 -0.858779471 -0.468301264
vn 0.30978277 0.631354432 0.710933342
vn 0.890150711 0.443126991 -0.106161109
vn 0.811722611 0.0666721106 0.580225157
vn 0.26272591 -0.34899682 0.899542281
vn -0.00392963045 0.192157071 0.981356316
vn -0.450969801 -0.560752691 0.694393734
vn -0.584297571 0.184314261 0.790331956
vn -0.945066832 0.121571781 0.303428715
vn -0.835267492 0.537240711 -0.117049712
vn -0.896769316 -0.442498356 -0
vn -0.819581872 -0.0823412797 -0.567014523
vn -0.262742361 0.349013271 -0.899531094
vn -0.372541701 0.827424682 0.420215512
vn 0.52153864 0.835267492 0.174142653
vn 0.0588128497 0.984280882 -0.166529858
vn 0.44311054 0.560769141 -0.699421918
vn -0.427441371 0.764682202 -0.482239572
vn -0.419598561 -0.560752691 0.713788111
vn 0.32546839 -0.725451701 0.606457053
vn 0.0509064958 -0.998703424 -0
vn 0.866622281 -0.47448178 0.154378956
vn 0.560752691 -0.780351371 -0.276781788
vn 0.913679141 0.0588293005 -0.402156114
vn 0.45879616 -0.42742492 -0.778982683
vn 0.41958211 0.560769141 -0.713784857
vn -0.262742361 -0.678394841 -0.686109971
vn 0.19998343 0.0588293005 -0.978031565
vn -0.325484841 0.725468152 -0.606428544
vn -0.411755751 0.0353008705 -0.910610262
vn -0.874481542 0.466655421 -0.132343306
vn -0.827424682 -0.52153864 -0.208244669
vn -0.858795922 -0.0117559896 -0.512182937
vn -0.913695592 -0.0588128497 0.402121143
vn -0.482341041 -0.850936661 0.207975765
vn 0.16861219 0.968595262 0.182737921
vn 0.772508561 0.286270791 0.566815276
vn 0.10586971 0.568611951 0.815764705
vn -0.623511622 0.513712281 0.589349599
vn 0.709766081 0.694096912 0.120256342
vn 0.796036991 0.450969801 -0.403672327
vn 0.984264431 -0.16861219 -0.0528531811
vn 0.623495171 -0.51369583 -0.589381342
vn 0.576438311 0.0431436805 -0.816000917
vn -0.105886161 -0.560752691 -0.82118484
vn 0.0195987996 0.168628641 -0.985484789
vn 0.12939814 0.811739062 -0.569504887
vn -0.427441371 0.890167162 0.157785607
vn -0.607826002 0.686254102 -0.399503266
vn -0.984280882 0.168628641 0.0524931094
vn -0.772525012 -0.28625434 -0.566801164
vn -0.552926331 0.239213931 -0.798153599
vn -0.349013271 0.780367822 0.518860096
vn 0.599966741 0.474498231 0.644120593
vn -0.0509864905 0.239213931 0.969627286
vn -0.670568482 -0.14508376 0.727522243
vn -0.803896252 0.388227321 0.450588907
vn -0.890167162 -0.44311054 0.106091813
vn -0.945066832 0.294113601 -0.142638959
vn -0.748996582 0.113728971 -0.652740256
vn -0.278427981 0.443126991 -0.852124597
vn -0.592140381 -0.47448178 -0.651334636
vn 0.0509700396 -0.23919748 -0.969632209
vn 0.670552031 0.160785831 -0.72422917
vn -0.450969801 0.866638732 -0.213456194
vn 0.23135467 0.890167162 0.392526993
vn 0.30978277 0.929381212 -0.200711729
vn 0.89675958 0.442518086 -0
vn 0.28625434 0.623511622 -0.727524371
vn -0.701939722 0.372541701 0.607036497
vn -0.0509864905 0.231371121 0.97152858
vn -0.262742361 -0.48232459 0.83566108
vn 0.19214062 0.819581872 0.539784714
vn -0.764682202 -0.20782624 0.609974905
vn -0.333327651 -0.921521951 0.199223419
vn -0.896769316 -0.442498356 -0
vn -0.701939722 -0.4901674 -0.516736438
vn -0.631354432 0.0431436805 -0.774293358
vn -0.199999881 -0.819565421 -0.536947454
vn 0.0509700396 -0.23919748 -0.969632209
vn 0.26272591 0.490183851 -0.831080555
vn -0.945066832 0.294113601 -0.142638959
vn -0.388227321 0.843110302 0.372081397
vn -0.443126991 0.866638732 -0.229294086
vn 0.31762558 0.929381212 -0.188054656
vn -0.333327651 0.568611951 -0.75204596
vn -0.199999881 -0.827408231 0.524781542
vn 0.14508376 -0.976421621 -0.159848429
vn -0.521555091 -0.741137321 -0.422724211
vn 0.41958211 -0.545067071 -0.725846224
vn -0.176471451 -0.48232459 -0.858033109
vn 0.43526773 0.207842691 -0.875981403
vn -0.325484841 0.0902005406 -0.941235083
vn 0.19214062 0.835267492 -0.515179774
vn -0.890167162 -0.0666556597 -0.450732123
vn -0.356856081 0.639197242 -0.681234632
vn -0.152943021 0.976438072 0.152240348
vn -0.733310962 0.647040052 -0.208792253
vn -0.411755751 0.545083521 0.730302099
vn -0.937224022 -0.19214062 0.291020815
vn -0.858795922 0.403912941 0.315156946
vn -0.427441371 -0.19998343 0.881646472
vn -0.678411292 -0.717608891 0.157466184
vn -0.866638732 -0.0352844196 0.497686968
vn -0.278427981 0.176471451 0.94410576
vn -0.0823577306 -0.552909881 0.829160942
vn 0.47448178 0.286270791 0.832415806
vn 0.48232459 -0.30978277 0.819388568
vn 0.945050381 0.215685501 0.24568179
vn 0.780351371 -0.52153864 0.345035048
vn 0.866622281 0.0274580605 -0.498208668
vn 0.16861219 -0.960736001 0.220354862
vn 0.811722611 -0.52153864 -0.26287611
vn 0.27841153 -0.18429781 -0.942614098
vn 0.31762558 -0.803879801 -0.502882945
vn -0.466655421 -0.28625434 -0.836834016
vn -0.537240711 -0.843093851 -0.0237734386
vn -0.278427981 -0.788194181 -0.548842229
vn -0.945066832 -0.23135467 -0.230919249
vn -0.607826002 -0.584281121 0.537738899
vn -0.896769316 -0.442498356 -0
vn -0.450969801 -0.560752691 0.694393734
vn -0.0509864905 -0.976421621 0.209764619
vn 0.26272591 -0.34899682 0.899542281
vn 0.42742492 -0.756822941 0.494496687
vn 0.811722611 0.0666721106 0.580225157
vn 0.843093851 -0.52938145 0.0945940708
vn 0.890150711 0.443126991 -0.106161109
vn 0.37252525 -0.819565421 -0.435359
vn 0.945050381 -0.10586971 -0.309307907
vn 0.44311054 0.560769141 -0.699421918
vn 0.576438311 -0.19214062 -0.794229725
vn -0.262742361 0.349013271 -0.899531094
vn -0.309799221 -0.631337981 -0.710940783
vn 0.00391317957 -0.19214062 -0.981359602
vn -0.819581872 -0.0823412797 -0.567014523
vn -0.513712281 -0.843093851 -0.159036003
vn -0.748921246 0.662659013 -0
vn -0.796053442 0.247056741 0.552505099
vn -0.945066832 -0.30978277 0.104323143
vn -0.168628641 0.662725672 0.729629403
vn -0.929381212 0.137257401 -0.34265284
vn -0.545083521 -0.694080461 -0.470251282
vn -0.568611951 -0.00391317957 -0.822596581
vn -0.00392963045 -0.14508376 -0.989411573
vn 0.38036806 0.309799221 -0.871403799
vn 0.176455 -0.662709221 -0.727791263
vn 0.796036991 -0.24704029 -0.552536156
vn 0.951002106 0.309184402 -0
vn -0.254899551 0.686254102 -0.681235295
vn -0.286270791 0.937224022 0.199148605
vn 0.21566905 0.968595262 -0.123733904
vn 0.552909881 0.678411292 0.483785886
vn 0.631337981 0.639197242 -0.43913465
vn -0.458812611 -0.874465091 -0.157485848
vn -0.827424682 -0.27056872 -0.49209853
vn -0.960752452 -0.12155533 0.249357229
vn -0.709782532 0.490183851 -0.505893813
vn -0.678411292 -0.647023601 0.348020947
vn 0.18429781 -0.952893191 0.24089185
vn -0.247056741 -0.607809551 0.754672457
vn 0.27056872 -0.34115401 0.90022581
vn 0.717608891 -0.48232459 0.502394735
vn 0.20782624 0.262742361 0.942217971
vn 0.827408231 0.278427981 0.487722748
vn 0.45879616 0.866638732 0.196069864
vn -0.529397901 0.0980433506 0.842689364
vn 0.0744984697 0.772525012 0.630598988
vn -0.498026661 0.748996582 0.437005223
vn -0.176471451 0.960752452 -0.214038671
vn -0.890167162 0.450969801 0.0650281637
vn 0.717608891 -0.48232459 0.502394735
vn 0.50585302 -0.741137321 -0.441393468
vn 0.18429781 -0.952893191 0.24089185
vn -0.458812611 -0.874465091 -0.157485848
vn 0.890150711 -0.44311054 -0.106229754
vn 0.827408231 0.278427981 0.487722748
vn 0.960736001 0.121571781 -0.249412586
vn 0.45879616 0.866638732 0.196069864
vn 0.52938145 -0.0980268997 -0.842701612
vn 0.686237651 0.654882862 -0.316553825
vn -0.176471451 0.960752452 -0.214038671
vn 0.24704029 0.607826002 -0.754664592
vn -0.709782532 0.490183851 -0.505893813
vn -0.207842691 -0.2548831 -0.944370701
vn -0.270585171 0.333327651 -0.903148018
vn -0.827424682 -0.27056872 -0.49209853
vn -0.0588293005 -0.756822941 -0.650967088
vn 0.615652361 -0.23919748 -0.750837357
vn -0.0509864905 0.0196152505 -0.998506695
vn -0.294113601 -0.647023601 -0.703461193
vn -0.701939722 0.262742361 -0.662002325
vn -0.780367822 -0.32546839 -0.533944182
vn -0.929381212 0.364698891 0.0569673723
vn -0.905852782 -0.4117393 0.0995062104
vn -0.615668812 0.231371121 0.753272407
vn -0.348983906 -0.937128718 -0
vn -0.709782532 -0.35683963 0.607350176
vn 0.0588128497 -0.0195987996 0.998076618
vn -0.199999881 -0.670552031 0.714394864
vn 0.701923271 -0.27056872 0.658859841
vn 0.40389649 -0.913679141 -0.0453657598
vn 0.36468244 -0.756822941 0.542425805
vn 0.929364761 -0.35683963 -0.0945865688
vn 0.30193996 -0.733294511 -0.60918915
vn 0.45879616 -0.866622281 0.196142563
vn -0.176471451 -0.952893191 -0.246682778
vn -0.505869471 -0.748980131 0.427930884
vn -0.709782532 -0.48232459 -0.513392391
vn -0.890167162 -0.45095335 0.0651421485
vn -0.827424682 0.270585171 -0.492089485
vn -0.960752452 0.129414591 0.245370311
vn -0.458812611 0.866638732 -0.196031365
vn -0.529397901 -0.0901840897 0.843566649
vn -0.678411292 0.654882862 0.332996332
vn 0.176455 0.960752452 0.214052234
vn -0.247056741 0.615668812 0.748274603
vn 0.709766081 0.490183851 0.505916893
vn 0.21566905 -0.2548831 0.942614166
vn 0.27841153 0.333327651 0.900766172
vn 0.827408231 -0.27056872 0.49212619
vn 0.0666556597 -0.764665751 0.640970602
vn -0.176471451 -0.662709221 0.727787274
vn 0.545067071 -0.686237651 0.481642788
vn 0.19998343 -0.968578811 -0.147857073
vn 0.945050381 -0.30978277 -0.104472065
vn 0.631337981 -0.647023601 -0.427519373
vn 0.796036991 0.247056741 -0.552528801
vn 0.38036806 -0.30978277 -0.871409648
vn 0.16861219 0.662725672 -0.729633205
vn -0.254899551 -0.694080461 -0.673259633
vn -0.00392963045 0.145100211 -0.98940916
vn -0.552926331 0.678411292 -0.483767084
vn -0.568611951 0.00392963045 -0.822596503
vn -0.945066832 0.309799221 0.10427428
vn -0.748996582 -0.654866411 -0.100767577
vn -0.929381212 -0.13724095 -0.342659429
vn -0.796053442 -0.2548831 0.548938542
vn -0.286270791 -0.937207571 0.199226009
vn 0.545067071 0.458812611 0.701707116
vn 0.725451701 0.482341041 0.490985692
vn 0.717608891 0.450969801 0.53072
vn 0.44311054 0.529397901 0.723457608
vn 0.850936661 0.458812611 0.25572991
vn 0.0195987996 0.984280882 0.175519321
vn 0.819565421 0.529397901 0.219203975
vn 0.882307901 0.466655421 0.0613635516
vn 0.874465091 0.474498231 -0.100807901
vn 0.880717088 0.473642704 -0
vn 0.882307901 0.466655421 -0.0613635516
vn 0.827408231 0.521555091 -0.208268831
vn 0.858779471 0.458812611 -0.228010543
vn 0.733294511 0.482341041 -0.479193364
vn 0.49801021 0.521555091 -0.69279587
vn 0.756822941 0.450969801 -0.473122896
vn 0.560752691 0.458812611 -0.68923683
vn 0.701923271 0.262742361 0.662019768
vn 0.29409715 -0.647023601 0.703468071
vn 0.0588128497 0.0196152505 0.998076295
vn -0.615668812 -0.23919748 0.750823868
vn 0.780351371 -0.32546839 0.533968225
vn 0.929364761 0.356856081 -0.094524484
vn 0.905836331 -0.4117393 -0.0996558568
vn 0.615652361 0.231371121 -0.753285852
vn 0.34896946 -0.937134097 -0
vn 0.709766081 -0.35683963 -0.607369401
vn -0.0666721106 -0.0195987996 -0.997582436
vn 0.19998343 -0.670552031 -0.714399469
vn -0.701939722 -0.27056872 -0.658842314
vn -0.403912941 -0.913679141 0.0452190556
vn -0.372541701 -0.756822941 -0.537058393
vn -0.929381212 -0.35683963 0.0944247901
vn -0.301956411 -0.741137321 0.599614708
vn 0.46663897 0.882324352 0.061252014
vn 0.19214062 0.694096912 0.693766142
vn -0.474498231 0.811739062 0.340486599
vn 0.741137321 0.176471451 0.647744779
vn 0.882307901 0.458812611 0.104994073
vn 0.937207571 0.0745149206 -0.340719085
vn 0.866622281 -0.44311054 0.229388036
vn 0.48232459 -0.811722611 -0.329346918
vn 0.662709221 -0.34115401 -0.666656156
vn -0.199999881 -0.694080461 -0.691557924
vn 0.19214062 -0.0980268997 -0.976459272
vn 0.46663897 0.545083521 -0.696514197
vn -0.129414591 0.984280882 -0.120179069
vn -0.286270791 0.709782532 -0.643628613
vn -0.866638732 0.450969801 -0.213456194
vn -0.748996582 -0.16861219 -0.640760525
vn -0.341170461 0.176471451 -0.923287899
vn -0.466655421 0.882324352 -0.0611265548
vn -0.199999881 0.694096912 -0.691541412
vn 0.48232459 0.811739062 -0.329306369
vn -0.741153772 0.168628641 -0.649811871
vn -0.874481542 0.466655421 -0.132343306
vn -0.937224022 0.0745149206 0.340673831
vn -0.866638732 -0.45095335 -0.213490946
vn -0.474498231 -0.819565421 0.321191453
vn -0.654882862 -0.34899682 0.670320563
vn 0.19998343 -0.701923271 0.683601016
vn -0.199999881 -0.10586971 0.974059368
vn -0.474498231 0.552926331 0.684926201
vn 0.12939814 0.984280882 0.120196782
vn 0.27841153 0.709782532 0.647067058
vn 0.858779471 0.458812611 0.228010543
vn 0.748980131 -0.176455 0.638664542
vn 0.32546839 0.176471451 0.928939263
vn -0.278427981 -0.701923271 0.655577289
vn -0.748996582 -0.623495171 -0.224182722
vn -0.866638732 -0.2548831 0.428919472
vn -0.937224022 0.341170461 -0.0722069869
vn -0.341170461 -0.929364761 0.141010131
vn 0.46663897 -0.741137321 0.48266297
vn 0.19998343 -0.960736001 -0.19233555
vn 0.94306422 -0.332610698 -0
vn -0.192157071 -0.631337981 -0.751324174
vn 0.670552031 -0.631337981 -0.389579682
vn 0.858779471 0.262742361 -0.439845736
vn 0.47448178 -0.2548831 -0.842556613
vn 0.27056872 0.701939722 -0.658842314
vn -0.474498231 0.0745149206 -0.87709689
vn 0.10586971 0.207842691 -0.972416074
vn -0.474498231 0.733310962 -0.486935788
vn -0.882324352 -0.0901840897 -0.461920521
vn 0.52938145 0.537240711 0.656603151
vn 0.27056872 0.921538402 -0.278495137
vn 0.22351186 0.945066832 -0.238518618
vn -0.270585171 0.317642031 -0.908783366
vn -0.419598561 0.403912941 -0.812890757
vn -0.521555091 -0.639180791 -0.565179798
vn -0.623511622 -0.592123931 -0.510512006
vn -0.215685501 -0.897993521 0.383519753
vn -0.160785831 -0.929364761 0.332308678
vn 0.27056872 -0.31762558 0.908794013
vn 0.42742492 -0.38036806 0.820139059
vn 0.631337981 0.513712281 0.58095787
vn -0.733310962 -0.52153864 -0.436179413
vn -0.160785831 -0.960736001 0.226128841
vn -0.599983191 0.435284181 -0.671228613
vn 0.568595501 -0.48232459 0.666379881
vn 0.14508376 0.960752452 -0.236443288
vn 0.748980131 0.482341041 0.454286125
vn 0.670552031 -0.14508376 -0.727537406
vn 0.31762558 -0.929364761 -0.188135939
vn 0.890150711 -0.44311054 -0.106229754
vn 0.599966741 -0.47448178 0.644132712
vn 0.29409715 -0.623495171 -0.724403643
vn 0.0431272296 0.239213931 -0.970008627
vn -0.278427981 -0.44311054 -0.852133152
vn -0.599983191 0.474498231 -0.64410527
vn -0.450969801 -0.866622281 -0.213522974
vn -0.741153772 -0.11371252 -0.661634755
vn -0.896762796 0.442511567 -0
vn -0.945066832 -0.29409715 -0.142672875
vn -0.662725672 0.160785831 0.731397704
vn -0.356856081 -0.772508561 0.525246857
vn -0.803896252 -0.37252525 0.463654779
vn -0.0509864905 -0.23135467 0.971532498
vn 0.23135467 -0.890150711 0.392564298
vn 0.967076027 -0.25448764 -0
vn 0.27841153 -0.952893191 0.120339462
vn 0.607809551 -0.47448178 0.636737458
vn -0.105886161 -0.43526773 0.89405264
vn 0.662709221 -0.701923271 -0.260998488
vn 0.764665751 0.137257401 -0.629640132
vn 0.38036806 -0.51369583 -0.769049239
vn 0.0980268997 0.435284181 -0.89494045
vn -0.215685501 -0.866622281 -0.449939537
vn -0.0509864905 -0.14508376 -0.988104792
vn -0.615668812 0.482341041 -0.623136449
vn -0.592140381 -0.27056872 -0.759053579
vn -0.967073048 0.254498959 -0
vn -0.694096912 -0.701923271 0.159791111
vn -0.921538402 -0.29409715 -0.253522859
vn -0.756839392 -0.13724095 0.639029778
vn -0.207842691 -0.858779471 0.468293963
vn -0.780367822 -0.4901674 0.388280803
vn -0.152943021 -0.52938145 0.834484099
vn 0.0823412797 -0.968578811 0.234680634
vn 0.560752691 -0.26272591 0.785195209
vn 0.623495171 -0.694080461 0.35986954
vn 0.945050381 0.168628641 0.280078843
vn 0.874465091 -0.46663897 -0.132509908
vn 0.780351371 0.490183851 -0.388293098
vn 0.27056872 -0.835251041 -0.478694335
vn 0.796036991 -0.0744984697 -0.600645559
vn 0.15292657 0.529397901 -0.834476678
vn 0.30978277 -0.20782624 -0.927816194
vn -0.560769141 0.262742361 -0.785177956
vn -0.474498231 -0.701923271 -0.531182784
vn -0.294113601 -0.27056872 -0.916673201
vn -0.952909642 -0.16076938 -0.257131135
vn -0.482341041 -0.874465091 0.0515550614
vn 0.20782624 -0.835251041 -0.509081479
vn -0.145100211 -0.976421621 0.159833496
vn 0.51369583 -0.741137321 0.432240749
vn -0.419598561 -0.545067071 0.725836714
vn 0.16861219 -0.48232459 0.859612075
vn -0.435284181 0.207842691 0.875973229
vn 0.31762558 0.0902005406 0.943916232
vn -0.192157071 0.835267492 0.515173638
vn 0.890150711 -0.0666556597 0.450764611
vn 0.35683963 0.647040052 0.673798672
vn 0.15292657 0.976438072 -0.152256873
vn 0.733294511 0.647040052 0.208850023
vn 0.41958211 0.545083521 -0.72583387
vn 0.929364761 -0.19998343 -0.310302705
vn 0.850936661 0.403912941 -0.335799248
vn 0.43526773 -0.20782624 -0.875985306
vn 0.678394841 -0.717608891 -0.157537043
vn 0.694080461 -0.670552031 0.261939474
vn 0.43526773 -0.788194181 -0.435076931
vn -0.199999881 -0.976421621 -0.0812457089
vn -0.0980433506 -0.45095335 -0.887146311
vn -0.490183851 -0.709766081 -0.505916893
vn -0.560769141 0.145100211 -0.815158818
vn -0.898009972 -0.31762558 -0.304453742
vn -0.694096912 0.670568482 -0.261853754
vn -0.709782532 -0.599966741 0.369118772
vn -0.976438072 0.199999881 0.0810477572
vn -0.435284181 0.788210632 0.435030667
vn -0.803896252 0.129414591 0.580519319
vn 0.0901840897 0.450969801 0.887971322
vn -0.113728971 -0.52938145 0.840726472
vn -0.325484841 0.0196152505 0.945343779
vn 0.552909881 -0.15292657 0.819087375
vn 0.14508376 -0.882307901 0.447753805
vn 0.13724095 -0.607809551 0.782133283
vn 0.52153864 -0.835251041 0.17422154
vn -0.192157071 -0.976421621 -0.098369089
vn 0.599966741 -0.576438311 -0.554760114
vn 0.0274416096 -0.788194181 -0.614814518
vn 0.32546839 0.0117724405 -0.945479633
vn -0.333327651 -0.37252525 -0.866093306
vn -0.137257401 0.599983191 -0.788150097
vn -0.788210632 -0.552909881 -0.270212257
vn -0.576454761 0.184314261 -0.79607045
vn -0.529397901 0.835267492 -0.148546555
vn -0.929381212 0.207842691 -0.305044224
vn -0.607826002 0.576454761 0.546120371
vn -0.788210632 -0.39605368 0.471025989
vn -0.945066832 0.152943021 0.288889452
vn -0.325484841 -0.0274416096 0.94514897
vn -0.341170461 -0.811722611 0.474034935
vn 0.607809551 0.694096912 0.385742177
vn 0.984264431 0.168628641 -0.0528006708
vn 0.772508561 -0.28625434 0.566823585
vn 0.623495171 0.513712281 -0.589367003
vn 0.552909881 0.247056741 0.795772349
vn 0.10586971 -0.560752691 0.821186961
vn -0.0117724405 0.168628641 0.98560935
vn -0.576454761 0.0509864905 0.815536808
vn -0.788210632 0.450969801 0.418748419
vn -0.623511622 -0.51369583 0.589363938
vn -0.984280882 -0.176455 0.00740121826
vn -0.772525012 0.278427981 -0.570686399
vn -0.137257401 0.811739062 0.567661961
vn 0.42742492 0.890167162 -0.157830166
vn -0.168628641 0.968595262 -0.18272274
vn -0.0980433506 0.568611951 -0.816742279
vn -0.709782532 0.694096912 -0.120159207
vn 0.2548831 -0.48232459 -0.838091639
vn -0.443126991 -0.866622281 -0.229356255
vn 0.3333112 -0.921521951 -0.199250941
vn 0.19998343 -0.819565421 0.536953581
vn -0.341170461 -0.568595501 -0.748533148
vn 0.0509700396 0.239213931 -0.969628151
vn -0.639197242 -0.0352844196 -0.76823297
vn -0.192157071 0.819581872 -0.539778858
vn -0.952909642 -0.29409715 -0.0739599912
vn -0.701939722 0.498026661 -0.509166055
vn -0.325484841 0.921538402 0.211722913
vn -0.890167162 0.450969801 0.0650281637
vn -0.262742361 0.490183851 0.831075354
vn -0.701939722 -0.37252525 0.607046592
vn -0.756839392 0.223528311 0.614189897
vn -0.0509864905 -0.23919748 0.969631344
vn -0.380384511 -0.850936661 0.362235314
vn -0.482341041 -0.47448178 0.736351927
vn 0.23135467 -0.717608891 0.656896108
vn -0.0509228836 -0.998702588 -0
vn 0.819565421 -0.53722426 0.19925515
vn 0.4901674 -0.843093851 -0.221198277
vn 0.921521951 -0.0431272296 -0.385924002
vn 0.43526773 -0.52938145 -0.728215135
vn 0.4901674 0.474498231 -0.731154804
vn -0.309799221 -0.694080461 -0.649828252
vn 0.22351186 -0.0117559896 -0.974630312
vn -0.231371121 0.725468152 -0.648200097
vn -0.380384511 0.0196152505 -0.92462039
vn -0.819581872 0.545083521 -0.176548888
vn -0.866638732 -0.46663897 -0.176593827
vn -0.843110302 0.0431436805 -0.536007128
vn -0.921538402 0.0509864905 0.384925124
vn -0.576454761 -0.788194181 0.215522252
vn 0.992107241 -0.0901840897 -0.087120903
vn 0.426735973 -0.904376254 -0
vn 0.701923271 -0.45095335 0.551311888
vn -0.00392963045 -0.552909881 0.833231794
vn 0.748980131 -0.552909881 -0.36512933
vn 0.701923271 0.325484841 -0.63353243
vn 0.41958211 -0.35683963 -0.834635448
vn -0.00392963045 0.552926331 -0.833220877
vn -0.113728971 -0.827408231 -0.549964854
vn -0.0666721106 -0.0274416096 -0.997397507
vn -0.701939722 0.458812611 -0.544767487
vn -0.568611951 -0.27056872 -0.776835257
vn -0.992123692 0.0980433506 0.0779620473
vn -0.576454761 -0.811722611 0.093841946
vn -0.874481542 -0.40389649 -0.268606884
vn -0.701939722 -0.32546839 0.633522655
vn -0.0588293005 -0.929364761 0.364445132
vn -0.262742361 -0.34899682 -0.899537476
vn 0.0509700396 -0.976421621 -0.209768617
vn 0.45095335 -0.560752691 -0.694404418
vn 0.890150711 -0.44311054 -0.106229754
vn -0.427441371 -0.756822941 -0.494482467
vn -0.811739062 0.0666721106 -0.580202142
vn -0.843110302 -0.52938145 -0.0944473329
vn -0.890167162 0.443126991 0.106023079
vn -0.372541701 -0.819565421 0.435344923
vn -0.945066832 -0.10586971 0.309257639
vn -0.443126991 0.560769141 0.699411495
vn -0.576454761 -0.19214062 0.794217785
vn 0.2548831 0.349013271 0.901789522
vn 0.30193996 -0.631337981 0.714314087
vn -0.0117724405 -0.19214062 0.981296791
vn 0.811722611 -0.0744984697 0.579272286
vn 0.51369583 -0.835251041 0.19614355
vn -0.529397901 0.560769141 -0.63661278
vn -0.254899551 0.913695592 0.316522644
vn -0.223528311 0.945066832 0.238503202
vn 0.27056872 0.325484841 0.906008933
vn 0.40389649 0.419598561 0.812898931
vn 0.52938145 -0.647023601 0.548740139
vn 0.615652361 -0.607809551 0.501537358
vn 0.21566905 -0.897993521 -0.383529004
vn 0.15292657 -0.929364761 -0.335997924
vn -0.270585171 -0.31762558 -0.908789115
vn -0.427441371 -0.38821087 -0.8164473
vn -0.631354432 0.521555091 -0.573909286
vn 0.741137321 -0.51369583 0.432240749
vn 0.576438311 0.474498231 0.665259575
vn 0.14508376 -0.960736001 -0.236510124
vn -0.145100211 0.960752452 0.236433193
vn -0.568611951 -0.4901674 -0.660618171
vn -0.748996582 0.482341041 -0.454259001
vn -0.686254102 -0.36468244 0.62933459
vn -0.00392963045 -0.709766081 0.704426482
vn -0.184061514 -0.982914726 -0
vn 0.678394841 -0.639180791 0.362254547
vn 0.40389649 -0.913679141 -0.0453657598
vn 0.968578811 -0.18429781 -0.167001209
vn 0.49801021 -0.615652361 -0.610702875
vn 0.686237651 0.364698891 -0.629342995
vn -0.262742361 -0.686237651 -0.678265684
vn 0.4117393 -0.0901840897 -0.906828307
vn -0.0117724405 0.709782532 -0.704322488
vn -0.184314261 0.0196152505 -0.982671611
vn -0.694096912 0.623511622 -0.359809304
vn -0.866638732 -0.36468244 -0.340505545
vn -0.701939722 0.121571781 -0.701784104
vn -0.968595262 0.176471451 0.175160056
vn -0.694096912 -0.701923271 0.159791111
vn 0.827408231 0.529397901 0.187439274
vn 0.41958211 0.560769141 -0.713784857
vn 0.913679141 0.0588293005 -0.402156114
vn 0.866622281 -0.47448178 0.154378956
vn 0.858779471 0.0117724405 0.512210142
vn 0.32546839 -0.725451701 0.606457053
vn 0.4117393 -0.0352844196 0.910618338
vn -0.184314261 -0.0509700396 0.981544858
vn -0.450969801 0.443126991 0.774767519
vn -0.419598561 -0.560752691 0.713788111
vn -0.913695592 -0.0588128497 0.402121143
vn -0.874481542 0.466655421 -0.132343306
vn 0.26272591 0.678411292 0.686100004
vn 0.4901674 0.850953112 -0.188718629
vn -0.050922048 0.998702631 -0
vn -0.325484841 0.725468152 -0.606428544
vn -0.568611951 0.780367822 0.260204749
vn -0.670568482 -0.14508376 0.727522243
vn -0.317642031 -0.929364761 0.188108163
vn -0.890167162 -0.44311054 0.106091813
vn -0.592140381 -0.47448178 -0.651334636
vn -0.294113601 -0.623495171 0.724396964
vn -0.0509864905 0.239213931 0.969627286
vn 0.27841153 -0.44311054 0.852138527
vn 0.599966741 0.474498231 0.644120593
vn 0.44311054 -0.866622281 0.229388036
vn 0.741137321 -0.12155533 0.660257354
vn 0.89675958 0.442518086 -0
vn 0.945050381 -0.29409715 0.142781803
vn 0.670552031 0.160785831 -0.72422917
vn 0.35683963 -0.772508561 -0.525258033
vn 0.803879801 -0.38036806 -0.457271696
vn 0.0509700396 -0.23919748 -0.969632209
vn -0.231371121 -0.890150711 -0.392554602
vn 0.0980268997 -0.43526773 -0.894948451
vn 0.764665751 -0.13724095 -0.629643718
vn 0.37252525 0.521555091 -0.767597046
vn 0.967071984 0.254503001 -0
vn -0.0509864905 0.152943021 -0.986918847
vn -0.615668812 -0.47448178 -0.629141442
vn -0.592140381 0.262742361 -0.761798018
vn -0.921538402 0.294113601 -0.253503774
vn -0.96707709 -0.254483597 -0
vn -0.701939722 0.701939722 0.120670022
vn -0.764682202 0.137257401 0.629620152
vn -0.105886161 0.435284181 0.894044631
vn -0.223528311 0.866638732 -0.446063227
vn -0.223528311 0.858795922 0.460982276
vn 0.27056872 0.952909642 0.13695175
vn 0.615652361 0.474498231 0.629145134
vn 0.654866411 0.701939722 -0.280054658
vn 0.780351371 -0.4901674 -0.388313865
vn 0.16076938 -0.53722426 -0.827975423
vn -0.0902005406 -0.968578811 -0.231773486
vn -0.560769141 -0.26272591 -0.78518346
vn -0.631354432 -0.686237651 -0.361205576
vn -0.945066832 0.160785831 -0.284599015
vn -0.866638732 -0.47448178 0.154286579
vn -0.780367822 0.490183851 0.388260035
vn -0.270585171 -0.835251041 0.478685036
vn -0.796053442 -0.0823412797 0.599598892
vn -0.152943021 0.529397901 0.834473663
vn -0.309799221 -0.20782624 0.927810701
vn 0.560752691 0.262742361 0.785189704
vn 0.47448178 -0.701923271 0.531197479
vn 0.28625434 -0.26272591 0.921430165
vn 0.945050381 -0.15292657 0.28895197
vn 0.48232459 -0.874465091 -0.0517087416
vn 0.937207571 0.192157071 -0.291062929
vn 0.43526773 0.207842691 -0.875981403
vn 0.41958211 -0.545067071 -0.725846224
vn 0.19214062 0.835267492 -0.515179774
vn 0.866622281 -0.38821087 -0.313461548
vn 0.14508376 -0.976421621 -0.159848429
vn 0.741137321 -0.631337981 0.22831519
vn 0.35683963 -0.639180791 0.681258684
vn 0.31762558 -0.0901840897 0.943917804
vn -0.199999881 -0.827408231 0.524781542
vn -0.427441371 -0.19998343 0.881646472
vn -0.411755751 0.545083521 0.730302099
vn 0.890150711 0.0745149206 0.449532244
vn 0.662709221 0.733310962 -0.151893128
vn 0.51369583 0.748996582 0.41847427
vn -0.152943021 0.976438072 0.152240348
vn 0.16861219 0.498026661 0.850611177
vn -0.670568482 -0.45879616 0.582961401
vn 0.0352844196 -0.51369583 0.857246524
vn 0.12939814 -0.952893191 0.274318588
vn 0.725451701 -0.24704029 0.642410247
vn 0.678394841 -0.694080461 0.240899884
vn 0.990564957 0.137044027 -0
vn 0.811722611 -0.4901674 -0.317556802
vn 0.678394841 0.458812611 -0.573821774
vn 0.15292657 -0.858779471 -0.488990066
vn 0.639180791 -0.12939814 -0.758092368
vn -0.0431436805 0.498026661 -0.866087794
vn 0.0744984697 -0.24704029 -0.966137192
vn -0.725468152 0.247056741 -0.642385342
vn -0.592140381 -0.709766081 -0.381578143
vn -0.505869471 -0.29409715 -0.810927213
vn -0.984280882 -0.16076938 -0.0731050718
vn -0.466655421 -0.866622281 0.176631084
vn -0.105886161 0.521555091 0.846621762
vn 0.560752691 0.152943021 0.813735124
vn 0.0901840897 -0.45879616 0.883953004
vn 0.701923271 0.662725672 0.260956713
vn -0.333327651 -0.0274416096 0.942411606
vn -0.435284181 -0.788194181 0.435060472
vn -0.811739062 -0.12155533 0.571230249
vn -0.976438072 -0.19998343 0.0810883408
vn -0.898009972 0.309799221 -0.312414041
vn -0.694096912 -0.670552031 -0.261895879
vn -0.560769141 -0.15292657 -0.813726879
vn -0.0980433506 0.450969801 -0.887137949
vn -0.701939722 0.607826002 0.371252177
vn 0.16076938 0.890167162 0.426328078
vn -0.191608591 0.98147142 -0
vn 0.43526773 0.788210632 -0.435047127
vn -0.490183851 0.701939722 -0.516720833
vn 0.0901840897 -0.45879616 0.883953004
vn 0.19998343 -0.976421621 0.0812861937
vn -0.435284181 -0.788194181 0.435060472
vn -0.694096912 -0.670552031 -0.261895879
vn 0.4901674 -0.701923271 0.516758785
vn 0.560752691 0.152943021 0.813735124
vn 0.897993521 -0.30978277 0.312477633
vn 0.701923271 0.662725672 0.260956713
vn 0.709766081 -0.592123931 -0.381603671
vn 0.981470818 0.191611676 -0
vn 0.43526773 0.788210632 -0.435047127
vn 0.803879801 0.121571781 -0.582234976
vn -0.0980433506 0.450969801 -0.887137949
vn 0.11371252 -0.52938145 -0.840728697
vn 0.32546839 0.0196152505 -0.945349443
vn -0.560769141 -0.15292657 -0.813726879
vn -0.152943021 -0.890150711 -0.42923204
vn 0.0274416096 -0.654866411 0.755246279
vn 0.670552031 -0.654866411 0.348582785
vn 0.19214062 -0.968578811 -0.157914751
vn 0.921521951 -0.27841153 -0.270710756
vn 0.52153864 -0.639180791 -0.565194978
vn 0.631337981 0.254899551 -0.73241967
vn 0.176455 -0.30978277 -0.934290248
vn -0.0196152505 0.647040052 -0.762203656
vn -0.388227321 -0.701923271 -0.597145936
vn -0.239213931 0.121571781 -0.963326008
vn -0.670568482 0.654882862 -0.348520228
vn -0.748996582 -0.0352844196 -0.661633683
vn -0.921538402 0.270585171 0.278479153
vn -0.717625342 -0.686237651 0.118708701
vn -0.976438072 -0.16861219 -0.134679697
vn -0.631354432 -0.26272591 0.72963462
vn -0.199999881 -0.945050381 0.258611339
vn 0.662709221 0.145100211 -0.734685251
vn -0.286270791 0.450969801 -0.845384689
vn 0.0509700396 -0.22351186 -0.97336761
vn -0.592140381 -0.48232459 -0.645548417
vn -0.748996582 0.113728971 -0.652740256
vn -0.890167162 -0.45095335 0.0651421485
vn -0.952909642 0.294113601 -0.0738945445
vn -0.803896252 0.380384511 0.457229089
vn -0.662725672 -0.15292657 0.73308127
vn -0.349013271 0.780367822 0.518860096
vn -0.0509864905 0.231371121 0.97152858
vn 0.599966741 0.482341041 0.638268776
vn -0.443126991 0.866638732 -0.229294086
vn 0.22351186 0.890167162 0.397045176
vn 0.30193996 0.929381212 -0.212327161
vn 0.890150711 0.450969801 -0.0652529684
vn 0.27056872 0.623511622 -0.733502437
vn 0.0980268997 -0.43526773 -0.894948451
vn -0.607826002 -0.47448178 -0.636721754
vn -0.270585171 -0.952893191 -0.137033687
vn -0.968595262 -0.24704029 0.0281835642
vn -0.654882862 -0.709766081 0.259539107
vn -0.756839392 0.121571781 0.642195015
vn -0.364698891 -0.52153864 0.771357353
vn -0.105886161 0.435284181 0.894044631
vn 0.23919748 -0.858779471 0.453080992
vn 0.0431272296 -0.14508376 0.988479006
vn 0.615652361 0.474498231 0.629145134
vn 0.592123931 -0.26272591 0.761816479
vn 0.967071984 0.254503001 -0
vn 0.701923271 -0.701923271 -0.120861259
vn 0.921521951 -0.28625434 0.262403785
vn 0.764665751 -0.13724095 -0.629643718
vn 0.20782624 -0.858779471 -0.468301264
vn -0.262742361 -0.48232459 0.83566108
vn 0.44311054 -0.866622281 0.229388036
vn -0.333327651 -0.921521951 0.199223419
vn -0.199999881 -0.819565421 -0.536947454
vn 0.34115401 -0.568595501 0.748540646
vn -0.0509864905 0.231371121 0.97152858
vn 0.631337981 -0.0431272296 0.774307688
vn 0.19214062 0.819581872 0.539784714
vn 0.945050381 -0.29409715 0.142781803
vn 0.701923271 0.498026661 0.509188734
vn 0.31762558 0.929381212 -0.188054656
vn 0.890150711 0.450969801 -0.0652529684
vn 0.26272591 0.490183851 -0.831080555
vn 0.701923271 -0.38036806 -0.602182581
vn 0.756822941 0.223528311 -0.614210168
vn 0.0509700396 -0.23919748 -0.969632209
vn 0.38036806 -0.850936661 -0.362252588
vn 0.48232459 -0.47448178 -0.736362702
vn -0.231371121 -0.717608891 -0.656890314
vn 0.0509064958 -0.998703424 -0
vn -0.819581872 -0.53722426 -0.199187473
vn -0.490183851 -0.843093851 0.221161819
vn -0.921538402 -0.0352844196 0.386680725
vn -0.435284181 -0.52938145 0.728205302
vn -0.490183851 0.474498231 0.731143775
vn 0.30193996 -0.694080461 0.65351708
vn -0.223528311 -0.0117559896 0.974626539
vn 0.23135467 0.725468152 0.648205968
vn 0.38036806 0.0196152505 0.924627158
vn 0.819565421 0.537240711 0.19921079
vn 0.866622281 -0.46663897 0.176674541
vn 0.843093851 0.0431436805 0.536033004
vn 0.921521951 0.0509864905 -0.384964507
vn 0.576438311 -0.780351371 -0.242426508
vn -0.239213931 -0.929364761 -0.281172253
vn -0.427441371 -0.788194181 0.442768345
vn 0.3333112 -0.772508561 0.540494373
vn -0.380384511 -0.18429781 0.906279174
vn 0.19998343 -0.32546839 0.92416284
vn -0.105886161 0.529397901 0.841739855
vn 0.552909881 0.152943021 0.819084304
vn 0.22351186 0.937224022 0.267681865
vn 0.897993521 -0.31762558 0.304502261
vn 0.701923271 0.584297571 0.407308323
vn 0.42742492 0.788210632 -0.442754941
vn 0.937207571 0.333327651 -0.102638421
vn 0.38036806 0.184314261 -0.906282733
vn 0.709766081 -0.592123931 -0.381603671
vn 0.827408231 -0.0352844196 -0.560491417
vn 0.10586971 -0.52938145 -0.84175227
vn 0.3333112 -0.937207571 -0.102691832
vn -0.00392963045 -0.545067071 -0.838383234
vn -0.701939722 -0.45095335 -0.551290942
vn -0.426749407 -0.904369915 -0
vn -0.992123692 -0.0901840897 0.0869333618
vn -0.748996582 -0.552909881 0.365095583
vn -0.701939722 0.325484841 0.633514203
vn -0.419598561 -0.35683963 0.834627178
vn 0.00391317957 0.552926331 0.833220955
vn 0.11371252 -0.827408231 0.549968256
vn 0.0666556597 -0.0274416096 0.997398607
vn 0.701923271 0.458812611 0.544788684
vn 0.576438311 -0.27056872 0.771045681
vn 0.992107241 0.0902005406 -0.0871038705
vn 0.576438311 -0.811722611 -0.0939429451
vn 0.874465091 -0.40389649 0.268660436
vn 0.701923271 -0.32546839 -0.633540882
vn 0.0666556597 -0.921521951 -0.382562827
vn 0.19998343 -0.00391317957 -0.979791465
vn -0.0666721106 -0.850936661 -0.521019797
vn 0.615652361 -0.51369583 -0.597569046
vn 0.670552031 -0.725451701 0.155176686
vn -0.247056741 -0.39605368 -0.884366694
vn -0.333327651 0.505869471 -0.795605904
vn -0.741153772 -0.12155533 -0.660238887
vn -0.678411292 0.725468152 -0.115991725
vn -0.717625342 -0.686237651 -0.118708701
vn -0.960752452 0.199999881 -0.192236244
vn -0.607826002 0.513712281 0.605514033
vn -0.937224022 -0.12155533 0.326856902
vn -0.199999881 0.0117724405 0.979725195
vn -0.270585171 -0.850936661 0.450211577
vn -0.576454761 -0.38821087 0.719021716
vn 0.34115401 -0.50585302 0.792292031
vn 0.13702791 -0.990567187 -0
vn -0.945066832 -0.30978277 0.104323143
vn -0.199999881 -0.968578811 0.14783482
vn -0.545083521 -0.694080461 -0.470251282
vn 0.176455 -0.662709221 -0.727791263
vn -0.623511622 -0.654866411 0.42706351
vn -0.796053442 0.247056741 0.552505099
vn -0.380384511 -0.31762558 0.868574473
vn -0.168628641 0.662725672 0.729629403
vn 0.2548831 -0.686237651 0.681258022
vn 0.00391317957 0.145100211 0.989409226
vn 0.552909881 0.678411292 0.483785886
vn 0.568595501 -0.00391317957 0.822607953
vn 0.951002106 0.309184402 -0
vn 0.748980131 -0.654866411 0.10088978
vn 0.921521951 -0.14508376 0.360205492
vn 0.796036991 -0.24704029 -0.552536156
vn 0.28625434 -0.937207571 -0.199249646
vn 0.937207571 -0.3333112 -0.102691832
vn 0.796036991 -0.15292657 -0.585609574
vn 0.584281121 0.788210632 -0.1932345
vn 0.709766081 0.686254102 0.159020183
vn -0.262742361 0.874481542 0.407735802
vn 0.176455 -0.952893191 -0.246694546
vn 0.0980268997 -0.929364761 -0.355909915
vn -0.341170461 0.913695592 0.220823644
vn -0.772525012 0.145100211 0.618183658
vn -0.772525012 -0.615652361 -0.15549044
vn -0.662725672 -0.709766081 0.238802837
vn -0.968595262 0.223528311 0.108895879
vn 0.921521951 -0.3333112 0.199250941
vn 0.23919748 -0.960736001 -0.140609038
vn 0.701923271 0.631354432 0.329689708
vn -0.176471451 0.968595262 0.175160056
vn -0.741153772 -0.584281121 -0.330615576
vn -0.921538402 0.341170461 -0.185390642
vn -0.717625342 -0.560752691 -0.413001561
vn 0.176455 -0.984264431 -0.00933607724
vn 0.858779471 -0.38036806 0.343246207
vn 0.662709221 0.631354432 0.402750631
vn -0.192157071 0.976438072 0.0982056587
vn -0.866638732 0.364698891 -0.340487925
vn -0.607826002 -0.53722426 -0.584754347
vn 0.129332155 -0.991601328 -0
vn 0.717608891 -0.41958211 0.55586719
vn 0.576438311 0.592140381 0.563106245
vn -0.733310962 0.396070131 -0.552615132
vn -0.160785831 0.984280882 -0.0730688829
vn 0.0430893263 -0.999071224 -0
vn -0.262742361 -0.47448178 -0.840138972
vn 0.2548831 -0.45095335 0.855380431
vn 0.22351186 0.599983191 0.768155335
vn -0.309799221 0.396070131 -0.864380063
vn -0.0509864905 0.984280882 -0.16909028
vn 0.0588128497 -0.4901674 -0.869641862
vn -0.0509864905 -0.992107241 0.11455828
vn -0.137257401 -0.42742492 0.893570559
vn -0.0666721106 0.545083521 0.835726501
vn 0.11371252 0.396070131 -0.911151971
vn 0.0744984697 0.992123692 -0.100700335
vn -0.129348322 -0.991599219 -0
vn 0.27056872 -0.52938145 -0.804081991
vn -0.396070131 -0.40389649 0.824618746
vn -0.262742361 0.560769141 0.785177956
vn 0.39605368 0.372541701 -0.839258103
vn 0.15292657 0.984280882 -0.0883436996
vn 0.678394841 0.317642031 -0.662483192
vn 0.51369583 -0.584281121 -0.628277141
vn -0.113728971 -0.992107241 -0.0528104441
vn -0.654882862 -0.39605368 0.643638035
vn -0.490183851 0.631354432 0.600925431
vn 0.2548831 0.960752452 -0.109495804
vn 0.897993521 0.286270791 -0.33415067
vn 0.725451701 -0.615652361 -0.307720654
vn 0.29409715 0.952909642 -0.0739599912
vn -0.121571781 -0.992107241 0.0307168345
vn -0.678411292 0.670568482 0.300160009
vn -0.882324352 -0.35683963 0.306870031
vn 0.43526773 -0.39605368 0.808506948
vn 0.631337981 -0.52153864 0.573942332
vn -0.239213931 -0.945050381 0.222837322
vn -0.270585171 -0.866622281 0.419224865
vn 0.733294511 0.443126991 0.515672018
vn -0.835267492 -0.42742492 -0.345884597
vn -0.725468152 -0.51369583 -0.458053004
vn 0.850936661 0.341170461 0.399386424
vn 0.34115401 0.890167162 -0.302020471
vn -0.607826002 0.521555091 -0.598771942
vn -0.403912941 0.388227321 -0.828331988
vn 0.22351186 0.945066832 -0.238518618
vn -0.890167162 -0.40389649 -0.210879228
vn -0.176471451 -0.976421621 0.124332798
vn 0.756822941 -0.576438311 0.308119961
vn -0.709782532 0.623511622 -0.327783489
vn 0.19998343 0.976438072 -0.0810883408
vn 0.929364761 0.294113601 0.223110579
vn -0.176471451 -0.984264431 0.00901977754
vn -0.929381212 -0.36468244 0.0570725895
vn -0.748921246 0.662659013 -0
vn 0.23919748 0.968595262 -0.0678806581
vn 0.780351371 -0.623495171 -0.0480157274
vn 0.960478721 0.278353419 -0
vn -0.882324352 -0.35683963 0.306870031
vn -0.121571781 -0.992107241 0.0307168345
vn -0.678411292 0.670568482 0.300160009
vn 0.725451701 -0.615652361 -0.307720654
vn 0.29409715 0.952909642 -0.0739599912
vn 0.897993521 0.286270791 -0.33415067
vn -0.435284181 0.152943021 -0.887206917
vn 0.0823412797 0.960752452 -0.264904963
vn 0.10586971 0.921538402 -0.373575398
vn -0.748996582 0.380384511 -0.542505064
vn -0.537240711 -0.756822941 -0.372278732
vn 0.819565421 0.521555091 0.237261053
vn 0.576438311 0.631354432 0.518758572
vn -0.741153772 -0.647023601 -0.179029458
vn -0.0902005406 -0.866622281 0.490744011
vn 0.0744984697 0.960752452 -0.267216586
vn 0.803879801 -0.30193996 0.512454414
vn 0.4901674 -0.18429781 0.851921497
vn 0.0352844196 -0.937207571 0.346982677
vn -0.843110302 0.537240711 -0.023182684
vn -0.858795922 -0.47448178 0.193226821
vn 0.0509700396 -0.960736001 0.272742353
vn 0.896766099 -0.442504875 -0
vn 0.890150711 0.396070131 -0.225300161
vn 0.764665751 -0.560752691 -0.317557411
vn 0.741137321 0.278427981 -0.610895516
vn 0.41958211 -0.717608891 -0.55586719
vn 0.0980268997 0.929381212 -0.355866955
vn -0.717625342 0.647040052 0.25759084
vn -0.741153772 -0.35683963 0.568644498
vn 0.12939814 -0.952893191 0.274318588
vn 0.764665751 -0.560752691 -0.317557411
vn 0.30193996 0.176471451 -0.936851156
vn -0.0431436805 0.890167162 -0.453586868
vn -0.411755751 0.764682202 0.49569984
vn 0.15292657 -0.945050381 0.28895197
vn -0.333327651 -0.21566905 0.917812365
vn 0.14508376 -0.788194181 -0.598080794
vn -0.0902005406 0.0902005406 -0.991830492
vn -0.223528311 0.858795922 -0.460982276
vn 0.24704029 -0.897993521 0.364113624
vn -0.168628641 0.835267492 0.523347493
vn 0.0744984697 -0.0980268997 0.992391407
vn -0.411755751 -0.00391317957 -0.911285843
vn 0.00391317957 -0.819565421 -0.572972257
vn 0.42742492 -0.827408231 0.364284994
vn 0.40389649 0.0431436805 0.913786763
vn -0.0745149206 0.882324352 0.464705568
vn -0.443126991 0.819581872 -0.36321347
vn -0.0274580605 -0.827408231 -0.560929295
vn -0.631354432 -0.0823412797 -0.77111056
vn 0.647023601 -0.709766081 0.27855443
vn -0.631354432 0.741153772 -0.228216276
vn 0.592123931 0.160785831 0.789643697
vn -0.0902005406 0.882324352 0.461917309
vn -0.176471451 -0.952893191 0.246682778
vn -0.0823577306 -0.929364761 0.359858785
vn -0.796053442 -0.16861219 0.581264868
vn -0.945066832 -0.31762558 0.077218351
vn -0.576454761 0.796053442 0.184387705
vn 0.780351371 -0.615652361 0.109653585
vn 0.654866411 -0.709766081 -0.259580613
vn -0.701939722 0.694096912 -0.159718829
vn 0.2548831 0.874481542 -0.412694364
vn 0.968578811 0.239213931 -0.0680571941
vn 0.788194181 0.137257401 -0.599925278
vn 0.34115401 0.913695592 -0.220849058
vn 0.741137321 -0.584281121 0.330652452
vn -0.239213931 -0.960736001 0.140581049
vn -0.921538402 -0.34115401 -0.185420913
vn -0.701939722 0.631354432 -0.329654681
vn 0.913679141 0.364698891 0.17940219
vn 0.176455 0.976438072 -0.124226906
vn 0.717608891 -0.552909881 0.423471538
vn -0.168628641 -0.984264431 0.0528006708
vn -0.850953112 -0.40389649 -0.335777347
vn -0.654882862 0.639197242 -0.403181503
vn 0.18404267 0.982918255 -0
vn 0.866622281 0.364698891 0.340529794
vn 0.607809551 -0.53722426 0.584771446
vn -0.129348322 -0.991599219 -0
vn -0.717625342 -0.42742492 -0.549837982
vn -0.568611951 0.599983191 -0.5627616
vn 0.16076938 0.984280882 0.0731050718
vn 0.733294511 0.380384511 0.563548387
vn -0.0431057322 -0.999070516 -0
vn -0.254899551 -0.45095335 -0.855375529
vn 0.26272591 -0.4901674 0.831090257
vn -0.223528311 0.607826002 -0.761959741
vn 0.0509700396 0.984280882 0.16909524
vn 0.30978277 0.388227321 0.867936739
vn -0.0666721106 -0.51369583 0.855377942
vn 0.0509700396 -0.992107241 -0.114565601
vn 0.13724095 -0.42742492 -0.893573086
vn 0.0666556597 0.545083521 -0.835727813
vn -0.0745149206 0.992123692 0.100688162
vn -0.105886161 0.396070131 0.912094607
vn 0.129332155 -0.991601328 -0
vn 0.39605368 -0.40389649 -0.824626647
vn -0.262742361 -0.545067071 0.79615849
vn 0.26272591 0.568611951 -0.779522639
vn -0.160785831 0.984280882 0.0730688829
vn -0.388227321 0.364698891 0.84632988
vn -0.678411292 0.309799221 0.66617007
vn -0.505869471 -0.599966741 0.619787051
vn 0.11371252 -0.992107241 0.0528458572
vn 0.662709221 -0.38036806 -0.645086527
vn 0.48232459 0.639197242 -0.598990714
vn -0.254899551 0.952909642 0.16428461
vn -0.701939722 -0.647023601 0.297726531
vn 0.12155533 -0.992107241 -0.0307818709
vn -0.890167162 0.301956411 0.341210711
vn 0.890150711 -0.31762558 -0.326719608
vn -0.286270791 0.952909642 0.100061222
vn 0.686237651 0.662725672 -0.299787543
vn 0.27056872 -0.866622281 -0.419235482
vn 0.835251041 -0.42742492 0.345924321
vn 0.725451701 -0.51369583 0.458079058
vn 0.23919748 -0.945050381 -0.222854981
vn -0.443126991 -0.38036806 -0.811762655
vn 0.607809551 0.521555091 0.598788641
vn 0.40389649 0.388227321 0.82834001
vn -0.631354432 -0.52153864 -0.573924236
vn -0.733310962 0.450969801 -0.508803766
vn -0.223528311 0.945066832 0.238503202
vn -0.356856081 0.890167162 0.283295184
vn -0.850953112 0.356856081 -0.385399194
vn 0.897993521 -0.38821087 0.207123046
vn 0.709766081 0.623511622 0.327819109
vn 0.18429781 -0.976421621 -0.112406115
vn -0.199999881 0.976438072 0.0810477572
vn -0.921538402 0.309799221 -0.234075663
vn -0.748996582 -0.592123931 -0.297310227
vn 0.945050381 -0.31762558 -0.077419428
vn 0.75619838 0.654342426 -0
vn -0.239213931 0.968595262 0.0678226618
vn -0.952909642 0.301956411 0.0280274839
vn 0.176455 -0.984264431 -0.00933607724
vn -0.763393761 -0.645933407 -0
vn -0.286270791 0.952909642 0.100061222
vn 0.686237651 0.662725672 -0.299787543
vn -0.890167162 0.301956411 0.341210711
vn 0.890150711 -0.31762558 -0.326719608
vn -0.701939722 -0.647023601 0.297726531
vn 0.12155533 -0.992107241 -0.0307818709
vn -0.882324352 0.419598561 0.213168444
vn -0.733310962 0.286270791 0.616687982
vn -0.756839392 -0.568595501 0.322324823
vn -0.882324352 -0.46663897 -0.061252014
vn -0.419598561 -0.717608891 0.555854772
vn -0.819581872 0.521555091 -0.23720422
vn -0.0823577306 0.960752452 0.264899849
vn -0.301956411 0.176471451 0.936845853
vn -0.105886161 0.929381212 0.353608093
vn -0.803896252 -0.32546839 -0.497816375
vn -0.576454761 0.631354432 -0.518740291
vn -0.105886161 0.921538402 0.373570736
vn -0.498026661 -0.176455 -0.849018891
vn -0.0902005406 0.960752452 0.262332972
vn 0.43526773 0.152943021 0.887214988
vn 0.748980131 0.388227321 0.536943489
vn 0.53722426 -0.764665751 0.355916259
vn -0.0431436805 -0.937207571 -0.346093327
vn 0.0901840897 -0.866622281 -0.490747035
vn 0.741137321 -0.639180791 0.205337255
vn 0.850936661 0.513712281 0.109574134
vn -0.0509864905 -0.960736001 -0.272739278
vn 0.866622281 -0.45095335 -0.213557715
vn 0.725451701 0.647040052 -0.234646546
vn -0.129414591 -0.952893191 -0.274310827
vn -0.756839392 -0.568595501 0.322324823
vn 0.756822941 -0.32546839 -0.566823926
vn 0.0352844196 0.882324352 0.469317321
vn -0.152943021 -0.945050381 -0.288943263
vn 0.34899682 -0.176455 -0.920361262
vn 0.40389649 0.764682202 -0.502124243
vn 0.0901840897 0.0902005406 0.991831988
vn -0.145100211 -0.788194181 0.598076803
vn -0.247056741 -0.905836331 -0.344127168
vn -0.0745149206 -0.0823412797 -0.99381459
vn 0.22351186 0.858795922 0.460990253
vn 0.16861219 0.835267492 -0.523352793
vn -0.419598561 -0.835251041 -0.355376907
vn -0.00392963045 -0.819565421 0.572972145
vn -0.403912941 0.0431436805 -0.913779491
vn 0.4117393 -0.00391317957 0.911293276
vn 0.0744984697 0.882324352 -0.464708205
vn 0.43526773 0.827424682 0.354838553
vn -0.639197242 -0.709766081 -0.296072621
vn 0.0274416096 -0.827408231 0.5609301
vn -0.592140381 0.160785831 -0.78963136
vn 0.631337981 -0.0980268997 0.769287385
vn 0.0980268997 0.890167162 -0.444964213
vn 0.623495171 0.741153772 0.248887241
vn -0.105886161 -0.811722611 0.574364452
vn 0.10586971 -0.992107241 0.0671924574
vn 0.26272591 -0.866622281 0.424194434
vn -0.309799221 -0.921521951 0.23414042
vn 0.0431272296 -0.843093851 0.536034328
vn -0.0431436805 -0.960736001 -0.274089326
vn -0.239213931 -0.952893191 0.186470538
vn 0.38036806 -0.897993521 0.221196236
vn -0.419598561 -0.905836331 -0.0582888381
vn -0.035280656 -0.999377444 -0
vn 0.52153864 -0.835251041 -0.17422154
vn -0.411755751 -0.897993521 -0.155128454
vn 0.16861219 -0.945050381 -0.280088747
vn 0.49801021 -0.811722611 -0.305110198
vn -0.403912941 -0.905836331 -0.127729703
vn -0.325484841 -0.905836331 -0.271146011
vn 0.14508376 -0.929364761 -0.339458161
vn 0.48232459 -0.874465091 0.0517087416
vn -0.364698891 -0.913679141 -0.17940219
vn -0.215685501 -0.897993521 -0.383519753
vn 0.11371252 -0.992107241 0.0528458572
vn 0.4901674 -0.788194181 0.372136874
vn -0.317642031 -0.913679141 -0.253562551
vn -0.215685501 -0.929364761 -0.299601244
vn -0.00392963045 -0.999950051 -0.00918982559
vn 0.15292657 -0.905836331 0.395062027
vn 0.52938145 -0.811722611 0.246701607
vn -0.309184402 -0.951002106 -0
vn -0.0588293005 -0.960736001 -0.271155766
vn 0.2548831 -0.874465091 -0.412729221
vn -0.317642031 -0.897993521 0.3044851
vn 0.30978277 -0.874465091 -0.373290021
vn 0.19998343 -0.882307901 -0.426074401
vn -0.215685501 -0.976421621 0.00897676223
vn -0.199999881 -0.905836331 0.373444225
vn 0.19214062 -0.921521951 0.337460036
vn 0.40389649 -0.897993521 -0.174571651
vn -0.199999881 -0.882307901 0.426066679
vn -0.035280656 -0.999377444 -0
vn -0.0588293005 -0.796036991 -0.602382123
vn -0.333327651 -0.897993521 0.287228677
vn -0.325484841 -0.921521951 -0.211794504
vn -0.278427981 -0.717608891 -0.638369281
vn -0.411755751 -0.897993521 0.155128454
vn -0.474498231 -0.874465091 0.100807901
vn -0.458812611 -0.819565421 -0.343225157
vn 0.13724095 -0.866622281 -0.479719443
vn -0.513352422 -0.85817789 -0
vn -0.542936843 -0.839773532 -0
vn -0.0196152505 -0.992107241 -0.123848552
vn 0.623495171 -0.733294511 -0.271169564
vn -0.137257401 -0.976421621 0.166616996
vn 0.545067071 -0.835251041 0.0725092209
vn 0.568595501 -0.741137321 -0.356951857
vn 0.50585302 -0.858779471 0.0813052384
vn 0.21566905 -0.858779471 -0.464741521
vn -0.0902005406 -0.976421621 0.196124144
vn 0.40389649 -0.850936661 0.335819035
vn 0.34115401 -0.866622281 0.364115041
vn 0.29409715 -0.952893191 0.0741716417
vn -0.184314261 -0.897993521 -0.399544602
vn 0.38036806 -0.843093851 0.38014852
vn 0.26272591 -0.874465091 0.407781683
vn 0.26272591 -0.874465091 0.407781683
vn 0.18429781 -0.866622281 0.463681075
vn 0.0823412797 -0.866622281 0.492123699
vn -0.0196152505 -0.850936661 0.524901934
vn -0.0196124572 -0.999807657 -0
vn 0.14508376 -0.905836331 0.3980091
vn 0.0666556597 -0.874465091 0.480487073
vn -0.231371121 -0.945050381 0.230970088
vn -0.505869471 -0.850936661 -0.141431527
vn -0.0196152505 -0.835251041 0.549518826
vn -0.341170461 -0.850936661 0.399386424
vn -0.662725672 -0.725451701 0.185780822
vn -0.639197242 -0.717608891 0.276521909
vn -0.364698891 -0.811722611 0.456181019
vn -0.466655421 -0.866622281 -0.176631084
vn -0.137044027 -0.990564957 -0
vn -0.0745149206 -0.835251041 0.544796499
vn 0.16861219 -0.976421621 0.134798913
vn 0.15292657 -0.984264431 0.0885267957
vn 0.34115401 -0.882307901 -0.324263333
vn 0.31762558 -0.866622281 -0.384811399
vn 0.38821087 -0.858779471 -0.334350326
vn 0.38036806 -0.897993521 -0.221196236
vn 0.43526773 -0.882307901 -0.179094306
vn 0.41958211 -0.897993521 -0.132508448
vn 0.0431272296 -0.968578811 -0.24493903
vn 0.0588128497 -0.874465091 -0.481509972
vn -0.458812611 -0.874465091 -0.157485848
vn -0.364698891 -0.748980131 -0.553193892
vn -0.278427981 -0.866622281 0.414057582
vn 0.12155533 -0.968578811 0.216977852
vn -0.0745149206 -0.780351371 0.620885871
vn 0.473629967 -0.880723938 -0
vn 0.23919748 -0.905836331 0.349635677
vn -0.270585171 -0.866622281 0.419224865
vn 0.442504875 -0.896766099 -0
vn 0.0117559896 -0.992107241 0.124839971
vn -0.552926331 -0.819565421 0.150283042
vn 0.22351186 -0.937207571 -0.267739457
vn -0.325484841 -0.937207571 -0.125305973
vn -0.505869471 -0.827408231 0.243909199
vn 0.20782624 -0.968578811 -0.136613837
vn 0.14508376 -0.897993521 -0.415401419
vn 0.0431272296 -0.905836331 -0.421426842
vn -0.341170461 -0.937207571 -0.0724201975
vn -0.152943021 -0.890150711 0.42923204
vn -0.0666721106 -0.921521951 -0.38255996
vn 0.0195987996 -0.897993521 -0.439571977
vn 0.30978277 -0.945050381 -0.104472065
vn -0.0196124572 -0.999807657 -0
vn 0.37252525 -0.835251041 0.404451031
vn -0.129414591 -0.890150711 -0.436902249
vn -0.278427981 -0.741137321 -0.610895516
vn -0.137044027 -0.990564957 -0
vn -0.466655421 -0.866622281 -0.176631084
vn 0.0509700396 -0.843093851 -0.535345508
vn -0.364698891 -0.748980131 -0.553193892
vn 0.16861219 -0.976421621 0.134798913
vn 0.0588128497 -0.874465091 -0.481509972
vn 0.31762558 -0.866622281 -0.384811399
vn 0.38821087 -0.858779471 -0.334350326
vn 0.46663897 -0.576438311 -0.670795755
vn 0.701923271 -0.607809551 -0.37131021
vn 0.568595501 -0.4117393 -0.712158624
vn 0.670552031 -0.38821087 -0.632180587
vn 0.4117393 0.0666721106 -0.908859493
vn 0.14508376 -0.39605368 -0.906692994
vn 0.52938145 -0.22351186 -0.818411711
vn 0.3333112 0.137257401 -0.932772239
vn 0.0588128497 -0.3333112 -0.940980708
vn 0.30978277 -0.27841153 -0.909132364
vn 0.0195987996 -0.38036806 -0.924627507
vn 0.41958211 -0.31762558 -0.850332196
vn 0.40389649 -0.42742492 -0.808811203
vn 0.584281121 0.0588293005 -0.809416262
vn 0.811722611 -0.30193996 -0.49993866
vn 0.772508561 -0.42742492 -0.469615226
vn 0.52938145 0.443126991 -0.72345957
vn 0.843093851 0.0588293005 -0.534538934
vn 0.937207571 -0.3333112 -0.102691832
vn 0.897993521 -0.43526773 -0.0644176913
vn 0.866622281 -0.45095335 0.213557715
vn 0.976421621 -0.0274416096 -0.214120937
vn 0.905836331 -0.38036806 0.186495791
vn 0.918741808 -0.394858824 -0
vn 0.639180791 0.443126991 -0.628558976
vn 0.607809551 0.505869471 -0.612097728
vn 0.47448178 0.349013271 -0.808119284
vn 0.756822941 0.380384511 -0.53153237
vn 0.42742492 0.247056741 -0.869638376
vn 0.991601328 -0.129332155 -0
vn 0.913679141 0.247056741 -0.322728049
vn 0.890150711 -0.43526773 0.13480992
vn 0.670552031 0.521555091 -0.527579625
vn 0.991601328 -0.129332155 -0
vn 0.984264431 0.160785831 -0.0732901491
vn 0.897993521 -0.42742492 -0.104477622
vn 0.772508561 0.505869471 -0.383831475
vn 0.984264431 0.160785831 0.0732901491
vn 0.843093851 0.505869471 -0.182452285
vn 0.607809551 0.686254102 -0.399528295
vn 0.639180791 0.592140381 -0.490731786
vn 0.545067071 0.748996582 -0.37670414
vn 0.615652361 0.741153772 -0.267699939
vn 0.999378023 -0.0352642349 -0
vn 0.866622281 0.498026661 -0.0305821282
vn 0.968578811 0.223528311 0.109042105
vn 0.960736001 0.0588293005 0.271155766
vn 0.937207571 -0.31762558 -0.144069287
vn 0.929364761 -0.35683963 -0.0945865688
vn 0.929364761 -0.3333112 -0.158697147
vn 0.833853989 -0.551985076 -0
vn 0.905836331 -0.34899682 0.240128634
vn 0.866622281 0.333327651 0.37129301
vn 0.858779471 0.466655421 0.211495952
vn 0.772508561 0.498026661 0.393954271
vn 0.654866411 0.631354432 0.41538123
vn 0.694080461 0.662725672 0.28115298
vn 0.552909881 0.733310962 0.395658562
vn 0.683283005 0.730153638 -0
vn 0.52938145 0.780367822 0.332838313
vn 0.32546839 0.850953112 0.412248867
vn 0.545067071 0.788210632 -0.285702448
vn 0.566353652 0.824162327 -0
vn 0.3333112 0.874481542 0.352399882
vn 0.34899682 0.850953112 0.39253028
vn 0.23919748 0.921538402 0.305861961
vn 0.46663897 0.882324352 -0.061252014
vn 0.52153864 0.843110302 -0.131005593
vn 0.560752691 0.780367822 -0.276735402
vn 0.552909881 0.772525012 -0.312243127
vn 0.52938145 0.764682202 -0.367445792
vn 0.49801021 0.796053442 -0.343925498
vn 0.52153864 0.788210632 -0.326682486
vn 0.599966741 0.678411292 -0.424025977
vn 0.607809551 0.647040052 -0.460333273
vn 0.34899682 0.890167162 -0.292922589
vn 0.631337981 0.529397901 -0.56670117
vn 0.230554159 0.973059495 -0
vn -0.168628641 0.984280882 -0.0524931094
vn 0.46663897 0.850953112 0.241095153
vn 0.552909881 0.450969801 -0.700654624
vn 0.30193996 0.529397901 -0.792824144
vn 0.560752691 0.560769141 -0.609175172
vn 0.34899682 0.278427981 -0.894806727
vn 0.32546839 0.192157071 -0.92582179
vn 0.0980268997 0.286270791 -0.953121063
vn 0.22351186 0.333327651 -0.915934018
vn 0.30978277 -0.29409715 -0.904180016
vn 0.0274416096 -0.32546839 -0.945154636
vn 0.0274416096 -0.47448178 -0.879837484
vn -0.0588293005 -0.0274416096 -0.997890811
vn -0.443126991 -0.0744984697 -0.893357962
vn -0.254899551 -0.34899682 -0.901791239
vn -0.192157071 0.215685501 -0.957369012
vn -0.333327651 -0.52153864 -0.785423531
vn -0.552926331 -0.43526773 -0.710502973
vn -0.741153772 -0.45095335 -0.497325007
vn -0.286270791 -0.905836331 0.312265233
vn -0.631354432 -0.568595501 -0.527343094
vn -0.521555091 -0.843093851 -0.131045965
vn -0.576454761 -0.772508561 0.266327677
vn -0.333327651 -0.819565421 0.466052784
vn -0.686254102 -0.662709221 0.299786252
vn -0.866638732 0.0274580605 -0.498180051
vn -0.631354432 -0.0274416096 -0.775008735
vn -0.960752452 0.137257401 -0.241070802
vn -0.725468152 -0.639180791 -0.255232987
vn -0.921538402 -0.0195987996 -0.387792291
vn -0.764682202 0.419598561 -0.489078907
vn -0.647040052 0.396070131 -0.651511798
vn -0.552926331 0.545083521 -0.63020348
vn -0.819581872 0.364698891 -0.441905277
vn -0.529397901 0.341170461 -0.77675001
vn -0.372541701 0.270585171 -0.887691583
vn -0.419598561 0.545083521 -0.72582436
vn -0.262742361 0.560769141 -0.785177956
vn -0.0823577306 0.482341041 -0.872103391
vn -0.199999881 0.678411292 -0.706935759
vn -0.105886161 0.615668812 -0.780858525
vn -0.309799221 0.678411292 -0.66617007
vn -0.184314261 0.725468152 -0.663117044
vn -0.145100211 0.647040052 -0.748521944
vn 0.0117559896 0.490183851 -0.87153978
vn 0.0509700396 0.513712281 -0.856447165
vn -0.0823577306 0.560769141 -0.823865993
vn -0.184314261 0.631354432 -0.753272749
vn -0.0666721106 0.647040052 -0.759535385
vn -0.294113601 0.694096912 -0.657059105
vn -0.160785831 0.647040052 -0.745310062
vn 0.29409715 0.639197242 -0.710586907
vn -0.129414591 0.725468152 -0.67597916
vn 0.552909881 0.686254102 -0.472594934
vn 0.29409715 0.717625342 -0.631284987
vn 0.47448178 0.858795922 0.193226821
vn -0.364698891 0.905852782 -0.215465673
vn 0.22351186 0.968595262 0.108929641
vn 0.29409715 0.717625342 0.631284987
vn 0.36468244 0.913695592 0.179351841
vn -0.372541701 0.584297571 0.720977828
vn -0.301956411 0.780367822 -0.547584138
vn -0.168628641 0.670568482 -0.722428054
vn -0.0666721106 0.717625342 -0.693230624
vn -0.152943021 0.654882862 -0.740092474
vn -0.168628641 0.662725672 -0.729629403
vn -0.184314261 0.686254102 -0.703621746
vn -0.199999881 0.866638732 -0.457096659
vn -0.254899551 0.850953112 -0.459243966
vn -0.0902005406 0.960752452 -0.262332972
vn -0.0823577306 0.905852782 -0.415509256
vn 0.29409715 0.945066832 -0.142672875
vn 0.0744984697 0.921538402 -0.38107342
vn 0.576438311 0.788210632 -0.215506088
vn -0.199999881 0.772525012 -0.602665043
vn 0.26272591 0.858795922 -0.439823443
vn 0.599966741 0.756839392 -0.259295286
vn -0.396070131 0.654882862 -0.643627912
vn 0.21566905 0.882324352 -0.418318777
vn 0.45095335 0.882324352 0.134702686
vn -0.207842691 0.764682202 -0.609969299
vn -0.654882862 0.521555091 -0.546908333
vn -0.490183851 0.670568482 -0.556828253
vn -0.309799221 0.788210632 -0.531740954
vn 0.0352636555 0.999378044 -0
vn -0.890167162 0.192157071 -0.413132042
vn -0.756839392 0.529397901 -0.383317097
vn -0.607826002 0.741153772 -0.285023926
vn -0.0980433506 0.898009972 0.428912102
vn 0.28625434 0.764682202 0.577338361
vn -0.443126991 0.874481542 -0.197282798
vn -0.482341041 0.850953112 0.207908444
vn -0.0745149206 0.882324352 0.464705568
vn 0.38036806 0.772525012 0.508453779
vn -0.647040052 0.756839392 0.0923758991
vn -0.458812611 0.827424682 0.323819986
vn -0.866638732 0.0823577306 -0.492091976
vn -0.0745149206 0.968595262 0.237214554
vn 0.31762558 0.929381212 0.188054656
vn -0.858795922 0.474498231 -0.19318642
vn -0.639197242 0.733310962 0.23169359
vn -0.505869471 0.819581872 0.269038349
vn -0.599983191 0.772525012 0.207906893
vn -0.647040052 0.717625342 0.25759084
vn -0.160785831 0.984280882 0.0730688829
vn -0.137257401 0.968595262 -0.207324924
vn -0.333327651 0.913695592 -0.232493101
vn -0.254899551 0.913695592 -0.316522644
vn -0.199999881 0.976438072 -0.0810477572
vn -0.905852782 0.419598561 -0.058032618
vn -0.592140381 0.803896252 0.0558621955
vn -0.866638732 -0.0117559896 -0.498797659
vn -0.788210632 -0.22351186 -0.573381591
vn -0.552926331 -0.552909881 -0.623348326
vn -0.952909642 -0.0823412797 -0.291861487
vn -0.874481542 0.435284181 0.21403204
vn -0.882324352 -0.28625434 -0.373580233
vn -0.662725672 0.686254102 0.299749883
vn -0.984280882 0.0196152505 0.175517483
vn -0.780367822 0.466655421 0.416243655
vn -0.670568482 0.647040052 0.362873371
vn -0.607826002 -0.568595501 -0.554298393
vn -0.231371121 -0.764665751 -0.601459636
vn -0.341170461 -0.843093851 -0.415686751
vn -0.756839392 -0.623495171 -0.196081379
vn -0.968595262 -0.23919748 0.0678806581
vn -0.866638732 0.0431436805 0.497067331
vn -0.858795922 0.215685501 0.464703485
vn -0.929381212 -0.36468244 -0.0570725895
vn -0.890167162 -0.42742492 0.157830166
vn -0.913695592 -0.38821087 -0.120219322
vn -0.411755751 -0.796036991 0.443601522
vn -0.725468152 -0.43526773 0.533139723
vn -0.505869471 -0.36468244 0.781730641
vn -0.443126991 -0.34899682 0.825735847
vn -0.576454761 -0.42742492 0.696425047
vn -0.537240711 -0.23919748 0.808799718
vn -0.513712281 -0.34899682 0.783773508
vn -0.694096912 0.223528311 0.684298598
vn -0.678411292 0.294113601 0.673242385
vn -0.654882862 -0.42742492 0.623246641
vn -0.701939722 0.380384511 0.602153013
vn -0.686254102 0.505869471 0.522638868
vn -0.631354432 0.498026661 0.594441777
vn -0.670568482 0.639197242 0.376516663
vn -0.623511622 0.458812611 0.633027839
vn -0.615668812 0.733310962 0.288456146
vn -0.733310962 -0.0274416096 0.679339379
vn -0.741153772 -0.51369583 0.432212541
vn -0.576454761 -0.42742492 0.696425047
vn -0.639197242 -0.741137321 0.20528604
vn -0.482341041 -0.176455 0.858027245
vn -0.662725672 -0.639180791 0.390182779
vn -0.631354432 0.129414591 0.764619805
vn -0.325484841 -0.945050381 -0.0306495554
vn -0.372541701 -0.811722611 0.449798937
vn -0.0431436805 -0.811722611 0.582447445
vn 0.34899682 -0.796036991 0.494496035
vn -0.576454761 0.411755751 0.705802458
vn -0.505869471 0.545083521 0.668565653
vn -0.372541701 0.474498231 0.797536275
vn -0.223528311 -0.45879616 0.8599658
vn -0.458812611 0.121571781 0.880176851
vn -0.0353008705 -0.38821087 0.920894222
vn -0.215685501 0.105886161 0.97070484
vn -0.192157071 0.466655421 0.863312445
vn -0.207842691 -0.0980268997 0.973237968
vn 0.24704029 -0.0431272296 0.968045008
vn 0.23919748 -0.40389649 0.882979156
vn 0.576438311 -0.42742492 0.696438663
vn 0.607809551 -0.37252525 0.70127918
vn 0.40389649 -0.41958211 0.812907423
vn 0.10586971 0.113728971 0.987854911
vn 0.0117559896 0.466655421 0.884361077
vn 0.592123931 -0.32546839 0.737197109
vn 0.53722426 -0.40389649 0.740444271
vn -0.0980433506 0.701939722 0.705455972
vn 0.19214062 0.474498231 0.859030506
vn 0.38036806 0.160785831 0.910751369
vn 0.4901674 -0.0352844196 0.870913847
vn -0.152943021 0.694096912 0.703447162
vn -0.176471451 0.803896252 0.567986482
vn -0.0196152505 0.694096912 0.719614285
vn -0.105886161 0.803896252 0.585268261
vn -0.286270791 0.654882862 0.699412233
vn -0.231371121 0.725468152 0.648200097
vn -0.490183851 0.537240711 0.686361574
vn 0.38036806 0.474498231 0.793833463
vn 0.48232459 0.231371121 0.844884841
vn -0.537240711 0.466655421 0.702570378
vn 0.47448178 0.113728971 0.872887599
vn -0.615668812 0.521555091 0.590704834
vn -0.247056741 0.952909642 0.175858411
vn -0.458812611 0.662725672 0.591849366
vn -0.301956411 0.654882862 0.692784789
vn 0.0744984697 0.968595262 0.237219721
vn 0.15292657 0.929381212 0.335952418
vn 0.31762558 0.921538402 0.223340467
vn 0.410842816 0.911706192 -0
vn 0.38036806 0.921538402 -0.0780199481
vn 0.176455 0.968595262 0.175176629
vn 0.0431272296 0.992123692 0.117603663
vn 0.11371252 0.976438072 -0.183407072
vn -0.168628641 0.984280882 0.0524931094
vn -0.325484841 0.945066832 0.0301380349
vn -0.458812611 0.882324352 0.104855737
vn -0.521555091 0.843110302 -0.130940084
vn 0.0431272296 0.992123692 -0.117603663
vn -0.380384511 0.882324352 0.277148627
vn -0.325484841 0.921538402 0.211722913
vn -0.137257401 0.780367822 0.610070872
vn 0.24704029 0.670568482 0.699506259
vn 0.0195987996 0.772525012 0.634681805
vn 0.0509700396 0.968595262 0.243362432
vn 0.41958211 0.780367822 0.463656031
vn 0.545067071 0.529397901 0.650107492
vn 0.607809551 0.576454761 0.54613868
vn 0.4901674 0.811739062 0.317514748
vn 0.43526773 0.898009972 -0.0641879514
vn 0.28625434 0.945066832 -0.157819947
vn 0.34896408 0.9371361 -0
vn 0.560752691 0.364698891 0.743337836
vn 0.38821087 0.921538402 0.00770024491
vn 0.623495171 0.482341041 0.615305527
vn 0.615652361 0.466655421 0.634984164
vn 0.52938145 0.364698891 0.765996083
vn 0.34899682 0.929381212 0.120215565
vn 0.599966741 0.662725672 0.448145729
vn 0.647023601 0.576454761 0.499059484
vn 0.552909881 0.733310962 0.395658562
vn 0.36468244 0.913695592 0.179351841
vn 0.4117393 0.850953112 0.326112787
vn 0.40389649 0.882324352 0.241601662
vn 0.34899682 0.850953112 0.39253028
vn 0.32546839 0.850953112 0.412248867
vn 0.654866411 0.631354432 0.41538123
vn 0.670552031 0.505869471 0.542638049
vn 0.772508561 0.498026661 0.393954271
vn 0.866622281 0.333327651 0.37129301
vn 0.725451701 0.396070131 0.562892779
vn 0.960736001 0.0588293005 0.271155766
vn 0.623495171 0.403912941 0.669408775
vn 0.811722611 0.105886161 0.574364452
vn 0.53722426 0.388227321 0.748778766
vn 0.623495171 0.0902005406 0.776606486
vn 0.772508561 -0.40389649 0.489998111
vn 0.905836331 -0.34899682 0.240128634
vn 0.43526773 0.152943021 0.887214988
vn 0.42742492 -0.49801021 0.754515585
vn 0.670552031 -0.639180791 0.376573885
vn 0.833853989 -0.551985076 -0
vn 0.26272591 -0.733294511 0.627099878
vn 0.0117559896 -0.647023601 0.762379339
vn 0.13724095 -0.45095335 0.881933103
vn 0.31762558 -0.43526773 0.842410822
vn 0.30978277 -0.27841153 -0.909132364
vn 0.14508376 -0.39605368 -0.906692994
vn 0.568595501 -0.4117393 -0.712158624
vn 0.701923271 -0.607809551 -0.37131021
vn 0.36468244 0.913695592 0.179351841
vn 0.46663897 0.850953112 0.241095153
vn 0.230554159 0.973059495 -0
vn -0.168628641 0.984280882 -0.0524931094
vn -0.576454761 -0.42742492 0.696425047
vn -0.537240711 -0.23919748 0.808799718
vn -0.513712281 -0.34899682 0.783773508
vn -0.654882862 -0.42742492 0.623246641
vn -0.356856081 -0.929364761 0.094524484
vn -0.333327651 -0.819565421 0.466052784
vn -0.686254102 -0.662709221 0.299786252
vn -0.725468152 -0.639180791 -0.255232987
vn -0.552926331 -0.552909881 -0.623348326
vn -0.231371121 -0.764665751 -0.601459636
vn 0.568595501 -0.764665751 0.303291026
vn 0.30978277 -0.945050381 -0.104472065
vn 0.37252525 -0.835251041 0.404451031
vn 0.46663897 -0.882307901 -0.0614885272
vn 0.26272591 -0.866622281 0.424194434
vn 0.19998343 -0.882307901 -0.426074401
vn 0.10586971 -0.992107241 0.0671924574
vn 0.30978277 -0.874465091 -0.373290021
vn -0.0431436805 -0.960736001 -0.274089326
vn -0.278427981 -0.897993521 0.340713216
vn -0.176471451 -0.968578811 -0.175251001
vn -0.498026661 -0.866622281 0.0305821282
vn -0.0587306867 -0.998273863 -0
vn -0.0666721106 -0.890150711 0.450762178
vn 0.0901840897 -0.921521951 -0.377709046
vn 0.0588128497 -0.984264431 0.166627063
vn 0.0509700396 -0.874465091 0.482403213
vn 0.15292657 -0.937207571 -0.313457226
vn 0.11371252 -0.992107241 0.0528458572
vn 0.00391317957 -0.882307901 0.470656408
vn 0.18429781 -0.960736001 -0.207414207
vn 0.00391317957 -0.999950051 0.00919684269
vn -0.0431436805 -0.882307901 0.468691146
vn 0.16076938 -0.952893191 -0.257192093
vn 0.14508376 -0.937207571 -0.317163477
vn 0.12939814 -0.937207571 -0.323879746
vn -0.105886161 -0.992107241 0.0671665301
vn 0.10586971 -0.890150711 0.443196701
vn 0.0117559896 -0.960736001 -0.277214957
vn 0.12939814 -0.937207571 -0.323879746
vn 0.0588128497 -0.937207571 -0.343777569
vn 0.223137667 -0.974786942 -0
vn 0.0430893263 -0.999071224 -0
vn 0.0117559896 -0.945050381 -0.32671329
vn 0.25448764 -0.967076027 -0
vn -0.113728971 -0.937207571 -0.329708492
vn -0.137257401 -0.952893191 -0.270471758
vn -0.0196152505 -0.992107241 0.123848552
vn 0.3333112 -0.890150711 0.310701393
vn 0.30193996 -0.929364761 0.212399155
vn -0.0823577306 -0.992107241 0.0945538259
vn -0.160785831 -0.960736001 -0.226128841
vn 0.11371252 -0.992107241 -0.0528458572
vn 0.52153864 -0.850936661 0.062483961
vn 0.20782624 -0.960736001 -0.183833049
vn -0.113728971 -0.937207571 -0.329708492
vn -0.0588293005 -0.921521951 -0.383844248
vn -0.0980433506 -0.937207571 -0.334708037
vn -0.0980433506 -0.945050381 -0.311877024
vn -0.0353008705 -0.937207571 -0.346981004
vn -0.191611676 -0.981470818 -0
vn -0.215685501 -0.976421621 -0.00897676223
vn -0.270585171 -0.945050381 0.183475999
vn -0.317642031 -0.945050381 0.0773519044
vn 0.0352844196 -0.952893191 0.301246703
vn 0.11371252 -0.992107241 0.0528458572
vn 0.38036806 -0.843093851 0.38014852
vn 0.45879616 -0.874465091 0.157533767
vn 0.43526773 -0.866622281 0.243942257
vn 0.0980268997 -0.968578811 0.228573431
vn 0.43526773 -0.890150711 -0.13480992
vn -0.270585171 -0.945050381 0.183475999
vn 0.0117557644 -0.999930899 -0
vn 0.29409715 -0.858779471 -0.419529125
vn -0.317642031 -0.945050381 0.0773519044
vn -0.301956411 -0.952893191 0.0285813224
vn -0.0823577306 -0.968578811 -0.234674861
vn -0.301956411 -0.952893191 -0.0285813224
vn -0.105886161 -0.976421621 0.188119479
vn -0.0196152505 -0.937207571 0.34822006
vn -0.348983906 -0.937128718 -0
vn -0.105886161 -0.945050381 -0.309302276
vn 0.19214062 -0.835251041 -0.515206445
vn -0.301956411 -0.952893191 -0.0285813224
vn -0.0745149206 -0.976421621 0.202603909
vn 0.12155533 -0.992107241 -0.0307818709
vn 0.37252525 -0.874465091 -0.310702015
vn 0.552909881 -0.819565421 -0.150343556
vn 0.3333112 -0.929364761 0.158697147
vn 0.40389649 -0.866622281 -0.292973458
vn 0.0823412797 -0.929364761 0.359862549
vn 0.24704029 -0.968578811 0.0287433734
vn -0.00392963045 -0.897993521 -0.439991129
vn 0.0744984697 -0.929364761 0.361567585
vn -0.0980433506 -0.992107241 -0.0781711147
vn -0.372541701 -0.835251041 -0.404435878
vn -0.0823577306 -0.937207571 0.338908797
vn -0.325484841 -0.945050381 0.0306495554
vn -0.450969801 -0.827408231 -0.334696665
vn -0.0902005406 -0.952893191 0.289583198
vn -0.223528311 -0.921521951 0.317541159
vn -0.372075749 -0.928202369 -0
vn -0.0980433506 -0.874465091 -0.475077158
vn -0.152943021 -0.952893191 0.261921741
vn -0.239213931 -0.937207571 0.253808321
vn 0.0352844196 -0.984264431 -0.173143117
vn 0.176455 -0.780351371 -0.599929472
vn 0.18429781 -0.976421621 0.112406115
vn 0.34115401 -0.890150711 -0.302068954
vn -0.00392963045 -0.827408231 -0.561587195
vn 0.19998343 -0.976421621 0.0812861937
vn 0.23135467 -0.929364761 -0.287673699
vn -0.309799221 -0.890150711 -0.334149898
vn 0.426735973 -0.904376254 -0
vn 0.0742962827 -0.997236212 -0
vn -0.411755751 -0.890150711 -0.19516381
vn 0.38821087 -0.921521951 0.0094664534
vn 0.442504875 -0.896766099 -0
vn 0.0509064958 -0.998703424 -0
vn -0.450969801 -0.890150711 -0.0652529684
vn 0.38036806 -0.913679141 0.143215103
vn 0.34899682 -0.929364761 0.120342678
vn 0.00391317957 -0.999950051 0.00919684269
vn -0.419598561 -0.866622281 0.270005314
vn 0.36468244 -0.921521951 0.133431673
vn 0.34115401 -0.929364761 0.141049927
vn 0.34115401 -0.929364761 0.141049927
vn -0.0588293005 -0.960736001 0.271155766
vn -0.349013271 -0.835251041 0.424906384
vn 0.30193996 -0.929364761 0.212399155
vn -0.00392963045 -0.945050381 0.326901109
vn -0.435284181 -0.882307901 0.179054319
vn -0.880720772 0.473635854 -0
vn 0.592123931 -0.40389649 -0.697321214
vn 0.741137321 -0.41958211 -0.52408618
vn 0.772508561 -0.34115401 -0.535578626
vn 0.639180791 -0.29409715 -0.710601705
vn 0.678394841 -0.38821087 -0.623756972
vn 0.866622281 -0.10586971 -0.48760376
vn 0.701923271 -0.2548831 -0.665085203
vn 0.725451701 0.0353008705 -0.687367208
vn 0.678394841 0.325484841 -0.658665361
vn 0.796036991 0.301956411 -0.524544979
vn 0.890150711 0.286270791 -0.354514803
vn 0.788194181 0.537240711 -0.300203849
vn 0.748980131 -0.27056872 -0.604831655
vn 0.733294511 -0.40389649 -0.546943128
vn 0.709766081 0.498026661 -0.498198309
vn 0.670552031 0.584297571 -0.457117405
vn 0.733294511 0.623511622 -0.271131736
vn 0.717608891 0.0274580605 -0.695904832
vn 0.44311054 -0.10586971 -0.890193605
vn 0.631337981 -0.34899682 -0.692541388
vn 0.51369583 -0.52153864 -0.681259158
vn 0.28625434 -0.41958211 -0.86139962
vn 0.0274416096 -0.39605368 -0.917817215
vn -0.254899551 -0.811722611 -0.525483227
vn 0.568595501 0.584297571 -0.579047066
vn 0.678394841 0.584297571 -0.445395092
vn 0.670552031 0.701939722 -0.240084571
vn 0.552909881 0.262742361 -0.790732013
vn 0.568595501 0.576454761 -0.586855233
vn 0.50585302 0.505869471 -0.6987194
vn 0.44311054 0.615668812 -0.651617191
vn 0.32546839 0.513712281 -0.793832488
vn 0.10586971 -0.38036806 -0.918755541
vn -0.0353008705 -0.576438311 -0.816377806
vn 0.38036806 0.223528311 -0.897415864
vn 0.15292657 -0.0901840897 -0.984113964
vn -0.176471451 -0.12939814 -0.975763265
vn -0.380384511 -0.560752691 -0.735434595
vn -0.498026661 -0.639180791 -0.586018226
vn 0.16076938 0.192157071 -0.968105814
vn -0.498026661 -0.41958211 -0.758894128
vn -0.262742361 -0.51369583 -0.81675152
vn 0.16861219 0.435284181 -0.884362828
vn -0.0666721106 0.137257401 -0.988289045
vn 0.31762558 0.631354432 -0.707464185
vn 0.4117393 0.639197242 -0.649536477
vn 0.27056872 0.725468152 -0.63284163
vn 0.20782624 0.599983191 -0.772546713
vn -0.0274580605 0.372541701 -0.92760915
vn -0.286270791 0.113728971 -0.951375192
vn -0.427441371 -0.0901840897 -0.899533604
vn -0.294113601 -0.34115401 -0.892810804
vn -0.372541701 0.0588293005 -0.926148905
vn -0.199999881 -0.32546839 -0.92415928
vn -0.137257401 -0.41958211 -0.897279922
vn -0.270585171 0.270585171 -0.923887077
vn -0.356856081 -0.0274416096 -0.933756229
vn -0.435284181 -0.3333112 -0.836320109
vn -0.380384511 -0.45879616 -0.803002931
vn -0.599983191 -0.584281121 -0.546475747
vn -0.592140381 0.0117724405 -0.805748831
vn -0.709782532 -0.38821087 -0.587793397
vn -0.592140381 -0.756822941 -0.276746824
vn -0.796053442 -0.48232459 -0.365598013
vn -0.498026661 -0.866622281 -0.0305821282
vn -0.811739062 0.0274580605 -0.583374451
vn -0.811739062 -0.576438311 -0.0938006906
vn -0.435284181 -0.858779471 0.270232311
vn -0.921538402 -0.0117559896 -0.388109225
vn -0.764682202 -0.599966741 0.235161733
vn -0.372541701 -0.827408231 0.420247903
vn -0.984280882 -0.0666556597 -0.163548672
vn -0.898009972 0.231371121 -0.374226528
vn -0.788210632 0.286270791 -0.54476879
vn -0.827424682 0.419598561 -0.373236444
vn -0.662725672 -0.615652361 0.426341242
vn -0.450969801 -0.874465091 0.178709381
vn -0.984280882 -0.12155533 0.12812278
vn -0.968595262 0.176471451 -0.175160056
vn -0.639197242 0.309799221 -0.703883036
vn -0.733310962 0.450969801 -0.508803766
vn -0.458812611 0.278427981 -0.843782464
vn -0.639197242 0.482341041 -0.598977467
vn -0.356856081 0.294113601 -0.886651525
vn -0.521555091 0.474498231 -0.709106279
vn -0.615668812 0.592140381 -0.51992469
vn -0.207842691 0.396070131 -0.894387985
vn -0.380384511 0.450969801 -0.807424214
vn 0.0352844196 0.521555091 -0.85248771
vn -0.670568482 0.584297571 -0.457093272
vn -0.592140381 0.701939722 -0.395790849
vn -0.545083521 0.592140381 -0.593509666
vn -0.152943021 0.505869471 -0.848943173
vn 0.21566905 0.756839392 -0.616993514
vn 0.11371252 0.717625342 -0.687083206
vn -0.192157071 0.639197242 -0.744649278
vn -0.403912941 0.623511622 -0.669393452
vn -0.537240711 0.709782532 -0.455610772
vn -0.286270791 0.811739062 -0.509046884
vn 0.0823412797 0.835267492 -0.543643386
vn 0.27841153 0.952909642 -0.120209126
vn 0.12939814 0.984280882 -0.120196782
vn 0.27841153 0.945066832 -0.171276685
vn -0.388227321 0.905852782 -0.169441094
vn 0.32546839 0.937224022 0.125225634
vn 0.0666556597 0.984280882 0.163548672
vn 0.332605549 0.943066036 -0
vn -0.0196152505 0.984280882 -0.175517483
vn -0.0196152505 0.992123692 0.123716698
vn -0.0274580605 0.984280882 -0.174462603
vn -0.247056741 0.968595262 -0.02803899
vn -0.184314261 0.937224022 -0.2960395
vn -0.215685501 0.952909642 -0.213173588
vn 0.0980268997 0.952909642 -0.286973763
vn -0.482341041 0.874481542 -0.0512752635
vn -0.396070131 0.882324352 0.254228616
vn -0.278427981 0.866638732 0.414023149
vn -0.270585171 0.929381212 0.251066182
vn 0.20782624 0.796053442 -0.568425168
vn -0.301956411 0.952909642 0.0280274839
vn 0.34899682 0.725468152 -0.593209221
vn -0.584297571 0.725468152 -0.363720097
vn -0.278349022 0.960479995 -0
vn -0.0980433506 0.992123692 0.0779620473
vn -0.733310962 0.592140381 -0.334102981
vn -0.309799221 0.937224022 -0.160111134
vn -0.0902005406 0.992123692 -0.0869162925
vn -0.623511622 0.725468152 -0.29142618
vn -0.349013271 0.929381212 -0.120167796
vn -0.647040052 0.748996582 -0.142629913
vn -0.772525012 0.615668812 -0.15542529
vn -0.623511622 0.772525012 -0.120159744
vn -0.215685501 0.976438072 -0.0069610341
vn 0.0509700396 0.992123692 -0.11442305
vn -0.772525012 0.631354432 -0.0677988785
vn 0.254483597 0.96707709 -0
vn 0.0274416096 0.968595262 -0.247123807
vn -0.898009972 0.403912941 -0.174448921
vn 0.00391317957 0.968595262 -0.248611957
vn -0.0117724405 0.937224022 -0.348529112
vn 0.0588128497 0.945066832 -0.321542737
vn -0.223528311 0.960752452 0.164285788
vn -0.990565266 0.137041797 -0
vn -0.913695592 0.396070131 -0.0910429366
vn -0.913695592 -0.20782624 0.349240059
vn -0.960752452 0.0588293005 0.271097472
vn -0.905852782 0.388227321 0.169441094
vn -0.701939722 -0.654866411 0.280054658
vn -0.890167162 -0.29409715 0.348007601
vn -0.764682202 -0.639180791 0.0819087731
vn -0.490183851 -0.866622281 -0.0931966409
vn -0.756205418 0.654334292 -0
vn -0.945066832 -0.0117559896 0.3266657
vn -0.898009972 -0.30978277 0.312430353
vn -0.709782532 -0.662709221 0.238799595
vn -0.270585171 -0.960736001 -0.0614003355
vn -0.788210632 -0.30193996 0.536242725
vn -0.513712281 -0.725451701 0.458060609
vn -0.333327651 -0.654866411 0.678264448
vn -0.270585171 -0.4117393 0.870203662
vn -0.913695592 -0.0823412797 0.397970198
vn -0.827424682 0.466655421 0.312411769
vn -0.505869471 -0.38821087 0.770317076
vn -0.788210632 -0.15292657 0.596101891
vn -0.639197242 0.309799221 0.703883036
vn -0.803896252 0.333327651 0.492588564
vn -0.286270791 -0.31762558 0.903970699
vn -0.0745149206 -0.42742492 0.90097473
vn -0.529397901 -0.23919748 0.813954807
vn -0.0902005406 -0.31762558 0.943916232
vn 0.00391317957 -0.43526773 0.900292558
vn -0.505869471 0.0509864905 0.861101885
vn -0.286270791 -0.0588128497 0.956342032
vn -0.443126991 0.725468152 0.526625513
vn -0.349013271 0.356856081 0.866512247
vn -0.00392963045 -0.31762558 0.948208073
vn -0.121571781 -0.0117559896 0.992513022
vn -0.247056741 0.333327651 0.909865728
vn 0.0823412797 -0.31762558 0.94463427
vn 0.0588128497 -0.47448178 0.878298405
vn 0.23135467 -0.34899682 0.908116863
vn 0.2548831 -0.560752691 0.787775999
vn 0.4117393 0.0274580605 0.91088792
vn 0.13724095 -0.00391317957 0.990529964
vn 0.46663897 -0.38036806 0.798478685
vn 0.647023601 -0.34115401 0.681890315
vn 0.811722611 0.0588293005 0.581072729
vn -0.00392963045 0.00392963045 0.999984558
vn -0.145100211 0.325484841 0.934347659
vn 0.647023601 -0.10586971 0.755084144
vn -0.254899551 0.560769141 0.787758966
vn 0.717608891 0.129414591 0.684316698
vn -0.356856081 0.568611951 0.741170821
vn -0.364698891 0.717625342 0.593303116
vn -0.247056741 0.843110302 0.477627455
vn -0.411755751 0.803896252 0.429194615
vn -0.325484841 0.701939722 0.633514203
vn -0.662725672 0.725468152 0.185716572
vn -0.372541701 0.874481542 0.310635983
vn -0.639197242 0.764682202 -0.0817802951
vn -0.599983191 0.796053442 0.0794926894
vn -0.442511567 0.896762796 -0
vn -0.364698891 0.921538402 0.133272999
vn -0.396070131 0.905852782 -0.150197165
vn -0.184314261 0.913695592 0.362199694
vn 0.0980268997 0.945066832 0.311832342
vn 0.0901840897 0.968595262 0.231711131
vn 0.332605549 0.943066036 -0
vn 0.0352844196 0.976438072 0.212893638
vn -0.278427981 0.811739062 0.513378569
vn -0.0274580605 0.992123692 0.122215524
vn 0.23135467 0.921538402 -0.31183648
vn -0.270585171 0.654882862 0.70562887
vn -0.262742361 0.772525012 0.578075737
vn -0.121571781 0.992123692 0.0301808146
vn 0.0823412797 0.882324352 -0.463382835
vn -0.0431436805 0.874481542 -0.48313627
vn -0.129346213 0.991599494 -0
vn 0.00391317957 0.882324352 -0.470625568
vn -0.160785831 0.521555091 0.837930906
vn -0.168628641 0.623511622 0.763411841
vn -0.176471451 0.756839392 0.629326594
vn 0.00391317957 0.999966502 0.00718898632
vn -0.0117724405 0.309799221 0.950729116
vn -0.0117724405 0.513712281 0.857881753
vn -0.0117724405 0.631354432 0.77540505
vn 0.15292657 0.286270791 0.945866005
vn 0.16076938 0.505869471 0.847495891
vn 0.34899682 0.262742361 0.899537476
vn 0.12155533 0.992123692 0.0302470036
vn 0.0274416096 0.874481542 -0.484281933
vn -0.00392963045 0.772525012 0.634972176
vn 0.16861219 0.764682202 0.621957442
vn 0.16076938 0.631354432 0.758646682
vn 0.3333112 0.490183851 0.805371613
vn 0.0901840897 0.992123692 0.0869333618
vn -0.113728971 0.890167162 -0.441212131
vn 0.27056872 0.764682202 0.58485357
vn 0.30193996 0.631354432 0.714299547
vn 0.50585302 0.458812611 0.730481834
vn 0.00391317957 0.992123692 0.125200904
vn -0.286270791 0.921538402 -0.262328054
vn 0.44311054 0.615668812 0.651617191
vn 0.662709221 0.419598561 0.620285044
vn 0.584281121 0.223528311 0.780160667
vn 0.36468244 0.741153772 0.563646879
vn 0.53722426 0.662725672 0.52171331
vn -0.0274580605 0.968595262 0.24712198
vn -0.356856081 0.929381212 0.0943625989
vn 0.592123931 0.568611951 0.57102513
vn -0.0666721106 0.937224022 0.342295139
vn -0.129414591 0.960752452 0.245370311
vn 0.36468244 0.913695592 0.179351841
vn 0.45879616 0.764682202 0.452512114
vn 0.694080461 0.560769141 0.451431372
vn 0.599966741 0.686254102 0.41121189
vn 0.733294511 0.490183851 0.471167648
vn 0.45095335 0.866638732 0.213490946
vn 0.756822941 0.568611951 0.32233443
vn 0.780351371 0.529397901 0.332850717
vn 0.694080461 0.662725672 0.28115298
vn 0.701923271 0.694096912 0.159791111
vn 0.631337981 0.772525012 0.0679518972
vn 0.725451701 0.686254102 0.0526795762
vn 0.788194181 0.584297571 0.193251859
vn 0.20782624 0.952909642 -0.220842632
vn 0.0744984697 0.976438072 -0.202530663
vn -0.192157071 0.952909642 -0.234603653
vn 0.16861219 0.976438072 -0.134679697
vn 0.12155533 0.992123692 0.0302470036
vn -0.286270791 0.952909642 0.100061222
vn 0.14508376 0.984280882 0.100706741
vn -0.0902005406 0.937224022 0.336860498
vn 0.670552031 0.701939722 -0.240084571
vn 0.670552031 0.733310962 -0.11231655
vn 0.733294511 0.623511622 -0.271131736
vn 0.764665751 0.631354432 -0.129142832
vn 0.788194181 0.537240711 -0.300203849
vn 0.788076706 0.61557705 -0
vn 0.835251041 0.529397901 -0.148639028
vn 0.811722611 0.537240711 0.229082563
vn 0.945050381 0.278427981 -0.171340703
vn 0.890150711 0.286270791 -0.354514803
vn 0.843093851 0.529397901 0.0945019597
vn 0.803879801 0.474498231 0.358648427
vn 0.976421621 -0.0588128497 -0.207706202
vn 0.866622281 -0.10586971 -0.48760376
vn 0.772508561 -0.34115401 -0.535578626
vn 0.984264431 -0.0823412797 0.156343989
vn 0.958359995 0.285562812 -0
vn 0.913679141 -0.34115401 -0.220917107
vn 0.741137321 -0.41958211 -0.52408618
vn 0.858779471 -0.46663897 -0.211532247
vn 0.929364761 -0.36468244 0.0573398507
vn 0.819565421 -0.552909881 0.150343556
vn 0.827408231 -0.42742492 0.364284994
vn 0.788194181 -0.43526773 0.435076931
vn 0.843093851 -0.31762558 0.433943256
vn 0.921521951 0.309799221 0.23414042
vn 0.796036991 -0.42742492 0.428524266
vn 0.811722611 -0.38036806 0.44320034
vn 0.843093851 0.474498231 0.25306953
vn 0.858779471 0.333327651 0.389089318
vn 0.921521951 0.0980433506 0.375745652
vn 0.827408231 -0.36468244 0.427085866
vn 0.803879801 0.325484841 0.497832184
vn 0.835251041 0.0431436805 0.548173623
vn 0.850936661 -0.36468244 0.378039041
vn 0.733294511 0.121571781 0.668954006
vn 0.803879801 0.0745149206 0.590105747
vn 0.882307901 -0.12155533 0.454705476
vn 0.639180791 0.105886161 0.761732261
vn 0.890150711 0.0666721106 0.450762178
vn 0.827408231 0.239213931 0.508106598
vn 0.819565421 0.349013271 0.454425194
vn 0.772508561 0.168628641 0.612204953
vn -0.545083521 -0.835251041 -0.0723854487
vn -0.0823577306 -0.992107241 0.0945538259
vn -0.435284181 -0.882307901 0.179054319
vn -0.215685501 -0.945050381 -0.24568179
vn -0.498026661 -0.866622281 0.0305821282
vn 0.223137667 -0.974786942 -0
vn -0.176471451 -0.968578811 -0.175251001
vn 0.0588128497 -0.937207571 -0.343777569
vn 0.0901840897 -0.921521951 -0.377709046
vn 0.552909881 -0.827408231 -0.0984189173
vn 0.20782624 -0.960736001 -0.183833049
vn 0.52153864 -0.850936661 0.062483961
vn 0.23919748 -0.937207571 -0.253823825
vn 0.45879616 -0.874465091 0.157533767
vn -0.0588293005 -0.921521951 -0.383844248
vn 0.11371252 -0.992107241 0.0528458572
vn -0.0353008705 -0.937207571 -0.346981004
vn -0.191611676 -0.981470818 -0
vn -0.0196152505 0.396070131 0.918010726
vn 0.16076938 0.380384511 0.910747402
vn -0.0588293005 -0.19998343 0.978031565
vn 0.0352844196 -0.16861219 0.985050729
vn -0.184314261 0.380384511 0.906275828
vn 0.0823412797 -0.13724095 0.987109333
vn 0.16076938 0.380384511 0.910747402
vn 0.11371252 -0.2548831 0.9602625
vn -0.0588293005 -0.19998343 0.978031565
vn 0.34115401 0.356856081 0.869636521
vn 0.48232459 -0.3333112 0.810102854
vn 0.52153864 0.356856081 0.775016893
vn 0.835251041 -0.32546839 0.443199758
vn 0.662709221 0.356856081 0.658384558
vn 0.44311054 0.419598561 0.792205842
vn 0.584281121 0.419598561 0.694660075
vn 0.30193996 0.427441371 0.852130351
vn 0.560752691 0.419598561 0.713788111
vn 0.53722426 0.419598561 0.731660537
vn 0.34115401 0.419598561 0.841160501
vn 0.23135467 0.427441371 0.873938723
vn -0.0117724405 0.435284181 0.900216136
vn -0.0196152505 0.396070131 0.918010726
vn -0.239213931 0.419598561 0.875621918
vn -0.184314261 0.380384511 0.906275828
vn -0.301956411 0.419598561 0.856013653
vn -0.0117724405 0.411755751 0.911218202
vn -0.0117724405 0.403912941 0.914721677
vn 0.26272591 0.411755751 0.872600881
vn 0.22351186 0.474498231 0.851406998
vn 0.45879616 0.545083521 0.701705093
vn 0.0195956928 0.999807986 -0
vn -0.341170461 0.411755751 0.845020661
vn -0.0117724405 0.513712281 0.857881753
vn -0.247056741 0.482341041 0.840422564
vn -0.458812611 0.560769141 0.689223445
vn -0.545083521 0.419598561 0.72582436
vn -0.270585171 0.403912941 0.873863835
vn -0.552926331 0.411755751 0.72438227
vn -0.568611951 0.411755751 0.712135977
vn -0.349013271 0.356856081 0.866512247
vn 0.0823412797 -0.13724095 0.987109333
vn -0.207842691 -0.18429781 0.960643395
vn -0.427441371 0.411755751 0.804829843
vn -0.513712281 0.356856081 0.780226524
vn -0.654882862 -0.24704029 0.714212526
vn -0.647040052 0.356856081 0.673789959
vn -0.905852782 -0.26272591 0.332273733
vn -0.686254102 0.356856081 -0.633805211
vn -0.709782532 -0.20782624 -0.673065384
vn -0.341170461 -0.23919748 -0.909058459
vn -0.788210632 0.356856081 -0.501375844
vn -0.913695592 -0.176455 -0.366092882
vn -0.717625342 0.403912941 -0.567334297
vn -0.866638732 0.356856081 -0.348699076
vn -0.976438072 -0.20782624 0.0581114899
vn -0.811739062 0.403912941 -0.421822275
vn -0.843110302 0.403912941 -0.354992049
vn -0.725468152 0.403912941 -0.557270398
vn -0.717625342 0.411755751 -0.561668114
vn -0.913695592 0.356856081 -0.194458485
vn -0.874481542 -0.23919748 0.421979381
vn -0.843110302 0.403912941 -0.354992049
vn -0.934547976 0.355837154 -0
vn -0.780367822 -0.21566905 0.586952233
vn -0.913695592 0.349013271 0.208206872
vn -0.874481542 0.403912941 -0.268582145
vn -0.905852782 0.403912941 -0.127612982
vn -0.905852782 0.396070131 0.150197165
vn -0.866638732 0.349013271 0.356548797
vn -0.850953112 0.396070131 0.344974278
vn -0.796053442 0.349013271 0.49445794
vn -0.898009972 0.403912941 0.174448921
vn -0.905852782 0.403912941 -0.127612982
vn -0.843110302 0.403912941 0.354992049
vn -0.905852782 0.411755751 -0.0994381148
vn -0.882324352 0.427441371 0.196971095
vn -0.835267492 0.419598561 0.355338239
vn -0.850953112 0.403912941 -0.335757557
vn -0.803896252 0.498026661 -0.325146522
vn -0.654882862 0.576454761 -0.488700671
vn 0.0195956928 0.999807986 -0
vn -0.835267492 0.513712281 0.196030378
vn -0.811739062 0.568611951 -0.133267191
vn -0.725468152 0.615668812 0.307648948
vn -0.725468152 0.513712281 0.458034554
vn -0.458812611 0.560769141 0.689223445
vn -0.545083521 0.419598561 0.72582436
vn -0.756839392 0.427441371 0.494457288
vn -0.756839392 0.411755751 0.507593673
vn -0.552926331 0.411755751 0.72438227
vn -0.748996582 0.403912941 0.525222292
vn -0.568611951 0.411755751 0.712135977
vn -0.647040052 0.356856081 0.673789959
vn -0.905852782 -0.26272591 0.332273733
vn -0.960752452 -0.22351186 0.164308168
vn -0.850953112 -0.50585302 0.141391382
vn -0.880727621 -0.473623117 -0
vn -0.898009972 -0.19214062 0.395803073
vn -0.780367822 -0.50585302 0.367612275
vn -0.777434041 -0.628964475 -0
vn -0.780367822 -0.607809551 -0.146947653
vn -0.647040052 -0.694080461 0.315581187
vn 0.05871432 -0.998274826 -0
vn -0.192157071 -0.843093851 -0.502263296
vn 0.24704029 -0.968578811 -0.0287433734
vn -0.121571781 -0.858779471 -0.497712891
vn 0.0117559896 -0.850936661 -0.52513674
vn 0.0980268997 -0.835251041 -0.541060464
vn -0.0902005406 -0.984264431 -0.151945358
vn -0.278427981 -0.945050381 -0.171340703
vn -0.105886161 -0.858779471 -0.501284292
vn 0.0980268997 -0.874465091 -0.475080553
vn -0.207842691 -0.858779471 -0.468293963
vn -0.00392963045 -0.921521951 -0.388306389
vn 0.701923271 -0.686237651 0.190739636
vn 0.772508561 -0.631337981 -0.0681386637
vn 0.678394841 -0.717608891 0.157537043
vn 0.764665751 -0.576438311 0.288106167
vn 0.866622281 -0.49801021 0.0308488614
vn 0.835251041 -0.49801021 0.233112695
vn 0.835251041 -0.32546839 0.443199758
vn 0.952893191 -0.24704029 0.175970626
vn 0.937207571 -0.16861219 0.305306236
vn 0.662709221 0.356856081 0.658384558
vn 0.796036991 0.364698891 0.483031912
vn 0.584281121 0.419598561 0.694660075
vn 0.764665751 0.411755751 0.495725217
vn 0.874465091 0.380384511 0.301028949
vn 0.780351371 0.419598561 0.463668832
vn 0.560752691 0.419598561 0.713788111
vn 0.874465091 0.411755751 0.256452736
vn 0.913679141 0.380384511 0.143171403
vn 0.796036991 0.427441371 0.428507857
vn 0.890150711 0.411755751 0.19516381
vn 0.53722426 0.419598561 0.731660537
vn 0.890150711 0.411755751 0.19516381
vn 0.905836331 0.419598561 0.0582888381
vn 0.905836331 0.419598561 0.0582888381
vn 0.772508561 0.490183851 0.403671048
vn 0.45879616 0.545083521 0.701705093
vn 0.0195956928 0.999807986 -0
vn 0.835251041 0.521555091 0.174172286
vn 0.880717088 0.473642704 -0
vn 0.911697273 0.410862609 -0
vn 0.882307901 0.419598561 -0.213236524
vn 0.827408231 0.537240711 -0.163609405
vn 0.725451701 0.498026661 -0.475067652
vn 0.576438311 0.592140381 -0.563106245
vn 0.639180791 0.427441371 -0.639329173
vn 0.756822941 0.427441371 -0.494482467
vn 0.647023601 0.411755751 -0.641730209
vn 0.772508561 0.419598561 -0.476620993
vn 0.647023601 0.403912941 -0.646695288
vn 0.882307901 0.419598561 -0.213236524
vn 0.772508561 0.411755751 -0.483412582
vn 0.662709221 0.356856081 -0.658384558
vn 0.874465091 0.411755751 -0.256452736
vn 0.772508561 0.356856081 -0.525246857
vn 0.701923271 -0.23919748 -0.670886196
vn 0.607809551 -0.27056872 -0.746565548
vn 0.874465091 0.356856081 -0.328579582
vn 0.764665751 -0.29409715 -0.573404879
vn 0.905836331 0.411755751 -0.0995878636
vn 0.921521951 0.364698891 -0.133386702
vn 0.952893191 -0.23919748 -0.18649164
vn 0.911697273 0.410862609 -0
vn 0.929364761 0.364698891 0.0572351248
vn 0.968578811 -0.14508376 0.202004428
vn 0.913679141 -0.12155533 0.387833378
vn 0.913679141 -0.12155533 0.387833378
vn 0.874465091 0.380384511 0.301028949
vn 0.913679141 0.380384511 0.143171403
vn 0.937207571 -0.16861219 0.305306236
vn 0.796036991 0.364698891 0.483031912
vn 0.952893191 -0.24704029 0.175970626
vn 0.48232459 -0.3333112 0.810102854
vn 0.835251041 -0.32546839 0.443199758
vn 0.764665751 -0.576438311 0.288106167
vn 0.38821087 -0.607809551 0.692719186
vn 0.11371252 -0.2548831 0.9602625
vn 0.678394841 -0.717608891 0.157537043
vn -0.0117724405 -0.53722426 0.843357281
vn -0.0588293005 -0.19998343 0.978031565
vn 0.29409715 -0.764665751 0.573404879
vn -0.168628641 -0.49801021 0.850617547
vn 0.0352844196 -0.16861219 0.985050729
vn -0.176471451 -0.960736001 -0.214112501
vn -0.00392963045 -0.921521951 -0.388306389
vn -0.105886161 -0.694080461 0.712067718
vn 0.0744984697 -0.49801021 0.863965166
vn 0.0823412797 -0.13724095 0.987109333
vn -0.325484841 -0.866622281 -0.378187044
vn -0.207842691 -0.858779471 -0.468293963
vn -0.364698891 -0.929364761 -0.0572351248
vn -0.239213931 -0.662709221 0.709642998
vn 0.23919748 -0.44311054 0.863966212
vn -0.207842691 -0.18429781 0.960643395
vn -0.403912941 -0.858779471 -0.31520177
vn -0.325484841 -0.945050381 -0.0306495554
vn -0.309799221 -0.905836331 -0.288937682
vn 0.0901840897 -0.694080461 0.714226255
vn -0.0980433506 -0.50585302 0.857029885
vn -0.654882862 -0.24704029 0.714212526
vn -0.270585171 -0.897993521 -0.346974497
vn 0.0901840897 -0.992107241 -0.087120903
vn 0.0274416096 -0.952893191 -0.30206212
vn 0.32546839 -0.615652361 0.717664614
vn -0.623511622 -0.552909881 0.552742184
vn -0.905852782 -0.26272591 0.332273733
vn -0.850953112 -0.50585302 0.141391382
vn 0.4117393 -0.897993521 -0.155172113
vn 0.32546839 -0.874465091 -0.359695888
vn -0.0274580605 -0.937207571 -0.34768955
vn -0.00392963045 -0.694080461 0.719886708
vn -0.560769141 -0.717608891 0.413007808
vn -0.777434041 -0.628964475 -0
vn -0.121571781 -0.858779471 -0.497712891
vn 0.0352844196 -0.921521951 -0.386719929
vn 0.0980268997 -0.835251041 -0.541060464
vn 0.30978277 -0.929364761 -0.200787888
vn 0.35683963 -0.835251041 -0.418355324
vn 0.23135467 -0.850936661 -0.471573765
vn 0.21566905 -0.890150711 -0.40139578
vn 0.10586971 -0.897993521 -0.427082241
vn -0.0117722127 -0.999930705 -0
vn 0.0195987996 -0.874465091 -0.484692368
vn 0.0117559896 -0.850936661 -0.52513674
vn 0.24704029 -0.968578811 -0.0287433734
vn -0.192157071 -0.897993521 -0.395832409
vn 0.191595874 -0.981473902 -0
vn 0.36468244 -0.850936661 0.378039041
vn -0.113728971 -0.874465091 -0.471568156
vn -0.105886161 -0.858779471 -0.501284292
vn -0.278427981 -0.945050381 -0.171340703
vn 0.38036806 -0.827408231 0.413177635
vn 0.05871432 -0.998274826 -0
vn 0.22351186 -0.819565421 0.527593564
vn -0.647040052 -0.694080461 0.315581187
vn 0.42742492 -0.819565421 0.381602487
vn 0.4117393 -0.866622281 0.281844941
vn -0.239213931 -0.960736001 -0.140581049
vn -0.388227321 -0.897993521 0.207092209
vn -0.435284181 -0.584281121 0.684940329
vn 0.26272591 -0.843093851 0.469220475
vn -0.592140381 -0.45879616 0.662477058
vn -0.780367822 -0.50585302 0.367612275
vn -0.780367822 -0.21566905 0.586952233
vn -0.898009972 -0.19214062 0.395803073
vn -0.874481542 -0.23919748 0.421979381
vn -0.694096912 -0.48232459 0.53440852
vn -0.976438072 -0.20782624 0.0581114899
vn -0.545083521 -0.607809551 0.5774526
vn -0.843110302 -0.52153864 0.131005593
vn -0.913695592 -0.176455 -0.366092882
vn -0.701939722 -0.686237651 0.190679086
vn -0.796053442 -0.51369583 -0.320024236
vn -0.709782532 -0.20782624 -0.673065384
vn 0.27056872 -0.905836331 0.325964889
vn -0.545083521 -0.52153864 -0.656415571
vn -0.341170461 -0.23919748 -0.909058459
vn -0.662725672 -0.701923271 -0.260956713
vn 0.45879616 -0.843093851 0.280533138
vn -0.145100211 -0.48232459 -0.863891728
vn -0.168628641 -0.20782624 -0.963520957
vn -0.396070131 -0.686237651 -0.610087156
vn 0.27841153 -0.952893191 0.120339462
vn 0.47448178 -0.858779471 0.193299923
vn 0.0195987996 -0.45879616 -0.888325374
vn -0.372541701 -0.12939814 -0.918949837
vn -0.00392963045 -0.607809551 -0.794073113
vn 0.410848964 -0.911703421 -0
vn 0.47448178 -0.850936661 0.225330511
vn 0.51369583 -0.843093851 0.159089133
vn 0.48232459 -0.866622281 0.127784238
vn 0.504111436 -0.863638617 -0
vn 0.0823412797 -0.976421621 0.199551325
vn 0.560752691 -0.827408231 0.0308551344
vn 0.50585302 -0.850936661 -0.141490355
vn 0.542925287 -0.839781003 -0
vn 0.0588128497 -0.960736001 0.271159334
vn 0.51369583 -0.835251041 -0.19614355
vn 0.13724095 -0.592123931 -0.794074412
vn -0.341170461 -0.858779471 0.382230999
vn -0.0196152505 -0.992107241 0.123848552
vn -0.364698891 -0.46663897 -0.805756036
vn -0.505869471 -0.0823412797 -0.858671061
vn -0.325484841 -0.670552031 -0.666648027
vn -0.639197242 -0.38036806 -0.668391371
vn -0.294113601 -0.14508376 -0.944694603
vn -0.372541701 -0.827408231 0.420247903
vn -0.498026661 -0.827408231 0.259547807
vn -0.678411292 -0.545067071 -0.492605327
vn -0.403912941 -0.44311054 -0.800317053
vn 0.21566905 -0.2548831 -0.942614166
vn -0.231371121 -0.850936661 0.471565694
vn -0.325484841 -0.890150711 0.31889078
vn 0.20782624 -0.568595501 -0.795931788
vn 0.623495171 -0.29409715 -0.724403643
vn -0.450969801 -0.623495171 -0.638654845
vn -0.168628641 -0.890150711 0.423315595
vn 0.631337981 -0.560752691 -0.535694665
vn 0.772508561 -0.26272591 -0.578105198
vn -0.0353008705 -0.858779471 0.51112784
vn 0.19214062 -0.748980131 -0.634122027
vn -0.0509864905 -0.945050381 0.322924379
vn 0.756822941 -0.52153864 -0.393975231
vn 0.701923271 -0.23919748 -0.670886196
vn -0.0274580605 -0.897993521 0.439151103
vn 0.0980268997 -0.850936661 0.516040237
vn 0.607809551 -0.694080461 -0.385771777
vn 0.24704029 -0.913679141 0.322740642
vn 0.607809551 -0.545067071 -0.577468128
vn 0.607809551 -0.27056872 -0.746565548
vn 0.0666556597 -0.897993521 0.434930637
vn 0.24704029 -0.913679141 0.322740642
vn 0.701923271 -0.662709221 -0.260998488
vn 0.43526773 -0.53722426 -0.722448681
vn 0.764665751 -0.29409715 -0.573404879
vn -0.199999881 -0.952893191 0.228023275
vn -0.160785831 -0.960736001 0.226128841
vn -0.0274490854 -0.999623203 -0
vn 0.51369583 -0.717608891 -0.470270213
vn 0.592123931 -0.568595501 -0.571041511
vn 0.952893191 -0.23919748 -0.18649164
vn -0.410862609 -0.911697273 -0
vn -0.403912941 -0.913679141 0.0452190556
vn -0.278427981 -0.937207571 -0.210047204
vn 0.29409715 -0.678394841 -0.673266148
vn 0.819565421 -0.552909881 -0.150343556
vn 0.968578811 -0.14508376 0.202004428
vn -0.498026661 -0.866622281 -0.0305821282
vn -0.388227321 -0.913679141 0.120291206
vn -0.294113601 -0.937207571 -0.187454416
vn 0.44311054 -0.709766081 -0.547617713
vn -0.482341041 -0.874465091 0.0515550614
vn 0.835251041 -0.46663897 0.290867272
vn 0.913679141 -0.12155533 0.387833378
vn -0.458812611 -0.874465091 0.157485848
vn -0.294113601 -0.952893191 0.074106382
vn 0.670552031 -0.725451701 -0.155176686
vn 0.756822941 -0.44311054 0.480491504
vn 0.937207571 -0.16861219 0.305306236
vn 0.835251041 -0.49801021 0.233112695
vn -0.411755751 -0.882307901 0.22801309
vn -0.294113601 -0.921521951 0.253563568
vn 0.686237651 -0.647023601 0.332322655
vn 0.592123931 -0.623495171 0.510532098
vn 0.701923271 -0.686237651 0.190739636
vn -0.0902005406 -0.984264431 -0.151945358
vn -0.254899551 -0.913679141 0.316570128
vn -0.309799221 0.372541701 -0.874778328
vn -0.490183851 0.349013271 -0.798692387
vn -0.168628641 -0.20782624 -0.963520957
vn -0.372541701 -0.12939814 -0.918949837
vn -0.176471451 0.372541701 -0.911082053
vn -0.505869471 -0.0823412797 -0.858671061
vn -0.490183851 0.349013271 -0.798692387
vn -0.341170461 -0.23919748 -0.909058459
vn -0.168628641 -0.20782624 -0.963520957
vn -0.686254102 0.356856081 -0.633805211
vn -0.505869471 0.403912941 -0.762201033
vn -0.717625342 0.403912941 -0.567334297
vn -0.725468152 0.403912941 -0.557270398
vn -0.247056741 0.403912941 -0.880804918
vn -0.309799221 0.372541701 -0.874778328
vn -0.466655421 0.411755751 -0.782745118
vn -0.717625342 0.411755751 -0.561668114
vn -0.0902005406 0.411755751 -0.906819201
vn -0.176471451 0.372541701 -0.911082053
vn -0.0117724405 0.411755751 -0.911218202
vn -0.215685501 0.403912941 -0.889007368
vn -0.00392963045 0.411755751 -0.911285773
vn -0.419598561 0.419598561 -0.804906265
vn -0.0274580605 0.356856081 -0.933755746
vn -0.505869471 -0.0823412797 -0.858671061
vn -0.294113601 -0.14508376 -0.944694603
vn -0.388227321 0.505869471 -0.770308786
vn -0.654882862 0.576454761 -0.488700671
vn 0.0195956928 0.999807986 -0
vn -0.199999881 0.411755751 -0.889076627
vn 0.0901840897 0.411755751 -0.906820838
vn 0.176455 0.356856081 -0.917342559
vn 0.21566905 -0.2548831 -0.942614166
vn 0.26272591 0.411755751 -0.872600881
vn 0.34115401 0.356856081 -0.869636521
vn 0.623495171 -0.29409715 -0.724403643
vn 0.52938145 0.356856081 -0.769681114
vn 0.772508561 -0.26272591 -0.578105198
vn 0.4901674 0.403912941 -0.772392553
vn 0.662709221 0.356856081 -0.658384558
vn 0.701923271 -0.23919748 -0.670886196
vn 0.647023601 0.403912941 -0.646695288
vn 0.23135467 0.411755751 -0.881437586
vn 0.19998343 0.419598561 -0.885405938
vn 0.4901674 0.411755751 -0.768240276
vn 0.647023601 0.411755751 -0.641730209
vn 0.4901674 0.427441371 -0.759624772
vn 0.639180791 0.427441371 -0.639329173
vn 0.46663897 0.505869471 -0.725495796
vn 0.576438311 0.592140381 -0.563106245
vn -0.0431436805 0.403912941 -0.913779491
vn 0.12939814 0.552926331 -0.823121251
vn -0.0666721106 0.490183851 -0.869065372
vn -0.160785831 0.552926331 -0.817569807
vn -0.913695592 0.349013271 0.208206872
vn -0.898009972 -0.19214062 0.395803073
vn -0.780367822 -0.21566905 0.586952233
vn -0.866638732 0.349013271 0.356548797
vn -0.960752452 -0.22351186 0.164308168
vn -0.796053442 0.349013271 0.49445794
vn 0.568595501 0.568611951 -0.594457404
vn 0.686237651 0.537240711 -0.490357324
vn 0.576438311 0.670568482 -0.466965508
vn 0.662709221 0.662725672 -0.348727935
vn 0.28625434 0.898009972 -0.334120552
vn 0.34899682 0.929381212 -0.120215565
vn 0.34115401 0.937224022 0.0722846719
vn 0.18429781 0.945066832 0.269968517
vn 0.14508376 0.984280882 0.100706741
vn -0.0274580605 0.921538402 0.387315154
vn -0.0902005406 0.937224022 0.336860498
g tree2_0
f 3/3/3 2/2/2 1/1/1
f 6/6/6 5/5/5 4/4/4
f 9/9/9 8/8/8 7/7/7
f 12/12/12 11/11/11 10/10/10
f 15/15/15 14/14/14 13/13/13
f 18/18/18 17/17/17 16/16/16
f 21/21/21 20/20/20 19/19/19
f 24/24/24 23/23/23 22/22/22
f 27/27/27 26/26/26 25/25/25
f 30/30/30 29/29/29 28/28/28
f 33/33/33 32/32/32 31/31/31
f 36/36/36 35/35/35 34/34/34
f 39/39/39 38/38/38 37/37/37
f 42/42/42 41/41/41 40/40/40
f 45/45/45 44/44/44 43/43/43
f 48/48/48 47/47/47 46/46/46
f 51/51/51 50/50/50 49/49/49
f 54/54/54 53/53/53 52/52/52
f 57/57/57 56/56/56 55/55/55
f 60/60/60 59/59/59 58/58/58
f 63/63/63 62/62/62 61/61/61
f 64/64/64 63/63/63 61/61/61
f 62/62/62 63/63/63 65/65/65
f 63/63/63 64/64/64 66/66/66
f 63/63/63 67/67/67 65/65/65
f 68/68/68 63/63/63 66/66/66
f 67/67/67 63/63/63 69/69/69
f 63/63/63 68/68/68 70/70/70
f 63/63/63 71/71/71 69/69/69
f 71/71/71 63/63/63 70/70/70
f 74/74/74 73/73/73 72/72/72
f 75/75/75 74/74/74 72/72/72
f 73/73/73 74/74/74 76/76/76
f 74/74/74 75/75/75 77/77/77
f 74/74/74 78/78/78 76/76/76
f 79/79/79 74/74/74 77/77/77
f 80/80/80 78/78/78 74/74/74
f 74/74/74 79/79/79 81/81/81
f 82/82/82 80/80/80 74/74/74
f 82/82/82 74/74/74 81/81/81
f 85/85/85 84/84/84 83/83/83
f 86/86/86 85/85/85 83/83/83
f 87/87/87 84/84/84 85/85/85
f 85/85/85 86/86/86 88/88/88
f 89/89/89 87/87/87 85/85/85
f 90/90/90 85/85/85 88/88/88
f 89/89/89 85/85/85 91/91/91
f 85/85/85 90/90/90 92/92/92
f 85/85/85 93/93/93 91/91/91
f 93/93/93 85/85/85 92/92/92
f 96/96/96 95/95/95 94/94/94
f 97/97/97 96/96/96 94/94/94
f 95/95/95 96/96/96 98/98/98
f 96/96/96 97/97/97 99/99/99
f 96/96/96 100/100/100 98/98/98
f 101/101/101 96/96/96 99/99/99
f 100/100/100 96/96/96 102/102/102
f 96/96/96 101/101/101 103/103/103
f 96/96/96 104/104/104 102/102/102
f 104/104/104 96/96/96 103/103/103
g tree2_1
f 107/107/107 106/106/106 105/105/105
f 106/106/106 108/108/108 105/105/105
f 105/105/105 108/108/108 109/109/109
f 108/108/108 106/106/106 110/110/110
f 108/108/108 111/111/111 109/109/109
f 109/109/109 111/111/111 112/112/112
f 113/113/113 108/108/108 110/110/110
f 108/108/108 113/113/113 111/111/111
f 113/113/113 110/110/110 114/114/114
f 111/111/111 115/115/115 112/112/112
f 112/112/112 115/115/115 116/116/116
f 117/117/117 113/113/113 114/114/114
f 117/117/117 114/114/114 118/118/118
f 113/113/113 119/119/119 111/111/111
f 115/115/115 111/111/111 119/119/119
f 113/113/113 117/117/117 119/119/119
f 115/115/115 120/120/120 116/116/116
f 116/116/116 120/120/120 121/121/121
f 122/122/122 117/117/117 118/118/118
f 118/118/118 123/123/123 122/122/122
f 123/123/123 124/124/124 122/122/122
f 117/117/117 125/125/125 119/119/119
f 117/117/117 122/122/122 125/125/125
f 126/126/126 115/115/115 119/119/119
f 120/120/120 115/115/115 126/126/126
f 126/126/126 119/119/119 125/125/125
f 122/122/122 124/124/124 127/127/127
f 122/122/122 127/127/127 125/125/125
f 124/124/124 128/128/128 127/127/127
f 129/129/129 126/126/126 125/125/125
f 129/129/129 125/125/125 127/127/127
f 127/127/127 128/128/128 130/130/130
f 130/130/130 129/129/129 127/127/127
f 128/128/128 131/131/131 130/130/130
f 132/132/132 126/126/126 129/129/129
f 132/132/132 120/120/120 126/126/126
f 133/133/133 129/129/129 130/130/130
f 133/133/133 132/132/132 129/129/129
f 130/130/130 131/131/131 134/134/134
f 134/134/134 133/133/133 130/130/130
f 131/131/131 135/135/135 134/134/134
f 120/120/120 132/132/132 136/136/136
f 132/132/132 133/133/133 136/136/136
f 134/134/134 135/135/135 137/137/137
f 135/135/135 138/138/138 137/137/137
f 133/133/133 134/134/134 139/139/139
f 133/133/133 139/139/139 136/136/136
f 134/134/134 137/137/137 139/139/139
f 137/137/137 138/138/138 140/140/140
f 138/138/138 141/141/141 140/140/140
f 137/137/137 140/140/140 142/142/142
f 139/139/139 137/137/137 142/142/142
f 139/139/139 142/142/142 143/143/143
f 136/136/136 139/139/139 143/143/143
f 136/136/136 143/143/143 144/144/144
f 145/145/145 120/120/120 136/136/136
f 145/145/145 136/136/136 144/144/144
f 120/120/120 145/145/145 121/121/121
f 145/145/145 144/144/144 146/146/146
f 121/121/121 145/145/145 146/146/146
f 149/149/149 148/148/148 147/147/147
f 148/148/148 150/150/150 147/147/147
f 147/147/147 150/150/150 151/151/151
f 150/150/150 148/148/148 152/152/152
f 150/150/150 153/153/153 151/151/151
f 151/151/151 153/153/153 154/154/154
f 155/155/155 150/150/150 152/152/152
f 153/153/153 150/150/150 155/155/155
f 152/152/152 156/156/156 155/155/155
f 153/153/153 157/157/157 154/154/154
f 154/154/154 157/157/157 158/158/158
f 156/156/156 159/159/159 155/155/155
f 156/156/156 160/160/160 159/159/159
f 161/161/161 153/153/153 155/155/155
f 153/153/153 161/161/161 157/157/157
f 161/161/161 155/155/155 159/159/159
f 157/157/157 162/162/162 158/158/158
f 158/158/158 162/162/162 163/163/163
f 160/160/160 164/164/164 159/159/159
f 160/160/160 165/165/165 164/164/164
f 166/166/166 161/161/161 159/159/159
f 166/166/166 159/159/159 164/164/164
f 161/161/161 167/167/167 157/157/157
f 162/162/162 157/157/157 167/167/167
f 161/161/161 166/166/166 167/167/167
f 162/162/162 168/168/168 163/163/163
f 163/163/163 168/168/168 169/169/169
f 168/168/168 170/170/170 169/169/169
f 165/165/165 171/171/171 164/164/164
f 165/165/165 172/172/172 171/171/171
f 172/172/172 173/173/173 171/171/171
f 174/174/174 162/162/162 167/167/167
f 168/168/168 162/162/162 174/174/174
f 168/168/168 175/175/175 170/170/170
f 175/175/175 168/168/168 174/174/174
f 175/175/175 176/176/176 170/170/170
f 175/175/175 177/177/177 176/176/176
f 177/177/177 175/175/175 174/174/174
f 177/177/177 178/178/178 176/176/176
f 179/179/179 164/164/164 171/171/171
f 179/179/179 166/166/166 164/164/164
f 180/180/180 171/171/171 173/173/173
f 180/180/180 179/179/179 171/171/171
f 181/181/181 180/180/180 173/173/173
f 166/166/166 182/182/182 167/167/167
f 174/174/174 167/167/167 182/182/182
f 166/166/166 179/179/179 182/182/182
f 179/179/179 180/180/180 183/183/183
f 179/179/179 183/183/183 182/182/182
f 180/180/180 181/181/181 184/184/184
f 180/180/180 184/184/184 183/183/183
f 181/181/181 185/185/185 184/184/184
f 186/186/186 174/174/174 182/182/182
f 186/186/186 182/182/182 183/183/183
f 186/186/186 177/177/177 174/174/174
f 187/187/187 186/186/186 183/183/183
f 187/187/187 183/183/183 184/184/184
f 177/177/177 186/186/186 187/187/187
f 188/188/188 184/184/184 185/185/185
f 188/188/188 187/187/187 184/184/184
f 189/189/189 188/188/188 185/185/185
f 190/190/190 177/177/177 187/187/187
f 190/190/190 187/187/187 188/188/188
f 177/177/177 190/190/190 178/178/178
f 190/190/190 191/191/191 178/178/178
f 192/192/192 188/188/188 189/189/189
f 192/192/192 190/190/190 188/188/188
f 190/190/190 192/192/192 191/191/191
f 193/193/193 192/192/192 189/189/189
f 192/192/192 194/194/194 191/191/191
f 192/192/192 193/193/193 194/194/194
f 193/193/193 195/195/195 194/194/194
f 198/198/198 197/197/197 196/196/196
f 197/197/197 199/199/199 196/196/196
f 196/196/196 199/199/199 200/200/200
f 197/197/197 201/201/201 199/199/199
f 199/199/199 202/202/202 200/200/200
f 200/200/200 202/202/202 203/203/203
f 201/201/201 204/204/204 199/199/199
f 199/199/199 204/204/204 202/202/202
f 201/201/201 205/205/205 204/204/204
f 202/202/202 206/206/206 203/203/203
f 207/207/207 203/203/203 206/206/206
f 204/204/204 208/208/208 202/202/202
f 202/202/202 208/208/208 206/206/206
f 205/205/205 209/209/209 204/204/204
f 204/204/204 209/209/209 208/208/208
f 205/205/205 210/210/210 209/209/209
f 211/211/211 207/207/207 206/206/206
f 212/212/212 207/207/207 211/211/211
f 208/208/208 213/213/213 206/206/206
f 211/211/211 206/206/206 213/213/213
f 209/209/209 214/214/214 208/208/208
f 213/213/213 208/208/208 214/214/214
f 210/210/210 215/215/215 209/209/209
f 209/209/209 215/215/215 214/214/214
f 215/215/215 210/210/210 216/216/216
f 217/217/217 212/212/212 211/211/211
f 218/218/218 212/212/212 217/217/217
f 219/219/219 218/218/218 217/217/217
f 220/220/220 215/215/215 216/216/216
f 220/220/220 216/216/216 221/221/221
f 215/215/215 222/222/222 214/214/214
f 215/215/215 220/220/220 222/222/222
f 211/211/211 223/223/223 217/217/217
f 223/223/223 211/211/211 213/213/213
f 217/217/217 224/224/224 219/219/219
f 223/223/223 224/224/224 217/217/217
f 224/224/224 225/225/225 219/219/219
f 226/226/226 220/220/220 221/221/221
f 226/226/226 221/221/221 227/227/227
f 228/228/228 213/213/213 214/214/214
f 214/214/214 222/222/222 228/228/228
f 229/229/229 223/223/223 213/213/213
f 223/223/223 229/229/229 224/224/224
f 228/228/228 229/229/229 213/213/213
f 224/224/224 230/230/230 225/225/225
f 229/229/229 230/230/230 224/224/224
f 230/230/230 231/231/231 225/225/225
f 220/220/220 232/232/232 222/222/222
f 220/220/220 226/226/226 232/232/232
f 222/222/222 233/233/233 228/228/228
f 228/228/228 233/233/233 229/229/229
f 222/222/222 232/232/232 233/233/233
f 234/234/234 226/226/226 227/227/227
f 234/234/234 227/227/227 235/235/235
f 231/231/231 230/230/230 236/236/236
f 237/237/237 231/231/231 236/236/236
f 229/229/229 238/238/238 230/230/230
f 233/233/233 238/238/238 229/229/229
f 238/238/238 236/236/236 230/230/230
f 236/236/236 239/239/239 237/237/237
f 239/239/239 240/240/240 237/237/237
f 238/238/238 233/233/233 241/241/241
f 232/232/232 241/241/241 233/233/233
f 238/238/238 242/242/242 236/236/236
f 242/242/242 238/238/238 241/241/241
f 242/242/242 239/239/239 236/236/236
f 226/226/226 243/243/243 232/232/232
f 226/226/226 234/234/234 243/243/243
f 241/241/241 232/232/232 244/244/244
f 242/242/242 241/241/241 244/244/244
f 232/232/232 243/243/243 244/244/244
f 239/239/239 245/245/245 240/240/240
f 245/245/245 246/246/246 240/240/240
f 242/242/242 247/247/247 239/239/239
f 247/247/247 242/242/242 244/244/244
f 247/247/247 245/245/245 239/239/239
f 234/234/234 248/248/248 243/243/243
f 243/243/243 248/248/248 244/244/244
f 245/245/245 249/249/249 246/246/246
f 249/249/249 250/250/250 246/246/246
f 247/247/247 251/251/251 245/245/245
f 251/251/251 249/249/249 245/245/245
f 247/247/247 244/244/244 252/252/252
f 248/248/248 252/252/252 244/244/244
f 251/251/251 247/247/247 252/252/252
f 234/234/234 253/253/253 248/248/248
f 253/253/253 234/234/234 235/235/235
f 253/253/253 235/235/235 254/254/254
f 249/249/249 255/255/255 250/250/250
f 255/255/255 256/256/256 250/250/250
f 248/248/248 257/257/257 252/252/252
f 253/253/253 257/257/257 248/248/248
f 258/258/258 253/253/253 254/254/254
f 253/253/253 258/258/258 257/257/257
f 258/258/258 254/254/254 259/259/259
f 251/251/251 260/260/260 249/249/249
f 260/260/260 255/255/255 249/249/249
f 251/251/251 252/252/252 261/261/261
f 257/257/257 261/261/261 252/252/252
f 260/260/260 251/251/251 261/261/261
f 255/255/255 262/262/262 256/256/256
f 262/262/262 263/263/263 256/256/256
f 264/264/264 258/258/258 259/259/259
f 264/264/264 259/259/259 265/265/265
f 266/266/266 264/264/264 265/265/265
f 258/258/258 267/267/267 257/257/257
f 257/257/257 267/267/267 261/261/261
f 258/258/258 264/264/264 267/267/267
f 264/264/264 266/266/266 268/268/268
f 264/264/264 268/268/268 267/267/267
f 266/266/266 269/269/269 268/268/268
f 267/267/267 270/270/270 261/261/261
f 260/260/260 261/261/261 270/270/270
f 267/267/267 268/268/268 270/270/270
f 260/260/260 271/271/271 255/255/255
f 271/271/271 260/260/260 270/270/270
f 271/271/271 262/262/262 255/255/255
f 268/268/268 269/269/269 272/272/272
f 268/268/268 272/272/272 270/270/270
f 271/271/271 270/270/270 272/272/272
f 269/269/269 273/273/273 272/272/272
f 274/274/274 271/271/271 272/272/272
f 274/274/274 272/272/272 273/273/273
f 271/271/271 274/274/274 262/262/262
f 275/275/275 274/274/274 273/273/273
f 274/274/274 276/276/276 262/262/262
f 274/274/274 275/275/275 276/276/276
f 262/262/262 276/276/276 263/263/263
f 275/275/275 277/277/277 276/276/276
f 276/276/276 278/278/278 263/263/263
f 276/276/276 277/277/277 278/278/278
f 277/277/277 279/279/279 278/278/278
f 282/282/282 281/281/281 280/280/280
f 281/281/281 283/283/283 280/280/280
f 280/280/280 283/283/283 284/284/284
f 283/283/283 281/281/281 285/285/285
f 283/283/283 286/286/286 284/284/284
f 284/284/284 286/286/286 287/287/287
f 288/288/288 283/283/283 285/285/285
f 286/286/286 283/283/283 288/288/288
f 285/285/285 289/289/289 288/288/288
f 286/286/286 290/290/290 287/287/287
f 287/287/287 290/290/290 291/291/291
f 289/289/289 292/292/292 288/288/288
f 289/289/289 293/293/293 292/292/292
f 294/294/294 286/286/286 288/288/288
f 286/286/286 294/294/294 290/290/290
f 294/294/294 288/288/288 292/292/292
f 290/290/290 295/295/295 291/291/291
f 291/291/291 295/295/295 296/296/296
f 293/293/293 297/297/297 292/292/292
f 293/293/293 298/298/298 297/297/297
f 299/299/299 294/294/294 292/292/292
f 299/299/299 292/292/292 297/297/297
f 294/294/294 300/300/300 290/290/290
f 295/295/295 290/290/290 300/300/300
f 294/294/294 299/299/299 300/300/300
f 295/295/295 301/301/301 296/296/296
f 296/296/296 301/301/301 302/302/302
f 301/301/301 303/303/303 302/302/302
f 298/298/298 304/304/304 297/297/297
f 298/298/298 305/305/305 304/304/304
f 305/305/305 306/306/306 304/304/304
f 307/307/307 295/295/295 300/300/300
f 301/301/301 295/295/295 307/307/307
f 301/301/301 308/308/308 303/303/303
f 308/308/308 301/301/301 307/307/307
f 308/308/308 309/309/309 303/303/303
f 308/308/308 310/310/310 309/309/309
f 310/310/310 308/308/308 307/307/307
f 310/310/310 311/311/311 309/309/309
f 312/312/312 297/297/297 304/304/304
f 312/312/312 299/299/299 297/297/297
f 313/313/313 304/304/304 306/306/306
f 313/313/313 312/312/312 304/304/304
f 314/314/314 313/313/313 306/306/306
f 299/299/299 315/315/315 300/300/300
f 307/307/307 300/300/300 315/315/315
f 299/299/299 312/312/312 315/315/315
f 313/313/313 314/314/314 316/316/316
f 314/314/314 317/317/317 316/316/316
f 312/312/312 313/313/313 318/318/318
f 312/312/312 318/318/318 315/315/315
f 313/313/313 316/316/316 318/318/318
f 319/319/319 307/307/307 315/315/315
f 319/319/319 315/315/315 318/318/318
f 319/319/319 310/310/310 307/307/307
f 320/320/320 319/319/319 318/318/318
f 320/320/320 318/318/318 316/316/316
f 310/310/310 319/319/319 320/320/320
f 321/321/321 316/316/316 317/317/317
f 321/321/321 320/320/320 316/316/316
f 322/322/322 321/321/321 317/317/317
f 323/323/323 310/310/310 320/320/320
f 323/323/323 320/320/320 321/321/321
f 310/310/310 323/323/323 311/311/311
f 323/323/323 324/324/324 311/311/311
f 325/325/325 321/321/321 322/322/322
f 325/325/325 323/323/323 321/321/321
f 323/323/323 325/325/325 324/324/324
f 326/326/326 325/325/325 322/322/322
f 325/325/325 327/327/327 324/324/324
f 325/325/325 326/326/326 327/327/327
f 326/326/326 328/328/328 327/327/327
f 331/331/331 330/330/330 329/329/329
f 332/332/332 331/331/331 329/329/329
f 332/332/332 329/329/329 333/333/333
f 334/334/334 331/331/331 332/332/332
f 335/335/335 332/332/332 333/333/333
f 335/335/335 333/333/333 336/336/336
f 337/337/337 334/334/334 332/332/332
f 337/337/337 332/332/332 335/335/335
f 338/338/338 334/334/334 337/337/337
f 339/339/339 335/335/335 336/336/336
f 339/339/339 336/336/336 340/340/340
f 341/341/341 337/337/337 335/335/335
f 341/341/341 335/335/335 339/339/339
f 342/342/342 338/338/338 337/337/337
f 337/337/337 341/341/341 342/342/342
f 343/343/343 338/338/338 342/342/342
f 344/344/344 343/343/343 342/342/342
f 345/345/345 343/343/343 344/344/344
f 341/341/341 346/346/346 342/342/342
f 342/342/342 346/346/346 344/344/344
f 347/347/347 345/345/345 344/344/344
f 348/348/348 345/345/345 347/347/347
f 349/349/349 348/348/348 347/347/347
f 347/347/347 344/344/344 350/350/350
f 346/346/346 350/350/350 344/344/344
f 347/347/347 351/351/351 349/349/349
f 351/351/351 347/347/347 350/350/350
f 351/351/351 352/352/352 349/349/349
f 341/341/341 353/353/353 346/346/346
f 353/353/353 341/341/341 339/339/339
f 346/346/346 354/354/354 350/350/350
f 353/353/353 354/354/354 346/346/346
f 351/351/351 355/355/355 352/352/352
f 355/355/355 356/356/356 352/352/352
f 351/351/351 350/350/350 357/357/357
f 354/354/354 357/357/357 350/350/350
f 355/355/355 351/351/351 357/357/357
f 358/358/358 353/353/353 339/339/339
f 353/353/353 358/358/358 354/354/354
f 355/355/355 359/359/359 356/356/356
f 359/359/359 360/360/360 356/356/356
f 354/354/354 361/361/361 357/357/357
f 358/358/358 361/361/361 354/354/354
f 355/355/355 357/357/357 362/362/362
f 359/359/359 355/355/355 362/362/362
f 361/361/361 362/362/362 357/357/357
f 360/360/360 359/359/359 363/363/363
f 364/364/364 360/360/360 363/363/363
f 363/363/363 359/359/359 365/365/365
f 359/359/359 362/362/362 365/365/365
f 365/365/365 362/362/362 366/366/366
f 362/362/362 361/361/361 366/366/366
f 366/366/366 361/361/361 367/367/367
f 361/361/361 358/358/358 367/367/367
f 367/367/367 358/358/358 368/368/368
f 358/358/358 369/369/369 368/368/368
f 368/368/368 369/369/369 370/370/370
f 369/369/369 358/358/358 339/339/339
f 369/369/369 340/340/340 370/370/370
f 369/369/369 339/339/339 340/340/340
f 373/373/373 372/372/372 371/371/371
f 374/374/374 373/373/373 371/371/371
f 374/374/374 371/371/371 375/375/375
f 376/376/376 373/373/373 374/374/374
f 377/377/377 374/374/374 375/375/375
f 377/377/377 375/375/375 378/378/378
f 379/379/379 376/376/376 374/374/374
f 379/379/379 374/374/374 377/377/377
f 376/376/376 379/379/379 380/380/380
f 381/381/381 377/377/377 378/378/378
f 381/381/381 378/378/378 382/382/382
f 379/379/379 383/383/383 380/380/380
f 384/384/384 380/380/380 383/383/383
f 385/385/385 379/379/379 377/377/377
f 385/385/385 377/377/377 381/381/381
f 379/379/379 385/385/385 383/383/383
f 386/386/386 381/381/381 382/382/382
f 386/386/386 382/382/382 387/387/387
f 388/388/388 384/384/384 383/383/383
f 389/389/389 384/384/384 388/388/388
f 385/385/385 390/390/390 383/383/383
f 388/388/388 383/383/383 390/390/390
f 391/391/391 385/385/385 381/381/381
f 391/391/391 381/381/381 386/386/386
f 385/385/385 391/391/391 390/390/390
f 392/392/392 386/386/386 387/387/387
f 392/392/392 387/387/387 393/393/393
f 394/394/394 389/389/389 388/388/388
f 389/389/389 394/394/394 395/395/395
f 394/394/394 396/396/396 395/395/395
f 397/397/397 388/388/388 390/390/390
f 394/394/394 388/388/388 397/397/397
f 394/394/394 398/398/398 396/396/396
f 398/398/398 394/394/394 397/397/397
f 398/398/398 399/399/399 396/396/396
f 391/391/391 400/400/400 390/390/390
f 397/397/397 390/390/390 400/400/400
f 401/401/401 391/391/391 386/386/386
f 401/401/401 386/386/386 392/392/392
f 391/391/391 401/401/401 400/400/400
f 402/402/402 392/392/392 393/393/393
f 402/402/402 393/393/393 403/403/403
f 398/398/398 404/404/404 399/399/399
f 404/404/404 405/405/405 399/399/399
f 398/398/398 397/397/397 406/406/406
f 406/406/406 397/397/397 400/400/400
f 404/404/404 398/398/398 406/406/406
f 407/407/407 401/401/401 392/392/392
f 407/407/407 392/392/392 402/402/402
f 401/401/401 408/408/408 400/400/400
f 406/406/406 400/400/400 408/408/408
f 401/401/401 407/407/407 408/408/408
f 409/409/409 402/402/402 403/403/403
f 403/403/403 410/410/410 409/409/409
f 404/404/404 411/411/411 405/405/405
f 411/411/411 412/412/412 405/405/405
f 404/404/404 406/406/406 413/413/413
f 413/413/413 406/406/406 408/408/408
f 411/411/411 404/404/404 413/413/413
f 414/414/414 407/407/407 402/402/402
f 414/414/414 402/402/402 409/409/409
f 407/407/407 415/415/415 408/408/408
f 413/413/413 408/408/408 415/415/415
f 407/407/407 414/414/414 415/415/415
f 410/410/410 416/416/416 409/409/409
f 416/416/416 410/410/410 417/417/417
f 411/411/411 418/418/418 412/412/412
f 418/418/418 419/419/419 412/412/412
f 411/411/411 413/413/413 420/420/420
f 420/420/420 413/413/413 415/415/415
f 418/418/418 411/411/411 420/420/420
f 421/421/421 414/414/414 409/409/409
f 421/421/421 409/409/409 416/416/416
f 422/422/422 416/416/416 417/417/417
f 422/422/422 417/417/417 423/423/423
f 418/418/418 424/424/424 419/419/419
f 424/424/424 425/425/425 419/419/419
f 418/418/418 420/420/420 426/426/426
f 426/426/426 420/420/420 415/415/415
f 424/424/424 418/418/418 426/426/426
f 414/414/414 427/427/427 415/415/415
f 414/414/414 421/421/421 427/427/427
f 427/427/427 426/426/426 415/415/415
f 428/428/428 421/421/421 416/416/416
f 428/428/428 416/416/416 422/422/422
f 421/421/421 429/429/429 427/427/427
f 426/426/426 427/427/427 429/429/429
f 429/429/429 421/421/421 428/428/428
f 430/430/430 422/422/422 423/423/423
f 423/423/423 431/431/431 430/430/430
f 431/431/431 432/432/432 430/430/430
f 424/424/424 426/426/426 433/433/433
f 433/433/433 426/426/426 429/429/429
f 434/434/434 422/422/422 430/430/430
f 434/434/434 428/428/428 422/422/422
f 430/430/430 432/432/432 435/435/435
f 435/435/435 434/434/434 430/430/430
f 432/432/432 436/436/436 435/435/435
f 437/437/437 429/429/429 428/428/428
f 433/433/433 429/429/429 437/437/437
f 428/428/428 434/434/434 438/438/438
f 434/434/434 435/435/435 438/438/438
f 437/437/437 428/428/428 438/438/438
f 435/435/435 436/436/436 439/439/439
f 435/435/435 439/439/439 438/438/438
f 436/436/436 440/440/440 439/439/439
f 441/441/441 424/424/424 433/433/433
f 424/424/424 441/441/441 425/425/425
f 441/441/441 442/442/442 425/425/425
f 443/443/443 433/433/433 437/437/437
f 437/437/437 438/438/438 443/443/443
f 441/441/441 433/433/433 443/443/443
f 442/442/442 441/441/441 444/444/444
f 444/444/444 441/441/441 443/443/443
f 445/445/445 442/442/442 444/444/444
f 438/438/438 446/446/446 443/443/443
f 446/446/446 438/438/438 439/439/439
f 444/444/444 443/443/443 446/446/446
f 447/447/447 439/439/439 440/440/440
f 447/447/447 446/446/446 439/439/439
f 448/448/448 447/447/447 440/440/440
f 445/445/445 444/444/444 449/449/449
f 449/449/449 444/444/444 446/446/446
f 449/449/449 446/446/446 447/447/447
f 450/450/450 445/445/445 449/449/449
f 451/451/451 447/447/447 448/448/448
f 451/451/451 449/449/449 447/447/447
f 450/450/450 449/449/449 451/451/451
f 452/452/452 451/451/451 448/448/448
f 453/453/453 450/450/450 451/451/451
f 453/453/453 451/451/451 452/452/452
f 454/454/454 453/453/453 452/452/452
f 457/457/457 456/456/456 455/455/455
f 458/458/458 457/457/457 455/455/455
f 459/459/459 457/457/457 458/458/458
f 460/460/460 459/459/459 458/458/458
f 461/461/461 459/459/459 460/460/460
f 462/462/462 461/461/461 460/460/460
f 463/463/463 461/461/461 462/462/462
f 464/464/464 463/463/463 462/462/462
f 465/465/465 463/463/463 464/464/464
f 466/466/466 465/465/465 464/464/464
f 467/467/467 465/465/465 466/466/466
f 468/468/468 467/467/467 466/466/466
f 469/469/469 467/467/467 468/468/468
f 470/470/470 469/469/469 468/468/468
f 471/471/471 469/469/469 470/470/470
f 472/472/472 471/471/471 470/470/470
f 473/473/473 471/471/471 472/472/472
f 474/474/474 473/473/473 472/472/472
f 475/475/475 473/473/473 474/474/474
f 476/476/476 475/475/475 474/474/474
f 477/477/477 475/475/475 476/476/476
f 478/478/478 477/477/477 476/476/476
f 479/479/479 477/477/477 478/478/478
f 480/480/480 479/479/479 478/478/478
f 483/483/483 482/482/482 481/481/481
f 484/484/484 483/483/483 481/481/481
f 484/484/484 481/481/481 485/485/485
f 486/486/486 484/484/484 485/485/485
f 487/487/487 483/483/483 484/484/484
f 488/488/488 484/484/484 486/486/486
f 488/488/488 487/487/487 484/484/484
f 489/489/489 488/488/488 486/486/486
f 490/490/490 488/488/488 489/489/489
f 488/488/488 490/490/490 487/487/487
f 491/491/491 490/490/490 489/489/489
f 490/490/490 491/491/491 492/492/492
f 490/490/490 493/493/493 487/487/487
f 493/493/493 490/490/490 492/492/492
f 493/493/493 494/494/494 487/487/487
f 494/494/494 493/493/493 492/492/492
f 494/494/494 495/495/495 487/487/487
f 496/496/496 494/494/494 492/492/492
f 495/495/495 494/494/494 497/497/497
f 494/494/494 496/496/496 497/497/497
f 500/500/500 499/499/499 498/498/498
f 499/499/499 501/501/501 498/498/498
f 498/498/498 501/501/501 502/502/502
f 501/501/501 503/503/503 502/502/502
f 499/499/499 504/504/504 501/501/501
f 501/501/501 505/505/505 503/503/503
f 504/504/504 505/505/505 501/501/501
f 505/505/505 506/506/506 503/503/503
f 506/506/506 505/505/505 507/507/507
f 505/505/505 508/508/508 507/507/507
f 509/509/509 504/504/504 508/508/508
f 507/507/507 508/508/508 510/510/510
f 504/504/504 511/511/511 508/508/508
f 508/508/508 512/512/512 510/510/510
f 508/508/508 511/511/511 512/512/512
f 511/511/511 513/513/513 512/512/512
f 516/516/516 515/515/515 514/514/514
f 517/517/517 516/516/516 514/514/514
f 517/517/517 514/514/514 518/518/518
f 519/519/519 517/517/517 518/518/518
f 520/520/520 516/516/516 517/517/517
f 521/521/521 517/517/517 519/519/519
f 521/521/521 520/520/520 517/517/517
f 522/522/522 521/521/521 519/519/519
f 523/523/523 521/521/521 522/522/522
f 521/521/521 523/523/523 520/520/520
f 524/524/524 523/523/523 522/522/522
f 523/523/523 524/524/524 525/525/525
f 523/523/523 526/526/526 520/520/520
f 526/526/526 523/523/523 525/525/525
f 526/526/526 527/527/527 520/520/520
f 527/527/527 526/526/526 525/525/525
f 527/527/527 528/528/528 520/520/520
f 529/529/529 527/527/527 525/525/525
f 528/528/528 527/527/527 530/530/530
f 527/527/527 529/529/529 530/530/530
f 533/533/533 532/532/532 531/531/531
f 534/534/534 533/533/533 531/531/531
f 534/534/534 531/531/531 535/535/535
f 536/536/536 534/534/534 535/535/535
f 537/537/537 533/533/533 534/534/534
f 538/538/538 534/534/534 536/536/536
f 538/538/538 537/537/537 534/534/534
f 539/539/539 538/538/538 536/536/536
f 538/538/538 539/539/539 540/540/540
f 537/537/537 538/538/538 541/541/541
f 541/541/541 538/538/538 540/540/540
f 541/541/541 540/540/540 542/542/542
f 543/543/543 537/537/537 541/541/541
f 544/544/544 541/541/541 542/542/542
f 543/543/543 541/541/541 544/544/544
f 545/545/545 543/543/543 544/544/544
f 548/548/548 547/547/547 546/546/546
f 549/549/549 548/548/548 546/546/546
f 549/549/549 546/546/546 550/550/550
f 551/551/551 548/548/548 549/549/549
f 552/552/552 549/549/549 550/550/550
f 552/552/552 550/550/550 553/553/553
f 554/554/554 551/551/551 549/549/549
f 554/554/554 549/549/549 552/552/552
f 555/555/555 551/551/551 554/554/554
f 556/556/556 555/555/555 554/554/554
f 557/557/557 555/555/555 556/556/556
f 558/558/558 554/554/554 552/552/552
f 556/556/556 554/554/554 558/558/558
f 559/559/559 552/552/552 553/553/553
f 558/558/558 552/552/552 559/559/559
f 560/560/560 557/557/557 556/556/556
f 561/561/561 557/557/557 560/560/560
f 562/562/562 559/559/559 553/553/553
f 563/563/563 562/562/562 553/553/553
f 559/559/559 562/562/562 564/564/564
f 564/564/564 558/558/558 559/559/559
f 562/562/562 565/565/565 564/564/564
f 564/564/564 565/565/565 566/566/566
f 567/567/567 556/556/556 558/558/558
f 567/567/567 558/558/558 564/564/564
f 560/560/560 556/556/556 567/567/567
f 568/568/568 564/564/564 566/566/566
f 568/568/568 567/567/567 564/564/564
f 568/568/568 566/566/566 569/569/569
f 570/570/570 561/561/561 560/560/560
f 571/571/571 561/561/561 570/570/570
f 572/572/572 560/560/560 567/567/567
f 572/572/572 567/567/567 568/568/568
f 570/570/570 560/560/560 572/572/572
f 573/573/573 568/568/568 569/569/569
f 573/573/573 572/572/572 568/568/568
f 573/573/573 569/569/569 574/574/574
f 575/575/575 571/571/571 570/570/570
f 576/576/576 571/571/571 575/575/575
f 577/577/577 570/570/570 572/572/572
f 577/577/577 572/572/572 573/573/573
f 575/575/575 570/570/570 577/577/577
f 578/578/578 573/573/573 574/574/574
f 578/578/578 577/577/577 573/573/573
f 578/578/578 574/574/574 579/579/579
f 580/580/580 576/576/576 575/575/575
f 581/581/581 576/576/576 580/580/580
f 582/582/582 581/581/581 580/580/580
f 583/583/583 575/575/575 577/577/577
f 583/583/583 577/577/577 578/578/578
f 580/580/580 575/575/575 583/583/583
f 584/584/584 578/578/578 579/579/579
f 584/584/584 583/583/583 578/578/578
f 584/584/584 579/579/579 585/585/585
f 582/582/582 580/580/580 586/586/586
f 586/586/586 580/580/580 583/583/583
f 586/586/586 583/583/583 584/584/584
f 587/587/587 582/582/582 586/586/586
f 588/588/588 584/584/584 585/585/585
f 588/588/588 586/586/586 584/584/584
f 587/587/587 586/586/586 588/588/588
f 588/588/588 585/585/585 589/589/589
f 590/590/590 587/587/587 588/588/588
f 590/590/590 588/588/588 589/589/589
f 593/593/593 592/592/592 591/591/591
f 592/592/592 594/594/594 591/591/591
f 594/594/594 595/595/595 591/591/591
f 596/596/596 595/595/595 594/594/594
f 595/595/595 596/596/596 591/591/591
f 597/597/597 596/596/596 594/594/594
f 596/596/596 597/597/597 598/598/598
f 599/599/599 596/596/596 598/598/598
f 599/599/599 598/598/598 600/600/600
f 596/596/596 599/599/599 601/601/601
f 601/601/601 599/599/599 600/600/600
f 596/596/596 602/602/602 591/591/591
f 602/602/602 596/596/596 601/601/601
f 603/603/603 593/593/593 591/591/591
f 603/603/603 591/591/591 602/602/602
f 593/593/593 603/603/603 604/604/604
f 604/604/604 603/603/603 602/602/602
f 604/604/604 602/602/602 601/601/601
f 605/605/605 593/593/593 604/604/604
f 606/606/606 605/605/605 604/604/604
f 600/600/600 606/606/606 607/607/607
f 601/601/601 600/600/600 607/607/607
f 607/607/607 606/606/606 604/604/604
f 607/607/607 604/604/604 601/601/601
f 610/610/610 609/609/609 608/608/608
f 609/609/609 610/610/610 611/611/611
f 612/612/612 610/610/610 608/608/608
f 612/612/612 608/608/608 613/613/613
f 614/614/614 612/612/612 613/613/613
f 610/610/610 612/612/612 614/614/614
f 614/614/614 613/613/613 615/615/615
f 613/613/613 616/616/616 615/615/615
f 615/615/615 616/616/616 617/617/617
f 615/615/615 617/617/617 614/614/614
f 616/616/616 618/618/618 617/617/617
f 618/618/618 619/619/619 617/617/617
f 617/617/617 620/620/620 614/614/614
f 620/620/620 610/610/610 614/614/614
f 619/619/619 621/621/621 617/617/617
f 617/617/617 621/621/621 620/620/620
f 621/621/621 619/619/619 622/622/622
f 621/621/621 622/622/622 620/620/620
f 610/610/610 620/620/620 622/622/622
f 619/619/619 623/623/623 622/622/622
f 623/623/623 611/611/611 622/622/622
f 624/624/624 610/610/610 622/622/622
f 611/611/611 624/624/624 622/622/622
f 610/610/610 624/624/624 611/611/611
f 627/627/627 626/626/626 625/625/625
f 626/626/626 627/627/627 628/628/628
f 629/629/629 626/626/626 628/628/628
f 629/629/629 628/628/628 630/630/630
f 631/631/631 629/629/629 630/630/630
f 626/626/626 629/629/629 631/631/631
f 631/631/631 630/630/630 632/632/632
f 630/630/630 633/633/633 632/632/632
f 632/632/632 633/633/633 634/634/634
f 632/632/632 634/634/634 631/631/631
f 633/633/633 635/635/635 634/634/634
f 635/635/635 636/636/636 634/634/634
f 634/634/634 637/637/637 631/631/631
f 637/637/637 626/626/626 631/631/631
f 636/636/636 638/638/638 634/634/634
f 634/634/634 638/638/638 637/637/637
f 638/638/638 636/636/636 639/639/639
f 638/638/638 639/639/639 637/637/637
f 626/626/626 637/637/637 639/639/639
f 636/636/636 640/640/640 639/639/639
f 640/640/640 625/625/625 639/639/639
f 641/641/641 626/626/626 639/639/639
f 625/625/625 641/641/641 639/639/639
f 626/626/626 641/641/641 625/625/625
f 644/644/644 643/643/643 642/642/642
f 645/645/645 644/644/644 642/642/642
f 644/644/644 645/645/645 646/646/646
f 643/643/643 644/644/644 647/647/647
f 648/648/648 644/644/644 646/646/646
f 644/644/644 648/648/648 647/647/647
f 648/648/648 646/646/646 649/649/649
f 650/650/650 648/648/648 649/649/649
f 647/647/647 648/648/648 650/650/650
f 651/651/651 647/647/647 650/650/650
f 651/651/651 650/650/650 652/652/652
f 653/653/653 651/651/651 652/652/652
f 651/651/651 654/654/654 647/647/647
f 654/654/654 651/651/651 653/653/653
f 654/654/654 655/655/655 647/647/647
f 656/656/656 654/654/654 653/653/653
f 655/655/655 654/654/654 657/657/657
f 654/654/654 656/656/656 657/657/657
f 660/660/660 659/659/659 658/658/658
f 659/659/659 661/661/661 658/658/658
f 662/662/662 660/660/660 658/658/658
f 663/663/663 660/660/660 662/662/662
f 664/664/664 663/663/663 662/662/662
f 662/662/662 658/658/658 664/664/664
f 664/664/664 665/665/665 663/663/663
f 666/666/666 665/665/665 664/664/664
f 665/665/665 667/667/667 663/663/663
f 665/665/665 666/666/666 667/667/667
f 666/666/666 668/668/668 667/667/667
f 668/668/668 666/666/666 669/669/669
f 658/658/658 670/670/670 664/664/664
f 670/670/670 666/666/666 664/664/664
f 661/661/661 671/671/671 658/658/658
f 658/658/658 671/671/671 670/670/670
f 671/671/671 661/661/661 672/672/672
f 671/671/671 672/672/672 670/670/670
f 666/666/666 670/670/670 672/672/672
f 661/661/661 673/673/673 672/672/672
f 673/673/673 669/669/669 672/672/672
f 674/674/674 666/666/666 672/672/672
f 669/669/669 674/674/674 672/672/672
f 666/666/666 674/674/674 669/669/669
f 677/677/677 676/676/676 675/675/675
f 676/676/676 677/677/677 678/678/678
f 677/677/677 679/679/679 678/678/678
f 678/678/678 679/679/679 680/680/680
f 679/679/679 681/681/681 680/680/680
f 680/680/680 681/681/681 682/682/682
f 679/679/679 677/677/677 683/683/683
f 681/681/681 679/679/679 683/683/683
f 681/681/681 684/684/684 682/682/682
f 682/682/682 684/684/684 685/685/685
f 684/684/684 681/681/681 686/686/686
f 684/684/684 686/686/686 685/685/685
f 681/681/681 683/683/683 686/686/686
f 685/685/685 686/686/686 687/687/687
f 683/683/683 677/677/677 688/688/688
f 686/686/686 683/683/683 688/688/688
f 686/686/686 689/689/689 687/687/687
f 689/689/689 686/686/686 688/688/688
f 687/687/687 689/689/689 690/690/690
f 689/689/689 688/688/688 690/690/690
f 690/690/690 688/688/688 675/675/675
f 691/691/691 677/677/677 675/675/675
f 688/688/688 691/691/691 675/675/675
f 677/677/677 691/691/691 688/688/688
f 694/694/694 693/693/693 692/692/692
f 695/695/695 694/694/694 692/692/692
f 696/696/696 695/695/695 692/692/692
f 697/697/697 695/695/695 696/696/696
f 698/698/698 697/697/697 696/696/696
f 696/696/696 692/692/692 698/698/698
f 698/698/698 699/699/699 697/697/697
f 700/700/700 699/699/699 698/698/698
f 699/699/699 701/701/701 697/697/697
f 699/699/699 700/700/700 701/701/701
f 700/700/700 702/702/702 701/701/701
f 702/702/702 700/700/700 703/703/703
f 692/692/692 704/704/704 698/698/698
f 704/704/704 700/700/700 698/698/698
f 693/693/693 705/705/705 692/692/692
f 692/692/692 705/705/705 704/704/704
f 705/705/705 693/693/693 706/706/706
f 705/705/705 706/706/706 704/704/704
f 700/700/700 704/704/704 706/706/706
f 693/693/693 707/707/707 706/706/706
f 707/707/707 703/703/703 706/706/706
f 708/708/708 700/700/700 706/706/706
f 700/700/700 708/708/708 703/703/703
f 703/703/703 708/708/708 706/706/706
f 711/711/711 710/710/710 709/709/709
f 710/710/710 711/711/711 712/712/712
f 710/710/710 713/713/713 709/709/709
f 709/709/709 713/713/713 714/714/714
f 713/713/713 715/715/715 714/714/714
f 714/714/714 715/715/715 716/716/716
f 713/713/713 710/710/710 717/717/717
f 715/715/715 713/713/713 717/717/717
f 715/715/715 718/718/718 716/716/716
f 716/716/716 718/718/718 719/719/719
f 718/718/718 715/715/715 720/720/720
f 718/718/718 720/720/720 719/719/719
f 715/715/715 717/717/717 720/720/720
f 719/719/719 720/720/720 721/721/721
f 717/717/717 710/710/710 722/722/722
f 720/720/720 717/717/717 722/722/722
f 720/720/720 723/723/723 721/721/721
f 723/723/723 720/720/720 722/722/722
f 721/721/721 723/723/723 724/724/724
f 723/723/723 722/722/722 724/724/724
f 724/724/724 722/722/722 712/712/712
f 725/725/725 710/710/710 712/712/712
f 722/722/722 725/725/725 712/712/712
f 710/710/710 725/725/725 722/722/722
f 728/728/728 727/727/727 726/726/726
f 729/729/729 728/728/728 726/726/726
f 727/727/727 728/728/728 730/730/730
f 728/728/728 729/729/729 731/731/731
f 728/728/728 732/732/732 730/730/730
f 732/732/732 728/728/728 731/731/731
f 730/730/730 732/732/732 733/733/733
f 732/732/732 734/734/734 733/733/733
f 732/732/732 731/731/731 734/734/734
f 733/733/733 734/734/734 735/735/735
f 734/734/734 736/736/736 735/735/735
f 734/734/734 737/737/737 736/736/736
f 731/731/731 737/737/737 734/734/734
f 737/737/737 738/738/738 736/736/736
f 739/739/739 737/737/737 731/731/731
f 737/737/737 739/739/739 738/738/738
f 740/740/740 739/739/739 731/731/731
f 739/739/739 741/741/741 738/738/738
f 739/739/739 740/740/740 742/742/742
f 741/741/741 739/739/739 742/742/742
f 745/745/745 744/744/744 743/743/743
f 744/744/744 746/746/746 743/743/743
f 744/744/744 745/745/745 747/747/747
f 746/746/746 744/744/744 748/748/748
f 749/749/749 744/744/744 747/747/747
f 744/744/744 749/749/749 748/748/748
f 747/747/747 750/750/750 749/749/749
f 750/750/750 751/751/751 749/749/749
f 749/749/749 751/751/751 748/748/748
f 750/750/750 752/752/752 751/751/751
f 752/752/752 753/753/753 751/751/751
f 751/751/751 753/753/753 754/754/754
f 751/751/751 754/754/754 748/748/748
f 753/753/753 755/755/755 754/754/754
f 754/754/754 756/756/756 748/748/748
f 756/756/756 754/754/754 755/755/755
f 756/756/756 757/757/757 748/748/748
f 758/758/758 756/756/756 755/755/755
f 757/757/757 756/756/756 759/759/759
f 756/756/756 758/758/758 759/759/759
f 762/762/762 761/761/761 760/760/760
f 761/761/761 763/763/763 760/760/760
f 763/763/763 764/764/764 760/760/760
f 765/765/765 764/764/764 763/763/763
f 764/764/764 765/765/765 760/760/760
f 766/766/766 765/765/765 763/763/763
f 765/765/765 766/766/766 767/767/767
f 768/768/768 765/765/765 767/767/767
f 768/768/768 767/767/767 769/769/769
f 765/765/765 768/768/768 770/770/770
f 770/770/770 768/768/768 769/769/769
f 765/765/765 771/771/771 760/760/760
f 771/771/771 765/765/765 770/770/770
f 772/772/772 762/762/762 760/760/760
f 772/772/772 760/760/760 771/771/771
f 762/762/762 772/772/772 773/773/773
f 773/773/773 772/772/772 771/771/771
f 773/773/773 771/771/771 770/770/770
f 774/774/774 762/762/762 773/773/773
f 775/775/775 774/774/774 773/773/773
f 769/769/769 775/775/775 776/776/776
f 770/770/770 769/769/769 776/776/776
f 776/776/776 773/773/773 770/770/770
f 776/776/776 775/775/775 773/773/773
f 779/779/779 778/778/778 777/777/777
f 778/778/778 780/780/780 777/777/777
f 780/780/780 781/781/781 777/777/777
f 782/782/782 781/781/781 780/780/780
f 781/781/781 782/782/782 777/777/777
f 783/783/783 782/782/782 780/780/780
f 782/782/782 783/783/783 784/784/784
f 785/785/785 782/782/782 784/784/784
f 785/785/785 784/784/784 786/786/786
f 782/782/782 785/785/785 787/787/787
f 787/787/787 785/785/785 786/786/786
f 782/782/782 788/788/788 777/777/777
f 788/788/788 782/782/782 787/787/787
f 789/789/789 779/779/779 777/777/777
f 789/789/789 777/777/777 788/788/788
f 779/779/779 789/789/789 790/790/790
f 790/790/790 789/789/789 788/788/788
f 790/790/790 788/788/788 787/787/787
f 791/791/791 779/779/779 790/790/790
f 792/792/792 791/791/791 790/790/790
f 786/786/786 792/792/792 793/793/793
f 787/787/787 786/786/786 793/793/793
f 793/793/793 792/792/792 790/790/790
f 793/793/793 790/790/790 787/787/787
f 796/796/796 795/795/795 794/794/794
f 795/795/795 796/796/796 797/797/797
f 795/795/795 798/798/798 794/794/794
f 794/794/794 798/798/798 799/799/799
f 798/798/798 800/800/800 799/799/799
f 799/799/799 800/800/800 801/801/801
f 798/798/798 795/795/795 802/802/802
f 800/800/800 798/798/798 802/802/802
f 800/800/800 803/803/803 801/801/801
f 801/801/801 803/803/803 804/804/804
f 803/803/803 800/800/800 805/805/805
f 803/803/803 805/805/805 804/804/804
f 800/800/800 802/802/802 805/805/805
f 804/804/804 805/805/805 806/806/806
f 802/802/802 795/795/795 807/807/807
f 805/805/805 802/802/802 807/807/807
f 805/805/805 808/808/808 806/806/806
f 808/808/808 805/805/805 807/807/807
f 806/806/806 808/808/808 809/809/809
f 808/808/808 807/807/807 809/809/809
f 809/809/809 807/807/807 797/797/797
f 795/795/795 810/810/810 807/807/807
f 807/807/807 810/810/810 797/797/797
f 810/810/810 795/795/795 797/797/797
f 813/813/813 812/812/812 811/811/811
f 812/812/812 813/813/813 814/814/814
f 813/813/813 815/815/815 814/814/814
f 814/814/814 815/815/815 816/816/816
f 815/815/815 817/817/817 816/816/816
f 816/816/816 817/817/817 818/818/818
f 815/815/815 813/813/813 819/819/819
f 817/817/817 815/815/815 819/819/819
f 817/817/817 820/820/820 818/818/818
f 818/818/818 820/820/820 821/821/821
f 820/820/820 817/817/817 822/822/822
f 820/820/820 822/822/822 821/821/821
f 817/817/817 819/819/819 822/822/822
f 821/821/821 822/822/822 823/823/823
f 819/819/819 813/813/813 824/824/824
f 822/822/822 819/819/819 824/824/824
f 822/822/822 825/825/825 823/823/823
f 825/825/825 822/822/822 824/824/824
f 823/823/823 825/825/825 826/826/826
f 825/825/825 824/824/824 826/826/826
f 826/826/826 824/824/824 811/811/811
f 827/827/827 813/813/813 811/811/811
f 824/824/824 827/827/827 811/811/811
f 813/813/813 827/827/827 824/824/824
f 830/830/830 829/829/829 828/828/828
f 829/829/829 830/830/830 831/831/831
f 829/829/829 832/832/832 828/828/828
f 828/828/828 832/832/832 833/833/833
f 832/832/832 834/834/834 833/833/833
f 833/833/833 834/834/834 835/835/835
f 832/832/832 829/829/829 836/836/836
f 834/834/834 832/832/832 836/836/836
f 834/834/834 837/837/837 835/835/835
f 835/835/835 837/837/837 838/838/838
f 837/837/837 834/834/834 839/839/839
f 837/837/837 839/839/839 838/838/838
f 834/834/834 836/836/836 839/839/839
f 838/838/838 839/839/839 840/840/840
f 836/836/836 829/829/829 841/841/841
f 839/839/839 836/836/836 841/841/841
f 839/839/839 842/842/842 840/840/840
f 842/842/842 839/839/839 841/841/841
f 840/840/840 842/842/842 843/843/843
f 842/842/842 841/841/841 843/843/843
f 843/843/843 841/841/841 831/831/831
f 829/829/829 844/844/844 841/841/841
f 841/841/841 844/844/844 831/831/831
f 844/844/844 829/829/829 831/831/831
f 847/847/847 846/846/846 845/845/845
f 848/848/848 847/847/847 845/845/845
f 849/849/849 848/848/848 845/845/845
f 850/850/850 848/848/848 849/849/849
f 851/851/851 850/850/850 849/849/849
f 849/849/849 845/845/845 851/851/851
f 851/851/851 852/852/852 850/850/850
f 853/853/853 852/852/852 851/851/851
f 852/852/852 854/854/854 850/850/850
f 852/852/852 853/853/853 854/854/854
f 853/853/853 855/855/855 854/854/854
f 855/855/855 853/853/853 856/856/856
f 845/845/845 857/857/857 851/851/851
f 857/857/857 853/853/853 851/851/851
f 846/846/846 858/858/858 845/845/845
f 845/845/845 858/858/858 857/857/857
f 858/858/858 846/846/846 859/859/859
f 858/858/858 859/859/859 857/857/857
f 853/853/853 857/857/857 859/859/859
f 846/846/846 860/860/860 859/859/859
f 860/860/860 856/856/856 859/859/859
f 861/861/861 853/853/853 859/859/859
f 856/856/856 861/861/861 859/859/859
f 853/853/853 861/861/861 856/856/856
f 864/864/864 863/863/863 862/862/862
f 865/865/865 864/864/864 862/862/862
f 866/866/866 865/865/865 862/862/862
f 867/867/867 865/865/865 866/866/866
f 868/868/868 867/867/867 866/866/866
f 866/866/866 862/862/862 868/868/868
f 868/868/868 869/869/869 867/867/867
f 870/870/870 869/869/869 868/868/868
f 869/869/869 871/871/871 867/867/867
f 869/869/869 870/870/870 871/871/871
f 870/870/870 872/872/872 871/871/871
f 872/872/872 870/870/870 873/873/873
f 862/862/862 874/874/874 868/868/868
f 874/874/874 870/870/870 868/868/868
f 863/863/863 875/875/875 862/862/862
f 862/862/862 875/875/875 874/874/874
f 875/875/875 863/863/863 876/876/876
f 875/875/875 876/876/876 874/874/874
f 870/870/870 874/874/874 876/876/876
f 863/863/863 877/877/877 876/876/876
f 877/877/877 873/873/873 876/876/876
f 878/878/878 870/870/870 876/876/876
f 873/873/873 878/878/878 876/876/876
f 870/870/870 878/878/878 873/873/873
f 881/881/881 880/880/880 879/879/879
f 880/880/880 881/881/881 882/882/882
f 880/880/880 883/883/883 879/879/879
f 879/879/879 883/883/883 884/884/884
f 883/883/883 885/885/885 884/884/884
f 884/884/884 885/885/885 886/886/886
f 883/883/883 880/880/880 887/887/887
f 885/885/885 883/883/883 887/887/887
f 885/885/885 888/888/888 886/886/886
f 886/886/886 888/888/888 889/889/889
f 888/888/888 885/885/885 890/890/890
f 888/888/888 890/890/890 889/889/889
f 885/885/885 887/887/887 890/890/890
f 889/889/889 890/890/890 891/891/891
f 887/887/887 880/880/880 892/892/892
f 890/890/890 887/887/887 892/892/892
f 890/890/890 893/893/893 891/891/891
f 893/893/893 890/890/890 892/892/892
f 891/891/891 893/893/893 894/894/894
f 893/893/893 892/892/892 894/894/894
f 894/894/894 892/892/892 882/882/882
f 880/880/880 895/895/895 892/892/892
f 892/892/892 895/895/895 882/882/882
f 895/895/895 880/880/880 882/882/882
f 898/898/898 897/897/897 896/896/896
f 897/897/897 899/899/899 896/896/896
f 900/900/900 898/898/898 896/896/896
f 901/901/901 898/898/898 900/900/900
f 902/902/902 901/901/901 900/900/900
f 900/900/900 896/896/896 902/902/902
f 902/902/902 903/903/903 901/901/901
f 904/904/904 903/903/903 902/902/902
f 903/903/903 905/905/905 901/901/901
f 903/903/903 904/904/904 905/905/905
f 904/904/904 906/906/906 905/905/905
f 906/906/906 904/904/904 907/907/907
f 896/896/896 908/908/908 902/902/902
f 908/908/908 904/904/904 902/902/902
f 899/899/899 909/909/909 896/896/896
f 896/896/896 909/909/909 908/908/908
f 909/909/909 899/899/899 910/910/910
f 909/909/909 910/910/910 908/908/908
f 904/904/904 908/908/908 910/910/910
f 899/899/899 911/911/911 910/910/910
f 911/911/911 907/907/907 910/910/910
f 904/904/904 912/912/912 907/907/907
f 907/907/907 912/912/912 910/910/910
f 912/912/912 904/904/904 910/910/910
f 915/915/915 914/914/914 913/913/913
f 914/914/914 915/915/915 916/916/916
f 915/915/915 917/917/917 916/916/916
f 916/916/916 917/917/917 918/918/918
f 917/917/917 919/919/919 918/918/918
f 918/918/918 919/919/919 920/920/920
f 917/917/917 915/915/915 921/921/921
f 919/919/919 917/917/917 921/921/921
f 919/919/919 922/922/922 920/920/920
f 920/920/920 922/922/922 923/923/923
f 922/922/922 919/919/919 924/924/924
f 922/922/922 924/924/924 923/923/923
f 919/919/919 921/921/921 924/924/924
f 923/923/923 924/924/924 925/925/925
f 921/921/921 915/915/915 926/926/926
f 924/924/924 921/921/921 926/926/926
f 924/924/924 927/927/927 925/925/925
f 927/927/927 924/924/924 926/926/926
f 925/925/925 927/927/927 928/928/928
f 927/927/927 926/926/926 928/928/928
f 928/928/928 926/926/926 913/913/913
f 915/915/915 929/929/929 926/926/926
f 926/926/926 929/929/929 913/913/913
f 929/929/929 915/915/915 913/913/913
f 932/932/932 931/931/931 930/930/930
f 931/931/931 933/933/933 930/930/930
f 933/933/933 934/934/934 930/930/930
f 935/935/935 934/934/934 933/933/933
f 934/934/934 935/935/935 930/930/930
f 936/936/936 935/935/935 933/933/933
f 935/935/935 936/936/936 937/937/937
f 938/938/938 935/935/935 937/937/937
f 938/938/938 937/937/937 939/939/939
f 935/935/935 938/938/938 940/940/940
f 940/940/940 938/938/938 939/939/939
f 935/935/935 941/941/941 930/930/930
f 941/941/941 935/935/935 940/940/940
f 942/942/942 932/932/932 930/930/930
f 942/942/942 930/930/930 941/941/941
f 932/932/932 942/942/942 943/943/943
f 943/943/943 942/942/942 941/941/941
f 943/943/943 941/941/941 940/940/940
f 944/944/944 932/932/932 943/943/943
f 945/945/945 944/944/944 943/943/943
f 939/939/939 945/945/945 946/946/946
f 940/940/940 939/939/939 946/946/946
f 946/946/946 943/943/943 940/940/940
f 946/946/946 945/945/945 943/943/943
f 949/949/949 948/948/948 947/947/947
f 950/950/950 949/949/949 947/947/947
f 951/951/951 950/950/950 947/947/947
f 952/952/952 950/950/950 951/951/951
f 953/953/953 952/952/952 951/951/951
f 951/951/951 947/947/947 953/953/953
f 953/953/953 954/954/954 952/952/952
f 955/955/955 954/954/954 953/953/953
f 954/954/954 956/956/956 952/952/952
f 954/954/954 955/955/955 956/956/956
f 955/955/955 957/957/957 956/956/956
f 957/957/957 955/955/955 958/958/958
f 947/947/947 959/959/959 953/953/953
f 959/959/959 955/955/955 953/953/953
f 948/948/948 960/960/960 947/947/947
f 947/947/947 960/960/960 959/959/959
f 960/960/960 948/948/948 961/961/961
f 960/960/960 961/961/961 959/959/959
f 955/955/955 959/959/959 961/961/961
f 948/948/948 962/962/962 961/961/961
f 962/962/962 958/958/958 961/961/961
f 963/963/963 955/955/955 961/961/961
f 958/958/958 963/963/963 961/961/961
f 955/955/955 963/963/963 958/958/958
f 966/966/966 965/965/965 964/964/964
f 965/965/965 967/967/967 964/964/964
f 968/968/968 966/966/966 964/964/964
f 969/969/969 966/966/966 968/968/968
f 970/970/970 969/969/969 968/968/968
f 968/968/968 964/964/964 970/970/970
f 970/970/970 971/971/971 969/969/969
f 972/972/972 971/971/971 970/970/970
f 971/971/971 973/973/973 969/969/969
f 971/971/971 972/972/972 973/973/973
f 972/972/972 974/974/974 973/973/973
f 974/974/974 972/972/972 975/975/975
f 964/964/964 976/976/976 970/970/970
f 976/976/976 972/972/972 970/970/970
f 967/967/967 977/977/977 964/964/964
f 964/964/964 977/977/977 976/976/976
f 977/977/977 967/967/967 978/978/978
f 977/977/977 978/978/978 976/976/976
f 972/972/972 976/976/976 978/978/978
f 967/967/967 979/979/979 978/978/978
f 979/979/979 975/975/975 978/978/978
f 972/972/972 980/980/980 975/975/975
f 975/975/975 980/980/980 978/978/978
f 980/980/980 972/972/972 978/978/978
f 983/983/983 982/982/982 981/981/981
f 982/982/982 984/984/984 981/981/981
f 984/984/984 985/985/985 981/981/981
f 986/986/986 985/985/985 984/984/984
f 985/985/985 986/986/986 981/981/981
f 987/987/987 986/986/986 984/984/984
f 986/986/986 987/987/987 988/988/988
f 989/989/989 986/986/986 988/988/988
f 989/989/989 988/988/988 990/990/990
f 986/986/986 989/989/989 991/991/991
f 991/991/991 989/989/989 990/990/990
f 986/986/986 992/992/992 981/981/981
f 992/992/992 986/986/986 991/991/991
f 993/993/993 983/983/983 981/981/981
f 993/993/993 981/981/981 992/992/992
f 983/983/983 993/993/993 994/994/994
f 994/994/994 993/993/993 992/992/992
f 994/994/994 992/992/992 991/991/991
f 995/995/995 983/983/983 994/994/994
f 996/996/996 995/995/995 994/994/994
f 990/990/990 996/996/996 997/997/997
f 991/991/991 990/990/990 997/997/997
f 997/997/997 996/996/996 994/994/994
f 997/997/997 994/994/994 991/991/991
f 1000/1000/1000 999/999/999 998/998/998
f 999/999/999 1001/1001/1001 998/998/998
f 1001/1001/1001 1002/1002/1002 998/998/998
f 1003/1003/1003 1002/1002/1002 1001/1001/1001
f 1002/1002/1002 1003/1003/1003 998/998/998
f 1004/1004/1004 1003/1003/1003 1001/1001/1001
f 1003/1003/1003 1004/1004/1004 1005/1005/1005
f 1006/1006/1006 1003/1003/1003 1005/1005/1005
f 1006/1006/1006 1005/1005/1005 1007/1007/1007
f 1003/1003/1003 1006/1006/1006 1008/1008/1008
f 1008/1008/1008 1006/1006/1006 1007/1007/1007
f 1003/1003/1003 1009/1009/1009 998/998/998
f 1009/1009/1009 1003/1003/1003 1008/1008/1008
f 1010/1010/1010 1000/1000/1000 998/998/998
f 1010/1010/1010 998/998/998 1009/1009/1009
f 1000/1000/1000 1010/1010/1010 1011/1011/1011
f 1011/1011/1011 1010/1010/1010 1009/1009/1009
f 1011/1011/1011 1009/1009/1009 1008/1008/1008
f 1012/1012/1012 1000/1000/1000 1011/1011/1011
f 1013/1013/1013 1012/1012/1012 1011/1011/1011
f 1007/1007/1007 1013/1013/1013 1014/1014/1014
f 1008/1008/1008 1007/1007/1007 1014/1014/1014
f 1014/1014/1014 1013/1013/1013 1011/1011/1011
f 1014/1014/1014 1011/1011/1011 1008/1008/1008
f 1017/1017/1017 1016/1016/1016 1015/1015/1015
f 1016/1016/1016 1017/1017/1017 1018/1018/1018
f 1017/1017/1017 1019/1019/1019 1018/1018/1018
f 1018/1018/1018 1019/1019/1019 1020/1020/1020
f 1019/1019/1019 1021/1021/1021 1020/1020/1020
f 1020/1020/1020 1021/1021/1021 1022/1022/1022
f 1019/1019/1019 1017/1017/1017 1023/1023/1023
f 1021/1021/1021 1019/1019/1019 1023/1023/1023
f 1021/1021/1021 1024/1024/1024 1022/1022/1022
f 1022/1022/1022 1024/1024/1024 1025/1025/1025
f 1024/1024/1024 1021/1021/1021 1026/1026/1026
f 1024/1024/1024 1026/1026/1026 1025/1025/1025
f 1021/1021/1021 1023/1023/1023 1026/1026/1026
f 1025/1025/1025 1026/1026/1026 1027/1027/1027
f 1023/1023/1023 1017/1017/1017 1028/1028/1028
f 1026/1026/1026 1023/1023/1023 1028/1028/1028
f 1026/1026/1026 1029/1029/1029 1027/1027/1027
f 1029/1029/1029 1026/1026/1026 1028/1028/1028
f 1027/1027/1027 1029/1029/1029 1030/1030/1030
f 1029/1029/1029 1028/1028/1028 1030/1030/1030
f 1030/1030/1030 1028/1028/1028 1015/1015/1015
f 1031/1031/1031 1017/1017/1017 1015/1015/1015
f 1028/1028/1028 1031/1031/1031 1015/1015/1015
f 1017/1017/1017 1031/1031/1031 1028/1028/1028
f 1034/1034/1034 1033/1033/1033 1032/1032/1032
f 1035/1035/1035 1034/1034/1034 1032/1032/1032
f 1033/1033/1033 1036/1036/1036 1032/1032/1032
f 1037/1037/1037 1036/1036/1036 1033/1033/1033
f 1036/1036/1036 1037/1037/1037 1032/1032/1032
f 1038/1038/1038 1037/1037/1037 1033/1033/1033
f 1037/1037/1037 1038/1038/1038 1039/1039/1039
f 1040/1040/1040 1037/1037/1037 1039/1039/1039
f 1040/1040/1040 1039/1039/1039 1041/1041/1041
f 1037/1037/1037 1040/1040/1040 1042/1042/1042
f 1042/1042/1042 1040/1040/1040 1041/1041/1041
f 1037/1037/1037 1043/1043/1043 1032/1032/1032
f 1043/1043/1043 1037/1037/1037 1042/1042/1042
f 1044/1044/1044 1035/1035/1035 1032/1032/1032
f 1044/1044/1044 1032/1032/1032 1043/1043/1043
f 1035/1035/1035 1044/1044/1044 1045/1045/1045
f 1045/1045/1045 1044/1044/1044 1043/1043/1043
f 1045/1045/1045 1043/1043/1043 1042/1042/1042
f 1046/1046/1046 1035/1035/1035 1045/1045/1045
f 1047/1047/1047 1046/1046/1046 1045/1045/1045
f 1041/1041/1041 1047/1047/1047 1048/1048/1048
f 1042/1042/1042 1041/1041/1041 1048/1048/1048
f 1048/1048/1048 1047/1047/1047 1045/1045/1045
f 1048/1048/1048 1045/1045/1045 1042/1042/1042
f 1051/1051/1051 1050/1050/1050 1049/1049/1049
f 1052/1052/1052 1051/1051/1051 1049/1049/1049
f 1053/1053/1053 1052/1052/1052 1049/1049/1049
f 1054/1054/1054 1052/1052/1052 1053/1053/1053
f 1055/1055/1055 1054/1054/1054 1053/1053/1053
f 1053/1053/1053 1049/1049/1049 1055/1055/1055
f 1055/1055/1055 1056/1056/1056 1054/1054/1054
f 1057/1057/1057 1056/1056/1056 1055/1055/1055
f 1056/1056/1056 1058/1058/1058 1054/1054/1054
f 1056/1056/1056 1057/1057/1057 1058/1058/1058
f 1057/1057/1057 1059/1059/1059 1058/1058/1058
f 1059/1059/1059 1057/1057/1057 1060/1060/1060
f 1049/1049/1049 1061/1061/1061 1055/1055/1055
f 1061/1061/1061 1057/1057/1057 1055/1055/1055
f 1050/1050/1050 1062/1062/1062 1049/1049/1049
f 1049/1049/1049 1062/1062/1062 1061/1061/1061
f 1062/1062/1062 1050/1050/1050 1063/1063/1063
f 1062/1062/1062 1063/1063/1063 1061/1061/1061
f 1057/1057/1057 1061/1061/1061 1063/1063/1063
f 1050/1050/1050 1064/1064/1064 1063/1063/1063
f 1064/1064/1064 1060/1060/1060 1063/1063/1063
f 1065/1065/1065 1057/1057/1057 1063/1063/1063
f 1060/1060/1060 1065/1065/1065 1063/1063/1063
f 1057/1057/1057 1065/1065/1065 1060/1060/1060
f 1068/1068/1068 1067/1067/1067 1066/1066/1066
f 1069/1069/1069 1068/1068/1068 1066/1066/1066
f 1067/1067/1067 1070/1070/1070 1066/1066/1066
f 1071/1071/1071 1070/1070/1070 1067/1067/1067
f 1070/1070/1070 1071/1071/1071 1066/1066/1066
f 1072/1072/1072 1071/1071/1071 1067/1067/1067
f 1071/1071/1071 1072/1072/1072 1073/1073/1073
f 1074/1074/1074 1071/1071/1071 1073/1073/1073
f 1074/1074/1074 1073/1073/1073 1075/1075/1075
f 1071/1071/1071 1074/1074/1074 1076/1076/1076
f 1076/1076/1076 1074/1074/1074 1075/1075/1075
f 1071/1071/1071 1077/1077/1077 1066/1066/1066
f 1077/1077/1077 1071/1071/1071 1076/1076/1076
f 1078/1078/1078 1069/1069/1069 1066/1066/1066
f 1078/1078/1078 1066/1066/1066 1077/1077/1077
f 1069/1069/1069 1078/1078/1078 1079/1079/1079
f 1079/1079/1079 1078/1078/1078 1077/1077/1077
f 1079/1079/1079 1077/1077/1077 1076/1076/1076
f 1080/1080/1080 1069/1069/1069 1079/1079/1079
f 1081/1081/1081 1080/1080/1080 1079/1079/1079
f 1075/1075/1075 1081/1081/1081 1082/1082/1082
f 1076/1076/1076 1075/1075/1075 1082/1082/1082
f 1082/1082/1082 1079/1079/1079 1076/1076/1076
f 1082/1082/1082 1081/1081/1081 1079/1079/1079
f 1085/1085/1085 1084/1084/1084 1083/1083/1083
f 1084/1084/1084 1086/1086/1086 1083/1083/1083
f 1086/1086/1086 1087/1087/1087 1083/1083/1083
f 1088/1088/1088 1087/1087/1087 1086/1086/1086
f 1087/1087/1087 1088/1088/1088 1083/1083/1083
f 1089/1089/1089 1088/1088/1088 1086/1086/1086
f 1088/1088/1088 1089/1089/1089 1090/1090/1090
f 1091/1091/1091 1088/1088/1088 1090/1090/1090
f 1091/1091/1091 1090/1090/1090 1092/1092/1092
f 1088/1088/1088 1091/1091/1091 1093/1093/1093
f 1093/1093/1093 1091/1091/1091 1092/1092/1092
f 1088/1088/1088 1094/1094/1094 1083/1083/1083
f 1094/1094/1094 1088/1088/1088 1093/1093/1093
f 1095/1095/1095 1085/1085/1085 1083/1083/1083
f 1095/1095/1095 1083/1083/1083 1094/1094/1094
f 1085/1085/1085 1095/1095/1095 1096/1096/1096
f 1096/1096/1096 1095/1095/1095 1094/1094/1094
f 1096/1096/1096 1094/1094/1094 1093/1093/1093
f 1097/1097/1097 1085/1085/1085 1096/1096/1096
f 1098/1098/1098 1097/1097/1097 1096/1096/1096
f 1092/1092/1092 1098/1098/1098 1099/1099/1099
f 1093/1093/1093 1092/1092/1092 1099/1099/1099
f 1099/1099/1099 1098/1098/1098 1096/1096/1096
f 1099/1099/1099 1096/1096/1096 1093/1093/1093
f 1102/1102/1102 1101/1101/1101 1100/1100/1100
f 1103/1103/1103 1102/1102/1102 1100/1100/1100
f 1104/1104/1104 1103/1103/1103 1100/1100/1100
f 1105/1105/1105 1103/1103/1103 1104/1104/1104
f 1106/1106/1106 1105/1105/1105 1104/1104/1104
f 1104/1104/1104 1100/1100/1100 1106/1106/1106
f 1106/1106/1106 1107/1107/1107 1105/1105/1105
f 1108/1108/1108 1107/1107/1107 1106/1106/1106
f 1107/1107/1107 1109/1109/1109 1105/1105/1105
f 1107/1107/1107 1108/1108/1108 1109/1109/1109
f 1108/1108/1108 1110/1110/1110 1109/1109/1109
f 1110/1110/1110 1108/1108/1108 1111/1111/1111
f 1100/1100/1100 1112/1112/1112 1106/1106/1106
f 1112/1112/1112 1108/1108/1108 1106/1106/1106
f 1101/1101/1101 1113/1113/1113 1100/1100/1100
f 1100/1100/1100 1113/1113/1113 1112/1112/1112
f 1113/1113/1113 1101/1101/1101 1114/1114/1114
f 1113/1113/1113 1114/1114/1114 1112/1112/1112
f 1108/1108/1108 1112/1112/1112 1114/1114/1114
f 1101/1101/1101 1115/1115/1115 1114/1114/1114
f 1115/1115/1115 1111/1111/1111 1114/1114/1114
f 1108/1108/1108 1116/1116/1116 1111/1111/1111
f 1116/1116/1116 1108/1108/1108 1114/1114/1114
f 1111/1111/1111 1116/1116/1116 1114/1114/1114
f 1119/1119/1119 1118/1118/1118 1117/1117/1117
f 1118/1118/1118 1120/1120/1120 1117/1117/1117
f 1121/1121/1121 1119/1119/1119 1117/1117/1117
f 1122/1122/1122 1119/1119/1119 1121/1121/1121
f 1123/1123/1123 1122/1122/1122 1121/1121/1121
f 1121/1121/1121 1117/1117/1117 1123/1123/1123
f 1123/1123/1123 1124/1124/1124 1122/1122/1122
f 1125/1125/1125 1124/1124/1124 1123/1123/1123
f 1124/1124/1124 1126/1126/1126 1122/1122/1122
f 1124/1124/1124 1125/1125/1125 1126/1126/1126
f 1125/1125/1125 1127/1127/1127 1126/1126/1126
f 1127/1127/1127 1125/1125/1125 1128/1128/1128
f 1117/1117/1117 1129/1129/1129 1123/1123/1123
f 1129/1129/1129 1125/1125/1125 1123/1123/1123
f 1120/1120/1120 1130/1130/1130 1117/1117/1117
f 1117/1117/1117 1130/1130/1130 1129/1129/1129
f 1130/1130/1130 1120/1120/1120 1131/1131/1131
f 1130/1130/1130 1131/1131/1131 1129/1129/1129
f 1125/1125/1125 1129/1129/1129 1131/1131/1131
f 1120/1120/1120 1132/1132/1132 1131/1131/1131
f 1132/1132/1132 1128/1128/1128 1131/1131/1131
f 1125/1125/1125 1133/1133/1133 1128/1128/1128
f 1128/1128/1128 1133/1133/1133 1131/1131/1131
f 1133/1133/1133 1125/1125/1125 1131/1131/1131
f 1136/1136/1136 1135/1135/1135 1134/1134/1134
f 1135/1135/1135 1136/1136/1136 1137/1137/1137
f 1138/1138/1138 1136/1136/1136 1134/1134/1134
f 1138/1138/1138 1134/1134/1134 1139/1139/1139
f 1140/1140/1140 1138/1138/1138 1139/1139/1139
f 1136/1136/1136 1138/1138/1138 1140/1140/1140
f 1140/1140/1140 1139/1139/1139 1141/1141/1141
f 1139/1139/1139 1142/1142/1142 1141/1141/1141
f 1141/1141/1141 1142/1142/1142 1143/1143/1143
f 1141/1141/1141 1143/1143/1143 1140/1140/1140
f 1142/1142/1142 1144/1144/1144 1143/1143/1143
f 1144/1144/1144 1145/1145/1145 1143/1143/1143
f 1143/1143/1143 1146/1146/1146 1140/1140/1140
f 1146/1146/1146 1136/1136/1136 1140/1140/1140
f 1145/1145/1145 1147/1147/1147 1143/1143/1143
f 1143/1143/1143 1147/1147/1147 1146/1146/1146
f 1147/1147/1147 1145/1145/1145 1148/1148/1148
f 1147/1147/1147 1148/1148/1148 1146/1146/1146
f 1136/1136/1136 1146/1146/1146 1148/1148/1148
f 1145/1145/1145 1149/1149/1149 1148/1148/1148
f 1149/1149/1149 1137/1137/1137 1148/1148/1148
f 1136/1136/1136 1150/1150/1150 1137/1137/1137
f 1137/1137/1137 1150/1150/1150 1148/1148/1148
f 1150/1150/1150 1136/1136/1136 1148/1148/1148
f 1153/1153/1153 1152/1152/1152 1151/1151/1151
f 1152/1152/1152 1153/1153/1153 1154/1154/1154
f 1153/1153/1153 1155/1155/1155 1154/1154/1154
f 1154/1154/1154 1155/1155/1155 1156/1156/1156
f 1155/1155/1155 1157/1157/1157 1156/1156/1156
f 1156/1156/1156 1157/1157/1157 1158/1158/1158
f 1155/1155/1155 1153/1153/1153 1159/1159/1159
f 1157/1157/1157 1155/1155/1155 1159/1159/1159
f 1157/1157/1157 1160/1160/1160 1158/1158/1158
f 1158/1158/1158 1160/1160/1160 1161/1161/1161
f 1160/1160/1160 1157/1157/1157 1162/1162/1162
f 1160/1160/1160 1162/1162/1162 1161/1161/1161
f 1157/1157/1157 1159/1159/1159 1162/1162/1162
f 1161/1161/1161 1162/1162/1162 1163/1163/1163
f 1159/1159/1159 1153/1153/1153 1164/1164/1164
f 1162/1162/1162 1159/1159/1159 1164/1164/1164
f 1162/1162/1162 1165/1165/1165 1163/1163/1163
f 1165/1165/1165 1162/1162/1162 1164/1164/1164
f 1163/1163/1163 1165/1165/1165 1166/1166/1166
f 1165/1165/1165 1164/1164/1164 1166/1166/1166
f 1166/1166/1166 1164/1164/1164 1151/1151/1151
f 1153/1153/1153 1167/1167/1167 1164/1164/1164
f 1167/1167/1167 1153/1153/1153 1151/1151/1151
f 1164/1164/1164 1167/1167/1167 1151/1151/1151
f 1170/1170/1170 1169/1169/1169 1168/1168/1168
f 1169/1169/1169 1171/1171/1171 1168/1168/1168
f 1171/1171/1171 1172/1172/1172 1168/1168/1168
f 1173/1173/1173 1172/1172/1172 1171/1171/1171
f 1172/1172/1172 1173/1173/1173 1168/1168/1168
f 1174/1174/1174 1173/1173/1173 1171/1171/1171
f 1173/1173/1173 1174/1174/1174 1175/1175/1175
f 1176/1176/1176 1173/1173/1173 1175/1175/1175
f 1176/1176/1176 1175/1175/1175 1177/1177/1177
f 1173/1173/1173 1176/1176/1176 1178/1178/1178
f 1178/1178/1178 1176/1176/1176 1177/1177/1177
f 1173/1173/1173 1179/1179/1179 1168/1168/1168
f 1179/1179/1179 1173/1173/1173 1178/1178/1178
f 1180/1180/1180 1170/1170/1170 1168/1168/1168
f 1180/1180/1180 1168/1168/1168 1179/1179/1179
f 1170/1170/1170 1180/1180/1180 1181/1181/1181
f 1181/1181/1181 1180/1180/1180 1179/1179/1179
f 1181/1181/1181 1179/1179/1179 1178/1178/1178
f 1182/1182/1182 1170/1170/1170 1181/1181/1181
f 1183/1183/1183 1182/1182/1182 1181/1181/1181
f 1177/1177/1177 1183/1183/1183 1184/1184/1184
f 1178/1178/1178 1177/1177/1177 1184/1184/1184
f 1184/1184/1184 1183/1183/1183 1181/1181/1181
f 1184/1184/1184 1181/1181/1181 1178/1178/1178
f 1187/1187/1187 1186/1186/1186 1185/1185/1185
f 1186/1186/1186 1187/1187/1187 1188/1188/1188
f 1187/1187/1187 1189/1189/1189 1188/1188/1188
f 1188/1188/1188 1189/1189/1189 1190/1190/1190
f 1189/1189/1189 1191/1191/1191 1190/1190/1190
f 1190/1190/1190 1191/1191/1191 1192/1192/1192
f 1189/1189/1189 1187/1187/1187 1193/1193/1193
f 1191/1191/1191 1189/1189/1189 1193/1193/1193
f 1191/1191/1191 1194/1194/1194 1192/1192/1192
f 1192/1192/1192 1194/1194/1194 1195/1195/1195
f 1194/1194/1194 1191/1191/1191 1196/1196/1196
f 1194/1194/1194 1196/1196/1196 1195/1195/1195
f 1191/1191/1191 1193/1193/1193 1196/1196/1196
f 1195/1195/1195 1196/1196/1196 1197/1197/1197
f 1193/1193/1193 1187/1187/1187 1198/1198/1198
f 1196/1196/1196 1193/1193/1193 1198/1198/1198
f 1196/1196/1196 1199/1199/1199 1197/1197/1197
f 1199/1199/1199 1196/1196/1196 1198/1198/1198
f 1197/1197/1197 1199/1199/1199 1200/1200/1200
f 1199/1199/1199 1198/1198/1198 1200/1200/1200
f 1200/1200/1200 1198/1198/1198 1185/1185/1185
f 1187/1187/1187 1201/1201/1201 1198/1198/1198
f 1198/1198/1198 1201/1201/1201 1185/1185/1185
f 1201/1201/1201 1187/1187/1187 1185/1185/1185
f 1204/1204/1204 1203/1203/1203 1202/1202/1202
f 1203/1203/1203 1204/1204/1204 1205/1205/1205
f 1204/1204/1204 1206/1206/1206 1205/1205/1205
f 1205/1205/1205 1206/1206/1206 1207/1207/1207
f 1206/1206/1206 1208/1208/1208 1207/1207/1207
f 1207/1207/1207 1208/1208/1208 1209/1209/1209
f 1206/1206/1206 1204/1204/1204 1210/1210/1210
f 1208/1208/1208 1206/1206/1206 1210/1210/1210
f 1208/1208/1208 1211/1211/1211 1209/1209/1209
f 1209/1209/1209 1211/1211/1211 1212/1212/1212
f 1211/1211/1211 1208/1208/1208 1213/1213/1213
f 1211/1211/1211 1213/1213/1213 1212/1212/1212
f 1208/1208/1208 1210/1210/1210 1213/1213/1213
f 1212/1212/1212 1213/1213/1213 1214/1214/1214
f 1210/1210/1210 1204/1204/1204 1215/1215/1215
f 1213/1213/1213 1210/1210/1210 1215/1215/1215
f 1213/1213/1213 1216/1216/1216 1214/1214/1214
f 1216/1216/1216 1213/1213/1213 1215/1215/1215
f 1214/1214/1214 1216/1216/1216 1217/1217/1217
f 1216/1216/1216 1215/1215/1215 1217/1217/1217
f 1217/1217/1217 1215/1215/1215 1202/1202/1202
f 1218/1218/1218 1204/1204/1204 1202/1202/1202
f 1215/1215/1215 1218/1218/1218 1202/1202/1202
f 1204/1204/1204 1218/1218/1218 1215/1215/1215
f 1221/1221/1221 1220/1220/1220 1219/1219/1219
f 1220/1220/1220 1221/1221/1221 1222/1222/1222
f 1223/1223/1223 1221/1221/1221 1219/1219/1219
f 1223/1223/1223 1219/1219/1219 1224/1224/1224
f 1225/1225/1225 1223/1223/1223 1224/1224/1224
f 1221/1221/1221 1223/1223/1223 1225/1225/1225
f 1225/1225/1225 1224/1224/1224 1226/1226/1226
f 1224/1224/1224 1227/1227/1227 1226/1226/1226
f 1226/1226/1226 1227/1227/1227 1228/1228/1228
f 1226/1226/1226 1228/1228/1228 1225/1225/1225
f 1227/1227/1227 1229/1229/1229 1228/1228/1228
f 1229/1229/1229 1230/1230/1230 1228/1228/1228
f 1228/1228/1228 1231/1231/1231 1225/1225/1225
f 1231/1231/1231 1221/1221/1221 1225/1225/1225
f 1230/1230/1230 1232/1232/1232 1228/1228/1228
f 1228/1228/1228 1232/1232/1232 1231/1231/1231
f 1232/1232/1232 1230/1230/1230 1233/1233/1233
f 1232/1232/1232 1233/1233/1233 1231/1231/1231
f 1221/1221/1221 1231/1231/1231 1233/1233/1233
f 1230/1230/1230 1234/1234/1234 1233/1233/1233
f 1234/1234/1234 1222/1222/1222 1233/1233/1233
f 1235/1235/1235 1221/1221/1221 1233/1233/1233
f 1222/1222/1222 1235/1235/1235 1233/1233/1233
f 1221/1221/1221 1235/1235/1235 1222/1222/1222
f 1238/1238/1238 1237/1237/1237 1236/1236/1236
f 1237/1237/1237 1238/1238/1238 1239/1239/1239
f 1240/1240/1240 1237/1237/1237 1239/1239/1239
f 1240/1240/1240 1239/1239/1239 1241/1241/1241
f 1242/1242/1242 1240/1240/1240 1241/1241/1241
f 1237/1237/1237 1240/1240/1240 1242/1242/1242
f 1242/1242/1242 1241/1241/1241 1243/1243/1243
f 1241/1241/1241 1244/1244/1244 1243/1243/1243
f 1243/1243/1243 1244/1244/1244 1245/1245/1245
f 1243/1243/1243 1245/1245/1245 1242/1242/1242
f 1244/1244/1244 1246/1246/1246 1245/1245/1245
f 1246/1246/1246 1247/1247/1247 1245/1245/1245
f 1245/1245/1245 1248/1248/1248 1242/1242/1242
f 1248/1248/1248 1237/1237/1237 1242/1242/1242
f 1247/1247/1247 1249/1249/1249 1245/1245/1245
f 1245/1245/1245 1249/1249/1249 1248/1248/1248
f 1249/1249/1249 1247/1247/1247 1250/1250/1250
f 1249/1249/1249 1250/1250/1250 1248/1248/1248
f 1237/1237/1237 1248/1248/1248 1250/1250/1250
f 1247/1247/1247 1251/1251/1251 1250/1250/1250
f 1251/1251/1251 1236/1236/1236 1250/1250/1250
f 1237/1237/1237 1252/1252/1252 1236/1236/1236
f 1236/1236/1236 1252/1252/1252 1250/1250/1250
f 1252/1252/1252 1237/1237/1237 1250/1250/1250
f 1255/1255/1255 1254/1254/1254 1253/1253/1253
f 1254/1254/1254 1255/1255/1255 1256/1256/1256
f 1255/1255/1255 1257/1257/1257 1256/1256/1256
f 1256/1256/1256 1257/1257/1257 1258/1258/1258
f 1257/1257/1257 1259/1259/1259 1258/1258/1258
f 1258/1258/1258 1259/1259/1259 1260/1260/1260
f 1257/1257/1257 1255/1255/1255 1261/1261/1261
f 1259/1259/1259 1257/1257/1257 1261/1261/1261
f 1259/1259/1259 1262/1262/1262 1260/1260/1260
f 1260/1260/1260 1262/1262/1262 1263/1263/1263
f 1262/1262/1262 1259/1259/1259 1264/1264/1264
f 1262/1262/1262 1264/1264/1264 1263/1263/1263
f 1259/1259/1259 1261/1261/1261 1264/1264/1264
f 1263/1263/1263 1264/1264/1264 1265/1265/1265
f 1261/1261/1261 1255/1255/1255 1266/1266/1266
f 1264/1264/1264 1261/1261/1261 1266/1266/1266
f 1264/1264/1264 1267/1267/1267 1265/1265/1265
f 1267/1267/1267 1264/1264/1264 1266/1266/1266
f 1265/1265/1265 1267/1267/1267 1268/1268/1268
f 1267/1267/1267 1266/1266/1266 1268/1268/1268
f 1268/1268/1268 1266/1266/1266 1253/1253/1253
f 1269/1269/1269 1255/1255/1255 1253/1253/1253
f 1255/1255/1255 1269/1269/1269 1266/1266/1266
f 1266/1266/1266 1269/1269/1269 1253/1253/1253
f 1272/1272/1272 1271/1271/1271 1270/1270/1270
f 1271/1271/1271 1272/1272/1272 1273/1273/1273
f 1271/1271/1271 1274/1274/1274 1270/1270/1270
f 1270/1270/1270 1274/1274/1274 1275/1275/1275
f 1274/1274/1274 1276/1276/1276 1275/1275/1275
f 1275/1275/1275 1276/1276/1276 1277/1277/1277
f 1274/1274/1274 1271/1271/1271 1278/1278/1278
f 1276/1276/1276 1274/1274/1274 1278/1278/1278
f 1276/1276/1276 1279/1279/1279 1277/1277/1277
f 1277/1277/1277 1279/1279/1279 1280/1280/1280
f 1279/1279/1279 1276/1276/1276 1281/1281/1281
f 1279/1279/1279 1281/1281/1281 1280/1280/1280
f 1276/1276/1276 1278/1278/1278 1281/1281/1281
f 1280/1280/1280 1281/1281/1281 1282/1282/1282
f 1278/1278/1278 1271/1271/1271 1283/1283/1283
f 1281/1281/1281 1278/1278/1278 1283/1283/1283
f 1281/1281/1281 1284/1284/1284 1282/1282/1282
f 1284/1284/1284 1281/1281/1281 1283/1283/1283
f 1282/1282/1282 1284/1284/1284 1285/1285/1285
f 1284/1284/1284 1283/1283/1283 1285/1285/1285
f 1285/1285/1285 1283/1283/1283 1273/1273/1273
f 1271/1271/1271 1286/1286/1286 1283/1283/1283
f 1283/1283/1283 1286/1286/1286 1273/1273/1273
f 1286/1286/1286 1271/1271/1271 1273/1273/1273
f 1289/1289/1289 1288/1288/1288 1287/1287/1287
f 1288/1288/1288 1289/1289/1289 1290/1290/1290
f 1288/1288/1288 1291/1291/1291 1287/1287/1287
f 1287/1287/1287 1291/1291/1291 1292/1292/1292
f 1291/1291/1291 1293/1293/1293 1292/1292/1292
f 1292/1292/1292 1293/1293/1293 1294/1294/1294
f 1291/1291/1291 1288/1288/1288 1295/1295/1295
f 1293/1293/1293 1291/1291/1291 1295/1295/1295
f 1293/1293/1293 1296/1296/1296 1294/1294/1294
f 1294/1294/1294 1296/1296/1296 1297/1297/1297
f 1296/1296/1296 1293/1293/1293 1298/1298/1298
f 1296/1296/1296 1298/1298/1298 1297/1297/1297
f 1293/1293/1293 1295/1295/1295 1298/1298/1298
f 1297/1297/1297 1298/1298/1298 1299/1299/1299
f 1295/1295/1295 1288/1288/1288 1300/1300/1300
f 1298/1298/1298 1295/1295/1295 1300/1300/1300
f 1298/1298/1298 1301/1301/1301 1299/1299/1299
f 1301/1301/1301 1298/1298/1298 1300/1300/1300
f 1299/1299/1299 1301/1301/1301 1302/1302/1302
f 1301/1301/1301 1300/1300/1300 1302/1302/1302
f 1302/1302/1302 1300/1300/1300 1290/1290/1290
f 1303/1303/1303 1288/1288/1288 1290/1290/1290
f 1288/1288/1288 1303/1303/1303 1300/1300/1300
f 1300/1300/1300 1303/1303/1303 1290/1290/1290
f 1306/1306/1306 1305/1305/1305 1304/1304/1304
f 1305/1305/1305 1306/1306/1306 1307/1307/1307
f 1306/1306/1306 1308/1308/1308 1307/1307/1307
f 1307/1307/1307 1308/1308/1308 1309/1309/1309
f 1308/1308/1308 1310/1310/1310 1309/1309/1309
f 1309/1309/1309 1310/1310/1310 1311/1311/1311
f 1308/1308/1308 1306/1306/1306 1312/1312/1312
f 1310/1310/1310 1308/1308/1308 1312/1312/1312
f 1310/1310/1310 1313/1313/1313 1311/1311/1311
f 1311/1311/1311 1313/1313/1313 1314/1314/1314
f 1313/1313/1313 1310/1310/1310 1315/1315/1315
f 1313/1313/1313 1315/1315/1315 1314/1314/1314
f 1310/1310/1310 1312/1312/1312 1315/1315/1315
f 1314/1314/1314 1315/1315/1315 1316/1316/1316
f 1312/1312/1312 1306/1306/1306 1317/1317/1317
f 1315/1315/1315 1312/1312/1312 1317/1317/1317
f 1315/1315/1315 1318/1318/1318 1316/1316/1316
f 1318/1318/1318 1315/1315/1315 1317/1317/1317
f 1316/1316/1316 1318/1318/1318 1319/1319/1319
f 1318/1318/1318 1317/1317/1317 1319/1319/1319
f 1319/1319/1319 1317/1317/1317 1304/1304/1304
f 1320/1320/1320 1306/1306/1306 1304/1304/1304
f 1317/1317/1317 1320/1320/1320 1304/1304/1304
f 1306/1306/1306 1320/1320/1320 1317/1317/1317
f 1323/1323/1323 1322/1322/1322 1321/1321/1321
f 1322/1322/1322 1324/1324/1324 1321/1321/1321
f 1324/1324/1324 1325/1325/1325 1321/1321/1321
f 1326/1326/1326 1325/1325/1325 1324/1324/1324
f 1325/1325/1325 1326/1326/1326 1321/1321/1321
f 1327/1327/1327 1326/1326/1326 1324/1324/1324
f 1326/1326/1326 1327/1327/1327 1328/1328/1328
f 1329/1329/1329 1326/1326/1326 1328/1328/1328
f 1329/1329/1329 1328/1328/1328 1330/1330/1330
f 1326/1326/1326 1329/1329/1329 1331/1331/1331
f 1331/1331/1331 1329/1329/1329 1330/1330/1330
f 1326/1326/1326 1332/1332/1332 1321/1321/1321
f 1332/1332/1332 1326/1326/1326 1331/1331/1331
f 1333/1333/1333 1323/1323/1323 1321/1321/1321
f 1333/1333/1333 1321/1321/1321 1332/1332/1332
f 1323/1323/1323 1333/1333/1333 1334/1334/1334
f 1334/1334/1334 1333/1333/1333 1332/1332/1332
f 1334/1334/1334 1332/1332/1332 1331/1331/1331
f 1335/1335/1335 1323/1323/1323 1334/1334/1334
f 1336/1336/1336 1335/1335/1335 1334/1334/1334
f 1330/1330/1330 1336/1336/1336 1337/1337/1337
f 1331/1331/1331 1330/1330/1330 1337/1337/1337
f 1337/1337/1337 1336/1336/1336 1334/1334/1334
f 1337/1337/1337 1334/1334/1334 1331/1331/1331
f 1340/1340/1340 1339/1339/1339 1338/1338/1338
f 1339/1339/1339 1340/1340/1340 1341/1341/1341
f 1340/1340/1340 1342/1342/1342 1341/1341/1341
f 1341/1341/1341 1342/1342/1342 1343/1343/1343
f 1342/1342/1342 1344/1344/1344 1343/1343/1343
f 1343/1343/1343 1344/1344/1344 1345/1345/1345
f 1342/1342/1342 1340/1340/1340 1346/1346/1346
f 1344/1344/1344 1342/1342/1342 1346/1346/1346
f 1344/1344/1344 1347/1347/1347 1345/1345/1345
f 1345/1345/1345 1347/1347/1347 1348/1348/1348
f 1347/1347/1347 1344/1344/1344 1349/1349/1349
f 1347/1347/1347 1349/1349/1349 1348/1348/1348
f 1344/1344/1344 1346/1346/1346 1349/1349/1349
f 1348/1348/1348 1349/1349/1349 1350/1350/1350
f 1346/1346/1346 1340/1340/1340 1351/1351/1351
f 1349/1349/1349 1346/1346/1346 1351/1351/1351
f 1349/1349/1349 1352/1352/1352 1350/1350/1350
f 1352/1352/1352 1349/1349/1349 1351/1351/1351
f 1350/1350/1350 1352/1352/1352 1353/1353/1353
f 1352/1352/1352 1351/1351/1351 1353/1353/1353
f 1353/1353/1353 1351/1351/1351 1338/1338/1338
f 1354/1354/1354 1340/1340/1340 1338/1338/1338
f 1340/1340/1340 1354/1354/1354 1351/1351/1351
f 1351/1351/1351 1354/1354/1354 1338/1338/1338
f 1357/1357/1357 1356/1356/1356 1355/1355/1355
f 1356/1356/1356 1358/1358/1358 1355/1355/1355
f 1359/1359/1359 1357/1357/1357 1355/1355/1355
f 1360/1360/1360 1357/1357/1357 1359/1359/1359
f 1361/1361/1361 1360/1360/1360 1359/1359/1359
f 1359/1359/1359 1355/1355/1355 1361/1361/1361
f 1361/1361/1361 1362/1362/1362 1360/1360/1360
f 1363/1363/1363 1362/1362/1362 1361/1361/1361
f 1362/1362/1362 1364/1364/1364 1360/1360/1360
f 1362/1362/1362 1363/1363/1363 1364/1364/1364
f 1363/1363/1363 1365/1365/1365 1364/1364/1364
f 1365/1365/1365 1363/1363/1363 1366/1366/1366
f 1355/1355/1355 1367/1367/1367 1361/1361/1361
f 1367/1367/1367 1363/1363/1363 1361/1361/1361
f 1358/1358/1358 1368/1368/1368 1355/1355/1355
f 1355/1355/1355 1368/1368/1368 1367/1367/1367
f 1368/1368/1368 1358/1358/1358 1369/1369/1369
f 1368/1368/1368 1369/1369/1369 1367/1367/1367
f 1363/1363/1363 1367/1367/1367 1369/1369/1369
f 1358/1358/1358 1370/1370/1370 1369/1369/1369
f 1370/1370/1370 1366/1366/1366 1369/1369/1369
f 1363/1363/1363 1371/1371/1371 1366/1366/1366
f 1371/1371/1371 1363/1363/1363 1369/1369/1369
f 1366/1366/1366 1371/1371/1371 1369/1369/1369
f 1374/1374/1374 1373/1373/1373 1372/1372/1372
f 1373/1373/1373 1375/1375/1375 1372/1372/1372
f 1375/1375/1375 1376/1376/1376 1372/1372/1372
f 1377/1377/1377 1376/1376/1376 1375/1375/1375
f 1376/1376/1376 1377/1377/1377 1372/1372/1372
f 1378/1378/1378 1377/1377/1377 1375/1375/1375
f 1377/1377/1377 1378/1378/1378 1379/1379/1379
f 1380/1380/1380 1377/1377/1377 1379/1379/1379
f 1380/1380/1380 1379/1379/1379 1381/1381/1381
f 1377/1377/1377 1380/1380/1380 1382/1382/1382
f 1382/1382/1382 1380/1380/1380 1381/1381/1381
f 1377/1377/1377 1383/1383/1383 1372/1372/1372
f 1383/1383/1383 1377/1377/1377 1382/1382/1382
f 1384/1384/1384 1374/1374/1374 1372/1372/1372
f 1384/1384/1384 1372/1372/1372 1383/1383/1383
f 1374/1374/1374 1384/1384/1384 1385/1385/1385
f 1385/1385/1385 1384/1384/1384 1383/1383/1383
f 1385/1385/1385 1383/1383/1383 1382/1382/1382
f 1386/1386/1386 1374/1374/1374 1385/1385/1385
f 1387/1387/1387 1386/1386/1386 1385/1385/1385
f 1381/1381/1381 1387/1387/1387 1388/1388/1388
f 1382/1382/1382 1381/1381/1381 1388/1388/1388
f 1388/1388/1388 1387/1387/1387 1385/1385/1385
f 1388/1388/1388 1385/1385/1385 1382/1382/1382
f 1391/1391/1391 1390/1390/1390 1389/1389/1389
f 1392/1392/1392 1391/1391/1391 1389/1389/1389
f 1390/1390/1390 1393/1393/1393 1389/1389/1389
f 1394/1394/1394 1393/1393/1393 1390/1390/1390
f 1393/1393/1393 1394/1394/1394 1389/1389/1389
f 1395/1395/1395 1394/1394/1394 1390/1390/1390
f 1394/1394/1394 1395/1395/1395 1396/1396/1396
f 1397/1397/1397 1394/1394/1394 1396/1396/1396
f 1397/1397/1397 1396/1396/1396 1398/1398/1398
f 1394/1394/1394 1397/1397/1397 1399/1399/1399
f 1399/1399/1399 1397/1397/1397 1398/1398/1398
f 1394/1394/1394 1400/1400/1400 1389/1389/1389
f 1400/1400/1400 1394/1394/1394 1399/1399/1399
f 1401/1401/1401 1392/1392/1392 1389/1389/1389
f 1401/1401/1401 1389/1389/1389 1400/1400/1400
f 1392/1392/1392 1401/1401/1401 1402/1402/1402
f 1402/1402/1402 1401/1401/1401 1400/1400/1400
f 1402/1402/1402 1400/1400/1400 1399/1399/1399
f 1403/1403/1403 1392/1392/1392 1402/1402/1402
f 1404/1404/1404 1403/1403/1403 1402/1402/1402
f 1398/1398/1398 1404/1404/1404 1405/1405/1405
f 1399/1399/1399 1398/1398/1398 1405/1405/1405
f 1405/1405/1405 1402/1402/1402 1399/1399/1399
f 1405/1405/1405 1404/1404/1404 1402/1402/1402
f 1408/1408/1408 1407/1407/1407 1406/1406/1406
f 1407/1407/1407 1408/1408/1408 1409/1409/1409
f 1410/1410/1410 1407/1407/1407 1409/1409/1409
f 1410/1410/1410 1409/1409/1409 1411/1411/1411
f 1412/1412/1412 1410/1410/1410 1411/1411/1411
f 1407/1407/1407 1410/1410/1410 1412/1412/1412
f 1412/1412/1412 1411/1411/1411 1413/1413/1413
f 1411/1411/1411 1414/1414/1414 1413/1413/1413
f 1413/1413/1413 1414/1414/1414 1415/1415/1415
f 1413/1413/1413 1415/1415/1415 1412/1412/1412
f 1414/1414/1414 1416/1416/1416 1415/1415/1415
f 1416/1416/1416 1417/1417/1417 1415/1415/1415
f 1415/1415/1415 1418/1418/1418 1412/1412/1412
f 1418/1418/1418 1407/1407/1407 1412/1412/1412
f 1417/1417/1417 1419/1419/1419 1415/1415/1415
f 1415/1415/1415 1419/1419/1419 1418/1418/1418
f 1419/1419/1419 1417/1417/1417 1420/1420/1420
f 1419/1419/1419 1420/1420/1420 1418/1418/1418
f 1407/1407/1407 1418/1418/1418 1420/1420/1420
f 1417/1417/1417 1421/1421/1421 1420/1420/1420
f 1421/1421/1421 1406/1406/1406 1420/1420/1420
f 1422/1422/1422 1407/1407/1407 1420/1420/1420
f 1406/1406/1406 1422/1422/1422 1420/1420/1420
f 1407/1407/1407 1422/1422/1422 1406/1406/1406
f 1425/1425/1425 1424/1424/1424 1423/1423/1423
f 1426/1426/1426 1425/1425/1425 1423/1423/1423
f 1427/1427/1427 1426/1426/1426 1423/1423/1423
f 1428/1428/1428 1426/1426/1426 1427/1427/1427
f 1429/1429/1429 1428/1428/1428 1427/1427/1427
f 1427/1427/1427 1423/1423/1423 1429/1429/1429
f 1429/1429/1429 1430/1430/1430 1428/1428/1428
f 1431/1431/1431 1430/1430/1430 1429/1429/1429
f 1430/1430/1430 1432/1432/1432 1428/1428/1428
f 1430/1430/1430 1431/1431/1431 1432/1432/1432
f 1431/1431/1431 1433/1433/1433 1432/1432/1432
f 1433/1433/1433 1431/1431/1431 1434/1434/1434
f 1423/1423/1423 1435/1435/1435 1429/1429/1429
f 1435/1435/1435 1431/1431/1431 1429/1429/1429
f 1424/1424/1424 1436/1436/1436 1423/1423/1423
f 1423/1423/1423 1436/1436/1436 1435/1435/1435
f 1436/1436/1436 1424/1424/1424 1437/1437/1437
f 1436/1436/1436 1437/1437/1437 1435/1435/1435
f 1431/1431/1431 1435/1435/1435 1437/1437/1437
f 1424/1424/1424 1438/1438/1438 1437/1437/1437
f 1438/1438/1438 1434/1434/1434 1437/1437/1437
f 1431/1431/1431 1439/1439/1439 1434/1434/1434
f 1439/1439/1439 1431/1431/1431 1437/1437/1437
f 1434/1434/1434 1439/1439/1439 1437/1437/1437
f 1442/1442/1442 1441/1441/1441 1440/1440/1440
f 1441/1441/1441 1443/1443/1443 1440/1440/1440
f 1444/1444/1444 1442/1442/1442 1440/1440/1440
f 1445/1445/1445 1442/1442/1442 1444/1444/1444
f 1446/1446/1446 1445/1445/1445 1444/1444/1444
f 1444/1444/1444 1440/1440/1440 1446/1446/1446
f 1446/1446/1446 1447/1447/1447 1445/1445/1445
f 1448/1448/1448 1447/1447/1447 1446/1446/1446
f 1447/1447/1447 1449/1449/1449 1445/1445/1445
f 1447/1447/1447 1448/1448/1448 1449/1449/1449
f 1448/1448/1448 1450/1450/1450 1449/1449/1449
f 1450/1450/1450 1448/1448/1448 1451/1451/1451
f 1440/1440/1440 1452/1452/1452 1446/1446/1446
f 1452/1452/1452 1448/1448/1448 1446/1446/1446
f 1443/1443/1443 1453/1453/1453 1440/1440/1440
f 1440/1440/1440 1453/1453/1453 1452/1452/1452
f 1453/1453/1453 1443/1443/1443 1454/1454/1454
f 1453/1453/1453 1454/1454/1454 1452/1452/1452
f 1448/1448/1448 1452/1452/1452 1454/1454/1454
f 1443/1443/1443 1455/1455/1455 1454/1454/1454
f 1455/1455/1455 1451/1451/1451 1454/1454/1454
f 1448/1448/1448 1456/1456/1456 1451/1451/1451
f 1456/1456/1456 1448/1448/1448 1454/1454/1454
f 1451/1451/1451 1456/1456/1456 1454/1454/1454
f 1459/1459/1459 1458/1458/1458 1457/1457/1457
f 1458/1458/1458 1459/1459/1459 1460/1460/1460
f 1458/1458/1458 1461/1461/1461 1457/1457/1457
f 1457/1457/1457 1461/1461/1461 1462/1462/1462
f 1461/1461/1461 1463/1463/1463 1462/1462/1462
f 1462/1462/1462 1463/1463/1463 1464/1464/1464
f 1461/1461/1461 1458/1458/1458 1465/1465/1465
f 1463/1463/1463 1461/1461/1461 1465/1465/1465
f 1463/1463/1463 1466/1466/1466 1464/1464/1464
f 1464/1464/1464 1466/1466/1466 1467/1467/1467
f 1466/1466/1466 1463/1463/1463 1468/1468/1468
f 1466/1466/1466 1468/1468/1468 1467/1467/1467
f 1463/1463/1463 1465/1465/1465 1468/1468/1468
f 1467/1467/1467 1468/1468/1468 1469/1469/1469
f 1465/1465/1465 1458/1458/1458 1470/1470/1470
f 1468/1468/1468 1465/1465/1465 1470/1470/1470
f 1468/1468/1468 1471/1471/1471 1469/1469/1469
f 1471/1471/1471 1468/1468/1468 1470/1470/1470
f 1469/1469/1469 1471/1471/1471 1472/1472/1472
f 1471/1471/1471 1470/1470/1470 1472/1472/1472
f 1472/1472/1472 1470/1470/1470 1460/1460/1460
f 1458/1458/1458 1473/1473/1473 1470/1470/1470
f 1470/1470/1470 1473/1473/1473 1460/1460/1460
f 1473/1473/1473 1458/1458/1458 1460/1460/1460
f 1476/1476/1476 1475/1475/1475 1474/1474/1474
f 1475/1475/1475 1476/1476/1476 1477/1477/1477
f 1478/1478/1478 1476/1476/1476 1474/1474/1474
f 1478/1478/1478 1474/1474/1474 1479/1479/1479
f 1480/1480/1480 1478/1478/1478 1479/1479/1479
f 1476/1476/1476 1478/1478/1478 1480/1480/1480
f 1480/1480/1480 1479/1479/1479 1481/1481/1481
f 1479/1479/1479 1482/1482/1482 1481/1481/1481
f 1481/1481/1481 1482/1482/1482 1483/1483/1483
f 1481/1481/1481 1483/1483/1483 1480/1480/1480
f 1482/1482/1482 1484/1484/1484 1483/1483/1483
f 1484/1484/1484 1485/1485/1485 1483/1483/1483
f 1483/1483/1483 1486/1486/1486 1480/1480/1480
f 1486/1486/1486 1476/1476/1476 1480/1480/1480
f 1485/1485/1485 1487/1487/1487 1483/1483/1483
f 1483/1483/1483 1487/1487/1487 1486/1486/1486
f 1487/1487/1487 1485/1485/1485 1488/1488/1488
f 1487/1487/1487 1488/1488/1488 1486/1486/1486
f 1476/1476/1476 1486/1486/1486 1488/1488/1488
f 1485/1485/1485 1489/1489/1489 1488/1488/1488
f 1489/1489/1489 1477/1477/1477 1488/1488/1488
f 1490/1490/1490 1476/1476/1476 1488/1488/1488
f 1477/1477/1477 1490/1490/1490 1488/1488/1488
f 1476/1476/1476 1490/1490/1490 1477/1477/1477
f 1493/1493/1493 1492/1492/1492 1491/1491/1491
f 1494/1494/1494 1493/1493/1493 1491/1491/1491
f 1495/1495/1495 1494/1494/1494 1491/1491/1491
f 1496/1496/1496 1494/1494/1494 1495/1495/1495
f 1497/1497/1497 1496/1496/1496 1495/1495/1495
f 1495/1495/1495 1491/1491/1491 1497/1497/1497
f 1497/1497/1497 1498/1498/1498 1496/1496/1496
f 1499/1499/1499 1498/1498/1498 1497/1497/1497
f 1498/1498/1498 1500/1500/1500 1496/1496/1496
f 1498/1498/1498 1499/1499/1499 1500/1500/1500
f 1499/1499/1499 1501/1501/1501 1500/1500/1500
f 1501/1501/1501 1499/1499/1499 1502/1502/1502
f 1491/1491/1491 1503/1503/1503 1497/1497/1497
f 1503/1503/1503 1499/1499/1499 1497/1497/1497
f 1492/1492/1492 1504/1504/1504 1491/1491/1491
f 1491/1491/1491 1504/1504/1504 1503/1503/1503
f 1504/1504/1504 1492/1492/1492 1505/1505/1505
f 1504/1504/1504 1505/1505/1505 1503/1503/1503
f 1499/1499/1499 1503/1503/1503 1505/1505/1505
f 1492/1492/1492 1506/1506/1506 1505/1505/1505
f 1506/1506/1506 1502/1502/1502 1505/1505/1505
f 1507/1507/1507 1499/1499/1499 1505/1505/1505
f 1502/1502/1502 1507/1507/1507 1505/1505/1505
f 1499/1499/1499 1507/1507/1507 1502/1502/1502
f 1510/1510/1510 1509/1509/1509 1508/1508/1508
f 1509/1509/1509 1510/1510/1510 1511/1511/1511
f 1512/1512/1512 1510/1510/1510 1508/1508/1508
f 1512/1512/1512 1508/1508/1508 1513/1513/1513
f 1514/1514/1514 1512/1512/1512 1513/1513/1513
f 1510/1510/1510 1512/1512/1512 1514/1514/1514
f 1514/1514/1514 1513/1513/1513 1515/1515/1515
f 1513/1513/1513 1516/1516/1516 1515/1515/1515
f 1515/1515/1515 1516/1516/1516 1517/1517/1517
f 1515/1515/1515 1517/1517/1517 1514/1514/1514
f 1516/1516/1516 1518/1518/1518 1517/1517/1517
f 1518/1518/1518 1519/1519/1519 1517/1517/1517
f 1517/1517/1517 1520/1520/1520 1514/1514/1514
f 1520/1520/1520 1510/1510/1510 1514/1514/1514
f 1519/1519/1519 1521/1521/1521 1517/1517/1517
f 1517/1517/1517 1521/1521/1521 1520/1520/1520
f 1521/1521/1521 1519/1519/1519 1522/1522/1522
f 1521/1521/1521 1522/1522/1522 1520/1520/1520
f 1510/1510/1510 1520/1520/1520 1522/1522/1522
f 1519/1519/1519 1523/1523/1523 1522/1522/1522
f 1523/1523/1523 1511/1511/1511 1522/1522/1522
f 1524/1524/1524 1510/1510/1510 1522/1522/1522
f 1511/1511/1511 1524/1524/1524 1522/1522/1522
f 1510/1510/1510 1524/1524/1524 1511/1511/1511
f 1527/1527/1527 1526/1526/1526 1525/1525/1525
f 1526/1526/1526 1528/1528/1528 1525/1525/1525
f 1528/1528/1528 1529/1529/1529 1525/1525/1525
f 1530/1530/1530 1529/1529/1529 1528/1528/1528
f 1529/1529/1529 1530/1530/1530 1525/1525/1525
f 1531/1531/1531 1530/1530/1530 1528/1528/1528
f 1530/1530/1530 1531/1531/1531 1532/1532/1532
f 1533/1533/1533 1530/1530/1530 1532/1532/1532
f 1533/1533/1533 1532/1532/1532 1534/1534/1534
f 1530/1530/1530 1533/1533/1533 1535/1535/1535
f 1535/1535/1535 1533/1533/1533 1534/1534/1534
f 1530/1530/1530 1536/1536/1536 1525/1525/1525
f 1536/1536/1536 1530/1530/1530 1535/1535/1535
f 1537/1537/1537 1527/1527/1527 1525/1525/1525
f 1537/1537/1537 1525/1525/1525 1536/1536/1536
f 1527/1527/1527 1537/1537/1537 1538/1538/1538
f 1538/1538/1538 1537/1537/1537 1536/1536/1536
f 1538/1538/1538 1536/1536/1536 1535/1535/1535
f 1539/1539/1539 1527/1527/1527 1538/1538/1538
f 1540/1540/1540 1539/1539/1539 1538/1538/1538
f 1534/1534/1534 1540/1540/1540 1541/1541/1541
f 1535/1535/1535 1534/1534/1534 1541/1541/1541
f 1541/1541/1541 1538/1538/1538 1535/1535/1535
f 1541/1541/1541 1540/1540/1540 1538/1538/1538
f 1544/1544/1544 1543/1543/1543 1542/1542/1542
f 1543/1543/1543 1544/1544/1544 1545/1545/1545
f 1543/1543/1543 1546/1546/1546 1542/1542/1542
f 1542/1542/1542 1546/1546/1546 1547/1547/1547
f 1546/1546/1546 1548/1548/1548 1547/1547/1547
f 1547/1547/1547 1548/1548/1548 1549/1549/1549
f 1546/1546/1546 1543/1543/1543 1550/1550/1550
f 1548/1548/1548 1546/1546/1546 1550/1550/1550
f 1548/1548/1548 1551/1551/1551 1549/1549/1549
f 1549/1549/1549 1551/1551/1551 1552/1552/1552
f 1551/1551/1551 1548/1548/1548 1553/1553/1553
f 1551/1551/1551 1553/1553/1553 1552/1552/1552
f 1548/1548/1548 1550/1550/1550 1553/1553/1553
f 1552/1552/1552 1553/1553/1553 1554/1554/1554
f 1550/1550/1550 1543/1543/1543 1555/1555/1555
f 1553/1553/1553 1550/1550/1550 1555/1555/1555
f 1553/1553/1553 1556/1556/1556 1554/1554/1554
f 1556/1556/1556 1553/1553/1553 1555/1555/1555
f 1554/1554/1554 1556/1556/1556 1557/1557/1557
f 1556/1556/1556 1555/1555/1555 1557/1557/1557
f 1557/1557/1557 1555/1555/1555 1545/1545/1545
f 1543/1543/1543 1558/1558/1558 1555/1555/1555
f 1558/1558/1558 1543/1543/1543 1545/1545/1545
f 1555/1555/1555 1558/1558/1558 1545/1545/1545
f 1561/1561/1561 1560/1560/1560 1559/1559/1559
f 1560/1560/1560 1561/1561/1561 1562/1562/1562
f 1563/1563/1563 1561/1561/1561 1559/1559/1559
f 1563/1563/1563 1559/1559/1559 1564/1564/1564
f 1565/1565/1565 1563/1563/1563 1564/1564/1564
f 1561/1561/1561 1563/1563/1563 1565/1565/1565
f 1565/1565/1565 1564/1564/1564 1566/1566/1566
f 1564/1564/1564 1567/1567/1567 1566/1566/1566
f 1566/1566/1566 1567/1567/1567 1568/1568/1568
f 1566/1566/1566 1568/1568/1568 1565/1565/1565
f 1567/1567/1567 1569/1569/1569 1568/1568/1568
f 1569/1569/1569 1570/1570/1570 1568/1568/1568
f 1568/1568/1568 1571/1571/1571 1565/1565/1565
f 1571/1571/1571 1561/1561/1561 1565/1565/1565
f 1570/1570/1570 1572/1572/1572 1568/1568/1568
f 1568/1568/1568 1572/1572/1572 1571/1571/1571
f 1572/1572/1572 1570/1570/1570 1573/1573/1573
f 1572/1572/1572 1573/1573/1573 1571/1571/1571
f 1561/1561/1561 1571/1571/1571 1573/1573/1573
f 1570/1570/1570 1574/1574/1574 1573/1573/1573
f 1574/1574/1574 1562/1562/1562 1573/1573/1573
f 1561/1561/1561 1575/1575/1575 1562/1562/1562
f 1562/1562/1562 1575/1575/1575 1573/1573/1573
f 1575/1575/1575 1561/1561/1561 1573/1573/1573
f 1578/1578/1578 1577/1577/1577 1576/1576/1576
f 1577/1577/1577 1578/1578/1578 1579/1579/1579
f 1580/1580/1580 1577/1577/1577 1579/1579/1579
f 1580/1580/1580 1579/1579/1579 1581/1581/1581
f 1582/1582/1582 1580/1580/1580 1581/1581/1581
f 1577/1577/1577 1580/1580/1580 1582/1582/1582
f 1582/1582/1582 1581/1581/1581 1583/1583/1583
f 1581/1581/1581 1584/1584/1584 1583/1583/1583
f 1583/1583/1583 1584/1584/1584 1585/1585/1585
f 1583/1583/1583 1585/1585/1585 1582/1582/1582
f 1584/1584/1584 1586/1586/1586 1585/1585/1585
f 1586/1586/1586 1587/1587/1587 1585/1585/1585
f 1585/1585/1585 1588/1588/1588 1582/1582/1582
f 1588/1588/1588 1577/1577/1577 1582/1582/1582
f 1587/1587/1587 1589/1589/1589 1585/1585/1585
f 1585/1585/1585 1589/1589/1589 1588/1588/1588
f 1589/1589/1589 1587/1587/1587 1590/1590/1590
f 1589/1589/1589 1590/1590/1590 1588/1588/1588
f 1577/1577/1577 1588/1588/1588 1590/1590/1590
f 1587/1587/1587 1591/1591/1591 1590/1590/1590
f 1591/1591/1591 1576/1576/1576 1590/1590/1590
f 1577/1577/1577 1592/1592/1592 1576/1576/1576
f 1576/1576/1576 1592/1592/1592 1590/1590/1590
f 1592/1592/1592 1577/1577/1577 1590/1590/1590
f 1595/1595/1595 1594/1594/1594 1593/1593/1593
f 1594/1594/1594 1595/1595/1595 1596/1596/1596
f 1594/1594/1594 1597/1597/1597 1593/1593/1593
f 1593/1593/1593 1597/1597/1597 1598/1598/1598
f 1597/1597/1597 1599/1599/1599 1598/1598/1598
f 1598/1598/1598 1599/1599/1599 1600/1600/1600
f 1597/1597/1597 1594/1594/1594 1601/1601/1601
f 1599/1599/1599 1597/1597/1597 1601/1601/1601
f 1599/1599/1599 1602/1602/1602 1600/1600/1600
f 1600/1600/1600 1602/1602/1602 1603/1603/1603
f 1602/1602/1602 1599/1599/1599 1604/1604/1604
f 1602/1602/1602 1604/1604/1604 1603/1603/1603
f 1599/1599/1599 1601/1601/1601 1604/1604/1604
f 1603/1603/1603 1604/1604/1604 1605/1605/1605
f 1601/1601/1601 1594/1594/1594 1606/1606/1606
f 1604/1604/1604 1601/1601/1601 1606/1606/1606
f 1604/1604/1604 1607/1607/1607 1605/1605/1605
f 1607/1607/1607 1604/1604/1604 1606/1606/1606
f 1605/1605/1605 1607/1607/1607 1608/1608/1608
f 1607/1607/1607 1606/1606/1606 1608/1608/1608
f 1608/1608/1608 1606/1606/1606 1596/1596/1596
f 1594/1594/1594 1609/1609/1609 1606/1606/1606
f 1606/1606/1606 1609/1609/1609 1596/1596/1596
f 1609/1609/1609 1594/1594/1594 1596/1596/1596
f 1612/1612/1612 1611/1611/1611 1610/1610/1610
f 1611/1611/1611 1613/1613/1613 1610/1610/1610
f 1613/1613/1613 1614/1614/1614 1610/1610/1610
f 1615/1615/1615 1614/1614/1614 1613/1613/1613
f 1614/1614/1614 1615/1615/1615 1610/1610/1610
f 1616/1616/1616 1615/1615/1615 1613/1613/1613
f 1615/1615/1615 1616/1616/1616 1617/1617/1617
f 1618/1618/1618 1615/1615/1615 1617/1617/1617
f 1618/1618/1618 1617/1617/1617 1619/1619/1619
f 1615/1615/1615 1618/1618/1618 1620/1620/1620
f 1620/1620/1620 1618/1618/1618 1619/1619/1619
f 1615/1615/1615 1621/1621/1621 1610/1610/1610
f 1621/1621/1621 1615/1615/1615 1620/1620/1620
f 1622/1622/1622 1612/1612/1612 1610/1610/1610
f 1622/1622/1622 1610/1610/1610 1621/1621/1621
f 1612/1612/1612 1622/1622/1622 1623/1623/1623
f 1623/1623/1623 1622/1622/1622 1621/1621/1621
f 1623/1623/1623 1621/1621/1621 1620/1620/1620
f 1624/1624/1624 1612/1612/1612 1623/1623/1623
f 1625/1625/1625 1624/1624/1624 1623/1623/1623
f 1619/1619/1619 1625/1625/1625 1626/1626/1626
f 1620/1620/1620 1619/1619/1619 1626/1626/1626
f 1626/1626/1626 1623/1623/1623 1620/1620/1620
f 1626/1626/1626 1625/1625/1625 1623/1623/1623
f 1629/1629/1629 1628/1628/1628 1627/1627/1627
f 1628/1628/1628 1629/1629/1629 1630/1630/1630
f 1629/1629/1629 1631/1631/1631 1630/1630/1630
f 1630/1630/1630 1631/1631/1631 1632/1632/1632
f 1631/1631/1631 1633/1633/1633 1632/1632/1632
f 1632/1632/1632 1633/1633/1633 1634/1634/1634
f 1631/1631/1631 1629/1629/1629 1635/1635/1635
f 1633/1633/1633 1631/1631/1631 1635/1635/1635
f 1633/1633/1633 1636/1636/1636 1634/1634/1634
f 1634/1634/1634 1636/1636/1636 1637/1637/1637
f 1636/1636/1636 1633/1633/1633 1638/1638/1638
f 1636/1636/1636 1638/1638/1638 1637/1637/1637
f 1633/1633/1633 1635/1635/1635 1638/1638/1638
f 1637/1637/1637 1638/1638/1638 1639/1639/1639
f 1635/1635/1635 1629/1629/1629 1640/1640/1640
f 1638/1638/1638 1635/1635/1635 1640/1640/1640
f 1638/1638/1638 1641/1641/1641 1639/1639/1639
f 1641/1641/1641 1638/1638/1638 1640/1640/1640
f 1639/1639/1639 1641/1641/1641 1642/1642/1642
f 1641/1641/1641 1640/1640/1640 1642/1642/1642
f 1642/1642/1642 1640/1640/1640 1627/1627/1627
f 1643/1643/1643 1629/1629/1629 1627/1627/1627
f 1640/1640/1640 1643/1643/1643 1627/1627/1627
f 1629/1629/1629 1643/1643/1643 1640/1640/1640
f 1646/1646/1646 1645/1645/1645 1644/1644/1644
f 1645/1645/1645 1647/1647/1647 1644/1644/1644
f 1647/1647/1647 1648/1648/1648 1644/1644/1644
f 1649/1649/1649 1648/1648/1648 1647/1647/1647
f 1648/1648/1648 1649/1649/1649 1644/1644/1644
f 1650/1650/1650 1649/1649/1649 1647/1647/1647
f 1649/1649/1649 1650/1650/1650 1651/1651/1651
f 1652/1652/1652 1649/1649/1649 1651/1651/1651
f 1652/1652/1652 1651/1651/1651 1653/1653/1653
f 1649/1649/1649 1652/1652/1652 1654/1654/1654
f 1654/1654/1654 1652/1652/1652 1653/1653/1653
f 1649/1649/1649 1655/1655/1655 1644/1644/1644
f 1655/1655/1655 1649/1649/1649 1654/1654/1654
f 1656/1656/1656 1646/1646/1646 1644/1644/1644
f 1656/1656/1656 1644/1644/1644 1655/1655/1655
f 1646/1646/1646 1656/1656/1656 1657/1657/1657
f 1657/1657/1657 1656/1656/1656 1655/1655/1655
f 1657/1657/1657 1655/1655/1655 1654/1654/1654
f 1658/1658/1658 1646/1646/1646 1657/1657/1657
f 1659/1659/1659 1658/1658/1658 1657/1657/1657
f 1653/1653/1653 1659/1659/1659 1660/1660/1660
f 1654/1654/1654 1653/1653/1653 1660/1660/1660
f 1660/1660/1660 1657/1657/1657 1654/1654/1654
f 1660/1660/1660 1659/1659/1659 1657/1657/1657
f 1663/1663/1663 1662/1662/1662 1661/1661/1661
f 1662/1662/1662 1663/1663/1663 1664/1664/1664
f 1662/1662/1662 1665/1665/1665 1661/1661/1661
f 1661/1661/1661 1665/1665/1665 1666/1666/1666
f 1665/1665/1665 1667/1667/1667 1666/1666/1666
f 1666/1666/1666 1667/1667/1667 1668/1668/1668
f 1665/1665/1665 1662/1662/1662 1669/1669/1669
f 1667/1667/1667 1665/1665/1665 1669/1669/1669
f 1667/1667/1667 1670/1670/1670 1668/1668/1668
f 1668/1668/1668 1670/1670/1670 1671/1671/1671
f 1670/1670/1670 1667/1667/1667 1672/1672/1672
f 1670/1670/1670 1672/1672/1672 1671/1671/1671
f 1667/1667/1667 1669/1669/1669 1672/1672/1672
f 1671/1671/1671 1672/1672/1672 1673/1673/1673
f 1669/1669/1669 1662/1662/1662 1674/1674/1674
f 1672/1672/1672 1669/1669/1669 1674/1674/1674
f 1672/1672/1672 1675/1675/1675 1673/1673/1673
f 1675/1675/1675 1672/1672/1672 1674/1674/1674
f 1673/1673/1673 1675/1675/1675 1676/1676/1676
f 1675/1675/1675 1674/1674/1674 1676/1676/1676
f 1676/1676/1676 1674/1674/1674 1664/1664/1664
f 1662/1662/1662 1677/1677/1677 1674/1674/1674
f 1674/1674/1674 1677/1677/1677 1664/1664/1664
f 1677/1677/1677 1662/1662/1662 1664/1664/1664
f 1680/1680/1680 1679/1679/1679 1678/1678/1678
f 1681/1681/1681 1680/1680/1680 1678/1678/1678
f 1682/1682/1682 1681/1681/1681 1678/1678/1678
f 1683/1683/1683 1681/1681/1681 1682/1682/1682
f 1684/1684/1684 1683/1683/1683 1682/1682/1682
f 1682/1682/1682 1678/1678/1678 1684/1684/1684
f 1684/1684/1684 1685/1685/1685 1683/1683/1683
f 1686/1686/1686 1685/1685/1685 1684/1684/1684
f 1685/1685/1685 1687/1687/1687 1683/1683/1683
f 1685/1685/1685 1686/1686/1686 1687/1687/1687
f 1686/1686/1686 1688/1688/1688 1687/1687/1687
f 1688/1688/1688 1686/1686/1686 1689/1689/1689
f 1678/1678/1678 1690/1690/1690 1684/1684/1684
f 1690/1690/1690 1686/1686/1686 1684/1684/1684
f 1679/1679/1679 1691/1691/1691 1678/1678/1678
f 1678/1678/1678 1691/1691/1691 1690/1690/1690
f 1691/1691/1691 1679/1679/1679 1692/1692/1692
f 1691/1691/1691 1692/1692/1692 1690/1690/1690
f 1686/1686/1686 1690/1690/1690 1692/1692/1692
f 1679/1679/1679 1693/1693/1693 1692/1692/1692
f 1693/1693/1693 1689/1689/1689 1692/1692/1692
f 1694/1694/1694 1686/1686/1686 1692/1692/1692
f 1689/1689/1689 1694/1694/1694 1692/1692/1692
f 1686/1686/1686 1694/1694/1694 1689/1689/1689
f 1697/1697/1697 1696/1696/1696 1695/1695/1695
f 1696/1696/1696 1697/1697/1697 1698/1698/1698
f 1697/1697/1697 1699/1699/1699 1698/1698/1698
f 1698/1698/1698 1699/1699/1699 1700/1700/1700
f 1699/1699/1699 1701/1701/1701 1700/1700/1700
f 1700/1700/1700 1701/1701/1701 1702/1702/1702
f 1699/1699/1699 1697/1697/1697 1703/1703/1703
f 1701/1701/1701 1699/1699/1699 1703/1703/1703
f 1701/1701/1701 1704/1704/1704 1702/1702/1702
f 1702/1702/1702 1704/1704/1704 1705/1705/1705
f 1704/1704/1704 1701/1701/1701 1706/1706/1706
f 1704/1704/1704 1706/1706/1706 1705/1705/1705
f 1701/1701/1701 1703/1703/1703 1706/1706/1706
f 1705/1705/1705 1706/1706/1706 1707/1707/1707
f 1703/1703/1703 1697/1697/1697 1708/1708/1708
f 1706/1706/1706 1703/1703/1703 1708/1708/1708
f 1706/1706/1706 1709/1709/1709 1707/1707/1707
f 1709/1709/1709 1706/1706/1706 1708/1708/1708
f 1707/1707/1707 1709/1709/1709 1710/1710/1710
f 1709/1709/1709 1708/1708/1708 1710/1710/1710
f 1710/1710/1710 1708/1708/1708 1695/1695/1695
f 1711/1711/1711 1697/1697/1697 1695/1695/1695
f 1708/1708/1708 1711/1711/1711 1695/1695/1695
f 1697/1697/1697 1711/1711/1711 1708/1708/1708
f 1714/1714/1714 1713/1713/1713 1712/1712/1712
f 1715/1715/1715 1714/1714/1714 1712/1712/1712
f 1713/1713/1713 1716/1716/1716 1712/1712/1712
f 1717/1717/1717 1716/1716/1716 1713/1713/1713
f 1716/1716/1716 1717/1717/1717 1712/1712/1712
f 1718/1718/1718 1717/1717/1717 1713/1713/1713
f 1717/1717/1717 1718/1718/1718 1719/1719/1719
f 1720/1720/1720 1717/1717/1717 1719/1719/1719
f 1720/1720/1720 1719/1719/1719 1721/1721/1721
f 1717/1717/1717 1720/1720/1720 1722/1722/1722
f 1722/1722/1722 1720/1720/1720 1721/1721/1721
f 1717/1717/1717 1723/1723/1723 1712/1712/1712
f 1723/1723/1723 1717/1717/1717 1722/1722/1722
f 1724/1724/1724 1715/1715/1715 1712/1712/1712
f 1724/1724/1724 1712/1712/1712 1723/1723/1723
f 1715/1715/1715 1724/1724/1724 1725/1725/1725
f 1725/1725/1725 1724/1724/1724 1723/1723/1723
f 1725/1725/1725 1723/1723/1723 1722/1722/1722
f 1726/1726/1726 1715/1715/1715 1725/1725/1725
f 1727/1727/1727 1726/1726/1726 1725/1725/1725
f 1721/1721/1721 1727/1727/1727 1728/1728/1728
f 1722/1722/1722 1721/1721/1721 1728/1728/1728
f 1728/1728/1728 1727/1727/1727 1725/1725/1725
f 1728/1728/1728 1725/1725/1725 1722/1722/1722
f 1731/1731/1731 1730/1730/1730 1729/1729/1729
f 1732/1732/1732 1731/1731/1731 1729/1729/1729
f 1733/1733/1733 1732/1732/1732 1729/1729/1729
f 1734/1734/1734 1732/1732/1732 1733/1733/1733
f 1735/1735/1735 1734/1734/1734 1733/1733/1733
f 1733/1733/1733 1729/1729/1729 1735/1735/1735
f 1735/1735/1735 1736/1736/1736 1734/1734/1734
f 1737/1737/1737 1736/1736/1736 1735/1735/1735
f 1736/1736/1736 1738/1738/1738 1734/1734/1734
f 1736/1736/1736 1737/1737/1737 1738/1738/1738
f 1737/1737/1737 1739/1739/1739 1738/1738/1738
f 1739/1739/1739 1737/1737/1737 1740/1740/1740
f 1729/1729/1729 1741/1741/1741 1735/1735/1735
f 1741/1741/1741 1737/1737/1737 1735/1735/1735
f 1730/1730/1730 1742/1742/1742 1729/1729/1729
f 1729/1729/1729 1742/1742/1742 1741/1741/1741
f 1742/1742/1742 1730/1730/1730 1743/1743/1743
f 1742/1742/1742 1743/1743/1743 1741/1741/1741
f 1737/1737/1737 1741/1741/1741 1743/1743/1743
f 1730/1730/1730 1744/1744/1744 1743/1743/1743
f 1744/1744/1744 1740/1740/1740 1743/1743/1743
f 1745/1745/1745 1737/1737/1737 1743/1743/1743
f 1740/1740/1740 1745/1745/1745 1743/1743/1743
f 1737/1737/1737 1745/1745/1745 1740/1740/1740
f 1748/1748/1748 1747/1747/1747 1746/1746/1746
f 1747/1747/1747 1749/1749/1749 1746/1746/1746
f 1750/1750/1750 1748/1748/1748 1746/1746/1746
f 1751/1751/1751 1748/1748/1748 1750/1750/1750
f 1752/1752/1752 1751/1751/1751 1750/1750/1750
f 1750/1750/1750 1746/1746/1746 1752/1752/1752
f 1752/1752/1752 1753/1753/1753 1751/1751/1751
f 1754/1754/1754 1753/1753/1753 1752/1752/1752
f 1753/1753/1753 1755/1755/1755 1751/1751/1751
f 1753/1753/1753 1754/1754/1754 1755/1755/1755
f 1754/1754/1754 1756/1756/1756 1755/1755/1755
f 1756/1756/1756 1754/1754/1754 1757/1757/1757
f 1746/1746/1746 1758/1758/1758 1752/1752/1752
f 1758/1758/1758 1754/1754/1754 1752/1752/1752
f 1749/1749/1749 1759/1759/1759 1746/1746/1746
f 1746/1746/1746 1759/1759/1759 1758/1758/1758
f 1759/1759/1759 1749/1749/1749 1760/1760/1760
f 1759/1759/1759 1760/1760/1760 1758/1758/1758
f 1754/1754/1754 1758/1758/1758 1760/1760/1760
f 1749/1749/1749 1761/1761/1761 1760/1760/1760
f 1761/1761/1761 1757/1757/1757 1760/1760/1760
f 1754/1754/1754 1762/1762/1762 1757/1757/1757
f 1757/1757/1757 1762/1762/1762 1760/1760/1760
f 1762/1762/1762 1754/1754/1754 1760/1760/1760
f 1765/1765/1765 1764/1764/1764 1763/1763/1763
f 1764/1764/1764 1765/1765/1765 1766/1766/1766
f 1765/1765/1765 1767/1767/1767 1766/1766/1766
f 1766/1766/1766 1767/1767/1767 1768/1768/1768
f 1767/1767/1767 1769/1769/1769 1768/1768/1768
f 1768/1768/1768 1769/1769/1769 1770/1770/1770
f 1767/1767/1767 1765/1765/1765 1771/1771/1771
f 1769/1769/1769 1767/1767/1767 1771/1771/1771
f 1769/1769/1769 1772/1772/1772 1770/1770/1770
f 1770/1770/1770 1772/1772/1772 1773/1773/1773
f 1772/1772/1772 1769/1769/1769 1774/1774/1774
f 1772/1772/1772 1774/1774/1774 1773/1773/1773
f 1769/1769/1769 1771/1771/1771 1774/1774/1774
f 1773/1773/1773 1774/1774/1774 1775/1775/1775
f 1771/1771/1771 1765/1765/1765 1776/1776/1776
f 1774/1774/1774 1771/1771/1771 1776/1776/1776
f 1774/1774/1774 1777/1777/1777 1775/1775/1775
f 1777/1777/1777 1774/1774/1774 1776/1776/1776
f 1775/1775/1775 1777/1777/1777 1778/1778/1778
f 1777/1777/1777 1776/1776/1776 1778/1778/1778
f 1778/1778/1778 1776/1776/1776 1763/1763/1763
f 1779/1779/1779 1765/1765/1765 1763/1763/1763
f 1776/1776/1776 1779/1779/1779 1763/1763/1763
f 1765/1765/1765 1779/1779/1779 1776/1776/1776
f 1782/1782/1782 1781/1781/1781 1780/1780/1780
f 1781/1781/1781 1782/1782/1782 1783/1783/1783
f 1782/1782/1782 1784/1784/1784 1783/1783/1783
f 1783/1783/1783 1784/1784/1784 1785/1785/1785
f 1784/1784/1784 1786/1786/1786 1785/1785/1785
f 1785/1785/1785 1786/1786/1786 1787/1787/1787
f 1784/1784/1784 1782/1782/1782 1788/1788/1788
f 1786/1786/1786 1784/1784/1784 1788/1788/1788
f 1786/1786/1786 1789/1789/1789 1787/1787/1787
f 1787/1787/1787 1789/1789/1789 1790/1790/1790
f 1789/1789/1789 1786/1786/1786 1791/1791/1791
f 1789/1789/1789 1791/1791/1791 1790/1790/1790
f 1786/1786/1786 1788/1788/1788 1791/1791/1791
f 1790/1790/1790 1791/1791/1791 1792/1792/1792
f 1788/1788/1788 1782/1782/1782 1793/1793/1793
f 1791/1791/1791 1788/1788/1788 1793/1793/1793
f 1791/1791/1791 1794/1794/1794 1792/1792/1792
f 1794/1794/1794 1791/1791/1791 1793/1793/1793
f 1792/1792/1792 1794/1794/1794 1795/1795/1795
f 1794/1794/1794 1793/1793/1793 1795/1795/1795
f 1795/1795/1795 1793/1793/1793 1780/1780/1780
f 1782/1782/1782 1796/1796/1796 1793/1793/1793
f 1796/1796/1796 1782/1782/1782 1780/1780/1780
f 1793/1793/1793 1796/1796/1796 1780/1780/1780
f 1799/1799/1799 1798/1798/1798 1797/1797/1797
f 1798/1798/1798 1799/1799/1799 1800/1800/1800
f 1799/1799/1799 1801/1801/1801 1800/1800/1800
f 1800/1800/1800 1801/1801/1801 1802/1802/1802
f 1801/1801/1801 1803/1803/1803 1802/1802/1802
f 1802/1802/1802 1803/1803/1803 1804/1804/1804
f 1801/1801/1801 1799/1799/1799 1805/1805/1805
f 1803/1803/1803 1801/1801/1801 1805/1805/1805
f 1803/1803/1803 1806/1806/1806 1804/1804/1804
f 1804/1804/1804 1806/1806/1806 1807/1807/1807
f 1806/1806/1806 1803/1803/1803 1808/1808/1808
f 1806/1806/1806 1808/1808/1808 1807/1807/1807
f 1803/1803/1803 1805/1805/1805 1808/1808/1808
f 1807/1807/1807 1808/1808/1808 1809/1809/1809
f 1805/1805/1805 1799/1799/1799 1810/1810/1810
f 1808/1808/1808 1805/1805/1805 1810/1810/1810
f 1808/1808/1808 1811/1811/1811 1809/1809/1809
f 1811/1811/1811 1808/1808/1808 1810/1810/1810
f 1809/1809/1809 1811/1811/1811 1812/1812/1812
f 1811/1811/1811 1810/1810/1810 1812/1812/1812
f 1812/1812/1812 1810/1810/1810 1797/1797/1797
f 1813/1813/1813 1799/1799/1799 1797/1797/1797
f 1799/1799/1799 1813/1813/1813 1810/1810/1810
f 1810/1810/1810 1813/1813/1813 1797/1797/1797
f 1816/1816/1816 1815/1815/1815 1814/1814/1814
f 1815/1815/1815 1817/1817/1817 1814/1814/1814
f 1818/1818/1818 1816/1816/1816 1814/1814/1814
f 1819/1819/1819 1816/1816/1816 1818/1818/1818
f 1820/1820/1820 1819/1819/1819 1818/1818/1818
f 1818/1818/1818 1814/1814/1814 1820/1820/1820
f 1820/1820/1820 1821/1821/1821 1819/1819/1819
f 1822/1822/1822 1821/1821/1821 1820/1820/1820
f 1821/1821/1821 1823/1823/1823 1819/1819/1819
f 1821/1821/1821 1822/1822/1822 1823/1823/1823
f 1822/1822/1822 1824/1824/1824 1823/1823/1823
f 1824/1824/1824 1822/1822/1822 1825/1825/1825
f 1814/1814/1814 1826/1826/1826 1820/1820/1820
f 1826/1826/1826 1822/1822/1822 1820/1820/1820
f 1817/1817/1817 1827/1827/1827 1814/1814/1814
f 1814/1814/1814 1827/1827/1827 1826/1826/1826
f 1827/1827/1827 1817/1817/1817 1828/1828/1828
f 1827/1827/1827 1828/1828/1828 1826/1826/1826
f 1822/1822/1822 1826/1826/1826 1828/1828/1828
f 1817/1817/1817 1829/1829/1829 1828/1828/1828
f 1829/1829/1829 1825/1825/1825 1828/1828/1828
f 1830/1830/1830 1822/1822/1822 1828/1828/1828
f 1825/1825/1825 1830/1830/1830 1828/1828/1828
f 1822/1822/1822 1830/1830/1830 1825/1825/1825
f 1833/1833/1833 1832/1832/1832 1831/1831/1831
f 1832/1832/1832 1833/1833/1833 1834/1834/1834
f 1835/1835/1835 1833/1833/1833 1831/1831/1831
f 1835/1835/1835 1831/1831/1831 1836/1836/1836
f 1837/1837/1837 1835/1835/1835 1836/1836/1836
f 1833/1833/1833 1835/1835/1835 1837/1837/1837
f 1837/1837/1837 1836/1836/1836 1838/1838/1838
f 1836/1836/1836 1839/1839/1839 1838/1838/1838
f 1838/1838/1838 1839/1839/1839 1840/1840/1840
f 1838/1838/1838 1840/1840/1840 1837/1837/1837
f 1839/1839/1839 1841/1841/1841 1840/1840/1840
f 1841/1841/1841 1842/1842/1842 1840/1840/1840
f 1840/1840/1840 1843/1843/1843 1837/1837/1837
f 1843/1843/1843 1833/1833/1833 1837/1837/1837
f 1842/1842/1842 1844/1844/1844 1840/1840/1840
f 1840/1840/1840 1844/1844/1844 1843/1843/1843
f 1844/1844/1844 1842/1842/1842 1845/1845/1845
f 1844/1844/1844 1845/1845/1845 1843/1843/1843
f 1833/1833/1833 1843/1843/1843 1845/1845/1845
f 1842/1842/1842 1846/1846/1846 1845/1845/1845
f 1846/1846/1846 1834/1834/1834 1845/1845/1845
f 1833/1833/1833 1847/1847/1847 1834/1834/1834
f 1834/1834/1834 1847/1847/1847 1845/1845/1845
f 1847/1847/1847 1833/1833/1833 1845/1845/1845
f 1850/1850/1850 1849/1849/1849 1848/1848/1848
f 1849/1849/1849 1850/1850/1850 1851/1851/1851
f 1849/1849/1849 1852/1852/1852 1848/1848/1848
f 1848/1848/1848 1852/1852/1852 1853/1853/1853
f 1852/1852/1852 1854/1854/1854 1853/1853/1853
f 1853/1853/1853 1854/1854/1854 1855/1855/1855
f 1852/1852/1852 1849/1849/1849 1856/1856/1856
f 1854/1854/1854 1852/1852/1852 1856/1856/1856
f 1854/1854/1854 1857/1857/1857 1855/1855/1855
f 1855/1855/1855 1857/1857/1857 1858/1858/1858
f 1857/1857/1857 1854/1854/1854 1859/1859/1859
f 1857/1857/1857 1859/1859/1859 1858/1858/1858
f 1854/1854/1854 1856/1856/1856 1859/1859/1859
f 1858/1858/1858 1859/1859/1859 1860/1860/1860
f 1856/1856/1856 1849/1849/1849 1861/1861/1861
f 1859/1859/1859 1856/1856/1856 1861/1861/1861
f 1859/1859/1859 1862/1862/1862 1860/1860/1860
f 1862/1862/1862 1859/1859/1859 1861/1861/1861
f 1860/1860/1860 1862/1862/1862 1863/1863/1863
f 1862/1862/1862 1861/1861/1861 1863/1863/1863
f 1863/1863/1863 1861/1861/1861 1851/1851/1851
f 1849/1849/1849 1864/1864/1864 1861/1861/1861
f 1861/1861/1861 1864/1864/1864 1851/1851/1851
f 1864/1864/1864 1849/1849/1849 1851/1851/1851
f 1867/1867/1867 1866/1866/1866 1865/1865/1865
f 1866/1866/1866 1867/1867/1867 1868/1868/1868
f 1867/1867/1867 1869/1869/1869 1868/1868/1868
f 1868/1868/1868 1869/1869/1869 1870/1870/1870
f 1869/1869/1869 1871/1871/1871 1870/1870/1870
f 1870/1870/1870 1871/1871/1871 1872/1872/1872
f 1869/1869/1869 1867/1867/1867 1873/1873/1873
f 1871/1871/1871 1869/1869/1869 1873/1873/1873
f 1871/1871/1871 1874/1874/1874 1872/1872/1872
f 1872/1872/1872 1874/1874/1874 1875/1875/1875
f 1874/1874/1874 1871/1871/1871 1876/1876/1876
f 1874/1874/1874 1876/1876/1876 1875/1875/1875
f 1871/1871/1871 1873/1873/1873 1876/1876/1876
f 1875/1875/1875 1876/1876/1876 1877/1877/1877
f 1873/1873/1873 1867/1867/1867 1878/1878/1878
f 1876/1876/1876 1873/1873/1873 1878/1878/1878
f 1876/1876/1876 1879/1879/1879 1877/1877/1877
f 1879/1879/1879 1876/1876/1876 1878/1878/1878
f 1877/1877/1877 1879/1879/1879 1880/1880/1880
f 1879/1879/1879 1878/1878/1878 1880/1880/1880
f 1880/1880/1880 1878/1878/1878 1865/1865/1865
f 1881/1881/1881 1867/1867/1867 1865/1865/1865
f 1867/1867/1867 1881/1881/1881 1878/1878/1878
f 1878/1878/1878 1881/1881/1881 1865/1865/1865
f 1884/1884/1884 1883/1883/1883 1882/1882/1882
f 1883/1883/1883 1884/1884/1884 1885/1885/1885
f 1884/1884/1884 1886/1886/1886 1885/1885/1885
f 1885/1885/1885 1886/1886/1886 1887/1887/1887
f 1886/1886/1886 1888/1888/1888 1887/1887/1887
f 1887/1887/1887 1888/1888/1888 1889/1889/1889
f 1886/1886/1886 1884/1884/1884 1890/1890/1890
f 1888/1888/1888 1886/1886/1886 1890/1890/1890
f 1888/1888/1888 1891/1891/1891 1889/1889/1889
f 1889/1889/1889 1891/1891/1891 1892/1892/1892
f 1891/1891/1891 1888/1888/1888 1893/1893/1893
f 1891/1891/1891 1893/1893/1893 1892/1892/1892
f 1888/1888/1888 1890/1890/1890 1893/1893/1893
f 1892/1892/1892 1893/1893/1893 1894/1894/1894
f 1890/1890/1890 1884/1884/1884 1895/1895/1895
f 1893/1893/1893 1890/1890/1890 1895/1895/1895
f 1893/1893/1893 1896/1896/1896 1894/1894/1894
f 1896/1896/1896 1893/1893/1893 1895/1895/1895
f 1894/1894/1894 1896/1896/1896 1897/1897/1897
f 1896/1896/1896 1895/1895/1895 1897/1897/1897
f 1897/1897/1897 1895/1895/1895 1882/1882/1882
f 1898/1898/1898 1884/1884/1884 1882/1882/1882
f 1895/1895/1895 1898/1898/1898 1882/1882/1882
f 1884/1884/1884 1898/1898/1898 1895/1895/1895
f 1901/1901/1901 1900/1900/1900 1899/1899/1899
f 1900/1900/1900 1901/1901/1901 1902/1902/1902
f 1901/1901/1901 1903/1903/1903 1902/1902/1902
f 1902/1902/1902 1903/1903/1903 1904/1904/1904
f 1903/1903/1903 1905/1905/1905 1904/1904/1904
f 1904/1904/1904 1905/1905/1905 1906/1906/1906
f 1903/1903/1903 1901/1901/1901 1907/1907/1907
f 1905/1905/1905 1903/1903/1903 1907/1907/1907
f 1905/1905/1905 1908/1908/1908 1906/1906/1906
f 1906/1906/1906 1908/1908/1908 1909/1909/1909
f 1908/1908/1908 1905/1905/1905 1910/1910/1910
f 1908/1908/1908 1910/1910/1910 1909/1909/1909
f 1905/1905/1905 1907/1907/1907 1910/1910/1910
f 1909/1909/1909 1910/1910/1910 1911/1911/1911
f 1907/1907/1907 1901/1901/1901 1912/1912/1912
f 1910/1910/1910 1907/1907/1907 1912/1912/1912
f 1910/1910/1910 1913/1913/1913 1911/1911/1911
f 1913/1913/1913 1910/1910/1910 1912/1912/1912
f 1911/1911/1911 1913/1913/1913 1914/1914/1914
f 1913/1913/1913 1912/1912/1912 1914/1914/1914
f 1914/1914/1914 1912/1912/1912 1899/1899/1899
f 1915/1915/1915 1901/1901/1901 1899/1899/1899
f 1912/1912/1912 1915/1915/1915 1899/1899/1899
f 1901/1901/1901 1915/1915/1915 1912/1912/1912
f 1918/1918/1918 1917/1917/1917 1916/1916/1916
f 1917/1917/1917 1919/1919/1919 1916/1916/1916
f 1917/1917/1917 1918/1918/1918 1920/1920/1920
f 1919/1919/1919 1917/1917/1917 1921/1921/1921
f 1922/1922/1922 1917/1917/1917 1920/1920/1920
f 1917/1917/1917 1922/1922/1922 1921/1921/1921
f 1920/1920/1920 1923/1923/1923 1922/1922/1922
f 1923/1923/1923 1924/1924/1924 1922/1922/1922
f 1922/1922/1922 1924/1924/1924 1921/1921/1921
f 1923/1923/1923 1925/1925/1925 1924/1924/1924
f 1925/1925/1925 1926/1926/1926 1924/1924/1924
f 1924/1924/1924 1926/1926/1926 1927/1927/1927
f 1924/1924/1924 1927/1927/1927 1921/1921/1921
f 1926/1926/1926 1928/1928/1928 1927/1927/1927
f 1927/1927/1927 1929/1929/1929 1921/1921/1921
f 1929/1929/1929 1927/1927/1927 1928/1928/1928
f 1929/1929/1929 1930/1930/1930 1921/1921/1921
f 1931/1931/1931 1929/1929/1929 1928/1928/1928
f 1930/1930/1930 1929/1929/1929 1932/1932/1932
f 1929/1929/1929 1931/1931/1931 1932/1932/1932
f 1935/1935/1935 1934/1934/1934 1933/1933/1933
f 1934/1934/1934 1935/1935/1935 1936/1936/1936
f 1934/1934/1934 1937/1937/1937 1933/1933/1933
f 1933/1933/1933 1937/1937/1937 1938/1938/1938
f 1937/1937/1937 1939/1939/1939 1938/1938/1938
f 1938/1938/1938 1939/1939/1939 1940/1940/1940
f 1937/1937/1937 1934/1934/1934 1941/1941/1941
f 1939/1939/1939 1937/1937/1937 1941/1941/1941
f 1939/1939/1939 1942/1942/1942 1940/1940/1940
f 1940/1940/1940 1942/1942/1942 1943/1943/1943
f 1942/1942/1942 1939/1939/1939 1944/1944/1944
f 1942/1942/1942 1944/1944/1944 1943/1943/1943
f 1939/1939/1939 1941/1941/1941 1944/1944/1944
f 1943/1943/1943 1944/1944/1944 1945/1945/1945
f 1941/1941/1941 1934/1934/1934 1946/1946/1946
f 1944/1944/1944 1941/1941/1941 1946/1946/1946
f 1944/1944/1944 1947/1947/1947 1945/1945/1945
f 1947/1947/1947 1944/1944/1944 1946/1946/1946
f 1945/1945/1945 1947/1947/1947 1948/1948/1948
f 1947/1947/1947 1946/1946/1946 1948/1948/1948
f 1948/1948/1948 1946/1946/1946 1936/1936/1936
f 1934/1934/1934 1949/1949/1949 1946/1946/1946
f 1946/1946/1946 1949/1949/1949 1936/1936/1936
f 1949/1949/1949 1934/1934/1934 1936/1936/1936
f 1952/1952/1952 1951/1951/1951 1950/1950/1950
f 1951/1951/1951 1953/1953/1953 1950/1950/1950
f 1953/1953/1953 1954/1954/1954 1950/1950/1950
f 1955/1955/1955 1954/1954/1954 1953/1953/1953
f 1954/1954/1954 1955/1955/1955 1950/1950/1950
f 1956/1956/1956 1955/1955/1955 1953/1953/1953
f 1955/1955/1955 1956/1956/1956 1957/1957/1957
f 1958/1958/1958 1955/1955/1955 1957/1957/1957
f 1958/1958/1958 1957/1957/1957 1959/1959/1959
f 1955/1955/1955 1958/1958/1958 1960/1960/1960
f 1960/1960/1960 1958/1958/1958 1959/1959/1959
f 1955/1955/1955 1961/1961/1961 1950/1950/1950
f 1961/1961/1961 1955/1955/1955 1960/1960/1960
f 1962/1962/1962 1952/1952/1952 1950/1950/1950
f 1962/1962/1962 1950/1950/1950 1961/1961/1961
f 1952/1952/1952 1962/1962/1962 1963/1963/1963
f 1963/1963/1963 1962/1962/1962 1961/1961/1961
f 1963/1963/1963 1961/1961/1961 1960/1960/1960
f 1964/1964/1964 1952/1952/1952 1963/1963/1963
f 1965/1965/1965 1964/1964/1964 1963/1963/1963
f 1959/1959/1959 1965/1965/1965 1966/1966/1966
f 1960/1960/1960 1959/1959/1959 1966/1966/1966
f 1966/1966/1966 1965/1965/1965 1963/1963/1963
f 1966/1966/1966 1963/1963/1963 1960/1960/1960
f 1969/1969/1969 1968/1968/1968 1967/1967/1967
f 1968/1968/1968 1970/1970/1970 1967/1967/1967
f 1970/1970/1970 1971/1971/1971 1967/1967/1967
f 1972/1972/1972 1971/1971/1971 1970/1970/1970
f 1971/1971/1971 1972/1972/1972 1967/1967/1967
f 1973/1973/1973 1972/1972/1972 1970/1970/1970
f 1972/1972/1972 1973/1973/1973 1974/1974/1974
f 1975/1975/1975 1972/1972/1972 1974/1974/1974
f 1975/1975/1975 1974/1974/1974 1976/1976/1976
f 1972/1972/1972 1975/1975/1975 1977/1977/1977
f 1977/1977/1977 1975/1975/1975 1976/1976/1976
f 1972/1972/1972 1978/1978/1978 1967/1967/1967
f 1978/1978/1978 1972/1972/1972 1977/1977/1977
f 1979/1979/1979 1969/1969/1969 1967/1967/1967
f 1979/1979/1979 1967/1967/1967 1978/1978/1978
f 1969/1969/1969 1979/1979/1979 1980/1980/1980
f 1980/1980/1980 1979/1979/1979 1978/1978/1978
f 1980/1980/1980 1978/1978/1978 1977/1977/1977
f 1981/1981/1981 1969/1969/1969 1980/1980/1980
f 1982/1982/1982 1981/1981/1981 1980/1980/1980
f 1976/1976/1976 1982/1982/1982 1983/1983/1983
f 1977/1977/1977 1976/1976/1976 1983/1983/1983
f 1983/1983/1983 1980/1980/1980 1977/1977/1977
f 1983/1983/1983 1982/1982/1982 1980/1980/1980
f 1986/1986/1986 1985/1985/1985 1984/1984/1984
f 1985/1985/1985 1986/1986/1986 1987/1987/1987
f 1985/1985/1985 1988/1988/1988 1984/1984/1984
f 1984/1984/1984 1988/1988/1988 1989/1989/1989
f 1988/1988/1988 1990/1990/1990 1989/1989/1989
f 1989/1989/1989 1990/1990/1990 1991/1991/1991
f 1988/1988/1988 1985/1985/1985 1992/1992/1992
f 1990/1990/1990 1988/1988/1988 1992/1992/1992
f 1990/1990/1990 1993/1993/1993 1991/1991/1991
f 1991/1991/1991 1993/1993/1993 1994/1994/1994
f 1993/1993/1993 1990/1990/1990 1995/1995/1995
f 1993/1993/1993 1995/1995/1995 1994/1994/1994
f 1990/1990/1990 1992/1992/1992 1995/1995/1995
f 1994/1994/1994 1995/1995/1995 1996/1996/1996
f 1992/1992/1992 1985/1985/1985 1997/1997/1997
f 1995/1995/1995 1992/1992/1992 1997/1997/1997
f 1995/1995/1995 1998/1998/1998 1996/1996/1996
f 1998/1998/1998 1995/1995/1995 1997/1997/1997
f 1996/1996/1996 1998/1998/1998 1999/1999/1999
f 1998/1998/1998 1997/1997/1997 1999/1999/1999
f 1999/1999/1999 1997/1997/1997 1987/1987/1987
f 1985/1985/1985 2000/2000/2000 1997/1997/1997
f 1997/1997/1997 2000/2000/2000 1987/1987/1987
f 2000/2000/2000 1985/1985/1985 1987/1987/1987
f 2003/2003/2003 2002/2002/2002 2001/2001/2001
f 2002/2002/2002 2003/2003/2003 2004/2004/2004
f 2003/2003/2003 2005/2005/2005 2004/2004/2004
f 2004/2004/2004 2005/2005/2005 2006/2006/2006
f 2005/2005/2005 2007/2007/2007 2006/2006/2006
f 2008/2008/2008 2006/2006/2006 2007/2007/2007
f 2009/2009/2009 2008/2008/2008 2007/2007/2007
f 2008/2008/2008 2009/2009/2009 2010/2010/2010
f 2010/2010/2010 2011/2011/2011 2001/2001/2001
f 2009/2009/2009 2011/2011/2011 2010/2010/2010
f 2012/2012/2012 2003/2003/2003 2001/2001/2001
f 2011/2011/2011 2012/2012/2012 2001/2001/2001
f 2007/2007/2007 2005/2005/2005 2013/2013/2013
f 2013/2013/2013 2014/2014/2014 2007/2007/2007
f 2014/2014/2014 2009/2009/2009 2007/2007/2007
f 2005/2005/2005 2015/2015/2015 2013/2013/2013
f 2005/2005/2005 2003/2003/2003 2015/2015/2015
f 2009/2009/2009 2014/2014/2014 2016/2016/2016
f 2011/2011/2011 2009/2009/2009 2016/2016/2016
f 2003/2003/2003 2017/2017/2017 2015/2015/2015
f 2017/2017/2017 2003/2003/2003 2012/2012/2012
f 2011/2011/2011 2016/2016/2016 2018/2018/2018
f 2012/2012/2012 2011/2011/2011 2018/2018/2018
f 2018/2018/2018 2017/2017/2017 2012/2012/2012
f 2021/2021/2021 2020/2020/2020 2019/2019/2019
f 2020/2020/2020 2021/2021/2021 2022/2022/2022
f 2020/2020/2020 2023/2023/2023 2019/2019/2019
f 2019/2019/2019 2023/2023/2023 2024/2024/2024
f 2023/2023/2023 2025/2025/2025 2024/2024/2024
f 2024/2024/2024 2025/2025/2025 2026/2026/2026
f 2023/2023/2023 2020/2020/2020 2027/2027/2027
f 2025/2025/2025 2023/2023/2023 2027/2027/2027
f 2025/2025/2025 2028/2028/2028 2026/2026/2026
f 2026/2026/2026 2028/2028/2028 2029/2029/2029
f 2028/2028/2028 2025/2025/2025 2030/2030/2030
f 2028/2028/2028 2030/2030/2030 2029/2029/2029
f 2025/2025/2025 2027/2027/2027 2030/2030/2030
f 2029/2029/2029 2030/2030/2030 2031/2031/2031
f 2027/2027/2027 2020/2020/2020 2032/2032/2032
f 2030/2030/2030 2027/2027/2027 2032/2032/2032
f 2030/2030/2030 2033/2033/2033 2031/2031/2031
f 2033/2033/2033 2030/2030/2030 2032/2032/2032
f 2031/2031/2031 2033/2033/2033 2034/2034/2034
f 2033/2033/2033 2032/2032/2032 2034/2034/2034
f 2034/2034/2034 2032/2032/2032 2022/2022/2022
f 2020/2020/2020 2035/2035/2035 2032/2032/2032
f 2035/2035/2035 2020/2020/2020 2022/2022/2022
f 2032/2032/2032 2035/2035/2035 2022/2022/2022
f 2038/2038/2038 2037/2037/2037 2036/2036/2036
f 2037/2037/2037 2038/2038/2038 2039/2039/2039
f 2037/2037/2037 2040/2040/2040 2036/2036/2036
f 2036/2036/2036 2040/2040/2040 2041/2041/2041
f 2040/2040/2040 2042/2042/2042 2041/2041/2041
f 2041/2041/2041 2042/2042/2042 2043/2043/2043
f 2040/2040/2040 2037/2037/2037 2044/2044/2044
f 2042/2042/2042 2040/2040/2040 2044/2044/2044
f 2042/2042/2042 2045/2045/2045 2043/2043/2043
f 2043/2043/2043 2045/2045/2045 2046/2046/2046
f 2045/2045/2045 2042/2042/2042 2047/2047/2047
f 2045/2045/2045 2047/2047/2047 2046/2046/2046
f 2042/2042/2042 2044/2044/2044 2047/2047/2047
f 2046/2046/2046 2047/2047/2047 2048/2048/2048
f 2044/2044/2044 2037/2037/2037 2049/2049/2049
f 2047/2047/2047 2044/2044/2044 2049/2049/2049
f 2047/2047/2047 2050/2050/2050 2048/2048/2048
f 2050/2050/2050 2047/2047/2047 2049/2049/2049
f 2048/2048/2048 2050/2050/2050 2051/2051/2051
f 2050/2050/2050 2049/2049/2049 2051/2051/2051
f 2051/2051/2051 2049/2049/2049 2039/2039/2039
f 2037/2037/2037 2052/2052/2052 2049/2049/2049
f 2049/2049/2049 2052/2052/2052 2039/2039/2039
f 2052/2052/2052 2037/2037/2037 2039/2039/2039
f 2055/2055/2055 2054/2054/2054 2053/2053/2053
f 2054/2054/2054 2055/2055/2055 2056/2056/2056
f 2055/2055/2055 2057/2057/2057 2056/2056/2056
f 2056/2056/2056 2057/2057/2057 2058/2058/2058
f 2057/2057/2057 2059/2059/2059 2058/2058/2058
f 2058/2058/2058 2059/2059/2059 2060/2060/2060
f 2057/2057/2057 2055/2055/2055 2061/2061/2061
f 2059/2059/2059 2057/2057/2057 2061/2061/2061
f 2059/2059/2059 2062/2062/2062 2060/2060/2060
f 2060/2060/2060 2062/2062/2062 2063/2063/2063
f 2062/2062/2062 2059/2059/2059 2064/2064/2064
f 2062/2062/2062 2064/2064/2064 2063/2063/2063
f 2059/2059/2059 2061/2061/2061 2064/2064/2064
f 2063/2063/2063 2064/2064/2064 2065/2065/2065
f 2061/2061/2061 2055/2055/2055 2066/2066/2066
f 2064/2064/2064 2061/2061/2061 2066/2066/2066
f 2064/2064/2064 2067/2067/2067 2065/2065/2065
f 2067/2067/2067 2064/2064/2064 2066/2066/2066
f 2065/2065/2065 2067/2067/2067 2068/2068/2068
f 2067/2067/2067 2066/2066/2066 2068/2068/2068
f 2068/2068/2068 2066/2066/2066 2053/2053/2053
f 2055/2055/2055 2069/2069/2069 2066/2066/2066
f 2066/2066/2066 2069/2069/2069 2053/2053/2053
f 2069/2069/2069 2055/2055/2055 2053/2053/2053
f 2072/2072/2072 2071/2071/2071 2070/2070/2070
f 2071/2071/2071 2072/2072/2072 2073/2073/2073
f 2072/2072/2072 2074/2074/2074 2073/2073/2073
f 2073/2073/2073 2074/2074/2074 2075/2075/2075
f 2074/2074/2074 2076/2076/2076 2075/2075/2075
f 2075/2075/2075 2076/2076/2076 2077/2077/2077
f 2074/2074/2074 2072/2072/2072 2078/2078/2078
f 2076/2076/2076 2074/2074/2074 2078/2078/2078
f 2076/2076/2076 2079/2079/2079 2077/2077/2077
f 2077/2077/2077 2079/2079/2079 2080/2080/2080
f 2079/2079/2079 2076/2076/2076 2081/2081/2081
f 2079/2079/2079 2081/2081/2081 2080/2080/2080
f 2076/2076/2076 2078/2078/2078 2081/2081/2081
f 2080/2080/2080 2081/2081/2081 2082/2082/2082
f 2078/2078/2078 2072/2072/2072 2083/2083/2083
f 2081/2081/2081 2078/2078/2078 2083/2083/2083
f 2081/2081/2081 2084/2084/2084 2082/2082/2082
f 2084/2084/2084 2081/2081/2081 2083/2083/2083
f 2082/2082/2082 2084/2084/2084 2085/2085/2085
f 2084/2084/2084 2083/2083/2083 2085/2085/2085
f 2085/2085/2085 2083/2083/2083 2070/2070/2070
f 2086/2086/2086 2072/2072/2072 2070/2070/2070
f 2083/2083/2083 2086/2086/2086 2070/2070/2070
f 2072/2072/2072 2086/2086/2086 2083/2083/2083
f 2089/2089/2089 2088/2088/2088 2087/2087/2087
f 2088/2088/2088 2089/2089/2089 2090/2090/2090
f 2089/2089/2089 2091/2091/2091 2090/2090/2090
f 2090/2090/2090 2091/2091/2091 2092/2092/2092
f 2091/2091/2091 2093/2093/2093 2092/2092/2092
f 2092/2092/2092 2093/2093/2093 2094/2094/2094
f 2091/2091/2091 2089/2089/2089 2095/2095/2095
f 2093/2093/2093 2091/2091/2091 2095/2095/2095
f 2093/2093/2093 2096/2096/2096 2094/2094/2094
f 2094/2094/2094 2096/2096/2096 2097/2097/2097
f 2096/2096/2096 2093/2093/2093 2098/2098/2098
f 2096/2096/2096 2098/2098/2098 2097/2097/2097
f 2093/2093/2093 2095/2095/2095 2098/2098/2098
f 2097/2097/2097 2098/2098/2098 2099/2099/2099
f 2095/2095/2095 2089/2089/2089 2100/2100/2100
f 2098/2098/2098 2095/2095/2095 2100/2100/2100
f 2098/2098/2098 2101/2101/2101 2099/2099/2099
f 2101/2101/2101 2098/2098/2098 2100/2100/2100
f 2099/2099/2099 2101/2101/2101 2102/2102/2102
f 2101/2101/2101 2100/2100/2100 2102/2102/2102
f 2102/2102/2102 2100/2100/2100 2087/2087/2087
f 2103/2103/2103 2089/2089/2089 2087/2087/2087
f 2100/2100/2100 2103/2103/2103 2087/2087/2087
f 2089/2089/2089 2103/2103/2103 2100/2100/2100
f 2106/2106/2106 2105/2105/2105 2104/2104/2104
f 2105/2105/2105 2106/2106/2106 2107/2107/2107
f 2106/2106/2106 2108/2108/2108 2107/2107/2107
f 2107/2107/2107 2108/2108/2108 2109/2109/2109
f 2108/2108/2108 2110/2110/2110 2109/2109/2109
f 2109/2109/2109 2110/2110/2110 2111/2111/2111
f 2108/2108/2108 2106/2106/2106 2112/2112/2112
f 2110/2110/2110 2108/2108/2108 2112/2112/2112
f 2110/2110/2110 2113/2113/2113 2111/2111/2111
f 2111/2111/2111 2113/2113/2113 2114/2114/2114
f 2113/2113/2113 2110/2110/2110 2115/2115/2115
f 2113/2113/2113 2115/2115/2115 2114/2114/2114
f 2110/2110/2110 2112/2112/2112 2115/2115/2115
f 2114/2114/2114 2115/2115/2115 2116/2116/2116
f 2112/2112/2112 2106/2106/2106 2117/2117/2117
f 2115/2115/2115 2112/2112/2112 2117/2117/2117
f 2115/2115/2115 2118/2118/2118 2116/2116/2116
f 2118/2118/2118 2115/2115/2115 2117/2117/2117
f 2116/2116/2116 2118/2118/2118 2119/2119/2119
f 2118/2118/2118 2117/2117/2117 2119/2119/2119
f 2119/2119/2119 2117/2117/2117 2104/2104/2104
f 2120/2120/2120 2106/2106/2106 2104/2104/2104
f 2117/2117/2117 2120/2120/2120 2104/2104/2104
f 2106/2106/2106 2120/2120/2120 2117/2117/2117
f 2123/2123/2123 2122/2122/2122 2121/2121/2121
f 2122/2122/2122 2124/2124/2124 2121/2121/2121
f 2125/2125/2125 2123/2123/2123 2121/2121/2121
f 2126/2126/2126 2123/2123/2123 2125/2125/2125
f 2127/2127/2127 2126/2126/2126 2125/2125/2125
f 2125/2125/2125 2121/2121/2121 2127/2127/2127
f 2127/2127/2127 2128/2128/2128 2126/2126/2126
f 2129/2129/2129 2128/2128/2128 2127/2127/2127
f 2128/2128/2128 2130/2130/2130 2126/2126/2126
f 2128/2128/2128 2129/2129/2129 2130/2130/2130
f 2129/2129/2129 2131/2131/2131 2130/2130/2130
f 2131/2131/2131 2129/2129/2129 2132/2132/2132
f 2121/2121/2121 2133/2133/2133 2127/2127/2127
f 2133/2133/2133 2129/2129/2129 2127/2127/2127
f 2124/2124/2124 2134/2134/2134 2121/2121/2121
f 2121/2121/2121 2134/2134/2134 2133/2133/2133
f 2134/2134/2134 2124/2124/2124 2135/2135/2135
f 2134/2134/2134 2135/2135/2135 2133/2133/2133
f 2129/2129/2129 2133/2133/2133 2135/2135/2135
f 2124/2124/2124 2136/2136/2136 2135/2135/2135
f 2136/2136/2136 2132/2132/2132 2135/2135/2135
f 2129/2129/2129 2137/2137/2137 2132/2132/2132
f 2132/2132/2132 2137/2137/2137 2135/2135/2135
f 2137/2137/2137 2129/2129/2129 2135/2135/2135
f 2140/2140/2140 2139/2139/2139 2138/2138/2138
f 2139/2139/2139 2140/2140/2140 2141/2141/2141
f 2139/2139/2139 2142/2142/2142 2138/2138/2138
f 2138/2138/2138 2142/2142/2142 2143/2143/2143
f 2142/2142/2142 2144/2144/2144 2143/2143/2143
f 2143/2143/2143 2144/2144/2144 2145/2145/2145
f 2142/2142/2142 2139/2139/2139 2146/2146/2146
f 2144/2144/2144 2142/2142/2142 2146/2146/2146
f 2144/2144/2144 2147/2147/2147 2145/2145/2145
f 2145/2145/2145 2147/2147/2147 2148/2148/2148
f 2147/2147/2147 2144/2144/2144 2149/2149/2149
f 2147/2147/2147 2149/2149/2149 2148/2148/2148
f 2144/2144/2144 2146/2146/2146 2149/2149/2149
f 2148/2148/2148 2149/2149/2149 2150/2150/2150
f 2146/2146/2146 2139/2139/2139 2151/2151/2151
f 2149/2149/2149 2146/2146/2146 2151/2151/2151
f 2149/2149/2149 2152/2152/2152 2150/2150/2150
f 2152/2152/2152 2149/2149/2149 2151/2151/2151
f 2150/2150/2150 2152/2152/2152 2153/2153/2153
f 2152/2152/2152 2151/2151/2151 2153/2153/2153
f 2153/2153/2153 2151/2151/2151 2141/2141/2141
f 2139/2139/2139 2154/2154/2154 2151/2151/2151
f 2151/2151/2151 2154/2154/2154 2141/2141/2141
f 2154/2154/2154 2139/2139/2139 2141/2141/2141
f 2157/2157/2157 2156/2156/2156 2155/2155/2155
f 2156/2156/2156 2157/2157/2157 2158/2158/2158
f 2157/2157/2157 2159/2159/2159 2158/2158/2158
f 2158/2158/2158 2159/2159/2159 2160/2160/2160
f 2159/2159/2159 2161/2161/2161 2160/2160/2160
f 2160/2160/2160 2161/2161/2161 2162/2162/2162
f 2159/2159/2159 2157/2157/2157 2163/2163/2163
f 2161/2161/2161 2159/2159/2159 2163/2163/2163
f 2161/2161/2161 2164/2164/2164 2162/2162/2162
f 2162/2162/2162 2164/2164/2164 2165/2165/2165
f 2164/2164/2164 2161/2161/2161 2166/2166/2166
f 2164/2164/2164 2166/2166/2166 2165/2165/2165
f 2161/2161/2161 2163/2163/2163 2166/2166/2166
f 2165/2165/2165 2166/2166/2166 2167/2167/2167
f 2163/2163/2163 2157/2157/2157 2168/2168/2168
f 2166/2166/2166 2163/2163/2163 2168/2168/2168
f 2166/2166/2166 2169/2169/2169 2167/2167/2167
f 2169/2169/2169 2166/2166/2166 2168/2168/2168
f 2167/2167/2167 2169/2169/2169 2170/2170/2170
f 2169/2169/2169 2168/2168/2168 2170/2170/2170
f 2170/2170/2170 2168/2168/2168 2155/2155/2155
f 2171/2171/2171 2157/2157/2157 2155/2155/2155
f 2157/2157/2157 2171/2171/2171 2168/2168/2168
f 2168/2168/2168 2171/2171/2171 2155/2155/2155
f 2174/2174/2174 2173/2173/2173 2172/2172/2172
f 2173/2173/2173 2174/2174/2174 2175/2175/2175
f 2173/2173/2173 2176/2176/2176 2172/2172/2172
f 2172/2172/2172 2176/2176/2176 2177/2177/2177
f 2176/2176/2176 2178/2178/2178 2177/2177/2177
f 2177/2177/2177 2178/2178/2178 2179/2179/2179
f 2176/2176/2176 2173/2173/2173 2180/2180/2180
f 2178/2178/2178 2176/2176/2176 2180/2180/2180
f 2178/2178/2178 2181/2181/2181 2179/2179/2179
f 2179/2179/2179 2181/2181/2181 2182/2182/2182
f 2181/2181/2181 2178/2178/2178 2183/2183/2183
f 2181/2181/2181 2183/2183/2183 2182/2182/2182
f 2178/2178/2178 2180/2180/2180 2183/2183/2183
f 2182/2182/2182 2183/2183/2183 2184/2184/2184
f 2180/2180/2180 2173/2173/2173 2185/2185/2185
f 2183/2183/2183 2180/2180/2180 2185/2185/2185
f 2183/2183/2183 2186/2186/2186 2184/2184/2184
f 2186/2186/2186 2183/2183/2183 2185/2185/2185
f 2184/2184/2184 2186/2186/2186 2187/2187/2187
f 2186/2186/2186 2185/2185/2185 2187/2187/2187
f 2187/2187/2187 2185/2185/2185 2175/2175/2175
f 2188/2188/2188 2173/2173/2173 2175/2175/2175
f 2173/2173/2173 2188/2188/2188 2185/2185/2185
f 2185/2185/2185 2188/2188/2188 2175/2175/2175
f 2191/2191/2191 2190/2190/2190 2189/2189/2189
f 2190/2190/2190 2191/2191/2191 2192/2192/2192
f 2190/2190/2190 2193/2193/2193 2189/2189/2189
f 2189/2189/2189 2193/2193/2193 2194/2194/2194
f 2193/2193/2193 2195/2195/2195 2194/2194/2194
f 2194/2194/2194 2195/2195/2195 2196/2196/2196
f 2193/2193/2193 2190/2190/2190 2197/2197/2197
f 2195/2195/2195 2193/2193/2193 2197/2197/2197
f 2195/2195/2195 2198/2198/2198 2196/2196/2196
f 2196/2196/2196 2198/2198/2198 2199/2199/2199
f 2198/2198/2198 2195/2195/2195 2200/2200/2200
f 2198/2198/2198 2200/2200/2200 2199/2199/2199
f 2195/2195/2195 2197/2197/2197 2200/2200/2200
f 2199/2199/2199 2200/2200/2200 2201/2201/2201
f 2197/2197/2197 2190/2190/2190 2202/2202/2202
f 2200/2200/2200 2197/2197/2197 2202/2202/2202
f 2200/2200/2200 2203/2203/2203 2201/2201/2201
f 2203/2203/2203 2200/2200/2200 2202/2202/2202
f 2201/2201/2201 2203/2203/2203 2204/2204/2204
f 2203/2203/2203 2202/2202/2202 2204/2204/2204
f 2204/2204/2204 2202/2202/2202 2192/2192/2192
f 2190/2190/2190 2205/2205/2205 2202/2202/2202
f 2205/2205/2205 2190/2190/2190 2192/2192/2192
f 2202/2202/2202 2205/2205/2205 2192/2192/2192
f 2208/2208/2208 2207/2207/2207 2206/2206/2206
f 2207/2207/2207 2208/2208/2208 2209/2209/2209
f 2208/2208/2208 2210/2210/2210 2209/2209/2209
f 2209/2209/2209 2210/2210/2210 2211/2211/2211
f 2210/2210/2210 2212/2212/2212 2211/2211/2211
f 2213/2213/2213 2211/2211/2211 2212/2212/2212
f 2214/2214/2214 2213/2213/2213 2212/2212/2212
f 2213/2213/2213 2214/2214/2214 2215/2215/2215
f 2215/2215/2215 2216/2216/2216 2206/2206/2206
f 2214/2214/2214 2216/2216/2216 2215/2215/2215
f 2217/2217/2217 2208/2208/2208 2206/2206/2206
f 2216/2216/2216 2217/2217/2217 2206/2206/2206
f 2212/2212/2212 2210/2210/2210 2218/2218/2218
f 2210/2210/2210 2219/2219/2219 2218/2218/2218
f 2210/2210/2210 2208/2208/2208 2219/2219/2219
f 2218/2218/2218 2220/2220/2220 2212/2212/2212
f 2220/2220/2220 2214/2214/2214 2212/2212/2212
f 2208/2208/2208 2221/2221/2221 2219/2219/2219
f 2221/2221/2221 2208/2208/2208 2217/2217/2217
f 2214/2214/2214 2220/2220/2220 2222/2222/2222
f 2216/2216/2216 2214/2214/2214 2222/2222/2222
f 2223/2223/2223 2221/2221/2221 2217/2217/2217
f 2216/2216/2216 2222/2222/2222 2223/2223/2223
f 2217/2217/2217 2216/2216/2216 2223/2223/2223
f 2226/2226/2226 2225/2225/2225 2224/2224/2224
f 2225/2225/2225 2226/2226/2226 2227/2227/2227
f 2226/2226/2226 2228/2228/2228 2227/2227/2227
f 2227/2227/2227 2228/2228/2228 2229/2229/2229
f 2228/2228/2228 2230/2230/2230 2229/2229/2229
f 2229/2229/2229 2230/2230/2230 2231/2231/2231
f 2228/2228/2228 2226/2226/2226 2232/2232/2232
f 2230/2230/2230 2228/2228/2228 2232/2232/2232
f 2230/2230/2230 2233/2233/2233 2231/2231/2231
f 2231/2231/2231 2233/2233/2233 2234/2234/2234
f 2233/2233/2233 2230/2230/2230 2235/2235/2235
f 2233/2233/2233 2235/2235/2235 2234/2234/2234
f 2230/2230/2230 2232/2232/2232 2235/2235/2235
f 2234/2234/2234 2235/2235/2235 2236/2236/2236
f 2232/2232/2232 2226/2226/2226 2237/2237/2237
f 2235/2235/2235 2232/2232/2232 2237/2237/2237
f 2235/2235/2235 2238/2238/2238 2236/2236/2236
f 2238/2238/2238 2235/2235/2235 2237/2237/2237
f 2236/2236/2236 2238/2238/2238 2239/2239/2239
f 2238/2238/2238 2237/2237/2237 2239/2239/2239
f 2239/2239/2239 2237/2237/2237 2224/2224/2224
f 2240/2240/2240 2226/2226/2226 2224/2224/2224
f 2237/2237/2237 2240/2240/2240 2224/2224/2224
f 2226/2226/2226 2240/2240/2240 2237/2237/2237
f 2243/2243/2243 2242/2242/2242 2241/2241/2241
f 2244/2244/2244 2243/2243/2243 2241/2241/2241
f 2245/2245/2245 2244/2244/2244 2241/2241/2241
f 2246/2246/2246 2244/2244/2244 2245/2245/2245
f 2247/2247/2247 2246/2246/2246 2245/2245/2245
f 2245/2245/2245 2241/2241/2241 2247/2247/2247
f 2247/2247/2247 2248/2248/2248 2246/2246/2246
f 2249/2249/2249 2248/2248/2248 2247/2247/2247
f 2248/2248/2248 2250/2250/2250 2246/2246/2246
f 2248/2248/2248 2249/2249/2249 2250/2250/2250
f 2249/2249/2249 2251/2251/2251 2250/2250/2250
f 2251/2251/2251 2249/2249/2249 2252/2252/2252
f 2241/2241/2241 2253/2253/2253 2247/2247/2247
f 2253/2253/2253 2249/2249/2249 2247/2247/2247
f 2242/2242/2242 2254/2254/2254 2241/2241/2241
f 2241/2241/2241 2254/2254/2254 2253/2253/2253
f 2254/2254/2254 2242/2242/2242 2255/2255/2255
f 2254/2254/2254 2255/2255/2255 2253/2253/2253
f 2249/2249/2249 2253/2253/2253 2255/2255/2255
f 2242/2242/2242 2256/2256/2256 2255/2255/2255
f 2256/2256/2256 2252/2252/2252 2255/2255/2255
f 2249/2249/2249 2257/2257/2257 2252/2252/2252
f 2252/2252/2252 2257/2257/2257 2255/2255/2255
f 2257/2257/2257 2249/2249/2249 2255/2255/2255
f 2260/2260/2260 2259/2259/2259 2258/2258/2258
f 2259/2259/2259 2260/2260/2260 2261/2261/2261
f 2259/2259/2259 2262/2262/2262 2258/2258/2258
f 2258/2258/2258 2262/2262/2262 2263/2263/2263
f 2262/2262/2262 2264/2264/2264 2263/2263/2263
f 2263/2263/2263 2264/2264/2264 2265/2265/2265
f 2262/2262/2262 2259/2259/2259 2266/2266/2266
f 2264/2264/2264 2262/2262/2262 2266/2266/2266
f 2264/2264/2264 2267/2267/2267 2265/2265/2265
f 2265/2265/2265 2267/2267/2267 2268/2268/2268
f 2267/2267/2267 2264/2264/2264 2269/2269/2269
f 2267/2267/2267 2269/2269/2269 2268/2268/2268
f 2264/2264/2264 2266/2266/2266 2269/2269/2269
f 2268/2268/2268 2269/2269/2269 2270/2270/2270
f 2266/2266/2266 2259/2259/2259 2271/2271/2271
f 2269/2269/2269 2266/2266/2266 2271/2271/2271
f 2269/2269/2269 2272/2272/2272 2270/2270/2270
f 2272/2272/2272 2269/2269/2269 2271/2271/2271
f 2270/2270/2270 2272/2272/2272 2273/2273/2273
f 2272/2272/2272 2271/2271/2271 2273/2273/2273
f 2273/2273/2273 2271/2271/2271 2261/2261/2261
f 2274/2274/2274 2259/2259/2259 2261/2261/2261
f 2259/2259/2259 2274/2274/2274 2271/2271/2271
f 2271/2271/2271 2274/2274/2274 2261/2261/2261
f 2277/2277/2277 2276/2276/2276 2275/2275/2275
f 2276/2276/2276 2277/2277/2277 2278/2278/2278
f 2279/2279/2279 2277/2277/2277 2275/2275/2275
f 2279/2279/2279 2275/2275/2275 2280/2280/2280
f 2281/2281/2281 2279/2279/2279 2280/2280/2280
f 2277/2277/2277 2279/2279/2279 2281/2281/2281
f 2281/2281/2281 2280/2280/2280 2282/2282/2282
f 2280/2280/2280 2283/2283/2283 2282/2282/2282
f 2282/2282/2282 2283/2283/2283 2284/2284/2284
f 2282/2282/2282 2284/2284/2284 2281/2281/2281
f 2283/2283/2283 2285/2285/2285 2284/2284/2284
f 2285/2285/2285 2286/2286/2286 2284/2284/2284
f 2284/2284/2284 2287/2287/2287 2281/2281/2281
f 2287/2287/2287 2277/2277/2277 2281/2281/2281
f 2286/2286/2286 2288/2288/2288 2284/2284/2284
f 2284/2284/2284 2288/2288/2288 2287/2287/2287
f 2288/2288/2288 2286/2286/2286 2289/2289/2289
f 2288/2288/2288 2289/2289/2289 2287/2287/2287
f 2277/2277/2277 2287/2287/2287 2289/2289/2289
f 2286/2286/2286 2290/2290/2290 2289/2289/2289
f 2290/2290/2290 2278/2278/2278 2289/2289/2289
f 2277/2277/2277 2291/2291/2291 2278/2278/2278
f 2278/2278/2278 2291/2291/2291 2289/2289/2289
f 2291/2291/2291 2277/2277/2277 2289/2289/2289
f 2294/2294/2294 2293/2293/2293 2292/2292/2292
f 2293/2293/2293 2294/2294/2294 2295/2295/2295
f 2294/2294/2294 2296/2296/2296 2295/2295/2295
f 2295/2295/2295 2296/2296/2296 2297/2297/2297
f 2296/2296/2296 2298/2298/2298 2297/2297/2297
f 2297/2297/2297 2298/2298/2298 2299/2299/2299
f 2296/2296/2296 2294/2294/2294 2300/2300/2300
f 2298/2298/2298 2296/2296/2296 2300/2300/2300
f 2298/2298/2298 2301/2301/2301 2299/2299/2299
f 2299/2299/2299 2301/2301/2301 2302/2302/2302
f 2301/2301/2301 2298/2298/2298 2303/2303/2303
f 2301/2301/2301 2303/2303/2303 2302/2302/2302
f 2298/2298/2298 2300/2300/2300 2303/2303/2303
f 2302/2302/2302 2303/2303/2303 2304/2304/2304
f 2300/2300/2300 2294/2294/2294 2305/2305/2305
f 2303/2303/2303 2300/2300/2300 2305/2305/2305
f 2303/2303/2303 2306/2306/2306 2304/2304/2304
f 2306/2306/2306 2303/2303/2303 2305/2305/2305
f 2304/2304/2304 2306/2306/2306 2307/2307/2307
f 2306/2306/2306 2305/2305/2305 2307/2307/2307
f 2307/2307/2307 2305/2305/2305 2292/2292/2292
f 2308/2308/2308 2294/2294/2294 2292/2292/2292
f 2305/2305/2305 2308/2308/2308 2292/2292/2292
f 2294/2294/2294 2308/2308/2308 2305/2305/2305
f 2311/2311/2311 2310/2310/2310 2309/2309/2309
f 2310/2310/2310 2312/2312/2312 2309/2309/2309
f 2313/2313/2313 2311/2311/2311 2309/2309/2309
f 2314/2314/2314 2311/2311/2311 2313/2313/2313
f 2315/2315/2315 2314/2314/2314 2313/2313/2313
f 2313/2313/2313 2309/2309/2309 2315/2315/2315
f 2315/2315/2315 2316/2316/2316 2314/2314/2314
f 2317/2317/2317 2316/2316/2316 2315/2315/2315
f 2316/2316/2316 2318/2318/2318 2314/2314/2314
f 2316/2316/2316 2317/2317/2317 2318/2318/2318
f 2317/2317/2317 2319/2319/2319 2318/2318/2318
f 2319/2319/2319 2317/2317/2317 2320/2320/2320
f 2309/2309/2309 2321/2321/2321 2315/2315/2315
f 2321/2321/2321 2317/2317/2317 2315/2315/2315
f 2312/2312/2312 2322/2322/2322 2309/2309/2309
f 2309/2309/2309 2322/2322/2322 2321/2321/2321
f 2322/2322/2322 2312/2312/2312 2323/2323/2323
f 2322/2322/2322 2323/2323/2323 2321/2321/2321
f 2317/2317/2317 2321/2321/2321 2323/2323/2323
f 2312/2312/2312 2324/2324/2324 2323/2323/2323
f 2324/2324/2324 2320/2320/2320 2323/2323/2323
f 2317/2317/2317 2325/2325/2325 2320/2320/2320
f 2320/2320/2320 2325/2325/2325 2323/2323/2323
f 2325/2325/2325 2317/2317/2317 2323/2323/2323
f 2328/2328/2328 2327/2327/2327 2326/2326/2326
f 2327/2327/2327 2328/2328/2328 2329/2329/2329
f 2328/2328/2328 2330/2330/2330 2329/2329/2329
f 2329/2329/2329 2330/2330/2330 2331/2331/2331
f 2330/2330/2330 2332/2332/2332 2331/2331/2331
f 2331/2331/2331 2332/2332/2332 2333/2333/2333
f 2330/2330/2330 2328/2328/2328 2334/2334/2334
f 2332/2332/2332 2330/2330/2330 2334/2334/2334
f 2332/2332/2332 2335/2335/2335 2333/2333/2333
f 2333/2333/2333 2335/2335/2335 2336/2336/2336
f 2335/2335/2335 2332/2332/2332 2337/2337/2337
f 2335/2335/2335 2337/2337/2337 2336/2336/2336
f 2332/2332/2332 2334/2334/2334 2337/2337/2337
f 2336/2336/2336 2337/2337/2337 2338/2338/2338
f 2334/2334/2334 2328/2328/2328 2339/2339/2339
f 2337/2337/2337 2334/2334/2334 2339/2339/2339
f 2337/2337/2337 2340/2340/2340 2338/2338/2338
f 2340/2340/2340 2337/2337/2337 2339/2339/2339
f 2338/2338/2338 2340/2340/2340 2341/2341/2341
f 2340/2340/2340 2339/2339/2339 2341/2341/2341
f 2341/2341/2341 2339/2339/2339 2326/2326/2326
f 2342/2342/2342 2328/2328/2328 2326/2326/2326
f 2328/2328/2328 2342/2342/2342 2339/2339/2339
f 2339/2339/2339 2342/2342/2342 2326/2326/2326
f 2345/2345/2345 2344/2344/2344 2343/2343/2343
f 2344/2344/2344 2346/2346/2346 2343/2343/2343
f 2347/2347/2347 2345/2345/2345 2343/2343/2343
f 2348/2348/2348 2345/2345/2345 2347/2347/2347
f 2349/2349/2349 2348/2348/2348 2347/2347/2347
f 2347/2347/2347 2343/2343/2343 2349/2349/2349
f 2349/2349/2349 2350/2350/2350 2348/2348/2348
f 2351/2351/2351 2350/2350/2350 2349/2349/2349
f 2350/2350/2350 2352/2352/2352 2348/2348/2348
f 2350/2350/2350 2351/2351/2351 2352/2352/2352
f 2351/2351/2351 2353/2353/2353 2352/2352/2352
f 2353/2353/2353 2351/2351/2351 2354/2354/2354
f 2343/2343/2343 2355/2355/2355 2349/2349/2349
f 2355/2355/2355 2351/2351/2351 2349/2349/2349
f 2346/2346/2346 2356/2356/2356 2343/2343/2343
f 2343/2343/2343 2356/2356/2356 2355/2355/2355
f 2356/2356/2356 2346/2346/2346 2357/2357/2357
f 2356/2356/2356 2357/2357/2357 2355/2355/2355
f 2351/2351/2351 2355/2355/2355 2357/2357/2357
f 2346/2346/2346 2358/2358/2358 2357/2357/2357
f 2358/2358/2358 2354/2354/2354 2357/2357/2357
f 2351/2351/2351 2359/2359/2359 2354/2354/2354
f 2354/2354/2354 2359/2359/2359 2357/2357/2357
f 2359/2359/2359 2351/2351/2351 2357/2357/2357
f 2362/2362/2362 2361/2361/2361 2360/2360/2360
f 2361/2361/2361 2362/2362/2362 2363/2363/2363
f 2361/2361/2361 2364/2364/2364 2360/2360/2360
f 2360/2360/2360 2364/2364/2364 2365/2365/2365
f 2364/2364/2364 2366/2366/2366 2365/2365/2365
f 2365/2365/2365 2366/2366/2366 2367/2367/2367
f 2364/2364/2364 2361/2361/2361 2368/2368/2368
f 2366/2366/2366 2364/2364/2364 2368/2368/2368
f 2366/2366/2366 2369/2369/2369 2367/2367/2367
f 2367/2367/2367 2369/2369/2369 2370/2370/2370
f 2369/2369/2369 2366/2366/2366 2371/2371/2371
f 2369/2369/2369 2371/2371/2371 2370/2370/2370
f 2366/2366/2366 2368/2368/2368 2371/2371/2371
f 2370/2370/2370 2371/2371/2371 2372/2372/2372
f 2368/2368/2368 2361/2361/2361 2373/2373/2373
f 2371/2371/2371 2368/2368/2368 2373/2373/2373
f 2371/2371/2371 2374/2374/2374 2372/2372/2372
f 2374/2374/2374 2371/2371/2371 2373/2373/2373
f 2372/2372/2372 2374/2374/2374 2375/2375/2375
f 2374/2374/2374 2373/2373/2373 2375/2375/2375
f 2375/2375/2375 2373/2373/2373 2363/2363/2363
f 2361/2361/2361 2376/2376/2376 2373/2373/2373
f 2376/2376/2376 2361/2361/2361 2363/2363/2363
f 2373/2373/2373 2376/2376/2376 2363/2363/2363
f 2379/2379/2379 2378/2378/2378 2377/2377/2377
f 2378/2378/2378 2379/2379/2379 2380/2380/2380
f 2379/2379/2379 2381/2381/2381 2380/2380/2380
f 2380/2380/2380 2381/2381/2381 2382/2382/2382
f 2381/2381/2381 2383/2383/2383 2382/2382/2382
f 2382/2382/2382 2383/2383/2383 2384/2384/2384
f 2381/2381/2381 2379/2379/2379 2385/2385/2385
f 2383/2383/2383 2381/2381/2381 2385/2385/2385
f 2383/2383/2383 2386/2386/2386 2384/2384/2384
f 2384/2384/2384 2386/2386/2386 2387/2387/2387
f 2386/2386/2386 2383/2383/2383 2388/2388/2388
f 2386/2386/2386 2388/2388/2388 2387/2387/2387
f 2383/2383/2383 2385/2385/2385 2388/2388/2388
f 2387/2387/2387 2388/2388/2388 2389/2389/2389
f 2385/2385/2385 2379/2379/2379 2390/2390/2390
f 2388/2388/2388 2385/2385/2385 2390/2390/2390
f 2388/2388/2388 2391/2391/2391 2389/2389/2389
f 2391/2391/2391 2388/2388/2388 2390/2390/2390
f 2389/2389/2389 2391/2391/2391 2392/2392/2392
f 2391/2391/2391 2390/2390/2390 2392/2392/2392
f 2392/2392/2392 2390/2390/2390 2377/2377/2377
f 2379/2379/2379 2393/2393/2393 2390/2390/2390
f 2393/2393/2393 2379/2379/2379 2377/2377/2377
f 2390/2390/2390 2393/2393/2393 2377/2377/2377
f 2396/2396/2396 2395/2395/2395 2394/2394/2394
f 2395/2395/2395 2396/2396/2396 2397/2397/2397
f 2398/2398/2398 2395/2395/2395 2397/2397/2397
f 2398/2398/2398 2397/2397/2397 2399/2399/2399
f 2400/2400/2400 2398/2398/2398 2399/2399/2399
f 2395/2395/2395 2398/2398/2398 2400/2400/2400
f 2400/2400/2400 2399/2399/2399 2401/2401/2401
f 2399/2399/2399 2402/2402/2402 2401/2401/2401
f 2401/2401/2401 2402/2402/2402 2403/2403/2403
f 2401/2401/2401 2403/2403/2403 2400/2400/2400
f 2402/2402/2402 2404/2404/2404 2403/2403/2403
f 2404/2404/2404 2405/2405/2405 2403/2403/2403
f 2403/2403/2403 2406/2406/2406 2400/2400/2400
f 2406/2406/2406 2395/2395/2395 2400/2400/2400
f 2405/2405/2405 2407/2407/2407 2403/2403/2403
f 2403/2403/2403 2407/2407/2407 2406/2406/2406
f 2407/2407/2407 2405/2405/2405 2408/2408/2408
f 2407/2407/2407 2408/2408/2408 2406/2406/2406
f 2395/2395/2395 2406/2406/2406 2408/2408/2408
f 2405/2405/2405 2409/2409/2409 2408/2408/2408
f 2409/2409/2409 2394/2394/2394 2408/2408/2408
f 2395/2395/2395 2410/2410/2410 2394/2394/2394
f 2394/2394/2394 2410/2410/2410 2408/2408/2408
f 2410/2410/2410 2395/2395/2395 2408/2408/2408
f 2413/2413/2413 2412/2412/2412 2411/2411/2411
f 2412/2412/2412 2413/2413/2413 2414/2414/2414
f 2413/2413/2413 2415/2415/2415 2414/2414/2414
f 2414/2414/2414 2415/2415/2415 2416/2416/2416
f 2415/2415/2415 2417/2417/2417 2416/2416/2416
f 2416/2416/2416 2417/2417/2417 2418/2418/2418
f 2415/2415/2415 2413/2413/2413 2419/2419/2419
f 2417/2417/2417 2415/2415/2415 2419/2419/2419
f 2417/2417/2417 2420/2420/2420 2418/2418/2418
f 2418/2418/2418 2420/2420/2420 2421/2421/2421
f 2420/2420/2420 2417/2417/2417 2422/2422/2422
f 2420/2420/2420 2422/2422/2422 2421/2421/2421
f 2417/2417/2417 2419/2419/2419 2422/2422/2422
f 2421/2421/2421 2422/2422/2422 2423/2423/2423
f 2419/2419/2419 2413/2413/2413 2424/2424/2424
f 2422/2422/2422 2419/2419/2419 2424/2424/2424
f 2422/2422/2422 2425/2425/2425 2423/2423/2423
f 2425/2425/2425 2422/2422/2422 2424/2424/2424
f 2423/2423/2423 2425/2425/2425 2426/2426/2426
f 2425/2425/2425 2424/2424/2424 2426/2426/2426
f 2426/2426/2426 2424/2424/2424 2411/2411/2411
f 2427/2427/2427 2413/2413/2413 2411/2411/2411
f 2424/2424/2424 2427/2427/2427 2411/2411/2411
f 2413/2413/2413 2427/2427/2427 2424/2424/2424
f 2430/2430/2430 2429/2429/2429 2428/2428/2428
f 2429/2429/2429 2430/2430/2430 2431/2431/2431
f 2429/2429/2429 2432/2432/2432 2428/2428/2428
f 2428/2428/2428 2432/2432/2432 2433/2433/2433
f 2432/2432/2432 2434/2434/2434 2433/2433/2433
f 2433/2433/2433 2434/2434/2434 2435/2435/2435
f 2432/2432/2432 2429/2429/2429 2436/2436/2436
f 2434/2434/2434 2432/2432/2432 2436/2436/2436
f 2434/2434/2434 2437/2437/2437 2435/2435/2435
f 2435/2435/2435 2437/2437/2437 2438/2438/2438
f 2437/2437/2437 2434/2434/2434 2439/2439/2439
f 2437/2437/2437 2439/2439/2439 2438/2438/2438
f 2434/2434/2434 2436/2436/2436 2439/2439/2439
f 2438/2438/2438 2439/2439/2439 2440/2440/2440
f 2436/2436/2436 2429/2429/2429 2441/2441/2441
f 2439/2439/2439 2436/2436/2436 2441/2441/2441
f 2439/2439/2439 2442/2442/2442 2440/2440/2440
f 2442/2442/2442 2439/2439/2439 2441/2441/2441
f 2440/2440/2440 2442/2442/2442 2443/2443/2443
f 2442/2442/2442 2441/2441/2441 2443/2443/2443
f 2443/2443/2443 2441/2441/2441 2431/2431/2431
f 2429/2429/2429 2444/2444/2444 2441/2441/2441
f 2444/2444/2444 2429/2429/2429 2431/2431/2431
f 2441/2441/2441 2444/2444/2444 2431/2431/2431
f 2447/2447/2447 2446/2446/2446 2445/2445/2445
f 2446/2446/2446 2447/2447/2447 2448/2448/2448
f 2447/2447/2447 2449/2449/2449 2448/2448/2448
f 2448/2448/2448 2449/2449/2449 2450/2450/2450
f 2449/2449/2449 2451/2451/2451 2450/2450/2450
f 2450/2450/2450 2451/2451/2451 2452/2452/2452
f 2449/2449/2449 2447/2447/2447 2453/2453/2453
f 2451/2451/2451 2449/2449/2449 2453/2453/2453
f 2451/2451/2451 2454/2454/2454 2452/2452/2452
f 2452/2452/2452 2454/2454/2454 2455/2455/2455
f 2454/2454/2454 2451/2451/2451 2456/2456/2456
f 2454/2454/2454 2456/2456/2456 2455/2455/2455
f 2451/2451/2451 2453/2453/2453 2456/2456/2456
f 2455/2455/2455 2456/2456/2456 2457/2457/2457
f 2453/2453/2453 2447/2447/2447 2458/2458/2458
f 2456/2456/2456 2453/2453/2453 2458/2458/2458
f 2456/2456/2456 2459/2459/2459 2457/2457/2457
f 2459/2459/2459 2456/2456/2456 2458/2458/2458
f 2457/2457/2457 2459/2459/2459 2460/2460/2460
f 2459/2459/2459 2458/2458/2458 2460/2460/2460
f 2460/2460/2460 2458/2458/2458 2445/2445/2445
f 2461/2461/2461 2447/2447/2447 2445/2445/2445
f 2447/2447/2447 2461/2461/2461 2458/2458/2458
f 2458/2458/2458 2461/2461/2461 2445/2445/2445
f 2464/2464/2464 2463/2463/2463 2462/2462/2462
f 2463/2463/2463 2464/2464/2464 2465/2465/2465
f 2464/2464/2464 2466/2466/2466 2465/2465/2465
f 2465/2465/2465 2466/2466/2466 2467/2467/2467
f 2466/2466/2466 2468/2468/2468 2467/2467/2467
f 2467/2467/2467 2468/2468/2468 2469/2469/2469
f 2466/2466/2466 2464/2464/2464 2470/2470/2470
f 2468/2468/2468 2466/2466/2466 2470/2470/2470
f 2468/2468/2468 2471/2471/2471 2469/2469/2469
f 2469/2469/2469 2471/2471/2471 2472/2472/2472
f 2471/2471/2471 2468/2468/2468 2473/2473/2473
f 2471/2471/2471 2473/2473/2473 2472/2472/2472
f 2468/2468/2468 2470/2470/2470 2473/2473/2473
f 2472/2472/2472 2473/2473/2473 2474/2474/2474
f 2470/2470/2470 2464/2464/2464 2475/2475/2475
f 2473/2473/2473 2470/2470/2470 2475/2475/2475
f 2473/2473/2473 2476/2476/2476 2474/2474/2474
f 2476/2476/2476 2473/2473/2473 2475/2475/2475
f 2474/2474/2474 2476/2476/2476 2477/2477/2477
f 2476/2476/2476 2475/2475/2475 2477/2477/2477
f 2477/2477/2477 2475/2475/2475 2462/2462/2462
f 2478/2478/2478 2464/2464/2464 2462/2462/2462
f 2464/2464/2464 2478/2478/2478 2475/2475/2475
f 2475/2475/2475 2478/2478/2478 2462/2462/2462
f 2481/2481/2481 2480/2480/2480 2479/2479/2479
f 2480/2480/2480 2481/2481/2481 2482/2482/2482
f 2481/2481/2481 2483/2483/2483 2482/2482/2482
f 2482/2482/2482 2483/2483/2483 2484/2484/2484
f 2483/2483/2483 2485/2485/2485 2484/2484/2484
f 2484/2484/2484 2485/2485/2485 2486/2486/2486
f 2483/2483/2483 2481/2481/2481 2487/2487/2487
f 2485/2485/2485 2483/2483/2483 2487/2487/2487
f 2485/2485/2485 2488/2488/2488 2486/2486/2486
f 2486/2486/2486 2488/2488/2488 2489/2489/2489
f 2488/2488/2488 2485/2485/2485 2490/2490/2490
f 2488/2488/2488 2490/2490/2490 2489/2489/2489
f 2485/2485/2485 2487/2487/2487 2490/2490/2490
f 2489/2489/2489 2490/2490/2490 2491/2491/2491
f 2487/2487/2487 2481/2481/2481 2492/2492/2492
f 2490/2490/2490 2487/2487/2487 2492/2492/2492
f 2490/2490/2490 2493/2493/2493 2491/2491/2491
f 2493/2493/2493 2490/2490/2490 2492/2492/2492
f 2491/2491/2491 2493/2493/2493 2494/2494/2494
f 2493/2493/2493 2492/2492/2492 2494/2494/2494
f 2494/2494/2494 2492/2492/2492 2479/2479/2479
f 2495/2495/2495 2481/2481/2481 2479/2479/2479
f 2492/2492/2492 2495/2495/2495 2479/2479/2479
f 2481/2481/2481 2495/2495/2495 2492/2492/2492
f 2498/2498/2498 2497/2497/2497 2496/2496/2496
f 2497/2497/2497 2498/2498/2498 2499/2499/2499
f 2497/2497/2497 2500/2500/2500 2496/2496/2496
f 2496/2496/2496 2500/2500/2500 2501/2501/2501
f 2500/2500/2500 2502/2502/2502 2501/2501/2501
f 2501/2501/2501 2502/2502/2502 2503/2503/2503
f 2500/2500/2500 2497/2497/2497 2504/2504/2504
f 2502/2502/2502 2500/2500/2500 2504/2504/2504
f 2502/2502/2502 2505/2505/2505 2503/2503/2503
f 2503/2503/2503 2505/2505/2505 2506/2506/2506
f 2505/2505/2505 2502/2502/2502 2507/2507/2507
f 2505/2505/2505 2507/2507/2507 2506/2506/2506
f 2502/2502/2502 2504/2504/2504 2507/2507/2507
f 2506/2506/2506 2507/2507/2507 2508/2508/2508
f 2504/2504/2504 2497/2497/2497 2509/2509/2509
f 2507/2507/2507 2504/2504/2504 2509/2509/2509
f 2507/2507/2507 2510/2510/2510 2508/2508/2508
f 2510/2510/2510 2507/2507/2507 2509/2509/2509
f 2508/2508/2508 2510/2510/2510 2511/2511/2511
f 2510/2510/2510 2509/2509/2509 2511/2511/2511
f 2511/2511/2511 2509/2509/2509 2499/2499/2499
f 2497/2497/2497 2512/2512/2512 2509/2509/2509
f 2509/2509/2509 2512/2512/2512 2499/2499/2499
f 2512/2512/2512 2497/2497/2497 2499/2499/2499
f 2515/2515/2515 2514/2514/2514 2513/2513/2513
f 2514/2514/2514 2515/2515/2515 2516/2516/2516
f 2514/2514/2514 2517/2517/2517 2513/2513/2513
f 2513/2513/2513 2517/2517/2517 2518/2518/2518
f 2517/2517/2517 2519/2519/2519 2518/2518/2518
f 2518/2518/2518 2519/2519/2519 2520/2520/2520
f 2517/2517/2517 2514/2514/2514 2521/2521/2521
f 2519/2519/2519 2517/2517/2517 2521/2521/2521
f 2519/2519/2519 2522/2522/2522 2520/2520/2520
f 2520/2520/2520 2522/2522/2522 2523/2523/2523
f 2522/2522/2522 2519/2519/2519 2524/2524/2524
f 2522/2522/2522 2524/2524/2524 2523/2523/2523
f 2519/2519/2519 2521/2521/2521 2524/2524/2524
f 2523/2523/2523 2524/2524/2524 2525/2525/2525
f 2521/2521/2521 2514/2514/2514 2526/2526/2526
f 2524/2524/2524 2521/2521/2521 2526/2526/2526
f 2524/2524/2524 2527/2527/2527 2525/2525/2525
f 2527/2527/2527 2524/2524/2524 2526/2526/2526
f 2525/2525/2525 2527/2527/2527 2528/2528/2528
f 2527/2527/2527 2526/2526/2526 2528/2528/2528
f 2528/2528/2528 2526/2526/2526 2516/2516/2516
f 2514/2514/2514 2529/2529/2529 2526/2526/2526
f 2526/2526/2526 2529/2529/2529 2516/2516/2516
f 2529/2529/2529 2514/2514/2514 2516/2516/2516
f 2532/2532/2532 2531/2531/2531 2530/2530/2530
f 2533/2533/2533 2532/2532/2532 2530/2530/2530
f 2532/2532/2532 2533/2533/2533 2534/2534/2534
f 2530/2530/2530 2531/2531/2531 2535/2535/2535
f 2531/2531/2531 2536/2536/2536 2535/2535/2535
f 2533/2533/2533 2537/2537/2537 2534/2534/2534
f 2538/2538/2538 2534/2534/2534 2537/2537/2537
f 2535/2535/2535 2536/2536/2536 2539/2539/2539
f 2536/2536/2536 2540/2540/2540 2539/2539/2539
f 2540/2540/2540 2538/2538/2538 2541/2541/2541
f 2541/2541/2541 2538/2538/2538 2537/2537/2537
f 2539/2539/2539 2540/2540/2540 2541/2541/2541
f 2533/2533/2533 2530/2530/2530 2542/2542/2542
f 2530/2530/2530 2535/2535/2535 2543/2543/2543
f 2542/2542/2542 2530/2530/2530 2543/2543/2543
f 2533/2533/2533 2544/2544/2544 2537/2537/2537
f 2544/2544/2544 2533/2533/2533 2542/2542/2542
f 2541/2541/2541 2537/2537/2537 2545/2545/2545
f 2544/2544/2544 2545/2545/2545 2537/2537/2537
f 2535/2535/2535 2539/2539/2539 2546/2546/2546
f 2543/2543/2543 2535/2535/2535 2546/2546/2546
f 2539/2539/2539 2541/2541/2541 2547/2547/2547
f 2546/2546/2546 2539/2539/2539 2547/2547/2547
f 2547/2547/2547 2541/2541/2541 2545/2545/2545
f 2543/2543/2543 2546/2546/2546 2548/2548/2548
f 2546/2546/2546 2547/2547/2547 2548/2548/2548
f 2542/2542/2542 2543/2543/2543 2549/2549/2549
f 2549/2549/2549 2543/2543/2543 2548/2548/2548
f 2544/2544/2544 2542/2542/2542 2550/2550/2550
f 2550/2550/2550 2542/2542/2542 2549/2549/2549
f 2544/2544/2544 2551/2551/2551 2545/2545/2545
f 2551/2551/2551 2544/2544/2544 2550/2550/2550
f 2547/2547/2547 2545/2545/2545 2552/2552/2552
f 2551/2551/2551 2552/2552/2552 2545/2545/2545
f 2547/2547/2547 2553/2553/2553 2548/2548/2548
f 2553/2553/2553 2547/2547/2547 2552/2552/2552
f 2549/2549/2549 2548/2548/2548 2554/2554/2554
f 2550/2550/2550 2549/2549/2549 2555/2555/2555
f 2555/2555/2555 2549/2549/2549 2554/2554/2554
f 2551/2551/2551 2550/2550/2550 2556/2556/2556
f 2556/2556/2556 2550/2550/2550 2555/2555/2555
f 2551/2551/2551 2557/2557/2557 2552/2552/2552
f 2557/2557/2557 2551/2551/2551 2556/2556/2556
f 2553/2553/2553 2558/2558/2558 2548/2548/2548
f 2558/2558/2558 2554/2554/2554 2548/2548/2548
f 2553/2553/2553 2552/2552/2552 2559/2559/2559
f 2557/2557/2557 2559/2559/2559 2552/2552/2552
f 2558/2558/2558 2553/2553/2553 2559/2559/2559
f 2556/2556/2556 2555/2555/2555 2560/2560/2560
f 2555/2555/2555 2554/2554/2554 2561/2561/2561
f 2560/2560/2560 2555/2555/2555 2561/2561/2561
f 2557/2557/2557 2556/2556/2556 2562/2562/2562
f 2562/2562/2562 2556/2556/2556 2560/2560/2560
f 2557/2557/2557 2563/2563/2563 2559/2559/2559
f 2563/2563/2563 2557/2557/2557 2562/2562/2562
f 2558/2558/2558 2564/2564/2564 2554/2554/2554
f 2564/2564/2564 2561/2561/2561 2554/2554/2554
f 2558/2558/2558 2559/2559/2559 2565/2565/2565
f 2563/2563/2563 2565/2565/2565 2559/2559/2559
f 2564/2564/2564 2558/2558/2558 2565/2565/2565
f 2560/2560/2560 2561/2561/2561 2566/2566/2566
f 2562/2562/2562 2560/2560/2560 2567/2567/2567
f 2567/2567/2567 2560/2560/2560 2566/2566/2566
f 2563/2563/2563 2562/2562/2562 2568/2568/2568
f 2568/2568/2568 2562/2562/2562 2567/2567/2567
f 2563/2563/2563 2569/2569/2569 2565/2565/2565
f 2569/2569/2569 2563/2563/2563 2568/2568/2568
f 2564/2564/2564 2570/2570/2570 2561/2561/2561
f 2570/2570/2570 2566/2566/2566 2561/2561/2561
f 2564/2564/2564 2565/2565/2565 2571/2571/2571
f 2569/2569/2569 2571/2571/2571 2565/2565/2565
f 2570/2570/2570 2564/2564/2564 2571/2571/2571
f 2568/2568/2568 2567/2567/2567 2572/2572/2572
f 2567/2567/2567 2566/2566/2566 2573/2573/2573
f 2572/2572/2572 2567/2567/2567 2573/2573/2573
f 2569/2569/2569 2568/2568/2568 2574/2574/2574
f 2574/2574/2574 2568/2568/2568 2572/2572/2572
f 2569/2569/2569 2575/2575/2575 2571/2571/2571
f 2575/2575/2575 2569/2569/2569 2574/2574/2574
f 2570/2570/2570 2576/2576/2576 2566/2566/2566
f 2576/2576/2576 2573/2573/2573 2566/2566/2566
f 2570/2570/2570 2571/2571/2571 2577/2577/2577
f 2576/2576/2576 2570/2570/2570 2577/2577/2577
f 2575/2575/2575 2577/2577/2577 2571/2571/2571
f 2576/2576/2576 2578/2578/2578 2573/2573/2573
f 2578/2578/2578 2576/2576/2576 2577/2577/2577
f 2572/2572/2572 2573/2573/2573 2579/2579/2579
f 2578/2578/2578 2579/2579/2579 2573/2573/2573
f 2574/2574/2574 2572/2572/2572 2580/2580/2580
f 2580/2580/2580 2572/2572/2572 2579/2579/2579
f 2575/2575/2575 2574/2574/2574 2581/2581/2581
f 2581/2581/2581 2574/2574/2574 2580/2580/2580
f 2575/2575/2575 2582/2582/2582 2577/2577/2577
f 2582/2582/2582 2575/2575/2575 2581/2581/2581
f 2583/2583/2583 2578/2578/2578 2577/2577/2577
f 2582/2582/2582 2583/2583/2583 2577/2577/2577
f 2578/2578/2578 2584/2584/2584 2579/2579/2579
f 2584/2584/2584 2585/2585/2585 2579/2579/2579
f 2580/2580/2580 2579/2579/2579 2585/2585/2585
f 2586/2586/2586 2584/2584/2584 2578/2578/2578
f 2583/2583/2583 2586/2586/2586 2578/2578/2578
f 2587/2587/2587 2580/2580/2580 2585/2585/2585
f 2581/2581/2581 2580/2580/2580 2587/2587/2587
f 2586/2586/2586 2583/2583/2583 2588/2588/2588
f 2583/2583/2583 2582/2582/2582 2588/2588/2588
f 2589/2589/2589 2581/2581/2581 2587/2587/2587
f 2588/2588/2588 2582/2582/2582 2589/2589/2589
f 2582/2582/2582 2581/2581/2581 2589/2589/2589
f 2592/2592/2592 2591/2591/2591 2590/2590/2590
f 2593/2593/2593 2592/2592/2592 2590/2590/2590
f 2590/2590/2590 2591/2591/2591 2594/2594/2594
f 2595/2595/2595 2592/2592/2592 2593/2593/2593
f 2596/2596/2596 2595/2595/2595 2593/2593/2593
f 2591/2591/2591 2597/2597/2597 2594/2594/2594
f 2594/2594/2594 2597/2597/2597 2598/2598/2598
f 2599/2599/2599 2595/2595/2595 2596/2596/2596
f 2600/2600/2600 2599/2599/2599 2596/2596/2596
f 2598/2598/2598 2601/2601/2601 2600/2600/2600
f 2597/2597/2597 2601/2601/2601 2598/2598/2598
f 2601/2601/2601 2599/2599/2599 2600/2600/2600
f 2595/2595/2595 2602/2602/2602 2592/2592/2592
f 2592/2592/2592 2603/2603/2603 2591/2591/2591
f 2602/2602/2602 2603/2603/2603 2592/2592/2592
f 2591/2591/2591 2604/2604/2604 2597/2597/2597
f 2603/2603/2603 2604/2604/2604 2591/2591/2591
f 2599/2599/2599 2605/2605/2605 2595/2595/2595
f 2605/2605/2605 2602/2602/2602 2595/2595/2595
f 2601/2601/2601 2606/2606/2606 2599/2599/2599
f 2606/2606/2606 2605/2605/2605 2599/2599/2599
f 2597/2597/2597 2607/2607/2607 2601/2601/2601
f 2604/2604/2604 2607/2607/2607 2597/2597/2597
f 2607/2607/2607 2606/2606/2606 2601/2601/2601
f 2603/2603/2603 2608/2608/2608 2604/2604/2604
f 2602/2602/2602 2609/2609/2609 2603/2603/2603
f 2609/2609/2609 2608/2608/2608 2603/2603/2603
f 2605/2605/2605 2610/2610/2610 2602/2602/2602
f 2610/2610/2610 2609/2609/2609 2602/2602/2602
f 2606/2606/2606 2611/2611/2611 2605/2605/2605
f 2611/2611/2611 2610/2610/2610 2605/2605/2605
f 2604/2604/2604 2612/2612/2612 2607/2607/2607
f 2608/2608/2608 2612/2612/2612 2604/2604/2604
f 2607/2607/2607 2613/2613/2613 2606/2606/2606
f 2613/2613/2613 2611/2611/2611 2606/2606/2606
f 2612/2612/2612 2613/2613/2613 2607/2607/2607
f 2609/2609/2609 2614/2614/2614 2608/2608/2608
f 2614/2614/2614 2615/2615/2615 2608/2608/2608
f 2608/2608/2608 2615/2615/2615 2612/2612/2612
f 2616/2616/2616 2614/2614/2614 2609/2609/2609
f 2610/2610/2610 2616/2616/2616 2609/2609/2609
f 2615/2615/2615 2617/2617/2617 2612/2612/2612
f 2612/2612/2612 2617/2617/2617 2613/2613/2613
f 2618/2618/2618 2616/2616/2616 2610/2610/2610
f 2611/2611/2611 2618/2618/2618 2610/2610/2610
f 2617/2617/2617 2619/2619/2619 2613/2613/2613
f 2619/2619/2619 2618/2618/2618 2611/2611/2611
f 2613/2613/2613 2619/2619/2619 2611/2611/2611
f 2622/2622/2622 2621/2621/2621 2620/2620/2620
f 2621/2621/2621 2623/2623/2623 2620/2620/2620
f 2620/2620/2620 2623/2623/2623 2624/2624/2624
f 2625/2625/2625 2621/2621/2621 2622/2622/2622
f 2626/2626/2626 2625/2625/2625 2622/2622/2622
f 2623/2623/2623 2627/2627/2627 2624/2624/2624
f 2624/2624/2624 2627/2627/2627 2628/2628/2628
f 2621/2621/2621 2629/2629/2629 2623/2623/2623
f 2621/2621/2621 2625/2625/2625 2629/2629/2629
f 2630/2630/2630 2625/2625/2625 2626/2626/2626
f 2631/2631/2631 2630/2630/2630 2626/2626/2626
f 2628/2628/2628 2632/2632/2632 2631/2631/2631
f 2627/2627/2627 2632/2632/2632 2628/2628/2628
f 2632/2632/2632 2630/2630/2630 2631/2631/2631
f 2623/2623/2623 2633/2633/2633 2627/2627/2627
f 2629/2629/2629 2633/2633/2633 2623/2623/2623
f 2627/2627/2627 2634/2634/2634 2632/2632/2632
f 2633/2633/2633 2634/2634/2634 2627/2627/2627
f 2632/2632/2632 2635/2635/2635 2630/2630/2630
f 2634/2634/2634 2635/2635/2635 2632/2632/2632
f 2630/2630/2630 2636/2636/2636 2625/2625/2625
f 2635/2635/2635 2636/2636/2636 2630/2630/2630
f 2625/2625/2625 2637/2637/2637 2629/2629/2629
f 2636/2636/2636 2637/2637/2637 2625/2625/2625
f 2636/2636/2636 2638/2638/2638 2637/2637/2637
f 2638/2638/2638 2639/2639/2639 2637/2637/2637
f 2637/2637/2637 2639/2639/2639 2629/2629/2629
f 2638/2638/2638 2640/2640/2640 2639/2639/2639
f 2633/2633/2633 2629/2629/2629 2641/2641/2641
f 2639/2639/2639 2641/2641/2641 2629/2629/2629
f 2633/2633/2633 2642/2642/2642 2634/2634/2634
f 2642/2642/2642 2633/2633/2633 2641/2641/2641
f 2634/2634/2634 2643/2643/2643 2635/2635/2635
f 2642/2642/2642 2643/2643/2643 2634/2634/2634
f 2635/2635/2635 2644/2644/2644 2636/2636/2636
f 2643/2643/2643 2644/2644/2644 2635/2635/2635
f 2644/2644/2644 2645/2645/2645 2636/2636/2636
f 2639/2639/2639 2646/2646/2646 2641/2641/2641
f 2640/2640/2640 2646/2646/2646 2639/2639/2639
f 2642/2642/2642 2641/2641/2641 2647/2647/2647
f 2646/2646/2646 2647/2647/2647 2641/2641/2641
f 2642/2642/2642 2648/2648/2648 2643/2643/2643
f 2648/2648/2648 2642/2642/2642 2647/2647/2647
f 2644/2644/2644 2649/2649/2649 2645/2645/2645
f 2649/2649/2649 2640/2640/2640 2645/2645/2645
f 2643/2643/2643 2650/2650/2650 2644/2644/2644
f 2648/2648/2648 2650/2650/2650 2643/2643/2643
f 2650/2650/2650 2649/2649/2649 2644/2644/2644
f 2640/2640/2640 2651/2651/2651 2646/2646/2646
f 2646/2646/2646 2652/2652/2652 2647/2647/2647
f 2651/2651/2651 2652/2652/2652 2646/2646/2646
f 2648/2648/2648 2647/2647/2647 2653/2653/2653
f 2652/2652/2652 2653/2653/2653 2647/2647/2647
f 2649/2649/2649 2654/2654/2654 2640/2640/2640
f 2654/2654/2654 2651/2651/2651 2640/2640/2640
f 2648/2648/2648 2655/2655/2655 2650/2650/2650
f 2655/2655/2655 2648/2648/2648 2653/2653/2653
f 2650/2650/2650 2656/2656/2656 2649/2649/2649
f 2656/2656/2656 2654/2654/2654 2649/2649/2649
f 2655/2655/2655 2656/2656/2656 2650/2650/2650
f 2652/2652/2652 2657/2657/2657 2653/2653/2653
f 2651/2651/2651 2658/2658/2658 2652/2652/2652
f 2658/2658/2658 2657/2657/2657 2652/2652/2652
f 2654/2654/2654 2659/2659/2659 2651/2651/2651
f 2659/2659/2659 2658/2658/2658 2651/2651/2651
f 2654/2654/2654 2656/2656/2656 2660/2660/2660
f 2659/2659/2659 2654/2654/2654 2660/2660/2660
f 2655/2655/2655 2661/2661/2661 2656/2656/2656
f 2661/2661/2661 2660/2660/2660 2656/2656/2656
f 2655/2655/2655 2653/2653/2653 2662/2662/2662
f 2657/2657/2657 2662/2662/2662 2653/2653/2653
f 2661/2661/2661 2655/2655/2655 2662/2662/2662
f 2658/2658/2658 2663/2663/2663 2657/2657/2657
f 2663/2663/2663 2664/2664/2664 2657/2657/2657
f 2657/2657/2657 2664/2664/2664 2662/2662/2662
f 2665/2665/2665 2663/2663/2663 2658/2658/2658
f 2659/2659/2659 2665/2665/2665 2658/2658/2658
f 2664/2664/2664 2666/2666/2666 2662/2662/2662
f 2661/2661/2661 2662/2662/2662 2666/2666/2666
f 2667/2667/2667 2665/2665/2665 2659/2659/2659
f 2660/2660/2660 2667/2667/2667 2659/2659/2659
f 2668/2668/2668 2661/2661/2661 2666/2666/2666
f 2668/2668/2668 2667/2667/2667 2660/2660/2660
f 2661/2661/2661 2668/2668/2668 2660/2660/2660
f 2671/2671/2671 2670/2670/2670 2669/2669/2669
f 2672/2672/2672 2671/2671/2671 2669/2669/2669
f 2673/2673/2673 2671/2671/2671 2672/2672/2672
f 2669/2669/2669 2670/2670/2670 2674/2674/2674
f 2670/2670/2670 2675/2675/2675 2674/2674/2674
f 2676/2676/2676 2673/2673/2673 2672/2672/2672
f 2673/2673/2673 2676/2676/2676 2677/2677/2677
f 2674/2674/2674 2675/2675/2675 2678/2678/2678
f 2675/2675/2675 2679/2679/2679 2678/2678/2678
f 2679/2679/2679 2677/2677/2677 2680/2680/2680
f 2676/2676/2676 2680/2680/2680 2677/2677/2677
f 2678/2678/2678 2679/2679/2679 2680/2680/2680
f 2669/2669/2669 2674/2674/2674 2681/2681/2681
f 2672/2672/2672 2669/2669/2669 2682/2682/2682
f 2682/2682/2682 2669/2669/2669 2681/2681/2681
f 2676/2676/2676 2672/2672/2672 2683/2683/2683
f 2683/2683/2683 2672/2672/2672 2682/2682/2682
f 2676/2676/2676 2684/2684/2684 2680/2680/2680
f 2684/2684/2684 2676/2676/2676 2683/2683/2683
f 2674/2674/2674 2678/2678/2678 2685/2685/2685
f 2681/2681/2681 2674/2674/2674 2685/2685/2685
f 2678/2678/2678 2680/2680/2680 2686/2686/2686
f 2684/2684/2684 2686/2686/2686 2680/2680/2680
f 2685/2685/2685 2678/2678/2678 2686/2686/2686
f 2682/2682/2682 2681/2681/2681 2687/2687/2687
f 2681/2681/2681 2685/2685/2685 2687/2687/2687
f 2683/2683/2683 2682/2682/2682 2688/2688/2688
f 2688/2688/2688 2682/2682/2682 2687/2687/2687
f 2684/2684/2684 2683/2683/2683 2689/2689/2689
f 2689/2689/2689 2683/2683/2683 2688/2688/2688
f 2684/2684/2684 2690/2690/2690 2686/2686/2686
f 2690/2690/2690 2684/2684/2684 2689/2689/2689
f 2685/2685/2685 2686/2686/2686 2691/2691/2691
f 2690/2690/2690 2691/2691/2691 2686/2686/2686
f 2685/2685/2685 2692/2692/2692 2687/2687/2687
f 2692/2692/2692 2685/2685/2685 2691/2691/2691
f 2688/2688/2688 2687/2687/2687 2693/2693/2693
f 2689/2689/2689 2688/2688/2688 2694/2694/2694
f 2694/2694/2694 2688/2688/2688 2693/2693/2693
f 2690/2690/2690 2689/2689/2689 2695/2695/2695
f 2695/2695/2695 2689/2689/2689 2694/2694/2694
f 2690/2690/2690 2696/2696/2696 2691/2691/2691
f 2696/2696/2696 2690/2690/2690 2695/2695/2695
f 2692/2692/2692 2691/2691/2691 2697/2697/2697
f 2696/2696/2696 2697/2697/2697 2691/2691/2691
f 2692/2692/2692 2698/2698/2698 2687/2687/2687
f 2698/2698/2698 2693/2693/2693 2687/2687/2687
f 2698/2698/2698 2692/2692/2692 2697/2697/2697
f 2695/2695/2695 2694/2694/2694 2699/2699/2699
f 2696/2696/2696 2695/2695/2695 2700/2700/2700
f 2700/2700/2700 2695/2695/2695 2699/2699/2699
f 2694/2694/2694 2693/2693/2693 2701/2701/2701
f 2699/2699/2699 2694/2694/2694 2701/2701/2701
f 2696/2696/2696 2702/2702/2702 2697/2697/2697
f 2702/2702/2702 2696/2696/2696 2700/2700/2700
f 2698/2698/2698 2697/2697/2697 2703/2703/2703
f 2702/2702/2702 2703/2703/2703 2697/2697/2697
f 2698/2698/2698 2704/2704/2704 2693/2693/2693
f 2704/2704/2704 2701/2701/2701 2693/2693/2693
f 2704/2704/2704 2698/2698/2698 2703/2703/2703
f 2699/2699/2699 2701/2701/2701 2705/2705/2705
f 2700/2700/2700 2699/2699/2699 2706/2706/2706
f 2706/2706/2706 2699/2699/2699 2705/2705/2705
f 2702/2702/2702 2700/2700/2700 2707/2707/2707
f 2707/2707/2707 2700/2700/2700 2706/2706/2706
f 2702/2702/2702 2708/2708/2708 2703/2703/2703
f 2708/2708/2708 2702/2702/2702 2707/2707/2707
f 2704/2704/2704 2703/2703/2703 2709/2709/2709
f 2708/2708/2708 2709/2709/2709 2703/2703/2703
f 2704/2704/2704 2710/2710/2710 2701/2701/2701
f 2710/2710/2710 2705/2705/2705 2701/2701/2701
f 2710/2710/2710 2704/2704/2704 2709/2709/2709
f 2707/2707/2707 2706/2706/2706 2711/2711/2711
f 2708/2708/2708 2707/2707/2707 2712/2712/2712
f 2712/2712/2712 2707/2707/2707 2711/2711/2711
f 2706/2706/2706 2705/2705/2705 2713/2713/2713
f 2711/2711/2711 2706/2706/2706 2713/2713/2713
f 2708/2708/2708 2714/2714/2714 2709/2709/2709
f 2714/2714/2714 2708/2708/2708 2712/2712/2712
f 2710/2710/2710 2709/2709/2709 2715/2715/2715
f 2714/2714/2714 2715/2715/2715 2709/2709/2709
f 2710/2710/2710 2716/2716/2716 2705/2705/2705
f 2716/2716/2716 2713/2713/2713 2705/2705/2705
f 2716/2716/2716 2710/2710/2710 2715/2715/2715
f 2716/2716/2716 2717/2717/2717 2713/2713/2713
f 2717/2717/2717 2716/2716/2716 2715/2715/2715
f 2711/2711/2711 2713/2713/2713 2718/2718/2718
f 2717/2717/2717 2718/2718/2718 2713/2713/2713
f 2712/2712/2712 2711/2711/2711 2719/2719/2719
f 2719/2719/2719 2711/2711/2711 2718/2718/2718
f 2714/2714/2714 2712/2712/2712 2720/2720/2720
f 2720/2720/2720 2712/2712/2712 2719/2719/2719
f 2714/2714/2714 2721/2721/2721 2715/2715/2715
f 2721/2721/2721 2714/2714/2714 2720/2720/2720
f 2722/2722/2722 2717/2717/2717 2715/2715/2715
f 2721/2721/2721 2722/2722/2722 2715/2715/2715
f 2719/2719/2719 2718/2718/2718 2723/2723/2723
f 2724/2724/2724 2719/2719/2719 2723/2723/2723
f 2720/2720/2720 2719/2719/2719 2724/2724/2724
f 2725/2725/2725 2723/2723/2723 2718/2718/2718
f 2717/2717/2717 2725/2725/2725 2718/2718/2718
f 2726/2726/2726 2720/2720/2720 2724/2724/2724
f 2721/2721/2721 2720/2720/2720 2726/2726/2726
f 2727/2727/2727 2725/2725/2725 2717/2717/2717
f 2722/2722/2722 2727/2727/2727 2717/2717/2717
f 2728/2728/2728 2721/2721/2721 2726/2726/2726
f 2727/2727/2727 2722/2722/2722 2728/2728/2728
f 2722/2722/2722 2721/2721/2721 2728/2728/2728
f 2731/2731/2731 2730/2730/2730 2729/2729/2729
f 2730/2730/2730 2732/2732/2732 2729/2729/2729
f 2729/2729/2729 2732/2732/2732 2733/2733/2733
f 2734/2734/2734 2730/2730/2730 2731/2731/2731
f 2735/2735/2735 2734/2734/2734 2731/2731/2731
f 2732/2732/2732 2736/2736/2736 2733/2733/2733
f 2733/2733/2733 2736/2736/2736 2737/2737/2737
f 2738/2738/2738 2734/2734/2734 2735/2735/2735
f 2739/2739/2739 2738/2738/2738 2735/2735/2735
f 2737/2737/2737 2740/2740/2740 2739/2739/2739
f 2736/2736/2736 2740/2740/2740 2737/2737/2737
f 2740/2740/2740 2738/2738/2738 2739/2739/2739
f 2730/2730/2730 2741/2741/2741 2732/2732/2732
f 2734/2734/2734 2742/2742/2742 2730/2730/2730
f 2742/2742/2742 2741/2741/2741 2730/2730/2730
f 2732/2732/2732 2743/2743/2743 2736/2736/2736
f 2741/2741/2741 2743/2743/2743 2732/2732/2732
f 2738/2738/2738 2744/2744/2744 2734/2734/2734
f 2744/2744/2744 2742/2742/2742 2734/2734/2734
f 2740/2740/2740 2745/2745/2745 2738/2738/2738
f 2745/2745/2745 2744/2744/2744 2738/2738/2738
f 2736/2736/2736 2746/2746/2746 2740/2740/2740
f 2743/2743/2743 2746/2746/2746 2736/2736/2736
f 2746/2746/2746 2745/2745/2745 2740/2740/2740
f 2741/2741/2741 2747/2747/2747 2743/2743/2743
f 2742/2742/2742 2748/2748/2748 2741/2741/2741
f 2748/2748/2748 2747/2747/2747 2741/2741/2741
f 2744/2744/2744 2749/2749/2749 2742/2742/2742
f 2749/2749/2749 2748/2748/2748 2742/2742/2742
f 2745/2745/2745 2750/2750/2750 2744/2744/2744
f 2750/2750/2750 2749/2749/2749 2744/2744/2744
f 2743/2743/2743 2751/2751/2751 2746/2746/2746
f 2747/2747/2747 2751/2751/2751 2743/2743/2743
f 2746/2746/2746 2752/2752/2752 2745/2745/2745
f 2752/2752/2752 2750/2750/2750 2745/2745/2745
f 2751/2751/2751 2752/2752/2752 2746/2746/2746
f 2749/2749/2749 2753/2753/2753 2748/2748/2748
f 2753/2753/2753 2754/2754/2754 2748/2748/2748
f 2748/2748/2748 2754/2754/2754 2747/2747/2747
f 2755/2755/2755 2753/2753/2753 2749/2749/2749
f 2750/2750/2750 2755/2755/2755 2749/2749/2749
f 2754/2754/2754 2756/2756/2756 2747/2747/2747
f 2747/2747/2747 2756/2756/2756 2751/2751/2751
f 2757/2757/2757 2755/2755/2755 2750/2750/2750
f 2752/2752/2752 2757/2757/2757 2750/2750/2750
f 2756/2756/2756 2758/2758/2758 2751/2751/2751
f 2758/2758/2758 2757/2757/2757 2752/2752/2752
f 2751/2751/2751 2758/2758/2758 2752/2752/2752
f 2761/2761/2761 2760/2760/2760 2759/2759/2759
f 2762/2762/2762 2761/2761/2761 2759/2759/2759
f 2761/2761/2761 2763/2763/2763 2760/2760/2760
f 2762/2762/2762 2759/2759/2759 2764/2764/2764
f 2759/2759/2759 2760/2760/2760 2765/2765/2765
f 2764/2764/2764 2759/2759/2759 2765/2765/2765
f 2763/2763/2763 2766/2766/2766 2760/2760/2760
f 2760/2760/2760 2767/2767/2767 2765/2765/2765
f 2760/2760/2760 2766/2766/2766 2767/2767/2767
f 2768/2768/2768 2762/2762/2762 2764/2764/2764
f 2768/2768/2768 2764/2764/2764 2769/2769/2769
f 2769/2769/2769 2764/2764/2764 2770/2770/2770
f 2771/2771/2771 2768/2768/2768 2769/2769/2769
f 2764/2764/2764 2772/2772/2772 2770/2770/2770
f 2772/2772/2772 2764/2764/2764 2765/2765/2765
f 2770/2770/2770 2772/2772/2772 2773/2773/2773
f 2772/2772/2772 2774/2774/2774 2773/2773/2773
f 2772/2772/2772 2765/2765/2765 2774/2774/2774
f 2773/2773/2773 2774/2774/2774 2775/2775/2775
f 2776/2776/2776 2768/2768/2768 2771/2771/2771
f 2777/2777/2777 2776/2776/2776 2771/2771/2771
f 2775/2775/2775 2778/2778/2778 2777/2777/2777
f 2774/2774/2774 2778/2778/2778 2775/2775/2775
f 2778/2778/2778 2776/2776/2776 2777/2777/2777
f 2765/2765/2765 2779/2779/2779 2774/2774/2774
f 2774/2774/2774 2779/2779/2779 2778/2778/2778
f 2779/2779/2779 2765/2765/2765 2767/2767/2767
f 2780/2780/2780 2762/2762/2762 2768/2768/2768
f 2776/2776/2776 2780/2780/2780 2768/2768/2768
f 2778/2778/2778 2781/2781/2781 2776/2776/2776
f 2779/2779/2779 2781/2781/2781 2778/2778/2778
f 2781/2781/2781 2780/2780/2780 2776/2776/2776
f 2782/2782/2782 2779/2779/2779 2767/2767/2767
f 2779/2779/2779 2782/2782/2782 2781/2781/2781
f 2780/2780/2780 2783/2783/2783 2762/2762/2762
f 2783/2783/2783 2784/2784/2784 2762/2762/2762
f 2781/2781/2781 2785/2785/2785 2780/2780/2780
f 2782/2782/2782 2785/2785/2785 2781/2781/2781
f 2785/2785/2785 2783/2783/2783 2780/2780/2780
f 2782/2782/2782 2767/2767/2767 2786/2786/2786
f 2766/2766/2766 2786/2786/2786 2767/2767/2767
f 2783/2783/2783 2787/2787/2787 2784/2784/2784
f 2787/2787/2787 2763/2763/2763 2784/2784/2784
f 2785/2785/2785 2788/2788/2788 2783/2783/2783
f 2788/2788/2788 2787/2787/2787 2783/2783/2783
f 2782/2782/2782 2789/2789/2789 2785/2785/2785
f 2789/2789/2789 2782/2782/2782 2786/2786/2786
f 2789/2789/2789 2788/2788/2788 2785/2785/2785
f 2766/2766/2766 2790/2790/2790 2786/2786/2786
f 2763/2763/2763 2791/2791/2791 2766/2766/2766
f 2791/2791/2791 2790/2790/2790 2766/2766/2766
f 2787/2787/2787 2792/2792/2792 2763/2763/2763
f 2792/2792/2792 2791/2791/2791 2763/2763/2763
f 2788/2788/2788 2793/2793/2793 2787/2787/2787
f 2793/2793/2793 2792/2792/2792 2787/2787/2787
f 2789/2789/2789 2786/2786/2786 2794/2794/2794
f 2790/2790/2790 2794/2794/2794 2786/2786/2786
f 2789/2789/2789 2795/2795/2795 2788/2788/2788
f 2795/2795/2795 2793/2793/2793 2788/2788/2788
f 2795/2795/2795 2789/2789/2789 2794/2794/2794
f 2792/2792/2792 2796/2796/2796 2791/2791/2791
f 2791/2791/2791 2797/2797/2797 2790/2790/2790
f 2796/2796/2796 2797/2797/2797 2791/2791/2791
f 2792/2792/2792 2793/2793/2793 2798/2798/2798
f 2796/2796/2796 2792/2792/2792 2798/2798/2798
f 2790/2790/2790 2799/2799/2799 2794/2794/2794
f 2797/2797/2797 2799/2799/2799 2790/2790/2790
f 2795/2795/2795 2800/2800/2800 2793/2793/2793
f 2800/2800/2800 2798/2798/2798 2793/2793/2793
f 2795/2795/2795 2794/2794/2794 2801/2801/2801
f 2799/2799/2799 2801/2801/2801 2794/2794/2794
f 2800/2800/2800 2795/2795/2795 2801/2801/2801
f 2796/2796/2796 2802/2802/2802 2797/2797/2797
f 2802/2802/2802 2803/2803/2803 2797/2797/2797
f 2797/2797/2797 2803/2803/2803 2799/2799/2799
f 2804/2804/2804 2802/2802/2802 2796/2796/2796
f 2798/2798/2798 2804/2804/2804 2796/2796/2796
f 2803/2803/2803 2805/2805/2805 2799/2799/2799
f 2799/2799/2799 2805/2805/2805 2801/2801/2801
f 2806/2806/2806 2804/2804/2804 2798/2798/2798
f 2800/2800/2800 2806/2806/2806 2798/2798/2798
f 2805/2805/2805 2807/2807/2807 2801/2801/2801
f 2806/2806/2806 2800/2800/2800 2807/2807/2807
f 2800/2800/2800 2801/2801/2801 2807/2807/2807
g tree2_2
f 2810/2810/2810 2809/2809/2809 2808/2808/2808
f 2809/2809/2809 2811/2811/2811 2808/2808/2808
f 2808/2808/2808 2811/2811/2811 2812/2812/2812
f 2809/2809/2809 2813/2813/2813 2811/2811/2811
f 2811/2811/2811 2814/2814/2814 2812/2812/2812
f 2812/2812/2812 2814/2814/2814 2815/2815/2815
f 2813/2813/2813 2816/2816/2816 2811/2811/2811
f 2811/2811/2811 2816/2816/2816 2814/2814/2814
f 2814/2814/2814 2817/2817/2817 2815/2815/2815
f 2815/2815/2815 2817/2817/2817 2818/2818/2818
f 2816/2816/2816 2819/2819/2819 2814/2814/2814
f 2814/2814/2814 2819/2819/2819 2817/2817/2817
f 2817/2817/2817 2820/2820/2820 2818/2818/2818
f 2818/2818/2818 2820/2820/2820 2821/2821/2821
f 2822/2822/2822 2816/2816/2816 2813/2813/2813
f 2816/2816/2816 2822/2822/2822 2819/2819/2819
f 2819/2819/2819 2823/2823/2823 2817/2817/2817
f 2817/2817/2817 2823/2823/2823 2820/2820/2820
f 2820/2820/2820 2824/2824/2824 2821/2821/2821
f 2821/2821/2821 2824/2824/2824 2825/2825/2825
f 2822/2822/2822 2826/2826/2826 2819/2819/2819
f 2819/2819/2819 2826/2826/2826 2823/2823/2823
f 2823/2823/2823 2827/2827/2827 2820/2820/2820
f 2820/2820/2820 2827/2827/2827 2824/2824/2824
f 2824/2824/2824 2828/2828/2828 2825/2825/2825
f 2825/2825/2825 2828/2828/2828 2829/2829/2829
f 2826/2826/2826 2830/2830/2830 2823/2823/2823
f 2823/2823/2823 2830/2830/2830 2827/2827/2827
f 2827/2827/2827 2831/2831/2831 2824/2824/2824
f 2824/2824/2824 2831/2831/2831 2828/2828/2828
f 2830/2830/2830 2831/2831/2831 2827/2827/2827
f 2826/2826/2826 2822/2822/2822 2832/2832/2832
f 2826/2826/2826 2832/2832/2832 2830/2830/2830
f 2828/2828/2828 2833/2833/2833 2829/2829/2829
f 2829/2829/2829 2833/2833/2833 2834/2834/2834
f 2830/2830/2830 2835/2835/2835 2831/2831/2831
f 2832/2832/2832 2835/2835/2835 2830/2830/2830
f 2822/2822/2822 2836/2836/2836 2832/2832/2832
f 2836/2836/2836 2822/2822/2822 2813/2813/2813
f 2836/2836/2836 2837/2837/2837 2832/2832/2832
f 2837/2837/2837 2836/2836/2836 2813/2813/2813
f 2835/2835/2835 2832/2832/2832 2838/2838/2838
f 2839/2839/2839 2837/2837/2837 2813/2813/2813
f 2837/2837/2837 2839/2839/2839 2840/2840/2840
f 2831/2831/2831 2841/2841/2841 2828/2828/2828
f 2835/2835/2835 2841/2841/2841 2831/2831/2831
f 2828/2828/2828 2841/2841/2841 2833/2833/2833
f 2841/2841/2841 2835/2835/2835 2842/2842/2842
f 2841/2841/2841 2842/2842/2842 2833/2833/2833
f 2835/2835/2835 2838/2838/2838 2842/2842/2842
f 2833/2833/2833 2842/2842/2842 2843/2843/2843
f 2833/2833/2833 2843/2843/2843 2834/2834/2834
f 2834/2834/2834 2843/2843/2843 2844/2844/2844
f 2842/2842/2842 2845/2845/2845 2843/2843/2843
f 2842/2842/2842 2838/2838/2838 2845/2845/2845
f 2843/2843/2843 2846/2846/2846 2844/2844/2844
f 2843/2843/2843 2845/2845/2845 2846/2846/2846
f 2844/2844/2844 2846/2846/2846 2847/2847/2847
f 2838/2838/2838 2848/2848/2848 2845/2845/2845
f 2845/2845/2845 2848/2848/2848 2846/2846/2846
f 2846/2846/2846 2849/2849/2849 2847/2847/2847
f 2846/2846/2846 2848/2848/2848 2849/2849/2849
f 2850/2850/2850 2847/2847/2847 2849/2849/2849
f 2838/2838/2838 2851/2851/2851 2848/2848/2848
f 2832/2832/2832 2851/2851/2851 2838/2838/2838
f 2848/2848/2848 2852/2852/2852 2849/2849/2849
f 2851/2851/2851 2852/2852/2852 2848/2848/2848
f 2853/2853/2853 2850/2850/2850 2849/2849/2849
f 2853/2853/2853 2849/2849/2849 2852/2852/2852
f 2854/2854/2854 2850/2850/2850 2853/2853/2853
f 2851/2851/2851 2855/2855/2855 2852/2852/2852
f 2855/2855/2855 2851/2851/2851 2832/2832/2832
f 2856/2856/2856 2853/2853/2853 2852/2852/2852
f 2855/2855/2855 2856/2856/2856 2852/2852/2852
f 2857/2857/2857 2854/2854/2854 2853/2853/2853
f 2857/2857/2857 2853/2853/2853 2856/2856/2856
f 2858/2858/2858 2854/2854/2854 2857/2857/2857
f 2856/2856/2856 2855/2855/2855 2859/2859/2859
f 2859/2859/2859 2857/2857/2857 2856/2856/2856
f 2860/2860/2860 2858/2858/2858 2857/2857/2857
f 2860/2860/2860 2857/2857/2857 2859/2859/2859
f 2861/2861/2861 2858/2858/2858 2860/2860/2860
f 2862/2862/2862 2861/2861/2861 2860/2860/2860
f 2863/2863/2863 2861/2861/2861 2862/2862/2862
f 2864/2864/2864 2855/2855/2855 2832/2832/2832
f 2855/2855/2855 2864/2864/2864 2859/2859/2859
f 2865/2865/2865 2860/2860/2860 2859/2859/2859
f 2862/2862/2862 2860/2860/2860 2865/2865/2865
f 2864/2864/2864 2866/2866/2866 2859/2859/2859
f 2866/2866/2866 2865/2865/2865 2859/2859/2859
f 2866/2866/2866 2864/2864/2864 2832/2832/2832
f 2867/2867/2867 2863/2863/2863 2862/2862/2862
f 2868/2868/2868 2863/2863/2863 2867/2867/2867
f 2869/2869/2869 2862/2862/2862 2865/2865/2865
f 2865/2865/2865 2866/2866/2866 2869/2869/2869
f 2867/2867/2867 2862/2862/2862 2869/2869/2869
f 2870/2870/2870 2866/2866/2866 2832/2832/2832
f 2866/2866/2866 2870/2870/2870 2869/2869/2869
f 2871/2871/2871 2867/2867/2867 2869/2869/2869
f 2871/2871/2871 2869/2869/2869 2870/2870/2870
f 2872/2872/2872 2870/2870/2870 2832/2832/2832
f 2872/2872/2872 2871/2871/2871 2870/2870/2870
f 2873/2873/2873 2872/2872/2872 2832/2832/2832
f 2874/2874/2874 2873/2873/2873 2832/2832/2832
f 2875/2875/2875 2868/2868/2868 2867/2867/2867
f 2875/2875/2875 2867/2867/2867 2871/2871/2871
f 2876/2876/2876 2871/2871/2871 2872/2872/2872
f 2876/2876/2876 2875/2875/2875 2871/2871/2871
f 2877/2877/2877 2876/2876/2876 2872/2872/2872
f 2877/2877/2877 2872/2872/2872 2873/2873/2873
f 2876/2876/2876 2877/2877/2877 2875/2875/2875
f 2875/2875/2875 2878/2878/2878 2868/2868/2868
f 2877/2877/2877 2878/2878/2878 2875/2875/2875
f 2878/2878/2878 2879/2879/2879 2868/2868/2868
f 2880/2880/2880 2877/2877/2877 2873/2873/2873
f 2877/2877/2877 2880/2880/2880 2878/2878/2878
f 2873/2873/2873 2874/2874/2874 2880/2880/2880
f 2878/2878/2878 2881/2881/2881 2879/2879/2879
f 2880/2880/2880 2881/2881/2881 2878/2878/2878
f 2881/2881/2881 2882/2882/2882 2879/2879/2879
f 2883/2883/2883 2882/2882/2882 2881/2881/2881
f 2884/2884/2884 2883/2883/2883 2881/2881/2881
f 2884/2884/2884 2881/2881/2881 2880/2880/2880
f 2885/2885/2885 2883/2883/2883 2884/2884/2884
f 2886/2886/2886 2885/2885/2885 2884/2884/2884
f 2887/2887/2887 2884/2884/2884 2880/2880/2880
f 2886/2886/2886 2884/2884/2884 2887/2887/2887
f 2874/2874/2874 2887/2887/2887 2880/2880/2880
f 2888/2888/2888 2886/2886/2886 2887/2887/2887
f 2887/2887/2887 2874/2874/2874 2888/2888/2888
f 2874/2874/2874 2889/2889/2889 2888/2888/2888
f 2889/2889/2889 2874/2874/2874 2832/2832/2832
f 2889/2889/2889 2890/2890/2890 2888/2888/2888
f 2890/2890/2890 2889/2889/2889 2832/2832/2832
f 2890/2890/2890 2891/2891/2891 2888/2888/2888
f 2891/2891/2891 2890/2890/2890 2892/2892/2892
f 2893/2893/2893 2890/2890/2890 2832/2832/2832
f 2890/2890/2890 2893/2893/2893 2892/2892/2892
f 2894/2894/2894 2892/2892/2892 2893/2893/2893
f 2895/2895/2895 2893/2893/2893 2832/2832/2832
f 2895/2895/2895 2894/2894/2894 2893/2893/2893
f 2892/2892/2892 2894/2894/2894 2896/2896/2896
f 2897/2897/2897 2892/2892/2892 2896/2896/2896
f 2897/2897/2897 2896/2896/2896 2898/2898/2898
f 2899/2899/2899 2897/2897/2897 2898/2898/2898
f 2898/2898/2898 2896/2896/2896 2900/2900/2900
f 2896/2896/2896 2901/2901/2901 2900/2900/2900
f 2896/2896/2896 2894/2894/2894 2901/2901/2901
f 2900/2900/2900 2901/2901/2901 2902/2902/2902
f 2894/2894/2894 2903/2903/2903 2901/2901/2901
f 2903/2903/2903 2894/2894/2894 2895/2895/2895
f 2901/2901/2901 2904/2904/2904 2902/2902/2902
f 2901/2901/2901 2903/2903/2903 2904/2904/2904
f 2902/2902/2902 2904/2904/2904 2905/2905/2905
f 2906/2906/2906 2903/2903/2903 2895/2895/2895
f 2903/2903/2903 2906/2906/2906 2904/2904/2904
f 2904/2904/2904 2907/2907/2907 2905/2905/2905
f 2904/2904/2904 2906/2906/2906 2907/2907/2907
f 2905/2905/2905 2907/2907/2907 2908/2908/2908
f 2906/2906/2906 2895/2895/2895 2909/2909/2909
f 2909/2909/2909 2895/2895/2895 2832/2832/2832
f 2907/2907/2907 2910/2910/2910 2908/2908/2908
f 2908/2908/2908 2910/2910/2910 2911/2911/2911
f 2906/2906/2906 2912/2912/2912 2907/2907/2907
f 2912/2912/2912 2906/2906/2906 2909/2909/2909
f 2907/2907/2907 2912/2912/2912 2910/2910/2910
f 2832/2832/2832 2913/2913/2913 2909/2909/2909
f 2837/2837/2837 2913/2913/2913 2832/2832/2832
f 2913/2913/2913 2837/2837/2837 2840/2840/2840
f 2913/2913/2913 2914/2914/2914 2909/2909/2909
f 2909/2909/2909 2914/2914/2914 2912/2912/2912
f 2913/2913/2913 2840/2840/2840 2914/2914/2914
f 2910/2910/2910 2915/2915/2915 2911/2911/2911
f 2911/2911/2911 2915/2915/2915 2916/2916/2916
f 2912/2912/2912 2917/2917/2917 2910/2910/2910
f 2914/2914/2914 2917/2917/2917 2912/2912/2912
f 2910/2910/2910 2917/2917/2917 2915/2915/2915
f 2840/2840/2840 2918/2918/2918 2914/2914/2914
f 2914/2914/2914 2918/2918/2918 2917/2917/2917
f 2918/2918/2918 2840/2840/2840 2919/2919/2919
f 2915/2915/2915 2920/2920/2920 2916/2916/2916
f 2920/2920/2920 2918/2918/2918 2919/2919/2919
f 2916/2916/2916 2920/2920/2920 2921/2921/2921
f 2920/2920/2920 2919/2919/2919 2921/2921/2921
f 2918/2918/2918 2922/2922/2922 2917/2917/2917
f 2917/2917/2917 2922/2922/2922 2915/2915/2915
f 2922/2922/2922 2918/2918/2918 2920/2920/2920
f 2915/2915/2915 2922/2922/2922 2920/2920/2920
f 2925/2925/2925 2924/2924/2924 2923/2923/2923
f 2924/2924/2924 2926/2926/2926 2923/2923/2923
f 2923/2923/2923 2926/2926/2926 2927/2927/2927
f 2924/2924/2924 2928/2928/2928 2926/2926/2926
f 2926/2926/2926 2929/2929/2929 2927/2927/2927
f 2928/2928/2928 2930/2930/2930 2926/2926/2926
f 2926/2926/2926 2930/2930/2930 2929/2929/2929
f 2930/2930/2930 2931/2931/2931 2929/2929/2929
f 2934/2934/2934 2933/2933/2933 2932/2932/2932
f 2935/2935/2935 2934/2934/2934 2932/2932/2932
f 2934/2934/2934 2935/2935/2935 2936/2936/2936
f 2937/2937/2937 2934/2934/2934 2936/2936/2936
f 2935/2935/2935 2938/2938/2938 2936/2936/2936
f 2938/2938/2938 2935/2935/2935 2932/2932/2932
f 2936/2936/2936 2939/2939/2939 2937/2937/2937
f 2939/2939/2939 2940/2940/2940 2937/2937/2937
f 2937/2937/2937 2940/2940/2940 2941/2941/2941
f 2940/2940/2940 2942/2942/2942 2941/2941/2941
f 2940/2940/2940 2943/2943/2943 2942/2942/2942
f 2943/2943/2943 2944/2944/2944 2942/2942/2942
f 2939/2939/2939 2945/2945/2945 2940/2940/2940
f 2945/2945/2945 2943/2943/2943 2940/2940/2940
f 2944/2944/2944 2943/2943/2943 2946/2946/2946
f 2947/2947/2947 2944/2944/2944 2946/2946/2946
f 2948/2948/2948 2939/2939/2939 2936/2936/2936
f 2939/2939/2939 2948/2948/2948 2945/2945/2945
f 2943/2943/2943 2945/2945/2945 2949/2949/2949
f 2946/2946/2946 2943/2943/2943 2949/2949/2949
f 2947/2947/2947 2946/2946/2946 2950/2950/2950
f 2951/2951/2951 2947/2947/2947 2950/2950/2950
f 2952/2952/2952 2951/2951/2951 2950/2950/2950
f 2950/2950/2950 2946/2946/2946 2953/2953/2953
f 2946/2946/2946 2949/2949/2949 2953/2953/2953
f 2954/2954/2954 2952/2952/2952 2950/2950/2950
f 2954/2954/2954 2950/2950/2950 2953/2953/2953
f 2955/2955/2955 2952/2952/2952 2954/2954/2954
f 2949/2949/2949 2945/2945/2945 2956/2956/2956
f 2948/2948/2948 2956/2956/2956 2945/2945/2945
f 2956/2956/2956 2948/2948/2948 2957/2957/2957
f 2948/2948/2948 2958/2958/2958 2957/2957/2957
f 2958/2958/2958 2948/2948/2948 2936/2936/2936
f 2959/2959/2959 2949/2949/2949 2956/2956/2956
f 2953/2953/2953 2949/2949/2949 2959/2959/2959
f 2959/2959/2959 2956/2956/2956 2957/2957/2957
f 2960/2960/2960 2958/2958/2958 2936/2936/2936
f 2958/2958/2958 2960/2960/2960 2957/2957/2957
f 2961/2961/2961 2954/2954/2954 2953/2953/2953
f 2962/2962/2962 2953/2953/2953 2959/2959/2959
f 2961/2961/2961 2953/2953/2953 2962/2962/2962
f 2963/2963/2963 2955/2955/2955 2954/2954/2954
f 2963/2963/2963 2954/2954/2954 2961/2961/2961
f 2964/2964/2964 2959/2959/2959 2957/2957/2957
f 2962/2962/2962 2959/2959/2959 2964/2964/2964
f 2965/2965/2965 2963/2963/2963 2961/2961/2961
f 2966/2966/2966 2961/2961/2961 2962/2962/2962
f 2965/2965/2965 2961/2961/2961 2966/2966/2966
f 2963/2963/2963 2967/2967/2967 2955/2955/2955
f 2967/2967/2967 2963/2963/2963 2965/2965/2965
f 2968/2968/2968 2962/2962/2962 2964/2964/2964
f 2966/2966/2966 2962/2962/2962 2968/2968/2968
f 2969/2969/2969 2965/2965/2965 2966/2966/2966
f 2970/2970/2970 2966/2966/2966 2968/2968/2968
f 2969/2969/2969 2966/2966/2966 2970/2970/2970
f 2971/2971/2971 2968/2968/2968 2964/2964/2964
f 2968/2968/2968 2971/2971/2971 2970/2970/2970
f 2972/2972/2972 2964/2964/2964 2957/2957/2957
f 2972/2972/2972 2971/2971/2971 2964/2964/2964
f 2973/2973/2973 2971/2971/2971 2972/2972/2972
f 2971/2971/2971 2974/2974/2974 2970/2970/2970
f 2971/2971/2971 2973/2973/2973 2974/2974/2974
f 2975/2975/2975 2967/2967/2967 2965/2965/2965
f 2965/2965/2965 2969/2969/2969 2975/2975/2975
f 2976/2976/2976 2969/2969/2969 2970/2970/2970
f 2970/2970/2970 2974/2974/2974 2976/2976/2976
f 2969/2969/2969 2977/2977/2977 2975/2975/2975
f 2969/2969/2969 2976/2976/2976 2977/2977/2977
f 2967/2967/2967 2975/2975/2975 2978/2978/2978
f 2975/2975/2975 2977/2977/2977 2978/2978/2978
f 2979/2979/2979 2967/2967/2967 2978/2978/2978
f 2967/2967/2967 2979/2979/2979 2955/2955/2955
f 2979/2979/2979 2980/2980/2980 2955/2955/2955
f 2980/2980/2980 2979/2979/2979 2978/2978/2978
f 2980/2980/2980 2981/2981/2981 2955/2955/2955
f 2981/2981/2981 2980/2980/2980 2982/2982/2982
f 2980/2980/2980 2983/2983/2983 2982/2982/2982
f 2983/2983/2983 2980/2980/2980 2978/2978/2978
f 2977/2977/2977 2984/2984/2984 2978/2978/2978
f 2977/2977/2977 2985/2985/2985 2984/2984/2984
f 2976/2976/2976 2985/2985/2985 2977/2977/2977
f 2985/2985/2985 2986/2986/2986 2984/2984/2984
f 2987/2987/2987 2986/2986/2986 2985/2985/2985
f 2988/2988/2988 2987/2987/2987 2985/2985/2985
f 2988/2988/2988 2985/2985/2985 2976/2976/2976
f 2989/2989/2989 2987/2987/2987 2988/2988/2988
f 2990/2990/2990 2988/2988/2988 2976/2976/2976
f 2974/2974/2974 2990/2990/2990 2976/2976/2976
f 2991/2991/2991 2989/2989/2989 2988/2988/2988
f 2991/2991/2991 2988/2988/2988 2990/2990/2990
f 2992/2992/2992 2989/2989/2989 2991/2991/2991
f 2974/2974/2974 2993/2993/2993 2990/2990/2990
f 2973/2973/2973 2993/2993/2993 2974/2974/2974
f 2994/2994/2994 2991/2991/2991 2990/2990/2990
f 2993/2993/2993 2994/2994/2994 2990/2990/2990
f 2995/2995/2995 2992/2992/2992 2991/2991/2991
f 2995/2995/2995 2991/2991/2991 2994/2994/2994
f 2996/2996/2996 2992/2992/2992 2995/2995/2995
f 2997/2997/2997 2996/2996/2996 2995/2995/2995
f 2998/2998/2998 2995/2995/2995 2994/2994/2994
f 2997/2997/2997 2995/2995/2995 2998/2998/2998
f 2998/2998/2998 2994/2994/2994 2993/2993/2993
f 2999/2999/2999 2997/2997/2997 2998/2998/2998
f 3000/3000/3000 2998/2998/2998 2993/2993/2993
f 2999/2999/2999 2998/2998/2998 3000/3000/3000
f 3000/3000/3000 2993/2993/2993 2973/2973/2973
f 3001/3001/3001 2999/2999/2999 3000/3000/3000
f 3001/3001/3001 3000/3000/3000 3002/3002/3002
f 3002/3002/3002 3000/3000/3000 2973/2973/2973
f 3003/3003/3003 3001/3001/3001 3002/3002/3002
f 3004/3004/3004 3002/3002/3002 2973/2973/2973
f 3002/3002/3002 3004/3004/3004 3003/3003/3003
f 3005/3005/3005 3004/3004/3004 2973/2973/2973
f 3005/3005/3005 2973/2973/2973 2972/2972/2972
f 3004/3004/3004 3005/3005/3005 3006/3006/3006
f 3007/3007/3007 3004/3004/3004 3006/3006/3006
f 3004/3004/3004 3007/3007/3007 3003/3003/3003
f 3005/3005/3005 2972/2972/2972 3008/3008/3008
f 3006/3006/3006 3005/3005/3005 3008/3008/3008
f 3008/3008/3008 2972/2972/2972 2957/2957/2957
f 3007/3007/3007 3009/3009/3009 3003/3003/3003
f 3009/3009/3009 3007/3007/3007 3006/3006/3006
f 3009/3009/3009 3010/3010/3010 3003/3003/3003
f 3011/3011/3011 3009/3009/3009 3006/3006/3006
f 3008/3008/3008 2957/2957/2957 3012/3012/3012
f 2960/2960/2960 3012/3012/3012 2957/2957/2957
f 3012/3012/3012 2960/2960/2960 3013/3013/3013
f 3014/3014/3014 3008/3008/3008 3012/3012/3012
f 3006/3006/3006 3008/3008/3008 3014/3014/3014
f 3014/3014/3014 3012/3012/3012 3013/3013/3013
f 2960/2960/2960 3015/3015/3015 3013/3013/3013
f 3015/3015/3015 2960/2960/2960 2936/2936/2936
f 3015/3015/3015 2936/2936/2936 3016/3016/3016
f 2938/2938/2938 3016/3016/3016 2936/2936/2936
f 3016/3016/3016 2938/2938/2938 3017/3017/3017
f 3018/3018/3018 3016/3016/3016 3017/3017/3017
f 3018/3018/3018 3015/3015/3015 3016/3016/3016
f 3013/3013/3013 3015/3015/3015 3018/3018/3018
f 2938/2938/2938 3019/3019/3019 3017/3017/3017
f 3019/3019/3019 2938/2938/2938 2932/2932/2932
f 3020/3020/3020 3019/3019/3019 2932/2932/2932
f 3021/3021/3021 3020/3020/3020 2932/2932/2932
f 3022/3022/3022 3017/3017/3017 3019/3019/3019
f 3020/3020/3020 3022/3022/3022 3019/3019/3019
f 3023/3023/3023 3022/3022/3022 3020/3020/3020
f 3024/3024/3024 3023/3023/3023 3020/3020/3020
f 3024/3024/3024 3020/3020/3020 3021/3021/3021
f 3025/3025/3025 3022/3022/3022 3023/3023/3023
f 3022/3022/3022 3025/3025/3025 3017/3017/3017
f 3026/3026/3026 3024/3024/3024 3021/3021/3021
f 3027/3027/3027 3024/3024/3024 3026/3026/3026
f 3024/3024/3024 3027/3027/3027 3023/3023/3023
f 3028/3028/3028 3027/3027/3027 3026/3026/3026
f 3027/3027/3027 3028/3028/3028 3029/3029/3029
f 3027/3027/3027 3030/3030/3030 3023/3023/3023
f 3030/3030/3030 3027/3027/3027 3029/3029/3029
f 3031/3031/3031 3030/3030/3030 3029/3029/3029
f 3030/3030/3030 3031/3031/3031 3023/3023/3023
f 3032/3032/3032 3031/3031/3031 3029/3029/3029
f 3032/3032/3032 3029/3029/3029 3033/3033/3033
f 3034/3034/3034 3032/3032/3032 3033/3033/3033
f 3031/3031/3031 3032/3032/3032 3035/3035/3035
f 3035/3035/3035 3032/3032/3032 3034/3034/3034
f 3031/3031/3031 3036/3036/3036 3023/3023/3023
f 3036/3036/3036 3031/3031/3031 3035/3035/3035
f 3037/3037/3037 3035/3035/3035 3034/3034/3034
f 3037/3037/3037 3034/3034/3034 3038/3038/3038
f 3039/3039/3039 3037/3037/3037 3038/3038/3038
f 3037/3037/3037 3040/3040/3040 3035/3035/3035
f 3040/3040/3040 3037/3037/3037 3039/3039/3039
f 3036/3036/3036 3035/3035/3035 3041/3041/3041
f 3040/3040/3040 3041/3041/3041 3035/3035/3035
f 3041/3041/3041 3040/3040/3040 3042/3042/3042
f 3040/3040/3040 3043/3043/3043 3042/3042/3042
f 3043/3043/3043 3040/3040/3040 3039/3039/3039
f 3044/3044/3044 3036/3036/3036 3041/3041/3041
f 3023/3023/3023 3036/3036/3036 3044/3044/3044
f 3044/3044/3044 3041/3041/3041 3042/3042/3042
f 3045/3045/3045 3023/3023/3023 3044/3044/3044
f 3045/3045/3045 3025/3025/3025 3023/3023/3023
f 3045/3045/3045 3044/3044/3044 3046/3046/3046
f 3046/3046/3046 3044/3044/3044 3042/3042/3042
f 3025/3025/3025 3045/3045/3045 3047/3047/3047
f 3047/3047/3047 3045/3045/3045 3046/3046/3046
f 3048/3048/3048 3025/3025/3025 3047/3047/3047
f 3025/3025/3025 3048/3048/3048 3017/3017/3017
f 3049/3049/3049 3047/3047/3047 3046/3046/3046
f 3047/3047/3047 3049/3049/3049 3048/3048/3048
f 3048/3048/3048 3050/3050/3050 3017/3017/3017
f 3049/3049/3049 3050/3050/3050 3048/3048/3048
f 3051/3051/3051 3049/3049/3049 3046/3046/3046
f 3051/3051/3051 3046/3046/3046 3042/3042/3042
f 3049/3049/3049 3052/3052/3052 3050/3050/3050
f 3052/3052/3052 3049/3049/3049 3051/3051/3051
f 3052/3052/3052 3053/3053/3053 3050/3050/3050
f 3050/3050/3050 3054/3054/3054 3017/3017/3017
f 3050/3050/3050 3053/3053/3053 3054/3054/3054
f 3054/3054/3054 3018/3018/3018 3017/3017/3017
f 3055/3055/3055 3018/3018/3018 3054/3054/3054
f 3055/3055/3055 3013/3013/3013 3018/3018/3018
f 3053/3053/3053 3056/3056/3056 3054/3054/3054
f 3056/3056/3056 3055/3055/3055 3054/3054/3054
f 3056/3056/3056 3053/3053/3053 3057/3057/3057
f 3056/3056/3056 3057/3057/3057 3055/3055/3055
f 3055/3055/3055 3058/3058/3058 3013/3013/3013
f 3057/3057/3057 3058/3058/3058 3055/3055/3055
f 3057/3057/3057 3059/3059/3059 3058/3058/3058
f 3053/3053/3053 3060/3060/3060 3057/3057/3057
f 3053/3053/3053 3052/3052/3052 3060/3060/3060
f 3057/3057/3057 3060/3060/3060 3059/3059/3059
f 3058/3058/3058 3061/3061/3061 3013/3013/3013
f 3061/3061/3061 3014/3014/3014 3013/3013/3013
f 3059/3059/3059 3062/3062/3062 3058/3058/3058
f 3058/3058/3058 3062/3062/3062 3061/3061/3061
f 3063/3063/3063 3014/3014/3014 3061/3061/3061
f 3063/3063/3063 3006/3006/3006 3014/3014/3014
f 3062/3062/3062 3064/3064/3064 3061/3061/3061
f 3064/3064/3064 3063/3063/3063 3061/3061/3061
f 3063/3063/3063 3065/3065/3065 3006/3006/3006
f 3065/3065/3065 3011/3011/3011 3006/3006/3006
f 3062/3062/3062 3066/3066/3066 3064/3064/3064
f 3066/3066/3066 3062/3062/3062 3059/3059/3059
f 3064/3064/3064 3067/3067/3067 3063/3063/3063
f 3067/3067/3067 3065/3065/3065 3063/3063/3063
f 3066/3066/3066 3067/3067/3067 3064/3064/3064
f 3065/3065/3065 3068/3068/3068 3011/3011/3011
f 3068/3068/3068 3069/3069/3069 3011/3011/3011
f 3070/3070/3070 3068/3068/3068 3065/3065/3065
f 3067/3067/3067 3070/3070/3070 3065/3065/3065
f 3067/3067/3067 3066/3066/3066 3070/3070/3070
f 3066/3066/3066 3071/3071/3071 3070/3070/3070
f 3071/3071/3071 3066/3066/3066 3059/3059/3059
f 3071/3071/3071 3072/3072/3072 3070/3070/3070
f 3072/3072/3072 3071/3071/3071 3059/3059/3059
f 3072/3072/3072 3073/3073/3073 3070/3070/3070
f 3073/3073/3073 3072/3072/3072 3074/3074/3074
f 3075/3075/3075 3072/3072/3072 3059/3059/3059
f 3072/3072/3072 3075/3075/3075 3074/3074/3074
f 3060/3060/3060 3075/3075/3075 3059/3059/3059
f 3060/3060/3060 3076/3076/3076 3075/3075/3075
f 3076/3076/3076 3074/3074/3074 3075/3075/3075
f 3052/3052/3052 3076/3076/3076 3060/3060/3060
f 3076/3076/3076 3077/3077/3077 3074/3074/3074
f 3077/3077/3077 3076/3076/3076 3052/3052/3052
f 3077/3077/3077 3078/3078/3078 3074/3074/3074
f 3078/3078/3078 3077/3077/3077 3079/3079/3079
f 3077/3077/3077 3080/3080/3080 3079/3079/3079
f 3080/3080/3080 3077/3077/3077 3052/3052/3052
f 3081/3081/3081 3079/3079/3079 3080/3080/3080
f 3082/3082/3082 3081/3081/3081 3080/3080/3080
f 3082/3082/3082 3080/3080/3080 3052/3052/3052
f 3083/3083/3083 3081/3081/3081 3082/3082/3082
f 3084/3084/3084 3082/3082/3082 3052/3052/3052
f 3084/3084/3084 3052/3052/3052 3051/3051/3051
f 3085/3085/3085 3083/3083/3083 3082/3082/3082
f 3085/3085/3085 3082/3082/3082 3084/3084/3084
f 3086/3086/3086 3083/3083/3083 3085/3085/3085
f 3084/3084/3084 3051/3051/3051 3087/3087/3087
f 3087/3087/3087 3051/3051/3051 3042/3042/3042
f 3088/3088/3088 3086/3086/3086 3085/3085/3085
f 3089/3089/3089 3086/3086/3086 3088/3088/3088
f 3090/3090/3090 3085/3085/3085 3084/3084/3084
f 3090/3090/3090 3084/3084/3084 3087/3087/3087
f 3088/3088/3088 3085/3085/3085 3090/3090/3090
f 3087/3087/3087 3042/3042/3042 3091/3091/3091
f 3090/3090/3090 3087/3087/3087 3092/3092/3092
f 3092/3092/3092 3087/3087/3087 3091/3091/3091
f 3093/3093/3093 3088/3088/3088 3090/3090/3090
f 3093/3093/3093 3090/3090/3090 3092/3092/3092
f 3094/3094/3094 3089/3089/3089 3088/3088/3088
f 3094/3094/3094 3088/3088/3088 3093/3093/3093
f 3095/3095/3095 3091/3091/3091 3042/3042/3042
f 3043/3043/3043 3095/3095/3095 3042/3042/3042
f 3095/3095/3095 3043/3043/3043 3039/3039/3039
f 3092/3092/3092 3091/3091/3091 3096/3096/3096
f 3091/3091/3091 3095/3095/3095 3096/3096/3096
f 3093/3093/3093 3092/3092/3092 3097/3097/3097
f 3097/3097/3097 3092/3092/3092 3096/3096/3096
f 3089/3089/3089 3094/3094/3094 3098/3098/3098
f 3099/3099/3099 3089/3089/3089 3098/3098/3098
f 3100/3100/3100 3094/3094/3094 3093/3093/3093
f 3100/3100/3100 3093/3093/3093 3097/3097/3097
f 3094/3094/3094 3100/3100/3100 3101/3101/3101
f 3101/3101/3101 3100/3100/3100 3097/3097/3097
f 3098/3098/3098 3094/3094/3094 3101/3101/3101
f 3099/3099/3099 3098/3098/3098 3102/3102/3102
f 3103/3103/3103 3099/3099/3099 3102/3102/3102
f 3104/3104/3104 3101/3101/3101 3097/3097/3097
f 3104/3104/3104 3097/3097/3097 3096/3096/3096
f 3098/3098/3098 3101/3101/3101 3105/3105/3105
f 3102/3102/3102 3098/3098/3098 3105/3105/3105
f 3105/3105/3105 3101/3101/3101 3104/3104/3104
f 3095/3095/3095 3106/3106/3106 3096/3096/3096
f 3106/3106/3106 3095/3095/3095 3039/3039/3039
f 3103/3103/3103 3102/3102/3102 3107/3107/3107
f 3108/3108/3108 3103/3103/3103 3107/3107/3107
f 3109/3109/3109 3104/3104/3104 3096/3096/3096
f 3096/3096/3096 3106/3106/3106 3109/3109/3109
f 3110/3110/3110 3105/3105/3105 3104/3104/3104
f 3110/3110/3110 3104/3104/3104 3109/3109/3109
f 3102/3102/3102 3105/3105/3105 3111/3111/3111
f 3107/3107/3107 3102/3102/3102 3111/3111/3111
f 3111/3111/3111 3105/3105/3105 3110/3110/3110
f 3107/3107/3107 3111/3111/3111 3112/3112/3112
f 3112/3112/3112 3111/3111/3111 3113/3113/3113
f 3113/3113/3113 3111/3111/3111 3110/3110/3110
f 3108/3108/3108 3107/3107/3107 3114/3114/3114
f 3114/3114/3114 3107/3107/3107 3112/3112/3112
f 3115/3115/3115 3108/3108/3108 3114/3114/3114
f 3114/3114/3114 3116/3116/3116 3115/3115/3115
f 3116/3116/3116 3114/3114/3114 3112/3112/3112
f 3116/3116/3116 3117/3117/3117 3115/3115/3115
f 3117/3117/3117 3116/3116/3116 3118/3118/3118
f 3119/3119/3119 3110/3110/3110 3109/3109/3109
f 3113/3113/3113 3110/3110/3110 3119/3119/3119
f 3120/3120/3120 3116/3116/3116 3112/3112/3112
f 3116/3116/3116 3120/3120/3120 3118/3118/3118
f 3109/3109/3109 3121/3121/3121 3119/3119/3119
f 3106/3106/3106 3121/3121/3121 3109/3109/3109
f 3106/3106/3106 3039/3039/3039 3121/3121/3121
f 3039/3039/3039 3122/3122/3122 3121/3121/3121
f 3122/3122/3122 3039/3039/3039 3038/3038/3038
f 3123/3123/3123 3122/3122/3122 3038/3038/3038
f 3121/3121/3121 3124/3124/3124 3119/3119/3119
f 3121/3121/3121 3122/3122/3122 3124/3124/3124
f 3125/3125/3125 3113/3113/3113 3119/3119/3119
f 3119/3119/3119 3124/3124/3124 3125/3125/3125
f 3126/3126/3126 3122/3122/3122 3123/3123/3123
f 3122/3122/3122 3126/3126/3126 3124/3124/3124
f 3127/3127/3127 3112/3112/3112 3113/3113/3113
f 3127/3127/3127 3113/3113/3113 3125/3125/3125
f 3124/3124/3124 3128/3128/3128 3125/3125/3125
f 3124/3124/3124 3126/3126/3126 3128/3128/3128
f 3129/3129/3129 3127/3127/3127 3125/3125/3125
f 3125/3125/3125 3128/3128/3128 3129/3129/3129
f 3127/3127/3127 3130/3130/3130 3112/3112/3112
f 3130/3130/3130 3127/3127/3127 3129/3129/3129
f 3131/3131/3131 3126/3126/3126 3123/3123/3123
f 3131/3131/3131 3123/3123/3123 3132/3132/3132
f 3133/3133/3133 3131/3131/3131 3132/3132/3132
f 3131/3131/3131 3134/3134/3134 3126/3126/3126
f 3134/3134/3134 3131/3131/3131 3133/3133/3133
f 3126/3126/3126 3135/3135/3135 3128/3128/3128
f 3134/3134/3134 3135/3135/3135 3126/3126/3126
f 3135/3135/3135 3134/3134/3134 3136/3136/3136
f 3135/3135/3135 3136/3136/3136 3137/3137/3137
f 3128/3128/3128 3135/3135/3135 3137/3137/3137
f 3128/3128/3128 3137/3137/3137 3129/3129/3129
f 3134/3134/3134 3138/3138/3138 3136/3136/3136
f 3138/3138/3138 3134/3134/3134 3133/3133/3133
f 3139/3139/3139 3138/3138/3138 3133/3133/3133
f 3138/3138/3138 3139/3139/3139 3136/3136/3136
f 3140/3140/3140 3139/3139/3139 3133/3133/3133
f 3139/3139/3139 3140/3140/3140 3141/3141/3141
f 3142/3142/3142 3139/3139/3139 3141/3141/3141
f 3139/3139/3139 3142/3142/3142 3136/3136/3136
f 3143/3143/3143 3142/3142/3142 3141/3141/3141
f 3142/3142/3142 3143/3143/3143 3136/3136/3136
f 3144/3144/3144 3143/3143/3143 3141/3141/3141
f 3143/3143/3143 3144/3144/3144 3145/3145/3145
f 3146/3146/3146 3143/3143/3143 3145/3145/3145
f 3143/3143/3143 3146/3146/3146 3136/3136/3136
f 3146/3146/3146 3147/3147/3147 3136/3136/3136
f 3136/3136/3136 3148/3148/3148 3137/3137/3137
f 3147/3147/3147 3148/3148/3148 3136/3136/3136
f 3148/3148/3148 3147/3147/3147 3149/3149/3149
f 3147/3147/3147 3150/3150/3150 3149/3149/3149
f 3148/3148/3148 3151/3151/3151 3137/3137/3137
f 3148/3148/3148 3149/3149/3149 3151/3151/3151
f 3137/3137/3137 3151/3151/3151 3129/3129/3129
f 3151/3151/3151 3152/3152/3152 3129/3129/3129
f 3152/3152/3152 3130/3130/3130 3129/3129/3129
f 3130/3130/3130 3152/3152/3152 3153/3153/3153
f 3154/3154/3154 3130/3130/3130 3153/3153/3153
f 3130/3130/3130 3154/3154/3154 3112/3112/3112
f 3112/3112/3112 3154/3154/3154 3120/3120/3120
f 3151/3151/3151 3155/3155/3155 3152/3152/3152
f 3149/3149/3149 3155/3155/3155 3151/3151/3151
f 3155/3155/3155 3153/3153/3153 3152/3152/3152
f 3154/3154/3154 3156/3156/3156 3120/3120/3120
f 3154/3154/3154 3153/3153/3153 3156/3156/3156
f 3120/3120/3120 3156/3156/3156 3118/3118/3118
f 3157/3157/3157 3149/3149/3149 3150/3150/3150
f 3158/3158/3158 3157/3157/3157 3150/3150/3150
f 3158/3158/3158 3150/3150/3150 3159/3159/3159
f 3160/3160/3160 3158/3158/3158 3159/3159/3159
f 3161/3161/3161 3157/3157/3157 3158/3158/3158
f 3162/3162/3162 3161/3161/3161 3158/3158/3158
f 3162/3162/3162 3158/3158/3158 3160/3160/3160
f 3163/3163/3163 3157/3157/3157 3161/3161/3161
f 3157/3157/3157 3163/3163/3163 3149/3149/3149
f 3164/3164/3164 3162/3162/3162 3160/3160/3160
f 3165/3165/3165 3162/3162/3162 3164/3164/3164
f 3162/3162/3162 3165/3165/3165 3161/3161/3161
f 3166/3166/3166 3165/3165/3165 3164/3164/3164
f 3165/3165/3165 3166/3166/3166 3167/3167/3167
f 3163/3163/3163 3168/3168/3168 3149/3149/3149
f 3149/3149/3149 3168/3168/3168 3155/3155/3155
f 3168/3168/3168 3169/3169/3169 3155/3155/3155
f 3155/3155/3155 3169/3169/3169 3153/3153/3153
f 3168/3168/3168 3163/3163/3163 3170/3170/3170
f 3168/3168/3168 3170/3170/3170 3169/3169/3169
f 3165/3165/3165 3171/3171/3171 3161/3161/3161
f 3171/3171/3171 3165/3165/3165 3167/3167/3167
f 3172/3172/3172 3163/3163/3163 3161/3161/3161
f 3163/3163/3163 3172/3172/3172 3170/3170/3170
f 3173/3173/3173 3171/3171/3171 3167/3167/3167
f 3171/3171/3171 3173/3173/3173 3161/3161/3161
f 3172/3172/3172 3161/3161/3161 3174/3174/3174
f 3170/3170/3170 3172/3172/3172 3175/3175/3175
f 3172/3172/3172 3174/3174/3174 3175/3175/3175
f 3173/3173/3173 3176/3176/3176 3161/3161/3161
f 3161/3161/3161 3176/3176/3176 3174/3174/3174
f 3176/3176/3176 3173/3173/3173 3177/3177/3177
f 3173/3173/3173 3178/3178/3178 3177/3177/3177
f 3178/3178/3178 3173/3173/3173 3167/3167/3167
f 3179/3179/3179 3178/3178/3178 3167/3167/3167
f 3178/3178/3178 3179/3179/3179 3177/3177/3177
f 3180/3180/3180 3179/3179/3179 3167/3167/3167
f 3179/3179/3179 3180/3180/3180 3181/3181/3181
f 3174/3174/3174 3176/3176/3176 3182/3182/3182
f 3176/3176/3176 3177/3177/3177 3182/3182/3182
f 3175/3175/3175 3174/3174/3174 3183/3183/3183
f 3174/3174/3174 3182/3182/3182 3183/3183/3183
f 3184/3184/3184 3179/3179/3179 3181/3181/3181
f 3179/3179/3179 3184/3184/3184 3177/3177/3177
f 3185/3185/3185 3184/3184/3184 3181/3181/3181
f 3184/3184/3184 3185/3185/3185 3177/3177/3177
f 3175/3175/3175 3183/3183/3183 3186/3186/3186
f 3187/3187/3187 3183/3183/3183 3182/3182/3182
f 3186/3186/3186 3183/3183/3183 3187/3187/3187
f 3188/3188/3188 3182/3182/3182 3177/3177/3177
f 3188/3188/3188 3187/3187/3187 3182/3182/3182
f 3185/3185/3185 3189/3189/3189 3177/3177/3177
f 3189/3189/3189 3188/3188/3188 3177/3177/3177
f 3190/3190/3190 3175/3175/3175 3186/3186/3186
f 3170/3170/3170 3175/3175/3175 3190/3190/3190
f 3190/3190/3190 3186/3186/3186 3191/3191/3191
f 3191/3191/3191 3186/3186/3186 3192/3192/3192
f 3192/3192/3192 3186/3186/3186 3187/3187/3187
f 3193/3193/3193 3190/3190/3190 3191/3191/3191
f 3194/3194/3194 3170/3170/3170 3190/3190/3190
f 3194/3194/3194 3190/3190/3190 3193/3193/3193
f 3170/3170/3170 3194/3194/3194 3169/3169/3169
f 3195/3195/3195 3194/3194/3194 3193/3193/3193
f 3194/3194/3194 3195/3195/3195 3196/3196/3196
f 3169/3169/3169 3194/3194/3194 3196/3196/3196
f 3169/3169/3169 3196/3196/3196 3153/3153/3153
f 3197/3197/3197 3187/3187/3187 3188/3188/3188
f 3192/3192/3192 3187/3187/3187 3197/3197/3197
f 3198/3198/3198 3188/3188/3188 3189/3189/3189
f 3198/3198/3198 3197/3197/3197 3188/3188/3188
f 3196/3196/3196 3199/3199/3199 3153/3153/3153
f 3199/3199/3199 3196/3196/3196 3195/3195/3195
f 3200/3200/3200 3198/3198/3198 3189/3189/3189
f 3189/3189/3189 3185/3185/3185 3200/3200/3200
f 3199/3199/3199 3201/3201/3201 3153/3153/3153
f 3153/3153/3153 3201/3201/3201 3156/3156/3156
f 3156/3156/3156 3201/3201/3201 3202/3202/3202
f 3156/3156/3156 3202/3202/3202 3118/3118/3118
f 3201/3201/3201 3199/3199/3199 3203/3203/3203
f 3201/3201/3201 3203/3203/3203 3202/3202/3202
f 3199/3199/3199 3204/3204/3204 3203/3203/3203
f 3204/3204/3204 3199/3199/3199 3195/3195/3195
f 3205/3205/3205 3202/3202/3202 3203/3203/3203
f 3204/3204/3204 3205/3205/3205 3203/3203/3203
f 3202/3202/3202 3205/3205/3205 3118/3118/3118
f 3205/3205/3205 3204/3204/3204 3195/3195/3195
f 3205/3205/3205 3206/3206/3206 3118/3118/3118
f 3206/3206/3206 3205/3205/3205 3195/3195/3195
f 3206/3206/3206 3207/3207/3207 3118/3118/3118
f 3207/3207/3207 3206/3206/3206 3195/3195/3195
f 3207/3207/3207 3208/3208/3208 3118/3118/3118
f 3208/3208/3208 3207/3207/3207 3209/3209/3209
f 3210/3210/3210 3207/3207/3207 3195/3195/3195
f 3207/3207/3207 3210/3210/3210 3209/3209/3209
f 3210/3210/3210 3195/3195/3195 3193/3193/3193
f 3209/3209/3209 3210/3210/3210 3211/3211/3211
f 3211/3211/3211 3210/3210/3210 3193/3193/3193
f 3212/3212/3212 3209/3209/3209 3211/3211/3211
f 3211/3211/3211 3193/3193/3193 3191/3191/3191
f 3212/3212/3212 3211/3211/3211 3213/3213/3213
f 3213/3213/3213 3211/3211/3211 3191/3191/3191
f 3214/3214/3214 3212/3212/3212 3213/3213/3213
f 3213/3213/3213 3215/3215/3215 3214/3214/3214
f 3215/3215/3215 3213/3213/3213 3191/3191/3191
f 3215/3215/3215 3216/3216/3216 3214/3214/3214
f 3216/3216/3216 3215/3215/3215 3217/3217/3217
f 3218/3218/3218 3215/3215/3215 3191/3191/3191
f 3215/3215/3215 3218/3218/3218 3217/3217/3217
f 3219/3219/3219 3218/3218/3218 3191/3191/3191
f 3218/3218/3218 3219/3219/3219 3217/3217/3217
f 3220/3220/3220 3219/3219/3219 3191/3191/3191
f 3220/3220/3220 3191/3191/3191 3192/3192/3192
f 3220/3220/3220 3192/3192/3192 3221/3221/3221
f 3221/3221/3221 3192/3192/3192 3197/3197/3197
f 3219/3219/3219 3220/3220/3220 3222/3222/3222
f 3222/3222/3222 3220/3220/3220 3221/3221/3221
f 3223/3223/3223 3219/3219/3219 3222/3222/3222
f 3219/3219/3219 3223/3223/3223 3217/3217/3217
f 3221/3221/3221 3224/3224/3224 3222/3222/3222
f 3224/3224/3224 3223/3223/3223 3222/3222/3222
f 3197/3197/3197 3225/3225/3225 3221/3221/3221
f 3225/3225/3225 3224/3224/3224 3221/3221/3221
f 3225/3225/3225 3226/3226/3226 3224/3224/3224
f 3224/3224/3224 3227/3227/3227 3223/3223/3223
f 3227/3227/3227 3217/3217/3217 3223/3223/3223
f 3226/3226/3226 3227/3227/3227 3224/3224/3224
f 3227/3227/3227 3228/3228/3228 3217/3217/3217
f 3228/3228/3228 3227/3227/3227 3226/3226/3226
f 3228/3228/3228 3229/3229/3229 3217/3217/3217
f 3229/3229/3229 3228/3228/3228 3230/3230/3230
f 3231/3231/3231 3225/3225/3225 3197/3197/3197
f 3198/3198/3198 3231/3231/3231 3197/3197/3197
f 3232/3232/3232 3228/3228/3228 3226/3226/3226
f 3228/3228/3228 3232/3232/3232 3230/3230/3230
f 3233/3233/3233 3226/3226/3226 3225/3225/3225
f 3231/3231/3231 3233/3233/3233 3225/3225/3225
f 3234/3234/3234 3233/3233/3233 3231/3231/3231
f 3235/3235/3235 3231/3231/3231 3198/3198/3198
f 3235/3235/3235 3234/3234/3234 3231/3231/3231
f 3200/3200/3200 3235/3235/3235 3198/3198/3198
f 3236/3236/3236 3232/3232/3232 3226/3226/3226
f 3232/3232/3232 3236/3236/3236 3230/3230/3230
f 3237/3237/3237 3226/3226/3226 3233/3233/3233
f 3237/3237/3237 3236/3236/3236 3226/3226/3226
f 3238/3238/3238 3237/3237/3237 3233/3233/3233
f 3238/3238/3238 3233/3233/3233 3234/3234/3234
f 3236/3236/3236 3237/3237/3237 3239/3239/3239
f 3239/3239/3239 3237/3237/3237 3238/3238/3238
f 3236/3236/3236 3240/3240/3240 3230/3230/3230
f 3240/3240/3240 3236/3236/3236 3239/3239/3239
f 3240/3240/3240 3241/3241/3241 3230/3230/3230
f 3241/3241/3241 3240/3240/3240 3239/3239/3239
f 3241/3241/3241 3242/3242/3242 3230/3230/3230
f 3242/3242/3242 3241/3241/3241 3243/3243/3243
f 3241/3241/3241 3244/3244/3244 3243/3243/3243
f 3244/3244/3244 3241/3241/3241 3239/3239/3239
f 3245/3245/3245 3239/3239/3239 3238/3238/3238
f 3245/3245/3245 3238/3238/3238 3246/3246/3246
f 3246/3246/3246 3238/3238/3238 3234/3234/3234
f 3247/3247/3247 3245/3245/3245 3246/3246/3246
f 3248/3248/3248 3247/3247/3247 3246/3246/3246
f 3249/3249/3249 3248/3248/3248 3246/3246/3246
f 3249/3249/3249 3246/3246/3246 3234/3234/3234
f 3250/3250/3250 3248/3248/3248 3249/3249/3249
f 3251/3251/3251 3249/3249/3249 3234/3234/3234
f 3252/3252/3252 3250/3250/3250 3249/3249/3249
f 3252/3252/3252 3249/3249/3249 3251/3251/3251
f 3253/3253/3253 3251/3251/3251 3234/3234/3234
f 3235/3235/3235 3253/3253/3253 3234/3234/3234
f 3253/3253/3253 3235/3235/3235 3200/3200/3200
f 3251/3251/3251 3253/3253/3253 3254/3254/3254
f 3254/3254/3254 3252/3252/3252 3251/3251/3251
f 3250/3250/3250 3252/3252/3252 3255/3255/3255
f 3256/3256/3256 3250/3250/3250 3255/3255/3255
f 3257/3257/3257 3253/3253/3253 3200/3200/3200
f 3253/3253/3253 3257/3257/3257 3254/3254/3254
f 3252/3252/3252 3254/3254/3254 3258/3258/3258
f 3255/3255/3255 3252/3252/3252 3258/3258/3258
f 3256/3256/3256 3255/3255/3255 3259/3259/3259
f 3260/3260/3260 3256/3256/3256 3259/3259/3259
f 3259/3259/3259 3255/3255/3255 3261/3261/3261
f 3255/3255/3255 3258/3258/3258 3261/3261/3261
f 3261/3261/3261 3258/3258/3258 3262/3262/3262
f 3258/3258/3258 3254/3254/3254 3263/3263/3263
f 3258/3258/3258 3263/3263/3263 3262/3262/3262
f 3254/3254/3254 3257/3257/3257 3263/3263/3263
f 3262/3262/3262 3263/3263/3263 3181/3181/3181
f 3257/3257/3257 3200/3200/3200 3264/3264/3264
f 3263/3263/3263 3257/3257/3257 3264/3264/3264
f 3263/3263/3263 3264/3264/3264 3181/3181/3181
f 3185/3185/3185 3264/3264/3264 3200/3200/3200
f 3264/3264/3264 3185/3185/3185 3181/3181/3181
f 3267/3267/3267 3266/3266/3266 3265/3265/3265
f 3268/3268/3268 3267/3267/3267 3265/3265/3265
f 3271/3271/3271 3270/3270/3270 3269/3269/3269
f 3272/3272/3272 3271/3271/3271 3269/3269/3269
f 3275/3275/3275 3274/3274/3274 3273/3273/3273
f 3276/3276/3276 3275/3275/3275 3273/3273/3273
f 3279/3279/3279 3278/3278/3278 3277/3277/3277
f 3280/3280/3280 3279/3279/3279 3277/3277/3277
f 3281/3281/3281 3280/3280/3280 3277/3277/3277
f 3282/3282/3282 3281/3281/3281 3277/3277/3277
f 3285/3285/3285 3284/3284/3284 3283/3283/3283
f 3284/3284/3284 3286/3286/3286 3283/3283/3283
f 3283/3283/3283 3286/3286/3286 3287/3287/3287
f 3284/3284/3284 3288/3288/3288 3286/3286/3286
f 3286/3286/3286 3289/3289/3289 3287/3287/3287
f 3288/3288/3288 3290/3290/3290 3286/3286/3286
f 3286/3286/3286 3290/3290/3290 3289/3289/3289
f 3290/3290/3290 3291/3291/3291 3289/3289/3289
f 3294/3294/3294 3293/3293/3293 3292/3292/3292
f 3293/3293/3293 3295/3295/3295 3292/3292/3292
f 3292/3292/3292 3295/3295/3295 3296/3296/3296
f 3293/3293/3293 3297/3297/3297 3295/3295/3295
f 3295/3295/3295 3298/3298/3298 3296/3296/3296
f 3299/3299/3299 3296/3296/3296 3298/3298/3298
f 3297/3297/3297 3300/3300/3300 3295/3295/3295
f 3295/3295/3295 3300/3300/3300 3298/3298/3298
f 3301/3301/3301 3299/3299/3299 3298/3298/3298
f 3302/3302/3302 3299/3299/3299 3301/3301/3301
f 3300/3300/3300 3303/3303/3303 3298/3298/3298
f 3301/3301/3301 3298/3298/3298 3303/3303/3303
f 3304/3304/3304 3302/3302/3302 3301/3301/3301
f 3305/3305/3305 3302/3302/3302 3304/3304/3304
f 3306/3306/3306 3301/3301/3301 3303/3303/3303
f 3304/3304/3304 3301/3301/3301 3306/3306/3306
f 3303/3303/3303 3300/3300/3300 3307/3307/3307
f 3306/3306/3306 3303/3303/3303 3307/3307/3307
f 3300/3300/3300 3297/3297/3297 3308/3308/3308
f 3307/3307/3307 3300/3300/3300 3308/3308/3308
f 3309/3309/3309 3305/3305/3305 3304/3304/3304
f 3310/3310/3310 3305/3305/3305 3309/3309/3309
f 3311/3311/3311 3304/3304/3304 3306/3306/3306
f 3309/3309/3309 3304/3304/3304 3311/3311/3311
f 3312/3312/3312 3308/3308/3308 3297/3297/3297
f 3313/3313/3313 3312/3312/3312 3297/3297/3297
f 3312/3312/3312 3313/3313/3313 3314/3314/3314
f 3307/3307/3307 3308/3308/3308 3315/3315/3315
f 3308/3308/3308 3312/3312/3312 3315/3315/3315
f 3306/3306/3306 3307/3307/3307 3316/3316/3316
f 3316/3316/3316 3307/3307/3307 3315/3315/3315
f 3311/3311/3311 3306/3306/3306 3316/3316/3316
f 3312/3312/3312 3317/3317/3317 3315/3315/3315
f 3317/3317/3317 3312/3312/3312 3314/3314/3314
f 3316/3316/3316 3315/3315/3315 3318/3318/3318
f 3311/3311/3311 3316/3316/3316 3319/3319/3319
f 3319/3319/3319 3309/3309/3309 3311/3311/3311
f 3316/3316/3316 3318/3318/3318 3319/3319/3319
f 3320/3320/3320 3310/3310/3310 3309/3309/3309
f 3320/3320/3320 3309/3309/3309 3319/3319/3319
f 3321/3321/3321 3310/3310/3310 3320/3320/3320
f 3314/3314/3314 3322/3322/3322 3317/3317/3317
f 3314/3314/3314 3323/3323/3323 3322/3322/3322
f 3324/3324/3324 3320/3320/3320 3319/3319/3319
f 3319/3319/3319 3318/3318/3318 3324/3324/3324
f 3325/3325/3325 3321/3321/3321 3320/3320/3320
f 3325/3325/3325 3320/3320/3320 3324/3324/3324
f 3326/3326/3326 3321/3321/3321 3325/3325/3325
f 3327/3327/3327 3326/3326/3326 3325/3325/3325
f 3328/3328/3328 3325/3325/3325 3324/3324/3324
f 3327/3327/3327 3325/3325/3325 3328/3328/3328
f 3318/3318/3318 3328/3328/3328 3324/3324/3324
f 3329/3329/3329 3327/3327/3327 3328/3328/3328
f 3318/3318/3318 3330/3330/3330 3328/3328/3328
f 3330/3330/3330 3329/3329/3329 3328/3328/3328
f 3315/3315/3315 3330/3330/3330 3318/3318/3318
f 3330/3330/3330 3331/3331/3331 3329/3329/3329
f 3331/3331/3331 3330/3330/3330 3315/3315/3315
f 3331/3331/3331 3332/3332/3332 3329/3329/3329
f 3332/3332/3332 3331/3331/3331 3333/3333/3333
f 3334/3334/3334 3331/3331/3331 3315/3315/3315
f 3331/3331/3331 3334/3334/3334 3333/3333/3333
f 3335/3335/3335 3333/3333/3333 3334/3334/3334
f 3336/3336/3336 3334/3334/3334 3315/3315/3315
f 3336/3336/3336 3335/3335/3335 3334/3334/3334
f 3333/3333/3333 3335/3335/3335 3337/3337/3337
f 3338/3338/3338 3333/3333/3333 3337/3337/3337
f 3338/3338/3338 3337/3337/3337 3339/3339/3339
f 3340/3340/3340 3338/3338/3338 3339/3339/3339
f 3339/3339/3339 3337/3337/3337 3341/3341/3341
f 3337/3337/3337 3342/3342/3342 3341/3341/3341
f 3337/3337/3337 3335/3335/3335 3342/3342/3342
f 3343/3343/3343 3341/3341/3341 3342/3342/3342
f 3335/3335/3335 3344/3344/3344 3342/3342/3342
f 3344/3344/3344 3335/3335/3335 3336/3336/3336
f 3345/3345/3345 3343/3343/3343 3342/3342/3342
f 3345/3345/3345 3342/3342/3342 3344/3344/3344
f 3346/3346/3346 3343/3343/3343 3345/3345/3345
f 3347/3347/3347 3344/3344/3344 3336/3336/3336
f 3347/3347/3347 3345/3345/3345 3344/3344/3344
f 3348/3348/3348 3336/3336/3336 3315/3315/3315
f 3347/3347/3347 3336/3336/3336 3348/3348/3348
f 3349/3349/3349 3346/3346/3346 3345/3345/3345
f 3349/3349/3349 3345/3345/3345 3347/3347/3347
f 3350/3350/3350 3348/3348/3348 3315/3315/3315
f 3351/3351/3351 3350/3350/3350 3315/3315/3315
f 3352/3352/3352 3351/3351/3351 3315/3315/3315
f 3353/3353/3353 3347/3347/3347 3348/3348/3348
f 3353/3353/3353 3349/3349/3349 3347/3347/3347
f 3348/3348/3348 3350/3350/3350 3353/3353/3353
f 3349/3349/3349 3354/3354/3354 3346/3346/3346
f 3354/3354/3354 3355/3355/3355 3346/3346/3346
f 3353/3353/3353 3356/3356/3356 3349/3349/3349
f 3350/3350/3350 3356/3356/3356 3353/3353/3353
f 3356/3356/3356 3354/3354/3354 3349/3349/3349
f 3356/3356/3356 3350/3350/3350 3357/3357/3357
f 3350/3350/3350 3351/3351/3351 3357/3357/3357
f 3356/3356/3356 3357/3357/3357 3354/3354/3354
f 3354/3354/3354 3358/3358/3358 3355/3355/3355
f 3357/3357/3357 3358/3358/3358 3354/3354/3354
f 3358/3358/3358 3359/3359/3359 3355/3355/3355
f 3359/3359/3359 3358/3358/3358 3360/3360/3360
f 3358/3358/3358 3361/3361/3361 3360/3360/3360
f 3358/3358/3358 3357/3357/3357 3361/3361/3361
f 3360/3360/3360 3361/3361/3361 3362/3362/3362
f 3363/3363/3363 3357/3357/3357 3351/3351/3351
f 3357/3357/3357 3363/3363/3363 3361/3361/3361
f 3352/3352/3352 3363/3363/3363 3351/3351/3351
f 3361/3361/3361 3364/3364/3364 3362/3362/3362
f 3361/3361/3361 3363/3363/3363 3364/3364/3364
f 3362/3362/3362 3364/3364/3364 3365/3365/3365
f 3363/3363/3363 3366/3366/3366 3364/3364/3364
f 3366/3366/3366 3363/3363/3363 3352/3352/3352
f 3364/3364/3364 3367/3367/3367 3365/3365/3365
f 3364/3364/3364 3366/3366/3366 3367/3367/3367
f 3365/3365/3365 3367/3367/3367 3368/3368/3368
f 3369/3369/3369 3366/3366/3366 3352/3352/3352
f 3366/3366/3366 3369/3369/3369 3367/3367/3367
f 3367/3367/3367 3370/3370/3370 3368/3368/3368
f 3367/3367/3367 3369/3369/3369 3370/3370/3370
f 3371/3371/3371 3368/3368/3368 3370/3370/3370
f 3369/3369/3369 3352/3352/3352 3372/3372/3372
f 3372/3372/3372 3352/3352/3352 3315/3315/3315
f 3369/3369/3369 3373/3373/3373 3370/3370/3370
f 3373/3373/3373 3369/3369/3369 3372/3372/3372
f 3374/3374/3374 3371/3371/3371 3370/3370/3370
f 3374/3374/3374 3370/3370/3370 3373/3373/3373
f 3375/3375/3375 3371/3371/3371 3374/3374/3374
f 3372/3372/3372 3376/3376/3376 3373/3373/3373
f 3376/3376/3376 3372/3372/3372 3315/3315/3315
f 3377/3377/3377 3374/3374/3374 3373/3373/3373
f 3376/3376/3376 3377/3377/3377 3373/3373/3373
f 3378/3378/3378 3375/3375/3375 3374/3374/3374
f 3378/3378/3378 3374/3374/3374 3377/3377/3377
f 3375/3375/3375 3378/3378/3378 3379/3379/3379
f 3377/3377/3377 3376/3376/3376 3380/3380/3380
f 3380/3380/3380 3378/3378/3378 3377/3377/3377
f 3378/3378/3378 3381/3381/3381 3379/3379/3379
f 3378/3378/3378 3380/3380/3380 3381/3381/3381
f 3379/3379/3379 3381/3381/3381 3382/3382/3382
f 3376/3376/3376 3383/3383/3383 3380/3380/3380
f 3383/3383/3383 3376/3376/3376 3315/3315/3315
f 3381/3381/3381 3384/3384/3384 3382/3382/3382
f 3382/3382/3382 3384/3384/3384 3385/3385/3385
f 3380/3380/3380 3386/3386/3386 3381/3381/3381
f 3380/3380/3380 3383/3383/3383 3386/3386/3386
f 3381/3381/3381 3386/3386/3386 3384/3384/3384
f 3384/3384/3384 3387/3387/3387 3385/3385/3385
f 3385/3385/3385 3387/3387/3387 3388/3388/3388
f 3383/3383/3383 3389/3389/3389 3386/3386/3386
f 3383/3383/3383 3315/3315/3315 3389/3389/3389
f 3386/3386/3386 3390/3390/3390 3384/3384/3384
f 3384/3384/3384 3390/3390/3390 3387/3387/3387
f 3386/3386/3386 3389/3389/3389 3390/3390/3390
f 3387/3387/3387 3391/3391/3391 3388/3388/3388
f 3388/3388/3388 3391/3391/3391 3392/3392/3392
f 3390/3390/3390 3393/3393/3393 3387/3387/3387
f 3389/3389/3389 3393/3393/3393 3390/3390/3390
f 3387/3387/3387 3393/3393/3393 3391/3391/3391
f 3315/3315/3315 3394/3394/3394 3389/3389/3389
f 3389/3389/3389 3394/3394/3394 3393/3393/3393
f 3391/3391/3391 3395/3395/3395 3392/3392/3392
f 3392/3392/3392 3395/3395/3395 3396/3396/3396
f 3393/3393/3393 3397/3397/3397 3391/3391/3391
f 3394/3394/3394 3397/3397/3397 3393/3393/3393
f 3391/3391/3391 3397/3397/3397 3395/3395/3395
f 3398/3398/3398 3394/3394/3394 3315/3315/3315
f 3317/3317/3317 3398/3398/3398 3315/3315/3315
f 3322/3322/3322 3398/3398/3398 3317/3317/3317
f 3399/3399/3399 3397/3397/3397 3394/3394/3394
f 3397/3397/3397 3399/3399/3399 3395/3395/3395
f 3398/3398/3398 3399/3399/3399 3394/3394/3394
f 3395/3395/3395 3400/3400/3400 3396/3396/3396
f 3395/3395/3395 3399/3399/3399 3400/3400/3400
f 3401/3401/3401 3396/3396/3396 3400/3400/3400
f 3402/3402/3402 3399/3399/3399 3398/3398/3398
f 3322/3322/3322 3402/3402/3402 3398/3398/3398
f 3399/3399/3399 3402/3402/3402 3400/3400/3400
f 3403/3403/3403 3401/3401/3401 3400/3400/3400
f 3403/3403/3403 3400/3400/3400 3402/3402/3402
f 3322/3322/3322 3403/3403/3403 3402/3402/3402
f 3404/3404/3404 3401/3401/3401 3403/3403/3403
f 3323/3323/3323 3403/3403/3403 3322/3322/3322
f 3323/3323/3323 3404/3404/3404 3403/3403/3403
f 650/650/650 649/649/649 3405/3405/3405
f 652/652/652 650/650/650 3405/3405/3405
f 3408/3408/3408 3407/3407/3407 3406/3406/3406
f 3409/3409/3409 3408/3408/3408 3406/3406/3406
f 3409/3409/3409 3406/3406/3406 3410/3410/3410
f 3411/3411/3411 3408/3408/3408 3409/3409/3409
f 3412/3412/3412 3409/3409/3409 3410/3410/3410
f 3413/3413/3413 3411/3411/3411 3409/3409/3409
f 3413/3413/3413 3409/3409/3409 3412/3412/3412
f 3414/3414/3414 3413/3413/3413 3412/3412/3412
f 3413/3413/3413 3415/3415/3415 3411/3411/3411
f 3415/3415/3415 3413/3413/3413 3414/3414/3414
f 3415/3415/3415 3416/3416/3416 3411/3411/3411
f 3416/3416/3416 3415/3415/3415 3417/3417/3417
f 3418/3418/3418 3412/3412/3412 3410/3410/3410
f 3419/3419/3419 3418/3418/3418 3410/3410/3410
f 3415/3415/3415 3420/3420/3420 3417/3417/3417
f 3420/3420/3420 3415/3415/3415 3414/3414/3414
f 3420/3420/3420 3421/3421/3421 3417/3417/3417
f 3421/3421/3421 3422/3422/3422 3417/3417/3417
f 3423/3423/3423 3414/3414/3414 3412/3412/3412
f 3418/3418/3418 3423/3423/3423 3412/3412/3412
f 3424/3424/3424 3423/3423/3423 3418/3418/3418
f 3425/3425/3425 3424/3424/3424 3418/3418/3418
f 3425/3425/3425 3418/3418/3418 3419/3419/3419
f 3426/3426/3426 3425/3425/3425 3419/3419/3419
f 3427/3427/3427 3425/3425/3425 3426/3426/3426
f 3425/3425/3425 3427/3427/3427 3424/3424/3424
f 3428/3428/3428 3427/3427/3427 3426/3426/3426
f 3427/3427/3427 3428/3428/3428 3429/3429/3429
f 3430/3430/3430 3421/3421/3421 3420/3420/3420
f 3414/3414/3414 3430/3430/3430 3420/3420/3420
f 3421/3421/3421 3431/3431/3431 3422/3422/3422
f 3431/3431/3431 3432/3432/3432 3422/3422/3422
f 3423/3423/3423 3433/3433/3433 3414/3414/3414
f 3433/3433/3433 3423/3423/3423 3424/3424/3424
f 3434/3434/3434 3431/3431/3431 3421/3421/3421
f 3430/3430/3430 3434/3434/3434 3421/3421/3421
f 3414/3414/3414 3435/3435/3435 3430/3430/3430
f 3433/3433/3433 3435/3435/3435 3414/3414/3414
f 3435/3435/3435 3436/3436/3436 3430/3430/3430
f 3430/3430/3430 3436/3436/3436 3434/3434/3434
f 3435/3435/3435 3433/3433/3433 3437/3437/3437
f 3435/3435/3435 3437/3437/3437 3436/3436/3436
f 3427/3427/3427 3438/3438/3438 3424/3424/3424
f 3438/3438/3438 3427/3427/3427 3429/3429/3429
f 3439/3439/3439 3438/3438/3438 3429/3429/3429
f 3438/3438/3438 3439/3439/3439 3424/3424/3424
f 3440/3440/3440 3433/3433/3433 3424/3424/3424
f 3433/3433/3433 3440/3440/3440 3437/3437/3437
f 3440/3440/3440 3424/3424/3424 3441/3441/3441
f 3439/3439/3439 3441/3441/3441 3424/3424/3424
f 3441/3441/3441 3439/3439/3439 3442/3442/3442
f 3443/3443/3443 3439/3439/3439 3429/3429/3429
f 3439/3439/3439 3443/3443/3443 3442/3442/3442
f 3443/3443/3443 3429/3429/3429 3444/3444/3444
f 3445/3445/3445 3440/3440/3440 3441/3441/3441
f 3437/3437/3437 3440/3440/3440 3445/3445/3445
f 3445/3445/3445 3441/3441/3441 3442/3442/3442
f 3446/3446/3446 3443/3443/3443 3444/3444/3444
f 3442/3442/3442 3443/3443/3443 3446/3446/3446
f 3446/3446/3446 3444/3444/3444 3447/3447/3447
f 3448/3448/3448 3437/3437/3437 3445/3445/3445
f 3449/3449/3449 3445/3445/3445 3442/3442/3442
f 3448/3448/3448 3445/3445/3445 3449/3449/3449
f 3450/3450/3450 3437/3437/3437 3448/3448/3448
f 3437/3437/3437 3450/3450/3450 3436/3436/3436
f 3436/3436/3436 3450/3450/3450 3451/3451/3451
f 3450/3450/3450 3452/3452/3452 3451/3451/3451
f 3452/3452/3452 3450/3450/3450 3453/3453/3453
f 3453/3453/3453 3450/3450/3450 3448/3448/3448
f 3436/3436/3436 3451/3451/3451 3434/3434/3434
f 3454/3454/3454 3448/3448/3448 3449/3449/3449
f 3453/3453/3453 3448/3448/3448 3454/3454/3454
f 3455/3455/3455 3449/3449/3449 3442/3442/3442
f 3449/3449/3449 3455/3455/3455 3454/3454/3454
f 3456/3456/3456 3442/3442/3442 3446/3446/3446
f 3456/3456/3456 3455/3455/3455 3442/3442/3442
f 3456/3456/3456 3446/3446/3446 3457/3457/3457
f 3457/3457/3457 3446/3446/3446 3447/3447/3447
f 3455/3455/3455 3456/3456/3456 3458/3458/3458
f 3458/3458/3458 3456/3456/3456 3457/3457/3457
f 3459/3459/3459 3457/3457/3457 3447/3447/3447
f 3460/3460/3460 3459/3459/3459 3447/3447/3447
f 3455/3455/3455 3461/3461/3461 3454/3454/3454
f 3461/3461/3461 3455/3455/3455 3458/3458/3458
f 3462/3462/3462 3458/3458/3458 3457/3457/3457
f 3459/3459/3459 3462/3462/3462 3457/3457/3457
f 3463/3463/3463 3459/3459/3459 3460/3460/3460
f 3464/3464/3464 3463/3463/3463 3460/3460/3460
f 3463/3463/3463 3464/3464/3464 3465/3465/3465
f 3463/3463/3463 3466/3466/3466 3459/3459/3459
f 3466/3466/3466 3462/3462/3462 3459/3459/3459
f 3467/3467/3467 3463/3463/3463 3465/3465/3465
f 3466/3466/3466 3463/3463/3463 3467/3467/3467
f 3467/3467/3467 3465/3465/3465 3468/3468/3468
f 3469/3469/3469 3467/3467/3467 3468/3468/3468
f 3469/3469/3469 3468/3468/3468 3470/3470/3470
f 3471/3471/3471 3466/3466/3466 3467/3467/3467
f 3471/3471/3471 3467/3467/3467 3469/3469/3469
f 3472/3472/3472 3469/3469/3469 3470/3470/3470
f 3472/3472/3472 3470/3470/3470 3473/3473/3473
f 3474/3474/3474 3471/3471/3471 3469/3469/3469
f 3474/3474/3474 3469/3469/3469 3472/3472/3472
f 3475/3475/3475 3472/3472/3472 3473/3473/3473
f 3475/3475/3475 3473/3473/3473 3476/3476/3476
f 3477/3477/3477 3474/3474/3474 3472/3472/3472
f 3477/3477/3477 3472/3472/3472 3475/3475/3475
f 3471/3471/3471 3474/3474/3474 3478/3478/3478
f 3474/3474/3474 3477/3477/3477 3478/3478/3478
f 3466/3466/3466 3471/3471/3471 3479/3479/3479
f 3479/3479/3479 3471/3471/3471 3478/3478/3478
f 3479/3479/3479 3478/3478/3478 3480/3480/3480
f 3481/3481/3481 3475/3475/3475 3476/3476/3476
f 3481/3481/3481 3476/3476/3476 3482/3482/3482
f 3483/3483/3483 3477/3477/3477 3475/3475/3475
f 3483/3483/3483 3475/3475/3475 3481/3481/3481
f 3477/3477/3477 3484/3484/3484 3478/3478/3478
f 3478/3478/3478 3484/3484/3484 3480/3480/3480
f 3477/3477/3477 3483/3483/3483 3484/3484/3484
f 3485/3485/3485 3466/3466/3466 3479/3479/3479
f 3462/3462/3462 3466/3466/3466 3485/3485/3485
f 3486/3486/3486 3479/3479/3479 3480/3480/3480
f 3485/3485/3485 3479/3479/3479 3486/3486/3486
f 3487/3487/3487 3462/3462/3462 3485/3485/3485
f 3458/3458/3458 3462/3462/3462 3487/3487/3487
f 3488/3488/3488 3485/3485/3485 3486/3486/3486
f 3487/3487/3487 3485/3485/3485 3488/3488/3488
f 3489/3489/3489 3458/3458/3458 3487/3487/3487
f 3458/3458/3458 3489/3489/3489 3461/3461/3461
f 3490/3490/3490 3487/3487/3487 3488/3488/3488
f 3489/3489/3489 3487/3487/3487 3490/3490/3490
f 3491/3491/3491 3488/3488/3488 3486/3486/3486
f 3490/3490/3490 3488/3488/3488 3491/3491/3491
f 3489/3489/3489 3492/3492/3492 3461/3461/3461
f 3461/3461/3461 3492/3492/3492 3454/3454/3454
f 3493/3493/3493 3489/3489/3489 3490/3490/3490
f 3489/3489/3489 3493/3493/3493 3492/3492/3492
f 3492/3492/3492 3494/3494/3494 3454/3454/3454
f 3494/3494/3494 3453/3453/3453 3454/3454/3454
f 3495/3495/3495 3491/3491/3491 3486/3486/3486
f 3496/3496/3496 3491/3491/3491 3495/3495/3495
f 3497/3497/3497 3491/3491/3491 3496/3496/3496
f 3497/3497/3497 3490/3490/3490 3491/3491/3491
f 3493/3493/3493 3490/3490/3490 3497/3497/3497
f 3495/3495/3495 3486/3486/3486 3480/3480/3480
f 3493/3493/3493 3498/3498/3498 3492/3492/3492
f 3492/3492/3492 3498/3498/3498 3494/3494/3494
f 3499/3499/3499 3453/3453/3453 3494/3494/3494
f 3499/3499/3499 3452/3452/3452 3453/3453/3453
f 3498/3498/3498 3500/3500/3500 3494/3494/3494
f 3500/3500/3500 3499/3499/3499 3494/3494/3494
f 3501/3501/3501 3498/3498/3498 3493/3493/3493
f 3498/3498/3498 3501/3501/3501 3500/3500/3500
f 3502/3502/3502 3493/3493/3493 3497/3497/3497
f 3502/3502/3502 3501/3501/3501 3493/3493/3493
f 3502/3502/3502 3497/3497/3497 3503/3503/3503
f 3503/3503/3503 3497/3497/3497 3496/3496/3496
f 3501/3501/3501 3502/3502/3502 3504/3504/3504
f 3504/3504/3504 3502/3502/3502 3503/3503/3503
f 3501/3501/3501 3505/3505/3505 3500/3500/3500
f 3505/3505/3505 3501/3501/3501 3504/3504/3504
f 3499/3499/3499 3500/3500/3500 3506/3506/3506
f 3500/3500/3500 3505/3505/3505 3506/3506/3506
f 3452/3452/3452 3499/3499/3499 3507/3507/3507
f 3507/3507/3507 3499/3499/3499 3506/3506/3506
f 3505/3505/3505 3508/3508/3508 3506/3506/3506
f 3505/3505/3505 3504/3504/3504 3508/3508/3508
f 3503/3503/3503 3509/3509/3509 3504/3504/3504
f 3509/3509/3509 3503/3503/3503 3496/3496/3496
f 3507/3507/3507 3506/3506/3506 3510/3510/3510
f 3506/3506/3506 3508/3508/3508 3510/3510/3510
f 3511/3511/3511 3507/3507/3507 3510/3510/3510
f 3508/3508/3508 3512/3512/3512 3510/3510/3510
f 3504/3504/3504 3513/3513/3513 3508/3508/3508
f 3508/3508/3508 3513/3513/3513 3512/3512/3512
f 3509/3509/3509 3513/3513/3513 3504/3504/3504
f 3513/3513/3513 3514/3514/3514 3512/3512/3512
f 3513/3513/3513 3509/3509/3509 3514/3514/3514
f 3515/3515/3515 3507/3507/3507 3511/3511/3511
f 3515/3515/3515 3452/3452/3452 3507/3507/3507
f 3516/3516/3516 3515/3515/3515 3511/3511/3511
f 3517/3517/3517 3515/3515/3515 3516/3516/3516
f 3515/3515/3515 3517/3517/3517 3452/3452/3452
f 3518/3518/3518 3517/3517/3517 3516/3516/3516
f 3517/3517/3517 3518/3518/3518 3519/3519/3519
f 3509/3509/3509 3520/3520/3520 3514/3514/3514
f 3520/3520/3520 3509/3509/3509 3496/3496/3496
f 3520/3520/3520 3521/3521/3521 3514/3514/3514
f 3521/3521/3521 3520/3520/3520 3496/3496/3496
f 3521/3521/3521 3522/3522/3522 3514/3514/3514
f 3522/3522/3522 3521/3521/3521 3523/3523/3523
f 3517/3517/3517 3524/3524/3524 3452/3452/3452
f 3524/3524/3524 3517/3517/3517 3519/3519/3519
f 3525/3525/3525 3521/3521/3521 3496/3496/3496
f 3521/3521/3521 3525/3525/3525 3523/3523/3523
f 3452/3452/3452 3524/3524/3524 3526/3526/3526
f 3451/3451/3451 3452/3452/3452 3526/3526/3526
f 3496/3496/3496 3527/3527/3527 3525/3525/3525
f 3527/3527/3527 3496/3496/3496 3495/3495/3495
f 3525/3525/3525 3528/3528/3528 3523/3523/3523
f 3527/3527/3527 3528/3528/3528 3525/3525/3525
f 3528/3528/3528 3529/3529/3529 3523/3523/3523
f 3527/3527/3527 3495/3495/3495 3530/3530/3530
f 3530/3530/3530 3495/3495/3495 3480/3480/3480
f 3528/3528/3528 3531/3531/3531 3529/3529/3529
f 3531/3531/3531 3532/3532/3532 3529/3529/3529
f 3527/3527/3527 3533/3533/3533 3528/3528/3528
f 3533/3533/3533 3531/3531/3531 3528/3528/3528
f 3533/3533/3533 3527/3527/3527 3530/3530/3530
f 3534/3534/3534 3531/3531/3531 3533/3533/3533
f 3531/3531/3531 3534/3534/3534 3532/3532/3532
f 3535/3535/3535 3533/3533/3533 3530/3530/3530
f 3535/3535/3535 3534/3534/3534 3533/3533/3533
f 3536/3536/3536 3530/3530/3530 3480/3480/3480
f 3536/3536/3536 3535/3535/3535 3530/3530/3530
f 3534/3534/3534 3535/3535/3535 3537/3537/3537
f 3537/3537/3537 3535/3535/3535 3536/3536/3536
f 3538/3538/3538 3534/3534/3534 3537/3537/3537
f 3534/3534/3534 3538/3538/3538 3532/3532/3532
f 3539/3539/3539 3538/3538/3538 3537/3537/3537
f 3538/3538/3538 3539/3539/3539 3532/3532/3532
f 3540/3540/3540 3537/3537/3537 3536/3536/3536
f 3539/3539/3539 3541/3541/3541 3532/3532/3532
f 3541/3541/3541 3539/3539/3539 3542/3542/3542
f 3543/3543/3543 3536/3536/3536 3480/3480/3480
f 3540/3540/3540 3536/3536/3536 3543/3543/3543
f 3484/3484/3484 3543/3543/3543 3480/3480/3480
f 3539/3539/3539 3544/3544/3544 3542/3542/3542
f 3544/3544/3544 3539/3539/3539 3537/3537/3537
f 3544/3544/3544 3545/3545/3545 3542/3542/3542
f 3545/3545/3545 3544/3544/3544 3537/3537/3537
f 3545/3545/3545 3546/3546/3546 3542/3542/3542
f 3546/3546/3546 3545/3545/3545 3547/3547/3547
f 3484/3484/3484 3548/3548/3548 3543/3543/3543
f 3483/3483/3483 3548/3548/3548 3484/3484/3484
f 3549/3549/3549 3540/3540/3540 3543/3543/3543
f 3548/3548/3548 3549/3549/3549 3543/3543/3543
f 3483/3483/3483 3550/3550/3550 3548/3548/3548
f 3550/3550/3550 3483/3483/3483 3481/3481/3481
f 3548/3548/3548 3551/3551/3551 3549/3549/3549
f 3550/3550/3550 3551/3551/3551 3548/3548/3548
f 3540/3540/3540 3549/3549/3549 3552/3552/3552
f 3551/3551/3551 3552/3552/3552 3549/3549/3549
f 3550/3550/3550 3481/3481/3481 3553/3553/3553
f 3553/3553/3553 3481/3481/3481 3482/3482/3482
f 3550/3550/3550 3554/3554/3554 3551/3551/3551
f 3554/3554/3554 3550/3550/3550 3553/3553/3553
f 3555/3555/3555 3553/3553/3553 3482/3482/3482
f 3556/3556/3556 3555/3555/3555 3482/3482/3482
f 3557/3557/3557 3540/3540/3540 3552/3552/3552
f 3537/3537/3537 3540/3540/3540 3557/3557/3557
f 3551/3551/3551 3558/3558/3558 3552/3552/3552
f 3554/3554/3554 3558/3558/3558 3551/3551/3551
f 3559/3559/3559 3554/3554/3554 3553/3553/3553
f 3555/3555/3555 3559/3559/3559 3553/3553/3553
f 3560/3560/3560 3555/3555/3555 3556/3556/3556
f 3561/3561/3561 3560/3560/3560 3556/3556/3556
f 3560/3560/3560 3562/3562/3562 3555/3555/3555
f 3562/3562/3562 3559/3559/3559 3555/3555/3555
f 3563/3563/3563 3560/3560/3560 3561/3561/3561
f 3560/3560/3560 3563/3563/3563 3562/3562/3562
f 3564/3564/3564 3563/3563/3563 3561/3561/3561
f 3563/3563/3563 3564/3564/3564 3565/3565/3565
f 3554/3554/3554 3559/3559/3559 3566/3566/3566
f 3558/3558/3558 3554/3554/3554 3566/3566/3566
f 3558/3558/3558 3567/3567/3567 3552/3552/3552
f 3557/3557/3557 3552/3552/3552 3567/3567/3567
f 3568/3568/3568 3563/3563/3563 3565/3565/3565
f 3563/3563/3563 3568/3568/3568 3562/3562/3562
f 3559/3559/3559 3562/3562/3562 3569/3569/3569
f 3566/3566/3566 3559/3559/3559 3569/3569/3569
f 3566/3566/3566 3569/3569/3569 3570/3570/3570
f 3558/3558/3558 3566/3566/3566 3571/3571/3571
f 3567/3567/3567 3558/3558/3558 3571/3571/3571
f 3571/3571/3571 3566/3566/3566 3570/3570/3570
f 3565/3565/3565 3572/3572/3572 3568/3568/3568
f 3572/3572/3572 3565/3565/3565 3573/3573/3573
f 3568/3568/3568 3574/3574/3574 3562/3562/3562
f 3574/3574/3574 3569/3569/3569 3562/3562/3562
f 3572/3572/3572 3574/3574/3574 3568/3568/3568
f 3575/3575/3575 3572/3572/3572 3573/3573/3573
f 3575/3575/3575 3573/3573/3573 3576/3576/3576
f 3574/3574/3574 3577/3577/3577 3569/3569/3569
f 3577/3577/3577 3570/3570/3570 3569/3569/3569
f 3572/3572/3572 3578/3578/3578 3574/3574/3574
f 3578/3578/3578 3577/3577/3577 3574/3574/3574
f 3578/3578/3578 3572/3572/3572 3575/3575/3575
f 3571/3571/3571 3579/3579/3579 3567/3567/3567
f 3579/3579/3579 3571/3571/3571 3570/3570/3570
f 3577/3577/3577 3580/3580/3580 3570/3570/3570
f 3580/3580/3580 3577/3577/3577 3578/3578/3578
f 3581/3581/3581 3575/3575/3575 3576/3576/3576
f 3582/3582/3582 3578/3578/3578 3575/3575/3575
f 3582/3582/3582 3575/3575/3575 3581/3581/3581
f 3583/3583/3583 3580/3580/3580 3578/3578/3578
f 3583/3583/3583 3578/3578/3578 3582/3582/3582
f 3584/3584/3584 3581/3581/3581 3576/3576/3576
f 3585/3585/3585 3584/3584/3584 3576/3576/3576
f 3586/3586/3586 3584/3584/3584 3585/3585/3585
f 3587/3587/3587 3586/3586/3586 3585/3585/3585
f 3586/3586/3586 3588/3588/3588 3584/3584/3584
f 3588/3588/3588 3589/3589/3589 3584/3584/3584
f 3584/3584/3584 3589/3589/3589 3581/3581/3581
f 3590/3590/3590 3586/3586/3586 3587/3587/3587
f 3586/3586/3586 3590/3590/3590 3588/3588/3588
f 3591/3591/3591 3590/3590/3590 3587/3587/3587
f 3590/3590/3590 3591/3591/3591 3592/3592/3592
f 3593/3593/3593 3582/3582/3582 3581/3581/3581
f 3589/3589/3589 3593/3593/3593 3581/3581/3581
f 3594/3594/3594 3583/3583/3583 3582/3582/3582
f 3594/3594/3594 3582/3582/3582 3593/3593/3593
f 3590/3590/3590 3595/3595/3595 3588/3588/3588
f 3595/3595/3595 3590/3590/3590 3592/3592/3592
f 3596/3596/3596 3583/3583/3583 3594/3594/3594
f 3580/3580/3580 3583/3583/3583 3596/3596/3596
f 3595/3595/3595 3597/3597/3597 3588/3588/3588
f 3597/3597/3597 3595/3595/3595 3592/3592/3592
f 3598/3598/3598 3580/3580/3580 3596/3596/3596
f 3580/3580/3580 3598/3598/3598 3570/3570/3570
f 3599/3599/3599 3570/3570/3570 3598/3598/3598
f 3599/3599/3599 3579/3579/3579 3570/3570/3570
f 3579/3579/3579 3599/3599/3599 3600/3600/3600
f 3601/3601/3601 3579/3579/3579 3600/3600/3600
f 3579/3579/3579 3601/3601/3601 3567/3567/3567
f 3602/3602/3602 3599/3599/3599 3598/3598/3598
f 3602/3602/3602 3598/3598/3598 3596/3596/3596
f 3600/3600/3600 3599/3599/3599 3602/3602/3602
f 3603/3603/3603 3567/3567/3567 3601/3601/3601
f 3603/3603/3603 3557/3557/3557 3567/3567/3567
f 3604/3604/3604 3601/3601/3601 3600/3600/3600
f 3604/3604/3604 3603/3603/3603 3601/3601/3601
f 3605/3605/3605 3557/3557/3557 3603/3603/3603
f 3605/3605/3605 3537/3537/3537 3557/3557/3557
f 3606/3606/3606 3605/3605/3605 3603/3603/3603
f 3606/3606/3606 3603/3603/3603 3604/3604/3604
f 3605/3605/3605 3607/3607/3607 3537/3537/3537
f 3607/3607/3607 3605/3605/3605 3606/3606/3606
f 3608/3608/3608 3606/3606/3606 3604/3604/3604
f 3608/3608/3608 3607/3607/3607 3606/3606/3606
f 3607/3607/3607 3609/3609/3609 3537/3537/3537
f 3609/3609/3609 3545/3545/3545 3537/3537/3537
f 3545/3545/3545 3609/3609/3609 3547/3547/3547
f 3609/3609/3609 3607/3607/3607 3547/3547/3547
f 3607/3607/3607 3608/3608/3608 3547/3547/3547
f 3608/3608/3608 3604/3604/3604 3610/3610/3610
f 3547/3547/3547 3608/3608/3608 3610/3610/3610
f 3610/3610/3610 3604/3604/3604 3600/3600/3600
f 3610/3610/3610 3611/3611/3611 3547/3547/3547
f 3611/3611/3611 3610/3610/3610 3600/3600/3600
f 3611/3611/3611 3612/3612/3612 3547/3547/3547
f 3612/3612/3612 3611/3611/3611 3613/3613/3613
f 3614/3614/3614 3611/3611/3611 3600/3600/3600
f 3611/3611/3611 3614/3614/3614 3613/3613/3613
f 3614/3614/3614 3600/3600/3600 3615/3615/3615
f 3615/3615/3615 3600/3600/3600 3602/3602/3602
f 3613/3613/3613 3614/3614/3614 3616/3616/3616
f 3616/3616/3616 3614/3614/3614 3615/3615/3615
f 3617/3617/3617 3613/3613/3613 3616/3616/3616
f 3615/3615/3615 3602/3602/3602 3618/3618/3618
f 3618/3618/3618 3602/3602/3602 3596/3596/3596
f 3616/3616/3616 3615/3615/3615 3619/3619/3619
f 3619/3619/3619 3615/3615/3615 3618/3618/3618
f 3617/3617/3617 3616/3616/3616 3620/3620/3620
f 3620/3620/3620 3616/3616/3616 3619/3619/3619
f 3621/3621/3621 3617/3617/3617 3620/3620/3620
f 3622/3622/3622 3621/3621/3621 3620/3620/3620
f 3623/3623/3623 3622/3622/3622 3620/3620/3620
f 3623/3623/3623 3620/3620/3620 3619/3619/3619
f 3624/3624/3624 3622/3622/3622 3623/3623/3623
f 3618/3618/3618 3596/3596/3596 3625/3625/3625
f 3625/3625/3625 3596/3596/3596 3594/3594/3594
f 3619/3619/3619 3618/3618/3618 3626/3626/3626
f 3626/3626/3626 3618/3618/3618 3625/3625/3625
f 3627/3627/3627 3623/3623/3623 3619/3619/3619
f 3627/3627/3627 3619/3619/3619 3626/3626/3626
f 3628/3628/3628 3624/3624/3624 3623/3623/3623
f 3628/3628/3628 3623/3623/3623 3627/3627/3627
f 3625/3625/3625 3594/3594/3594 3629/3629/3629
f 3629/3629/3629 3594/3594/3594 3593/3593/3593
f 3626/3626/3626 3625/3625/3625 3630/3630/3630
f 3630/3630/3630 3625/3625/3625 3629/3629/3629
f 3627/3627/3627 3626/3626/3626 3631/3631/3631
f 3631/3631/3631 3626/3626/3626 3630/3630/3630
f 3629/3629/3629 3593/3593/3593 3632/3632/3632
f 3593/3593/3593 3589/3589/3589 3632/3632/3632
f 3630/3630/3630 3629/3629/3629 3633/3633/3633
f 3629/3629/3629 3632/3632/3632 3633/3633/3633
f 3632/3632/3632 3589/3589/3589 3634/3634/3634
f 3589/3589/3589 3588/3588/3588 3634/3634/3634
f 3624/3624/3624 3628/3628/3628 3635/3635/3635
f 3636/3636/3636 3624/3624/3624 3635/3635/3635
f 3637/3637/3637 3628/3628/3628 3627/3627/3627
f 3637/3637/3637 3627/3627/3627 3631/3631/3631
f 3628/3628/3628 3637/3637/3637 3638/3638/3638
f 3638/3638/3638 3637/3637/3637 3631/3631/3631
f 3635/3635/3635 3628/3628/3628 3638/3638/3638
f 3639/3639/3639 3631/3631/3631 3630/3630/3630
f 3639/3639/3639 3638/3638/3638 3631/3631/3631
f 3633/3633/3633 3639/3639/3639 3630/3630/3630
f 3633/3633/3633 3632/3632/3632 3640/3640/3640
f 3632/3632/3632 3634/3634/3634 3640/3640/3640
f 3636/3636/3636 3635/3635/3635 3641/3641/3641
f 3642/3642/3642 3636/3636/3636 3641/3641/3641
f 3635/3635/3635 3638/3638/3638 3643/3643/3643
f 3643/3643/3643 3638/3638/3638 3639/3639/3639
f 3641/3641/3641 3635/3635/3635 3643/3643/3643
f 3644/3644/3644 3639/3639/3639 3633/3633/3633
f 3640/3640/3640 3644/3644/3644 3633/3633/3633
f 3644/3644/3644 3643/3643/3643 3639/3639/3639
f 3645/3645/3645 3640/3640/3640 3634/3634/3634
f 3644/3644/3644 3640/3640/3640 3645/3645/3645
f 3642/3642/3642 3641/3641/3641 3646/3646/3646
f 3647/3647/3647 3642/3642/3642 3646/3646/3646
f 3643/3643/3643 3644/3644/3644 3648/3648/3648
f 3648/3648/3648 3644/3644/3644 3645/3645/3645
f 3648/3648/3648 3645/3645/3645 3649/3649/3649
f 3650/3650/3650 3645/3645/3645 3634/3634/3634
f 3649/3649/3649 3645/3645/3645 3650/3650/3650
f 3650/3650/3650 3634/3634/3634 3588/3588/3588
f 3641/3641/3641 3643/3643/3643 3651/3651/3651
f 3651/3651/3651 3643/3643/3643 3648/3648/3648
f 3646/3646/3646 3641/3641/3641 3651/3651/3651
f 3646/3646/3646 3651/3651/3651 3652/3652/3652
f 3647/3647/3647 3646/3646/3646 3653/3653/3653
f 3653/3653/3653 3646/3646/3646 3652/3652/3652
f 3654/3654/3654 3647/3647/3647 3653/3653/3653
f 3651/3651/3651 3648/3648/3648 3655/3655/3655
f 3655/3655/3655 3648/3648/3648 3649/3649/3649
f 3652/3652/3652 3651/3651/3651 3655/3655/3655
f 3653/3653/3653 3656/3656/3656 3654/3654/3654
f 3656/3656/3656 3653/3653/3653 3652/3652/3652
f 3656/3656/3656 3657/3657/3657 3654/3654/3654
f 3657/3657/3657 3656/3656/3656 3658/3658/3658
f 3659/3659/3659 3656/3656/3656 3652/3652/3652
f 3656/3656/3656 3659/3659/3659 3658/3658/3658
f 3660/3660/3660 3652/3652/3652 3655/3655/3655
f 3659/3659/3659 3652/3652/3652 3661/3661/3661
f 3652/3652/3652 3660/3660/3660 3661/3661/3661
f 3662/3662/3662 3655/3655/3655 3649/3649/3649
f 3662/3662/3662 3660/3660/3660 3655/3655/3655
f 3658/3658/3658 3659/3659/3659 3663/3663/3663
f 3659/3659/3659 3661/3661/3661 3663/3663/3663
f 3661/3661/3661 3660/3660/3660 3664/3664/3664
f 3665/3665/3665 3660/3660/3660 3662/3662/3662
f 3660/3660/3660 3665/3665/3665 3664/3664/3664
f 3663/3663/3663 3661/3661/3661 3666/3666/3666
f 3661/3661/3661 3664/3664/3664 3666/3666/3666
f 3663/3663/3663 3666/3666/3666 3667/3667/3667
f 3666/3666/3666 3664/3664/3664 3667/3667/3667
f 3658/3658/3658 3663/3663/3663 3668/3668/3668
f 3663/3663/3663 3667/3667/3667 3668/3668/3668
f 3668/3668/3668 3667/3667/3667 3669/3669/3669
f 3667/3667/3667 3664/3664/3664 3670/3670/3670
f 3664/3664/3664 3665/3665/3665 3670/3670/3670
f 3667/3667/3667 3670/3670/3670 3669/3669/3669
f 3668/3668/3668 3671/3671/3671 3658/3658/3658
f 3671/3671/3671 3668/3668/3668 3669/3669/3669
f 3671/3671/3671 3672/3672/3672 3658/3658/3658
f 3672/3672/3672 3671/3671/3671 3673/3673/3673
f 3671/3671/3671 3674/3674/3674 3673/3673/3673
f 3674/3674/3674 3671/3671/3671 3669/3669/3669
f 3673/3673/3673 3674/3674/3674 3675/3675/3675
f 3676/3676/3676 3673/3673/3673 3675/3675/3675
f 3676/3676/3676 3675/3675/3675 3677/3677/3677
f 3678/3678/3678 3676/3676/3676 3677/3677/3677
f 3677/3677/3677 3675/3675/3675 3679/3679/3679
f 3675/3675/3675 3674/3674/3674 3680/3680/3680
f 3675/3675/3675 3680/3680/3680 3679/3679/3679
f 3674/3674/3674 3669/3669/3669 3680/3680/3680
f 3681/3681/3681 3679/3679/3679 3680/3680/3680
f 3682/3682/3682 3681/3681/3681 3680/3680/3680
f 3682/3682/3682 3680/3680/3680 3669/3669/3669
f 3683/3683/3683 3681/3681/3681 3682/3682/3682
f 3684/3684/3684 3682/3682/3682 3669/3669/3669
f 3684/3684/3684 3669/3669/3669 3670/3670/3670
f 3685/3685/3685 3683/3683/3683 3682/3682/3682
f 3685/3685/3685 3682/3682/3682 3684/3684/3684
f 3686/3686/3686 3684/3684/3684 3670/3670/3670
f 3686/3686/3686 3670/3670/3670 3665/3665/3665
f 3683/3683/3683 3685/3685/3685 3687/3687/3687
f 3688/3688/3688 3683/3683/3683 3687/3687/3687
f 3689/3689/3689 3685/3685/3685 3684/3684/3684
f 3689/3689/3689 3684/3684/3684 3686/3686/3686
f 3690/3690/3690 3686/3686/3686 3665/3665/3665
f 3690/3690/3690 3665/3665/3665 3662/3662/3662
f 3688/3688/3688 3687/3687/3687 3691/3691/3691
f 3692/3692/3692 3688/3688/3688 3691/3691/3691
f 3693/3693/3693 3692/3692/3692 3691/3691/3691
f 3691/3691/3691 3687/3687/3687 3694/3694/3694
f 3687/3687/3687 3695/3695/3695 3694/3694/3694
f 3687/3687/3687 3685/3685/3685 3695/3695/3695
f 3685/3685/3685 3689/3689/3689 3695/3695/3695
f 3696/3696/3696 3691/3691/3691 3694/3694/3694
f 3696/3696/3696 3693/3693/3693 3691/3691/3691
f 3697/3697/3697 3693/3693/3693 3696/3696/3696
f 3698/3698/3698 3697/3697/3697 3696/3696/3696
f 3698/3698/3698 3696/3696/3696 3699/3699/3699
f 3699/3699/3699 3696/3696/3696 3694/3694/3694
f 3700/3700/3700 3698/3698/3698 3699/3699/3699
f 3699/3699/3699 3701/3701/3701 3700/3700/3700
f 3701/3701/3701 3699/3699/3699 3694/3694/3694
f 3701/3701/3701 3702/3702/3702 3700/3700/3700
f 3702/3702/3702 3701/3701/3701 3703/3703/3703
f 3704/3704/3704 3695/3695/3695 3689/3689/3689
f 3695/3695/3695 3704/3704/3704 3694/3694/3694
f 3701/3701/3701 3705/3705/3705 3703/3703/3703
f 3705/3705/3705 3701/3701/3701 3694/3694/3694
f 3706/3706/3706 3705/3705/3705 3694/3694/3694
f 3705/3705/3705 3706/3706/3706 3703/3703/3703
f 3707/3707/3707 3704/3704/3704 3689/3689/3689
f 3707/3707/3707 3689/3689/3689 3686/3686/3686
f 3707/3707/3707 3686/3686/3686 3690/3690/3690
f 3704/3704/3704 3707/3707/3707 3708/3708/3708
f 3708/3708/3708 3707/3707/3707 3690/3690/3690
f 3709/3709/3709 3704/3704/3704 3708/3708/3708
f 3704/3704/3704 3709/3709/3709 3694/3694/3694
f 3709/3709/3709 3706/3706/3706 3694/3694/3694
f 3706/3706/3706 3709/3709/3709 3708/3708/3708
f 3706/3706/3706 3710/3710/3710 3703/3703/3703
f 3710/3710/3710 3706/3706/3706 3708/3708/3708
f 3708/3708/3708 3690/3690/3690 3711/3711/3711
f 3690/3690/3690 3662/3662/3662 3711/3711/3711
f 3711/3711/3711 3662/3662/3662 3649/3649/3649
f 3712/3712/3712 3711/3711/3711 3649/3649/3649
f 3711/3711/3711 3712/3712/3712 3708/3708/3708
f 3713/3713/3713 3710/3710/3710 3708/3708/3708
f 3710/3710/3710 3713/3713/3713 3703/3703/3703
f 3714/3714/3714 3712/3712/3712 3649/3649/3649
f 3714/3714/3714 3649/3649/3649 3650/3650/3650
f 3712/3712/3712 3714/3714/3714 3715/3715/3715
f 3716/3716/3716 3712/3712/3712 3715/3715/3715
f 3712/3712/3712 3716/3716/3716 3708/3708/3708
f 3716/3716/3716 3713/3713/3713 3708/3708/3708
f 3713/3713/3713 3716/3716/3716 3715/3715/3715
f 3714/3714/3714 3650/3650/3650 3717/3717/3717
f 3715/3715/3715 3714/3714/3714 3717/3717/3717
f 3717/3717/3717 3650/3650/3650 3588/3588/3588
f 3597/3597/3597 3717/3717/3717 3588/3588/3588
f 3717/3717/3717 3597/3597/3597 3715/3715/3715
f 3713/3713/3713 3718/3718/3718 3703/3703/3703
f 3718/3718/3718 3713/3713/3713 3715/3715/3715
f 3718/3718/3718 3719/3719/3719 3703/3703/3703
f 3719/3719/3719 3718/3718/3718 3715/3715/3715
f 3719/3719/3719 3720/3720/3720 3703/3703/3703
f 3720/3720/3720 3719/3719/3719 3592/3592/3592
f 3721/3721/3721 3597/3597/3597 3592/3592/3592
f 3597/3597/3597 3721/3721/3721 3715/3715/3715
f 3719/3719/3719 3721/3721/3721 3592/3592/3592
f 3721/3721/3721 3719/3719/3719 3715/3715/3715
f 3724/3724/3724 3723/3723/3723 3722/3722/3722
f 3723/3723/3723 3725/3725/3725 3722/3722/3722
f 3722/3722/3722 3725/3725/3725 3726/3726/3726
f 3723/3723/3723 3727/3727/3727 3725/3725/3725
f 3725/3725/3725 3728/3728/3728 3726/3726/3726
f 3727/3727/3727 3729/3729/3729 3725/3725/3725
f 3725/3725/3725 3729/3729/3729 3728/3728/3728
f 3729/3729/3729 3730/3730/3730 3728/3728/3728
f 3733/3733/3733 3732/3732/3732 3731/3731/3731
f 3732/3732/3732 3734/3734/3734 3731/3731/3731
f 3731/3731/3731 3734/3734/3734 3735/3735/3735
f 3732/3732/3732 3736/3736/3736 3734/3734/3734
f 3734/3734/3734 3737/3737/3737 3735/3735/3735
f 3736/3736/3736 3738/3738/3738 3734/3734/3734
f 3734/3734/3734 3738/3738/3738 3737/3737/3737
f 3738/3738/3738 3739/3739/3739 3737/3737/3737
f 3742/3742/3742 3741/3741/3741 3740/3740/3740
f 3743/3743/3743 3742/3742/3742 3740/3740/3740
f 3743/3743/3743 3740/3740/3740 3744/3744/3744
f 3745/3745/3745 3743/3743/3743 3744/3744/3744
f 3748/3748/3748 3747/3747/3747 3746/3746/3746
f 3747/3747/3747 3749/3749/3749 3746/3746/3746
f 3747/3747/3747 3750/3750/3750 3749/3749/3749
f 3750/3750/3750 3751/3751/3751 3749/3749/3749
f 3750/3750/3750 3752/3752/3752 3751/3751/3751
f 3752/3752/3752 3753/3753/3753 3751/3751/3751
f 3751/3751/3751 3753/3753/3753 3754/3754/3754
f 3753/3753/3753 3755/3755/3755 3754/3754/3754
f 3756/3756/3756 3754/3754/3754 3755/3755/3755
f 3757/3757/3757 3756/3756/3756 3755/3755/3755
f 3756/3756/3756 3757/3757/3757 3758/3758/3758
f 3751/3751/3751 3754/3754/3754 3759/3759/3759
f 3749/3749/3749 3751/3751/3751 3759/3759/3759
f 3754/3754/3754 3756/3756/3756 3759/3759/3759
f 3749/3749/3749 3759/3759/3759 3760/3760/3760
f 3746/3746/3746 3749/3749/3749 3760/3760/3760
f 3756/3756/3756 3760/3760/3760 3759/3759/3759
f 3746/3746/3746 3760/3760/3760 3761/3761/3761
f 3760/3760/3760 3756/3756/3756 3761/3761/3761
f 3762/3762/3762 3746/3746/3746 3761/3761/3761
f 3762/3762/3762 3761/3761/3761 3763/3763/3763
f 3764/3764/3764 3762/3762/3762 3763/3763/3763
f 3765/3765/3765 3763/3763/3763 3761/3761/3761
f 3766/3766/3766 3765/3765/3765 3761/3761/3761
f 3756/3756/3756 3766/3766/3766 3761/3761/3761
f 3765/3765/3765 3766/3766/3766 3767/3767/3767
f 3766/3766/3766 3756/3756/3756 3767/3767/3767
f 3768/3768/3768 3756/3756/3756 3758/3758/3758
f 3756/3756/3756 3768/3768/3768 3767/3767/3767
f 3769/3769/3769 3768/3768/3768 3758/3758/3758
f 3768/3768/3768 3769/3769/3769 3767/3767/3767
f 3770/3770/3770 3769/3769/3769 3758/3758/3758
f 3769/3769/3769 3770/3770/3770 3771/3771/3771
f 3764/3764/3764 3763/3763/3763 3772/3772/3772
f 3763/3763/3763 3765/3765/3765 3772/3772/3772
f 3773/3773/3773 3769/3769/3769 3771/3771/3771
f 3769/3769/3769 3773/3773/3773 3767/3767/3767
f 3774/3774/3774 3773/3773/3773 3771/3771/3771
f 3773/3773/3773 3774/3774/3774 3767/3767/3767
f 3775/3775/3775 3774/3774/3774 3771/3771/3771
f 3774/3774/3774 3775/3775/3775 3776/3776/3776
f 3774/3774/3774 3777/3777/3777 3767/3767/3767
f 3777/3777/3777 3774/3774/3774 3776/3776/3776
f 3777/3777/3777 3765/3765/3765 3767/3767/3767
f 3765/3765/3765 3777/3777/3777 3776/3776/3776
f 3778/3778/3778 3765/3765/3765 3776/3776/3776
f 3765/3765/3765 3778/3778/3778 3779/3779/3779
f 3780/3780/3780 3764/3764/3764 3772/3772/3772
f 3781/3781/3781 3764/3764/3764 3780/3780/3780
f 3782/3782/3782 3781/3781/3781 3780/3780/3780
f 3765/3765/3765 3783/3783/3783 3772/3772/3772
f 3783/3783/3783 3765/3765/3765 3779/3779/3779
f 3772/3772/3772 3783/3783/3783 3780/3780/3780
f 3780/3780/3780 3784/3784/3784 3782/3782/3782
f 3783/3783/3783 3784/3784/3784 3780/3780/3780
f 3783/3783/3783 3779/3779/3779 3784/3784/3784
f 3784/3784/3784 3785/3785/3785 3782/3782/3782
f 3779/3779/3779 3786/3786/3786 3784/3784/3784
f 3784/3784/3784 3786/3786/3786 3785/3785/3785
f 3786/3786/3786 3787/3787/3787 3785/3785/3785
f 3790/3790/3790 3789/3789/3789 3788/3788/3788
f 3789/3789/3789 3791/3791/3791 3788/3788/3788
f 3789/3789/3789 3792/3792/3792 3791/3791/3791
f 3788/3788/3788 3791/3791/3791 3793/3793/3793
f 3792/3792/3792 3794/3794/3794 3791/3791/3791
f 3794/3794/3794 3792/3792/3792 3795/3795/3795
f 3791/3791/3791 3796/3796/3796 3793/3793/3793
f 3791/3791/3791 3794/3794/3794 3796/3796/3796
f 3796/3796/3796 3797/3797/3797 3793/3793/3793
f 3797/3797/3797 3798/3798/3798 3793/3793/3793
f 3798/3798/3798 3797/3797/3797 3799/3799/3799
f 3800/3800/3800 3794/3794/3794 3795/3795/3795
f 3800/3800/3800 3795/3795/3795 3801/3801/3801
f 3794/3794/3794 3802/3802/3802 3796/3796/3796
f 3797/3797/3797 3796/3796/3796 3802/3802/3802
f 3802/3802/3802 3794/3794/3794 3800/3800/3800
f 3803/3803/3803 3800/3800/3800 3801/3801/3801
f 3801/3801/3801 3804/3804/3804 3803/3803/3803
f 3804/3804/3804 3805/3805/3805 3803/3803/3803
f 3806/3806/3806 3802/3802/3802 3800/3800/3800
f 3806/3806/3806 3800/3800/3800 3803/3803/3803
f 3806/3806/3806 3797/3797/3797 3802/3802/3802
f 3807/3807/3807 3806/3806/3806 3803/3803/3803
f 3803/3803/3803 3805/3805/3805 3807/3807/3807
f 3797/3797/3797 3806/3806/3806 3807/3807/3807
f 3805/3805/3805 3808/3808/3808 3807/3807/3807
f 3805/3805/3805 3809/3809/3809 3808/3808/3808
f 3809/3809/3809 3810/3810/3810 3808/3808/3808
f 3810/3810/3810 3809/3809/3809 3811/3811/3811
f 3808/3808/3808 3812/3812/3812 3807/3807/3807
f 3813/3813/3813 3797/3797/3797 3807/3807/3807
f 3812/3812/3812 3813/3813/3813 3807/3807/3807
f 3810/3810/3810 3814/3814/3814 3808/3808/3808
f 3814/3814/3814 3812/3812/3812 3808/3808/3808
f 3797/3797/3797 3813/3813/3813 3815/3815/3815
f 3812/3812/3812 3816/3816/3816 3813/3813/3813
f 3816/3816/3816 3815/3815/3815 3813/3813/3813
f 3817/3817/3817 3816/3816/3816 3812/3812/3812
f 3814/3814/3814 3817/3817/3817 3812/3812/3812
f 3818/3818/3818 3797/3797/3797 3815/3815/3815
f 3797/3797/3797 3818/3818/3818 3799/3799/3799
f 3818/3818/3818 3819/3819/3819 3799/3799/3799
f 3819/3819/3819 3818/3818/3818 3815/3815/3815
f 3819/3819/3819 3820/3820/3820 3799/3799/3799
f 3820/3820/3820 3819/3819/3819 3821/3821/3821
f 3816/3816/3816 3822/3822/3822 3815/3815/3815
f 3822/3822/3822 3816/3816/3816 3817/3817/3817
f 3823/3823/3823 3819/3819/3819 3815/3815/3815
f 3819/3819/3819 3823/3823/3823 3821/3821/3821
f 3822/3822/3822 3823/3823/3823 3815/3815/3815
f 3823/3823/3823 3822/3822/3822 3821/3821/3821
f 3822/3822/3822 3824/3824/3824 3821/3821/3821
f 3824/3824/3824 3822/3822/3822 3817/3817/3817
f 3824/3824/3824 3825/3825/3825 3821/3821/3821
f 3825/3825/3825 3824/3824/3824 3817/3817/3817
f 3825/3825/3825 3826/3826/3826 3821/3821/3821
f 3826/3826/3826 3825/3825/3825 3827/3827/3827
f 3828/3828/3828 3825/3825/3825 3817/3817/3817
f 3825/3825/3825 3828/3828/3828 3827/3827/3827
f 3817/3817/3817 3814/3814/3814 3828/3828/3828
f 3828/3828/3828 3829/3829/3829 3827/3827/3827
f 3814/3814/3814 3829/3829/3829 3828/3828/3828
f 3829/3829/3829 3830/3830/3830 3827/3827/3827
f 3814/3814/3814 3810/3810/3810 3829/3829/3829
f 3829/3829/3829 3831/3831/3831 3830/3830/3830
f 3810/3810/3810 3831/3831/3831 3829/3829/3829
f 3831/3831/3831 3832/3832/3832 3830/3830/3830
f 3832/3832/3832 3831/3831/3831 3833/3833/3833
f 3831/3831/3831 3810/3810/3810 3811/3811/3811
f 3831/3831/3831 3811/3811/3811 3833/3833/3833
f 3833/3833/3833 3811/3811/3811 3834/3834/3834
f 3811/3811/3811 3835/3835/3835 3834/3834/3834
f 3834/3834/3834 3835/3835/3835 3836/3836/3836
f 3835/3835/3835 3837/3837/3837 3836/3836/3836
f 3835/3835/3835 3838/3838/3838 3837/3837/3837
f 3838/3838/3838 3839/3839/3839 3837/3837/3837
f 3836/3836/3836 3837/3837/3837 3840/3840/3840
f 3837/3837/3837 3839/3839/3839 3841/3841/3841
f 3837/3837/3837 3841/3841/3841 3840/3840/3840
f 3839/3839/3839 3842/3842/3842 3841/3841/3841
f 3842/3842/3842 3843/3843/3843 3841/3841/3841
f 3841/3841/3841 3844/3844/3844 3840/3840/3840
f 3843/3843/3843 3844/3844/3844 3841/3841/3841
f 3843/3843/3843 3845/3845/3845 3844/3844/3844
f 3844/3844/3844 3846/3846/3846 3840/3840/3840
f 3845/3845/3845 3847/3847/3847 3844/3844/3844
f 3844/3844/3844 3847/3847/3847 3846/3846/3846
f 3847/3847/3847 3848/3848/3848 3846/3846/3846
f 3851/3851/3851 3850/3850/3850 3849/3849/3849
f 3852/3852/3852 3851/3851/3851 3849/3849/3849
f 3853/3853/3853 3851/3851/3851 3852/3852/3852
f 3854/3854/3854 3853/3853/3853 3852/3852/3852
f 3852/3852/3852 3849/3849/3849 3855/3855/3855
f 3854/3854/3854 3852/3852/3852 3856/3856/3856
f 3856/3856/3856 3852/3852/3852 3855/3855/3855
f 3857/3857/3857 3854/3854/3854 3856/3856/3856
f 3858/3858/3858 3857/3857/3857 3856/3856/3856
f 3859/3859/3859 3856/3856/3856 3855/3855/3855
f 3859/3859/3859 3858/3858/3858 3856/3856/3856
f 3860/3860/3860 3859/3859/3859 3855/3855/3855
f 3861/3861/3861 3858/3858/3858 3859/3859/3859
f 3862/3862/3862 3859/3859/3859 3860/3860/3860
f 3862/3862/3862 3861/3861/3861 3859/3859/3859
f 3863/3863/3863 3862/3862/3862 3860/3860/3860
f 3864/3864/3864 3861/3861/3861 3862/3862/3862
f 3865/3865/3865 3864/3864/3864 3862/3862/3862
f 3866/3866/3866 3864/3864/3864 3865/3865/3865
f 3867/3867/3867 3866/3866/3866 3865/3865/3865
f 3867/3867/3867 3865/3865/3865 3868/3868/3868
f 3866/3866/3866 3867/3867/3867 3869/3869/3869
f 3870/3870/3870 3866/3866/3866 3869/3869/3869
f 3871/3871/3871 3867/3867/3867 3868/3868/3868
f 3871/3871/3871 3868/3868/3868 3872/3872/3872
f 3870/3870/3870 3869/3869/3869 3873/3873/3873
f 3873/3873/3873 3869/3869/3869 3874/3874/3874
f 3875/3875/3875 3870/3870/3870 3873/3873/3873
f 3869/3869/3869 3867/3867/3867 3876/3876/3876
f 3867/3867/3867 3871/3871/3871 3876/3876/3876
f 3869/3869/3869 3876/3876/3876 3874/3874/3874
f 3877/3877/3877 3876/3876/3876 3871/3871/3871
f 3876/3876/3876 3877/3877/3877 3874/3874/3874
f 3878/3878/3878 3877/3877/3877 3871/3871/3871
f 3878/3878/3878 3871/3871/3871 3872/3872/3872
f 3873/3873/3873 3879/3879/3879 3875/3875/3875
f 3879/3879/3879 3873/3873/3873 3874/3874/3874
f 3879/3879/3879 3880/3880/3880 3875/3875/3875
f 3880/3880/3880 3879/3879/3879 3881/3881/3881
f 3882/3882/3882 3879/3879/3879 3874/3874/3874
f 3879/3879/3879 3882/3882/3882 3881/3881/3881
f 3883/3883/3883 3882/3882/3882 3874/3874/3874
f 3882/3882/3882 3883/3883/3883 3881/3881/3881
f 3877/3877/3877 3884/3884/3884 3874/3874/3874
f 3884/3884/3884 3883/3883/3883 3874/3874/3874
f 3883/3883/3883 3884/3884/3884 3885/3885/3885
f 3884/3884/3884 3877/3877/3877 3885/3885/3885
f 3883/3883/3883 3886/3886/3886 3881/3881/3881
f 3886/3886/3886 3883/3883/3883 3885/3885/3885
f 3886/3886/3886 3887/3887/3887 3881/3881/3881
f 3887/3887/3887 3886/3886/3886 3885/3885/3885
f 3887/3887/3887 3888/3888/3888 3881/3881/3881
f 3888/3888/3888 3887/3887/3887 3889/3889/3889
f 3887/3887/3887 3890/3890/3890 3889/3889/3889
f 3890/3890/3890 3887/3887/3887 3885/3885/3885
f 3889/3889/3889 3890/3890/3890 3891/3891/3891
f 3890/3890/3890 3892/3892/3892 3891/3891/3891
f 3890/3890/3890 3885/3885/3885 3892/3892/3892
f 3891/3891/3891 3892/3892/3892 3893/3893/3893
f 3885/3885/3885 3894/3894/3894 3892/3892/3892
f 3877/3877/3877 3894/3894/3894 3885/3885/3885
f 3892/3892/3892 3895/3895/3895 3893/3893/3893
f 3892/3892/3892 3894/3894/3894 3895/3895/3895
f 3896/3896/3896 3893/3893/3893 3895/3895/3895
f 3894/3894/3894 3897/3897/3897 3895/3895/3895
f 3894/3894/3894 3877/3877/3877 3897/3897/3897
f 3898/3898/3898 3896/3896/3896 3895/3895/3895
f 3898/3898/3898 3895/3895/3895 3897/3897/3897
f 3899/3899/3899 3896/3896/3896 3898/3898/3898
f 3900/3900/3900 3899/3899/3899 3898/3898/3898
f 3900/3900/3900 3898/3898/3898 3901/3901/3901
f 3901/3901/3901 3898/3898/3898 3897/3897/3897
f 3902/3902/3902 3900/3900/3900 3901/3901/3901
f 3877/3877/3877 3903/3903/3903 3897/3897/3897
f 3897/3897/3897 3903/3903/3903 3901/3901/3901
f 3901/3901/3901 3904/3904/3904 3902/3902/3902
f 3903/3903/3903 3904/3904/3904 3901/3901/3901
f 3904/3904/3904 3905/3905/3905 3902/3902/3902
f 3903/3903/3903 3877/3877/3877 3906/3906/3906
f 3903/3903/3903 3906/3906/3906 3904/3904/3904
f 3877/3877/3877 3878/3878/3878 3906/3906/3906
f 3904/3904/3904 3907/3907/3907 3905/3905/3905
f 3906/3906/3906 3907/3907/3907 3904/3904/3904
f 3906/3906/3906 3878/3878/3878 3907/3907/3907
f 3907/3907/3907 3908/3908/3908 3905/3905/3905
f 3878/3878/3878 3872/3872/3872 3907/3907/3907
f 3907/3907/3907 3872/3872/3872 3908/3908/3908
f 3872/3872/3872 3909/3909/3909 3908/3908/3908
f 3912/3912/3912 3911/3911/3911 3910/3910/3910
f 3911/3911/3911 3913/3913/3913 3910/3910/3910
f 3911/3911/3911 3914/3914/3914 3913/3913/3913
f 3914/3914/3914 3915/3915/3915 3913/3913/3913
f 3918/3918/3918 3917/3917/3917 3916/3916/3916
f 3919/3919/3919 3918/3918/3918 3916/3916/3916
f 3919/3919/3919 3916/3916/3916 3920/3920/3920
f 3921/3921/3921 3918/3918/3918 3919/3919/3919
f 3922/3922/3922 3919/3919/3919 3920/3920/3920
f 3922/3922/3922 3920/3920/3920 3923/3923/3923
f 3924/3924/3924 3921/3921/3921 3919/3919/3919
f 3924/3924/3924 3919/3919/3919 3922/3922/3922
f 3925/3925/3925 3922/3922/3922 3923/3923/3923
f 3925/3925/3925 3923/3923/3923 3926/3926/3926
f 3924/3924/3924 3927/3927/3927 3921/3921/3921
f 3927/3927/3927 3928/3928/3928 3921/3921/3921
f 3929/3929/3929 3924/3924/3924 3922/3922/3922
f 3929/3929/3929 3922/3922/3922 3925/3925/3925
f 3930/3930/3930 3925/3925/3925 3926/3926/3926
f 3930/3930/3930 3926/3926/3926 3931/3931/3931
f 3927/3927/3927 3932/3932/3932 3928/3928/3928
f 3932/3932/3932 3933/3933/3933 3928/3928/3928
f 3934/3934/3934 3927/3927/3927 3924/3924/3924
f 3929/3929/3929 3934/3934/3934 3924/3924/3924
f 3935/3935/3935 3929/3929/3929 3925/3925/3925
f 3935/3935/3935 3925/3925/3925 3930/3930/3930
f 3936/3936/3936 3930/3930/3930 3931/3931/3931
f 3936/3936/3936 3931/3931/3931 3937/3937/3937
f 3938/3938/3938 3932/3932/3932 3927/3927/3927
f 3934/3934/3934 3938/3938/3938 3927/3927/3927
f 3939/3939/3939 3934/3934/3934 3929/3929/3929
f 3935/3935/3935 3939/3939/3939 3929/3929/3929
f 3940/3940/3940 3938/3938/3938 3934/3934/3934
f 3932/3932/3932 3938/3938/3938 3940/3940/3940
f 3939/3939/3939 3940/3940/3940 3934/3934/3934
f 3941/3941/3941 3935/3935/3935 3930/3930/3930
f 3941/3941/3941 3930/3930/3930 3936/3936/3936
f 3942/3942/3942 3936/3936/3936 3937/3937/3937
f 3937/3937/3937 3943/3943/3943 3942/3942/3942
f 3944/3944/3944 3932/3932/3932 3940/3940/3940
f 3933/3933/3933 3932/3932/3932 3944/3944/3944
f 3945/3945/3945 3939/3939/3939 3935/3935/3935
f 3941/3941/3941 3945/3945/3945 3935/3935/3935
f 3946/3946/3946 3940/3940/3940 3939/3939/3939
f 3944/3944/3944 3940/3940/3940 3946/3946/3946
f 3945/3945/3945 3946/3946/3946 3939/3939/3939
f 3947/3947/3947 3941/3941/3941 3936/3936/3936
f 3947/3947/3947 3936/3936/3936 3942/3942/3942
f 3943/3943/3943 3948/3948/3948 3942/3942/3942
f 3943/3943/3943 3949/3949/3949 3948/3948/3948
f 3949/3949/3949 3950/3950/3950 3948/3948/3948
f 3951/3951/3951 3945/3945/3945 3941/3941/3941
f 3947/3947/3947 3951/3951/3951 3941/3941/3941
f 3952/3952/3952 3946/3946/3946 3945/3945/3945
f 3951/3951/3951 3952/3952/3952 3945/3945/3945
f 3953/3953/3953 3944/3944/3944 3946/3946/3946
f 3946/3946/3946 3952/3952/3952 3953/3953/3953
f 3942/3942/3942 3948/3948/3948 3954/3954/3954
f 3954/3954/3954 3947/3947/3947 3942/3942/3942
f 3948/3948/3948 3950/3950/3950 3955/3955/3955
f 3948/3948/3948 3955/3955/3955 3954/3954/3954
f 3950/3950/3950 3956/3956/3956 3955/3955/3955
f 3956/3956/3956 3957/3957/3957 3955/3955/3955
f 3957/3957/3957 3958/3958/3958 3955/3955/3955
f 3955/3955/3955 3958/3958/3958 3954/3954/3954
f 3957/3957/3957 3959/3959/3959 3958/3958/3958
f 3954/3954/3954 3960/3960/3960 3947/3947/3947
f 3960/3960/3960 3951/3951/3951 3947/3947/3947
f 3958/3958/3958 3960/3960/3960 3954/3954/3954
f 3961/3961/3961 3952/3952/3952 3951/3951/3951
f 3960/3960/3960 3961/3961/3961 3951/3951/3951
f 3958/3958/3958 3962/3962/3962 3960/3960/3960
f 3962/3962/3962 3961/3961/3961 3960/3960/3960
f 3959/3959/3959 3962/3962/3962 3958/3958/3958
f 3952/3952/3952 3961/3961/3961 3963/3963/3963
f 3961/3961/3961 3962/3962/3962 3963/3963/3963
f 3952/3952/3952 3963/3963/3963 3953/3953/3953
f 3962/3962/3962 3959/3959/3959 3964/3964/3964
f 3963/3963/3963 3962/3962/3962 3964/3964/3964
f 3953/3953/3953 3963/3963/3963 3965/3965/3965
f 3963/3963/3963 3964/3964/3964 3965/3965/3965
f 3966/3966/3966 3964/3964/3964 3959/3959/3959
f 3964/3964/3964 3966/3966/3966 3965/3965/3965
f 3967/3967/3967 3966/3966/3966 3959/3959/3959
f 3966/3966/3966 3967/3967/3967 3968/3968/3968
f 3965/3965/3965 3969/3969/3969 3953/3953/3953
f 3966/3966/3966 3970/3970/3970 3965/3965/3965
f 3970/3970/3970 3966/3966/3966 3968/3968/3968
f 3970/3970/3970 3971/3971/3971 3965/3965/3965
f 3971/3971/3971 3970/3970/3970 3968/3968/3968
f 3969/3969/3969 3944/3944/3944 3953/3953/3953
f 3969/3969/3969 3933/3933/3933 3944/3944/3944
f 3969/3969/3969 3972/3972/3972 3933/3933/3933
f 3972/3972/3972 3969/3969/3969 3965/3965/3965
f 3972/3972/3972 3973/3973/3973 3933/3933/3933
f 3973/3973/3973 3972/3972/3972 3974/3974/3974
f 3975/3975/3975 3971/3971/3971 3968/3968/3968
f 3968/3968/3968 3976/3976/3976 3975/3975/3975
f 3976/3976/3976 3977/3977/3977 3975/3975/3975
f 3976/3976/3976 3978/3978/3978 3977/3977/3977
f 3971/3971/3971 3975/3975/3975 3979/3979/3979
f 3975/3975/3975 3977/3977/3977 3979/3979/3979
f 3971/3971/3971 3980/3980/3980 3965/3965/3965
f 3980/3980/3980 3971/3971/3971 3979/3979/3979
f 3972/3972/3972 3981/3981/3981 3974/3974/3974
f 3981/3981/3981 3972/3972/3972 3965/3965/3965
f 3981/3981/3981 3982/3982/3982 3974/3974/3974
f 3982/3982/3982 3981/3981/3981 3965/3965/3965
f 3978/3978/3978 3983/3983/3983 3977/3977/3977
f 3977/3977/3977 3984/3984/3984 3979/3979/3979
f 3977/3977/3977 3983/3983/3983 3984/3984/3984
f 3983/3983/3983 3978/3978/3978 3985/3985/3985
f 3978/3978/3978 3986/3986/3986 3985/3985/3985
f 3985/3985/3985 3986/3986/3986 3987/3987/3987
f 3986/3986/3986 3988/3988/3988 3987/3987/3987
f 3985/3985/3985 3987/3987/3987 3989/3989/3989
f 3990/3990/3990 3985/3985/3985 3989/3989/3989
f 3983/3983/3983 3985/3985/3985 3990/3990/3990
f 3989/3989/3989 3991/3991/3991 3990/3990/3990
f 3992/3992/3992 3983/3983/3983 3990/3990/3990
f 3983/3983/3983 3992/3992/3992 3984/3984/3984
f 3991/3991/3991 3993/3993/3993 3990/3990/3990
f 3990/3990/3990 3993/3993/3993 3992/3992/3992
f 3991/3991/3991 3994/3994/3994 3993/3993/3993
f 3984/3984/3984 3992/3992/3992 3995/3995/3995
f 3993/3993/3993 3995/3995/3995 3992/3992/3992
f 3994/3994/3994 3996/3996/3996 3993/3993/3993
f 3993/3993/3993 3996/3996/3996 3995/3995/3995
f 3996/3996/3996 3994/3994/3994 3997/3997/3997
f 3998/3998/3998 3984/3984/3984 3995/3995/3995
f 3979/3979/3979 3984/3984/3984 3998/3998/3998
f 3999/3999/3999 3996/3996/3996 3997/3997/3997
f 3999/3999/3999 3997/3997/3997 4000/4000/4000
f 3996/3996/3996 4001/4001/4001 3995/3995/3995
f 3998/3998/3998 3995/3995/3995 4001/4001/4001
f 4001/4001/4001 3996/3996/3996 3999/3999/3999
f 4002/4002/4002 3979/3979/3979 3998/3998/3998
f 3979/3979/3979 4002/4002/4002 3980/3980/3980
f 4003/4003/4003 3999/3999/3999 4000/4000/4000
f 4003/4003/4003 4000/4000/4000 4004/4004/4004
f 4005/4005/4005 4001/4001/4001 3999/3999/3999
f 4005/4005/4005 3999/3999/3999 4003/4003/4003
f 4006/4006/4006 3998/3998/3998 4001/4001/4001
f 4002/4002/4002 3998/3998/3998 4006/4006/4006
f 4002/4002/4002 4007/4007/4007 3980/3980/3980
f 3980/3980/3980 4007/4007/4007 3965/3965/3965
f 4008/4008/4008 4003/4003/4003 4004/4004/4004
f 4008/4008/4008 4004/4004/4004 4009/4009/4009
f 4010/4010/4010 4005/4005/4005 4003/4003/4003
f 4010/4010/4010 4003/4003/4003 4008/4008/4008
f 4001/4001/4001 4005/4005/4005 4011/4011/4011
f 4006/4006/4006 4001/4001/4001 4011/4011/4011
f 4012/4012/4012 4002/4002/4002 4006/4006/4006
f 4002/4002/4002 4012/4012/4012 4007/4007/4007
f 4012/4012/4012 4006/4006/4006 4013/4013/4013
f 4012/4012/4012 4013/4013/4013 4007/4007/4007
f 4006/4006/4006 4011/4011/4011 4013/4013/4013
f 4007/4007/4007 4014/4014/4014 3965/3965/3965
f 4007/4007/4007 4013/4013/4013 4014/4014/4014
f 4014/4014/4014 4015/4015/4015 3965/3965/3965
f 4015/4015/4015 4016/4016/4016 3965/3965/3965
f 4013/4013/4013 4017/4017/4017 4014/4014/4014
f 4013/4013/4013 4011/4011/4011 4017/4017/4017
f 4015/4015/4015 4014/4014/4014 4017/4017/4017
f 4011/4011/4011 4005/4005/4005 4018/4018/4018
f 4011/4011/4011 4018/4018/4018 4017/4017/4017
f 4005/4005/4005 4010/4010/4010 4018/4018/4018
f 4019/4019/4019 4015/4015/4015 4017/4017/4017
f 4017/4017/4017 4018/4018/4018 4019/4019/4019
f 4016/4016/4016 4015/4015/4015 4020/4020/4020
f 4015/4015/4015 4019/4019/4019 4020/4020/4020
f 4018/4018/4018 4021/4021/4021 4019/4019/4019
f 4018/4018/4018 4010/4010/4010 4021/4021/4021
f 4019/4019/4019 4021/4021/4021 4020/4020/4020
f 4010/4010/4010 4022/4022/4022 4021/4021/4021
f 4022/4022/4022 4010/4010/4010 4008/4008/4008
f 4016/4016/4016 4023/4023/4023 3965/3965/3965
f 4023/4023/4023 4016/4016/4016 4020/4020/4020
f 4021/4021/4021 4024/4024/4024 4020/4020/4020
f 4021/4021/4021 4022/4022/4022 4024/4024/4024
f 4022/4022/4022 4008/4008/4008 4025/4025/4025
f 4025/4025/4025 4008/4008/4008 4009/4009/4009
f 4009/4009/4009 4026/4026/4026 4025/4025/4025
f 4027/4027/4027 4022/4022/4022 4025/4025/4025
f 4022/4022/4022 4027/4027/4027 4024/4024/4024
f 4026/4026/4026 4028/4028/4028 4025/4025/4025
f 4025/4025/4025 4028/4028/4028 4027/4027/4027
f 4026/4026/4026 4029/4029/4029 4028/4028/4028
f 4020/4020/4020 4024/4024/4024 4030/4030/4030
f 4030/4030/4030 4023/4023/4023 4020/4020/4020
f 4024/4024/4024 4027/4027/4027 4031/4031/4031
f 4024/4024/4024 4031/4031/4031 4030/4030/4030
f 4028/4028/4028 4032/4032/4032 4027/4027/4027
f 4027/4027/4027 4032/4032/4032 4031/4031/4031
f 4029/4029/4029 4033/4033/4033 4028/4028/4028
f 4028/4028/4028 4033/4033/4033 4032/4032/4032
f 4033/4033/4033 4029/4029/4029 4034/4034/4034
f 4023/4023/4023 4030/4030/4030 4035/4035/4035
f 4030/4030/4030 4031/4031/4031 4035/4035/4035
f 4031/4031/4031 4032/4032/4032 4036/4036/4036
f 4031/4031/4031 4036/4036/4036 4035/4035/4035
f 4037/4037/4037 4033/4033/4033 4034/4034/4034
f 4037/4037/4037 4034/4034/4034 4038/4038/4038
f 4033/4033/4033 4039/4039/4039 4032/4032/4032
f 4032/4032/4032 4039/4039/4039 4036/4036/4036
f 4039/4039/4039 4033/4033/4033 4037/4037/4037
f 4040/4040/4040 4023/4023/4023 4035/4035/4035
f 4023/4023/4023 4040/4040/4040 3965/3965/3965
f 4041/4041/4041 4037/4037/4037 4038/4038/4038
f 4041/4041/4041 4038/4038/4038 4042/4042/4042
f 4043/4043/4043 4035/4035/4035 4036/4036/4036
f 4040/4040/4040 4035/4035/4035 4043/4043/4043
f 4044/4044/4044 4039/4039/4039 4037/4037/4037
f 4044/4044/4044 4037/4037/4037 4041/4041/4041
f 4045/4045/4045 4036/4036/4036 4039/4039/4039
f 4045/4045/4045 4043/4043/4043 4036/4036/4036
f 4044/4044/4044 4045/4045/4045 4039/4039/4039
f 4046/4046/4046 4041/4041/4041 4042/4042/4042
f 4046/4046/4046 4042/4042/4042 4047/4047/4047
f 4048/4048/4048 4040/4040/4040 4043/4043/4043
f 3965/3965/3965 4040/4040/4040 4048/4048/4048
f 4049/4049/4049 4043/4043/4043 4045/4045/4045
f 4048/4048/4048 4043/4043/4043 4049/4049/4049
f 4050/4050/4050 4044/4044/4044 4041/4041/4041
f 4050/4050/4050 4041/4041/4041 4046/4046/4046
f 4051/4051/4051 4045/4045/4045 4044/4044/4044
f 4051/4051/4051 4049/4049/4049 4045/4045/4045
f 4050/4050/4050 4051/4051/4051 4044/4044/4044
f 4052/4052/4052 4046/4046/4046 4047/4047/4047
f 4052/4052/4052 4047/4047/4047 4053/4053/4053
f 4054/4054/4054 4048/4048/4048 4049/4049/4049
f 4054/4054/4054 4049/4049/4049 4051/4051/4051
f 4055/4055/4055 4051/4051/4051 4050/4050/4050
f 4055/4055/4055 4054/4054/4054 4051/4051/4051
f 4056/4056/4056 4050/4050/4050 4046/4046/4046
f 4056/4056/4056 4046/4046/4046 4052/4052/4052
f 4056/4056/4056 4055/4055/4055 4050/4050/4050
f 4057/4057/4057 4052/4052/4052 4053/4053/4053
f 4057/4057/4057 4053/4053/4053 4058/4058/4058
f 4059/4059/4059 4048/4048/4048 4054/4054/4054
f 4059/4059/4059 3965/3965/3965 4048/4048/4048
f 4060/4060/4060 4054/4054/4054 4055/4055/4055
f 4060/4060/4060 4059/4059/4059 4054/4054/4054
f 4061/4061/4061 4055/4055/4055 4056/4056/4056
f 4061/4061/4061 4060/4060/4060 4055/4055/4055
f 4062/4062/4062 4056/4056/4056 4052/4052/4052
f 4062/4062/4062 4052/4052/4052 4057/4057/4057
f 4062/4062/4062 4061/4061/4061 4056/4056/4056
f 4063/4063/4063 4057/4057/4057 4058/4058/4058
f 4058/4058/4058 4064/4064/4064 4063/4063/4063
f 4059/4059/4059 4060/4060/4060 4065/4065/4065
f 4065/4065/4065 4060/4060/4060 4061/4061/4061
f 3965/3965/3965 4059/4059/4059 4066/4066/4066
f 4066/4066/4066 4059/4059/4059 4065/4065/4065
f 4067/4067/4067 4061/4061/4061 4062/4062/4062
f 4067/4067/4067 4065/4065/4065 4061/4061/4061
f 4068/4068/4068 4062/4062/4062 4057/4057/4057
f 4068/4068/4068 4057/4057/4057 4063/4063/4063
f 4068/4068/4068 4067/4067/4067 4062/4062/4062
f 4064/4064/4064 4069/4069/4069 4063/4063/4063
f 4064/4064/4064 4070/4070/4070 4069/4069/4069
f 4071/4071/4071 4065/4065/4065 4067/4067/4067
f 4066/4066/4066 4065/4065/4065 4071/4071/4071
f 4072/4072/4072 3965/3965/3965 4066/4066/4066
f 4072/4072/4072 3982/3982/3982 3965/3965/3965
f 4073/4073/4073 4067/4067/4067 4068/4068/4068
f 4073/4073/4073 4071/4071/4071 4067/4067/4067
f 4074/4074/4074 4068/4068/4068 4063/4063/4063
f 4063/4063/4063 4069/4069/4069 4074/4074/4074
f 4074/4074/4074 4073/4073/4073 4068/4068/4068
f 4075/4075/4075 4066/4066/4066 4071/4071/4071
f 4072/4072/4072 4066/4066/4066 4075/4075/4075
f 4075/4075/4075 4071/4071/4071 4073/4073/4073
f 4070/4070/4070 4076/4076/4076 4069/4069/4069
f 4070/4070/4070 4077/4077/4077 4076/4076/4076
f 3982/3982/3982 4072/4072/4072 4078/4078/4078
f 4078/4078/4078 4072/4072/4072 4075/4075/4075
f 4079/4079/4079 4075/4075/4075 4073/4073/4073
f 4079/4079/4079 4073/4073/4073 4074/4074/4074
f 4078/4078/4078 4075/4075/4075 4079/4079/4079
f 4069/4069/4069 4080/4080/4080 4074/4074/4074
f 4080/4080/4080 4079/4079/4079 4074/4074/4074
f 4069/4069/4069 4076/4076/4076 4080/4080/4080
f 4077/4077/4077 4081/4081/4081 4076/4076/4076
f 4077/4077/4077 4082/4082/4082 4081/4081/4081
f 4082/4082/4082 4083/4083/4083 4081/4081/4081
f 4084/4084/4084 3982/3982/3982 4078/4078/4078
f 3982/3982/3982 4084/4084/4084 3974/3974/3974
f 4085/4085/4085 4078/4078/4078 4079/4079/4079
f 4085/4085/4085 4079/4079/4079 4080/4080/4080
f 4084/4084/4084 4078/4078/4078 4085/4085/4085
f 4076/4076/4076 4086/4086/4086 4080/4080/4080
f 4076/4076/4076 4081/4081/4081 4086/4086/4086
f 4086/4086/4086 4085/4085/4085 4080/4080/4080
f 4081/4081/4081 4083/4083/4083 4087/4087/4087
f 4081/4081/4081 4087/4087/4087 4086/4086/4086
f 4083/4083/4083 4088/4088/4088 4087/4087/4087
f 4088/4088/4088 4089/4089/4089 4087/4087/4087
f 3974/3974/3974 4084/4084/4084 4090/4090/4090
f 4090/4090/4090 4084/4084/4084 4085/4085/4085
f 4090/4090/4090 4085/4085/4085 4086/4086/4086
f 4087/4087/4087 4090/4090/4090 4086/4086/4086
f 4089/4089/4089 4090/4090/4090 4087/4087/4087
f 4089/4089/4089 3974/3974/3974 4090/4090/4090
f 4093/4093/4093 4092/4092/4092 4091/4091/4091
f 4094/4094/4094 4093/4093/4093 4091/4091/4091
f 4091/4091/4091 4095/4095/4095 4094/4094/4094
f 4095/4095/4095 4096/4096/4096 4094/4094/4094
f 4099/4099/4099 4098/4098/4098 4097/4097/4097
f 4098/4098/4098 4100/4100/4100 4097/4097/4097
f 4097/4097/4097 4100/4100/4100 4101/4101/4101
f 4100/4100/4100 4102/4102/4102 4101/4101/4101
f 4101/4101/4101 4102/4102/4102 4103/4103/4103
f 4097/4097/4097 4101/4101/4101 4104/4104/4104
f 4105/4105/4105 4097/4097/4097 4104/4104/4104
f 4106/4106/4106 4101/4101/4101 4103/4103/4103
f 4104/4104/4104 4101/4101/4101 4106/4106/4106
f 4106/4106/4106 4103/4103/4103 4107/4107/4107
f 4104/4104/4104 4108/4108/4108 4105/4105/4105
f 4108/4108/4108 4109/4109/4109 4105/4105/4105
f 4110/4110/4110 4108/4108/4108 4104/4104/4104
f 4111/4111/4111 4110/4110/4110 4104/4104/4104
f 4111/4111/4111 4104/4104/4104 4106/4106/4106
f 4108/4108/4108 4110/4110/4110 4112/4112/4112
f 4108/4108/4108 4112/4112/4112 4109/4109/4109
f 4113/4113/4113 4106/4106/4106 4107/4107/4107
f 4111/4111/4111 4106/4106/4106 4113/4113/4113
f 4112/4112/4112 4114/4114/4114 4109/4109/4109
f 4109/4109/4109 4114/4114/4114 4115/4115/4115
f 4114/4114/4114 4116/4116/4116 4115/4115/4115
f 4117/4117/4117 4113/4113/4113 4107/4107/4107
f 4118/4118/4118 4117/4117/4117 4107/4107/4107
f 4117/4117/4117 4118/4118/4118 4119/4119/4119
f 4120/4120/4120 4111/4111/4111 4113/4113/4113
f 4113/4113/4113 4117/4117/4117 4120/4120/4120
f 4110/4110/4110 4111/4111/4111 4120/4120/4120
f 4114/4114/4114 4112/4112/4112 4121/4121/4121
f 4110/4110/4110 4121/4121/4121 4112/4112/4112
f 4116/4116/4116 4114/4114/4114 4122/4122/4122
f 4122/4122/4122 4114/4114/4114 4121/4121/4121
f 4123/4123/4123 4116/4116/4116 4122/4122/4122
f 4122/4122/4122 4121/4121/4121 4124/4124/4124
f 4121/4121/4121 4110/4110/4110 4124/4124/4124
f 4123/4123/4123 4122/4122/4122 4125/4125/4125
f 4125/4125/4125 4122/4122/4122 4124/4124/4124
f 4126/4126/4126 4123/4123/4123 4125/4125/4125
f 4126/4126/4126 4125/4125/4125 4127/4127/4127
f 4128/4128/4128 4126/4126/4126 4127/4127/4127
f 4125/4125/4125 4124/4124/4124 4129/4129/4129
f 4127/4127/4127 4125/4125/4125 4129/4129/4129
f 4128/4128/4128 4127/4127/4127 4130/4130/4130
f 4131/4131/4131 4128/4128/4128 4130/4130/4130
f 4130/4130/4130 4127/4127/4127 4132/4132/4132
f 4127/4127/4127 4129/4129/4129 4132/4132/4132
f 4124/4124/4124 4133/4133/4133 4129/4129/4129
f 4110/4110/4110 4133/4133/4133 4124/4124/4124
f 4133/4133/4133 4110/4110/4110 4134/4134/4134
f 4129/4129/4129 4135/4135/4135 4132/4132/4132
f 4133/4133/4133 4135/4135/4135 4129/4129/4129
f 4133/4133/4133 4134/4134/4134 4135/4135/4135
f 4135/4135/4135 4136/4136/4136 4132/4132/4132
f 4135/4135/4135 4137/4137/4137 4136/4136/4136
f 4134/4134/4134 4137/4137/4137 4135/4135/4135
f 4137/4137/4137 4138/4138/4138 4136/4136/4136
f 4137/4137/4137 4139/4139/4139 4138/4138/4138
f 4139/4139/4139 4137/4137/4137 4134/4134/4134
f 4139/4139/4139 4140/4140/4140 4138/4138/4138
f 4140/4140/4140 4139/4139/4139 4119/4119/4119
f 4110/4110/4110 4141/4141/4141 4134/4134/4134
f 4141/4141/4141 4110/4110/4110 4120/4120/4120
f 4142/4142/4142 4139/4139/4139 4134/4134/4134
f 4139/4139/4139 4142/4142/4142 4119/4119/4119
f 4141/4141/4141 4143/4143/4143 4134/4134/4134
f 4143/4143/4143 4142/4142/4142 4134/4134/4134
f 4143/4143/4143 4141/4141/4141 4120/4120/4120
f 4142/4142/4142 4143/4143/4143 4119/4119/4119
f 4144/4144/4144 4143/4143/4143 4120/4120/4120
f 4143/4143/4143 4144/4144/4144 4119/4119/4119
f 4117/4117/4117 4144/4144/4144 4120/4120/4120
f 4144/4144/4144 4117/4117/4117 4119/4119/4119
f 4147/4147/4147 4146/4146/4146 4145/4145/4145
f 4146/4146/4146 4148/4148/4148 4145/4145/4145
f 4148/4148/4148 4146/4146/4146 4149/4149/4149
f 4150/4150/4150 4148/4148/4148 4149/4149/4149
f 3451/3451/3451 3526/3526/3526 4151/4151/4151
f 3434/3434/3434 3451/3451/3451 4151/4151/4151
f 4151/4151/4151 4152/4152/4152 3434/3434/3434
f 4152/4152/4152 3431/3431/3431 3434/3434/3434
f 3431/3431/3431 4152/4152/4152 3432/3432/3432
f 4151/4151/4151 3526/3526/3526 4153/4153/4153
f 4152/4152/4152 4151/4151/4151 4153/4153/4153
f 4152/4152/4152 4154/4154/4154 3432/3432/3432
f 4154/4154/4154 4152/4152/4152 4153/4153/4153
f 3526/3526/3526 4155/4155/4155 4153/4153/4153
f 3526/3526/3526 3524/3524/3524 4155/4155/4155
f 3524/3524/3524 3519/3519/3519 4155/4155/4155
f 4156/4156/4156 4154/4154/4154 4153/4153/4153
f 4155/4155/4155 4156/4156/4156 4153/4153/4153
f 4154/4154/4154 4156/4156/4156 3432/3432/3432
f 4156/4156/4156 4155/4155/4155 3519/3519/3519
f 4156/4156/4156 4157/4157/4157 3432/3432/3432
f 4157/4157/4157 4156/4156/4156 3519/3519/3519
f 4157/4157/4157 4158/4158/4158 3432/3432/3432
f 4158/4158/4158 4157/4157/4157 3519/3519/3519
f 4158/4158/4158 4159/4159/4159 3432/3432/3432
f 4160/4160/4160 4158/4158/4158 3519/3519/3519
f 4159/4159/4159 4158/4158/4158 4161/4161/4161
f 4158/4158/4158 4160/4160/4160 4161/4161/4161
